PLAYER_ID,PLAYER_NAME,TEAM_ABBREVIATION,SEASON,GP,MIN,PTS,REB,AST,TS_PCT,USG_PCT,PIE,NET_RATING,WINS,LOSSES,WinPCT,DiffPointsPG,IS_MVP,STL,BLK,DEF_RATING,AST_PCT,Conference,Conf_Seed,POS,IMPACT_SCORE,IS_ALL_STAR
1630595,Cade Cunningham,DET,2025-26,64,2171.6716666666666,1531,355,634,0.564,0.296,0.159,11.4,60.0,22.0,0.732,8.0,0,92,54,109.0,0.43,East,1.0,G,86.1475,1
1627759,Jaylen Brown,BOS,2025-26,71,2442.838333333333,2038,492,364,0.573,0.351,0.152,6.5,56.0,26.0,0.683,8.0,0,72,27,113.0,0.251,East,2.0,F,82.02485915492957,1
1630552,Jalen Johnson,ATL,2025-26,72,2531.5983333333334,1621,740,566,0.581,0.264,0.161,3.2,46.0,36.0,0.561,2.0,0,89,31,112.3,0.325,East,5.0,G,80.36888888888889,1
1628378,Donovan Mitchell,CLE,2025-26,70,2342.063333333333,1952,316,398,0.613,0.311,0.152,7.2,52.0,30.0,0.634,4.0,0,104,20,112.1,0.266,East,4.0,G,77.85142857142857,1
1631105,Jalen Duren,DET,2025-26,70,1975.8533333333328,1365,737,138,0.688,0.231,0.177,11.8,60.0,22.0,0.732,8.0,0,57,59,108.2,0.104,East,1.0,C,77.70142857142856,1
1626157,Karl-Anthony Towns,NYK,2025-26,75,2321.7816666666668,1504,889,226,0.619,0.251,0.154,7.0,53.0,29.0,0.646,6.0,0,65,40,111.8,0.142,East,3.0,C,75.32733333333334,1
201935,James Harden,CLE,2025-26,70,2438.495,1652,336,557,0.61,0.279,0.143,1.8,52.0,30.0,0.634,4.0,0,79,28,117.0,0.347,East,4.0,G,75.0657142857143,1
1630178,Tyrese Maxey,PHI,2025-26,70,2661.1183333333333,1980,290,461,0.588,0.286,0.15,1.5,45.0,37.0,0.549,0.0,0,130,55,113.4,0.288,East,7.0,G,74.98071428571428,1
1628973,Jalen Brunson,NYK,2025-26,74,2589.806666666667,1927,247,503,0.58,0.296,0.135,6.1,53.0,29.0,0.646,6.0,0,57,8,114.1,0.307,East,3.0,G,74.6468918918919,1
1631094,Paolo Banchero,ORL,2025-26,72,2501.685,1599,604,373,0.566,0.274,0.138,-0.2,45.0,37.0,0.549,1.0,0,51,40,114.1,0.235,East,7.0,F,70.26583333333333,1
1630596,Evan Mobley,CLE,2025-26,65,2074.2883333333334,1180,586,234,0.596,0.221,0.135,5.7,52.0,30.0,0.634,4.0,0,48,113,111.3,0.168,East,4.0,C,68.31730769230768,1
1628386,Jarrett Allen,CLE,2025-26,56,1519.12,860,476,100,0.669,0.196,0.143,6.4,52.0,30.0,0.634,4.0,0,55,47,112.9,0.092,East,4.0,F,63.15571428571429,1
1627742,Brandon Ingram,TOR,2025-26,77,2603.863333333333,1655,430,284,0.573,0.264,0.121,1.0,46.0,36.0,0.561,3.0,0,58,55,113.7,0.169,East,5.0,F,62.907272727272726,1
202696,Nikola Vučević,BOS,2025-26,64,1818.118333333333,965,537,213,0.574,0.213,0.127,-1.7,56.0,26.0,0.683,8.0,0,39,41,114.8,0.175,East,2.0,F,62.9040625,1
1641706,Brandon Miller,CHA,2025-26,65,1968.3116666666667,1311,319,217,0.574,0.272,0.113,8.5,44.0,38.0,0.537,5.0,0,66,44,111.3,0.173,East,9.0,F,60.60115384615385,1
203999,Nikola Jokić,DEN,2025-26,65,2264.855,1799,836,697,0.67,0.289,0.213,10.8,54.0,28.0,0.659,5.0,0,92,53,115.3,0.458,West,3.0,G,102.96538461538462,1
1628983,Shai Gilgeous-Alexander,OKC,2025-26,68,2258.9466666666667,2117,292,448,0.665,0.323,0.207,16.3,64.0,18.0,0.78,11.0,1,95,52,105.2,0.332,West,1.0,G,94.34264705882354,1
1629029,Luka Dončić,LAL,2025-26,64,2288.6016666666665,2143,495,530,0.616,0.368,0.188,3.8,53.0,29.0,0.646,2.0,0,105,34,115.6,0.387,West,4.0,G,94.31750000000001,1
1641705,Victor Wembanyama,SAS,2025-26,64,1865.6483333333333,1600,736,199,0.626,0.316,0.209,17.0,62.0,20.0,0.756,8.0,0,66,197,103.6,0.17,West,2.0,C,91.2940625,1
1627750,Jamal Murray,DEN,2025-26,75,2651.891666666667,1905,330,535,0.622,0.269,0.142,6.8,54.0,28.0,0.659,5.0,0,66,29,117.7,0.298,West,3.0,G,77.05,1
202695,Kawhi Leonard,LAC,2025-26,65,2084.728333333333,1813,413,234,0.629,0.326,0.185,7.5,42.0,40.0,0.512,1.0,0,122,27,112.8,0.193,West,8.0,F,76.65192307692308,1
201142,Kevin Durant,HOU,2025-26,78,2839.8233333333333,2026,426,372,0.641,0.263,0.15,5.5,52.0,30.0,0.634,5.0,0,62,71,112.4,0.203,West,5.0,F,75.07705128205127,1
2544,LeBron James,LAL,2025-26,60,1989.055,1256,364,432,0.594,0.262,0.154,2.6,53.0,29.0,0.646,2.0,0,72,35,112.4,0.338,West,4.0,F,74.44333333333334,1
1630578,Alperen Sengun,HOU,2025-26,72,2397.695,1466,640,445,0.569,0.259,0.142,3.4,52.0,30.0,0.634,5.0,0,85,77,113.7,0.282,West,5.0,G,74.36861111111111,1
1630162,Anthony Edwards,MIN,2025-26,61,2136.593333333333,1757,302,226,0.617,0.309,0.145,3.5,49.0,33.0,0.598,3.0,0,83,49,114.3,0.174,West,6.0,G,73.6166393442623,1
1631096,Chet Holmgren,OKC,2025-26,69,1997.2683333333327,1181,614,115,0.653,0.214,0.154,16.1,64.0,18.0,0.78,11.0,0,43,131,102.3,0.082,West,1.0,F,73.11920289855074,1
1641708,Amen Thompson,HOU,2025-26,79,2953.15,1443,614,420,0.594,0.195,0.128,6.6,52.0,30.0,0.634,5.0,0,119,48,110.4,0.202,West,5.0,F,69.03708860759494,1
203944,Julius Randle,MIN,2025-26,79,2610.2966666666666,1667,532,398,0.585,0.258,0.128,4.0,49.0,33.0,0.598,3.0,0,86,18,113.1,0.227,West,6.0,F,68.4792405063291,1
203497,Rudy Gobert,MIN,2025-26,76,2380.0466666666666,829,872,128,0.664,0.127,0.121,5.0,49.0,33.0,0.598,3.0,0,58,124,108.0,0.074,West,6.0,C,58.49263157894737,1
1642270,Donovan Clingan,POR,2025-26,77,2093.6366666666668,934,892,162,0.604,0.163,0.139,0.1,42.0,40.0,0.512,0.0,0,44,130,113.8,0.112,West,8.0,C,58.47201298701298,1
203507,Giannis Antetokounmpo,MIL,2024-25,67,2288.63,2036,798,433,0.625,0.346,0.21,7.2,48.0,34.0,0.585,2.0,0,58,78,111.7,0.339,East,5.0,F,94.72462686567164,1
1628369,Jayson Tatum,BOS,2024-25,72,2623.8166666666666,1932,623,431,0.582,0.301,0.158,9.8,61.0,21.0,0.744,9.0,0,76,38,109.8,0.266,East,2.0,F,86.76583333333333,1
1626157,Karl-Anthony Towns,NYK,2024-25,72,2516.72,1759,920,222,0.63,0.265,0.161,6.8,51.0,31.0,0.622,4.0,0,71,50,112.7,0.13,East,3.0,C,80.84888888888891,1
1630595,Cade Cunningham,DET,2024-25,70,2451.9466666666667,1830,425,638,0.565,0.323,0.152,2.8,44.0,38.0,0.537,2.0,0,71,53,112.2,0.409,East,6.0,G,79.11,1
1628378,Donovan Mitchell,CLE,2024-25,71,2232.0333333333333,1701,322,354,0.575,0.298,0.137,10.5,64.0,18.0,0.78,10.0,0,95,17,109.1,0.238,East,1.0,G,76.60387323943662,1
1630596,Evan Mobley,CLE,2024-25,71,2166.555,1316,659,226,0.633,0.226,0.151,11.9,64.0,18.0,0.78,10.0,0,61,113,108.6,0.149,East,1.0,C,75.92288732394366,1
1628973,Jalen Brunson,NYK,2024-25,65,2300.708333333333,1690,187,475,0.605,0.289,0.138,2.6,51.0,31.0,0.622,4.0,0,60,8,115.7,0.318,East,3.0,G,73.52384615384616,1
203081,Damian Lillard,MIL,2024-25,58,2092.87,1447,272,410,0.621,0.269,0.144,0.7,48.0,34.0,0.585,2.0,0,70,10,114.6,0.299,East,5.0,G,73.30431034482758,1
1629027,Trae Young,ATL,2024-25,76,2739.06,1841,236,880,0.567,0.285,0.129,0.6,40.0,42.0,0.488,-1.0,0,91,12,114.6,0.452,East,8.0,G,73.00842105263158,1
1629636,Darius Garland,CLE,2024-25,75,2300.77,1544,214,506,0.6,0.265,0.126,9.9,64.0,18.0,0.78,10.0,0,91,11,113.4,0.309,East,1.0,G,72.60566666666666,1
1631094,Paolo Banchero,ORL,2024-25,46,1581.53,1191,345,219,0.551,0.33,0.157,-0.6,41.0,41.0,0.5,0.0,0,36,28,109.6,0.262,East,7.0,F,72.58260869565217,1
1627759,Jaylen Brown,BOS,2024-25,63,2157.9283333333333,1398,368,286,0.555,0.282,0.114,9.5,61.0,21.0,0.744,9.0,0,73,19,111.7,0.204,East,2.0,F,72.10452380952381,1
1630532,Franz Wagner,ORL,2024-25,60,2023.3066666666664,1449,342,284,0.558,0.306,0.153,6.0,41.0,41.0,0.5,0.0,0,75,21,105.8,0.247,East,7.0,F,69.89,1
1628386,Jarrett Allen,CLE,2024-25,82,2296.0533333333333,1103,798,158,0.724,0.156,0.148,10.5,64.0,18.0,0.78,10.0,0,77,73,111.3,0.091,East,1.0,F,68.84451219512195,1
202696,Nikola Vučević,CHI,2024-25,73,2278.25,1349,735,256,0.611,0.221,0.136,-2.4,39.0,43.0,0.476,-2.0,0,61,52,116.0,0.165,East,9.0,C,63.10191780821918,1
203999,Nikola Jokić,DEN,2024-25,70,2570.765,2071,892,716,0.663,0.285,0.206,10.5,50.0,32.0,0.61,4.0,0,127,45,115.1,0.398,West,3.0,G,101.745,1
1628983,Shai Gilgeous-Alexander,OKC,2024-25,76,2597.63,2484,379,486,0.637,0.336,0.199,16.7,68.0,14.0,0.829,13.0,1,131,77,105.7,0.299,West,1.0,G,97.20552631578947,1
1629029,Luka Dončić,LAL,2024-25,50,1768.55,1408,409,383,0.587,0.328,0.17,9.1,50.0,32.0,0.61,1.0,0,89,21,110.5,0.342,West,3.0,G,87.041,1
2544,LeBron James,LAL,2024-25,70,2444.4466666666667,1710,546,575,0.604,0.291,0.169,-1.3,50.0,32.0,0.61,1.0,0,70,39,114.0,0.395,West,3.0,F,80.985,1
201935,James Harden,LAC,2024-25,79,2789.036666666667,1802,456,687,0.582,0.286,0.145,6.2,50.0,32.0,0.61,5.0,0,118,55,109.2,0.365,West,3.0,G,77.13101265822785,1
1631114,Jalen Williams,OKC,2024-25,69,2236.673333333333,1490,369,354,0.573,0.27,0.138,10.2,68.0,14.0,0.829,13.0,0,111,46,106.5,0.233,West,1.0,F,76.9272463768116,1
1627734,Domantas Sabonis,SAC,2024-25,70,2428.8766666666666,1337,972,423,0.655,0.213,0.164,2.6,40.0,42.0,0.488,0.0,0,48,26,113.9,0.251,West,9.0,G,76.51714285714287,1
203076,Anthony Davis,DAL,2024-25,51,1705.4883333333332,1261,590,181,0.588,0.301,0.179,0.5,39.0,43.0,0.476,-1.0,0,59,110,112.9,0.182,West,10.0,C,76.2363725490196,1
1630578,Alperen Sengun,HOU,2024-25,76,2394.9766666666665,1451,786,372,0.545,0.259,0.153,7.6,52.0,30.0,0.634,5.0,0,84,61,107.4,0.238,West,2.0,C,75.06473684210528,1
1630162,Anthony Edwards,MIN,2024-25,79,2871.0583333333334,2177,450,359,0.595,0.307,0.14,4.8,49.0,33.0,0.598,5.0,0,91,51,111.4,0.209,West,6.0,F,74.34886075949368,1
1629630,Ja Morant,MEM,2024-25,50,1519.11,1159,205,364,0.563,0.312,0.141,6.8,48.0,34.0,0.585,5.0,0,61,12,109.6,0.355,West,7.0,G,72.37,1
1627826,Ivica Zubac,LAC,2024-25,80,2624.1766666666667,1340,1010,214,0.641,0.192,0.157,9.4,50.0,32.0,0.61,5.0,0,55,90,107.1,0.121,West,3.0,C,72.26249999999999,1
203944,Julius Randle,MIN,2024-25,69,2225.526666666666,1288,487,323,0.593,0.246,0.124,3.4,49.0,33.0,0.598,5.0,0,47,16,111.6,0.228,West,6.0,F,65.34797101449274,1
1628991,Jaren Jackson Jr.,MEM,2024-25,74,2206.951666666667,1641,417,148,0.591,0.274,0.124,6.4,48.0,34.0,0.585,5.0,0,92,113,108.8,0.102,West,7.0,F,63.48783783783784,1
1641708,Amen Thompson,HOU,2024-25,69,2225.415,970,564,265,0.602,0.172,0.129,6.3,52.0,30.0,0.634,5.0,0,97,89,107.9,0.167,West,2.0,F,63.12253623188406,1
203507,Giannis Antetokounmpo,MIL,2023-24,73,2567.2433333333333,2222,841,476,0.649,0.32,0.197,6.6,49.0,33.0,0.598,3.0,0,87,79,113.2,0.314,East,3.0,F,93.33383561643836,1
1628369,Jayson Tatum,BOS,2023-24,74,2645.213333333333,1987,601,364,0.604,0.296,0.155,11.2,64.0,18.0,0.78,11.0,0,75,43,110.5,0.211,East,1.0,F,85.67567567567568,1
1628973,Jalen Brunson,NYK,2023-24,77,2726.3033333333333,2212,278,519,0.592,0.311,0.156,8.6,50.0,32.0,0.61,5.0,0,70,13,112.6,0.315,East,2.0,G,79.22012987012988,1
1628378,Donovan Mitchell,CLE,2023-24,55,1942.65,1463,280,333,0.595,0.301,0.15,7.3,48.0,34.0,0.585,2.0,0,101,30,108.6,0.268,East,4.0,G,76.1659090909091,1
203944,Julius Randle,NYK,2023-24,46,1630.095,1102,423,229,0.569,0.287,0.134,6.0,50.0,32.0,0.61,5.0,0,25,12,113.8,0.217,East,2.0,F,75.65869565217392,1
1630169,Tyrese Haliburton,IND,2023-24,69,2223.5383333333334,1389,271,752,0.605,0.239,0.157,6.2,47.0,35.0,0.573,3.0,0,83,48,116.2,0.444,East,5.0,G,75.63130434782609,1
203081,Damian Lillard,MIL,2023-24,73,2578.4283333333333,1775,320,508,0.59,0.274,0.132,6.9,49.0,33.0,0.598,3.0,0,72,18,112.4,0.284,East,3.0,G,72.87869863013698,1
1627759,Jaylen Brown,BOS,2023-24,70,2342.5216666666665,1610,387,249,0.58,0.283,0.116,8.7,64.0,18.0,0.78,11.0,0,83,37,111.6,0.165,East,1.0,F,72.145,1
204001,Kristaps Porziņģis,BOS,2023-24,57,1689.9483333333333,1145,409,115,0.647,0.247,0.138,11.2,64.0,18.0,0.78,11.0,0,42,111,109.6,0.098,East,1.0,F,71.72456140350877,1
1630178,Tyrese Maxey,PHI,2023-24,70,2625.806666666667,1816,258,433,0.573,0.273,0.129,5.2,47.0,35.0,0.573,3.0,0,69,33,113.2,0.257,East,5.0,G,71.0342857142857,1
1629027,Trae Young,ATL,2023-24,54,1941.713333333333,1389,149,583,0.585,0.289,0.131,-2.5,36.0,46.0,0.439,-2.0,0,72,11,119.1,0.435,East,10.0,G,70.87277777777777,1
1628389,Bam Adebayo,MIA,2023-24,71,2416.4733333333334,1367,737,278,0.576,0.247,0.152,0.8,46.0,36.0,0.561,2.0,0,81,66,109.3,0.193,East,8.0,C,69.81309859154929,1
1631094,Paolo Banchero,ORL,2023-24,80,2798.701666666667,1804,554,431,0.546,0.292,0.135,0.0,47.0,35.0,0.573,2.0,0,71,47,111.9,0.254,East,5.0,F,69.63125,1
1628386,Jarrett Allen,CLE,2023-24,77,2442.0616666666665,1271,811,210,0.664,0.191,0.149,4.8,48.0,34.0,0.585,2.0,0,53,81,110.7,0.128,East,4.0,C,66.88636363636364,1
1630596,Evan Mobley,CLE,2023-24,50,1532.35,785,468,160,0.626,0.2,0.139,1.2,48.0,34.0,0.585,2.0,0,45,72,110.1,0.155,East,4.0,C,63.482,1
203999,Nikola Jokić,DEN,2023-24,79,2736.5333333333333,2085,976,708,0.65,0.288,0.211,11.8,57.0,25.0,0.695,5.0,1,108,68,110.6,0.391,West,1.0,G,99.56075949367089,1
1629029,Luka Dončić,DAL,2023-24,70,2624.04,2370,647,686,0.617,0.355,0.2,5.8,50.0,32.0,0.61,2.0,0,99,38,113.8,0.428,West,5.0,G,99.39857142857143,1
1628983,Shai Gilgeous-Alexander,OKC,2023-24,75,2552.6866666666665,2254,415,465,0.636,0.317,0.187,11.3,57.0,25.0,0.695,7.0,0,150,67,109.7,0.287,West,1.0,G,88.36833333333334,1
1627734,Domantas Sabonis,SAC,2023-24,82,2928.0216666666665,1593,1120,673,0.637,0.22,0.169,0.8,46.0,36.0,0.561,2.0,0,74,48,115.2,0.334,West,9.0,G,82.05804878048781,1
2544,LeBron James,LAL,2023-24,71,2503.6833333333334,1822,518,589,0.63,0.285,0.169,3.8,47.0,35.0,0.573,1.0,0,89,38,113.6,0.358,West,8.0,F,81.9005633802817,1
203076,Anthony Davis,LAL,2023-24,76,2700.2433333333333,1876,961,266,0.621,0.261,0.168,2.6,47.0,35.0,0.573,1.0,0,91,178,114.0,0.151,West,8.0,C,79.74789473684211,1
1630162,Anthony Edwards,MIN,2023-24,79,2770.383333333333,2049,430,405,0.575,0.314,0.145,7.3,56.0,26.0,0.683,6.0,0,101,42,108.5,0.241,West,3.0,F,76.97322784810127,1
201142,Kevin Durant,PHX,2023-24,75,2790.6366666666668,2032,495,378,0.626,0.283,0.148,4.8,49.0,33.0,0.598,3.0,0,69,91,113.3,0.213,West,6.0,F,76.51333333333334,1
1626164,Devin Booker,PHX,2023-24,68,2446.6566666666668,1841,308,472,0.611,0.289,0.142,5.8,49.0,33.0,0.598,3.0,0,61,28,113.5,0.299,West,6.0,G,76.51058823529412,1
202681,Kyrie Irving,DAL,2023-24,58,2029.608333333333,1487,290,299,0.608,0.274,0.144,6.9,50.0,32.0,0.61,2.0,0,74,28,112.6,0.225,West,5.0,G,73.79568965517241,1
1626157,Karl-Anthony Towns,MIN,2023-24,62,2025.565,1349,515,189,0.625,0.268,0.14,7.2,56.0,26.0,0.683,6.0,0,43,41,109.1,0.147,West,3.0,C,72.58838709677418,1
202695,Kawhi Leonard,LAC,2023-24,68,2330.04,1613,416,244,0.626,0.261,0.154,8.2,51.0,31.0,0.622,3.0,0,111,59,111.1,0.165,West,4.0,F,72.55411764705882,1
1629627,Zion Williamson,NOP,2023-24,70,2206.923333333333,1601,406,352,0.61,0.285,0.145,2.9,49.0,33.0,0.598,4.0,0,76,47,111.6,0.256,West,6.0,F,70.53928571428571,1
202331,Paul George,LAC,2023-24,74,2501.766666666667,1671,388,262,0.613,0.264,0.126,9.1,51.0,31.0,0.622,3.0,0,113,37,112.1,0.157,West,4.0,F,67.71878378378378,1
203497,Rudy Gobert,MIN,2023-24,76,2593.113333333333,1061,982,102,0.675,0.152,0.136,8.0,56.0,26.0,0.683,6.0,0,52,162,106.6,0.057,West,3.0,C,67.56894736842105,1
203507,Giannis Antetokounmpo,MIL,2022-23,63,2023.615,1959,742,359,0.605,0.373,0.204,7.2,58.0,24.0,0.707,4.0,0,52,51,109.2,0.314,East,1.0,F,97.18619047619048,1
203954,Joel Embiid,PHI,2022-23,66,2284.1066666666666,2183,670,274,0.655,0.37,0.213,8.8,54.0,28.0,0.659,4.0,1,66,112,110.2,0.233,East,3.0,C,94.7548484848485,1
1628369,Jayson Tatum,BOS,2022-23,74,2732.1966666666667,2225,649,342,0.607,0.319,0.167,8.5,57.0,25.0,0.695,7.0,0,78,51,110.8,0.205,East,2.0,F,87.19932432432432,1
201935,James Harden,PHI,2022-23,58,2135.005,1216,354,618,0.607,0.247,0.159,6.1,54.0,28.0,0.659,4.0,0,71,31,113.3,0.439,East,3.0,G,81.46741379310346,1
203944,Julius Randle,NYK,2022-23,77,2737.2516666666666,1936,767,316,0.581,0.288,0.148,2.7,47.0,35.0,0.573,3.0,0,49,21,115.4,0.184,East,5.0,F,75.91694805194804,1
1627759,Jaylen Brown,BOS,2022-23,67,2404.918333333333,1784,459,232,0.581,0.307,0.132,5.4,57.0,25.0,0.695,7.0,0,75,26,111.2,0.163,East,2.0,F,75.44179104477611,1
1628378,Donovan Mitchell,CLE,2022-23,68,2432.38,1922,289,301,0.614,0.31,0.149,5.9,51.0,31.0,0.622,5.0,0,99,27,110.4,0.205,East,4.0,G,75.03941176470587,1
1629027,Trae Young,ATL,2022-23,73,2540.74,1914,217,741,0.573,0.313,0.143,1.3,41.0,41.0,0.5,0.0,0,80,9,114.6,0.414,East,8.0,G,74.6373287671233,1
201950,Jrue Holiday,MIL,2022-23,67,2182.54,1290,341,495,0.586,0.244,0.135,9.2,58.0,24.0,0.707,4.0,0,79,25,107.9,0.321,East,1.0,G,73.45328358208954,1
202710,Jimmy Butler III,MIA,2022-23,64,2138.015,1466,375,340,0.647,0.248,0.177,1.2,44.0,38.0,0.537,0.0,0,117,21,113.7,0.264,East,7.0,F,72.01625,1
1627783,Pascal Siakam,TOR,2022-23,71,2652.036666666667,1720,556,415,0.565,0.27,0.135,2.4,41.0,41.0,0.5,1.0,0,65,36,113.3,0.244,East,8.0,G,71.49014084507041,1
1629636,Darius Garland,CLE,2022-23,69,2447.15,1490,185,538,0.587,0.262,0.13,8.0,51.0,31.0,0.622,5.0,0,85,9,108.8,0.328,East,4.0,G,70.16724637681159,1
1628389,Bam Adebayo,MIA,2022-23,75,2597.9933333333333,1529,688,240,0.592,0.251,0.142,1.8,44.0,38.0,0.537,0.0,0,88,61,111.2,0.154,East,7.0,F,66.95466666666667,1
202696,Nikola Vučević,CHI,2022-23,82,2746.355,1447,903,265,0.594,0.218,0.143,-0.5,40.0,42.0,0.488,1.0,0,60,57,112.8,0.146,East,10.0,C,64.52353658536585,1
1630596,Evan Mobley,CLE,2022-23,79,2715.2616666666668,1277,711,224,0.591,0.199,0.124,6.5,51.0,31.0,0.622,5.0,0,60,119,109.0,0.122,East,4.0,C,63.90272151898734,1
203999,Nikola Jokić,DEN,2022-23,69,2323.0066666666667,1690,817,678,0.701,0.263,0.211,12.5,53.0,29.0,0.646,3.0,0,87,47,111.6,0.412,West,1.0,G,97.04557971014492,1
1629630,Ja Morant,MEM,2022-23,61,1948.348333333333,1596,357,493,0.557,0.338,0.175,7.3,51.0,31.0,0.622,4.0,0,66,16,108.5,0.412,West,2.0,G,83.29483606557378,1
2544,LeBron James,LAL,2022-23,55,1953.94,1590,457,375,0.583,0.322,0.172,4.6,43.0,39.0,0.524,1.0,0,50,32,111.0,0.308,West,7.0,F,83.17727272727274,1
201142,Kevin Durant,PHX,2022-23,47,1671.756666666667,1366,313,235,0.677,0.305,0.185,6.8,45.0,37.0,0.549,2.0,0,34,67,110.3,0.228,West,4.0,F,81.22531914893618,1
203076,Anthony Davis,LAL,2022-23,56,1904.51,1451,702,148,0.627,0.277,0.186,4.8,43.0,39.0,0.524,1.0,0,59,114,109.5,0.128,West,7.0,C,80.43785714285714,1
201939,Stephen Curry,GSW,2022-23,56,1941.1516666666664,1648,341,352,0.656,0.297,0.166,5.8,44.0,38.0,0.537,2.0,0,52,20,112.4,0.274,West,5.0,G,80.32428571428572,1
1627734,Domantas Sabonis,SAC,2022-23,79,2735.555,1510,973,573,0.668,0.213,0.161,3.9,48.0,34.0,0.585,3.0,0,65,39,116.8,0.297,West,3.0,G,79.39841772151897,1
1628983,Shai Gilgeous-Alexander,OKC,2022-23,68,2415.985,2135,329,371,0.626,0.318,0.175,2.7,40.0,42.0,0.488,1.0,0,112,65,113.3,0.249,West,10.0,G,78.20176470588235,1
1626164,Devin Booker,PHX,2022-23,53,1835.4133333333327,1471,240,293,0.601,0.311,0.147,6.2,45.0,37.0,0.549,2.0,0,51,18,113.4,0.251,West,4.0,G,74.2011320754717,1
202695,Kawhi Leonard,LAC,2022-23,52,1747.4883333333332,1239,338,204,0.623,0.267,0.159,6.1,44.0,38.0,0.537,1.0,0,72,28,112.1,0.19,West,5.0,F,71.04653846153846,1
202331,Paul George,LAC,2022-23,56,1938.8916666666669,1332,342,288,0.588,0.294,0.135,4.0,44.0,38.0,0.537,1.0,0,83,20,112.5,0.237,West,5.0,F,69.43857142857144,1
1630217,Desmond Bane,MEM,2022-23,58,1841.4533333333327,1247,291,254,0.606,0.252,0.131,9.0,51.0,31.0,0.622,4.0,0,56,22,107.4,0.202,West,2.0,F,68.09965517241379,1
1630162,Anthony Edwards,MIN,2022-23,79,2841.455,1946,458,350,0.564,0.292,0.125,1.9,42.0,40.0,0.512,0.0,0,125,58,111.9,0.192,West,8.0,F,66.57044303797468,1
203497,Rudy Gobert,MIN,2022-23,70,2148.483333333333,939,814,87,0.675,0.161,0.137,0.4,42.0,40.0,0.512,0.0,0,56,95,110.3,0.058,West,8.0,C,58.392857142857146,1
202685,Jonas Valančiūnas,NOP,2022-23,79,1968.243333333333,1115,804,140,0.61,0.229,0.14,-0.7,42.0,40.0,0.512,2.0,0,20,52,113.5,0.108,West,8.0,C,58.169810126582284,1
203507,Giannis Antetokounmpo,MIL,2021-22,67,2204.225,2002,778,388,0.633,0.34,0.21,8.0,51.0,31.0,0.622,3.0,0,72,91,107.9,0.304,East,2.0,F,94.16149253731344,1
203954,Joel Embiid,PHI,2021-22,68,2296.405,2079,796,284,0.616,0.375,0.212,7.9,51.0,31.0,0.622,3.0,0,77,99,107.8,0.236,East,2.0,C,92.72029411764706,1
201142,Kevin Durant,BKN,2021-22,55,2047.4066666666668,1643,407,351,0.634,0.31,0.18,6.5,44.0,38.0,0.537,1.0,0,48,52,109.7,0.274,East,7.0,F,84.06045454545455,1
201935,James Harden,PHI,2021-22,65,2419.68,1432,500,667,0.583,0.266,0.153,3.5,51.0,31.0,0.622,3.0,0,82,36,111.4,0.401,East,2.0,G,81.48884615384614,1
1628369,Jayson Tatum,BOS,2021-22,76,2730.971666666667,2046,609,334,0.578,0.313,0.159,12.1,51.0,31.0,0.622,7.0,0,75,49,103.4,0.204,East,2.0,F,80.71394736842106,1
1629027,Trae Young,ATL,2021-22,76,2651.891666666667,2155,284,737,0.603,0.333,0.161,2.3,43.0,39.0,0.524,2.0,0,72,7,114.9,0.442,East,9.0,G,79.78052631578949,1
202710,Jimmy Butler III,MIA,2021-22,57,1930.8316666666667,1219,336,312,0.592,0.26,0.164,6.1,53.0,29.0,0.646,4.0,0,94,27,108.4,0.264,East,1.0,F,73.9751754385965,1
1628389,Bam Adebayo,MIA,2021-22,56,1825.2616666666668,1068,564,190,0.608,0.248,0.161,8.1,53.0,29.0,0.646,4.0,0,80,44,104.9,0.172,East,1.0,C,73.75142857142859,1
1627783,Pascal Siakam,TOR,2021-22,68,2577.853333333333,1551,580,360,0.565,0.257,0.139,4.8,48.0,34.0,0.585,2.0,0,85,42,109.6,0.224,East,5.0,F,73.63529411764706,1
201942,DeMar DeRozan,CHI,2021-22,76,2742.9483333333333,2118,392,374,0.59,0.308,0.148,1.1,46.0,36.0,0.561,0.0,0,68,24,112.0,0.228,East,6.0,F,73.34447368421053,1
1629636,Darius Garland,CLE,2021-22,68,2429.9533333333334,1473,224,583,0.576,0.272,0.134,6.6,44.0,38.0,0.537,2.0,0,89,7,106.9,0.378,East,7.0,G,69.635,1
1630163,LaMelo Ball,CHA,2021-22,75,2422.0666666666666,1508,501,571,0.554,0.271,0.132,1.5,43.0,39.0,0.524,0.0,0,119,30,112.5,0.341,East,9.0,G,68.83766666666666,1
201950,Jrue Holiday,MIL,2021-22,67,2207.44,1225,301,457,0.593,0.231,0.126,8.5,51.0,31.0,0.622,3.0,0,108,29,109.7,0.297,East,2.0,G,67.29097014925372,1
203114,Khris Middleton,MIL,2021-22,66,2141.29,1325,356,358,0.577,0.255,0.122,5.4,51.0,31.0,0.622,3.0,0,76,18,109.6,0.246,East,2.0,G,66.89484848484847,1
202696,Nikola Vučević,CHI,2021-22,73,2417.543333333333,1288,804,236,0.533,0.244,0.132,-1.6,46.0,36.0,0.561,0.0,0,70,71,112.8,0.153,East,6.0,C,65.33958904109588,1
203999,Nikola Jokić,DEN,2021-22,74,2475.5916666666667,2004,1019,584,0.661,0.309,0.23,8.4,48.0,34.0,0.585,2.0,1,109,63,108.9,0.388,West,6.0,G,98.09324324324324,1
1629029,Luka Dončić,DAL,2021-22,65,2300.718333333333,1847,593,568,0.571,0.368,0.191,3.5,52.0,30.0,0.634,3.0,0,75,36,110.3,0.458,West,4.0,G,91.46576923076924,1
1629630,Ja Morant,MEM,2021-22,57,1888.7866666666664,1564,325,384,0.575,0.33,0.163,4.1,56.0,26.0,0.683,6.0,0,66,22,111.2,0.33,West,2.0,G,82.20096491228071,1
1626164,Devin Booker,PHX,2021-22,68,2344.593333333333,1822,342,329,0.576,0.313,0.137,9.5,64.0,18.0,0.78,8.0,0,77,26,108.1,0.212,West,1.0,F,79.56176470588235,1
201939,Stephen Curry,GSW,2021-22,64,2211.085,1630,335,404,0.601,0.293,0.155,10.7,53.0,29.0,0.646,6.0,0,85,23,103.4,0.286,West,3.0,G,78.77374999999999,1
101108,Chris Paul,PHX,2021-22,65,2138.958333333333,958,283,702,0.581,0.197,0.15,10.0,64.0,18.0,0.78,8.0,0,121,20,105.5,0.434,West,1.0,G,77.06307692307692,1
1626157,Karl-Anthony Towns,MIN,2021-22,74,2475.4566666666665,1818,727,269,0.64,0.272,0.159,5.3,46.0,36.0,0.561,3.0,0,72,83,111.6,0.177,West,7.0,C,75.86445945945947,1
1627749,Dejounte Murray,SAS,2021-22,68,2365.931666666667,1438,563,627,0.533,0.268,0.163,1.9,34.0,48.0,0.415,0.0,0,138,23,111.0,0.388,West,10.0,G,74.13823529411765,1
203497,Rudy Gobert,UTA,2021-22,66,2120.4166666666665,1027,968,72,0.732,0.166,0.177,9.6,49.0,33.0,0.598,6.0,0,45,137,104.5,0.052,West,5.0,C,72.8369696969697,1
1629028,Deandre Ayton,PHX,2021-22,58,1712.645,997,593,84,0.656,0.217,0.148,9.6,64.0,18.0,0.78,8.0,0,40,40,107.7,0.071,West,1.0,C,72.23103448275863,1
1630217,Desmond Bane,MEM,2021-22,76,2266.225,1384,334,208,0.592,0.226,0.116,6.9,56.0,26.0,0.683,6.0,0,92,29,107.8,0.136,West,2.0,F,61.40447368421053,1
201580,JaVale McGee,PHX,2021-22,74,1171.7483333333332,680,496,42,0.651,0.214,0.152,5.8,64.0,18.0,0.78,8.0,0,22,81,104.6,0.055,West,1.0,F,58.133783783783784,1
1628969,Mikal Bridges,PHX,2021-22,82,2854.353333333333,1162,347,185,0.627,0.149,0.091,9.8,64.0,18.0,0.78,8.0,0,96,36,106.9,0.084,West,1.0,F,57.582926829268295,1
1628991,Jaren Jackson Jr.,MEM,2021-22,78,2126.248333333333,1272,454,86,0.535,0.248,0.096,7.9,56.0,26.0,0.683,6.0,0,73,177,106.0,0.058,West,2.0,F,57.01115384615385,1
203952,Andrew Wiggins,GSW,2021-22,73,2329.5133333333333,1256,325,161,0.56,0.224,0.097,5.8,53.0,29.0,0.646,6.0,0,76,51,105.4,0.109,West,3.0,F,56.38616438356164,1
203507,Giannis Antetokounmpo,MIL,2020-21,61,2012.733333333333,1717,671,357,0.633,0.32,0.196,9.8,46.0,26.0,0.639,6.0,0,72,73,107.3,0.282,East,3.0,F,91.34622950819671,1
203954,Joel Embiid,PHI,2020-21,51,1585.105,1451,539,145,0.636,0.352,0.203,12.0,49.0,23.0,0.681,6.0,0,50,69,105.8,0.156,East,1.0,C,89.12803921568627,1
201566,Russell Westbrook,WAS,2020-21,65,2368.846666666667,1445,750,763,0.509,0.295,0.164,-1.2,34.0,38.0,0.472,-2.0,0,89,23,110.4,0.477,East,8.0,G,83.94461538461539,1
203944,Julius Randle,NYK,2020-21,71,2666.7366666666667,1712,724,427,0.567,0.285,0.158,3.0,41.0,31.0,0.569,2.0,0,64,18,106.8,0.269,East,4.0,G,78.99042253521128,1
202681,Kyrie Irving,BKN,2020-21,54,1886.2016666666664,1451,257,324,0.614,0.297,0.149,5.6,48.0,24.0,0.667,5.0,0,76,37,113.8,0.269,East,2.0,G,77.89148148148148,1
1629027,Trae Young,ATL,2020-21,63,2124.6066666666666,1594,245,594,0.589,0.32,0.15,5.2,41.0,31.0,0.569,2.0,0,53,12,113.0,0.426,East,4.0,G,77.4811111111111,1
202710,Jimmy Butler III,MIA,2020-21,52,1744.615,1116,359,369,0.607,0.259,0.184,5.2,40.0,32.0,0.556,0.0,0,108,18,106.9,0.345,East,6.0,G,76.7703846153846,1
1627734,Domantas Sabonis,IND,2020-21,62,2231.4466666666667,1260,742,415,0.601,0.239,0.154,-1.9,34.0,38.0,0.472,0.0,0,76,33,111.5,0.283,East,8.0,G,73.8091935483871,1
1628369,Jayson Tatum,BOS,2020-21,64,2289.7033333333334,1692,472,276,0.576,0.298,0.152,3.0,36.0,36.0,0.5,1.0,0,75,31,111.8,0.196,East,7.0,F,72.70625,1
1628389,Bam Adebayo,MIA,2020-21,64,2142.616666666667,1197,573,346,0.626,0.233,0.161,0.6,40.0,32.0,0.556,0.0,0,75,66,109.6,0.267,East,6.0,F,70.48625000000001,1
202699,Tobias Harris,PHI,2020-21,62,2014.3083333333327,1210,419,220,0.597,0.237,0.145,7.2,49.0,23.0,0.681,6.0,0,55,51,106.1,0.175,East,1.0,F,69.67838709677419,1
203114,Khris Middleton,MIL,2020-21,68,2268.616666666667,1385,406,370,0.588,0.245,0.123,6.2,46.0,26.0,0.639,6.0,0,74,9,110.5,0.227,East,3.0,F,68.71411764705883,1
203991,Clint Capela,ATL,2020-21,63,1898.3766666666668,956,903,49,0.601,0.193,0.158,6.6,41.0,31.0,0.569,2.0,0,44,129,108.2,0.039,East,4.0,C,68.06126984126985,1
1627759,Jaylen Brown,BOS,2020-21,58,1998.631666666667,1430,347,195,0.586,0.29,0.129,1.8,36.0,36.0,0.5,1.0,0,72,32,111.8,0.162,East,7.0,F,65.22758620689656,1
2730,Dwight Howard,PHI,2020-21,69,1195.535,482,580,61,0.61,0.173,0.13,-2.4,49.0,23.0,0.681,6.0,0,30,62,106.3,0.076,East,1.0,C,51.22855072463768,1
203999,Nikola Jokić,DEN,2020-21,72,2487.7816666666668,1898,780,599,0.647,0.293,0.201,7.7,47.0,25.0,0.653,5.0,1,95,48,112.6,0.377,West,3.0,G,93.45527777777777,1
1629029,Luka Dončić,DAL,2020-21,66,2262.3966666666665,1830,527,567,0.587,0.35,0.179,3.9,42.0,30.0,0.583,2.0,0,64,36,112.7,0.425,West,5.0,G,86.56045454545453,1
2544,LeBron James,LAL,2020-21,45,1503.7016666666666,1126,346,350,0.602,0.31,0.191,9.2,42.0,30.0,0.583,3.0,0,48,25,103.2,0.394,West,5.0,F,84.80555555555556,1
201939,Stephen Curry,GSW,2020-21,63,2151.518333333333,2015,345,363,0.655,0.331,0.181,4.6,39.0,33.0,0.542,1.0,0,77,8,109.6,0.283,West,8.0,G,82.7084126984127,1
202695,Kawhi Leonard,LAC,2020-21,52,1772.43,1292,337,269,0.622,0.282,0.17,12.2,47.0,25.0,0.653,6.0,0,81,21,109.2,0.238,West,3.0,F,80.02269230769231,1
203081,Damian Lillard,POR,2020-21,67,2397.7966666666666,1928,283,505,0.623,0.306,0.158,4.0,42.0,30.0,0.583,2.0,0,62,17,115.6,0.334,West,5.0,G,79.44074626865671,1
1628378,Donovan Mitchell,UTA,2020-21,53,1771.4366666666667,1401,235,277,0.569,0.327,0.138,7.9,52.0,20.0,0.722,9.0,0,52,15,109.2,0.266,West,1.0,G,77.02933962264152,1
202331,Paul George,LAC,2020-21,54,1820.9416666666664,1259,359,280,0.598,0.296,0.145,11.3,47.0,25.0,0.653,6.0,0,62,24,107.0,0.239,West,3.0,F,75.98537037037038,1
203497,Rudy Gobert,UTA,2020-21,71,2186.661666666667,1015,960,89,0.683,0.166,0.165,15.9,52.0,20.0,0.722,9.0,0,40,190,100.9,0.059,West,1.0,C,74.53640845070422,1
101108,Chris Paul,PHX,2020-21,70,2199.5333333333333,1149,312,622,0.599,0.221,0.15,6.5,51.0,21.0,0.708,6.0,0,99,19,108.8,0.405,West,2.0,G,72.95642857142857,1
202685,Jonas Valančiūnas,MEM,2020-21,62,1755.3283333333334,1058,776,112,0.636,0.217,0.163,3.8,38.0,34.0,0.528,1.0,0,35,57,108.9,0.097,West,9.0,C,67.88354838709678,1
1629028,Deandre Ayton,PHX,2020-21,69,2114.59,997,727,99,0.653,0.179,0.13,6.3,51.0,21.0,0.708,6.0,0,41,81,110.8,0.066,West,2.0,C,65.05992753623188,1
1629008,Michael Porter Jr.,DEN,2020-21,61,1912.25,1162,445,70,0.663,0.214,0.125,8.3,47.0,25.0,0.653,5.0,0,40,54,111.9,0.052,West,3.0,F,63.68959016393443,1
203903,Jordan Clarkson,UTA,2020-21,68,1817.6166666666663,1251,274,168,0.549,0.286,0.115,7.8,52.0,20.0,0.722,9.0,0,61,10,108.0,0.149,West,1.0,F,62.048235294117646,1
1627749,Dejounte Murray,SAS,2020-21,67,2139.415,1051,473,363,0.509,0.231,0.124,2.3,33.0,39.0,0.458,-2.0,0,101,7,109.5,0.246,West,10.0,F,59.000074626865675,1
203507,Giannis Antetokounmpo,MIL,2019-20,63,1916.88,1857,856,354,0.613,0.363,0.239,15.4,56.0,17.0,0.767,10.0,1,61,66,97.4,0.328,East,1.0,F,104.96952380952379,1
203954,Joel Embiid,PHI,2019-20,51,1505.815,1172,593,152,0.59,0.315,0.194,5.2,43.0,30.0,0.589,2.0,0,45,65,102.0,0.178,East,6.0,C,79.77392156862744,1
203114,Khris Middleton,MIL,2019-20,62,1852.6716666666664,1297,382,265,0.619,0.26,0.154,12.4,56.0,17.0,0.767,10.0,0,53,7,100.9,0.212,East,1.0,F,76.23419354838708,1
1627734,Domantas Sabonis,IND,2019-20,62,2158.65,1147,771,310,0.586,0.229,0.156,3.1,45.0,28.0,0.616,2.0,0,47,30,106.8,0.215,East,4.0,F,75.7775806451613,1
1627783,Pascal Siakam,TOR,2019-20,60,2110.161666666667,1371,439,207,0.554,0.278,0.129,8.8,53.0,19.0,0.736,6.0,0,61,53,103.0,0.161,East,2.0,F,73.985,1
1628369,Jayson Tatum,BOS,2019-20,66,2265.085,1547,460,200,0.567,0.28,0.143,10.6,48.0,24.0,0.667,6.0,0,93,57,103.5,0.143,East,3.0,F,73.30848484848485,1
200768,Kyle Lowry,TOR,2019-20,58,2098.3216666666667,1126,292,433,0.59,0.225,0.125,6.0,53.0,19.0,0.736,6.0,0,82,26,104.0,0.309,East,2.0,G,72.73344827586207,1
202710,Jimmy Butler III,MIA,2019-20,58,1959.1033333333328,1157,386,350,0.585,0.246,0.159,5.2,44.0,29.0,0.603,3.0,0,103,32,108.0,0.283,East,5.0,G,72.27620689655173,1
1627732,Ben Simmons,PHI,2019-20,57,2016.8633333333328,937,444,455,0.602,0.206,0.142,1.7,43.0,30.0,0.589,2.0,0,119,33,107.3,0.335,East,6.0,G,70.05464912280702,1
1628389,Bam Adebayo,MIA,2019-20,72,2416.9616666666666,1146,735,368,0.598,0.212,0.147,5.0,44.0,29.0,0.603,3.0,0,82,93,107.7,0.238,East,5.0,C,69.87333333333333,1
203078,Bradley Beal,WAS,2019-20,57,2053.096666666667,1741,242,347,0.579,0.338,0.143,-4.5,25.0,47.0,0.347,-5.0,0,71,23,117.6,0.285,East,10.0,G,68.35517543859649,1
202696,Nikola Vučević,ORL,2019-20,62,1998.1783333333333,1215,673,222,0.549,0.258,0.153,0.9,33.0,40.0,0.452,-1.0,0,54,47,109.2,0.182,East,8.0,C,67.07854838709676,1
202689,Kemba Walker,BOS,2019-20,56,1742.405,1145,217,268,0.575,0.268,0.13,7.1,48.0,24.0,0.667,6.0,0,48,28,108.1,0.232,East,3.0,G,67.06,1
202339,Eric Bledsoe,MIL,2019-20,61,1646.2833333333333,911,282,328,0.571,0.233,0.125,11.8,56.0,17.0,0.767,10.0,0,57,26,100.8,0.275,East,1.0,G,67.00754098360657,1
202330,Gordon Hayward,BOS,2019-20,52,1739.9883333333332,909,348,212,0.595,0.206,0.132,8.5,48.0,24.0,0.667,6.0,0,38,22,105.4,0.178,East,3.0,F,66.96192307692309,1
2544,LeBron James,LAL,2019-20,67,2316.266666666667,1698,525,684,0.577,0.308,0.198,8.5,52.0,19.0,0.732,6.0,0,78,36,103.6,0.477,West,1.0,F,93.94470149253732,1
201935,James Harden,HOU,2019-20,68,2482.55,2335,446,512,0.626,0.356,0.19,5.8,44.0,28.0,0.611,3.0,0,125,60,108.2,0.366,West,4.0,G,92.28294117647057,1
1629029,Luka Dončić,DAL,2019-20,61,2047.245,1759,573,538,0.585,0.355,0.194,5.3,43.0,32.0,0.573,5.0,0,62,14,111.4,0.454,West,7.0,G,91.25270491803279,1
202695,Kawhi Leonard,LAC,2019-20,57,1848.108333333333,1543,402,280,0.589,0.327,0.191,12.2,49.0,23.0,0.681,6.0,0,103,33,104.7,0.255,West,2.0,F,85.4817543859649,1
203076,Anthony Davis,LAL,2019-20,62,2131.193333333333,1618,577,200,0.61,0.284,0.179,5.0,52.0,19.0,0.732,6.0,0,91,143,106.4,0.153,West,1.0,C,83.21322580645162,1
201566,Russell Westbrook,HOU,2019-20,57,2049.168333333333,1553,451,401,0.536,0.33,0.145,3.1,44.0,28.0,0.611,3.0,0,93,20,107.1,0.34,West,4.0,G,80.89798245614035,1
203999,Nikola Jokić,DEN,2019-20,73,2335.405,1456,711,512,0.605,0.266,0.179,4.5,46.0,27.0,0.63,2.0,0,85,44,108.9,0.35,West,3.0,G,80.07842465753424,1
203081,Damian Lillard,POR,2019-20,66,2473.655,1978,284,530,0.627,0.294,0.168,1.4,35.0,39.0,0.473,-1.0,0,70,22,114.3,0.335,West,8.0,G,78.51878787878788,1
202331,Paul George,LAC,2019-20,48,1418.878333333333,1033,272,185,0.589,0.292,0.147,8.7,49.0,23.0,0.681,6.0,0,68,20,106.3,0.205,West,2.0,F,71.40708333333332,1
1626164,Devin Booker,PHX,2019-20,70,2511.66,1863,297,456,0.618,0.294,0.138,2.7,34.0,39.0,0.466,0.0,0,49,18,112.2,0.288,West,9.0,G,69.93214285714286,1
203497,Rudy Gobert,UTA,2019-20,68,2332.7066666666665,1026,916,101,0.699,0.162,0.151,6.2,44.0,28.0,0.611,2.0,0,51,135,106.6,0.065,West,4.0,C,68.46088235294117,1
1626149,Montrezl Harrell,LAC,2019-20,63,1749.1266666666668,1173,445,107,0.607,0.245,0.145,6.5,49.0,23.0,0.681,6.0,0,39,72,105.8,0.102,West,2.0,F,66.19785714285715,1
204001,Kristaps Porziņģis,DAL,2019-20,57,1813.7766666666664,1164,540,102,0.551,0.263,0.128,6.9,43.0,32.0,0.573,5.0,0,41,115,109.3,0.088,West,7.0,C,66.1886842105263,1
1628983,Shai Gilgeous-Alexander,OKC,2019-20,70,2428.335,1331,412,232,0.568,0.235,0.123,3.5,44.0,28.0,0.611,2.0,0,79,47,109.2,0.148,West,4.0,F,62.55357142857143,1
201568,Danilo Gallinari,OKC,2019-20,62,1833.9283333333333,1160,322,119,0.612,0.242,0.13,5.7,44.0,28.0,0.611,2.0,0,42,5,111.2,0.099,West,4.0,F,60.57596774193548,1
203507,Giannis Antetokounmpo,MIL,2018-19,72,2358.221666666667,1994,898,424,0.644,0.314,0.218,12.5,60.0,22.0,0.732,9.0,1,92,110,101.8,0.294,East,1.0,F,98.37944444444445,1
203954,Joel Embiid,PHI,2018-19,64,2154.305,1761,871,234,0.593,0.327,0.196,7.6,51.0,31.0,0.622,3.0,0,46,122,104.8,0.185,East,3.0,C,89.49125000000001,1
202695,Kawhi Leonard,TOR,2018-19,60,2040.1833333333327,1596,439,199,0.606,0.3,0.172,7.9,58.0,24.0,0.707,6.0,0,106,24,107.8,0.159,East,2.0,F,80.74,1
202696,Nikola Vučević,ORL,2018-19,80,2510.1766666666667,1665,960,307,0.573,0.276,0.185,4.0,42.0,40.0,0.512,1.0,0,81,89,106.4,0.208,East,6.0,C,75.82875,1
202681,Kyrie Irving,BOS,2018-19,67,2213.846666666667,1596,335,464,0.592,0.286,0.157,6.2,49.0,33.0,0.598,4.0,0,103,34,107.1,0.33,East,4.0,G,75.39895522388059,1
1627732,Ben Simmons,PHI,2018-19,79,2700.2633333333333,1337,697,610,0.582,0.215,0.145,2.4,51.0,31.0,0.622,3.0,0,112,61,108.9,0.341,East,3.0,G,72.85367088607595,1
201933,Blake Griffin,DET,2018-19,75,2622.333333333333,1841,565,402,0.581,0.296,0.153,0.5,41.0,41.0,0.5,0.0,0,52,28,109.3,0.268,East,8.0,F,72.05166666666666,1
203083,Andre Drummond,DET,2018-19,79,2646.89,1370,1232,112,0.555,0.226,0.159,3.3,41.0,41.0,0.5,0.0,0,136,138,108.4,0.068,East,8.0,C,69.90727848101265,1
200768,Kyle Lowry,TOR,2018-19,65,2213.293333333333,926,312,564,0.562,0.191,0.115,10.7,58.0,24.0,0.707,6.0,0,91,31,105.5,0.329,East,2.0,G,68.40653846153846,1
203114,Khris Middleton,MIL,2018-19,77,2393.338333333333,1407,461,331,0.558,0.246,0.118,10.5,60.0,22.0,0.732,9.0,0,80,7,104.2,0.194,East,1.0,F,68.2901948051948,1
202689,Kemba Walker,CHA,2018-19,82,2862.605,2102,361,484,0.558,0.308,0.14,0.4,39.0,43.0,0.476,-1.0,0,102,34,111.8,0.287,East,9.0,G,68.15073170731706,1
202339,Eric Bledsoe,MIL,2018-19,78,2271.705,1241,362,430,0.577,0.225,0.125,11.1,60.0,22.0,0.732,9.0,0,116,29,104.2,0.26,East,1.0,G,66.98371794871795,1
1627783,Pascal Siakam,TOR,2018-19,80,2547.613333333333,1354,549,248,0.628,0.205,0.124,10.6,58.0,24.0,0.707,6.0,0,73,52,104.2,0.141,East,2.0,F,66.07000000000001,1
1626156,D'Angelo Russell,BKN,2018-19,81,2447.955,1712,315,563,0.533,0.311,0.141,0.2,42.0,40.0,0.512,0.0,0,100,20,107.9,0.392,East,6.0,G,65.73839506172838,1
202699,Tobias Harris,PHI,2018-19,82,2847.82,1644,645,229,0.592,0.225,0.131,0.4,51.0,31.0,0.622,3.0,0,51,37,110.5,0.126,East,3.0,F,65.53682926829268,1
201935,James Harden,HOU,2018-19,78,2866.725,2818,518,586,0.616,0.396,0.201,6.3,53.0,29.0,0.646,5.0,0,158,58,110.3,0.394,West,3.0,G,96.42166666666667,1
201566,Russell Westbrook,OKC,2018-19,73,2629.4333333333334,1675,807,784,0.501,0.301,0.164,5.0,49.0,33.0,0.598,3.0,0,142,33,107.4,0.44,West,6.0,G,87.91054794520548,1
203999,Nikola Jokić,DEN,2018-19,80,2503.5866666666666,1604,865,580,0.589,0.271,0.188,5.8,54.0,28.0,0.659,4.0,0,108,55,107.5,0.361,West,2.0,G,83.92,1
2544,LeBron James,LAL,2018-19,55,1937.4016666666664,1505,465,454,0.588,0.311,0.188,2.0,37.0,45.0,0.451,-2.0,0,72,33,107.6,0.376,West,10.0,F,82.72090909090909,1
201142,Kevin Durant,GSW,2018-19,78,2701.5316666666668,2027,497,457,0.631,0.283,0.162,11.4,57.0,25.0,0.695,6.0,0,58,84,107.3,0.251,West,1.0,F,82.32179487179485,1
201939,Stephen Curry,GSW,2018-19,69,2331.1666666666665,1881,369,361,0.641,0.292,0.152,13.7,57.0,25.0,0.695,6.0,0,92,25,105.8,0.225,West,1.0,G,81.00108695652173,1
202331,Paul George,OKC,2018-19,77,2841.306666666667,2159,628,318,0.583,0.285,0.161,8.2,49.0,33.0,0.598,3.0,0,170,34,103.9,0.173,West,6.0,F,80.11077922077921,1
203081,Damian Lillard,POR,2018-19,80,2837.7566666666667,2067,371,551,0.588,0.281,0.155,8.2,53.0,29.0,0.646,4.0,0,88,34,107.9,0.299,West,3.0,G,78.66375,1
203497,Rudy Gobert,UTA,2018-19,81,2576.6866666666665,1284,1041,161,0.682,0.175,0.17,6.9,50.0,32.0,0.61,5.0,0,66,187,103.6,0.095,West,5.0,C,71.28055555555554,1
203991,Clint Capela,HOU,2018-19,67,2248.728333333333,1114,848,96,0.658,0.18,0.156,5.4,53.0,29.0,0.646,5.0,0,44,102,108.7,0.07,West,3.0,C,70.29417910447759,1
203994,Jusuf Nurkić,POR,2018-19,72,1973.5533333333333,1125,748,233,0.57,0.241,0.146,10.5,53.0,29.0,0.646,4.0,0,71,103,106.5,0.168,West,3.0,C,69.55083333333333,1
201942,DeMar DeRozan,SAS,2018-19,77,2688.1566666666668,1635,462,475,0.542,0.277,0.135,0.0,48.0,34.0,0.585,2.0,0,86,36,110.9,0.277,West,7.0,G,68.73701298701297,1
201568,Danilo Gallinari,LAC,2018-19,68,2059.2116666666666,1346,417,178,0.633,0.237,0.143,2.3,48.0,34.0,0.585,1.0,0,49,23,111.0,0.134,West,7.0,F,63.50441176470588,1
202691,Klay Thompson,GSW,2018-19,78,2652.333333333333,1680,299,186,0.571,0.254,0.103,6.5,57.0,25.0,0.695,6.0,0,84,47,108.5,0.103,West,1.0,F,62.49038461538461,1
203468,CJ McCollum,POR,2018-19,70,2375.2566666666667,1468,282,207,0.553,0.248,0.103,6.5,53.0,29.0,0.646,4.0,0,55,28,108.9,0.133,West,3.0,F,61.54642857142857,1
2544,LeBron James,CLE,2017-18,82,3025.588333333333,2251,709,747,0.621,0.31,0.191,1.6,50.0,32.0,0.61,1.0,0,116,71,112.1,0.432,East,4.0,F,89.29146341463417,1
203507,Giannis Antetokounmpo,MIL,2017-18,75,2756.2033333333334,2014,753,361,0.598,0.307,0.186,2.8,44.0,38.0,0.537,0.0,0,109,106,106.5,0.237,East,6.0,F,81.53133333333334,1
203954,Joel Embiid,PHI,2017-18,63,1912.135,1445,690,199,0.573,0.33,0.177,11.7,52.0,30.0,0.634,5.0,0,40,111,98.9,0.182,East,3.0,C,80.46246031746031,1
202681,Kyrie Irving,BOS,2017-18,60,1931.425,1466,227,306,0.61,0.298,0.165,5.6,55.0,27.0,0.671,4.0,0,65,17,104.3,0.282,East,2.0,G,74.65333333333334,1
1627732,Ben Simmons,PHI,2017-18,81,2731.5533333333333,1279,659,661,0.557,0.219,0.154,6.6,52.0,30.0,0.634,5.0,0,140,70,102.9,0.362,East,3.0,G,73.86382716049383,1
201942,DeMar DeRozan,TOR,2017-18,80,2711.721666666667,1840,315,417,0.555,0.286,0.135,7.7,59.0,23.0,0.72,8.0,0,85,22,106.5,0.245,East,1.0,G,72.56875,1
200768,Kyle Lowry,TOR,2017-18,78,2509.6066666666666,1267,434,537,0.598,0.211,0.136,7.6,59.0,23.0,0.72,8.0,0,85,19,105.5,0.307,East,1.0,G,70.3474358974359,1
203506,Victor Oladipo,IND,2017-18,75,2552.0383333333334,1735,390,323,0.577,0.295,0.148,5.9,48.0,34.0,0.585,1.0,0,177,57,104.0,0.209,East,5.0,F,69.65833333333333,1
203083,Andre Drummond,DET,2017-18,78,2624.8483333333334,1171,1247,237,0.555,0.207,0.156,-1.0,39.0,43.0,0.476,0.0,0,114,127,108.0,0.14,East,9.0,C,68.3851282051282,1
201933,Blake Griffin,DET,2017-18,58,1969.8216666666667,1242,428,334,0.544,0.285,0.144,1.9,39.0,43.0,0.476,0.0,0,40,18,107.0,0.286,East,9.0,G,68.06189655172413,1
201567,Kevin Love,CLE,2017-18,59,1651.0083333333334,1039,546,103,0.614,0.248,0.15,1.4,50.0,32.0,0.61,1.0,0,43,24,111.3,0.099,East,4.0,F,64.98389830508474,1
201143,Al Horford,BOS,2017-18,72,2277.025,927,531,339,0.575,0.183,0.134,7.3,55.0,27.0,0.671,4.0,0,43,78,101.6,0.225,East,2.0,F,64.1425,1
203078,Bradley Beal,WAS,2017-18,82,2976.701666666667,1857,363,373,0.564,0.268,0.125,2.4,43.0,39.0,0.524,1.0,0,96,36,106.3,0.206,East,8.0,G,63.60170731707317,1
202685,Jonas Valančiūnas,TOR,2017-18,77,1727.24,980,660,81,0.628,0.222,0.151,5.6,59.0,23.0,0.72,8.0,0,29,69,107.2,0.075,East,1.0,F,62.69090909090908,1
202355,Hassan Whiteside,MIA,2017-18,54,1364.07,754,618,54,0.573,0.235,0.176,-2.8,44.0,38.0,0.537,0.0,0,37,94,105.0,0.068,East,6.0,C,62.20629629629629,1
201935,James Harden,HOU,2017-18,72,2550.785,2191,389,630,0.619,0.353,0.194,10.0,65.0,17.0,0.793,8.0,1,126,50,106.2,0.449,West,1.0,G,95.72888888888889,1
201566,Russell Westbrook,OKC,2017-18,80,2913.6566666666668,2028,804,820,0.524,0.326,0.186,6.6,48.0,34.0,0.585,3.0,0,147,20,105.6,0.464,West,4.0,G,90.58500000000001,1
202326,DeMarcus Cousins,NOP,2017-18,48,1737.07,1210,617,257,0.583,0.318,0.167,1.9,48.0,34.0,0.585,1.0,0,79,76,106.6,0.241,West,4.0,C,83.38958333333332,1
201939,Stephen Curry,GSW,2017-18,51,1630.7966666666666,1346,261,310,0.675,0.29,0.165,13.0,58.0,24.0,0.707,6.0,0,80,8,107.7,0.272,West,2.0,G,82.61098039215685,1
203076,Anthony Davis,NOP,2017-18,75,2727.2366666666667,2110,831,174,0.612,0.291,0.188,5.0,48.0,34.0,0.585,1.0,0,115,193,104.3,0.104,West,4.0,C,82.50933333333333,1
201142,Kevin Durant,GSW,2017-18,68,2325.095,1792,464,366,0.64,0.293,0.168,7.0,58.0,24.0,0.707,6.0,0,50,119,108.9,0.243,West,2.0,F,82.37470588235294,1
101108,Chris Paul,HOU,2017-18,58,1846.5566666666664,1081,313,457,0.604,0.241,0.166,13.2,65.0,17.0,0.793,8.0,0,96,14,103.3,0.389,West,1.0,G,80.62275862068965,1
203081,Damian Lillard,POR,2017-18,73,2669.89,1962,325,481,0.594,0.295,0.165,6.1,49.0,33.0,0.598,3.0,0,77,27,104.5,0.301,West,3.0,G,78.0677397260274,1
203999,Nikola Jokić,DEN,2017-18,75,2442.505,1385,803,458,0.603,0.238,0.169,6.2,46.0,36.0,0.561,1.0,0,90,61,107.8,0.286,West,9.0,G,75.75466666666667,1
1626157,Karl-Anthony Towns,MIN,2017-18,82,2918.188333333333,1743,1012,199,0.646,0.225,0.165,6.1,47.0,35.0,0.573,2.0,0,64,115,109.2,0.105,West,7.0,C,74.92109756097561,1
200746,LaMarcus Aldridge,SAS,2017-18,75,2508.6183333333333,1735,635,152,0.57,0.288,0.159,5.4,47.0,35.0,0.573,3.0,0,43,90,103.3,0.111,West,7.0,F,70.77333333333331,1
202710,Jimmy Butler III,MIN,2017-18,59,2163.9966666666664,1307,314,288,0.59,0.245,0.151,8.3,47.0,35.0,0.573,2.0,0,116,24,106.4,0.204,West,7.0,F,70.22601694915254,1
202331,Paul George,OKC,2017-18,79,2890.738333333333,1734,447,263,0.57,0.248,0.12,3.7,48.0,34.0,0.585,3.0,0,161,39,106.0,0.143,West,4.0,F,64.20791139240507,1
202691,Klay Thompson,GSW,2017-18,73,2504.2166666666667,1461,277,185,0.599,0.232,0.103,7.1,58.0,24.0,0.707,6.0,0,55,34,105.6,0.108,West,2.0,F,61.65349315068493,1
203468,CJ McCollum,POR,2017-18,81,2923.67,1732,321,272,0.536,0.259,0.109,1.6,49.0,33.0,0.598,3.0,0,77,35,105.8,0.156,West,3.0,F,60.41530864197531,1
2544,LeBron James,CLE,2016-17,74,2794.575,1954,639,646,0.619,0.292,0.183,8.3,51.0,31.0,0.622,3.0,0,92,44,108.5,0.388,East,2.0,F,88.89716216216216,1
202322,John Wall,WAS,2016-17,78,2835.483333333333,1805,326,831,0.541,0.299,0.153,4.2,49.0,33.0,0.598,2.0,0,157,49,108.8,0.45,East,4.0,G,78.42717948717949,1
202738,Isaiah Thomas,BOS,2016-17,76,2569.451666666667,2199,204,448,0.625,0.332,0.161,4.6,53.0,29.0,0.646,3.0,0,70,13,110.5,0.305,East,1.0,G,77.62736842105264,1
203507,Giannis Antetokounmpo,MIL,2016-17,80,2845.036666666667,1832,700,434,0.599,0.28,0.176,1.1,42.0,40.0,0.512,0.0,0,131,151,107.5,0.269,East,6.0,F,74.7725,1
201942,DeMar DeRozan,TOR,2016-17,74,2620.241666666667,2020,386,290,0.552,0.337,0.155,2.5,51.0,31.0,0.622,4.0,0,78,13,108.7,0.204,East,2.0,F,74.22013513513514,1
200768,Kyle Lowry,TOR,2016-17,60,2244.025,1344,286,417,0.623,0.243,0.147,7.7,51.0,31.0,0.622,4.0,0,88,19,106.4,0.293,East,2.0,G,73.83,1
202710,Jimmy Butler III,CHI,2016-17,76,2808.9566666666665,1816,470,417,0.586,0.261,0.164,3.3,41.0,41.0,0.5,0.0,0,143,32,104.7,0.243,East,8.0,F,71.77105263157895,1
202681,Kyrie Irving,CLE,2016-17,72,2524.63,1816,230,418,0.58,0.295,0.135,6.4,51.0,31.0,0.622,3.0,0,83,24,110.3,0.278,East,2.0,G,71.52388888888888,1
201567,Kevin Love,CLE,2016-17,60,1884.645,1142,666,116,0.573,0.253,0.148,8.4,51.0,31.0,0.622,3.0,0,53,21,107.1,0.093,East,2.0,C,70.81333333333333,1
202355,Hassan Whiteside,MIA,2016-17,77,2513.3766666666666,1309,1088,57,0.579,0.223,0.163,2.0,41.0,41.0,0.5,1.0,0,57,161,106.6,0.037,East,8.0,C,66.86623376623376,1
202331,Paul George,IND,2016-17,75,2689.346666666667,1775,492,251,0.587,0.287,0.136,3.1,42.0,40.0,0.512,0.0,0,119,27,107.2,0.157,East,6.0,F,66.29366666666667,1
203078,Bradley Beal,WAS,2016-17,77,2684.0133333333333,1779,240,267,0.604,0.258,0.119,5.6,49.0,33.0,0.598,2.0,0,83,21,107.9,0.154,East,4.0,G,63.28545454545454,1
201143,Al Horford,BOS,2016-17,68,2193.2616666666668,952,465,337,0.553,0.196,0.125,4.8,53.0,29.0,0.646,3.0,0,52,86,107.2,0.239,East,1.0,F,62.71970588235294,1
201609,Goran Dragic,MIA,2016-17,73,2459.438333333333,1483,279,423,0.575,0.262,0.13,1.1,41.0,41.0,0.5,1.0,0,89,13,107.3,0.283,East,8.0,G,61.86815068493151,1
2730,Dwight Howard,ATL,2016-17,74,2198.72,1002,940,104,0.627,0.19,0.151,-2.0,43.0,39.0,0.524,-1.0,0,64,92,105.0,0.076,East,5.0,C,61.211891891891895,1
201566,Russell Westbrook,OKC,2016-17,81,2801.748333333333,2558,864,840,0.554,0.402,0.23,4.5,47.0,35.0,0.573,1.0,1,132,31,106.1,0.543,West,6.0,G,101.2508024691358,1
201935,James Harden,HOU,2016-17,81,2946.72,2356,659,907,0.613,0.333,0.19,6.7,55.0,27.0,0.671,6.0,0,121,38,108.9,0.505,West,3.0,G,96.45067901234567,1
201142,Kevin Durant,GSW,2016-17,62,2070.36,1555,513,300,0.651,0.271,0.186,15.7,67.0,15.0,0.817,12.0,0,66,99,102.3,0.218,West,1.0,F,89.30274193548387,1
201939,Stephen Curry,GSW,2016-17,79,2638.555,1999,353,524,0.624,0.286,0.151,17.4,67.0,15.0,0.817,12.0,0,142,17,102.7,0.287,West,1.0,G,84.57518987341771,1
202695,Kawhi Leonard,SAS,2016-17,74,2474.48,1888,430,260,0.61,0.306,0.174,8.7,61.0,21.0,0.744,7.0,0,133,55,105.1,0.182,West,2.0,F,79.65175675675675,1
101108,Chris Paul,LAC,2016-17,61,1920.8233333333333,1104,304,563,0.614,0.239,0.182,14.4,51.0,31.0,0.622,4.0,0,119,8,102.8,0.444,West,4.0,G,78.38295081967212,1
203076,Anthony Davis,NOP,2016-17,75,2707.661666666667,2099,884,157,0.58,0.321,0.192,1.1,34.0,48.0,0.415,-2.0,0,94,167,104.1,0.11,West,10.0,C,77.19566666666668,1
202326,DeMarcus Cousins,NOP,2016-17,72,2465.363333333333,1942,794,332,0.562,0.359,0.178,-0.9,34.0,48.0,0.415,-2.0,0,100,93,109.5,0.262,West,10.0,C,77.14722222222223,1
201933,Blake Griffin,LAC,2016-17,61,2076.1766666666667,1316,497,300,0.569,0.276,0.152,10.5,51.0,31.0,0.622,4.0,0,57,22,106.2,0.235,West,4.0,F,75.21286885245902,1
203081,Damian Lillard,POR,2016-17,75,2693.075,2024,368,440,0.586,0.304,0.159,1.4,41.0,41.0,0.5,-1.0,0,68,20,110.4,0.277,West,8.0,G,72.92466666666667,1
203110,Draymond Green,GSW,2016-17,76,2470.8866666666668,776,599,533,0.522,0.159,0.117,15.3,67.0,15.0,0.817,12.0,0,154,106,100.9,0.272,West,1.0,G,70.22315789473684,1
202330,Gordon Hayward,UTA,2016-17,73,2515.535,1601,394,252,0.595,0.269,0.158,6.8,51.0,31.0,0.622,4.0,0,73,20,103.8,0.179,West,4.0,F,69.74630136986302,1
203999,Nikola Jokić,DEN,2016-17,73,2037.7283333333328,1221,718,359,0.64,0.231,0.167,6.5,40.0,42.0,0.488,1.0,0,61,55,109.7,0.266,West,9.0,F,68.8704794520548,1
202691,Klay Thompson,GSW,2016-17,78,2649.04,1742,285,160,0.592,0.258,0.109,14.1,67.0,15.0,0.817,12.0,0,66,40,102.4,0.09,West,1.0,F,68.7298717948718,1
203497,Rudy Gobert,UTA,2016-17,81,2743.7466666666664,1137,1035,97,0.681,0.166,0.161,8.3,51.0,31.0,0.622,4.0,0,49,214,102.0,0.057,West,4.0,C,68.00166666666668,1
2544,LeBron James,CLE,2015-16,76,2708.5783333333334,1920,565,514,0.588,0.305,0.189,11.4,57.0,25.0,0.695,6.0,0,104,49,102.6,0.339,East,1.0,F,86.92894736842105,1
200768,Kyle Lowry,TOR,2015-16,77,2851.155,1634,365,494,0.578,0.256,0.145,6.4,56.0,26.0,0.683,5.0,0,158,34,104.4,0.293,East,2.0,G,73.12246753246752,1
202322,John Wall,WAS,2015-16,77,2784.015,1531,379,789,0.51,0.28,0.144,1.7,41.0,41.0,0.5,-1.0,0,145,59,104.1,0.449,East,10.0,G,70.98474025974026,1
201942,DeMar DeRozan,TOR,2015-16,78,2803.795,1830,349,315,0.55,0.291,0.139,2.8,56.0,26.0,0.683,5.0,0,81,21,106.0,0.208,East,2.0,G,69.97846153846153,1
202331,Paul George,IND,2015-16,81,2818.9333333333334,1874,563,329,0.557,0.296,0.151,2.8,45.0,37.0,0.549,2.0,0,152,29,101.5,0.203,East,7.0,F,69.83913580246914,1
201567,Kevin Love,CLE,2015-16,77,2424.395,1234,762,185,0.553,0.233,0.143,8.8,57.0,25.0,0.695,6.0,0,58,41,103.6,0.119,East,1.0,F,68.85519480519481,1
202738,Isaiah Thomas,BOS,2015-16,82,2644.403333333333,1823,243,509,0.562,0.289,0.142,5.0,48.0,34.0,0.585,3.0,0,91,9,103.2,0.312,East,3.0,G,68.09878048780487,1
2200,Pau Gasol,CHI,2015-16,72,2291.358333333333,1187,793,294,0.529,0.244,0.165,-0.2,42.0,40.0,0.512,-1.0,0,42,146,104.4,0.215,East,9.0,C,67.63777777777777,1
202689,Kemba Walker,CHA,2015-16,81,2885.15,1689,357,421,0.554,0.261,0.135,3.8,48.0,34.0,0.585,3.0,0,126,39,103.6,0.253,East,3.0,G,65.93703703703703,1
203083,Andre Drummond,DET,2015-16,81,2665.4666666666667,1314,1198,67,0.499,0.239,0.14,2.4,44.0,38.0,0.537,1.0,0,119,112,103.6,0.042,East,8.0,C,65.9211111111111,1
200794,Paul Millsap,ATL,2015-16,81,2646.9166666666665,1385,732,265,0.556,0.238,0.141,4.0,48.0,34.0,0.585,4.0,0,147,139,101.6,0.162,East,3.0,C,65.50061728395062,1
202681,Kyrie Irving,CLE,2015-16,53,1667.3733333333332,1041,157,250,0.54,0.285,0.122,5.8,57.0,25.0,0.695,6.0,0,56,18,105.8,0.253,East,1.0,G,64.77169811320755,1
2547,Chris Bosh,MIA,2015-16,53,1777.9183333333333,1010,390,128,0.571,0.247,0.151,0.5,48.0,34.0,0.585,2.0,0,36,34,101.0,0.129,East,3.0,F,64.28443396226415,1
202710,Jimmy Butler III,CHI,2015-16,67,2473.625,1399,358,321,0.562,0.242,0.141,-0.3,42.0,40.0,0.512,-1.0,0,110,43,104.5,0.218,East,9.0,F,63.86410447761193,1
201143,Al Horford,ATL,2015-16,82,2631.181666666667,1249,596,263,0.565,0.202,0.137,4.2,48.0,34.0,0.585,4.0,0,68,121,98.7,0.165,East,3.0,F,61.06463414634146,1
201939,Stephen Curry,GSW,2015-16,79,2699.975,2375,430,527,0.669,0.314,0.197,17.7,73.0,9.0,0.89,11.0,1,169,15,99.8,0.315,West,1.0,G,97.4262658227848,1
201566,Russell Westbrook,OKC,2015-16,80,2749.468333333333,1878,626,834,0.554,0.311,0.188,11.3,55.0,27.0,0.671,7.0,0,163,20,103.5,0.468,West,3.0,G,90.25750000000001,1
201142,Kevin Durant,OKC,2015-16,72,2577.62,2029,589,361,0.634,0.298,0.194,11.6,55.0,27.0,0.671,7.0,0,69,85,102.9,0.23,West,3.0,F,87.94805555555557,1
203110,Draymond Green,GSW,2015-16,81,2807.998333333333,1131,769,598,0.587,0.184,0.136,18.0,73.0,9.0,0.89,11.0,0,119,113,99.1,0.277,West,1.0,C,81.22962962962963,1
201935,James Harden,HOU,2015-16,82,3124.635,2376,501,612,0.598,0.319,0.174,1.6,41.0,41.0,0.5,0.0,0,139,51,106.9,0.354,West,8.0,G,80.30243902439025,1
101108,Chris Paul,LAC,2015-16,74,2420.238333333333,1446,310,738,0.575,0.265,0.184,11.0,53.0,29.0,0.646,4.0,0,152,13,101.3,0.493,West,4.0,G,80.05702702702703,1
202695,Kawhi Leonard,SAS,2015-16,72,2379.563333333333,1523,493,186,0.616,0.252,0.17,14.1,67.0,15.0,0.817,11.0,0,128,71,95.9,0.128,West,2.0,F,78.27944444444445,1
202326,DeMarcus Cousins,SAC,2015-16,65,2245.835,1748,747,214,0.538,0.351,0.156,1.3,33.0,49.0,0.402,-2.0,0,101,92,104.9,0.167,West,10.0,C,73.60653846153846,1
200746,LaMarcus Aldridge,SAS,2015-16,74,2260.86,1331,632,110,0.565,0.258,0.151,11.7,67.0,15.0,0.817,11.0,0,38,81,97.9,0.081,West,2.0,F,72.99986486486486,1
202691,Klay Thompson,GSW,2015-16,80,2666.415,1771,306,166,0.597,0.26,0.114,14.6,73.0,9.0,0.89,11.0,0,60,49,101.3,0.094,West,1.0,F,71.59,1
203081,Damian Lillard,POR,2015-16,75,2675.7616666666668,1879,302,512,0.56,0.304,0.143,1.6,44.0,38.0,0.537,1.0,0,65,28,107.8,0.33,West,5.0,G,70.93533333333335,1
201599,DeAndre Jordan,LAC,2015-16,77,2597.681666666667,980,1059,90,0.628,0.155,0.141,8.9,53.0,29.0,0.646,4.0,0,51,177,102.1,0.051,West,4.0,C,66.68941558441557,1
1495,Tim Duncan,SAS,2015-16,61,1536.4266666666667,522,447,163,0.523,0.171,0.122,13.6,67.0,15.0,0.817,11.0,0,47,78,94.5,0.153,West,2.0,F,61.469016393442615,1
2225,Tony Parker,SAS,2015-16,72,1980.4416666666664,857,176,379,0.546,0.211,0.112,10.7,67.0,15.0,0.817,11.0,0,54,11,97.1,0.294,West,2.0,G,61.11694444444444,1
202683,Enes Freedom,OKC,2015-16,82,1720.6783333333333,1038,664,33,0.626,0.229,0.162,3.8,55.0,27.0,0.671,7.0,0,26,33,106.6,0.032,West,3.0,F,60.259268292682926,1
2544,LeBron James,CLE,2014-15,69,2493.4216666666666,1743,416,511,0.577,0.318,0.171,10.9,53.0,29.0,0.646,4.0,0,109,49,102.8,0.366,East,2.0,F,82.80934782608696,1
2200,Pau Gasol,CHI,2014-15,78,2680.7433333333333,1446,919,210,0.55,0.242,0.169,3.2,50.0,32.0,0.61,3.0,0,25,147,102.9,0.142,East,3.0,C,72.71538461538462,1
202322,John Wall,WAS,2014-15,79,2836.5333333333333,1387,366,792,0.523,0.253,0.151,4.8,46.0,36.0,0.561,1.0,0,138,45,99.6,0.446,East,5.0,G,71.28443037974684,1
200794,Paul Millsap,ATL,2014-15,73,2389.5333333333333,1218,570,223,0.565,0.233,0.13,8.3,60.0,22.0,0.732,5.0,0,130,69,102.1,0.149,East,1.0,F,67.67198630136987,1
202681,Kyrie Irving,CLE,2014-15,75,2729.863333333333,1628,237,389,0.583,0.255,0.128,7.7,53.0,29.0,0.646,4.0,0,114,20,104.8,0.236,East,2.0,G,67.38366666666666,1
201952,Jeff Teague,ATL,2014-15,73,2227.8616666666667,1162,184,513,0.566,0.247,0.133,8.3,60.0,22.0,0.732,5.0,0,125,31,101.1,0.367,East,1.0,G,66.81856164383562,1
201143,Al Horford,ATL,2014-15,76,2318.1666666666665,1156,544,244,0.563,0.22,0.145,6.7,60.0,22.0,0.732,5.0,0,68,98,100.8,0.178,East,1.0,F,66.75078947368421,1
201567,Kevin Love,CLE,2014-15,75,2531.765,1228,731,168,0.562,0.214,0.135,7.5,53.0,29.0,0.646,4.0,0,51,39,103.6,0.104,East,2.0,F,66.18433333333333,1
202710,Jimmy Butler III,CHI,2014-15,65,2513.4733333333334,1301,379,212,0.583,0.213,0.138,4.6,50.0,32.0,0.61,3.0,0,114,36,102.7,0.142,East,3.0,F,65.1546153846154,1
200768,Kyle Lowry,TOR,2014-15,70,2414.4,1244,328,473,0.527,0.246,0.126,4.1,49.0,33.0,0.598,3.0,0,109,13,105.4,0.312,East,4.0,G,65.095,1
201942,DeMar DeRozan,TOR,2014-15,60,2100.2716666666665,1204,277,210,0.51,0.282,0.115,2.7,49.0,33.0,0.598,3.0,0,73,11,105.6,0.174,East,4.0,G,60.971666666666664,1
2548,Dwyane Wade,MIA,2014-15,62,1970.8766666666668,1331,219,299,0.534,0.338,0.141,-2.1,37.0,45.0,0.451,-3.0,0,73,21,107.1,0.3,East,10.0,G,60.045322580645156,1
101162,Marcin Gortat,WAS,2014-15,82,2452.7166666666667,1001,717,97,0.587,0.173,0.133,5.1,46.0,36.0,0.561,1.0,0,49,110,99.1,0.062,East,5.0,F,55.87939024390244,1
201149,Joakim Noah,CHI,2014-15,67,2048.645,485,646,312,0.482,0.135,0.111,2.0,50.0,32.0,0.61,3.0,0,48,74,102.3,0.227,East,3.0,C,55.69402985074627,1
202355,Hassan Whiteside,MIA,2014-15,48,1142.2066666666667,564,482,6,0.619,0.202,0.173,-2.1,37.0,45.0,0.451,-3.0,0,27,123,106.8,0.009,East,10.0,C,54.2925,1
201939,Stephen Curry,GSW,2014-15,80,2613.2,1900,341,619,0.638,0.277,0.178,16.3,67.0,15.0,0.817,10.0,1,163,16,98.5,0.358,West,1.0,G,86.85625,1
201566,Russell Westbrook,OKC,2014-15,67,2301.8233333333333,1886,488,574,0.536,0.368,0.187,4.7,45.0,37.0,0.549,2.0,0,140,14,106.3,0.43,West,8.0,G,86.08529850746268,1
201935,James Harden,HOU,2014-15,81,2980.865,2217,459,565,0.605,0.308,0.184,5.7,56.0,26.0,0.683,3.0,0,154,60,103.5,0.34,West,2.0,G,84.94833333333332,1
101108,Chris Paul,LAC,2014-15,82,2857.2433333333333,1564,376,838,0.596,0.232,0.173,12.7,56.0,26.0,0.683,7.0,0,156,15,104.0,0.441,West,2.0,G,80.86987804878048,1
203076,Anthony Davis,NOP,2014-15,68,2454.695,1656,696,149,0.591,0.272,0.192,6.1,45.0,37.0,0.549,1.0,0,100,200,103.8,0.109,West,8.0,C,77.11705882352942,1
201933,Blake Griffin,LAC,2014-15,67,2355.7883333333334,1469,508,354,0.551,0.278,0.146,12.2,56.0,26.0,0.683,7.0,0,63,35,104.7,0.246,West,2.0,F,77.08925373134328,1
200746,LaMarcus Aldridge,POR,2014-15,71,2511.588333333333,1661,726,124,0.528,0.297,0.156,6.6,51.0,31.0,0.622,4.0,0,48,68,103.4,0.089,West,6.0,C,74.19450704225352,1
202691,Klay Thompson,GSW,2014-15,77,2454.59,1668,247,222,0.591,0.272,0.126,15.2,67.0,15.0,0.817,10.0,0,87,60,98.9,0.137,West,1.0,F,70.74636363636363,1
203081,Damian Lillard,POR,2014-15,82,2924.565,1720,378,507,0.56,0.262,0.137,5.3,51.0,31.0,0.622,4.0,0,97,21,103.6,0.285,West,6.0,G,69.46670731707317,1
201188,Marc Gasol,MEM,2014-15,81,2687.03,1413,630,307,0.558,0.245,0.151,3.9,55.0,27.0,0.671,3.0,0,70,131,102.7,0.193,West,4.0,F,68.66796296296296,1
2216,Zach Randolph,MEM,2014-15,71,2303.59,1143,747,153,0.538,0.24,0.143,6.8,55.0,27.0,0.671,3.0,0,69,14,100.6,0.111,West,4.0,C,68.08633802816901,1
1495,Tim Duncan,SAS,2014-15,77,2226.8016666666667,1070,704,230,0.56,0.221,0.156,6.8,55.0,27.0,0.671,6.0,0,63,151,100.2,0.166,West,4.0,F,66.77805194805195,1
202695,Kawhi Leonard,SAS,2014-15,64,2032.9,1057,461,161,0.567,0.227,0.148,11.4,55.0,27.0,0.671,6.0,0,148,48,98.3,0.124,West,4.0,F,66.7128125,1
203110,Draymond Green,GSW,2014-15,79,2489.991666666667,921,647,291,0.54,0.169,0.112,15.8,67.0,15.0,0.817,10.0,0,123,99,97.3,0.155,West,1.0,F,66.67139240506329,1
201936,Tyreke Evans,NOP,2014-15,79,2689.8166666666666,1313,416,521,0.508,0.255,0.118,3.2,45.0,37.0,0.549,1.0,0,100,37,106.0,0.316,West,8.0,G,61.90164556962026,1
2544,LeBron James,MIA,2013-14,77,2901.87,2089,533,488,0.649,0.303,0.2,6.9,54.0,28.0,0.659,5.0,0,121,26,105.1,0.311,East,2.0,F,86.43785714285714,1
202331,Paul George,IND,2013-14,80,2898.3083333333334,1737,542,283,0.555,0.278,0.157,6.5,56.0,26.0,0.683,4.0,0,151,22,98.0,0.177,East,1.0,F,72.96375,1
2546,Carmelo Anthony,NYK,2013-14,77,2981.7316666666666,2112,622,242,0.561,0.318,0.162,1.3,37.0,45.0,0.451,-1.0,0,95,51,107.1,0.156,East,9.0,F,71.89136363636364,1
2744,Al Jefferson,CHA,2013-14,73,2553.238333333333,1594,792,155,0.532,0.293,0.17,0.5,43.0,39.0,0.524,0.0,0,67,79,103.1,0.122,East,7.0,C,70.88472602739725,1
201149,Joakim Noah,CHI,2013-14,80,2819.695,1007,900,431,0.531,0.185,0.156,4.4,48.0,34.0,0.585,2.0,0,99,121,99.1,0.258,East,3.0,C,68.41874999999999,1
202322,John Wall,WAS,2013-14,82,2979.865,1583,333,721,0.524,0.267,0.135,3.5,44.0,38.0,0.537,1.0,0,149,40,102.5,0.392,East,5.0,G,67.8520731707317,1
200768,Kyle Lowry,TOR,2013-14,79,2861.951666666667,1417,369,586,0.567,0.222,0.138,4.5,48.0,34.0,0.585,3.0,0,121,15,104.3,0.336,East,3.0,G,67.14335443037974,1
2548,Dwyane Wade,MIA,2013-14,54,1774.6533333333334,1028,241,252,0.588,0.272,0.144,4.3,54.0,28.0,0.659,5.0,0,79,29,103.0,0.249,East,2.0,G,66.6375925925926,1
201942,DeMar DeRozan,TOR,2013-14,79,3016.6266666666666,1791,343,313,0.532,0.278,0.128,3.1,48.0,34.0,0.585,3.0,0,86,28,104.6,0.189,East,3.0,G,64.9490506329114,1
202362,Lance Stephenson,IND,2013-14,78,2752.04,1080,558,359,0.564,0.191,0.127,5.2,56.0,26.0,0.683,4.0,0,54,7,99.0,0.217,East,1.0,F,63.82461538461538,1
2561,David West,IND,2013-14,80,2472.145,1118,542,223,0.533,0.217,0.139,8.1,56.0,26.0,0.683,4.0,0,61,74,97.6,0.158,East,1.0,F,62.70125,1
200794,Paul Millsap,ATL,2013-14,74,2481.668333333333,1328,627,232,0.545,0.251,0.135,1.9,38.0,44.0,0.463,0.0,0,129,78,103.3,0.16,East,8.0,F,60.68121621621622,1
202689,Kemba Walker,CHA,2013-14,73,2613.965,1289,306,447,0.499,0.255,0.123,2.6,43.0,39.0,0.524,0.0,0,86,32,100.9,0.291,East,7.0,G,60.54260273972603,1
202681,Kyrie Irving,CLE,2013-14,71,2495.67,1478,259,433,0.533,0.274,0.13,-4.9,33.0,49.0,0.402,-3.0,0,108,23,108.6,0.311,East,10.0,G,58.177253521126765,1
101162,Marcin Gortat,WAS,2013-14,81,2654.975,1068,767,138,0.568,0.179,0.125,5.5,44.0,38.0,0.537,1.0,0,41,121,100.4,0.08,East,5.0,C,57.0887037037037,1
201142,Kevin Durant,OKC,2013-14,81,3121.7066666666665,2593,598,445,0.635,0.322,0.206,8.1,59.0,23.0,0.72,6.0,1,103,59,103.3,0.259,West,2.0,F,93.33734567901234,1
201567,Kevin Love,MIN,2013-14,77,2796.5,2010,963,341,0.591,0.281,0.191,5.9,40.0,42.0,0.488,3.0,0,59,35,104.6,0.205,West,10.0,C,82.96954545454545,1
101108,Chris Paul,LAC,2013-14,62,2170.983333333333,1185,268,663,0.58,0.23,0.179,11.3,57.0,25.0,0.695,7.0,0,154,4,101.9,0.459,West,3.0,G,81.91532258064517,1
201933,Blake Griffin,LAC,2013-14,80,2863.3016666666667,1930,757,309,0.583,0.286,0.162,9.8,57.0,25.0,0.695,7.0,0,92,51,103.1,0.185,West,3.0,F,80.77374999999999,1
201939,Stephen Curry,GSW,2013-14,78,2845.858333333333,1873,334,666,0.61,0.275,0.164,9.6,51.0,31.0,0.622,5.0,0,128,14,101.0,0.372,West,6.0,G,79.41897435897437,1
201566,Russell Westbrook,OKC,2013-14,46,1411.7033333333334,1002,263,319,0.545,0.33,0.161,7.5,59.0,23.0,0.72,6.0,0,88,7,104.6,0.38,West,2.0,G,78.62065217391304,1
200746,LaMarcus Aldridge,POR,2013-14,69,2498.891666666667,1603,765,178,0.507,0.296,0.155,7.5,54.0,28.0,0.659,4.0,0,63,68,104.6,0.128,West,4.0,C,77.55079710144928,1
201935,James Harden,HOU,2013-14,73,2777.46,1851,344,446,0.618,0.27,0.156,7.2,54.0,28.0,0.659,5.0,0,115,29,104.9,0.266,West,4.0,G,77.34534246575342,1
2730,Dwight Howard,HOU,2013-14,71,2396.411666666667,1297,866,131,0.6,0.241,0.146,7.0,54.0,28.0,0.659,5.0,0,60,128,104.3,0.091,West,4.0,C,71.79183098591548,1
1495,Tim Duncan,SAS,2013-14,74,2158.1583333333333,1119,721,220,0.535,0.251,0.154,6.7,62.0,20.0,0.756,8.0,0,43,139,101.5,0.159,West,1.0,F,71.02797297297296,1
1717,Dirk Nowitzki,DAL,2013-14,80,2628.068333333333,1735,498,216,0.603,0.26,0.161,5.5,49.0,33.0,0.598,2.0,0,73,45,103.9,0.14,West,8.0,F,68.6225,1
101135,David Lee,GSW,2013-14,69,2288.3033333333333,1257,643,147,0.566,0.24,0.134,10.0,51.0,31.0,0.622,5.0,0,48,26,99.4,0.101,West,6.0,F,67.15565217391304,1
203081,Damian Lillard,POR,2013-14,82,2936.615,1695,288,457,0.568,0.244,0.117,6.0,54.0,28.0,0.659,4.0,0,64,22,105.5,0.249,West,4.0,G,66.21512195121952,1
201609,Goran Dragic,PHX,2013-14,76,2667.9933333333333,1542,245,447,0.604,0.241,0.134,5.6,48.0,34.0,0.585,3.0,0,104,22,105.5,0.274,West,9.0,G,65.33026315789473,1
201586,Serge Ibaka,OKC,2013-14,81,2665.9333333333334,1227,709,85,0.576,0.195,0.124,7.3,59.0,23.0,0.72,6.0,0,39,219,102.5,0.051,West,2.0,F,63.05092592592593,1
2544,LeBron James,MIA,2012-13,76,2877.055,2036,610,551,0.64,0.294,0.221,12.3,66.0,16.0,0.805,8.0,1,129,67,101.9,0.344,East,1.0,F,96.62105263157895,1
2548,Dwyane Wade,MIA,2012-13,69,2390.5516666666667,1463,344,352,0.571,0.288,0.153,12.3,66.0,16.0,0.805,8.0,0,128,56,100.9,0.248,East,1.0,G,77.36268115942029,1
2546,Carmelo Anthony,NYK,2012-13,67,2481.853333333333,1920,460,171,0.56,0.349,0.151,6.2,54.0,28.0,0.659,4.0,0,52,32,105.8,0.137,East,2.0,F,77.14388059701493,1
2547,Chris Bosh,MIA,2012-13,74,2454.35,1232,501,123,0.592,0.225,0.129,9.8,66.0,16.0,0.805,8.0,0,66,101,102.4,0.081,East,1.0,F,66.76621621621622,1
101114,Deron Williams,BKN,2012-13,78,2842.16,1476,232,604,0.574,0.238,0.134,3.1,49.0,33.0,0.598,2.0,0,75,30,105.5,0.364,East,4.0,G,66.22269230769231,1
202331,Paul George,IND,2012-13,79,2971.893333333333,1377,603,327,0.531,0.231,0.134,6.4,49.0,32.0,0.605,4.0,0,143,51,98.1,0.191,East,3.0,F,65.94873417721519,1
2561,David West,IND,2012-13,73,2435.401666666666,1250,563,213,0.545,0.243,0.151,7.7,49.0,32.0,0.605,4.0,0,74,69,98.2,0.157,East,3.0,F,65.92979452054794,1
201143,Al Horford,ATL,2012-13,74,2756.445,1289,757,240,0.56,0.219,0.143,3.2,44.0,38.0,0.537,0.0,0,78,78,102.6,0.149,East,6.0,C,65.76945945945945,1
201572,Brook Lopez,BKN,2012-13,74,2253.3716666666664,1437,512,70,0.567,0.282,0.148,6.1,49.0,33.0,0.598,2.0,0,33,154,102.5,0.061,East,4.0,F,63.405540540540535,1
201149,Joakim Noah,CHI,2012-13,66,2426.2616666666668,784,733,262,0.534,0.17,0.139,1.6,45.0,37.0,0.549,0.0,0,78,141,99.3,0.176,East,5.0,C,61.93060606060607,1
201588,George Hill,IND,2012-13,76,2619.616666666667,1076,284,355,0.558,0.184,0.123,8.5,49.0,32.0,0.605,4.0,0,81,26,97.9,0.22,East,3.0,G,58.223684210526315,1
201950,Jrue Holiday,PHI,2012-13,78,2925.575,1383,329,625,0.496,0.261,0.115,-2.4,34.0,48.0,0.415,-3.0,0,123,32,103.1,0.358,East,9.0,G,58.16153846153846,1
2199,Tyson Chandler,NYK,2012-13,66,2163.53,689,703,62,0.671,0.126,0.121,6.1,54.0,28.0,0.659,4.0,0,42,75,105.1,0.044,East,2.0,C,58.02530303030303,1
101145,Monta Ellis,MIL,2012-13,82,3076.403333333333,1577,316,496,0.493,0.258,0.11,-0.9,38.0,44.0,0.463,-2.0,0,169,36,104.3,0.262,East,8.0,G,57.594268292682926,1
101109,Raymond Felton,NYK,2012-13,68,2312.8083333333334,948,194,372,0.505,0.217,0.097,5.9,54.0,28.0,0.659,4.0,0,94,14,106.3,0.26,East,2.0,G,56.51558823529412,1
201142,Kevin Durant,OKC,2012-13,81,3118.8166666666666,2280,640,374,0.647,0.295,0.202,12.2,60.0,22.0,0.732,9.0,0,116,105,100.9,0.213,West,1.0,F,89.76555555555557,1
201566,Russell Westbrook,OKC,2012-13,82,2860.98,1903,428,607,0.532,0.322,0.155,11.2,60.0,22.0,0.732,9.0,0,145,24,101.2,0.372,West,1.0,G,80.83439024390243,1
101108,Chris Paul,LAC,2012-13,70,2334.8866666666668,1186,262,678,0.594,0.223,0.178,9.7,56.0,26.0,0.683,6.0,0,169,10,104.5,0.443,West,4.0,G,76.67785714285715,1
977,Kobe Bryant,LAL,2012-13,78,3012.613333333333,2133,433,469,0.57,0.313,0.156,1.9,45.0,37.0,0.549,1.0,0,106,25,106.6,0.286,West,7.0,G,75.57192307692307,1
1495,Tim Duncan,SAS,2012-13,69,2078.0316666666668,1227,686,184,0.554,0.276,0.178,10.3,58.0,24.0,0.707,6.0,0,50,183,97.8,0.151,West,2.0,F,75.29804347826088,1
2225,Tony Parker,SAS,2012-13,66,2173.89,1341,198,499,0.588,0.276,0.161,10.2,58.0,24.0,0.707,6.0,0,54,6,98.6,0.396,West,2.0,G,75.1190909090909,1
201935,James Harden,HOU,2012-13,78,2984.518333333333,2023,379,455,0.6,0.285,0.149,2.9,45.0,37.0,0.549,3.0,0,142,38,105.9,0.257,West,7.0,G,72.61166666666665,1
201933,Blake Griffin,LAC,2012-13,80,2598.4083333333333,1440,662,299,0.572,0.25,0.15,8.0,56.0,26.0,0.683,6.0,0,97,50,105.0,0.192,West,4.0,F,71.02625,1
201939,Stephen Curry,GSW,2012-13,78,2982.555,1786,314,539,0.589,0.257,0.138,2.3,47.0,35.0,0.573,1.0,0,126,12,104.7,0.298,West,6.0,G,69.65858974358974,1
101135,David Lee,GSW,2012-13,79,2907.35,1459,886,279,0.561,0.23,0.141,2.7,47.0,35.0,0.573,1.0,0,67,22,104.3,0.158,West,6.0,C,69.18905063291139,1
2216,Zach Randolph,MEM,2012-13,76,2606.991666666667,1169,854,108,0.506,0.227,0.139,5.7,56.0,26.0,0.683,4.0,0,61,31,98.3,0.073,West,4.0,C,66.81236842105262,1
201188,Marc Gasol,MEM,2012-13,80,2796.05,1127,622,318,0.559,0.192,0.146,8.2,56.0,26.0,0.683,4.0,0,80,139,96.3,0.19,West,4.0,F,66.52,1
2730,Dwight Howard,LAL,2012-13,76,2721.7816666666668,1296,945,108,0.573,0.223,0.126,2.9,45.0,37.0,0.549,1.0,0,84,186,103.4,0.068,West,7.0,C,63.90026315789474,1
201568,Danilo Gallinari,DEN,2012-13,71,2308.5783333333334,1149,367,176,0.561,0.21,0.113,7.3,57.0,25.0,0.695,5.0,0,64,36,103.0,0.113,West,3.0,F,60.07922535211267,1
2200,Pau Gasol,LAL,2012-13,49,1654.9566666666667,673,421,200,0.512,0.203,0.124,2.9,45.0,37.0,0.549,1.0,0,24,61,103.7,0.196,West,7.0,F,59.762346938775515,1
2544,LeBron James,MIA,2011-12,62,2326.215,1683,492,387,0.605,0.311,0.22,10.2,46.0,20.0,0.697,6.0,1,115,50,98.4,0.318,East,2.0,F,91.49064516129032,1
2730,Dwight Howard,ORL,2011-12,54,2069.651666666666,1113,785,104,0.569,0.259,0.172,4.1,37.0,29.0,0.561,1.0,0,81,116,100.5,0.098,East,6.0,C,75.99944444444445,1
2548,Dwyane Wade,MIA,2011-12,49,1625.1366666666668,1082,237,225,0.559,0.305,0.166,10.4,46.0,20.0,0.697,6.0,0,82,63,97.8,0.251,East,2.0,G,74.8834693877551,1
2746,Josh Smith,ATL,2011-12,66,2328.665,1239,632,257,0.499,0.278,0.147,6.2,40.0,26.0,0.606,3.0,0,93,115,99.8,0.196,East,4.0,C,70.53454545454544,1
200765,Rajon Rondo,BOS,2011-12,53,1957.3366666666664,630,257,620,0.483,0.201,0.138,4.8,39.0,27.0,0.591,3.0,0,95,3,97.9,0.498,East,5.0,G,67.98283018867924,1
2547,Chris Bosh,MIA,2011-12,57,2006.9116666666664,1025,452,103,0.551,0.239,0.136,10.0,46.0,20.0,0.697,6.0,0,51,45,97.7,0.086,East,2.0,F,67.21877192982456,1
2546,Carmelo Anthony,NYK,2011-12,55,1876.1816666666664,1245,344,200,0.525,0.311,0.146,2.5,36.0,30.0,0.545,3.0,0,62,24,101.5,0.209,East,7.0,F,67.17136363636364,1
2430,Carlos Boozer,CHI,2011-12,66,1948.3733333333328,991,564,125,0.549,0.235,0.146,6.2,50.0,16.0,0.758,8.0,0,63,24,99.8,0.112,East,1.0,F,67.00060606060606,1
708,Kevin Garnett,BOS,2011-12,60,1864.125,947,494,175,0.55,0.246,0.168,7.0,39.0,27.0,0.591,3.0,0,56,61,95.3,0.171,East,5.0,F,66.31833333333333,1
1718,Paul Pierce,BOS,2011-12,61,2074.5716666666667,1181,317,274,0.567,0.272,0.142,4.7,39.0,27.0,0.591,3.0,0,70,26,97.7,0.233,East,5.0,F,65.43942622950819,1
201149,Joakim Noah,CHI,2011-12,64,1944.8733333333328,652,629,160,0.561,0.156,0.127,7.4,50.0,16.0,0.758,8.0,0,41,92,99.6,0.122,East,1.0,C,63.02125,1
2207,Joe Johnson,ATL,2011-12,60,2126.5383333333334,1129,221,232,0.557,0.247,0.122,5.5,40.0,26.0,0.606,3.0,0,48,13,100.8,0.189,East,4.0,G,60.79166666666667,1
101145,Monta Ellis,MIL,2011-12,58,2120.423333333333,1181,200,346,0.509,0.278,0.112,-0.7,31.0,35.0,0.47,0.0,0,85,18,106.1,0.277,East,9.0,G,58.57327586206897,1
201943,Brandon Jennings,MIL,2011-12,66,2331.3,1260,226,365,0.514,0.253,0.118,-2.0,31.0,35.0,0.47,0.0,0,104,22,106.3,0.264,East,9.0,G,56.89545454545454,1
101150,Lou Williams,PHI,2011-12,64,1681.725,956,155,221,0.525,0.265,0.129,6.5,35.0,31.0,0.53,4.0,0,53,18,96.8,0.221,East,8.0,G,53.4484375,1
201142,Kevin Durant,OKC,2011-12,66,2546.3083333333334,1850,527,231,0.61,0.303,0.186,7.2,47.0,19.0,0.712,6.0,0,88,77,101.9,0.17,West,2.0,F,84.6221212121212,1
101108,Chris Paul,LAC,2011-12,60,2180.48,1189,213,543,0.581,0.237,0.186,7.4,40.0,26.0,0.606,3.0,0,152,4,104.1,0.413,West,5.0,G,76.28166666666667,1
201566,Russell Westbrook,OKC,2011-12,66,2331.265,1558,301,362,0.538,0.318,0.145,7.6,47.0,19.0,0.712,6.0,0,112,21,101.5,0.284,West,2.0,G,75.0660606060606,1
977,Kobe Bryant,LAL,2011-12,58,2232.175,1616,313,264,0.527,0.346,0.143,2.7,41.0,25.0,0.621,1.0,0,69,18,102.1,0.237,West,3.0,G,74.77051724137931,1
201933,Blake Griffin,LAC,2011-12,66,2391.883333333333,1368,717,210,0.557,0.262,0.156,7.4,40.0,26.0,0.606,3.0,0,54,48,103.6,0.156,West,5.0,C,74.16636363636363,1
2225,Tony Parker,SAS,2011-12,60,1923.1466666666668,1095,171,463,0.539,0.275,0.153,10.7,50.0,16.0,0.758,7.0,0,57,5,98.4,0.404,West,1.0,G,73.96,1
1495,Tim Duncan,SAS,2011-12,58,1634.0483333333334,895,520,132,0.531,0.26,0.163,9.2,50.0,16.0,0.758,7.0,0,38,88,97.9,0.137,West,1.0,F,70.94344827586207,1
101115,Andrew Bynum,LAL,2011-12,60,2111.54,1123,709,85,0.594,0.234,0.165,2.1,41.0,25.0,0.621,1.0,0,27,116,101.3,0.074,West,3.0,C,70.67666666666666,1
2200,Pau Gasol,LAL,2011-12,65,2429.9733333333334,1129,678,237,0.547,0.217,0.148,3.1,41.0,25.0,0.621,1.0,0,37,88,101.4,0.17,West,3.0,C,69.56038461538462,1
1717,Dirk Nowitzki,DAL,2011-12,62,2079.155,1342,418,136,0.564,0.284,0.152,5.9,36.0,30.0,0.545,1.0,0,42,30,98.1,0.119,West,7.0,F,66.0508064516129,1
201935,James Harden,OKC,2011-12,62,1946.0533333333333,1044,252,229,0.66,0.213,0.139,9.8,47.0,19.0,0.712,6.0,0,62,15,103.5,0.19,West,2.0,G,64.96645161290323,1
201188,Marc Gasol,MEM,2011-12,65,2370.31,952,579,204,0.541,0.191,0.135,5.9,41.0,25.0,0.621,2.0,0,62,121,98.3,0.138,West,3.0,F,63.64807692307692,1
959,Steve Nash,PHX,2011-12,62,1961.1,772,186,664,0.625,0.19,0.148,4.3,33.0,33.0,0.5,0.0,0,38,8,103.8,0.491,West,10.0,G,62.991129032258065,1
200794,Paul Millsap,UTA,2011-12,64,2099.48,1061,563,150,0.545,0.232,0.14,4.9,36.0,30.0,0.545,1.0,0,118,52,103.3,0.12,West,7.0,F,62.225,1
200752,Rudy Gay,MEM,2011-12,65,2422.1116666666667,1232,417,147,0.521,0.248,0.119,2.3,41.0,25.0,0.621,2.0,0,95,55,101.3,0.108,West,3.0,F,61.14961538461539,1
2544,LeBron James,MIA,2010-11,79,3062.9816666666666,2111,590,554,0.594,0.307,0.201,10.1,58.0,24.0,0.707,7.0,0,124,50,101.4,0.343,East,2.0,F,90.03753164556963,1
201565,Derrick Rose,CHI,2010-11,81,3025.8366666666666,2026,330,623,0.55,0.314,0.165,8.5,62.0,20.0,0.756,7.0,1,85,51,100.7,0.372,East,1.0,G,82.74327160493826,1
2730,Dwight Howard,ORL,2010-11,78,2934.9166666666665,1784,1098,107,0.616,0.272,0.184,8.4,52.0,30.0,0.634,5.0,0,107,186,100.6,0.067,East,4.0,C,81.34179487179486,1
2548,Dwyane Wade,MIA,2010-11,76,2823.2116666666666,1941,485,346,0.581,0.308,0.164,10.4,58.0,24.0,0.707,7.0,0,111,87,102.4,0.223,East,2.0,G,80.23631578947368,1
2430,Carlos Boozer,CHI,2010-11,59,1881.7616666666668,1033,565,145,0.542,0.267,0.142,6.9,62.0,20.0,0.756,7.0,0,45,18,102.4,0.137,East,1.0,F,71.2914406779661,1
708,Kevin Garnett,BOS,2010-11,71,2219.7566666666667,1056,631,171,0.575,0.219,0.168,12.9,56.0,26.0,0.683,5.0,0,95,57,96.4,0.127,East,3.0,F,69.6657042253521,1
2547,Chris Bosh,MIA,2010-11,77,2794.7633333333333,1438,641,144,0.569,0.232,0.139,11.2,58.0,24.0,0.707,7.0,0,59,49,100.5,0.086,East,2.0,F,69.38012987012986,1
2546,Carmelo Anthony,NYK,2010-11,77,2751.25,1970,563,221,0.557,0.318,0.143,3.8,42.0,40.0,0.512,1.0,0,68,46,108.4,0.149,East,6.0,F,69.27363636363636,1
200765,Rajon Rondo,BOS,2010-11,68,2526.7816666666668,721,297,760,0.495,0.179,0.131,8.9,56.0,26.0,0.683,5.0,0,153,11,99.8,0.448,East,3.0,G,68.42382352941176,1
2405,Amar'e Stoudemire,NYK,2010-11,78,2870.0116666666668,1971,636,202,0.565,0.307,0.137,1.3,42.0,40.0,0.512,1.0,0,71,150,109.9,0.128,East,6.0,F,68.32346153846154,1
201149,Joakim Noah,CHI,2010-11,48,1575.5283333333334,561,498,107,0.579,0.163,0.128,5.7,62.0,20.0,0.756,7.0,0,48,72,101.1,0.105,East,1.0,C,64.38625,1
201143,Al Horford,ATL,2010-11,77,2703.7066666666665,1178,718,266,0.587,0.197,0.15,0.7,44.0,38.0,0.537,-1.0,0,59,80,105.2,0.169,East,5.0,C,62.955129870129866,1
2738,Andre Iguodala,PHI,2010-11,67,2468.688333333333,945,387,422,0.53,0.191,0.126,3.4,41.0,41.0,0.5,2.0,0,101,38,101.9,0.261,East,7.0,G,58.93358208955224,1
2207,Joe Johnson,ATL,2010-11,72,2554.405,1312,291,338,0.517,0.261,0.112,1.6,44.0,38.0,0.537,-1.0,0,47,7,105.5,0.23,East,5.0,G,57.823888888888895,1
2749,Jameer Nelson,ORL,2010-11,76,2318.8233333333333,997,226,456,0.548,0.217,0.111,7.0,52.0,30.0,0.634,5.0,0,75,3,102.5,0.324,East,4.0,G,57.55684210526316,1
201142,Kevin Durant,OKC,2010-11,78,3037.6216666666664,2161,533,214,0.589,0.296,0.159,4.1,55.0,27.0,0.671,4.0,0,88,76,106.8,0.127,West,4.0,F,77.07551282051283,1
977,Kobe Bryant,LAL,2010-11,82,2778.6633333333334,2078,419,388,0.548,0.343,0.156,7.3,57.0,25.0,0.695,6.0,0,99,12,104.2,0.258,West,2.0,G,76.84573170731707,1
201566,Russell Westbrook,OKC,2010-11,82,2847.38,1793,379,670,0.538,0.311,0.154,2.1,55.0,27.0,0.671,4.0,0,155,30,106.8,0.422,West,4.0,G,75.72329268292684,1
1717,Dirk Nowitzki,DAL,2010-11,73,2503.9366666666665,1681,513,190,0.612,0.274,0.169,10.3,57.0,25.0,0.695,4.0,0,38,47,100.4,0.136,West,2.0,F,75.68938356164384,1
2200,Pau Gasol,LAL,2010-11,82,3037.083333333333,1541,836,273,0.589,0.214,0.159,8.6,57.0,25.0,0.695,6.0,0,48,130,102.1,0.148,West,2.0,C,74.92073170731709,1
2216,Zach Randolph,MEM,2010-11,75,2723.5583333333334,1504,914,163,0.552,0.247,0.162,4.7,46.0,36.0,0.561,2.0,0,63,25,104.4,0.1,West,7.0,C,72.14233333333333,1
2225,Tony Parker,SAS,2010-11,78,2527.6583333333333,1368,238,513,0.569,0.251,0.139,6.4,61.0,21.0,0.744,6.0,0,90,3,102.5,0.345,West,1.0,G,68.88538461538461,1
1495,Tim Duncan,SAS,2010-11,76,2156.218333333333,1022,678,203,0.537,0.225,0.154,10.0,61.0,21.0,0.744,6.0,0,50,146,100.3,0.15,West,1.0,F,68.37921052631579,1
200746,LaMarcus Aldridge,POR,2010-11,81,3211.4216666666666,1769,709,170,0.549,0.257,0.141,4.9,48.0,34.0,0.585,2.0,0,82,94,104.2,0.099,West,6.0,F,68.36635802469135,1
1938,Manu Ginobili,SAS,2010-11,80,2425.49,1393,295,393,0.581,0.248,0.138,11.0,61.0,21.0,0.744,6.0,0,123,28,100.7,0.249,West,1.0,G,68.07625,1
959,Steve Nash,PHX,2010-11,75,2496.778333333333,1106,260,855,0.601,0.205,0.152,4.8,40.0,42.0,0.488,-1.0,0,48,4,107.9,0.498,West,9.0,G,67.04666666666667,1
1885,Lamar Odom,LAL,2010-11,82,2638.715,1180,710,249,0.589,0.194,0.143,7.0,57.0,25.0,0.695,6.0,0,47,61,102.8,0.154,West,2.0,F,66.23536585365854,1
101109,Raymond Felton,DEN,2010-11,75,2737.295,1164,269,625,0.524,0.21,0.115,2.2,50.0,32.0,0.61,5.0,0,125,11,107.3,0.347,West,5.0,G,62.67399999999999,1
101115,Andrew Bynum,LAL,2010-11,54,1500.005,612,508,73,0.606,0.178,0.143,7.4,57.0,25.0,0.695,6.0,0,19,106,99.6,0.079,West,2.0,C,61.65,1
200752,Rudy Gay,MEM,2010-11,54,2151.7633333333333,1069,336,153,0.548,0.23,0.122,3.3,46.0,36.0,0.561,2.0,0,91,58,103.1,0.116,West,7.0,F,61.36796296296297,1
2544,LeBron James,CLE,2009-10,76,2965.73,2258,554,651,0.604,0.328,0.218,11.0,61.0,21.0,0.744,7.0,1,125,77,103.0,0.398,East,1.0,F,98.17657894736843,1
2548,Dwyane Wade,MIA,2009-10,77,2792.435,2045,373,501,0.562,0.337,0.178,6.3,47.0,35.0,0.573,2.0,0,142,82,103.8,0.334,East,5.0,G,78.69616883116883,1
2730,Dwight Howard,ORL,2009-10,82,2842.8016666666667,1503,1082,144,0.63,0.241,0.167,11.3,59.0,23.0,0.72,7.0,0,75,228,100.9,0.087,East,2.0,C,77.92256097560976,1
2547,Chris Bosh,TOR,2009-10,70,2525.525,1678,759,166,0.592,0.285,0.167,0.3,40.0,42.0,0.488,-2.0,0,43,68,110.6,0.116,East,9.0,C,71.955,1
2207,Joe Johnson,ATL,2009-10,76,2885.775,1619,353,369,0.538,0.264,0.126,6.2,53.0,29.0,0.646,5.0,0,82,5,106.6,0.216,East,3.0,G,67.68921052631579,1
200765,Rajon Rondo,BOS,2009-10,81,2963.06,1110,360,794,0.54,0.198,0.143,4.7,50.0,32.0,0.61,4.0,0,189,11,102.4,0.425,East,4.0,G,67.51574074074074,1
2746,Josh Smith,ATL,2009-10,81,2870.483333333333,1269,705,342,0.536,0.221,0.13,7.3,53.0,29.0,0.646,5.0,0,130,172,104.5,0.187,East,3.0,F,66.64944444444444,1
2222,Gerald Wallace,CHA,2009-10,76,3119.418333333333,1386,762,161,0.586,0.202,0.144,2.5,44.0,38.0,0.537,1.0,0,117,83,101.4,0.09,East,7.0,C,64.58105263157896,1
1712,Antawn Jamison,CLE,2009-10,66,2405.8033333333333,1235,555,84,0.529,0.234,0.112,0.7,61.0,21.0,0.744,7.0,0,71,21,106.9,0.058,East,1.0,F,64.40712121212121,1
201565,Derrick Rose,CHI,2009-10,78,2870.95,1619,293,469,0.532,0.268,0.137,-0.4,41.0,41.0,0.5,-2.0,0,57,27,103.6,0.297,East,8.0,G,62.88333333333333,1
708,Kevin Garnett,BOS,2009-10,69,2060.1716666666666,990,506,185,0.569,0.218,0.151,7.4,50.0,32.0,0.61,4.0,0,68,57,100.5,0.148,East,4.0,F,62.4195652173913,1
1713,Vince Carter,ORL,2009-10,75,2310.458333333333,1244,293,236,0.541,0.247,0.119,11.2,59.0,23.0,0.72,7.0,0,53,18,99.3,0.177,East,2.0,F,62.29466666666666,1
2590,Mo Williams,CLE,2009-10,69,2358.958333333333,1092,206,368,0.58,0.214,0.109,4.8,61.0,21.0,0.744,7.0,0,70,21,104.2,0.247,East,1.0,G,61.82869565217391,1
1718,Paul Pierce,BOS,2009-10,71,2410.7466666666664,1296,310,218,0.613,0.235,0.127,5.1,50.0,32.0,0.61,4.0,0,84,31,102.0,0.15,East,4.0,F,60.373591549295774,1
2749,Jameer Nelson,ORL,2009-10,65,1860.0516666666667,818,194,353,0.54,0.222,0.118,8.7,59.0,23.0,0.72,7.0,0,48,2,100.9,0.323,East,2.0,G,59.88730769230769,1
201142,Kevin Durant,OKC,2009-10,82,3239.325,2472,623,231,0.607,0.311,0.183,6.2,50.0,32.0,0.61,3.0,0,112,84,102.7,0.13,West,6.0,F,81.6390243902439,1
977,Kobe Bryant,LAL,2009-10,73,2835.383333333333,1970,391,365,0.545,0.319,0.147,8.1,57.0,25.0,0.695,5.0,0,113,20,101.8,0.23,West,1.0,G,78.48869863013698,1
1717,Dirk Nowitzki,DAL,2009-10,81,3038.681666666667,2027,620,218,0.578,0.284,0.161,5.4,55.0,27.0,0.671,3.0,0,70,79,103.3,0.128,West,2.0,F,75.82691358024691,1
2546,Carmelo Anthony,DEN,2009-10,69,2634.225,1943,454,222,0.548,0.327,0.14,5.5,53.0,29.0,0.646,4.0,0,88,30,106.2,0.159,West,4.0,F,75.63615942028986,1
2200,Pau Gasol,LAL,2009-10,65,2403.313333333333,1190,734,218,0.593,0.21,0.16,6.0,57.0,25.0,0.695,5.0,0,37,113,103.3,0.147,West,1.0,C,75.23923076923077,1
101114,Deron Williams,UTA,2009-10,76,2801.5,1419,303,798,0.574,0.237,0.146,8.2,53.0,29.0,0.646,5.0,0,96,16,104.3,0.429,West,4.0,G,75.23526315789472,1
2430,Carlos Boozer,UTA,2009-10,78,2672.713333333333,1519,874,247,0.599,0.245,0.163,5.4,53.0,29.0,0.646,5.0,0,84,36,105.3,0.155,West,4.0,C,74.70051282051281,1
959,Steve Nash,PHX,2009-10,81,2659.99,1333,268,892,0.615,0.223,0.155,6.7,54.0,28.0,0.659,5.0,0,42,12,109.4,0.483,West,3.0,G,73.89067901234567,1
1495,Tim Duncan,SAS,2009-10,78,2438.1866666666665,1395,788,246,0.56,0.263,0.18,8.2,50.0,32.0,0.61,5.0,0,45,117,101.1,0.175,West,6.0,F,73.08846153846153,1
2405,Amar'e Stoudemire,PHX,2009-10,82,2837.5616666666665,1896,732,82,0.615,0.27,0.137,5.4,54.0,28.0,0.659,5.0,0,52,83,109.4,0.047,West,3.0,F,70.15414634146342,1
200750,Brandon Roy,POR,2009-10,65,2418.5416666666665,1398,285,305,0.568,0.263,0.143,5.2,50.0,32.0,0.61,3.0,0,61,16,106.5,0.228,West,6.0,G,67.70769230769231,1
2216,Zach Randolph,MEM,2009-10,81,3050.893333333333,1681,950,149,0.546,0.243,0.141,-0.2,40.0,42.0,0.488,-2.0,0,80,34,109.2,0.08,West,10.0,C,66.27641975308642,1
1497,Chauncey Billups,DEN,2009-10,73,2489.596666666667,1427,228,409,0.601,0.239,0.138,4.5,53.0,29.0,0.646,4.0,0,82,9,107.1,0.27,West,4.0,G,66.005,1
201566,Russell Westbrook,OKC,2009-10,82,2812.583333333333,1322,401,652,0.491,0.25,0.12,4.3,50.0,32.0,0.61,3.0,0,108,34,104.6,0.367,West,6.0,G,65.29207317073171,1
1885,Lamar Odom,LAL,2009-10,82,2584.5816666666665,882,802,267,0.533,0.166,0.131,5.7,57.0,25.0,0.695,5.0,0,75,59,100.3,0.159,West,1.0,F,62.75182926829268,1
2544,LeBron James,CLE,2008-09,81,3054.063333333333,2304,613,587,0.591,0.33,0.226,14.6,66.0,16.0,0.805,9.0,1,137,93,99.4,0.365,East,1.0,F,98.7962962962963,1
2548,Dwyane Wade,MIA,2008-09,79,3048.0416666666665,2386,398,589,0.574,0.352,0.195,3.6,43.0,39.0,0.524,0.0,0,173,106,105.4,0.377,East,5.0,G,83.55164556962026,1
2730,Dwight Howard,ORL,2008-09,79,2821.235,1624,1093,112,0.6,0.258,0.173,10.1,59.0,23.0,0.72,7.0,0,77,231,100.3,0.072,East,3.0,C,80.71107594936709,1
708,Kevin Garnett,BOS,2008-09,57,1771.4833333333331,899,485,144,0.563,0.232,0.17,13.6,62.0,20.0,0.756,8.0,0,63,68,97.3,0.137,East,2.0,F,72.85192982456141,1
1718,Paul Pierce,BOS,2008-09,81,3035.451666666667,1658,457,294,0.582,0.251,0.132,8.8,62.0,20.0,0.756,8.0,0,80,27,101.1,0.161,East,2.0,F,70.76395061728395,1
200765,Rajon Rondo,BOS,2008-09,80,2642.19,953,416,659,0.543,0.189,0.142,9.9,62.0,20.0,0.756,8.0,0,149,11,101.1,0.377,East,2.0,G,69.86374999999998,1
2590,Mo Williams,CLE,2008-09,81,2834.095,1443,279,329,0.588,0.229,0.118,10.8,66.0,16.0,0.805,9.0,0,69,9,100.3,0.199,East,1.0,G,66.69074074074074,1
2045,Hedo Turkoglu,ORL,2008-09,77,2815.105,1294,410,375,0.541,0.227,0.115,9.1,59.0,23.0,0.72,7.0,0,64,19,99.5,0.223,East,3.0,F,65.875,1
2207,Joe Johnson,ATL,2008-09,79,3124.383333333333,1688,346,455,0.534,0.262,0.123,2.5,47.0,35.0,0.573,2.0,0,84,19,107.0,0.256,East,4.0,G,65.3770253164557,1
1740,Rashard Lewis,ORL,2008-09,79,2858.965,1401,453,205,0.58,0.214,0.118,10.4,59.0,23.0,0.72,7.0,0,81,51,100.2,0.121,East,3.0,F,64.50759493670886,1
951,Ray Allen,BOS,2008-09,79,2875.73,1434,278,218,0.624,0.203,0.119,10.9,62.0,20.0,0.756,8.0,0,69,13,100.5,0.121,East,2.0,F,63.81892405063291,1
1889,Andre Miller,PHI,2008-09,82,2976.225,1337,368,534,0.548,0.215,0.131,1.6,41.0,41.0,0.5,0.0,0,109,14,104.8,0.298,East,6.0,G,59.958536585365856,1
2211,Troy Murphy,IND,2008-09,73,2482.385,1041,861,172,0.614,0.167,0.14,-0.6,36.0,46.0,0.439,-1.0,0,58,34,108.7,0.103,East,9.0,C,58.96794520547945,1
2753,Delonte West,CLE,2008-09,64,2151.64,751,203,226,0.559,0.166,0.098,14.8,66.0,16.0,0.805,9.0,0,94,13,97.9,0.162,East,1.0,G,58.487500000000004,1
201143,Al Horford,ATL,2008-09,67,2242.2116666666666,773,624,163,0.565,0.165,0.125,0.6,47.0,35.0,0.573,2.0,0,53,95,106.5,0.119,East,4.0,C,56.20268656716418,1
977,Kobe Bryant,LAL,2008-09,82,2960.0333333333333,2201,429,399,0.561,0.317,0.159,10.9,65.0,17.0,0.793,8.0,0,120,37,103.4,0.232,West,1.0,G,82.83329268292684,1
2200,Pau Gasol,LAL,2008-09,81,2999.3516666666665,1528,780,284,0.617,0.203,0.153,9.4,65.0,17.0,0.793,8.0,0,52,81,103.7,0.146,West,1.0,C,77.11901234567901,1
1495,Tim Duncan,SAS,2008-09,75,2524.018333333333,1450,800,264,0.549,0.285,0.167,5.2,54.0,28.0,0.659,4.0,0,38,126,103.6,0.188,West,2.0,F,75.18333333333332,1
1717,Dirk Nowitzki,DAL,2008-09,81,3050.458333333333,2094,681,197,0.564,0.295,0.16,3.5,50.0,32.0,0.61,2.0,0,61,63,106.5,0.117,West,6.0,F,74.76388888888889,1
200750,Brandon Roy,POR,2008-09,78,2903.315,1765,370,400,0.573,0.272,0.159,9.0,54.0,28.0,0.659,5.0,0,88,22,105.5,0.243,West,2.0,G,73.93282051282051,1
2225,Tony Parker,SAS,2008-09,72,2455.705,1581,223,496,0.556,0.313,0.154,6.6,54.0,28.0,0.659,4.0,0,67,4,104.1,0.371,West,2.0,G,72.82833333333335,1
101114,Deron Williams,UTA,2008-09,68,2505.18,1322,195,725,0.573,0.244,0.149,3.7,48.0,34.0,0.585,3.0,0,73,20,108.4,0.457,West,7.0,G,72.24999999999999,1
2397,Yao Ming,HOU,2008-09,77,2588.9066666666668,1514,761,137,0.618,0.258,0.161,8.9,53.0,29.0,0.646,4.0,0,30,150,100.1,0.096,West,5.0,C,71.89590909090909,1
2546,Carmelo Anthony,DEN,2008-09,66,2277.0866666666666,1504,450,222,0.532,0.313,0.131,6.5,54.0,28.0,0.659,3.0,0,75,24,105.0,0.172,West,2.0,F,70.51015151515152,1
959,Steve Nash,PHX,2008-09,74,2483.983333333333,1160,223,717,0.615,0.207,0.137,4.2,46.0,36.0,0.561,2.0,0,55,10,110.7,0.403,West,8.0,G,65.40567567567568,1
2405,Amar'e Stoudemire,PHX,2008-09,53,1947.8833333333328,1134,430,104,0.617,0.245,0.136,3.0,46.0,36.0,0.561,2.0,0,49,57,107.2,0.087,West,8.0,F,65.25547169811321,1
1497,Chauncey Billups,DEN,2008-09,79,2788.465,1400,239,506,0.592,0.216,0.132,5.3,54.0,28.0,0.659,3.0,0,93,18,106.3,0.287,West,2.0,G,65.25449367088608,1
101115,Andrew Bynum,LAL,2008-09,50,1446.0816666666667,714,398,71,0.598,0.206,0.124,8.3,65.0,17.0,0.793,8.0,0,18,90,102.0,0.076,West,1.0,F,64.227,1
1885,Lamar Odom,LAL,2008-09,78,2315.8116666666665,885,637,204,0.542,0.178,0.115,15.3,65.0,17.0,0.793,8.0,0,77,98,99.1,0.126,West,1.0,F,64.18423076923078,1
2744,Al Jefferson,MIN,2008-09,50,1835.7866666666664,1156,548,79,0.532,0.285,0.156,-2.6,24.0,58.0,0.293,-5.0,0,39,83,109.0,0.082,West,10.0,C,62.382000000000005,1
2544,LeBron James,CLE,2007-08,75,3026.798333333333,2250,592,539,0.568,0.328,0.199,1.7,45.0,37.0,0.549,0.0,0,138,81,105.5,0.352,East,4.0,F,87.04700000000001,1
708,Kevin Garnett,BOS,2007-08,71,2327.98,1337,655,244,0.588,0.256,0.197,16.0,66.0,16.0,0.805,10.0,0,100,89,96.0,0.186,East,1.0,C,82.90633802816902,1
2730,Dwight Howard,ORL,2007-08,82,3087.7266666666665,1695,1161,110,0.619,0.239,0.155,7.5,52.0,30.0,0.634,5.0,0,74,176,105.0,0.059,East,3.0,C,76.06817073170731,1
1718,Paul Pierce,BOS,2007-08,80,2873.6766666666667,1570,411,363,0.599,0.245,0.147,14.1,66.0,16.0,0.805,10.0,0,101,36,97.3,0.21,East,1.0,F,74.97125,1
1497,Chauncey Billups,DET,2007-08,78,2522.2116666666666,1324,212,529,0.619,0.227,0.159,10.8,59.0,23.0,0.72,7.0,0,101,17,101.4,0.341,East,2.0,G,70.60897435897436,1
2547,Chris Bosh,TOR,2007-08,67,2424.465,1496,583,171,0.588,0.282,0.156,8.4,41.0,41.0,0.5,3.0,0,63,67,103.8,0.123,East,6.0,F,69.29850746268656,1
2045,Hedo Turkoglu,ORL,2007-08,82,3026.201666666667,1602,471,409,0.576,0.246,0.124,7.1,52.0,30.0,0.634,5.0,0,74,25,104.5,0.224,East,3.0,F,67.1059756097561,1
2406,Caron Butler,WAS,2007-08,58,2313.82,1180,388,284,0.558,0.236,0.136,3.9,43.0,39.0,0.524,0.0,0,128,20,106.8,0.21,East,5.0,F,66.01224137931034,1
1712,Antawn Jamison,WAS,2007-08,79,3060.776666666666,1689,806,120,0.525,0.253,0.133,2.9,43.0,39.0,0.524,0.0,0,106,34,106.8,0.07,East,5.0,C,65.64626582278481,1
951,Ray Allen,BOS,2007-08,73,2623.535,1273,268,225,0.584,0.212,0.111,12.4,66.0,16.0,0.805,10.0,0,65,16,99.0,0.139,East,1.0,F,64.81712328767124,1
1888,Richard Hamilton,DET,2007-08,72,2424.238333333333,1244,235,299,0.552,0.242,0.117,8.2,59.0,23.0,0.72,7.0,0,73,10,102.3,0.215,East,2.0,G,62.77361111111111,1
200765,Rajon Rondo,BOS,2007-08,77,2305.7233333333334,814,322,393,0.515,0.186,0.113,13.7,66.0,16.0,0.805,10.0,0,129,13,97.1,0.263,East,1.0,G,62.12045454545454,1
2207,Joe Johnson,ATL,2007-08,82,3342.793333333333,1779,367,474,0.535,0.253,0.121,-0.5,37.0,45.0,0.451,-2.0,0,84,18,106.7,0.251,East,8.0,G,61.24158536585366,1
1889,Andre Miller,PHI,2007-08,82,3015.8766666666666,1398,324,565,0.537,0.226,0.13,-1.1,40.0,42.0,0.488,0.0,0,105,6,106.0,0.318,East,7.0,G,59.49060975609756,1
101181,Jose Calderon,TOR,2007-08,82,2483.515,922,236,678,0.607,0.164,0.143,3.9,41.0,41.0,0.5,3.0,0,87,6,106.4,0.42,East,6.0,G,57.375,1
977,Kobe Bryant,LAL,2007-08,82,3192.276666666666,2323,517,441,0.576,0.309,0.159,8.9,57.0,25.0,0.695,7.0,1,151,40,103.9,0.236,West,1.0,G,82.9371951219512,1
1717,Dirk Nowitzki,DAL,2007-08,77,2768.648333333333,1817,659,266,0.585,0.283,0.176,8.7,51.0,31.0,0.622,5.0,0,51,71,103.7,0.171,West,6.0,F,77.48435064935065,1
1495,Tim Duncan,SAS,2007-08,78,2650.786666666667,1508,881,218,0.546,0.28,0.177,8.3,56.0,26.0,0.683,5.0,0,56,152,99.9,0.152,West,2.0,F,77.34448717948717,1
2405,Amar'e Stoudemire,PHX,2007-08,79,2676.7916666666665,1989,719,118,0.656,0.278,0.168,8.1,55.0,27.0,0.671,5.0,0,64,163,107.9,0.072,West,3.0,C,77.29424050632912,1
2397,Yao Ming,HOU,2007-08,55,2043.868333333333,1209,594,129,0.587,0.266,0.167,4.8,55.0,27.0,0.671,5.0,0,25,111,99.2,0.116,West,3.0,C,76.49,1
959,Steve Nash,PHX,2007-08,81,2779.865,1371,282,898,0.641,0.213,0.15,9.4,55.0,27.0,0.671,5.0,0,53,5,106.9,0.447,West,3.0,G,75.21333333333334,1
2430,Carlos Boozer,UTA,2007-08,81,2826.6016666666665,1708,844,233,0.581,0.263,0.155,7.4,54.0,28.0,0.659,7.0,0,100,41,106.1,0.135,West,5.0,C,75.02493827160492,1
101114,Deron Williams,UTA,2007-08,82,3058.931666666667,1545,243,862,0.595,0.229,0.146,7.2,54.0,28.0,0.659,7.0,0,90,23,106.0,0.427,West,5.0,G,74.33585365853658,1
947,Allen Iverson,DEN,2007-08,82,3423.806666666667,2164,243,586,0.567,0.263,0.136,5.1,50.0,32.0,0.61,4.0,0,160,12,104.7,0.271,West,7.0,G,73.84085365853659,1
2546,Carmelo Anthony,DEN,2007-08,77,2806.225,1978,571,259,0.568,0.296,0.133,2.7,50.0,32.0,0.61,4.0,0,98,39,106.6,0.156,West,7.0,F,71.90746753246754,1
1503,Tracy McGrady,HOU,2007-08,66,2439.9933333333333,1427,339,387,0.487,0.3,0.138,5.5,55.0,27.0,0.671,5.0,0,68,30,100.4,0.294,West,3.0,G,71.88530303030304,1
1938,Manu Ginobili,SAS,2007-08,74,2299.0816666666665,1442,354,332,0.612,0.274,0.169,8.6,56.0,26.0,0.683,5.0,0,109,33,98.2,0.257,West,2.0,G,71.49675675675677,1
2200,Pau Gasol,LAL,2007-08,66,2350.78,1246,553,211,0.594,0.223,0.145,4.6,57.0,25.0,0.695,7.0,0,30,98,105.5,0.148,West,1.0,F,70.22878787878787,1
2572,Josh Howard,DAL,2007-08,76,2757.151666666666,1513,532,164,0.534,0.254,0.125,8.1,51.0,31.0,0.622,5.0,0,59,32,102.9,0.103,West,6.0,F,64.72973684210527,1
2246,Mehmet Okur,UTA,2007-08,72,2389.7116666666666,1047,556,145,0.556,0.197,0.103,7.8,54.0,28.0,0.659,7.0,0,55,29,105.2,0.089,West,5.0,F,58.84916666666667,1
2544,LeBron James,CLE,2006-07,78,3190.29,2132,526,470,0.552,0.303,0.181,5.7,50.0,32.0,0.61,4.0,0,125,55,99.9,0.281,East,2.0,F,82.28910256410255,1
2548,Dwyane Wade,MIA,2006-07,51,1930.621666666667,1397,239,384,0.583,0.333,0.195,2.0,44.0,38.0,0.537,-1.0,0,107,62,104.1,0.378,East,5.0,G,80.41980392156863,1
2547,Chris Bosh,TOR,2006-07,69,2657.6866666666665,1561,741,175,0.577,0.266,0.158,3.8,47.0,35.0,0.573,1.0,0,39,90,103.8,0.115,East,4.0,C,73.25449275362318,1
2240,Gilbert Arenas,WAS,2006-07,74,2941.701666666667,2105,338,443,0.565,0.302,0.142,2.9,41.0,41.0,0.5,-1.0,0,139,13,108.5,0.257,East,6.0,G,72.83175675675675,1
1497,Chauncey Billups,DET,2006-07,70,2533.468333333333,1191,237,502,0.591,0.212,0.146,7.5,53.0,29.0,0.646,4.0,0,84,17,103.0,0.321,East,1.0,G,67.68928571428572,1
2730,Dwight Howard,ORL,2006-07,82,3023.42,1443,1008,158,0.619,0.225,0.162,1.4,40.0,42.0,0.488,1.0,0,70,156,102.9,0.092,East,7.0,C,66.4290243902439,1
2736,Luol Deng,CHI,2006-07,82,3071.3783333333336,1540,579,204,0.56,0.219,0.145,6.7,49.0,33.0,0.598,5.0,0,97,48,98.2,0.115,East,3.0,F,65.10036585365853,1
2732,Ben Gordon,CHI,2006-07,82,2703.7883333333334,1753,258,296,0.572,0.286,0.127,6.6,49.0,33.0,0.598,5.0,0,64,17,98.9,0.194,East,3.0,G,62.85829268292682,1
1888,Richard Hamilton,DET,2006-07,75,2763.405,1485,282,285,0.551,0.255,0.115,7.1,53.0,29.0,0.646,4.0,0,59,15,101.7,0.184,East,1.0,G,62.666999999999994,1
2550,Kirk Hinrich,CHI,2006-07,80,2838.998333333333,1327,274,500,0.559,0.213,0.124,6.0,49.0,33.0,0.598,5.0,0,100,23,98.7,0.291,East,3.0,G,61.912499999999994,1
979,Jermaine O'Neal,IND,2006-07,69,2458.793333333333,1339,661,167,0.5,0.282,0.139,-0.1,35.0,47.0,0.427,-2.0,0,50,182,102.6,0.128,East,8.0,C,61.216884057971015,1
2406,Caron Butler,WAS,2006-07,63,2474.315,1203,467,233,0.537,0.227,0.119,1.2,41.0,41.0,0.5,-1.0,0,134,17,108.9,0.154,East,6.0,F,60.738095238095234,1
1712,Antawn Jamison,WAS,2006-07,70,2661.53,1388,562,136,0.545,0.224,0.116,1.2,41.0,41.0,0.5,-1.0,0,80,36,110.1,0.084,East,6.0,F,59.277142857142856,1
2419,Tayshaun Prince,DET,2006-07,82,3000.78,1171,429,227,0.534,0.188,0.106,5.8,53.0,29.0,0.646,4.0,0,51,55,102.6,0.127,East,1.0,F,56.1409756097561,1
185,Chris Webber,DET,2006-07,61,1820.631666666667,684,437,188,0.482,0.213,0.109,2.4,53.0,29.0,0.646,4.0,0,60,41,104.4,0.17,East,1.0,F,55.312786885245906,1
1717,Dirk Nowitzki,DAL,2006-07,78,2820.3,1916,693,263,0.605,0.283,0.201,11.6,67.0,15.0,0.817,7.0,1,52,62,102.1,0.169,West,1.0,F,87.79333333333334,1
959,Steve Nash,PHX,2006-07,76,2682.435,1412,269,884,0.654,0.223,0.165,11.3,61.0,21.0,0.744,7.0,0,57,6,105.4,0.468,West,2.0,G,81.91868421052631,1
1495,Tim Duncan,SAS,2006-07,80,2725.9333333333334,1599,846,273,0.579,0.279,0.189,14.6,58.0,24.0,0.707,8.0,0,66,190,96.5,0.182,West,3.0,F,81.55625,1
977,Kobe Bryant,LAL,2006-07,77,3139.675,2430,439,413,0.58,0.328,0.172,1.3,42.0,40.0,0.512,0.0,0,111,36,106.9,0.249,West,7.0,G,79.33045454545454,1
2397,Yao Ming,HOU,2006-07,48,1623.72,1202,452,94,0.601,0.324,0.185,8.9,52.0,30.0,0.634,5.0,0,17,94,97.4,0.115,West,4.0,C,79.02416666666666,1
1503,Tracy McGrady,HOU,2006-07,71,2538.9533333333334,1747,378,458,0.515,0.34,0.161,7.7,52.0,30.0,0.634,5.0,0,92,36,99.3,0.353,West,4.0,G,77.71542253521126,1
2430,Carlos Boozer,UTA,2006-07,74,2556.741666666667,1549,867,221,0.588,0.262,0.181,2.9,51.0,31.0,0.622,3.0,0,70,21,106.3,0.158,West,5.0,C,76.95662162162162,1
2405,Amar'e Stoudemire,PHX,2006-07,82,2689.005,1671,786,84,0.637,0.252,0.144,8.3,61.0,21.0,0.744,7.0,0,78,110,105.6,0.049,West,2.0,C,72.2120731707317,1
2546,Carmelo Anthony,DEN,2006-07,65,2485.548333333333,1881,391,249,0.552,0.328,0.134,1.7,45.0,37.0,0.549,2.0,0,77,23,107.0,0.183,West,6.0,F,72.19807692307693,1
947,Allen Iverson,DEN,2006-07,65,2761.2716666666665,1709,193,468,0.54,0.288,0.133,-0.2,45.0,37.0,0.549,2.0,0,123,13,104.9,0.302,West,6.0,G,70.37538461538462,1
2572,Josh Howard,DAL,2006-07,70,2455.4333333333334,1321,475,127,0.548,0.248,0.132,10.6,67.0,15.0,0.817,7.0,0,82,56,101.6,0.088,West,1.0,F,70.0957142857143,1
2225,Tony Parker,SAS,2006-07,77,2498.9066666666668,1429,250,420,0.572,0.272,0.155,10.6,58.0,24.0,0.707,8.0,0,82,6,98.3,0.307,West,3.0,G,69.99636363636364,1
1938,Manu Ginobili,SAS,2006-07,75,2060.4216666666666,1240,327,263,0.609,0.259,0.171,14.0,58.0,24.0,0.707,8.0,0,109,27,95.1,0.223,West,3.0,G,68.83533333333334,1
1885,Lamar Odom,LAL,2006-07,56,2202.1766666666667,890,547,270,0.552,0.195,0.124,1.5,42.0,40.0,0.512,0.0,0,53,32,106.0,0.193,West,7.0,F,62.981428571428566,1
2246,Mehmet Okur,UTA,2006-07,80,2664.4466666666667,1405,579,156,0.571,0.226,0.118,0.9,51.0,31.0,0.622,3.0,0,36,38,108.6,0.097,West,5.0,F,59.8575,1
2544,LeBron James,CLE,2005-06,79,3360.616666666667,2478,556,521,0.568,0.329,0.192,3.8,50.0,32.0,0.61,2.0,0,123,66,104.4,0.315,East,3.0,F,88.15506329113924,1
2548,Dwyane Wade,MIA,2005-06,75,2892.383333333333,2040,430,503,0.577,0.318,0.186,8.4,52.0,30.0,0.634,4.0,0,146,58,102.1,0.312,East,2.0,G,83.86,1
947,Allen Iverson,PHI,2005-06,72,3103.188333333333,2377,232,532,0.543,0.35,0.163,0.1,38.0,44.0,0.463,-2.0,0,140,10,106.5,0.331,East,8.0,G,78.17888888888889,1
1497,Chauncey Billups,DET,2005-06,81,2924.556666666667,1495,252,699,0.602,0.225,0.162,10.8,64.0,18.0,0.78,7.0,0,71,8,100.5,0.392,East,1.0,G,77.43456790123457,1
2240,Gilbert Arenas,WAS,2005-06,80,3384.255,2346,280,484,0.581,0.297,0.147,2.9,42.0,40.0,0.512,2.0,0,161,25,106.3,0.261,East,4.0,G,73.38499999999999,1
1718,Paul Pierce,BOS,2005-06,79,3084.465,2116,530,375,0.582,0.307,0.16,-0.7,33.0,49.0,0.402,-2.0,0,107,34,107.5,0.224,East,10.0,F,69.84069620253165,1
406,Shaquille O'Neal,MIA,2005-06,59,1805.7283333333328,1181,541,113,0.586,0.296,0.142,7.6,52.0,30.0,0.634,4.0,0,23,104,104.0,0.111,East,2.0,C,69.01322033898305,1
1888,Richard Hamilton,DET,2005-06,80,2824.785,1609,256,275,0.553,0.272,0.115,9.6,64.0,18.0,0.78,7.0,0,52,16,100.2,0.183,East,1.0,G,66.40875000000001,1
979,Jermaine O'Neal,IND,2005-06,51,1802.3933333333327,1024,476,133,0.53,0.289,0.152,3.3,41.0,41.0,0.5,2.0,0,27,117,100.5,0.148,East,5.0,C,66.21519607843138,1
739,Rasheed Wallace,DET,2005-06,80,2779.56,1209,547,182,0.527,0.212,0.119,12.4,64.0,18.0,0.78,7.0,0,82,130,99.0,0.109,East,1.0,F,65.13,1
1712,Antawn Jamison,WAS,2005-06,82,3288.3116666666665,1684,765,158,0.518,0.233,0.129,3.3,42.0,40.0,0.512,2.0,0,90,12,105.9,0.083,East,4.0,F,63.7069512195122,1
2072,Michael Redd,MIL,2005-06,80,3129.8866666666668,2028,342,229,0.574,0.277,0.138,1.0,40.0,42.0,0.481,-1.0,0,95,5,105.3,0.133,East,7.0,F,63.25375,1
185,Chris Webber,PHI,2005-06,75,2892.471666666667,1518,741,256,0.482,0.271,0.125,-2.5,38.0,44.0,0.463,-2.0,0,103,62,107.8,0.157,East,8.0,F,62.981,1
1112,Ben Wallace,DET,2005-06,82,2889.641666666667,597,923,158,0.501,0.113,0.122,11.6,64.0,18.0,0.78,7.0,0,146,181,98.0,0.081,East,1.0,C,62.178048780487806,1
2550,Kirk Hinrich,CHI,2005-06,81,2954.6866666666665,1284,288,514,0.528,0.212,0.115,0.0,41.0,41.0,0.5,1.0,0,94,21,103.4,0.289,East,5.0,G,56.13703703703703,1
1717,Dirk Nowitzki,DAL,2005-06,81,3088.978333333333,2151,728,226,0.589,0.293,0.205,8.6,60.0,22.0,0.732,6.0,0,58,83,103.3,0.142,West,2.0,F,86.13592592592593,1
977,Kobe Bryant,LAL,2005-06,80,3277.1,2832,425,360,0.559,0.378,0.181,4.7,45.0,37.0,0.549,3.0,0,147,30,105.0,0.228,West,6.0,G,84.27,1
1495,Tim Duncan,SAS,2005-06,80,2783.758333333333,1485,881,253,0.523,0.274,0.172,9.5,63.0,19.0,0.768,7.0,0,70,162,97.1,0.162,West,1.0,F,79.13624999999999,1
959,Steve Nash,PHX,2005-06,79,2795.8866666666668,1489,333,826,0.632,0.227,0.166,8.2,54.0,28.0,0.659,6.0,1,61,12,104.1,0.435,West,3.0,G,78.00987341772152,1
1882,Elton Brand,LAC,2005-06,79,3098.805,1953,790,208,0.58,0.272,0.176,2.9,47.0,35.0,0.573,2.0,0,81,201,102.0,0.127,West,5.0,C,76.18588607594936,1
1890,Shawn Marion,PHX,2005-06,81,3263.225,1769,959,143,0.591,0.218,0.159,6.2,54.0,28.0,0.659,6.0,0,160,137,103.7,0.068,West,3.0,C,75.91506172839506,1
2200,Pau Gasol,MEM,2005-06,80,3135.11,1628,713,371,0.555,0.261,0.166,5.1,49.0,33.0,0.598,4.0,0,46,153,100.2,0.234,West,4.0,F,73.81625,1
2225,Tony Parker,SAS,2005-06,80,2714.69,1510,261,460,0.584,0.266,0.154,10.1,63.0,19.0,0.768,7.0,0,83,4,97.5,0.311,West,1.0,G,72.38,1
1503,Tracy McGrady,HOU,2005-06,47,1744.986666666667,1147,307,225,0.494,0.338,0.159,1.6,34.0,48.0,0.415,-2.0,0,59,41,102.4,0.268,West,10.0,F,68.17340425531916,1
2397,Yao Ming,HOU,2005-06,57,1948.96,1271,581,85,0.592,0.293,0.183,2.2,34.0,48.0,0.415,-2.0,0,30,94,99.6,0.092,West,10.0,C,68.06666666666666,1
2546,Carmelo Anthony,DEN,2005-06,80,2940.846666666667,2122,394,216,0.563,0.313,0.139,0.6,44.0,38.0,0.537,0.0,0,88,42,104.1,0.141,West,7.0,F,66.64500000000001,1
1938,Manu Ginobili,SAS,2005-06,65,1812.965,981,230,235,0.593,0.238,0.148,11.4,63.0,19.0,0.768,7.0,0,101,26,96.5,0.215,West,1.0,G,65.45153846153845,1
1885,Lamar Odom,LAL,2005-06,80,3220.7883333333334,1186,738,443,0.558,0.179,0.13,3.8,45.0,37.0,0.549,3.0,0,75,64,103.2,0.22,West,6.0,G,64.62125,1
2564,Boris Diaw,PHX,2005-06,81,2873.92,1080,558,503,0.564,0.177,0.116,8.7,54.0,28.0,0.659,6.0,0,58,85,102.3,0.245,West,3.0,G,64.45981481481482,1
2572,Josh Howard,DAL,2005-06,59,1915.19,923,371,111,0.536,0.225,0.123,9.3,60.0,22.0,0.732,6.0,0,68,26,102.9,0.1,West,2.0,F,62.596864406779666,1
2544,LeBron James,CLE,2004-05,80,3383.968333333333,2175,588,577,0.554,0.292,0.19,2.1,42.0,40.0,0.512,1.0,0,177,52,104.1,0.324,East,8.0,F,81.71125,1
406,Shaquille O'Neal,MIA,2004-05,73,2497.43,1669,760,200,0.583,0.301,0.161,10.0,59.0,23.0,0.72,7.0,0,36,171,101.7,0.149,East,1.0,C,79.66575342465754,1
947,Allen Iverson,PHI,2004-05,75,3176.088333333333,2302,299,596,0.532,0.344,0.161,0.2,43.0,39.0,0.524,-1.0,0,180,9,103.2,0.361,East,7.0,G,79.26733333333333,1
2548,Dwyane Wade,MIA,2004-05,77,2977.568333333333,1854,397,520,0.561,0.302,0.153,6.5,59.0,23.0,0.72,7.0,0,121,82,103.2,0.303,East,1.0,G,78.91980519480519,1
2240,Gilbert Arenas,WAS,2004-05,80,3278.891666666667,2038,378,411,0.565,0.265,0.138,1.0,45.0,37.0,0.549,0.0,0,139,23,105.7,0.224,East,4.0,G,69.37125,1
1716,Larry Hughes,WAS,2004-05,61,2357.346666666667,1345,382,285,0.523,0.261,0.147,1.8,45.0,37.0,0.549,0.0,0,176,18,104.3,0.214,East,4.0,F,68.19213114754099,1
1718,Paul Pierce,BOS,2004-05,82,2963.2833333333333,1769,539,348,0.583,0.261,0.146,3.2,45.0,37.0,0.549,1.0,0,133,39,105.1,0.197,East,4.0,F,67.69682926829269,1
185,Chris Webber,PHI,2004-05,67,2373.093333333333,1306,612,318,0.472,0.292,0.13,0.8,43.0,39.0,0.524,-1.0,0,94,53,105.3,0.231,East,7.0,F,66.49313432835821,1
1883,Steve Francis,ORL,2004-05,78,2974.8566666666666,1663,450,547,0.521,0.28,0.128,-0.7,36.0,46.0,0.439,-2.0,0,112,28,105.1,0.315,East,9.0,G,64.55782051282051,1
1497,Chauncey Billups,DET,2004-05,80,2873.86,1316,271,464,0.609,0.203,0.138,6.4,54.0,28.0,0.659,4.0,0,81,9,98.3,0.277,East,2.0,G,64.38499999999999,1
950,Stephon Marbury,NYK,2004-05,82,3294.5116666666668,1781,248,668,0.575,0.243,0.144,-0.7,33.0,49.0,0.402,-2.0,0,122,6,107.5,0.344,East,10.0,G,63.853292682926835,1
1112,Ben Wallace,DET,2004-05,74,2673.775,721,902,123,0.459,0.15,0.126,7.1,54.0,28.0,0.659,4.0,0,106,176,98.0,0.075,East,2.0,C,61.00851351351351,1
1712,Antawn Jamison,WAS,2004-05,68,2608.795,1334,519,154,0.506,0.234,0.113,1.8,45.0,37.0,0.549,0.0,0,55,16,105.4,0.101,East,4.0,F,60.39352941176471,1
739,Rasheed Wallace,DET,2004-05,79,2696.3116666666665,1145,644,142,0.499,0.22,0.116,7.6,54.0,28.0,0.659,4.0,0,65,115,97.5,0.094,East,2.0,F,60.242151898734186,1
2199,Tyson Chandler,CHI,2004-05,80,2187.5333333333333,640,775,65,0.565,0.137,0.129,3.1,47.0,35.0,0.573,1.0,0,69,141,96.8,0.049,East,3.0,C,51.708749999999995,1
708,Kevin Garnett,MIN,2004-05,82,3120.785,1817,1108,466,0.567,0.268,0.213,2.3,44.0,38.0,0.537,1.0,0,121,112,104.6,0.264,West,8.0,C,84.88256097560976,1
1717,Dirk Nowitzki,DAL,2004-05,78,3028.193333333333,2032,757,240,0.578,0.284,0.186,9.5,58.0,24.0,0.707,6.0,0,97,119,101.7,0.138,West,3.0,F,84.49782051282051,1
1495,Tim Duncan,SAS,2004-05,66,2205.3783333333336,1342,732,179,0.54,0.289,0.204,16.3,59.0,23.0,0.72,8.0,0,45,174,93.1,0.151,West,2.0,F,83.78560606060607,1
2405,Amar'e Stoudemire,PHX,2004-05,80,2884.786666666667,2080,713,131,0.617,0.283,0.152,10.4,62.0,20.0,0.756,7.0,0,77,130,105.5,0.075,West,1.0,F,79.63125,1
1503,Tracy McGrady,HOU,2004-05,78,3191.008333333333,2003,484,448,0.526,0.304,0.161,4.6,51.0,31.0,0.622,4.0,0,135,52,101.0,0.276,West,4.0,G,77.65102564102565,1
959,Steve Nash,PHX,2004-05,75,2568.613333333333,1165,249,861,0.606,0.201,0.145,12.9,62.0,20.0,0.756,7.0,1,74,6,105.7,0.46,West,1.0,G,77.14233333333333,1
1890,Shawn Marion,PHX,2004-05,81,3143.5516666666667,1569,915,154,0.556,0.208,0.14,9.9,62.0,20.0,0.756,7.0,0,163,119,105.0,0.072,West,1.0,C,74.93277777777777,1
977,Kobe Bryant,LAL,2004-05,66,2689.536666666667,1819,392,398,0.563,0.312,0.148,-2.1,34.0,48.0,0.415,-3.0,0,86,53,109.7,0.287,West,10.0,G,70.45833333333333,1
1938,Manu Ginobili,SAS,2004-05,74,2201.0016666666666,1186,329,288,0.609,0.235,0.159,16.5,59.0,23.0,0.72,8.0,0,119,27,93.0,0.217,West,2.0,G,68.825,1
2225,Tony Parker,SAS,2004-05,80,2735.79,1331,298,490,0.528,0.247,0.138,9.3,59.0,23.0,0.72,8.0,0,98,4,96.6,0.323,West,2.0,G,68.02,1
1802,Brad Miller,SAC,2004-05,56,2092.5,876,521,220,0.596,0.173,0.14,5.1,50.0,32.0,0.61,2.0,0,69,68,104.1,0.16,West,5.0,C,66.275,1
1710,Mike Bibby,SAC,2004-05,80,3090.7116666666666,1571,332,541,0.543,0.234,0.12,3.0,50.0,32.0,0.61,2.0,0,124,30,106.0,0.277,West,5.0,G,65.81125,1
2200,Pau Gasol,MEM,2004-05,56,1783.255,997,410,135,0.582,0.257,0.156,4.0,45.0,37.0,0.549,2.0,0,37,93,101.8,0.143,West,7.0,F,63.27535714285714,1
2207,Joe Johnson,PHX,2004-05,82,3237.883333333333,1400,422,291,0.556,0.187,0.094,8.4,62.0,20.0,0.756,7.0,0,79,24,105.2,0.13,West,1.0,F,62.7519512195122,1
1894,Corey Maggette,LAC,2004-05,66,2446.563333333333,1464,394,225,0.574,0.272,0.139,-0.3,37.0,45.0,0.451,-1.0,0,70,8,104.8,0.167,West,9.0,F,61.81409090909091,1
979,Jermaine O'Neal,IND,2003-04,78,2788.958333333333,1566,778,164,0.489,0.298,0.149,8.1,61.0,21.0,0.744,6.0,0,59,199,95.5,0.119,East,1.0,C,74.44500000000001,1
1897,Metta World Peace,IND,2003-04,73,2715.45,1333,385,272,0.511,0.258,0.12,9.1,61.0,21.0,0.744,6.0,0,152,50,94.1,0.184,East,1.0,F,66.77308219178083,1
947,Allen Iverson,PHI,2003-04,48,2046.8416666666667,1266,178,324,0.478,0.339,0.127,-2.5,33.0,49.0,0.402,-2.0,0,115,5,100.6,0.325,East,8.0,G,65.08500000000001,1
1718,Paul Pierce,BOS,2003-04,80,3099.795,1836,522,410,0.517,0.299,0.137,-1.2,36.0,46.0,0.439,-1.0,0,131,52,102.0,0.249,East,6.0,F,65.03750000000001,1
1497,Chauncey Billups,DET,2003-04,78,2772.2966666666666,1318,276,446,0.55,0.229,0.137,7.3,54.0,28.0,0.659,6.0,0,84,8,93.8,0.289,East,2.0,G,65.01551282051282,1
950,Stephon Marbury,NYK,2003-04,81,3254.543333333333,1639,263,719,0.519,0.251,0.137,-1.8,39.0,43.0,0.476,-1.0,0,129,9,103.8,0.385,East,5.0,G,64.97567901234568,1
1885,Lamar Odom,MIA,2003-04,80,3001.9566666666665,1371,776,327,0.516,0.243,0.143,1.2,42.0,40.0,0.512,1.0,0,85,71,99.9,0.203,East,3.0,F,64.86874999999999,1
1112,Ben Wallace,DET,2003-04,81,3059.3366666666666,773,1006,138,0.441,0.15,0.134,7.3,54.0,28.0,0.659,6.0,0,143,246,93.2,0.075,East,2.0,C,61.997469135802476,1
2544,LeBron James,CLE,2003-04,79,3126.865,1654,432,465,0.488,0.276,0.123,-2.0,35.0,47.0,0.427,-3.0,0,130,58,103.4,0.268,East,7.0,F,60.93784810126582,1
1888,Richard Hamilton,DET,2003-04,78,2784.8483333333334,1375,279,310,0.522,0.248,0.114,7.0,54.0,28.0,0.659,6.0,0,103,17,94.4,0.212,East,2.0,G,60.80205128205128,1
2430,Carlos Boozer,CLE,2003-04,75,2597.603333333333,1162,857,148,0.567,0.196,0.154,0.8,35.0,47.0,0.427,-3.0,0,74,55,102.3,0.098,East,7.0,C,60.57533333333333,1
1713,Vince Carter,TOR,2003-04,73,2786.52,1645,349,348,0.501,0.315,0.131,-0.1,33.0,49.0,0.402,-3.0,0,88,65,98.5,0.262,East,8.0,G,60.55691780821918,1
739,Rasheed Wallace,DET,2003-04,68,2393.4666666666667,1088,459,156,0.51,0.231,0.114,4.2,54.0,28.0,0.659,6.0,0,61,122,98.9,0.115,East,2.0,F,59.76117647058823,1
2072,Michael Redd,MIL,2003-04,82,3020.2966666666666,1776,407,185,0.544,0.254,0.123,-1.3,41.0,41.0,0.5,1.0,0,81,6,104.9,0.112,East,4.0,F,57.97378048780487,1
2224,Jamaal Tinsley,IND,2003-04,52,1376.065,432,136,303,0.541,0.17,0.113,12.6,61.0,21.0,0.744,6.0,0,84,17,92.8,0.356,East,1.0,G,56.956538461538464,1
708,Kevin Garnett,MIN,2003-04,82,3235.055,1987,1139,409,0.547,0.291,0.222,9.6,58.0,24.0,0.707,5.0,1,120,178,96.7,0.233,West,1.0,C,94.19170731707317,1
1495,Tim Duncan,SAS,2003-04,69,2524.8766666666666,1538,859,213,0.534,0.296,0.212,11.4,57.0,25.0,0.695,7.0,0,62,185,90.1,0.17,West,2.0,F,86.75942028985506,1
406,Shaquille O'Neal,LAL,2003-04,67,2465.4416666666666,1439,769,196,0.578,0.258,0.156,9.0,56.0,26.0,0.683,4.0,0,34,166,98.4,0.14,West,3.0,C,77.97880597014927,1
977,Kobe Bryant,LAL,2003-04,65,2447.4416666666666,1557,359,330,0.551,0.281,0.156,6.1,56.0,26.0,0.683,4.0,0,112,28,100.0,0.237,West,3.0,G,75.81192307692308,1
208,Sam Cassell,MIN,2003-04,81,2847.9966666666664,1603,271,592,0.566,0.264,0.151,9.8,58.0,24.0,0.707,5.0,0,102,18,97.3,0.354,West,1.0,G,73.52790123456789,1
1717,Dirk Nowitzki,DAL,2003-04,77,2919.845,1680,670,207,0.561,0.242,0.14,6.7,52.0,30.0,0.634,4.0,0,92,104,105.4,0.11,West,5.0,F,70.9872077922078,1
978,Peja Stojakovic,SAC,2003-04,81,3268.988333333333,1964,508,173,0.624,0.234,0.138,6.7,55.0,27.0,0.671,5.0,0,108,14,102.9,0.09,West,4.0,F,70.58154320987656,1
1802,Brad Miller,SAC,2003-04,72,2626.555,1014,743,312,0.579,0.173,0.132,9.9,55.0,27.0,0.671,5.0,0,68,86,100.9,0.179,West,4.0,C,68.77166666666668,1
959,Steve Nash,DAL,2003-04,78,2615.365,1128,232,687,0.59,0.188,0.126,4.5,52.0,30.0,0.634,4.0,0,67,8,106.9,0.37,West,5.0,G,63.987307692307695,1
1710,Mike Bibby,SAC,2003-04,82,2982.3783333333336,1506,277,444,0.564,0.227,0.115,5.9,55.0,27.0,0.671,5.0,0,112,18,103.9,0.241,West,4.0,G,63.646463414634155,1
2200,Pau Gasol,MEM,2003-04,78,2451.613333333333,1381,600,198,0.542,0.264,0.137,2.1,50.0,32.0,0.61,2.0,0,44,132,103.6,0.143,West,6.0,F,63.268589743589736,1
1905,Andrei Kirilenko,UTA,2003-04,78,2905.9166666666665,1284,629,244,0.559,0.215,0.163,1.8,42.0,40.0,0.512,-1.0,0,148,215,100.6,0.152,West,9.0,F,62.940769230769234,1
56,Gary Payton,LAL,2003-04,82,2836.045,1199,342,449,0.528,0.2,0.121,5.4,56.0,26.0,0.683,4.0,0,96,19,99.9,0.259,West,3.0,G,61.78024390243903,1
2225,Tony Parker,SAS,2003-04,75,2578.985,1099,237,411,0.516,0.222,0.115,8.3,57.0,25.0,0.695,7.0,0,61,7,94.1,0.278,West,2.0,G,61.090333333333334,1
952,Antoine Walker,DAL,2003-04,82,2837.135,1151,684,369,0.475,0.213,0.099,2.1,52.0,30.0,0.634,4.0,0,65,65,106.5,0.195,West,5.0,F,60.241341463414635,1
1503,Tracy McGrady,ORL,2002-03,75,2949.775,2407,488,411,0.564,0.347,0.192,3.6,42.0,40.0,0.512,0.0,0,124,59,104.5,0.282,East,5.0,F,83.58133333333333,1
1718,Paul Pierce,BOS,2002-03,79,3096.575,2048,578,349,0.532,0.322,0.158,2.0,44.0,38.0,0.537,0.0,0,139,62,99.9,0.236,East,4.0,F,73.74037974683544,1
947,Allen Iverson,PHI,2002-03,82,3484.07,2262,344,454,0.5,0.324,0.137,2.7,48.0,34.0,0.585,2.0,0,225,13,100.6,0.248,East,2.0,G,72.84939024390243,1
979,Jermaine O'Neal,IND,2002-03,77,2862.5033333333336,1600,796,155,0.539,0.262,0.151,3.3,48.0,34.0,0.585,4.0,0,66,178,99.9,0.105,East,2.0,C,69.67889610389611,1
56,Gary Payton,MIL,2002-03,80,3209.615,1634,334,663,0.504,0.256,0.14,-0.7,42.0,40.0,0.512,0.0,0,133,20,105.1,0.366,East,5.0,G,67.05125,1
952,Antoine Walker,BOS,2002-03,78,3235.3683333333333,1570,563,373,0.467,0.275,0.105,0.7,44.0,38.0,0.537,0.0,0,116,31,101.0,0.226,East,4.0,F,62.74782051282051,1
1112,Ben Wallace,DET,2002-03,73,2871.2516666666666,506,1126,120,0.486,0.101,0.153,4.6,50.0,32.0,0.61,4.0,0,104,230,96.6,0.069,East,1.0,C,62.65684931506849,1
208,Sam Cassell,MIL,2002-03,78,2698.5516666666667,1536,342,450,0.565,0.258,0.141,-2.2,42.0,40.0,0.512,0.0,0,88,14,108.5,0.293,East,5.0,G,62.517692307692315,1
1497,Chauncey Billups,DET,2002-03,74,2330.205,1199,273,287,0.582,0.237,0.148,4.2,50.0,32.0,0.61,4.0,0,63,15,98.9,0.238,East,1.0,G,60.597297297297295,1
893,Michael Jordan,WAS,2002-03,82,3029.0383333333334,1640,497,311,0.491,0.284,0.139,-0.3,37.0,45.0,0.451,-1.0,0,123,39,102.3,0.207,East,7.0,F,60.317195121951215,1
949,Shareef Abdur-Rahim,ATL,2002-03,81,3079.3716666666664,1608,677,242,0.566,0.242,0.138,-3.4,35.0,47.0,0.427,-4.0,0,87,38,104.4,0.145,East,9.0,F,60.12296296296296,1
1802,Brad Miller,IND,2002-03,73,2270.998333333333,955,603,193,0.579,0.184,0.138,6.1,48.0,34.0,0.585,4.0,0,65,43,98.5,0.14,East,2.0,F,59.83527397260273,1
711,Jerry Stackhouse,WAS,2002-03,70,2747.6833333333334,1508,258,316,0.528,0.272,0.122,-0.7,37.0,45.0,0.451,-1.0,0,65,28,101.9,0.216,East,7.0,G,58.29214285714286,1
1891,Jason Terry,ATL,2002-03,81,3083.8483333333334,1395,279,600,0.549,0.22,0.127,-2.6,35.0,47.0,0.427,-4.0,0,126,14,103.2,0.338,East,9.0,G,57.32666666666667,1
1495,Tim Duncan,SAS,2002-03,81,3182.445,1884,1043,316,0.564,0.276,0.206,9.2,60.0,22.0,0.732,5.0,1,55,237,96.4,0.191,West,1.0,F,89.42296296296296,1
708,Kevin Garnett,MIN,2002-03,82,3321.7883333333334,1883,1102,495,0.553,0.258,0.197,6.2,51.0,31.0,0.622,2.0,0,113,129,100.6,0.249,West,4.0,C,88.0551219512195,1
1717,Dirk Nowitzki,DAL,2002-03,80,3121.16,2011,791,239,0.581,0.269,0.179,12.9,60.0,22.0,0.732,8.0,0,111,82,99.3,0.129,West,1.0,F,84.56875,1
977,Kobe Bryant,LAL,2002-03,82,3403.8566666666666,2461,564,481,0.55,0.323,0.18,3.6,50.0,32.0,0.61,2.0,0,181,67,102.8,0.268,West,5.0,G,84.26463414634146,1
406,Shaquille O'Neal,LAL,2002-03,67,2533.29,1841,742,206,0.602,0.3,0.18,6.9,50.0,32.0,0.61,2.0,0,38,159,103.5,0.15,West,5.0,C,83.40410447761192,1
185,Chris Webber,SAC,2002-03,67,2617.325,1542,704,364,0.485,0.3,0.147,7.5,59.0,23.0,0.72,7.0,0,106,88,97.8,0.238,West,3.0,C,81.94813432835821,1
252,Karl Malone,UTA,2002-03,81,2934.75,1667,628,379,0.534,0.272,0.164,3.1,47.0,35.0,0.573,2.0,0,136,31,103.0,0.236,West,7.0,F,71.26746913580249,1
959,Steve Nash,DAL,2002-03,82,2712.373333333333,1457,234,598,0.576,0.236,0.146,9.9,60.0,22.0,0.732,8.0,0,85,6,101.3,0.351,West,1.0,G,71.16670731707316,1
950,Stephon Marbury,PHX,2002-03,81,3248.3683333333333,1806,263,654,0.52,0.273,0.136,1.8,44.0,38.0,0.537,1.0,0,108,20,101.8,0.357,West,8.0,G,68.4637037037037,1
1883,Steve Francis,HOU,2002-03,81,3321.548333333333,1703,499,502,0.541,0.257,0.137,2.7,43.0,39.0,0.524,2.0,0,141,41,100.4,0.278,West,9.0,G,67.80858024691358,1
714,Michael Finley,DAL,2002-03,69,2641.853333333333,1331,402,205,0.514,0.239,0.114,12.8,60.0,22.0,0.732,8.0,0,76,21,98.8,0.124,West,1.0,F,67.29768115942029,1
978,Peja Stojakovic,SAC,2002-03,72,2451.3566666666666,1380,397,141,0.6,0.218,0.128,8.2,59.0,23.0,0.72,7.0,0,72,5,98.3,0.089,West,3.0,F,65.17083333333333,1
739,Rasheed Wallace,POR,2002-03,74,2686.3616666666667,1340,548,153,0.552,0.231,0.125,5.5,50.0,32.0,0.61,3.0,0,70,77,99.3,0.101,West,5.0,F,62.27094594594595,1
2225,Tony Parker,SAS,2002-03,82,2780.1466666666665,1269,216,432,0.542,0.225,0.115,8.5,60.0,22.0,0.732,5.0,0,71,4,96.8,0.268,West,1.0,G,62.1240243902439,1
1710,Mike Bibby,SAC,2002-03,55,1834.8016666666667,875,147,285,0.559,0.215,0.111,9.0,59.0,23.0,0.72,7.0,0,72,8,98.1,0.231,West,3.0,G,61.8390909090909,1
947,Allen Iverson,PHI,2001-02,60,2624.165,1883,269,331,0.489,0.365,0.149,5.5,43.0,39.0,0.524,2.0,0,168,13,96.6,0.266,East,4.0,G,77.03333333333333,1
1503,Tracy McGrady,ORL,2001-02,76,2908.86,1948,596,400,0.532,0.31,0.165,5.1,44.0,38.0,0.537,2.0,0,119,73,102.9,0.25,East,3.0,F,76.82184210526316,1
1718,Paul Pierce,BOS,2001-02,82,3298.8566666666666,2144,566,261,0.57,0.289,0.153,4.6,49.0,33.0,0.598,2.0,0,154,86,99.2,0.153,East,2.0,F,73.59365853658537,1
952,Antoine Walker,BOS,2001-02,81,3406.435,1794,714,407,0.49,0.275,0.126,3.1,49.0,33.0,0.598,2.0,0,122,38,99.7,0.224,East,2.0,F,71.57796296296297,1
711,Jerry Stackhouse,DET,2001-02,76,2685.998333333333,1629,315,403,0.518,0.314,0.131,1.9,50.0,32.0,0.61,2.0,0,77,37,100.3,0.288,East,1.0,G,66.23684210526315,1
1713,Vince Carter,TOR,2001-02,60,2385.645,1484,313,239,0.515,0.295,0.125,1.5,42.0,40.0,0.512,0.0,0,94,45,101.1,0.19,East,5.0,F,65.20333333333333,1
893,Michael Jordan,WAS,2001-02,60,2089.0016666666666,1375,339,310,0.468,0.356,0.143,-0.3,37.0,45.0,0.451,-1.0,0,85,26,105.7,0.295,East,8.0,F,65.20166666666667,1
208,Sam Cassell,MIL,2001-02,74,2606.616666666667,1461,312,493,0.545,0.266,0.14,2.4,41.0,41.0,0.5,0.0,0,90,12,104.4,0.324,East,7.0,G,64.39594594594594,1
979,Jermaine O'Neal,IND,2001-02,72,2707.8566666666666,1371,757,118,0.521,0.249,0.128,1.8,42.0,40.0,0.512,0.0,0,45,166,101.3,0.079,East,5.0,C,62.726666666666674,1
951,Ray Allen,MIL,2001-02,69,2525.7366666666667,1503,312,271,0.598,0.258,0.137,1.2,41.0,41.0,0.5,0.0,0,88,18,104.8,0.193,East,7.0,G,62.1,1
949,Shareef Abdur-Rahim,ATL,2001-02,77,2978.0783333333334,1636,696,239,0.536,0.267,0.139,-4.4,33.0,49.0,0.402,-4.0,0,98,81,103.8,0.152,East,10.0,C,61.609350649350645,1
299,Glenn Robinson,MIL,2001-02,66,2347.625,1366,406,168,0.537,0.283,0.124,-1.6,41.0,41.0,0.5,0.0,0,97,41,106.4,0.13,East,7.0,F,58.8969696969697,1
1112,Ben Wallace,DET,2001-02,80,2918.931666666667,609,1039,115,0.522,0.104,0.142,3.0,50.0,32.0,0.61,2.0,0,138,278,99.4,0.062,East,1.0,C,58.603750000000005,1
1891,Jason Terry,ATL,2001-02,78,2967.53,1504,270,444,0.549,0.231,0.127,-3.3,33.0,49.0,0.402,-4.0,0,144,13,104.8,0.261,East,10.0,G,55.909358974358966,1
727,Eric Snow,PHI,2001-02,61,2225.258333333333,738,215,400,0.51,0.176,0.11,4.9,43.0,39.0,0.524,2.0,0,95,9,96.8,0.301,East,4.0,G,54.10893442622951,1
1495,Tim Duncan,SAS,2001-02,82,3331.66,2089,1042,307,0.576,0.289,0.207,9.2,58.0,24.0,0.707,6.0,1,61,203,96.7,0.182,West,2.0,F,90.55024390243902,1
406,Shaquille O'Neal,LAL,2001-02,67,2420.661666666667,1822,715,200,0.59,0.314,0.193,11.8,58.0,24.0,0.707,7.0,0,41,137,98.6,0.157,West,2.0,C,87.93761194029851,1
185,Chris Webber,SAC,2001-02,54,2072.32,1322,546,259,0.54,0.288,0.158,9.9,61.0,21.0,0.744,8.0,0,90,76,100.4,0.21,West,1.0,C,84.40425925925925,1
708,Kevin Garnett,MIN,2001-02,81,3171.478333333333,1714,981,422,0.536,0.258,0.176,5.5,50.0,32.0,0.61,3.0,0,96,126,102.6,0.22,West,5.0,C,80.78364197530864,1
977,Kobe Bryant,LAL,2001-02,80,3065.1316666666667,2019,441,438,0.544,0.299,0.156,7.4,58.0,24.0,0.707,7.0,0,118,35,101.7,0.254,West,2.0,G,78.725,1
1717,Dirk Nowitzki,DAL,2001-02,76,2890.955,1779,755,186,0.599,0.25,0.159,6.9,57.0,25.0,0.695,4.0,0,83,77,105.9,0.105,West,4.0,F,77.475,1
252,Karl Malone,UTA,2001-02,80,3037.535,1788,686,341,0.532,0.285,0.163,0.7,44.0,38.0,0.537,1.0,0,152,59,103.8,0.216,West,7.0,F,71.61874999999999,1
959,Steve Nash,DAL,2001-02,82,2837.9483333333333,1466,254,634,0.602,0.223,0.136,5.5,57.0,25.0,0.695,4.0,0,53,4,105.2,0.355,West,4.0,G,69.01768292682928,1
978,Peja Stojakovic,SAC,2001-02,71,2648.46,1506,373,175,0.592,0.232,0.125,7.6,61.0,21.0,0.744,8.0,0,81,14,100.9,0.106,West,1.0,F,67.93267605633804,1
89,Nick Van Exel,DAL,2001-02,72,2497.7,1322,254,478,0.495,0.264,0.125,-2.8,57.0,25.0,0.695,4.0,0,44,11,107.0,0.339,West,4.0,G,65.20277777777777,1
714,Michael Finley,DAL,2001-02,69,2755.1783333333333,1424,360,230,0.532,0.236,0.109,4.0,57.0,25.0,0.695,4.0,0,65,25,106.9,0.138,West,4.0,F,64.64855072463769,1
739,Rasheed Wallace,POR,2001-02,79,2965.765,1521,645,152,0.54,0.234,0.13,6.6,49.0,33.0,0.598,3.0,0,101,101,100.6,0.09,West,6.0,F,64.5267088607595,1
304,John Stockton,UTA,2001-02,82,2569.665,1102,263,674,0.601,0.189,0.166,3.6,44.0,38.0,0.537,1.0,0,152,24,101.7,0.442,West,7.0,G,63.22707317073171,1
1883,Steve Francis,HOU,2001-02,57,2340.68,1234,401,362,0.517,0.278,0.127,-1.5,28.0,54.0,0.341,-5.0,0,71,25,105.7,0.281,West,10.0,G,62.172543859649124,1
950,Stephon Marbury,PHX,2001-02,82,3186.4733333333334,1674,266,666,0.519,0.262,0.123,-1.3,36.0,46.0,0.439,-1.0,0,77,13,103.1,0.355,West,9.0,G,61.635243902439015,1
947,Allen Iverson,PHI,2000-01,71,2975.858333333333,2207,273,325,0.518,0.349,0.155,6.1,56.0,26.0,0.683,4.0,1,178,20,96.5,0.226,East,1.0,G,80.07978873239438,1
1503,Tracy McGrady,ORL,2000-01,77,3093.661666666667,2065,580,352,0.521,0.309,0.171,4.5,43.0,39.0,0.524,1.0,0,116,118,99.8,0.218,East,6.0,F,76.65928571428572,1
1713,Vince Carter,TOR,2000-01,75,2980.056666666667,2070,416,291,0.551,0.302,0.15,5.6,47.0,35.0,0.573,2.0,0,114,82,100.5,0.187,East,5.0,F,73.666,1
951,Ray Allen,MIL,2000-01,82,3131.068333333333,1806,428,374,0.61,0.238,0.148,6.0,52.0,30.0,0.634,4.0,0,124,20,102.3,0.199,East,2.0,F,70.44926829268292,1
952,Antoine Walker,BOS,2000-01,81,3393.445,1892,719,445,0.505,0.289,0.138,-2.0,36.0,46.0,0.439,-2.0,0,138,49,103.4,0.261,East,8.0,F,68.72061728395062,1
299,Glenn Robinson,MIL,2000-01,76,2811.555,1674,526,252,0.525,0.284,0.13,4.0,52.0,30.0,0.634,4.0,0,86,62,103.4,0.157,East,2.0,F,68.32526315789474,1
711,Jerry Stackhouse,DET,2000-01,80,3211.048333333333,2380,315,410,0.521,0.343,0.145,-1.0,32.0,50.0,0.39,-2.0,0,97,54,100.4,0.258,East,9.0,G,68.1125,1
208,Sam Cassell,MIL,2000-01,76,2710.6666666666665,1381,290,580,0.542,0.242,0.134,3.7,52.0,30.0,0.634,4.0,0,88,8,103.3,0.346,East,2.0,G,67.54236842105264,1
193,Anthony Mason,MIA,2000-01,80,3254.9816666666666,1290,770,248,0.555,0.198,0.146,1.5,50.0,32.0,0.61,2.0,0,80,25,97.4,0.144,East,3.0,F,65.6,1
147,Jalen Rose,IND,2000-01,72,2947.5466666666666,1478,359,435,0.53,0.254,0.133,-0.4,41.0,41.0,0.5,0.0,0,65,43,100.7,0.288,East,7.0,G,63.773611111111116,1
87,Dikembe Mutombo,PHI,2000-01,75,2593.185,749,1015,76,0.547,0.145,0.149,1.2,56.0,26.0,0.683,4.0,0,29,203,95.9,0.048,East,1.0,C,63.43666666666666,1
353,Darrell Armstrong,ORL,2000-01,75,2774.2316666666666,1189,343,524,0.535,0.203,0.136,4.1,43.0,39.0,0.524,1.0,0,135,13,100.7,0.299,East,6.0,G,62.166333333333334,1
948,Marcus Camby,NYK,2000-01,63,2131.2516666666666,759,723,52,0.559,0.169,0.157,2.4,48.0,34.0,0.585,3.0,0,66,136,97.7,0.043,East,4.0,C,60.90714285714286,1
896,Tim Hardaway,MIA,2000-01,77,2613.9266666666667,1150,204,483,0.513,0.239,0.123,4.2,50.0,32.0,0.61,2.0,0,90,6,96.8,0.344,East,3.0,G,59.17337662337662,1
213,Antonio Davis,TOR,2000-01,78,2731.105,1069,787,106,0.508,0.194,0.109,4.9,47.0,35.0,0.573,2.0,0,22,151,99.9,0.062,East,5.0,C,57.166282051282046,1
406,Shaquille O'Neal,LAL,2000-01,74,2921.806666666667,2125,940,277,0.574,0.315,0.186,8.4,56.0,26.0,0.683,3.0,0,47,204,102.6,0.177,West,2.0,C,90.76432432432432,1
185,Chris Webber,SAC,2000-01,70,2834.9266666666667,1898,777,294,0.516,0.311,0.169,6.4,55.0,27.0,0.671,6.0,0,93,118,97.4,0.202,West,3.0,C,85.3642857142857,1
1495,Tim Duncan,SAS,2000-01,82,3173.9533333333334,1820,997,245,0.536,0.284,0.17,11.5,58.0,24.0,0.707,8.0,0,70,192,94.0,0.15,West,1.0,F,82.3520731707317,1
977,Kobe Bryant,LAL,2000-01,68,2791.005,1938,399,338,0.552,0.309,0.16,6.5,56.0,26.0,0.683,3.0,0,114,43,101.9,0.22,West,2.0,G,81.11205882352941,1
252,Karl Malone,UTA,2000-01,81,2890.695,1878,669,361,0.572,0.298,0.184,7.0,53.0,29.0,0.646,5.0,0,93,62,101.6,0.234,West,4.0,F,79.31148148148148,1
708,Kevin Garnett,MIN,2000-01,81,3202.6866666666665,1784,921,401,0.531,0.268,0.174,3.6,47.0,35.0,0.573,1.0,0,111,145,101.0,0.215,West,8.0,C,78.58506172839506,1
467,Jason Kidd,PHX,2000-01,77,3067.173333333333,1299,494,753,0.51,0.222,0.162,2.2,51.0,31.0,0.622,2.0,0,166,23,96.3,0.419,West,6.0,G,74.64766233766234,1
1717,Dirk Nowitzki,DAL,2000-01,82,3122.7533333333336,1784,754,173,0.601,0.231,0.159,8.5,53.0,29.0,0.646,4.0,0,79,101,98.9,0.092,West,4.0,F,73.35987804878049,1
1883,Steve Francis,HOU,2000-01,80,3193.963333333333,1591,553,517,0.563,0.238,0.139,3.3,45.0,37.0,0.549,2.0,0,141,31,102.5,0.278,West,9.0,G,69.07125,1
764,David Robinson,SAS,2000-01,80,2370.9066666666668,1151,691,116,0.559,0.226,0.161,12.9,58.0,24.0,0.707,8.0,0,80,197,91.7,0.087,West,1.0,F,67.46249999999999,1
714,Michael Finley,DAL,2000-01,82,3444.16,1765,425,360,0.521,0.247,0.119,5.9,53.0,29.0,0.646,4.0,0,118,32,100.7,0.18,West,4.0,F,67.08426829268292,1
739,Rasheed Wallace,POR,2000-01,77,2943.3316666666665,1477,602,212,0.56,0.232,0.145,6.2,50.0,32.0,0.61,4.0,0,90,135,99.0,0.128,West,7.0,F,67.04350649350648,1
304,John Stockton,UTA,2000-01,82,2395.218333333333,944,227,713,0.61,0.178,0.161,12.8,53.0,29.0,0.646,5.0,0,132,21,98.1,0.452,West,4.0,G,66.55682926829269,1
959,Steve Nash,DAL,2000-01,70,2386.6266666666666,1092,223,509,0.603,0.205,0.133,7.0,53.0,29.0,0.646,4.0,0,72,5,100.9,0.335,West,4.0,G,64.75999999999999,1
210,Terrell Brandon,MIN,2000-01,78,2822.05,1250,298,583,0.507,0.217,0.137,2.5,47.0,35.0,0.573,1.0,0,161,21,101.9,0.326,West,8.0,G,63.33679487179487,1
