PLAYER_ID,PLAYER_NAME,TEAM_ABBREVIATION,SEASON,Cluster,Tier,GP,MIN,PTS,REB,AST,STL,BLK,TOV,FG_PCT,FG3_PCT,FT_PCT,TS_PCT,EFG_PCT,USG_PCT,PIE,OFF_RATING,DEF_RATING,NET_RATING,AST_TO,OREB_PCT,DREB_PCT,AST_PCT,REB_PCT,INV_DEF_RATING,Scorer_Score,Playmaker_Score,Rebounder_Score,Defensive Player_Score
920,A.C. Green,MIA,2000-01,Defensive Player,Very Good,82,1411.8183333333334,367,313,39,30,8,45,0.444,0.0,0.712,0.492,0.444,0.137,0.093,94.1,90.4,3.8,0.87,0.076,0.151,0.05,0.113,35.0,-0.8358113080477619,-0.8817604144138901,0.4699235159275628,0.5437904727910722
1502,Adonal Foyle,GSW,2000-01,Defensive Player,Elite,58,1460.31,342,405,48,31,156,79,0.416,0.0,0.441,0.422,0.416,0.138,0.075,92.8,103.4,-10.6,0.61,0.089,0.171,0.051,0.127,22.0,-1.246747083456284,-0.8430255391779284,0.8923895058902924,1.2877257325405844
1559,Adrian Griffin,BOS,2000-01,Defensive Player,Average,44,375.875,93,87,27,18,5,18,0.34,0.346,0.75,0.432,0.387,0.145,0.077,94.2,96.6,-2.5,1.5,0.066,0.179,0.125,0.117,28.80000000000001,-1.3178944309749498,-0.5045927101631571,-0.07878142676206856,0.02482274021519615
692,Andrew DeClercq,ORL,2000-01,Defensive Player,Very Good,67,900.0216666666666,261,236,32,41,33,51,0.554,0.0,0.573,0.57,0.554,0.135,0.06,105.1,97.4,7.7,0.63,0.099,0.159,0.049,0.129,28.0,-0.4809262351364609,-0.9131359070051752,0.46944783386022126,0.4994193398427987
324,Anthony Peeler,MIN,2000-01,Defensive Player,Very Good,75,2121.68,791,192,192,91,18,105,0.421,0.391,0.862,0.513,0.489,0.183,0.076,103.0,100.6,2.4,1.83,0.021,0.069,0.138,0.045,24.80000000000001,-0.07323372579081269,0.1755858513765811,-0.7174317854141958,0.6777105665539
717,Arvydas Sabonis,POR,2000-01,Defensive Player,Elite,61,1294.69,616,331,91,40,62,85,0.479,0.067,0.776,0.527,0.48,0.238,0.14,102.1,92.6,9.5,1.07,0.043,0.214,0.121,0.133,32.80000000000001,0.2832372315353032,-0.2915630788731769,0.7724774165271437,1.064486873231203
223,Bill Curley,GSW,2000-01,Defensive Player,Average,20,192.33166666666668,63,37,3,7,9,16,0.532,0.5,0.632,0.569,0.543,0.155,0.026,91.3,101.0,-9.7,0.19,0.106,0.09,0.028,0.098,24.400000000000006,-0.4830216185300431,-1.1378176753862468,-0.45350378773425803,-0.3072029663117567
182,Billy Owens,DET,2000-01,Defensive Player,Very Good,45,796.4333333333333,198,205,55,32,12,39,0.383,0.15,0.475,0.4,0.389,0.147,0.069,95.5,97.1,-1.6,1.41,0.092,0.139,0.108,0.115,28.30000000000001,-1.4104939874995317,-0.4970614598312785,0.20883793750107355,0.2113267318483197
1517,Bobby Jackson,SAC,2000-01,Defensive Player,Very Good,79,1647.63,566,246,161,87,7,103,0.439,0.375,0.739,0.501,0.476,0.178,0.099,101.0,93.8,7.2,1.56,0.044,0.1,0.166,0.072,31.60000000000001,-0.34070508017723483,0.21880971376177716,-0.23017867566990294,0.9245048011034718
1719,Bonzi Wells,POR,2000-01,Defensive Player,Very Good,75,1995.535,948,367,208,94,20,169,0.533,0.34,0.66,0.571,0.545,0.229,0.122,104.1,99.8,4.2,1.23,0.067,0.128,0.179,0.098,25.60000000000001,0.7083459311959054,0.4647846992655996,0.4221111448752834,0.7760333234145828
1477,Bruce Bowen,MIA,2000-01,Defensive Player,Elite,82,2687.4,623,245,132,83,53,74,0.363,0.336,0.609,0.478,0.452,0.13,0.042,98.7,96.0,2.7,1.78,0.018,0.079,0.082,0.048,29.400000000000006,-0.7824860628174527,-0.35978421471907984,-0.5385837575658953,1.2192024083826543
179,Bryant Stith,BOS,2000-01,Defensive Player,Very Good,78,2506.8083333333334,756,284,168,93,14,90,0.401,0.376,0.845,0.538,0.475,0.139,0.078,98.5,101.2,-2.7,1.87,0.026,0.092,0.111,0.058,24.200000000000003,-0.2776367441670492,-0.06440338040230258,-0.3077054497561464,0.6227106313885318
935,Bryon Russell,UTA,2000-01,Defensive Player,Very Good,78,2474.26,933,330,160,96,20,113,0.44,0.413,0.779,0.565,0.508,0.175,0.092,107.8,101.4,6.4,1.42,0.042,0.104,0.105,0.073,24.0,0.2679174485305948,-0.12754683099051212,0.005444779662660659,0.7027485692120021
1898,Cal Bowdler,ATL,2000-01,Defensive Player,Average,44,374.0883333333333,140,77,4,10,21,11,0.465,0.2,0.825,0.532,0.469,0.163,0.083,104.5,99.2,5.3,0.36,0.079,0.123,0.016,0.101,26.200000000000003,-0.580478133769233,-1.2015498240829152,-0.30914968147360605,-0.048950894370846175
1916,Calvin Booth,DAL,2000-01,Defensive Player,Very Good,55,929.3366666666668,293,246,42,29,111,53,0.476,0.0,0.679,0.512,0.476,0.161,0.092,94.9,101.3,-6.4,0.79,0.081,0.177,0.074,0.129,24.10000000000001,-0.5991340353983903,-0.7358976604088618,0.49598161969687404,0.9351019441296528
1538,Cedric Henderson,CLE,2000-01,Defensive Player,Average,55,961.24,235,90,79,29,23,63,0.389,0.125,0.652,0.416,0.391,0.161,0.033,95.5,102.1,-6.6,1.25,0.021,0.075,0.134,0.048,23.30000000000001,-1.1898441488844826,-0.2626898813873121,-0.9498574380340132,-0.0022386281803312333
1544,Chris Crawford,ATL,2000-01,Defensive Player,Average,47,904.5466666666666,318,110,37,21,16,62,0.452,0.273,0.819,0.519,0.463,0.176,0.049,95.5,103.2,-7.7,0.6,0.031,0.096,0.07,0.062,22.200000000000003,-0.43127532772264443,-0.7767667303602219,-0.7184347060951835,-0.22058192226278772
904,Chris Mullin,GSW,2000-01,Defensive Player,Average,20,372.9166666666667,115,41,19,16,10,19,0.34,0.365,0.857,0.486,0.429,0.155,0.059,91.2,100.3,-9.1,1.0,0.023,0.084,0.088,0.051,25.10000000000001,-0.9200773788950141,-0.7418834141338007,-1.041654025719571,-0.16270496332922477
359,Chucky Brown,CLE,2000-01,Defensive Player,Average,26,339.91,102,54,11,9,7,8,0.421,0.0,0.647,0.464,0.421,0.153,0.062,96.1,101.0,-4.9,1.38,0.024,0.143,0.054,0.082,24.400000000000006,-1.069879075592506,-0.9623211580996927,-0.6122308206868331,-0.30671516844127783
361,Clifford Robinson,PHX,2000-01,Defensive Player,Elite,82,2751.718333333333,1345,334,237,87,82,186,0.422,0.361,0.709,0.501,0.46,0.249,0.091,98.6,95.6,3.0,1.27,0.039,0.085,0.155,0.062,29.80000000000001,0.7408241641897201,0.4366720675753959,-0.12407790335416141,1.5775561862448066
1736,Corey Benjamin,CHI,2000-01,Defensive Player,Average,65,856.49,307,100,69,28,16,63,0.381,0.259,0.675,0.453,0.416,0.21,0.037,90.8,102.2,-11.5,1.1,0.043,0.077,0.148,0.06,23.200000000000003,-0.5676689651538177,-0.22083964792185362,-0.770447800541197,-0.08929770664510155
722,Corliss Williamson,DET,2000-01,Defensive Player,Very Good,69,1686.756666666667,801,321,61,50,21,110,0.502,0.0,0.637,0.533,0.502,0.218,0.094,99.6,96.6,2.9,0.55,0.06,0.118,0.066,0.088,28.80000000000001,0.3045453598295806,-0.7109247519637725,0.1726591869798776,0.5182657782903385
2053,Dalibor Bagaric,CHI,2000-01,Defensive Player,Average,35,259.945,47,56,10,9,16,21,0.262,0.0,0.464,0.304,0.262,0.169,-0.012,87.0,96.2,-9.2,0.48,0.081,0.145,0.065,0.111,29.200000000000003,-1.9072203462188313,-0.9042066627379415,-0.237474088683774,0.06636444782398702
2061,Dan Langhi,HOU,2000-01,Defensive Player,Average,33,240.6783333333333,90,41,4,7,1,8,0.374,0.0,0.552,0.403,0.374,0.216,0.05,96.8,105.8,-8.9,0.5,0.048,0.109,0.031,0.078,19.60000000000001,-0.9661122010766988,-1.1172850240591568,-0.6976833594932029,-0.6701651185739491
2091,Daniel Santiago,PHX,2000-01,Defensive Player,Very Good,54,579.66,170,102,11,17,21,47,0.478,0.0,0.689,0.528,0.478,0.153,0.034,94.3,92.9,1.4,0.23,0.059,0.113,0.03,0.086,32.5,-0.6549186312717369,-1.097144838137706,-0.43391003145217877,0.39373309900920345
330,Danny Manning,UTA,2000-01,Defensive Player,Very Good,82,1300.1866666666667,603,214,92,47,29,96,0.494,0.25,0.729,0.537,0.501,0.227,0.098,101.0,95.5,5.5,0.96,0.056,0.118,0.135,0.088,29.900000000000006,0.2505123547411482,-0.20923624086199738,-0.11125232147230708,0.6327515440544355
2032,Darius Miles,LAC,2000-01,Defensive Player,Elite,81,2139.1633333333334,761,477,99,51,125,147,0.505,0.053,0.521,0.518,0.506,0.188,0.097,101.1,99.5,1.6,0.67,0.063,0.154,0.08,0.112,25.900000000000006,-0.029678102407426448,-0.49244933502607713,0.892337949343988,1.4104548399046353
764,David Robinson,SAS,2000-01,Defensive Player,Elite,80,2370.9066666666668,1151,691,116,80,197,122,0.486,0.0,0.747,0.559,0.486,0.226,0.161,104.5,91.7,12.9,0.95,0.093,0.194,0.087,0.146,33.7,0.764167283708303,-0.390571009201906,1.8933092126074873,2.8976782387230227
2052,DeShawn Stevenson,UTA,2000-01,Defensive Player,Average,40,295.6933333333333,89,28,18,10,2,28,0.341,0.083,0.684,0.413,0.346,0.199,0.016,95.1,94.8,0.4,0.64,0.031,0.064,0.105,0.048,30.60000000000001,-1.0341061830764136,-0.6500629987625461,-1.1143669102212606,0.017337859788587522
2035,DerMarr Johnson,ATL,2000-01,Defensive Player,Very Good,78,1309.915,397,178,64,43,30,93,0.374,0.323,0.736,0.463,0.427,0.173,0.044,95.6,102.0,-6.4,0.69,0.042,0.093,0.079,0.067,23.400000000000006,-0.71644803565506,-0.6268561846428338,-0.4743066908825432,0.2195181684824935
1507,Derek Anderson,SAS,2000-01,Defensive Player,Elite,82,2859.518333333333,1269,363,301,120,14,165,0.416,0.399,0.851,0.542,0.467,0.214,0.115,106.5,94.3,12.2,1.82,0.028,0.096,0.177,0.064,31.10000000000001,0.6642189574337769,0.7957606855732241,-0.021650615818507746,1.307874688564522
965,Derek Fisher,LAL,2000-01,Defensive Player,Average,20,710.5483333333333,229,59,87,39,2,29,0.412,0.397,0.806,0.534,0.479,0.151,0.09,112.1,99.6,12.5,3.0,0.007,0.08,0.181,0.043,25.80000000000001,-0.5927065912143165,0.030777355932503747,-1.0958104456510382,0.03579494476202153
2046,Desmond Mason,SEA,2000-01,Defensive Player,Average,78,1523.5283333333334,463,249,63,39,20,53,0.431,0.269,0.736,0.483,0.451,0.155,0.067,102.7,103.7,-1.0,1.19,0.047,0.12,0.066,0.083,21.700000000000003,-0.6862701592690704,-0.703565369319096,-0.08208234256742374,-0.02298487088563402
1904,Devean George,LAL,2000-01,Defensive Player,Average,59,591.1533333333333,182,110,19,15,15,34,0.309,0.221,0.709,0.394,0.345,0.194,0.023,94.5,102.0,-7.4,0.56,0.055,0.124,0.055,0.088,23.400000000000006,-1.1122749305983677,-0.9272659741860694,-0.3872036941734959,-0.2223619538363286
1901,Dion Glover,ATL,2000-01,Defensive Player,Very Good,57,930.92,338,131,69,49,10,54,0.42,0.196,0.681,0.461,0.433,0.195,0.073,96.0,99.1,-3.1,1.28,0.042,0.094,0.123,0.069,26.30000000000001,-0.609380289615414,-0.3612809812947843,-0.5735361757054506,0.2497256236944724
57,Doug Christie,SAC,2000-01,Defensive Player,Elite,81,2940.67,996,355,289,183,45,154,0.395,0.376,0.897,0.538,0.454,0.156,0.089,104.6,98.5,6.1,1.88,0.032,0.084,0.142,0.058,26.900000000000006,0.01988719453612928,0.5549865229830618,-0.11931557031591172,2.0275123025655115
224,Eddie Jones,MIA,2000-01,Defensive Player,Elite,63,2277.3866666666668,1094,292,171,110,58,135,0.445,0.378,0.844,0.553,0.497,0.237,0.131,99.9,96.8,3.1,1.27,0.036,0.101,0.15,0.069,28.60000000000001,0.76928188009334,0.16572417362648412,-0.14634222373534095,1.5025427876928372
1944,Eddie Robinson,CHH,2000-01,Defensive Player,Very Good,67,1202.2166666666667,498,198,59,50,32,43,0.531,0.5,0.727,0.559,0.533,0.184,0.132,98.5,97.3,1.3,1.37,0.052,0.114,0.094,0.084,28.10000000000001,-0.014203215397889305,-0.5609898412307666,-0.20466499602967256,0.5884296097894843
922,Elden Campbell,CHH,2000-01,Defensive Player,Elite,78,2338.625,1022,608,104,60,140,144,0.44,0.0,0.709,0.505,0.44,0.228,0.109,99.4,96.0,3.4,0.72,0.068,0.195,0.08,0.132,29.400000000000006,0.37703308070789254,-0.47405087841438576,1.4947236298977453,1.8611104290687894
695,Eldridge Recasner,CHH,2000-01,Defensive Player,Average,43,405.54,103,50,39,6,1,27,0.333,0.333,0.778,0.422,0.39,0.168,0.052,91.2,93.1,-2.0,1.44,0.034,0.086,0.172,0.061,32.30000000000001,-1.1994872162038512,-0.19640670755398823,-0.8903770754197805,0.06565789161642173
1023,Emanual Davis,SEA,2000-01,Defensive Player,Very Good,62,1290.17,361,154,137,64,12,77,0.418,0.394,0.818,0.527,0.497,0.148,0.079,102.7,102.4,0.4,1.78,0.023,0.102,0.162,0.062,23.0,-0.5594991318401689,0.10802650868598983,-0.6016860484139113,0.23149056811193736
677,Eric Williams,BOS,2000-01,Defensive Player,Very Good,81,1742.5383333333334,535,207,112,64,13,76,0.362,0.331,0.714,0.487,0.413,0.158,0.056,97.7,97.9,-0.2,1.47,0.036,0.088,0.109,0.061,27.5,-0.5895158451829297,-0.28170140112308,-0.47379663778433195,0.5060040698377715
1065,Erick Strickland,VAN,2000-01,Defensive Player,Very Good,50,828.3833333333333,260,128,95,44,2,48,0.303,0.316,0.861,0.431,0.36,0.192,0.084,95.8,93.8,1.9,1.98,0.023,0.135,0.203,0.079,31.60000000000001,-0.8591174385587266,0.183803259879389,-0.4540997684096435,0.42837887474069597
1732,Felipe Lopez,MIN,2000-01,Defensive Player,Very Good,70,1565.87,550,234,107,62,30,83,0.441,0.365,0.699,0.503,0.461,0.177,0.081,96.7,102.2,-5.6,1.29,0.035,0.116,0.114,0.075,23.200000000000003,-0.34812887274371934,-0.2720115910601852,-0.22380025575984536,0.4046331293005196
779,Glen Rice,NYK,2000-01,Defensive Player,Very Good,75,2211.681666666667,899,307,89,41,13,96,0.44,0.389,0.852,0.54,0.495,0.202,0.101,100.8,95.2,5.6,0.93,0.031,0.118,0.074,0.076,30.200000000000003,0.29811299552536935,-0.5629521682589632,-0.017363964847599805,0.42633034489025395
3,Grant Long,VAN,2000-01,Defensive Player,Very Good,66,1511.2416666666666,396,274,83,72,15,62,0.439,0.267,0.713,0.51,0.445,0.137,0.077,95.5,102.5,-7.0,1.34,0.051,0.132,0.092,0.092,22.900000000000006,-0.7119823373819494,-0.4839125561644827,0.09890901076633078,0.33885839612270047
21,Greg Anthony,POR,2000-01,Defensive Player,Average,58,861.0266666666666,284,61,82,40,3,43,0.383,0.409,0.676,0.527,0.512,0.166,0.074,100.8,101.2,-0.4,1.91,0.027,0.05,0.162,0.039,24.200000000000003,-0.4832589224234347,-0.09435651404261489,-1.141462305702429,-0.03773370837579859
1761,Greg Buckner,DAL,2000-01,Defensive Player,Average,37,820.3733333333333,229,157,49,33,9,27,0.438,0.286,0.728,0.503,0.443,0.141,0.067,106.0,98.6,7.4,1.81,0.078,0.12,0.089,0.099,26.80000000000001,-0.8431550341375091,-0.6258750211287355,-0.1223587033897445,0.10320369020316018
731,Greg Ostertag,UTA,2000-01,Defensive Player,Elite,81,1488.3133333333333,363,415,22,22,142,63,0.495,0.5,0.556,0.522,0.496,0.128,0.081,100.0,97.8,2.3,0.35,0.119,0.176,0.025,0.148,27.60000000000001,-0.7330541562763977,-1.0847565002665713,1.1864560321252313,1.3818551503299765
2045,Hedo Turkoglu,SAC,2000-01,Defensive Player,Very Good,74,1248.8116666666667,391,210,69,52,24,55,0.412,0.326,0.777,0.509,0.454,0.153,0.076,101.4,96.0,5.4,1.25,0.039,0.117,0.088,0.08,29.400000000000006,-0.604177905213639,-0.5578988480168874,-0.22378307024441046,0.6045937012058812
93,Hubert Davis,WAS,2000-01,Defensive Player,Average,66,1693.6266666666668,524,139,110,35,1,81,0.453,0.456,0.871,0.569,0.543,0.14,0.065,101.5,101.8,-0.3,1.36,0.017,0.065,0.104,0.041,23.60000000000001,-0.26037919197868115,-0.3171490504423427,-0.9090194675671767,-0.1450282561032045
2054,Jake Tsakalidis,PHX,2000-01,Defensive Player,Very Good,57,946.625,256,242,19,10,55,66,0.47,0.0,0.593,0.502,0.47,0.154,0.054,92.9,95.2,-2.3,0.29,0.088,0.169,0.033,0.129,30.200000000000003,-0.7342352823476236,-1.0508543475542482,0.4853681053622129,0.5300615819316299
2048,Jamaal Magloire,CHH,2000-01,Defensive Player,Very Good,74,1097.425,339,295,27,18,78,61,0.45,0.0,0.655,0.506,0.45,0.159,0.084,96.8,94.0,2.8,0.44,0.093,0.168,0.042,0.131,31.400000000000006,-0.6149073658840406,-0.9708579369612871,0.6514764789058333,0.916159767568197
1899,James Posey,DEN,2000-01,Defensive Player,Very Good,82,2256.585,666,431,163,93,40,102,0.412,0.3,0.816,0.511,0.467,0.146,0.079,101.9,101.1,0.8,1.6,0.052,0.129,0.11,0.091,24.30000000000001,-0.4456702510397255,-0.08841949034891115,0.502749794097099,0.8916401629733682
979,Jermaine O'Neal,IND,2000-01,Defensive Player,Elite,81,2637.665,1041,794,98,49,228,161,0.465,0.0,0.601,0.501,0.465,0.212,0.119,99.7,98.9,0.8,0.61,0.099,0.198,0.066,0.15,26.5,0.25073705257059276,-0.5747761730372566,2.2175658239437324,2.467083711374183
760,Jerome Kersey,MIL,2000-01,Defensive Player,Average,22,245.2633333333333,72,45,15,14,8,6,0.464,0.0,0.5,0.473,0.464,0.148,0.084,97.3,95.9,1.4,2.5,0.032,0.167,0.098,0.095,29.5,-1.0766581280422063,-0.7004256460739815,-0.4704957219789768,0.05485795300581716
2040,Jerome Moiso,BOS,2000-01,Defensive Player,Very Good,24,136.455,35,42,3,3,4,18,0.4,0.0,0.423,0.422,0.4,0.183,-0.004,82.0,84.9,-2.9,0.17,0.08,0.216,0.043,0.145,40.5,-1.138718112594779,-1.0535528753624883,0.15852685750404205,0.546714530216624
680,John Amaechi,ORL,2000-01,Defensive Player,Average,82,1710.84,650,268,74,28,29,124,0.4,0.0,0.631,0.455,0.4,0.217,0.047,96.9,102.6,-5.7,0.6,0.043,0.112,0.074,0.077,22.80000000000001,-0.2576364347231625,-0.6181475380940372,-0.10810607530586529,0.018727455375040725
317,John Starks,UTA,2000-01,Defensive Player,Very Good,75,2125.98,699,154,178,73,10,94,0.398,0.352,0.802,0.476,0.445,0.179,0.051,107.3,102.3,5.0,1.89,0.015,0.065,0.13,0.04,23.10000000000001,-0.38041019526036796,0.07912894618450747,-0.8819584431168779,0.31038337405555044
961,John Wallace,DET,2000-01,Defensive Player,Average,40,527.2116666666667,237,83,23,13,16,36,0.424,0.133,0.778,0.463,0.428,0.225,0.065,92.6,101.6,-8.9,0.64,0.043,0.105,0.082,0.073,23.80000000000001,-0.45116679738241255,-0.760870568853951,-0.6499397305026628,-0.20946534569007857
1886,Jonathan Bender,IND,2000-01,Defensive Player,Very Good,59,572.18,193,74,32,7,28,42,0.355,0.268,0.735,0.447,0.384,0.197,0.041,86.0,93.9,-7.9,0.76,0.025,0.096,0.11,0.062,31.5,-0.7793514274201409,-0.5704590535752242,-0.8139563351071335,0.3021870425980892
1908,Jumaine Jones,PHI,2000-01,Defensive Player,Average,65,862.5416666666666,304,189,32,30,15,39,0.444,0.333,0.755,0.51,0.48,0.168,0.102,96.7,97.5,-0.7,0.82,0.07,0.147,0.064,0.108,27.900000000000006,-0.5513930951044049,-0.8288711069814167,0.07720630002966694,0.19745452796111204
383,Kendall Gill,NJN,2000-01,Defensive Player,Very Good,31,889.155,283,131,87,47,7,48,0.331,0.286,0.722,0.39,0.337,0.204,0.07,93.7,98.5,-4.8,1.81,0.034,0.114,0.17,0.072,26.900000000000006,-0.9891042126629817,-0.031016830751585678,-0.5353172127914099,0.23390331083833216
2030,Kenyon Martin,NJN,2000-01,Defensive Player,Elite,68,2273.3233333333333,814,502,131,78,113,138,0.445,0.091,0.63,0.472,0.446,0.198,0.084,97.7,103.8,-6.2,0.95,0.059,0.169,0.103,0.112,21.60000000000001,-0.18125905370205267,-0.24549318600815634,0.95867241393562,1.3161569684893262
1721,Keon Clark,TOR,2000-01,Defensive Player,Elite,81,1719.735,640,434,72,32,154,90,0.48,0.0,0.592,0.512,0.48,0.181,0.089,101.4,100.9,0.6,0.8,0.077,0.166,0.068,0.122,24.5,-0.2024857148096609,-0.6592128407482171,0.905639213293184,1.4247388550965077
236,Kevin Edwards,VAN,2000-01,Defensive Player,Average,46,632.88,160,82,52,29,8,37,0.329,0.263,0.811,0.414,0.344,0.159,0.055,96.8,98.4,-1.7,1.41,0.036,0.091,0.126,0.064,27.0,-1.270006355296254,-0.4069827737697832,-0.7672499978284506,0.06339170945673978
441,Lamond Murray,CLE,2000-01,Defensive Player,Very Good,78,2224.52,998,340,124,83,27,141,0.423,0.37,0.735,0.49,0.456,0.231,0.088,99.3,103.5,-4.2,0.88,0.048,0.11,0.099,0.079,21.900000000000006,0.29592390950134834,-0.2937216386041931,0.10841649132739528,0.5154882814314995
913,Larry Johnson,NYK,2000-01,Defensive Player,Very Good,65,2108.221666666667,645,363,127,39,29,97,0.411,0.313,0.797,0.493,0.454,0.174,0.081,97.4,97.4,0.0,1.31,0.046,0.138,0.108,0.093,28.0,-0.35875653245041494,-0.23212368462292324,0.3477993590172208,0.4382267579538847
1683,Larry Robinson,ATL,2000-01,Defensive Player,Average,34,631.9766666666667,199,87,36,28,2,25,0.364,0.379,0.875,0.511,0.484,0.151,0.09,94.3,99.8,-5.5,1.44,0.038,0.105,0.1,0.072,25.60000000000001,-0.7458443918247073,-0.6119168216350434,-0.652065870472682,-0.08993098256931042
84,Latrell Sprewell,NYK,2000-01,Defensive Player,Elite,77,3012.74,1364,347,269,106,28,218,0.43,0.304,0.783,0.497,0.447,0.255,0.111,99.4,96.9,2.4,1.23,0.018,0.102,0.172,0.061,28.5,0.7755787414678655,0.6499222965838133,-0.10232363607119313,1.151697948342463
2068,Lavor Postell,NYK,2000-01,Defensive Player,Very Good,26,168.11,59,25,5,4,2,17,0.315,0.273,0.815,0.448,0.343,0.223,0.049,91.2,90.1,1.1,0.29,0.051,0.092,0.058,0.073,35.30000000000001,-0.6799353143933636,-0.9619286926940533,-0.803835688355249,0.23131665489137823
1924,Lee Nailon,CHH,2000-01,Defensive Player,Very Good,42,467.50166666666667,164,92,24,9,5,27,0.485,0.0,0.744,0.529,0.485,0.174,0.093,92.8,90.8,2.0,0.89,0.064,0.131,0.102,0.099,34.60000000000001,-0.4997978653082913,-0.6448378108332682,-0.2948283113279876,0.27234758905750356
283,Lindsey Hunter,MIL,2000-01,Defensive Player,Very Good,82,2003.6916666666664,825,169,222,102,12,68,0.381,0.373,0.802,0.5,0.478,0.199,0.091,104.2,99.2,5.0,3.26,0.016,0.072,0.19,0.043,26.200000000000003,-0.0059149197168639756,0.5780945644624249,-0.8039388014478578,0.8132373199261993
26,Luc Longley,NYK,2000-01,Defensive Player,Very Good,25,298.7966666666667,49,66,7,3,9,22,0.333,0.0,0.765,0.399,0.333,0.134,0.005,93.8,87.5,6.3,0.32,0.094,0.127,0.04,0.112,37.900000000000006,-1.6188289813626904,-1.0556870700778869,-0.1982006485424409,0.44453969510328023
446,Lucious Harris,NJN,2000-01,Defensive Player,Very Good,73,2070.863333333333,683,288,135,74,16,64,0.425,0.348,0.77,0.498,0.462,0.161,0.087,100.5,105.1,-4.6,2.11,0.034,0.112,0.109,0.071,20.30000000000001,-0.39793145886911624,-0.19706850070929988,-0.1314764294606416,0.21693643087369055
990,Malik Rose,SAS,2000-01,Defensive Player,Very Good,57,1217.6583333333333,437,308,48,59,40,74,0.435,0.176,0.713,0.498,0.439,0.193,0.096,103.0,95.9,7.1,0.65,0.086,0.164,0.067,0.128,29.5,-0.3410786700099481,-0.7531430858192527,0.6477514375794409,0.8448781333281751
1548,Mark Blount,BOS,2000-01,Defensive Player,Very Good,64,1099.155,248,231,32,39,76,62,0.505,0.0,0.697,0.541,0.505,0.121,0.052,96.4,98.4,-2.1,0.52,0.09,0.127,0.049,0.108,27.0,-0.7585964700240347,-0.9131359070051752,0.1886482005436086,0.8549928910487908
1723,Matt Harpring,CLE,2000-01,Defensive Player,Average,56,1613.3083333333334,623,242,102,42,17,90,0.454,0.25,0.812,0.522,0.467,0.187,0.081,98.1,103.5,-5.4,1.13,0.057,0.093,0.11,0.075,21.900000000000006,-0.11364699223688672,-0.31288066101154544,-0.2025732270905231,-0.010502239070015093
1074,Matt Maloney,ATL,2000-01,Defensive Player,Very Good,55,1400.8233333333333,369,117,154,56,5,70,0.42,0.359,0.765,0.508,0.493,0.137,0.082,95.6,97.5,-1.9,2.2,0.01,0.072,0.187,0.041,27.900000000000006,-0.7428884309431587,0.31102259453867104,-0.9673937964078128,0.36567532432649713
1897,Metta World Peace,CHI,2000-01,Defensive Player,Elite,76,2363.1466666666665,907,294,228,152,45,159,0.401,0.291,0.75,0.483,0.428,0.214,0.082,97.0,104.6,-7.6,1.43,0.026,0.11,0.171,0.067,20.80000000000001,0.06582840820433344,0.49343729903302724,-0.16651477517737098,1.347906533675876
1720,Michael Doleac,ORL,2000-01,Defensive Player,Very Good,77,1395.52,490,273,65,37,41,59,0.417,0.0,0.847,0.443,0.417,0.193,0.057,101.7,97.7,4.0,1.1,0.049,0.15,0.077,0.098,27.700000000000003,-0.6173222677711284,-0.6344117999903299,0.17269355801074734,0.5212871975992804
2034,Mike Miller,ORL,2000-01,Defensive Player,Very Good,82,2388.935,975,327,140,51,19,97,0.436,0.407,0.711,0.541,0.523,0.181,0.09,103.0,99.7,3.3,1.44,0.026,0.108,0.095,0.066,25.700000000000003,0.2049077271864883,-0.25731719078644977,-0.09169293622109714,0.3262527205690469
1630,Mikki Moore,DET,2000-01,Defensive Player,Very Good,81,1151.575,359,316,33,24,61,74,0.493,0.0,0.731,0.552,0.493,0.145,0.086,91.5,94.6,-3.1,0.45,0.098,0.161,0.049,0.129,30.80000000000001,-0.4399644708322345,-0.909456215682837,0.6817181205534435,0.7710782521161343
42,Monty Williams,ORL,2000-01,Defensive Player,Average,82,1208.49,410,243,79,29,16,85,0.445,0.077,0.639,0.485,0.446,0.185,0.081,90.2,98.1,-7.9,0.93,0.07,0.127,0.122,0.098,27.30000000000001,-0.4934415183141838,-0.3301017214063189,0.09309220050078902,0.16195782399617142
2050,Morris Peterson,TOR,2000-01,Defensive Player,Very Good,80,1810.575,747,259,105,63,20,78,0.431,0.382,0.717,0.507,0.478,0.198,0.077,104.6,101.8,2.8,1.35,0.059,0.082,0.093,0.07,23.60000000000001,-0.029462265036244478,-0.39734169373812356,-0.22116406269161476,0.3373217222279076
98,Nick Anderson,SAC,2000-01,Defensive Player,Average,21,170.14833333333334,38,25,13,10,4,7,0.246,0.256,0.0,0.333,0.333,0.167,0.046,94.4,95.5,-1.2,1.86,0.016,0.118,0.125,0.067,29.900000000000006,-1.762543100858202,-0.5561083886758929,-0.8802736141833306,-0.0035554847399193643
1727,Pat Garrity,ORL,2000-01,Defensive Player,Average,76,1579.0616666666667,628,210,51,40,15,68,0.387,0.433,0.867,0.507,0.471,0.187,0.052,99.3,99.8,-0.5,0.75,0.03,0.103,0.056,0.065,25.60000000000001,-0.19580429061697394,-0.8038981985363275,-0.41487788481461485,0.16593240473037563
2101,Paul McPherson,GSW,2000-01,Defensive Player,Average,55,593.355,262,79,38,25,4,47,0.505,0.167,0.724,0.542,0.509,0.199,0.079,99.9,99.4,0.5,0.81,0.062,0.07,0.105,0.065,26.0,-0.1717852477591806,-0.5764691723157808,-0.7624704792747662,-0.07727827335830062
1900,Quincy Lewis,UTA,2000-01,Defensive Player,Very Good,35,399.97833333333335,124,47,18,10,10,17,0.407,0.36,0.714,0.469,0.443,0.168,0.024,97.3,90.8,6.5,1.06,0.039,0.087,0.077,0.063,34.60000000000001,-0.9156188871170269,-0.8073572921402286,-0.8728579025614158,0.33329627201117806
1711,Raef LaFrentz,DEN,2000-01,Defensive Player,Elite,78,2457.1966666666667,1008,607,107,37,206,97,0.477,0.367,0.698,0.544,0.508,0.185,0.104,102.1,102.9,-0.8,1.1,0.068,0.17,0.073,0.119,22.5,0.2751401787978614,-0.5023353777917916,1.326454745353236,1.8851444478488333
739,Rasheed Wallace,POR,2000-01,Defensive Player,Elite,77,2943.3316666666665,1477,602,212,90,135,158,0.501,0.321,0.766,0.56,0.523,0.232,0.145,105.2,99.0,6.2,1.34,0.055,0.158,0.128,0.109,26.400000000000006,1.0489022640330443,0.19300314447417405,1.1857913093881067,1.9450999720542772
1725,Rasho Nesterovic,MIN,2000-01,Defensive Player,Very Good,73,1239.4116666666666,328,286,45,25,63,55,0.461,0.0,0.523,0.472,0.461,0.144,0.054,98.3,98.0,0.3,0.82,0.08,0.153,0.053,0.116,27.400000000000006,-0.9270434659854141,-0.8428293064751089,0.43650125708264126,0.6019086478922822
109,Robert Horry,LAL,2000-01,Defensive Player,Very Good,79,1589.68,407,296,128,54,54,79,0.387,0.346,0.711,0.489,0.458,0.138,0.068,104.7,103.1,1.6,1.62,0.059,0.127,0.124,0.093,22.30000000000001,-0.8167974773229093,-0.1385615399419093,0.17002299391164719,0.5116821543232128
1714,Robert Traylor,CLE,2000-01,Defensive Player,Very Good,70,1208.3333333333333,402,300,63,49,76,98,0.497,0.0,0.567,0.521,0.497,0.177,0.074,96.3,99.6,-3.4,0.64,0.106,0.152,0.088,0.129,25.80000000000001,-0.35194326298985806,-0.5799769959509169,0.639264063214799,0.8881009103725077
1934,Rodney Buford,PHI,2000-01,Defensive Player,Average,47,572.0116666666667,248,74,17,17,6,29,0.432,0.421,0.828,0.489,0.465,0.217,0.065,99.4,99.9,-0.5,0.59,0.028,0.103,0.055,0.065,25.5,-0.35314207438141887,-0.9346253568307459,-0.7757373721930926,-0.16931158638340235
915,Rodney Rogers,PHX,2000-01,Defensive Player,Elite,82,2181.5033333333336,998,359,180,97,47,157,0.43,0.296,0.761,0.507,0.462,0.228,0.097,98.5,97.0,1.4,1.15,0.042,0.126,0.145,0.083,28.400000000000006,0.3711605787520989,0.17075312885294236,0.20978930163575676,1.2448020304510836
166,Ron Harper,LAL,2000-01,Defensive Player,Average,47,1139.5,307,166,113,39,25,62,0.469,0.264,0.708,0.525,0.504,0.137,0.088,106.4,102.5,3.9,1.82,0.041,0.102,0.144,0.072,22.900000000000006,-0.6904015492651611,-0.08140384307863881,-0.44244896236312514,0.09810805918913185
1728,Roshown McLeod,PHI,2000-01,Defensive Player,Average,35,917.7983333333332,337,120,58,23,8,58,0.437,0.091,0.882,0.475,0.44,0.2,0.07,94.7,96.6,-1.9,1.0,0.042,0.09,0.112,0.066,28.80000000000001,-0.49345352138938564,-0.4635517725245948,-0.6409423030398096,0.1069819469159734
1739,Ruben Patterson,SEA,2000-01,Defensive Player,Very Good,76,2060.695,988,382,161,103,45,155,0.494,0.056,0.681,0.544,0.495,0.227,0.11,105.9,102.9,3.0,1.04,0.093,0.096,0.13,0.094,22.5,0.5681774468659563,0.016574193704756914,0.4109532064115413,0.9400826972827449
2106,Ruben Wolkowyski,SEA,2000-01,Defensive Player,Average,34,303.46,75,46,3,6,18,12,0.316,0.0,0.735,0.399,0.316,0.15,0.021,99.2,96.0,3.2,0.25,0.037,0.1,0.015,0.07,29.400000000000006,-1.4829513961089216,-1.210847168740171,-0.7863337010123188,0.06726622202509695
417,Sam Mitchell,MIN,2000-01,Defensive Player,Average,82,981.8983333333332,285,123,57,26,10,36,0.408,0.209,0.727,0.455,0.424,0.156,0.045,100.1,104.2,-4.1,1.58,0.028,0.104,0.089,0.065,21.200000000000003,-0.967405200720474,-0.5964374905500294,-0.645721821593494,-0.28823456663916575
64,Sam Perkins,IND,2000-01,Defensive Player,Average,64,998.4066666666666,242,168,41,33,18,19,0.381,0.345,0.842,0.499,0.465,0.121,0.081,100.6,99.7,0.9,2.16,0.033,0.143,0.066,0.088,25.700000000000003,-1.0030598841223979,-0.7845185784105378,-0.23330773632090981,0.12963072367635955
1513,Scot Pollard,SAC,2000-01,Defensive Player,Elite,77,1660.58,498,465,47,48,97,66,0.468,0.0,0.749,0.53,0.468,0.143,0.1,101.8,92.2,9.6,0.71,0.102,0.165,0.046,0.135,33.2,-0.4801515299104238,-0.8747934971748528,1.1535094553476517,1.5249908868650373
251,Sean Elliott,SAS,2000-01,Defensive Player,Very Good,52,1229.746666666667,409,170,81,23,25,51,0.434,0.426,0.714,0.544,0.515,0.16,0.096,99.1,92.4,6.7,1.59,0.015,0.116,0.115,0.068,33.0,-0.3398400829024568,-0.3620659121060629,-0.48279406524718504,0.5257484701761165
399,Sean Rooks,LAC,2000-01,Defensive Player,Very Good,82,1551.6566666666668,446,303,77,34,64,73,0.428,0.5,0.748,0.487,0.429,0.155,0.071,100.9,99.2,1.7,1.05,0.061,0.129,0.081,0.097,26.200000000000003,-0.6756595462977737,-0.5677848907826017,0.23955526121602538,0.6347727682807589
1000,Shandon Anderson,HOU,2000-01,Defensive Player,Very Good,82,2397.72,710,333,189,82,40,131,0.446,0.271,0.734,0.528,0.485,0.152,0.076,103.3,103.3,0.0,1.44,0.032,0.11,0.123,0.072,22.10000000000001,-0.27281869021486777,0.08028197738580777,0.0006652611089761895,0.648404885543031
762,Shawn Bradley,DAL,2000-01,Defensive Player,Elite,82,2002.8666666666663,579,608,38,36,228,88,0.49,0.167,0.787,0.551,0.491,0.141,0.11,104.2,93.6,10.7,0.43,0.084,0.206,0.029,0.149,31.80000000000001,-0.31631117031685596,-1.0034108257694903,1.7112977530773101,2.6437857709384915
1890,Shawn Marion,PHX,2000-01,Defensive Player,Elite,79,2858.69,1369,848,160,132,108,129,0.48,0.256,0.81,0.532,0.489,0.218,0.169,99.6,94.5,5.1,1.24,0.077,0.225,0.102,0.15,30.900000000000006,0.7084404168359799,-0.14439979099526382,2.360848267461657,2.371501725103182
2066,Soumaila Samake,NJN,2000-01,Defensive Player,Average,34,223.105,46,53,1,2,14,4,0.375,0.0,0.417,0.393,0.375,0.122,0.046,93.1,98.7,-5.6,0.25,0.089,0.139,0.008,0.113,26.700000000000003,-1.743143430145316,-1.2575301247292678,-0.21995491582540927,-0.17328670837409796
278,Stacey Augmon,POR,2000-01,Defensive Player,Very Good,66,1183.9116666666666,311,159,98,48,21,48,0.477,0.0,0.655,0.511,0.477,0.136,0.075,98.5,96.7,1.7,2.04,0.054,0.083,0.131,0.069,28.700000000000003,-0.7748829424387181,-0.2096287062676367,-0.4992415753628228,0.4916675849087639
1536,Stephen Jackson,NJN,2000-01,Defensive Player,Very Good,77,1662.5716666666667,635,208,140,86,14,130,0.425,0.335,0.719,0.503,0.47,0.204,0.078,96.0,100.0,-4.0,1.08,0.024,0.103,0.15,0.063,25.400000000000006,-0.08917819781157722,0.05165374263399782,-0.4456639505913061,0.6206867008797514
2031,Stromile Swift,VAN,2000-01,Defensive Player,Very Good,80,1313.22,391,284,28,62,82,64,0.451,0.0,0.603,0.487,0.451,0.161,0.067,98.5,103.7,-5.3,0.44,0.088,0.137,0.035,0.113,21.700000000000003,-0.6713998451555696,-1.0065018189833694,0.3929755370012698,0.8426092448860371
1505,Tariq Abdul-Wahad,DEN,2000-01,Defensive Player,Average,29,420.6983333333333,111,59,22,14,13,34,0.387,0.4,0.583,0.438,0.405,0.166,0.029,91.3,103.0,-11.7,0.65,0.031,0.103,0.087,0.066,22.400000000000006,-1.1168784096376891,-0.7364619935017032,-0.8027983966433914,-0.3117129198302881
689,Theo Ratliff,PHI,2000-01,Defensive Player,Elite,50,1801.4883333333328,621,413,58,30,187,126,0.499,0.0,0.76,0.562,0.499,0.171,0.11,101.0,94.2,6.8,0.46,0.073,0.154,0.054,0.116,31.200000000000003,-0.003515555026734655,-0.7893756659497941,0.7734803372081315,2.131548764152944
1906,Tim James,CHH,2000-01,Defensive Player,Average,30,198.775,45,35,8,2,5,8,0.308,0.333,0.857,0.387,0.317,0.147,0.021,93.4,94.9,-1.5,1.0,0.079,0.095,0.065,0.087,30.5,-1.5951577446840084,-0.911566045382618,-0.5989467422530721,-0.04107611921364107
1501,Tim Thomas,MIL,2000-01,Defensive Player,Very Good,76,2084.28,954,313,138,78,45,114,0.43,0.412,0.771,0.549,0.501,0.21,0.098,107.9,100.8,7.1,1.21,0.039,0.113,0.108,0.076,24.60000000000001,0.4477978691070734,-0.1916470800772023,-0.001443693345608149,0.8044334414289024
103,Todd Day,MIN,2000-01,Defensive Player,Average,31,340.7333333333333,132,37,28,10,7,24,0.373,0.377,0.783,0.515,0.483,0.195,0.048,100.1,99.0,1.2,1.17,0.031,0.083,0.131,0.057,26.400000000000006,-0.44919001460781693,-0.46720709883131545,-0.9758296142261502,-0.17884445540396085
339,Tom Gugliotta,PHX,2000-01,Defensive Player,Very Good,57,1160.5116666666668,362,255,55,47,21,51,0.392,0.25,0.792,0.437,0.396,0.176,0.081,97.5,94.1,3.4,1.08,0.063,0.158,0.078,0.109,31.30000000000001,-0.8683827433386887,-0.6655910598787953,0.26506894085625554,0.6340683770991592
1499,Tony Battie,BOS,2000-01,Defensive Player,Very Good,40,845.3083333333333,260,233,16,27,60,37,0.537,0.0,0.638,0.562,0.537,0.142,0.102,95.9,97.3,-1.5,0.43,0.086,0.19,0.034,0.138,28.10000000000001,-0.47614429923839324,-1.056275768186346,0.5761445868513482,0.6334072542943404
960,Tony Delk,PHX,2000-01,Defensive Player,Very Good,82,2287.588333333333,1005,261,160,75,17,101,0.415,0.321,0.787,0.49,0.444,0.213,0.087,99.6,97.5,2.1,1.58,0.033,0.082,0.118,0.057,27.900000000000006,0.1692032748651983,-0.05451733763658817,-0.3814728114851281,0.6839507881912942
1503,Tracy McGrady,ORL,2000-01,Defensive Player,Elite,77,3093.661666666667,2065,580,352,116,118,198,0.457,0.355,0.733,0.521,0.474,0.309,0.171,104.3,99.8,4.5,1.78,0.06,0.124,0.218,0.091,25.60000000000001,1.8136310429297906,1.213748729744082,0.8981032030632253,1.9954947803585525
1892,Trajan Langdon,CLE,2000-01,Defensive Player,Average,65,1116.513333333333,389,89,81,38,9,52,0.431,0.411,0.895,0.561,0.513,0.155,0.072,99.4,100.5,-1.2,1.56,0.011,0.07,0.119,0.041,24.900000000000006,-0.29366735641450187,-0.33959529876639405,-1.0416883967504404,0.04337662230066467
969,Travis Knight,NYK,2000-01,Defensive Player,Very Good,45,254.59,29,53,5,5,11,10,0.189,0.0,0.5,0.238,0.189,0.127,-0.043,83.8,88.6,-4.8,0.5,0.076,0.129,0.038,0.103,36.80000000000001,-2.605018663061666,-1.074281759392398,-0.3473514588722123,0.42086720643159675
1838,Tyrone Nesby,WAS,2000-01,Defensive Player,Average,62,1556.125,512,173,76,51,20,65,0.357,0.272,0.802,0.444,0.403,0.181,0.047,97.2,102.8,-5.5,1.17,0.032,0.082,0.082,0.057,22.60000000000001,-0.6835852398430843,-0.5658469287700229,-0.6149701268476725,0.15423069191866187
137,Vernon Maxwell,DAL,2000-01,Defensive Player,Average,43,660.5616666666666,201,66,49,21,3,35,0.327,0.306,0.656,0.424,0.404,0.182,0.038,99.1,99.5,-0.4,1.4,0.006,0.089,0.12,0.05,25.900000000000006,-1.0148927995907824,-0.4517277677463014,-0.9880592154326192,-0.13471665661957086
1887,Wally Szczerbiak,MIN,2000-01,Defensive Player,Very Good,82,2855.89,1145,447,260,59,33,138,0.51,0.338,0.87,0.566,0.524,0.179,0.104,104.6,100.3,4.2,1.88,0.048,0.11,0.141,0.08,25.10000000000001,0.45580048651218225,0.4426578213003348,0.4050676540842602,0.5155353150888565
1005,Walt Williams,HOU,2000-01,Defensive Player,Average,72,1582.89,599,245,97,30,28,73,0.394,0.395,0.77,0.527,0.489,0.181,0.081,102.8,100.9,1.9,1.33,0.02,0.136,0.102,0.079,24.5,-0.1462897779709875,-0.37622034430257467,-0.14365447412080606,0.12921566483274574
962,Walter McCarty,BOS,2000-01,Defensive Player,Average,60,474.1516666666666,131,81,39,14,7,20,0.357,0.339,0.786,0.474,0.433,0.141,0.048,95.9,98.4,-2.5,1.95,0.049,0.124,0.136,0.086,27.0,-1.0796361793193505,-0.39864222761100837,-0.4896309817091496,-0.10214619862101178
445,Wesley Person,CLE,2000-01,Defensive Player,Average,44,959.28,314,130,64,27,11,40,0.438,0.405,0.8,0.514,0.497,0.16,0.088,99.1,101.8,-2.6,1.6,0.012,0.127,0.109,0.07,23.60000000000001,-0.579875317491755,-0.4583265845953169,-0.5634498999844355,-0.12674451957897478
980,Zydrunas Ilgauskas,CLE,2000-01,Defensive Player,Very Good,24,613.9466666666667,281,160,18,15,37,60,0.487,0.0,0.679,0.524,0.487,0.243,0.107,95.1,95.8,-0.7,0.3,0.113,0.151,0.057,0.133,29.60000000000001,0.06110214112778215,-0.9197103588385731,0.3187496787203814,0.36450123953818303
1425,Aaron Williams,NJN,2001-02,Defensive Player,Very Good,82,1549.9183333333333,592,339,77,29,76,79,0.526,0.0,0.699,0.568,0.526,0.177,0.102,99.7,95.1,4.7,0.97,0.077,0.142,0.084,0.111,30.30000000000001,0.05379923555526959,-0.5509319307778501,0.5134320504934995,0.9452696893290305
1502,Adonal Foyle,GSW,2001-02,Defensive Player,Elite,79,1485.29,379,384,41,36,168,76,0.444,0.0,0.398,0.445,0.444,0.143,0.069,96.6,103.4,-6.8,0.54,0.091,0.153,0.044,0.121,22.0,-1.0519588300022598,-0.9081069517787168,0.7602306298052399,1.4609421152690143
1559,Adrian Griffin,DAL,2001-02,Defensive Player,Average,58,1386.62,415,229,106,75,12,42,0.499,0.296,0.837,0.545,0.521,0.134,0.083,112.6,106.5,6.1,2.52,0.051,0.116,0.108,0.084,18.900000000000006,-0.5201281867824455,-0.30939720239202684,-0.12241025993604898,0.10457139273040846
673,Alan Henderson,ATL,2001-02,Defensive Player,Average,26,422.865,143,97,11,11,15,21,0.509,1.0,0.533,0.527,0.513,0.167,0.09,98.4,95.6,2.8,0.52,0.076,0.151,0.043,0.114,29.80000000000001,-0.5776204397296337,-1.024115344783782,-0.09046660383945676,0.11222251472724043
297,Alonzo Mourning,MIA,2001-02,Defensive Player,Elite,75,2453.2233333333334,1178,632,87,27,186,182,0.516,0.333,0.657,0.558,0.517,0.24,0.132,98.5,96.5,2.0,0.48,0.08,0.185,0.067,0.134,28.900000000000006,0.8804075175625267,-0.6096351242480602,1.5838840245150727,1.9552114587210803
1905,Andrei Kirilenko,UTA,2001-02,Defensive Player,Elite,82,2153.613333333333,880,402,94,116,159,108,0.45,0.25,0.768,0.553,0.47,0.188,0.125,105.4,97.3,8.1,0.87,0.073,0.127,0.073,0.1,28.10000000000001,0.2562523875556866,-0.5501713649821891,0.5404587039129287,2.557197492108283
1533,Anthony Johnson,NJN,2001-02,Defensive Player,Very Good,34,366.0683333333333,94,29,48,31,1,20,0.411,0.333,0.64,0.465,0.433,0.153,0.087,98.0,95.1,2.9,2.4,0.029,0.055,0.223,0.042,30.30000000000001,-1.069930730843579,0.12321083442783498,-1.1881514574656769,0.20718261497521503
2238,Antonis Fotsis,MEM,2001-02,Defensive Player,Average,28,317.35,108,62,10,9,11,21,0.404,0.304,0.85,0.479,0.438,0.184,0.077,93.3,99.0,-5.7,0.48,0.08,0.11,0.057,0.095,26.400000000000006,-0.7528541949691627,-0.9491478894172793,-0.4253882860566671,-0.14873596232998265
1517,Bobby Jackson,SAC,2001-02,Defensive Player,Very Good,81,1752.7916666666667,896,251,164,73,11,93,0.443,0.361,0.81,0.537,0.495,0.228,0.114,107.4,98.4,9.0,1.76,0.044,0.093,0.157,0.068,27.0,0.46912947379532693,0.1792899077145369,-0.2678703999702976,0.5496440707516825
2250,Bobby Simmons,WAS,2001-02,Defensive Player,Average,30,339.69666666666666,112,52,17,13,5,14,0.453,0.286,0.733,0.518,0.474,0.16,0.075,102.1,101.4,0.8,1.21,0.075,0.085,0.085,0.08,24.0,-0.702677256886057,-0.7660957567832289,-0.6430168864635243,-0.30900651471397655
2220,Brandon Armstrong,NJN,2001-02,Defensive Player,Average,35,194.78833333333333,64,16,8,7,1,8,0.318,0.294,0.5,0.358,0.347,0.216,-0.012,87.9,97.9,-10.1,1.0,0.045,0.03,0.079,0.038,27.5,-1.2421512024169041,-0.8329188986937768,-1.2736039962720467,-0.20600318568287931
2217,Brendan Haywood,WAS,2001-02,Defensive Player,Very Good,62,1266.54,315,322,29,21,91,50,0.493,0.0,0.606,0.54,0.493,0.124,0.079,96.9,98.9,-2.0,0.58,0.111,0.137,0.038,0.124,26.5,-0.6940355816092962,-0.9859691676562794,0.6339401205320336,0.7908729806805125
2243,Brian Scalabrine,NJN,2001-02,Defensive Player,Average,28,291.41333333333336,60,51,21,9,2,24,0.343,0.3,0.733,0.408,0.366,0.149,0.029,101.9,100.0,1.9,0.88,0.041,0.147,0.113,0.092,25.400000000000006,-1.449631286325679,-0.5940826981161935,-0.49279441339102603,-0.29854781340713793
1477,Bruce Bowen,SAS,2001-02,Defensive Player,Very Good,59,1699.02,412,162,88,62,25,66,0.389,0.378,0.479,0.468,0.46,0.139,0.047,106.5,96.7,9.8,1.33,0.027,0.07,0.079,0.05,28.700000000000003,-0.9259395108541045,-0.5385435929067153,-0.7333348714007526,0.6771965220574211
1743,Bruno Sundov,IND,2001-02,Defensive Player,Very Good,22,84.96833333333333,32,21,3,3,3,4,0.4,0.0,0.0,0.391,0.4,0.214,0.04,91.4,89.8,1.6,0.75,0.074,0.165,0.058,0.117,35.60000000000001,-1.0911902376752138,-0.9692880753387298,-0.2539044132839769,0.2486991584709893
179,Bryant Stith,CLE,2001-02,Defensive Player,Average,50,663.2216666666667,208,85,42,29,6,30,0.372,0.353,0.846,0.493,0.436,0.163,0.079,95.2,104.4,-9.2,1.4,0.03,0.101,0.112,0.065,21.0,-0.7544239183136331,-0.522426833682007,-0.7465502077727746,-0.3093712688464207
935,Bryon Russell,UTA,2001-02,Defensive Player,Very Good,66,1998.4616666666664,636,295,136,64,19,110,0.38,0.341,0.821,0.493,0.446,0.169,0.066,105.4,100.8,4.6,1.24,0.042,0.12,0.111,0.08,24.60000000000001,-0.4018492831574603,-0.18215350271712713,0.0017541093671381014,0.3963202962126496
1898,Cal Bowdler,ATL,2001-02,Defensive Player,Average,52,584.645,162,110,11,18,15,11,0.351,0.2,0.83,0.416,0.353,0.156,0.05,101.0,100.5,0.4,1.0,0.067,0.126,0.03,0.096,24.900000000000006,-1.2790904312207085,-1.097144838137706,-0.2852864597360535,-0.10314585244713892
1520,Charles Smith,SAS,2001-02,Defensive Player,Very Good,60,1143.4166666666667,441,133,80,52,44,59,0.425,0.267,0.646,0.483,0.466,0.201,0.074,98.8,100.3,-1.5,1.36,0.03,0.087,0.121,0.059,25.10000000000001,-0.3653932608070338,-0.33203968341889784,-0.6956259615849231,0.5542978785544707
2365,Chris Andersen,DEN,2001-02,Defensive Player,Average,24,260.65833333333336,72,76,7,7,28,13,0.338,0.0,0.786,0.417,0.338,0.161,0.068,104.1,96.7,7.4,0.54,0.132,0.137,0.039,0.135,28.700000000000003,-1.3016738885499766,-1.0613047234128041,0.1213451863018587,0.1376739524594821
168,Chris Mills,GSW,2001-02,Defensive Player,Average,66,1235.503333333333,489,190,72,31,13,56,0.417,0.378,0.794,0.516,0.473,0.179,0.086,99.8,105.1,-5.3,1.29,0.039,0.118,0.099,0.076,20.30000000000001,-0.3031500228156368,-0.485065587365783,-0.3278092591364372,-0.25895456748294027
361,Clifford Robinson,DET,2001-02,Defensive Player,Elite,80,2854.6716666666666,1166,387,202,89,95,151,0.425,0.378,0.694,0.503,0.478,0.213,0.086,102.6,100.4,2.2,1.34,0.029,0.111,0.125,0.071,25.0,0.3596362235033225,0.1393532712460397,0.13120805032222085,1.44778350392376
105,Dan Majerle,PHX,2001-02,Defensive Player,Very Good,65,1182.5866666666666,300,176,90,48,15,35,0.343,0.336,0.59,0.49,0.479,0.127,0.07,102.5,99.4,3.1,2.57,0.023,0.123,0.112,0.073,26.0,-0.968768179520593,-0.3458016502097702,-0.40317552222179204,0.27232517825667163
198,Danny Ferry,SAS,2001-02,Defensive Player,Average,50,798.7666666666667,229,90,48,16,9,22,0.429,0.434,0.944,0.594,0.551,0.12,0.081,103.2,96.2,7.0,2.18,0.02,0.088,0.099,0.056,29.200000000000003,-0.47658936305434013,-0.5733781791019015,-0.8479402035965709,0.06807174037066292
330,Danny Manning,DAL,2001-02,Defensive Player,Average,41,553.9383333333334,165,108,30,21,21,25,0.477,0.143,0.667,0.505,0.48,0.153,0.069,101.7,104.3,-2.6,1.2,0.046,0.141,0.084,0.095,21.10000000000001,-0.7900277085894792,-0.7238774229277487,-0.30333287120806435,-0.2346247448018776
2032,Darius Miles,LAC,2001-02,Defensive Player,Elite,82,2225.0383333333334,777,453,184,71,103,160,0.48,0.158,0.62,0.516,0.483,0.183,0.102,103.2,102.8,0.4,1.15,0.049,0.151,0.137,0.101,22.60000000000001,-0.06617720222697246,0.1405306674629577,0.6885206659845382,1.20120746293992
1032,Darvin Ham,MIL,2001-02,Defensive Player,Average,70,1206.9133333333334,303,202,73,25,37,83,0.569,0.143,0.504,0.571,0.571,0.128,0.044,101.9,101.6,0.3,0.88,0.078,0.089,0.094,0.084,23.80000000000001,-0.49616381825260597,-0.5094741627180308,-0.19405148169501146,0.12733775363418767
764,David Robinson,SAS,2001-02,Defensive Player,Elite,78,2305.2266666666665,951,647,94,86,140,104,0.507,0.0,0.681,0.562,0.507,0.193,0.14,106.1,96.2,9.9,0.9,0.09,0.196,0.068,0.146,29.200000000000003,0.3955141978516706,-0.5782596316567752,1.7765605549262151,2.118754930454999
209,Dell Curry,TOR,2001-02,Defensive Player,Average,56,884.9483333333334,360,81,61,22,6,41,0.406,0.344,0.892,0.495,0.471,0.203,0.085,99.3,99.1,0.2,1.49,0.025,0.07,0.12,0.047,26.30000000000001,-0.3405549257156446,-0.40757147187824216,-0.986477499591681,-0.07050103165223993
2035,DerMarr Johnson,ATL,2001-02,Defensive Player,Very Good,72,1722.395,602,247,81,62,56,102,0.396,0.36,0.81,0.513,0.479,0.176,0.067,99.8,101.9,-2.0,0.79,0.034,0.113,0.076,0.073,23.5,-0.26077424833360424,-0.5811543921678348,-0.21478564278155737,0.6853135958952556
965,Derek Fisher,LAL,2001-02,Defensive Player,Very Good,70,1974.8133333333333,786,146,181,66,9,62,0.411,0.413,0.847,0.55,0.52,0.173,0.09,110.7,100.9,9.8,2.92,0.007,0.064,0.137,0.036,24.5,0.061504548402528496,0.1294915934959429,-0.9541440890049213,0.3099929145535975
1760,Derrick Dial,TOR,2001-02,Defensive Player,Very Good,32,298.68,101,56,35,10,4,16,0.342,0.091,0.75,0.387,0.346,0.217,0.108,93.2,88.2,5.0,2.19,0.044,0.143,0.211,0.092,37.2,-1.0423396600047867,0.007963007218430684,-0.47952752047269964,0.42535364312144913
2046,Desmond Mason,SEA,2001-02,Defensive Player,Very Good,75,2418.048333333333,931,351,104,67,27,104,0.464,0.271,0.848,0.533,0.475,0.185,0.09,107.2,101.9,5.3,1.0,0.041,0.109,0.068,0.076,23.5,0.15671881282818498,-0.5414627184333926,0.09938469283367238,0.4437139544977122
1904,Devean George,LAL,2001-02,Defensive Player,Very Good,82,1762.5083333333334,581,303,111,71,42,66,0.411,0.371,0.675,0.502,0.474,0.161,0.085,107.2,95.3,11.9,1.68,0.043,0.119,0.097,0.082,30.10000000000001,-0.4486185050928242,-0.352792932464425,0.04846044664582094,1.0247022216237653
690,Don Reid,ORL,2001-02,Defensive Player,Very Good,68,712.7083333333334,224,176,27,20,44,54,0.474,0.0,0.647,0.509,0.474,0.161,0.037,94.1,95.8,-1.6,0.5,0.085,0.148,0.061,0.116,29.60000000000001,-0.6660459202938235,-0.8641225235978598,0.14462961287946077,0.4871303022512503
681,Donny Marshall,NJN,2001-02,Defensive Player,Average,20,118.55333333333331,30,21,5,3,0,2,0.276,0.5,0.667,0.406,0.31,0.146,0.043,86.6,93.0,-6.5,2.5,0.058,0.1,0.078,0.078,32.400000000000006,-1.5046622728750212,-0.8495756259957088,-0.7507509311665085,0.03033180630336337
57,Doug Christie,SAC,2001-02,Defensive Player,Elite,81,2796.0516666666667,972,374,340,160,25,164,0.46,0.352,0.851,0.578,0.521,0.153,0.099,108.5,99.6,8.9,2.07,0.026,0.103,0.169,0.065,25.80000000000001,0.20931962208514932,0.8943274204650787,0.020276202906490626,1.5222215323684338
2248,Earl Watson,SEA,2001-02,Defensive Player,Very Good,64,965.3983333333332,231,83,125,60,5,51,0.453,0.364,0.639,0.507,0.491,0.133,0.072,100.4,97.5,2.9,2.45,0.036,0.057,0.196,0.046,27.900000000000006,-0.8774064479785064,0.2548704262051164,-0.9939103967290307,0.40712077607974484
2204,Eddie Griffin,HOU,2001-02,Defensive Player,Very Good,73,1895.4766666666667,642,416,53,17,134,47,0.366,0.33,0.744,0.456,0.434,0.18,0.089,99.9,104.5,-4.6,1.13,0.06,0.156,0.049,0.107,20.900000000000006,-0.5285459263547571,-0.8358623892360716,0.6667835842170046,0.8554523007821692
2067,Eddie House,MIA,2001-02,Defensive Player,Very Good,64,1230.37,514,110,123,43,5,80,0.399,0.344,0.857,0.471,0.45,0.233,0.086,95.2,97.6,-2.3,1.54,0.014,0.08,0.186,0.046,27.80000000000001,-0.14710439716456444,0.19133451021126757,-0.9222691749700682,0.22510213862349202
224,Eddie Jones,MIA,2001-02,Defensive Player,Elite,81,3155.218333333333,1480,378,262,117,77,148,0.432,0.39,0.837,0.546,0.494,0.221,0.127,98.4,97.1,1.3,1.77,0.02,0.102,0.152,0.062,28.30000000000001,0.8904949012843969,0.5118113906291009,-0.007329245672889229,1.7496777418045484
922,Elden Campbell,CHH,2001-02,Defensive Player,Elite,77,2158.068333333333,1074,530,102,60,137,138,0.484,0.0,0.797,0.558,0.484,0.234,0.126,103.6,102.8,0.8,0.74,0.062,0.188,0.084,0.125,22.60000000000001,0.7614851362790785,-0.4589396477193934,1.1985825202390916,1.4312262467229546
677,Eric Williams,BOS,2001-02,Defensive Player,Very Good,74,1749.8983333333333,472,221,109,77,8,95,0.374,0.279,0.731,0.49,0.405,0.146,0.052,99.4,95.0,4.4,1.15,0.032,0.092,0.099,0.062,30.400000000000006,-0.7056414040447416,-0.3489170084392671,-0.4239096833083377,0.7605030256640216
956,Erick Dampier,GSW,2001-02,Defensive Player,Very Good,73,1736.745,554,387,87,17,167,156,0.435,0.0,0.645,0.484,0.435,0.175,0.054,100.4,107.2,-6.7,0.56,0.091,0.124,0.078,0.107,18.200000000000003,-0.4685184289944872,-0.5478409375639708,0.5898356052907116,1.0306909902499055
1732,Felipe Lopez,MIN,2001-02,Defensive Player,Average,67,573.1533333333333,169,80,39,18,1,36,0.378,0.424,0.673,0.469,0.423,0.165,0.038,99.4,103.0,-3.6,1.08,0.05,0.088,0.108,0.069,22.400000000000006,-0.9051286313832749,-0.5559365209886908,-0.7088584834723797,-0.39167703611391075
248,George Lynch,CHH,2001-02,Defensive Player,Very Good,45,892.8216666666667,172,186,54,40,14,41,0.369,0.167,0.625,0.399,0.371,0.128,0.067,95.5,96.3,-0.8,1.32,0.075,0.13,0.1,0.102,29.10000000000001,-1.5740505551488904,-0.5456823778329546,-0.00719176154941073,0.36145630340056206
2222,Gerald Wallace,SAC,2001-02,Defensive Player,Average,54,431.7166666666666,173,89,27,19,6,22,0.429,0.0,0.5,0.443,0.429,0.197,0.069,96.5,96.6,-0.1,1.23,0.1,0.077,0.094,0.088,28.80000000000001,-0.8166445508645576,-0.6787399635455912,-0.44292464443046675,0.045301567156580624
779,Glen Rice,HOU,2001-02,Defensive Player,Average,20,606.5366666666666,172,47,31,12,3,24,0.389,0.281,0.8,0.477,0.443,0.156,0.049,102.1,104.1,-2.0,1.29,0.009,0.074,0.084,0.042,21.30000000000001,-0.9231092335466072,-0.7201977316054105,-1.140390642959702,-0.49824042829208964
3,Grant Long,MEM,2001-02,Defensive Player,Average,66,1868.1016666666667,417,231,136,63,12,103,0.426,0.176,0.699,0.475,0.43,0.132,0.059,93.3,103.5,-10.1,1.32,0.017,0.106,0.117,0.062,21.900000000000006,-0.9335543872279229,-0.14844758270762373,-0.39737589747168495,0.15649906261917293
165,Hakeem Olajuwon,TOR,2001-02,Defensive Player,Elite,61,1374.51,435,366,66,74,92,98,0.464,0.0,0.56,0.478,0.464,0.182,0.101,100.7,99.5,1.2,0.67,0.07,0.197,0.076,0.133,25.900000000000006,-0.5373969946325718,-0.6363497620029088,0.8653456669554285,1.3148898753844165
2045,Hedo Turkoglu,SAC,2001-02,Defensive Player,Very Good,80,1969.3,810,363,163,57,31,81,0.422,0.368,0.726,0.514,0.468,0.191,0.099,107.8,97.1,10.7,2.01,0.031,0.145,0.126,0.089,28.30000000000001,0.004749496628882022,0.0014629630097645063,0.29684074179849956,0.662592621364496
1956,Ira Newble,ATL,2001-02,Defensive Player,Very Good,42,1274.4583333333333,338,222,45,38,20,49,0.498,0.143,0.852,0.56,0.5,0.124,0.074,99.8,99.7,0.2,0.92,0.064,0.112,0.055,0.088,25.700000000000003,-0.5630984321285702,-0.8315939998052744,-0.09002529280298487,0.2016724663740643
2074,Jabari Smith,PHI,2001-02,Defensive Player,Average,23,180.68166666666667,73,28,11,6,6,5,0.413,0.0,0.656,0.474,0.413,0.183,0.058,96.7,93.7,3.1,2.2,0.043,0.094,0.095,0.07,31.700000000000003,-0.8140025706560815,-0.7319973713680863,-0.8340945155182938,0.0809924066020824
1899,James Posey,DEN,2001-02,Defensive Player,Very Good,73,2242.615,782,429,180,114,39,127,0.376,0.283,0.793,0.474,0.422,0.187,0.084,100.8,105.9,-5.0,1.42,0.045,0.153,0.129,0.095,19.5,-0.2734260498192165,0.08087067549426676,0.5484016541484897,0.8170888804372334
2215,Jason Collins,NJN,2001-02,Defensive Player,Very Good,77,1403.1083333333331,350,301,81,29,47,72,0.421,0.5,0.701,0.5,0.423,0.136,0.07,97.5,93.6,4.0,1.13,0.093,0.123,0.094,0.108,31.80000000000001,-0.8096510323305056,-0.48003663213932474,0.374384701400178,0.7399952458141811
2202,Jason Richardson,GSW,2001-02,Defensive Player,Very Good,80,2627.845,1151,340,236,106,31,160,0.426,0.333,0.671,0.487,0.463,0.211,0.083,102.1,107.3,-5.1,1.48,0.043,0.08,0.149,0.061,18.10000000000001,0.24269744615786526,0.39928645624355424,-0.12089728615685005,0.5710017198368545
1744,Jerome James,SEA,2001-02,Defensive Player,Very Good,56,951.7283333333334,298,232,24,25,86,74,0.491,0.0,0.5,0.498,0.491,0.182,0.051,108.3,97.6,10.7,0.32,0.103,0.147,0.036,0.126,27.80000000000001,-0.5218436742247964,-1.0156029309378054,0.4206153566115192,0.8581121899827515
966,Jerome Williams,TOR,2001-02,Defensive Player,Very Good,68,1636.26,518,386,75,78,25,68,0.49,0.0,0.676,0.542,0.49,0.149,0.105,100.3,97.7,2.6,1.1,0.099,0.142,0.074,0.12,27.700000000000003,-0.353195224459381,-0.614467846771699,0.7527977326678901,0.7842236540209094
754,Jim Jackson,MIA,2001-02,Defensive Player,Very Good,55,1823.5166666666669,589,290,140,42,14,106,0.442,0.469,0.862,0.511,0.478,0.174,0.098,97.9,97.9,0.0,1.32,0.031,0.132,0.134,0.083,27.5,-0.29622522097960724,-0.03822871072467777,0.026706179362852633,0.2881715491979813
2207,Joe Johnson,PHX,2001-02,Defensive Player,Very Good,77,1916.736666666667,581,257,179,59,20,71,0.43,0.292,0.774,0.478,0.462,0.16,0.082,98.9,99.1,-0.2,2.52,0.038,0.094,0.151,0.066,26.30000000000001,-0.5931598560189498,0.2007793575401075,-0.27742943707766654,0.454513893108317
317,John Starks,UTA,2001-02,Defensive Player,Average,66,930.3533333333334,290,68,70,33,0,52,0.368,0.305,0.805,0.442,0.415,0.179,0.028,100.8,102.0,-1.2,1.35,0.016,0.061,0.132,0.038,23.400000000000006,-0.8697563392156287,-0.307042409958191,-1.1356283099214521,-0.18761938099280154
1886,Jonathan Bender,IND,2001-02,Defensive Player,Very Good,78,1646.215,581,244,62,19,49,96,0.43,0.36,0.773,0.538,0.479,0.175,0.069,99.2,100.4,-1.2,0.65,0.04,0.105,0.064,0.074,25.0,-0.14030045289940582,-0.7184803673112687,-0.21000612422787288,0.25708475410058873
2208,Kedrick Brown,BOS,2001-02,Defensive Player,Average,29,245.14166666666668,63,50,15,18,7,7,0.329,0.185,0.6,0.4,0.364,0.155,0.078,96.2,95.6,0.5,2.14,0.042,0.152,0.102,0.097,29.80000000000001,-1.449285236765126,-0.6779550327343126,-0.43174952045128984,0.10381234327084383
383,Kendall Gill,MIA,2001-02,Defensive Player,Very Good,65,1414.5933333333332,372,184,100,44,8,55,0.384,0.136,0.677,0.414,0.391,0.169,0.053,95.1,97.8,-2.7,1.82,0.022,0.111,0.118,0.067,27.60000000000001,-1.0439179611312106,-0.2752988169768842,-0.45838641938055147,0.2540649585611208
2030,Kenyon Martin,NJN,2001-02,Defensive Player,Elite,73,2504.786666666667,1086,388,192,90,121,172,0.463,0.224,0.678,0.503,0.47,0.22,0.088,104.1,97.6,6.4,1.12,0.045,0.107,0.123,0.076,27.80000000000001,0.35318768341721635,0.09132105135282258,0.19755970042928764,1.8857120210805658
954,Kerry Kittles,NJN,2001-02,Defensive Player,Elite,82,2598.63,1102,275,216,130,31,109,0.466,0.405,0.744,0.542,0.518,0.189,0.108,102.6,98.3,4.3,1.98,0.026,0.078,0.131,0.052,27.10000000000001,0.3607750342304245,0.2245748697682789,-0.40802378283721574,1.348466505801864
111,LaPhonso Ellis,MIA,2001-02,Defensive Player,Very Good,66,1683.7883333333334,469,287,56,30,37,73,0.418,0.306,0.631,0.48,0.46,0.157,0.056,92.9,98.3,-5.4,0.77,0.065,0.11,0.059,0.087,27.10000000000001,-0.6844549101578813,-0.7686467819198846,0.06970466083057786,0.37303499598910567
2068,Lavor Postell,NYK,2001-02,Defensive Player,Very Good,23,177.65,93,16,5,6,0,11,0.333,0.231,0.756,0.456,0.369,0.285,0.08,92.6,87.1,5.5,0.45,0.011,0.077,0.062,0.044,38.30000000000001,-0.1558060731057843,-0.9394580793543844,-1.197166070443965,0.4080684779103647
1924,Lee Nailon,CHH,2001-02,Defensive Player,Very Good,79,1912.7733333333333,851,291,94,59,17,96,0.483,0.5,0.747,0.513,0.484,0.214,0.091,101.6,102.2,-0.6,0.98,0.054,0.1,0.089,0.077,23.200000000000003,0.1969701541060346,-0.4602889116235135,-0.047078367881563915,0.24202200844564095
283,Lindsey Hunter,LAL,2001-02,Defensive Player,Very Good,82,1614.5116666666668,473,121,129,66,19,55,0.382,0.38,0.5,0.466,0.462,0.155,0.058,102.0,98.2,3.9,2.35,0.011,0.061,0.119,0.036,27.200000000000003,-0.7762567853957766,-0.16297011529415723,-1.0204785535965533,0.5698051772179799
446,Lucious Harris,NJN,2001-02,Defensive Player,Very Good,74,1555.8916666666669,675,207,116,53,6,61,0.464,0.373,0.842,0.556,0.505,0.192,0.132,97.7,94.9,2.7,1.9,0.032,0.101,0.136,0.067,30.5,0.15485139342104604,-0.11530599579096172,-0.3973587119562501,0.4974708546433401
1548,Mark Blount,BOS,2001-02,Defensive Player,Average,44,415.7816666666667,94,85,10,16,19,23,0.421,0.0,0.811,0.509,0.421,0.122,0.05,95.2,100.6,-5.4,0.43,0.059,0.148,0.039,0.101,24.80000000000001,-1.045294081924794,-1.0502656494457894,-0.28792265280428386,-0.08927418981642266
95,Mark Bryant,SAS,2001-02,Defensive Player,Average,30,201.79833333333332,56,44,10,7,2,6,0.455,0.0,0.75,0.478,0.455,0.139,0.048,92.1,96.8,-4.7,1.67,0.116,0.09,0.078,0.103,28.60000000000001,-1.1254931685156746,-0.8311771693840174,-0.37123186612519976,-0.13125557912535343
998,Mark Pope,MIL,2001-02,Defensive Player,Average,45,425.285,87,73,17,11,11,15,0.396,0.16,0.524,0.434,0.418,0.123,0.039,98.7,103.8,-5.1,1.13,0.048,0.121,0.06,0.085,21.60000000000001,-1.4718368575754817,-0.9065370901561597,-0.5235976646831519,-0.4100356766909708
672,Matt Bullard,CHH,2001-02,Defensive Player,Average,31,350.2416666666667,105,47,16,2,2,12,0.339,0.281,0.917,0.436,0.409,0.166,0.047,96.3,102.4,-6.0,1.33,0.026,0.102,0.077,0.063,23.0,-1.1326403756330736,-0.8147166747849051,-0.8728579025614158,-0.5120885740941278
1897,Metta World Peace,IND,2001-02,Defensive Player,Elite,55,1641.43,727,271,127,141,39,118,0.423,0.312,0.667,0.501,0.465,0.23,0.097,99.1,98.8,0.2,1.08,0.044,0.123,0.142,0.083,26.60000000000001,0.15606496517301927,-0.041123471235737535,-0.02370801372678763,1.5140038726231244
782,Mitch Richmond,LAL,2001-02,Defensive Player,Very Good,64,711.02,260,94,57,18,6,40,0.405,0.29,0.955,0.488,0.441,0.187,0.084,100.3,91.7,8.6,1.43,0.019,0.099,0.131,0.061,33.7,-0.5698202853336746,-0.3604960504835057,-0.7736284177385082,0.3228381119608308
42,Monty Williams,ORL,2001-02,Defensive Player,Average,68,1284.785,484,235,96,48,17,86,0.547,0.0,0.657,0.575,0.547,0.173,0.099,98.6,102.4,-3.7,1.12,0.063,0.122,0.126,0.092,23.0,-0.013344023908304359,-0.24507635558689939,-0.004572753996615032,0.11629608111430899
2050,Morris Peterson,TOR,2001-02,Defensive Player,Very Good,63,1990.0766666666664,883,223,153,73,11,86,0.438,0.364,0.751,0.524,0.492,0.207,0.092,101.5,101.4,0.0,1.78,0.044,0.069,0.131,0.056,24.0,0.23169644369857478,-0.0072456835390319885,-0.495040851969089,0.3733800456031748
1918,Obinna Ekezie,LAC,2001-02,Defensive Player,Average,29,147.01166666666666,54,34,3,2,6,10,0.333,0.0,0.7,0.477,0.333,0.201,0.061,99.0,94.9,4.1,0.3,0.076,0.139,0.032,0.108,30.5,-0.6787831145926791,-1.115347062046578,-0.334067380438451,-0.030958655210568658
2351,Oscar Torres,HOU,2001-02,Defensive Player,Average,65,1076.9666666666667,389,122,40,25,9,49,0.396,0.294,0.781,0.502,0.45,0.182,0.063,97.4,105.9,-8.4,0.82,0.041,0.073,0.065,0.056,19.5,-0.433348976629258,-0.7938159230677934,-0.763032088919282,-0.4085963411647047
1727,Pat Garrity,ORL,2001-02,Defensive Player,Very Good,80,2401.3033333333333,884,338,99,60,28,68,0.426,0.427,0.836,0.553,0.537,0.161,0.071,108.1,103.8,4.3,1.46,0.033,0.111,0.063,0.072,21.60000000000001,0.06148396754537309,-0.58794944171967,0.013932154027302579,0.26966799533854685
1718,Paul Pierce,BOS,2001-02,Defensive Player,Elite,82,3298.8566666666666,2144,566,261,154,86,241,0.442,0.404,0.809,0.57,0.508,0.289,0.153,103.8,99.2,4.6,1.08,0.024,0.147,0.153,0.085,26.200000000000003,2.0043514411739394,0.5137493526416799,0.7845179770638298,2.100720528945787
2056,Primoz Brezec,IND,2001-02,Defensive Player,Average,22,160.615,43,28,6,0,7,6,0.483,0.0,0.6,0.538,0.483,0.126,0.029,96.5,98.8,-2.3,1.0,0.09,0.073,0.065,0.082,26.60000000000001,-0.8869821993097838,-0.9189254280272945,-0.6812186638621304,-0.2707071497771794
1900,Quincy Lewis,UTA,2001-02,Defensive Player,Average,36,487.68666666666667,144,43,36,23,9,32,0.448,0.167,0.65,0.474,0.458,0.167,0.025,100.8,102.4,-1.6,1.13,0.023,0.068,0.12,0.047,23.0,-0.8799287095343743,-0.49956375493669886,-1.0873058857709617,-0.22367770436806958
1711,Raef LaFrentz,DAL,2001-02,Defensive Player,Elite,78,2453.845,1051,579,89,55,213,94,0.458,0.388,0.695,0.533,0.514,0.197,0.101,104.5,105.5,-1.0,0.95,0.069,0.165,0.059,0.116,19.900000000000006,0.3311024694049588,-0.6472169682827217,1.2139411820965675,1.9897090736312497
1952,Raja Bell,PHI,2001-02,Defensive Player,Average,74,892.535,254,111,71,21,4,48,0.429,0.273,0.75,0.486,0.454,0.152,0.054,92.2,98.8,-6.5,1.48,0.035,0.088,0.141,0.062,26.60000000000001,-0.8417991235809037,-0.2528038386215978,-0.7157813275115182,-0.08347092008184635
1740,Rashard Lewis,SEA,2001-02,Defensive Player,Very Good,71,2583.6183333333333,1195,498,123,104,40,97,0.468,0.389,0.81,0.564,0.531,0.204,0.121,108.9,102.9,6.1,1.27,0.057,0.14,0.076,0.099,22.5,0.6634349123007905,-0.4266073566296276,0.7824433936401151,0.8998567402056942
739,Rasheed Wallace,POR,2001-02,Defensive Player,Elite,79,2965.765,1521,645,152,101,101,131,0.469,0.36,0.734,0.54,0.513,0.234,0.13,107.2,100.6,6.6,1.16,0.048,0.179,0.09,0.113,24.80000000000001,0.9809230571052932,-0.24124916159297666,1.350845205704435,1.6210737081920386
2210,Richard Jefferson,NJN,2001-02,Defensive Player,Very Good,79,1919.4233333333332,742,293,140,64,48,107,0.457,0.232,0.713,0.524,0.468,0.189,0.092,98.4,95.1,3.3,1.31,0.043,0.107,0.125,0.075,30.30000000000001,-0.001754232830054094,-0.08878759073893287,-0.06725091932359398,1.0246284000839176
109,Robert Horry,LAL,2001-02,Defensive Player,Elite,81,2142.695,550,479,232,77,89,88,0.398,0.374,0.783,0.528,0.48,0.127,0.108,106.9,98.5,8.5,2.64,0.059,0.155,0.158,0.108,26.900000000000006,-0.5712145708962786,0.4351265709684563,0.8466860892925974,1.3743762472396372
915,Rodney Rogers,BOS,2001-02,Defensive Player,Very Good,77,1880.3833333333332,917,348,111,66,29,108,0.471,0.374,0.785,0.558,0.529,0.214,0.103,104.5,99.8,4.7,1.03,0.066,0.116,0.101,0.09,25.60000000000001,0.5018551127144775,-0.33032231912475607,0.2697797173482007,0.5769723371695012
1739,Ruben Patterson,POR,2001-02,Defensive Player,Very Good,75,1765.94,839,298,107,79,37,114,0.515,0.25,0.701,0.567,0.523,0.216,0.111,104.1,101.0,3.1,0.94,0.089,0.085,0.109,0.087,24.400000000000006,0.5117042859932606,-0.3000998577347714,0.0988918252508959,0.7221041573327334
417,Sam Mitchell,MIN,2001-02,Defensive Player,Average,74,722.645,244,82,45,12,4,26,0.432,0.286,0.776,0.491,0.454,0.165,0.055,103.1,100.6,2.5,1.73,0.025,0.09,0.096,0.057,24.80000000000001,-0.7252566650486912,-0.6012702130736679,-0.8564275779612127,-0.28248160161575825
1752,Sean Marks,MIA,2001-02,Defensive Player,Average,21,319.4,96,75,8,5,10,19,0.432,0.0,0.588,0.466,0.432,0.18,0.074,87.9,95.5,-7.6,0.42,0.061,0.177,0.046,0.12,29.900000000000006,-0.8651178810404554,-1.0183014587460453,-0.07240300685201118,0.005342484586956149
399,Sean Rooks,LAC,2001-02,Defensive Player,Average,61,729.6883333333334,183,124,25,12,21,20,0.418,0.0,0.724,0.443,0.418,0.14,0.038,100.9,100.9,0.0,1.25,0.044,0.123,0.055,0.084,24.5,-1.2267005392147878,-0.9051878262520396,-0.40101501122090305,-0.12811111607837677
1000,Shandon Anderson,NYK,2001-02,Defensive Player,Very Good,82,1595.48,411,249,76,48,15,97,0.399,0.277,0.692,0.489,0.452,0.15,0.064,95.0,98.9,-3.9,0.78,0.038,0.12,0.083,0.08,26.5,-0.7260670968240247,-0.5602292754351056,-0.12030130548146466,0.3017025157814229
2203,Shane Battier,MEM,2001-02,Defensive Player,Elite,78,3098.1,1125,418,216,121,81,155,0.429,0.373,0.7,0.518,0.482,0.179,0.083,97.6,102.6,-5.0,1.39,0.058,0.078,0.116,0.068,22.80000000000001,0.1669357701544898,0.14031006974452045,0.17524382350180373,1.5084423367978221
762,Shawn Bradley,DAL,2001-02,Defensive Player,Very Good,53,757.2383333333333,215,176,20,28,64,25,0.479,0.0,0.922,0.562,0.479,0.132,0.081,105.1,99.4,5.7,0.8,0.075,0.156,0.04,0.118,26.0,-0.5818008218085445,-1.0078510828874894,0.17010892148882126,0.5608536556409867
2098,Slava Medvedenko,LAL,2001-02,Defensive Player,Very Good,71,725.3383333333334,331,158,43,29,11,42,0.477,0.0,0.661,0.5,0.477,0.223,0.083,103.3,96.4,6.9,1.02,0.111,0.097,0.099,0.104,29.0,-0.18647092243547625,-0.5917766357135927,-0.05600705328267788,0.21125345156496245
2049,Speedy Claxton,PHI,2001-02,Defensive Player,Very Good,67,1529.9483333333333,480,160,198,95,6,95,0.4,0.121,0.838,0.469,0.405,0.176,0.088,96.8,97.3,-0.5,2.08,0.03,0.077,0.227,0.053,28.10000000000001,-0.6003260109150053,0.6976351461182441,-0.7004226656540423,0.7916368779336359
278,Stacey Augmon,CHH,2001-02,Defensive Player,Very Good,77,1316.2033333333334,359,226,103,56,12,54,0.429,0.0,0.762,0.481,0.429,0.146,0.089,101.1,96.8,4.3,1.91,0.046,0.122,0.128,0.085,28.60000000000001,-0.8385890591506829,-0.2080832096606971,-0.1176307413823645,0.4776258448826567
1536,Stephen Jackson,SAS,2001-02,Defensive Player,Average,23,225.9183333333333,89,26,11,15,3,23,0.374,0.25,0.706,0.452,0.423,0.235,0.046,90.4,95.1,-4.8,0.48,0.013,0.095,0.098,0.056,30.30000000000001,-0.5475849168598267,-0.7151444113633345,-1.0177564329511486,0.0616357359683691
70,Steve Kerr,POR,2001-02,Defensive Player,Average,65,773.6183333333333,269,60,63,13,1,24,0.47,0.394,0.975,0.573,0.53,0.147,0.087,102.5,98.4,4.1,2.63,0.008,0.07,0.134,0.039,27.0,-0.3701586503030292,-0.3215649425447244,-1.1441156842860942,-0.1732123455777589
2212,Steven Hunter,ORL,2001-02,Defensive Player,Average,53,514.0466666666666,189,97,5,5,43,16,0.456,0.0,0.585,0.502,0.456,0.171,0.048,94.6,103.6,-9.0,0.31,0.071,0.102,0.016,0.086,21.80000000000001,-0.6581040656781684,-1.197870132760577,-0.44717692437050516,-0.13669407121262103
2031,Stromile Swift,MEM,2001-02,Defensive Player,Elite,68,1801.4166666666667,803,430,50,53,113,122,0.48,0.0,0.711,0.539,0.48,0.216,0.108,94.8,103.7,-8.8,0.41,0.09,0.143,0.052,0.117,21.700000000000003,0.32565191077976235,-0.8300485031983347,0.8313274274351214,1.0629983625364778
1501,Tim Thomas,MIL,2001-02,Defensive Player,Very Good,74,1991.5633333333333,869,300,105,65,32,127,0.42,0.326,0.793,0.522,0.483,0.219,0.083,104.2,102.9,1.3,0.83,0.034,0.116,0.091,0.076,22.5,0.29801107102160385,-0.408577000407958,-0.03593761493325674,0.41482387358694844
1928,Todd MacCulloch,NJN,2001-02,Defensive Player,Very Good,62,1501.425,604,378,78,24,89,66,0.531,0.0,0.671,0.562,0.531,0.173,0.099,104.8,97.9,6.9,1.18,0.102,0.141,0.078,0.122,27.5,-0.0011341227370589846,-0.5809581594650152,0.7570500126079285,0.8604768165388057
339,Tom Gugliotta,PHX,2001-02,Defensive Player,Very Good,44,1133.835,285,221,77,39,30,61,0.422,0.333,0.757,0.449,0.427,0.147,0.067,98.3,99.8,-1.5,1.26,0.052,0.142,0.1,0.097,25.60000000000001,-1.0675947565149666,-0.46104947741917446,0.021978217355472618,0.30733300183815154
960,Tony Delk,BOS,2001-02,Defensive Player,Very Good,63,1446.2766666666666,597,203,132,53,10,59,0.384,0.313,0.804,0.473,0.441,0.204,0.09,103.6,99.6,4.1,2.24,0.037,0.101,0.146,0.068,25.80000000000001,-0.2881079432936368,-0.0002544012843772592,-0.39523257198623085,0.26179373792296884
2239,Trenton Hassell,CHI,2001-02,Defensive Player,Average,78,2235.5783333333334,681,255,172,55,44,101,0.425,0.364,0.763,0.502,0.473,0.159,0.066,97.4,107.9,-10.6,1.7,0.029,0.09,0.13,0.059,17.5,-0.39114457605090713,0.057050798250477854,-0.37191377437775924,0.13884643699318658
2209,Vladimir Radmanovic,SEA,2001-02,Defensive Player,Very Good,61,1234.95,407,230,81,56,24,72,0.412,0.42,0.681,0.528,0.506,0.17,0.084,104.1,100.8,3.3,1.13,0.038,0.154,0.1,0.096,24.60000000000001,-0.3595581393636759,-0.44633071212982134,0.033118970303779804,0.36401671272151676
962,Walter McCarty,BOS,2001-02,Defensive Player,Average,56,719.3183333333334,212,128,41,18,7,22,0.444,0.394,0.684,0.563,0.553,0.13,0.076,99.2,100.3,-1.0,1.86,0.044,0.132,0.097,0.088,25.10000000000001,-0.5928876965297653,-0.6103713250281038,-0.33944287966752096,-0.1723346294618184
243,Aaron McKie,PHI,2002-03,Defensive Player,Elite,80,2377.64,721,350,278,131,9,109,0.429,0.33,0.836,0.497,0.457,0.155,0.103,102.5,97.7,4.7,2.55,0.026,0.128,0.185,0.076,27.700000000000003,-0.42016822805289555,0.7560690118387817,0.09673131425000711,1.1714964657022817
1425,Aaron Williams,NJN,2002-03,Defensive Player,Very Good,81,1601.378333333333,500,331,88,27,57,85,0.453,0.0,0.785,0.504,0.453,0.162,0.074,98.1,96.2,1.9,1.04,0.087,0.119,0.092,0.103,29.200000000000003,-0.48827601409151805,-0.4655140995527913,0.39028778738673475,0.6676850048395754
1559,Adrian Griffin,DAL,2002-03,Defensive Player,Very Good,74,1369.8666666666666,325,264,105,77,6,47,0.433,0.25,0.844,0.463,0.442,0.129,0.07,105.5,98.1,7.4,2.23,0.063,0.129,0.111,0.096,27.30000000000001,-1.090471969568778,-0.2962239337096134,0.12333384214839924,0.5581286050044191
947,Allen Iverson,PHI,2002-03,Defensive Player,Elite,82,3484.07,2262,344,454,225,13,286,0.414,0.277,0.774,0.5,0.436,0.324,0.137,103.3,100.6,2.7,1.59,0.02,0.085,0.248,0.052,24.80000000000001,1.9454363531868737,1.7576068446701023,-0.2249406605643116,2.0155458802723367
1905,Andrei Kirilenko,UTA,2002-03,Defensive Player,Elite,80,2214.185,963,420,138,118,175,136,0.491,0.325,0.8,0.598,0.519,0.189,0.145,102.5,100.4,2.1,1.01,0.073,0.128,0.11,0.101,25.0,0.5807173600674682,-0.18041177340736783,0.600959172723584,2.557660149380608
1738,Ansu Sesay,SEA,2002-03,Defensive Player,Average,45,445.24,94,73,23,14,5,25,0.383,0.0,0.571,0.404,0.383,0.142,0.027,83.6,93.0,-9.4,0.92,0.07,0.083,0.097,0.076,32.400000000000006,-1.4992257419083437,-0.6766057688301925,-0.6382545534252747,0.1948941186401573
1533,Anthony Johnson,NJN,2002-03,Defensive Player,Very Good,66,842.83,270,78,86,37,5,41,0.446,0.371,0.689,0.512,0.474,0.165,0.085,91.3,91.1,0.3,2.1,0.016,0.078,0.183,0.047,34.30000000000001,-0.5864385325702731,0.03833297127999993,-0.9944376353426768,0.544839348815387
1498,Antonio Daniels,POR,2002-03,Defensive Player,Average,67,870.5766666666667,251,72,85,33,9,32,0.452,0.305,0.855,0.572,0.5,0.13,0.096,99.7,100.8,-1.1,2.66,0.013,0.074,0.155,0.043,24.60000000000001,-0.5133050623700636,-0.12264101342002073,-1.0613165240633897,-0.026056594905745634
1719,Bonzi Wells,POR,2002-03,Defensive Player,Very Good,75,2397.208333333333,1138,394,246,123,18,215,0.441,0.292,0.722,0.505,0.461,0.254,0.102,103.1,100.3,2.8,1.14,0.044,0.128,0.181,0.086,25.10000000000001,0.6510188904585802,0.6158482761842883,0.3408765149780822,1.0269005830947326
2217,Brendan Haywood,WAS,2002-03,Defensive Player,Very Good,81,1929.3933333333332,501,404,29,32,119,65,0.51,0.0,0.633,0.561,0.51,0.125,0.064,102.2,101.6,0.6,0.45,0.106,0.113,0.024,0.11,23.80000000000001,-0.43251313799358915,-1.0646163143451206,0.6731620041270622,1.029499342454318
2243,Brian Scalabrine,NJN,2002-03,Defensive Player,Average,59,721.4433333333334,180,141,46,16,18,46,0.402,0.359,0.833,0.487,0.444,0.14,0.067,96.1,96.4,-0.3,1.0,0.054,0.146,0.103,0.099,29.0,-0.9772923930966299,-0.5582669484069092,-0.16481276072838894,0.14737798138841499
935,Bryon Russell,WAS,2002-03,Defensive Player,Very Good,70,1389.585,315,208,72,70,7,55,0.353,0.329,0.768,0.468,0.428,0.13,0.064,96.5,100.2,-3.7,1.31,0.031,0.126,0.089,0.078,25.200000000000003,-1.0617752958086266,-0.5412421207149554,-0.25456913602110165,0.3723317108353521
384,Calbert Cheaney,UTA,2002-03,Defensive Player,Very Good,81,2352.901666666666,700,284,163,65,13,108,0.499,0.4,0.58,0.514,0.507,0.157,0.069,104.9,100.0,4.9,1.51,0.036,0.094,0.113,0.066,25.400000000000006,-0.3234732760462775,-0.07156653034415945,-0.20578821531870406,0.3929806151721283
1916,Calvin Booth,SEA,2002-03,Defensive Player,Very Good,47,575.325,138,109,12,11,33,22,0.437,0.0,0.723,0.494,0.437,0.132,0.059,97.8,95.3,2.5,0.55,0.057,0.13,0.033,0.094,30.10000000000001,-1.0261217513249654,-1.0766121868106162,-0.31341914692907935,0.31196326929739654
2406,Caron Butler,MIA,2002-03,Defensive Player,Elite,78,2855.651666666666,1201,397,213,137,31,192,0.416,0.318,0.824,0.502,0.432,0.224,0.101,95.2,102.5,-7.3,1.11,0.047,0.098,0.14,0.072,22.900000000000006,0.45968420261817866,0.26409467581551915,0.17048149046355393,1.1742264111621366
2418,Casey Jacobsen,PHX,2002-03,Defensive Player,Very Good,72,1145.2383333333332,368,83,73,35,6,55,0.373,0.315,0.686,0.493,0.453,0.162,0.05,100.7,95.8,4.9,1.33,0.024,0.047,0.101,0.035,29.60000000000001,-0.6463605713050212,-0.47015058937361026,-1.1340465940805138,0.25808711420917346
2365,Chris Andersen,DEN,2002-03,Defensive Player,Very Good,59,902.555,305,274,32,30,60,60,0.4,0.0,0.55,0.44,0.4,0.191,0.105,87.5,94.2,-6.7,0.53,0.11,0.186,0.066,0.146,31.200000000000003,-0.7825283928731275,-0.8176358003115822,0.7868503432190666,0.8466308357627339
2423,Chris Jefferies,TOR,2002-03,Defensive Player,Average,51,666.605,197,59,22,19,16,45,0.387,0.333,0.674,0.463,0.433,0.171,0.033,91.4,100.2,-8.8,0.49,0.023,0.068,0.057,0.044,25.200000000000003,-0.8753187861249246,-0.9049915935492201,-1.083070791346358,-0.06504062299090389
2404,Chris Wilcox,LAC,2002-03,Defensive Player,Average,46,479.74,171,104,21,7,12,26,0.521,0.0,0.5,0.528,0.521,0.177,0.082,99.2,95.5,3.6,0.81,0.07,0.141,0.076,0.108,29.900000000000006,-0.478505912795909,-0.801935871508131,-0.14833087958188163,0.04630013846972503
361,Clifford Robinson,DET,2002-03,Defensive Player,Elite,81,2824.951666666667,992,318,268,87,88,158,0.398,0.336,0.676,0.477,0.444,0.202,0.074,102.7,99.3,3.4,1.7,0.03,0.09,0.175,0.06,26.10000000000001,0.00497506541183057,0.6630955652662267,-0.1920112693021665,1.420868672580082
722,Corliss Williamson,DET,2002-03,Defensive Player,Very Good,82,2060.318333333333,987,358,104,44,27,126,0.453,0.182,0.79,0.515,0.454,0.245,0.098,104.3,95.3,9.0,0.83,0.073,0.106,0.099,0.089,30.10000000000001,0.5334164252176822,-0.36731546505095847,0.2835738488801732,0.5931834622432552
2042,Courtney Alexander,NOH,2002-03,Defensive Player,Average,66,1358.69,523,118,79,31,6,68,0.382,0.333,0.808,0.459,0.401,0.209,0.054,97.2,98.0,-0.8,1.16,0.028,0.059,0.105,0.044,27.400000000000006,-0.38491606075422635,-0.42560182809991176,-0.9265214549101066,0.08738137734701994
1749,Cuttino Mobley,HOU,2002-03,Defensive Player,Very Good,73,3040.923333333333,1280,303,208,95,36,166,0.434,0.352,0.858,0.537,0.486,0.2,0.094,102.6,100.5,2.1,1.25,0.024,0.077,0.121,0.05,24.900000000000006,0.5410771657689322,0.13896080584040038,-0.3592084911039485,0.9071458378674032
1800,Damon Jones,SAC,2002-03,Defensive Player,Average,49,711.425,224,70,80,18,4,23,0.381,0.364,0.741,0.505,0.486,0.153,0.08,100.7,97.9,2.8,3.48,0.015,0.077,0.166,0.046,27.5,-0.7474799216188287,-0.07924528334762249,-1.0284043183166793,-0.06167580135223035
2061,Dan Langhi,PHX,2002-03,Defensive Player,Average,60,537.7783333333333,183,87,21,15,6,16,0.401,0.29,0.6,0.434,0.423,0.186,0.059,103.8,94.0,9.8,1.31,0.034,0.127,0.061,0.08,31.400000000000006,-0.9414161900783911,-0.8862006715318894,-0.5501486360352396,0.15661827053203928
2032,Darius Miles,CLE,2002-03,Defensive Player,Very Good,67,2005.9916666666663,618,363,176,67,69,178,0.41,0.0,0.594,0.435,0.41,0.189,0.066,93.0,103.5,-10.5,0.99,0.054,0.122,0.148,0.088,21.900000000000006,-0.6000374223907176,0.17288732356834097,0.28410108749381924,0.7746399625475545
1032,Darvin Ham,ATL,2002-03,Defensive Player,Average,75,924.7433333333332,180,153,38,16,19,65,0.447,0.0,0.481,0.464,0.447,0.123,0.016,94.8,96.5,-1.7,0.58,0.081,0.082,0.069,0.081,28.900000000000006,-1.2332439208495953,-0.7787046923728009,-0.36228599520865096,0.15161997788653755
764,David Robinson,SAS,2002-03,Defensive Player,Elite,64,1671.6866666666667,546,508,61,52,111,83,0.469,0.0,0.71,0.531,0.469,0.166,0.131,103.8,93.2,10.5,0.73,0.107,0.198,0.057,0.155,32.2,-0.2714477575061806,-0.7614836319780276,1.5223978205388642,1.6493261596117978
133,David Wesley,NOH,2002-03,Defensive Player,Very Good,73,2710.6716666666666,1217,175,251,109,9,132,0.433,0.424,0.781,0.533,0.498,0.21,0.093,103.7,100.8,2.9,1.9,0.014,0.053,0.159,0.033,24.60000000000001,0.5459794589045441,0.5106583594278006,-0.9154150729926691,0.7614069884059615
2052,DeShawn Stevenson,UTA,2002-03,Defensive Player,Average,61,760.8633333333333,279,85,40,22,8,49,0.401,0.333,0.691,0.444,0.408,0.209,0.054,92.4,104.3,-11.9,0.82,0.029,0.086,0.099,0.057,21.10000000000001,-0.6466394431290926,-0.6028157096806075,-0.848467442210217,-0.3557904139035084
934,Derrick Coleman,PHI,2002-03,Defensive Player,Elite,64,1742.185,602,450,87,53,69,96,0.448,0.328,0.784,0.525,0.47,0.172,0.106,102.7,95.7,7.0,0.91,0.088,0.178,0.082,0.132,29.700000000000003,-0.2214457421600644,-0.5253703242243019,1.0754898136786315,1.0878673467973072
1904,Devean George,LAL,2002-03,Defensive Player,Very Good,71,1612.1566666666668,492,286,92,56,38,65,0.39,0.371,0.79,0.485,0.444,0.155,0.071,103.1,100.9,2.2,1.42,0.055,0.123,0.092,0.088,24.5,-0.6539217678444492,-0.45079533426343826,0.07979093655159288,0.49978574125958125
1901,Dion Glover,ATL,2002-03,Defensive Player,Very Good,76,1887.888333333333,737,282,141,71,15,108,0.427,0.354,0.784,0.512,0.471,0.198,0.089,101.3,101.2,0.1,1.31,0.036,0.11,0.127,0.075,24.200000000000003,-0.008086073340431543,-0.07387259274676014,-0.09643808374391204,0.40487811074874175
57,Doug Christie,SAC,2002-03,Defensive Player,Elite,80,2709.6383333333333,748,342,376,180,37,144,0.479,0.395,0.81,0.59,0.545,0.123,0.101,106.0,96.4,9.6,2.61,0.023,0.095,0.185,0.061,29.0,-0.10322176611624008,1.116678761427932,-0.11559052898951952,2.03887331932995
2204,Eddie Griffin,HOU,2002-03,Defensive Player,Elite,77,1882.4316666666664,664,461,86,52,111,76,0.4,0.333,0.617,0.462,0.447,0.193,0.1,102.5,98.2,4.2,1.13,0.075,0.167,0.077,0.122,27.200000000000003,-0.38320916580538006,-0.5571382822212263,0.9772804350521465,1.355552784364285
2067,Eddie House,MIA,2002-03,Defensive Player,Average,55,1025.1866666666667,411,101,87,44,1,46,0.387,0.3,0.861,0.447,0.428,0.223,0.085,91.8,97.7,-5.9,1.89,0.015,0.086,0.168,0.048,27.700000000000003,-0.4318084266354472,-0.042252137421420144,-0.9206702736136951,0.18911817804456307
224,Eddie Jones,MIA,2002-03,Defensive Player,Very Good,47,1788.1133333333332,869,226,173,64,31,85,0.423,0.407,0.822,0.551,0.494,0.225,0.137,97.1,100.3,-3.3,2.04,0.019,0.114,0.184,0.065,25.10000000000001,0.5077425132822938,0.36408376965834643,-0.3724238274759704,0.5471072017742712
1944,Eddie Robinson,CHI,2002-03,Defensive Player,Very Good,64,1354.361666666667,364,200,66,62,13,52,0.492,0.214,0.81,0.531,0.497,0.126,0.076,99.6,102.7,-3.1,1.27,0.056,0.089,0.075,0.073,22.700000000000003,-0.6955161456501983,-0.6419674153378261,-0.33949443621382536,0.2032589037235354
2059,Eduardo Najera,DAL,2002-03,Defensive Player,Very Good,48,1100.4466666666667,320,223,47,40,22,23,0.558,0.0,0.681,0.59,0.558,0.12,0.084,112.2,98.6,13.7,2.04,0.084,0.115,0.06,0.1,26.80000000000001,-0.4338349550793976,-0.7961463504860116,0.06550393743684409,0.30726026281128654
981,Efthimios Rentzias,PHI,2002-03,Defensive Player,Average,35,143.38166666666666,52,26,7,6,2,4,0.339,0.5,0.889,0.413,0.373,0.19,0.051,92.0,97.0,-5.0,1.75,0.061,0.132,0.086,0.092,28.400000000000006,-1.1266730321285792,-0.7972750166716944,-0.559128877982658,-0.15336787707356603
922,Elden Campbell,SEA,2002-03,Defensive Player,Very Good,56,867.9583333333334,343,181,51,33,39,50,0.397,0.0,0.801,0.483,0.397,0.225,0.09,98.9,95.2,3.7,1.02,0.058,0.155,0.111,0.108,30.200000000000003,-0.260374286570094,-0.49492726511587987,0.05597927136034472,0.6064935054636441
677,Eric Williams,BOS,2002-03,Defensive Player,Very Good,82,2350.3116666666665,746,382,140,86,19,97,0.442,0.336,0.75,0.538,0.474,0.153,0.081,100.1,98.8,1.2,1.44,0.06,0.104,0.103,0.081,26.60000000000001,-0.18236148458337095,-0.21237596410711193,0.24533770045069753,0.7417796309545173
248,George Lynch,NOH,2002-03,Defensive Player,Very Good,81,1496.105,363,353,104,66,19,52,0.409,0.354,0.554,0.464,0.448,0.131,0.089,100.2,95.5,4.6,2.0,0.091,0.145,0.109,0.118,29.900000000000006,-1.042709809832701,-0.3111389317017862,0.6397569307975753,0.7284427998516368
2222,Gerald Wallace,SAC,2002-03,Defensive Player,Very Good,47,572.825,220,128,23,24,15,44,0.492,0.25,0.527,0.51,0.495,0.195,0.08,97.8,95.3,2.5,0.52,0.063,0.141,0.065,0.103,30.10000000000001,-0.41431658963056656,-0.856370675547544,-0.14834806509731652,0.2645466354401462
1761,Greg Buckner,PHI,2002-03,Defensive Player,Very Good,75,1516.236666666667,450,216,96,72,16,62,0.465,0.273,0.802,0.519,0.484,0.143,0.068,101.9,97.9,4.0,1.55,0.048,0.1,0.103,0.073,27.5,-0.5776595768606282,-0.37428238228999566,-0.297040378875181,0.6192473653534845
731,Greg Ostertag,UTA,2002-03,Defensive Player,Elite,81,1926.885,438,503,55,20,147,104,0.518,0.0,0.51,0.531,0.518,0.125,0.068,105.2,96.5,8.7,0.53,0.108,0.167,0.042,0.14,28.900000000000006,-0.6494716067682972,-0.8678265799358156,1.3180361130503337,1.4881008220330685
2045,Hedo Turkoglu,SAC,2002-03,Defensive Player,Average,67,1178.155,447,188,87,25,12,50,0.422,0.372,0.8,0.509,0.459,0.183,0.084,97.2,99.0,-1.8,1.74,0.028,0.118,0.121,0.074,26.400000000000006,-0.3441791031079538,-0.30628184416252996,-0.3585953249131284,0.027163308686080894
93,Hubert Davis,DET,2002-03,Defensive Player,Average,43,322.98,79,36,29,5,0,11,0.392,0.333,0.833,0.484,0.468,0.132,0.069,93.3,97.2,-4.0,2.64,0.019,0.095,0.163,0.057,28.200000000000003,-1.1258449003213604,-0.2837625007916258,-0.9784829928098155,-0.1957151030279236
2080,Igor Rakocevic,MIN,2002-03,Defensive Player,Very Good,42,240.12166666666667,78,17,33,4,0,23,0.379,0.417,0.806,0.528,0.422,0.175,0.053,98.8,86.5,12.3,1.43,0.018,0.049,0.202,0.035,38.900000000000006,-0.5602137275732382,-0.04995525544050078,-1.3091695806024222,0.4225985570634421
1956,Ira Newble,ATL,2002-03,Defensive Player,Average,73,1927.2883333333332,564,271,99,50,26,69,0.495,0.381,0.778,0.557,0.529,0.133,0.073,98.1,105.7,-7.6,1.43,0.047,0.092,0.086,0.071,19.700000000000003,-0.3513870435917054,-0.45874341501657384,-0.1765838653829513,0.03418555535522728
2054,Jake Tsakalidis,PHX,2002-03,Defensive Player,Average,33,542.3716666666667,161,122,13,6,17,26,0.452,0.0,0.672,0.501,0.452,0.151,0.053,92.0,97.7,-5.7,0.5,0.081,0.143,0.038,0.111,27.700000000000003,-0.8304234132552777,-1.0448442288136917,-0.062351102161865735,-0.04273418956213012
1899,James Posey,HOU,2002-03,Defensive Player,Very Good,83,2517.903333333333,893,426,184,106,15,144,0.411,0.306,0.833,0.519,0.457,0.177,0.102,97.7,100.7,-3.0,1.28,0.036,0.139,0.126,0.086,24.700000000000003,-0.00929420992739057,0.07873648077886812,0.4257846296553711,0.7969031511144108
2457,Jannero Pargo,LAL,2002-03,Defensive Player,Average,34,339.12,85,37,39,13,2,23,0.398,0.292,1.0,0.449,0.435,0.146,0.042,100.1,99.3,0.9,1.7,0.024,0.088,0.168,0.053,26.10000000000001,-1.2191450249204927,-0.21887732089365702,-1.0267882314448715,-0.21597408911923818
2407,Jared Jeffries,WAS,2002-03,Defensive Player,Very Good,20,290.34166666666664,79,58,16,8,5,21,0.476,0.5,0.552,0.521,0.5,0.152,0.073,97.1,89.1,8.0,0.76,0.095,0.112,0.091,0.103,36.30000000000001,-0.767886419539337,-0.7360695280960639,-0.3340845659538859,0.3618691737033461
2260,Jarron Collins,UTA,2002-03,Defensive Player,Average,22,420.84,120,60,14,5,6,19,0.442,0.0,0.71,0.53,0.442,0.14,0.029,97.4,101.4,-4.0,0.74,0.079,0.071,0.06,0.075,24.0,-0.7747072722882842,-0.9175761641231746,-0.6854881293176036,-0.38177995421739946
2215,Jason Collins,NJN,2002-03,Defensive Player,Very Good,81,1897.5716666666667,460,368,87,47,44,85,0.414,0.0,0.763,0.521,0.414,0.124,0.058,102.5,94.0,8.5,1.02,0.072,0.127,0.07,0.099,31.400000000000006,-0.6981021743608496,-0.5927821642433087,0.43750417776362904,0.8726455166747771
1744,Jerome James,SEA,2002-03,Defensive Player,Very Good,51,765.2133333333334,276,216,27,12,82,75,0.478,0.0,0.587,0.506,0.478,0.211,0.063,96.9,95.0,1.9,0.36,0.108,0.179,0.064,0.145,30.400000000000006,-0.27967468123591727,-0.847269563593108,0.6202147310618003,0.8357067709011127
2040,Jerome Moiso,NOH,2002-03,Defensive Player,Very Good,51,635.7733333333333,205,178,22,19,44,46,0.52,0.0,0.659,0.542,0.52,0.165,0.109,94.6,92.1,2.5,0.48,0.094,0.19,0.063,0.142,33.30000000000001,-0.4617871270539254,-0.8712856735397166,0.48116738196847875,0.6941612369960981
2219,Jeryl Sasser,ORL,2002-03,Defensive Player,Average,75,1024.31,194,184,65,45,12,39,0.309,0.295,0.679,0.402,0.341,0.12,0.058,89.7,101.7,-12.1,1.67,0.057,0.124,0.107,0.088,23.700000000000003,-1.5995965265583436,-0.46588219994281305,-0.19085367898226538,0.07575294481866253
754,Jim Jackson,SAC,2002-03,Defensive Player,Average,63,1309.9633333333334,487,262,118,31,4,80,0.442,0.451,0.855,0.501,0.476,0.19,0.095,99.3,96.9,2.4,1.48,0.063,0.123,0.148,0.094,28.5,-0.309830061009943,-0.040534773127278545,0.09254777637170807,0.1317765918953274
2207,Joe Johnson,PHX,2002-03,Defensive Player,Very Good,82,2253.325,803,264,210,62,19,108,0.397,0.366,0.774,0.472,0.444,0.189,0.079,102.7,101.1,1.6,1.94,0.025,0.091,0.151,0.058,24.30000000000001,-0.25507603052986383,0.31484978853259377,-0.36077302142945195,0.35797116782117516
680,John Amaechi,UTA,2002-03,Defensive Player,Average,50,474.5733333333333,99,77,21,14,7,34,0.314,0.0,0.481,0.351,0.314,0.165,0.007,94.3,96.0,-1.7,0.62,0.058,0.114,0.073,0.086,29.400000000000006,-1.6302783285064768,-0.8187888315128826,-0.5002444960438106,0.03886502149779466
2422,John Salmons,PHI,2002-03,Defensive Player,Average,64,495.165,132,59,47,17,6,29,0.414,0.323,0.743,0.502,0.457,0.138,0.059,97.4,95.6,1.8,1.62,0.033,0.091,0.153,0.062,29.80000000000001,-0.9407854629085747,-0.27370459033870936,-0.8537570138621127,0.08333351632945936
1886,Jonathan Bender,IND,2002-03,Defensive Player,Very Good,46,818.615,303,133,42,8,56,42,0.441,0.358,0.714,0.521,0.478,0.179,0.085,96.3,98.1,-1.9,1.0,0.05,0.108,0.089,0.079,27.30000000000001,-0.40869604310006924,-0.6516328603851034,-0.4408328754913171,0.3490677624145217
2413,Juan Dixon,WAS,2002-03,Defensive Player,Average,42,648.4683333333334,270,72,40,26,3,42,0.384,0.298,0.804,0.464,0.43,0.231,0.073,97.3,99.4,-2.1,0.95,0.02,0.093,0.118,0.056,26.0,-0.3777284540475115,-0.49608029631718026,-0.8957010181025458,-0.0770343744230612
1038,Juaquin Hawkins,HOU,2002-03,Defensive Player,Average,58,680.8,134,78,47,29,6,29,0.385,0.417,0.5,0.427,0.419,0.125,0.048,100.4,97.8,2.6,1.62,0.026,0.088,0.107,0.059,27.60000000000001,-1.4633246470746466,-0.5321166437449019,-0.8415617836865132,0.07840958648029672
2416,Kareem Rush,LAL,2002-03,Defensive Player,Average,76,874.7516666666667,227,94,68,10,11,63,0.393,0.279,0.696,0.447,0.432,0.157,0.036,98.3,101.9,-3.6,1.08,0.029,0.077,0.119,0.053,23.5,-1.0476516463156758,-0.38743128595679155,-0.8755456521759506,-0.3087631570352285
2208,Kedrick Brown,BOS,2002-03,Defensive Player,Very Good,51,667.1916666666667,145,140,20,34,13,23,0.357,0.077,0.625,0.392,0.365,0.144,0.058,93.1,97.1,-4.0,0.87,0.065,0.141,0.052,0.102,28.30000000000001,-1.5164166166935573,-0.9404392428684827,-0.12924717639801345,0.2421669217280161
383,Kendall Gill,MIN,2002-03,Defensive Player,Very Good,82,2069.9766666666665,714,248,156,78,15,108,0.422,0.322,0.764,0.477,0.436,0.182,0.07,99.9,100.2,-0.3,1.44,0.025,0.093,0.12,0.059,25.200000000000003,-0.3419139788891891,-0.05800079625610676,-0.39048742446341617,0.5361623263664278
2030,Kenyon Martin,NJN,2002-03,Defensive Player,Elite,77,2625.648333333333,1283,640,185,98,70,192,0.47,0.209,0.653,0.511,0.475,0.246,0.119,104.2,95.9,8.3,0.96,0.064,0.183,0.126,0.124,29.5,0.731326846256681,0.0824161721012064,1.4777145101375917,1.5524952080145162
1721,Keon Clark,SAC,2002-03,Defensive Player,Elite,80,1778.6266666666668,536,451,80,38,150,94,0.501,0.0,0.656,0.528,0.501,0.15,0.094,99.9,93.8,6.1,0.85,0.078,0.155,0.07,0.119,31.60000000000001,-0.4129395684603782,-0.6185400034996764,0.9125276863014529,1.8635953695655578
954,Kerry Kittles,NJN,2002-03,Defensive Player,Elite,65,1955.27,848,252,170,101,30,55,0.467,0.356,0.785,0.55,0.522,0.188,0.128,102.4,96.6,5.8,3.09,0.027,0.104,0.15,0.066,28.80000000000001,0.21602301313337313,0.16204448230414584,-0.29069632999599293,1.1377524641719
111,LaPhonso Ellis,MIA,2002-03,Defensive Player,Very Good,55,781.005,277,157,15,15,15,31,0.382,0.252,0.758,0.476,0.433,0.19,0.078,94.8,94.5,0.3,0.48,0.057,0.145,0.036,0.101,30.900000000000006,-0.6042097417325518,-1.0487201528388497,-0.09687939478038388,0.21829810903494065
1716,Larry Hughes,WAS,2002-03,Defensive Player,Very Good,67,2136.846666666667,857,308,205,86,24,136,0.467,0.367,0.731,0.521,0.487,0.205,0.106,100.4,101.6,-1.2,1.51,0.032,0.115,0.174,0.074,23.80000000000001,0.18115299873782018,0.42565735862399867,-0.040189894873295134,0.6278538608312729
446,Lucious Harris,NJN,2002-03,Defensive Player,Very Good,77,1971.54,795,232,155,53,8,71,0.413,0.346,0.804,0.494,0.446,0.195,0.101,100.2,97.4,2.7,2.18,0.031,0.086,0.139,0.058,28.0,-0.09113653314084265,0.045054925784982415,-0.4456811361067408,0.3708190950257288
2124,Malik Allen,MIA,2002-03,Defensive Player,Very Good,80,2320.34,767,425,54,37,78,128,0.424,0.0,0.802,0.455,0.424,0.195,0.061,94.2,102.0,-7.8,0.42,0.058,0.135,0.042,0.095,23.400000000000006,-0.3343126151290126,-0.8715062712581538,0.5377881398138286,0.642988263000103
2055,Mamadou N'diaye,TOR,2002-03,Defensive Player,Average,22,366.01166666666666,120,82,7,8,32,21,0.448,0.0,0.723,0.514,0.448,0.162,0.064,99.2,101.8,-2.6,0.33,0.073,0.145,0.031,0.107,23.60000000000001,-0.7051372461140305,-1.106245950092142,-0.21944486272719801,-0.11114367134237857
1938,Manu Ginobili,SAS,2002-03,Defensive Player,Very Good,69,1434.42,525,161,138,96,17,100,0.438,0.345,0.737,0.556,0.503,0.178,0.088,102.6,97.1,5.5,1.38,0.034,0.08,0.163,0.058,28.30000000000001,-0.055807695235582856,0.11732385334324533,-0.6340710155469755,0.9250412799156461
2409,Marcus Haislip,MIL,2002-03,Defensive Player,Average,39,441.32666666666665,161,53,9,7,18,21,0.431,0.25,0.684,0.474,0.441,0.192,0.04,95.1,100.6,-5.5,0.43,0.047,0.074,0.036,0.06,24.80000000000001,-0.684657126086913,-1.0707983007728794,-0.8951565939734649,-0.19264392026430258
1548,Mark Blount,BOS,2002-03,Defensive Player,Very Good,81,1407.105,401,308,56,42,68,103,0.432,0.0,0.727,0.491,0.432,0.162,0.067,88.4,99.4,-11.1,0.54,0.076,0.147,0.074,0.11,26.0,-0.6339977289638741,-0.6843819818961261,0.41843766009519556,0.7463825927896438
2408,Melvin Ely,LAC,2002-03,Defensive Player,Average,52,802.9716666666667,236,174,15,10,32,50,0.495,0.0,0.703,0.54,0.495,0.151,0.066,102.3,99.2,3.0,0.3,0.082,0.136,0.03,0.109,26.200000000000003,-0.553353331476928,-1.082426072848353,0.0501452755793681,0.06234120966295161
1897,Metta World Peace,IND,2002-03,Defensive Player,Elite,69,2317.438333333333,1068,362,198,159,50,145,0.428,0.336,0.736,0.529,0.47,0.22,0.108,105.0,97.4,7.5,1.37,0.045,0.109,0.144,0.078,28.0,0.4888629439134455,0.23136991932011391,0.15405116586335105,1.89405705461584
2399,Mike Dunleavy,GSW,2002-03,Defensive Player,Average,82,1306.145,466,214,106,53,19,86,0.403,0.347,0.78,0.505,0.465,0.172,0.077,105.2,103.6,1.6,1.23,0.049,0.108,0.125,0.079,21.80000000000001,-0.4338727209235615,-0.21389709569843396,-0.22590921021442967,0.11783221375261133
42,Monty Williams,PHI,2002-03,Defensive Player,Average,21,276.5283333333333,92,45,26,12,5,17,0.425,0.0,0.75,0.489,0.425,0.172,0.073,106.7,97.3,9.4,1.53,0.045,0.12,0.143,0.083,28.10000000000001,-0.7950630006227742,-0.4071546414569853,-0.6233715736351403,-0.07847370994932741
2050,Morris Peterson,TOR,2002-03,Defensive Player,Very Good,82,2944.9533333333334,1153,363,188,88,32,128,0.392,0.337,0.789,0.488,0.446,0.2,0.077,98.7,104.1,-5.5,1.47,0.032,0.094,0.11,0.062,21.30000000000001,0.16933197751612913,0.0035727927095455525,-0.04712992442786834,0.5826296111087206
2403,Nene,DEN,2002-03,Defensive Player,Elite,80,2258.3283333333334,839,491,149,127,65,181,0.519,0.0,0.578,0.545,0.519,0.19,0.102,92.8,98.4,-5.6,0.82,0.094,0.139,0.119,0.116,27.0,0.1955859558638242,-0.08937628884739186,0.9804438667340231,1.6555007255864433
2401,Nikoloz Tskitishvili,DEN,2002-03,Defensive Player,Very Good,81,1319.9883333333332,315,181,91,31,29,84,0.293,0.243,0.738,0.374,0.34,0.165,0.024,89.8,97.9,-8.1,1.08,0.045,0.093,0.113,0.068,27.5,-1.3430068265987813,-0.3365043055525147,-0.45360690082686694,0.32595851692263794
2469,Pat Burke,ORL,2002-03,Defensive Player,Average,62,786.1816666666666,267,146,23,19,25,47,0.382,0.143,0.69,0.415,0.383,0.202,0.042,88.4,100.6,-12.2,0.49,0.065,0.119,0.056,0.09,24.80000000000001,-0.8723451546345921,-0.906929555561799,-0.2662027565521853,0.0025146830169483123
1727,Pat Garrity,ORL,2002-03,Defensive Player,Average,81,2586.548333333333,868,306,121,62,20,77,0.419,0.396,0.83,0.551,0.528,0.148,0.063,106.3,104.1,2.3,1.57,0.028,0.094,0.073,0.06,21.30000000000001,-0.05665575460347036,-0.4508196992790559,-0.2238518123061498,0.19182460667573997
1542,Predrag Drobnjak,SEA,2002-03,Defensive Player,Average,82,1982.2,771,320,86,48,38,65,0.412,0.353,0.791,0.459,0.431,0.209,0.071,103.6,104.8,-1.2,1.32,0.055,0.117,0.074,0.084,20.60000000000001,-0.2060711256911533,-0.573991242225978,0.11904719117749127,0.18775160506002633
2453,Predrag Savovic,DEN,2002-03,Defensive Player,Very Good,27,255.87,83,25,22,14,1,21,0.312,0.154,0.724,0.392,0.333,0.195,0.027,81.3,89.9,-8.7,1.05,0.031,0.066,0.169,0.047,35.5,-1.1877832651780664,-0.2758144200384903,-1.1350667002769366,0.33656375528132476
2056,Primoz Brezec,IND,2002-03,Defensive Player,Very Good,22,107.77666666666669,42,23,4,2,4,7,0.395,0.0,0.6,0.449,0.395,0.216,0.041,99.1,88.2,10.9,0.57,0.129,0.083,0.058,0.104,37.2,-0.737720684480159,-0.9656083840163916,-0.41421316207749037,0.3424627396149537
2417,Qyntel Woods,POR,2002-03,Defensive Player,Average,53,334.9783333333333,128,53,12,15,1,23,0.5,0.333,0.35,0.505,0.513,0.196,0.063,93.3,104.3,-11.0,0.52,0.046,0.126,0.064,0.085,21.10000000000001,-0.5019294902960469,-0.902464933428182,-0.5766652363564575,-0.49914220249319957
1711,Raef LaFrentz,DAL,2002-03,Defensive Player,Very Good,69,1610.0416666666667,639,330,54,35,91,46,0.518,0.405,0.682,0.578,0.563,0.165,0.08,109.9,101.8,8.1,1.17,0.077,0.127,0.05,0.102,23.60000000000001,0.05702281259913248,-0.826565044578816,0.3748947544983892,0.7655435041733227
739,Rasheed Wallace,POR,2002-03,Defensive Player,Elite,74,2686.3616666666667,1340,548,153,70,77,140,0.471,0.358,0.735,0.552,0.521,0.231,0.125,104.8,99.3,5.5,1.09,0.045,0.168,0.101,0.108,26.10000000000001,0.8970440887043963,-0.17577528358654887,1.0297692115655015,1.1334333985949814
1725,Rasho Nesterovic,MIN,2002-03,Defensive Player,Elite,77,2338.07,861,504,114,39,116,99,0.525,0.0,0.642,0.536,0.525,0.174,0.092,104.3,101.3,3.1,1.15,0.065,0.15,0.074,0.108,24.10000000000001,0.042865693508769946,-0.4709598852005065,0.9130205538842293,1.0893028935281348
2446,Rasual Butler,MIA,2002-03,Defensive Player,Very Good,72,1515.2966666666666,540,186,93,21,43,77,0.362,0.292,0.731,0.437,0.406,0.211,0.065,91.9,99.5,-7.6,1.21,0.019,0.104,0.116,0.061,25.900000000000006,-0.4838013612431868,-0.3122919629030865,-0.5295175880413028,0.2699819035033301
2210,Richard Jefferson,NJN,2002-03,Defensive Player,Elite,80,2874.045,1242,514,201,80,44,156,0.501,0.25,0.743,0.563,0.504,0.195,0.119,103.0,96.1,6.8,1.29,0.053,0.127,0.119,0.091,29.30000000000001,0.6257270373093498,0.10196765991419805,0.7229802165413171,1.091185676035116
109,Robert Horry,LAL,2002-03,Defensive Player,Elite,80,2343.715,522,514,233,96,61,112,0.387,0.288,0.769,0.488,0.44,0.121,0.086,104.1,100.2,3.9,2.08,0.077,0.141,0.148,0.109,25.200000000000003,-0.8640310814730539,0.3826297289416222,0.9522939940255624,1.188070203397379
915,Rodney Rogers,NJN,2002-03,Defensive Player,Very Good,68,1307.1133333333332,478,263,107,50,31,91,0.402,0.333,0.756,0.483,0.451,0.198,0.085,96.3,93.7,2.6,1.18,0.045,0.148,0.146,0.097,31.700000000000003,-0.36067219652692933,-0.09224668434283395,0.13342011786941427,0.7898289759646206
2206,Rodney White,DEN,2002-03,Defensive Player,Very Good,72,1565.0766666666666,650,213,121,45,32,156,0.408,0.239,0.784,0.469,0.433,0.236,0.078,87.8,97.8,-10.0,0.78,0.026,0.112,0.156,0.068,27.60000000000001,-0.03850176866469054,0.015445527519074145,-0.36869878614957813,0.5072454575731733
1500,Ron Mercer,IND,2002-03,Defensive Player,Very Good,72,1670.435,556,154,112,49,14,54,0.409,0.188,0.802,0.439,0.411,0.185,0.064,100.5,99.2,1.2,2.07,0.02,0.072,0.117,0.046,26.200000000000003,-0.6511604396035415,-0.23676017444374214,-0.805520517288796,0.2843200122018117
1739,Ruben Patterson,POR,2002-03,Defensive Player,Very Good,78,1657.5866666666666,649,264,101,73,29,117,0.492,0.15,0.627,0.53,0.495,0.199,0.082,103.4,99.8,3.6,0.86,0.076,0.089,0.103,0.083,25.60000000000001,0.038688954380124506,-0.3558839256783044,-0.04228166381244457,0.6495018777376848
2415,Ryan Humphrey,MEM,2002-03,Defensive Player,Very Good,48,443.26166666666666,93,99,11,9,18,23,0.292,0.0,0.59,0.339,0.292,0.155,0.005,85.9,92.0,-6.0,0.48,0.068,0.145,0.043,0.104,33.400000000000006,-1.77642047717099,-1.024115344783782,-0.21255638971892923,0.3333690110380431
1513,Scot Pollard,SAC,2002-03,Defensive Player,Very Good,23,323.925,103,106,6,13,15,15,0.46,0.0,0.605,0.497,0.46,0.155,0.091,104.5,89.6,14.9,0.4,0.136,0.161,0.028,0.15,35.80000000000001,-0.8658382678471663,-1.126778601419232,0.3920413583820213,0.4854732909008796
1909,Scott Padgett,UTA,2002-03,Defensive Player,Very Good,82,1322.7166666666667,466,272,86,41,24,70,0.402,0.338,0.757,0.496,0.455,0.181,0.091,98.1,96.3,1.8,1.23,0.066,0.146,0.113,0.107,29.10000000000001,-0.4194462081676858,-0.354902762164206,0.28469706816920465,0.47299230636959927
2253,Sean Lampley,MIA,2002-03,Defensive Player,Average,35,487.7816666666667,169,83,31,7,3,25,0.434,0.0,0.695,0.512,0.434,0.18,0.094,91.5,91.5,0.0,1.24,0.053,0.119,0.12,0.085,33.900000000000006,-0.549467343707497,-0.5179622115483902,-0.49706387884649916,0.1902616626400825
1752,Sean Marks,MIA,2002-03,Defensive Player,Average,23,224.125,54,35,3,5,6,14,0.373,0.0,0.667,0.412,0.373,0.163,0.005,93.0,95.1,-2.1,0.21,0.037,0.13,0.023,0.082,30.30000000000001,-1.3286012862048788,-1.1659059420608329,-0.6626450137764734,-0.011625501405532646
399,Sean Rooks,LAC,2002-03,Defensive Player,Average,70,1343.39,297,216,69,34,44,66,0.421,0.0,0.81,0.46,0.421,0.13,0.045,96.0,107.3,-11.3,1.05,0.039,0.125,0.085,0.081,18.10000000000001,-1.1204962661999291,-0.5747518080216389,-0.19512314443773848,-0.04348937968166203
1000,Shandon Anderson,NYK,2002-03,Defensive Player,Very Good,82,1729.4633333333334,687,254,87,73,20,114,0.462,0.371,0.732,0.553,0.51,0.193,0.085,100.7,101.6,-0.9,0.76,0.039,0.114,0.086,0.076,23.80000000000001,0.15367305405813234,-0.502899710884633,-0.1579930297818595,0.45268628662092764
2203,Shane Battier,MEM,2002-03,Defensive Player,Elite,78,2381.998333333333,756,345,105,102,88,68,0.483,0.398,0.828,0.597,0.559,0.129,0.085,102.4,104.1,-1.7,1.54,0.053,0.088,0.067,0.071,21.30000000000001,-0.013506928858540768,-0.5434006804459715,0.019766149808279204,1.294266676417149
762,Shawn Bradley,DAL,2002-03,Defensive Player,Elite,81,1728.2683333333334,543,476,54,65,170,67,0.536,0.0,0.806,0.601,0.536,0.135,0.11,106.2,96.6,9.7,0.81,0.088,0.184,0.047,0.137,28.80000000000001,-0.10031861411557756,-0.8434180045835677,1.2081759283773303,2.181188358822823
1890,Shawn Marion,PHX,2002-03,Defensive Player,Elite,81,3374.7266666666665,1716,773,198,185,95,157,0.452,0.387,0.851,0.538,0.5,0.227,0.151,102.6,101.3,1.2,1.26,0.058,0.17,0.104,0.114,24.10000000000001,1.0588686519324335,0.006663785923424814,1.7032173187182709,2.3895951384571545
278,Stacey Augmon,NOH,2002-03,Defensive Player,Very Good,70,859.7283333333334,212,119,69,27,9,40,0.411,0.0,0.75,0.474,0.411,0.138,0.069,99.3,93.1,6.2,1.73,0.03,0.111,0.125,0.07,32.30000000000001,-1.0431845620441844,-0.35004567462494984,-0.5926370644047536,0.3641862253455526
1536,Stephen Jackson,SAS,2002-03,Defensive Player,Elite,80,2251.738333333333,946,286,183,125,30,176,0.435,0.32,0.76,0.526,0.493,0.216,0.091,104.4,99.7,4.7,1.04,0.032,0.097,0.136,0.066,25.700000000000003,0.3544482373802437,0.1312333228057022,-0.20048145815137353,1.204285682037928
70,Steve Kerr,SAS,2002-03,Defensive Player,Very Good,75,950.2716666666666,299,60,70,27,3,35,0.43,0.395,0.882,0.552,0.525,0.142,0.081,96.2,94.9,1.3,2.0,0.013,0.049,0.128,0.032,30.5,-0.5051948529276061,-0.3295130232978599,-1.2332932644188563,0.19772302623801222
2212,Steven Hunter,ORL,2002-03,Defensive Player,Average,33,447.19,130,93,6,9,36,15,0.544,0.0,0.409,0.531,0.544,0.135,0.071,99.8,97.5,2.3,0.4,0.084,0.111,0.022,0.098,27.900000000000006,-0.7983806570903424,-1.1604845214287354,-0.30491458704900254,0.19233265032108435
120,Steven Smith,SAS,2002-03,Defensive Player,Average,53,1032.381666666667,360,99,70,28,9,43,0.388,0.331,0.833,0.528,0.455,0.167,0.079,98.9,97.0,1.9,1.63,0.021,0.073,0.114,0.048,28.400000000000006,-0.4154135853468704,-0.4081601699867011,-0.9259770307810258,0.1454043555908043
2031,Stromile Swift,MEM,2002-03,Defensive Player,Elite,67,1474.1233333333332,647,384,45,55,104,99,0.481,0.0,0.722,0.542,0.481,0.21,0.112,99.4,102.5,-3.1,0.45,0.08,0.177,0.051,0.13,22.900000000000006,0.18638239365532863,-0.8540646131449433,0.8748875185473626,1.063169522444852
2447,Tamar Slay,NJN,2002-03,Defensive Player,Average,36,273.64166666666665,92,31,14,14,3,20,0.379,0.28,0.7,0.428,0.413,0.202,0.039,92.0,95.2,-3.2,0.7,0.03,0.088,0.086,0.058,30.200000000000003,-0.9242182470496635,-0.7715171774153267,-0.9790102314234616,0.04539890552510643
2419,Tayshaun Prince,DET,2002-03,Defensive Player,Average,42,435.4533333333333,137,45,24,10,14,21,0.449,0.426,0.647,0.546,0.534,0.158,0.08,93.0,98.1,-5.0,1.14,0.012,0.095,0.104,0.053,27.30000000000001,-0.5391984840500005,-0.6336025041634338,-1.0055612027755494,-0.05514299983790042
689,Theo Ratliff,ATL,2002-03,Defensive Player,Elite,81,2524.0666666666666,706,607,73,56,262,137,0.464,0.0,0.72,0.512,0.464,0.152,0.087,99.9,101.5,-1.6,0.53,0.067,0.172,0.047,0.123,23.900000000000006,-0.36718386518288293,-0.7735038694591406,1.3774133625719571,2.730844872918125
960,Tony Delk,BOS,2002-03,Defensive Player,Very Good,67,1872.7283333333328,654,232,146,72,10,69,0.416,0.395,0.782,0.547,0.523,0.161,0.098,96.9,99.6,-2.6,2.12,0.021,0.103,0.141,0.062,25.80000000000001,-0.1386855039624398,0.023173010553772317,-0.3947225188880197,0.45865963375089563
969,Travis Knight,NYK,2002-03,Defensive Player,Average,32,287.35,60,62,14,8,9,10,0.385,0.0,0.769,0.424,0.385,0.123,0.053,94.3,95.9,-1.6,1.4,0.061,0.158,0.08,0.108,29.5,-1.5484832407572864,-0.8052230974248299,-0.25977278009582333,0.002807239379018093
1762,Tremaine Fowlkes,LAC,2002-03,Defensive Player,Average,37,572.925,164,103,23,25,2,20,0.438,0.222,0.847,0.533,0.445,0.137,0.076,104.6,95.9,8.7,1.15,0.075,0.112,0.06,0.093,29.5,-0.7477855568785147,-0.8844589422221301,-0.3420790727357513,0.10812816130881327
2428,Vincent Yarbrough,DEN,2002-03,Defensive Player,Very Good,59,1379.2516666666668,406,162,130,57,33,81,0.393,0.269,0.79,0.446,0.417,0.172,0.064,94.2,100.3,-6.1,1.6,0.025,0.102,0.16,0.061,25.10000000000001,-0.8144762927778109,0.07103336275978749,-0.5931986740492694,0.49481258921223265
124,Vlade Divac,SAC,2002-03,Defensive Player,Elite,80,2386.613333333333,795,574,274,83,105,152,0.466,0.24,0.713,0.519,0.47,0.171,0.103,106.3,96.4,10.0,1.8,0.068,0.16,0.16,0.116,29.0,-0.12388969762060303,0.600908913176498,1.2006742891782411,1.7218086665226242
2209,Vladimir Radmanovic,SEA,2002-03,Defensive Player,Very Good,72,1910.44,724,323,97,64,22,100,0.41,0.355,0.706,0.508,0.488,0.195,0.091,101.7,97.4,4.3,0.97,0.041,0.133,0.086,0.087,28.0,-0.062292600455921866,-0.4661027976612504,0.16522628984252782,0.6264385833901754
1005,Walt Williams,DAL,2002-03,Defensive Player,Very Good,66,1162.4566666666667,363,207,59,42,26,35,0.393,0.374,0.62,0.5,0.487,0.152,0.067,104.7,99.7,5.0,1.69,0.044,0.129,0.077,0.087,25.700000000000003,-0.6831483831889139,-0.6564899479243596,-0.14256562586264432,0.3038227021457472
962,Walter McCarty,BOS,2002-03,Defensive Player,Very Good,82,1948.72,498,288,106,78,28,67,0.414,0.367,0.622,0.54,0.523,0.124,0.073,96.8,98.9,-2.1,1.58,0.032,0.116,0.095,0.073,26.5,-0.5620653271071091,-0.38242669574595084,-0.10599712085128099,0.7440704359707238
1442,Zeljko Rebraca,DET,2002-03,Defensive Player,Average,30,490.3933333333333,198,92,9,6,17,29,0.552,0.0,0.792,0.596,0.552,0.193,0.092,98.3,94.6,3.7,0.31,0.067,0.139,0.036,0.106,30.80000000000001,0.04688528316462907,-1.0707983007728794,-0.2056507311952256,0.13940530309132834
980,Zydrunas Ilgauskas,CLE,2002-03,Defensive Player,Elite,81,2433.681666666667,1390,611,127,56,152,210,0.441,0.0,0.781,0.516,0.441,0.278,0.116,95.8,103.8,-8.0,0.6,0.097,0.153,0.101,0.124,21.60000000000001,1.0713328890209184,-0.2714472579673438,1.4007665312112987,1.4827880799662922
243,Aaron McKie,PHI,2003-04,Defensive Player,Very Good,75,2116.925,689,253,195,85,23,103,0.459,0.436,0.757,0.55,0.524,0.159,0.106,96.3,97.6,-1.3,1.89,0.022,0.102,0.169,0.062,27.80000000000001,-0.11093364687368534,0.36077217872602996,-0.33900156863104886,0.8423937340878987
1425,Aaron Williams,NJN,2003-04,Defensive Player,Very Good,72,1335.8466666666666,450,294,81,34,46,89,0.503,0.333,0.677,0.549,0.504,0.171,0.089,94.4,95.8,-1.4,0.91,0.078,0.151,0.109,0.114,29.60000000000001,-0.20115999298191833,-0.3957718321155663,0.4322489771426029,0.6524243113937626
1905,Andrei Kirilenko,UTA,2003-04,Defensive Player,Elite,78,2905.9166666666665,1284,629,244,148,215,215,0.443,0.338,0.79,0.559,0.479,0.215,0.163,102.4,100.6,1.8,1.13,0.083,0.152,0.152,0.117,24.80000000000001,0.7795547889174702,0.4455769468270121,1.3593497655845117,3.2614486626429677
358,Anfernee Hardaway,NYK,2003-04,Defensive Player,Very Good,76,2095.278333333333,699,287,176,70,20,107,0.411,0.38,0.804,0.472,0.433,0.18,0.083,98.1,100.3,-2.2,1.64,0.033,0.105,0.141,0.069,25.10000000000001,-0.3959598580063273,0.13356375022392034,-0.15960911665366734,0.497983275370345
1738,Ansu Sesay,SEA,2003-04,Defensive Player,Average,57,575.33,200,92,19,19,20,23,0.455,0.286,0.696,0.504,0.472,0.168,0.07,97.6,99.2,-1.6,0.83,0.073,0.087,0.057,0.08,26.200000000000003,-0.6606978012172694,-0.9160306675162349,-0.5368817431169132,0.03418390807088878
324,Anthony Peeler,SAC,2003-04,Defensive Player,Very Good,75,1383.4033333333334,431,153,120,56,10,77,0.448,0.482,0.836,0.575,0.546,0.143,0.084,103.5,98.9,4.6,1.56,0.022,0.085,0.139,0.054,26.5,-0.27117937921887164,-0.08373427049685694,-0.706256661435019,0.33400609927255576
1112,Ben Wallace,DET,2003-04,Defensive Player,Elite,81,3059.3366666666666,773,1006,138,143,246,123,0.421,0.125,0.49,0.441,0.422,0.15,0.134,100.4,93.2,7.3,1.12,0.108,0.222,0.075,0.166,32.2,-0.7394529212700484,-0.3770296401294709,2.9839165525556557,3.958067827412975
448,Bo Outlaw,MEM,2003-04,Defensive Player,Elite,82,1613.8516666666667,379,342,90,73,70,69,0.51,0.0,0.526,0.522,0.51,0.121,0.096,97.2,91.0,6.1,1.3,0.077,0.133,0.093,0.105,34.400000000000006,-0.7727591478194715,-0.45253706357319756,0.44495426041641345,1.5813590422992807
2250,Bobby Simmons,LAC,2003-04,Defensive Player,Average,56,1373.5166666666669,437,262,96,51,17,73,0.394,0.167,0.834,0.488,0.397,0.166,0.075,100.9,102.2,-1.3,1.32,0.082,0.111,0.117,0.096,23.200000000000003,-0.59590704777283,-0.29563523560115446,0.11802708498106868,0.15913110493914548
1719,Bonzi Wells,MEM,2003-04,Defensive Player,Very Good,72,1871.8633333333328,886,260,139,91,19,161,0.427,0.319,0.754,0.476,0.44,0.259,0.08,100.4,99.9,0.5,0.86,0.042,0.099,0.136,0.07,25.5,0.34008322011571623,-0.030673095377181568,-0.2185106841079495,0.7289563030916236
2411,Bostjan Nachbar,HOU,2003-04,Defensive Player,Very Good,45,507.50166666666667,138,70,30,14,14,23,0.356,0.365,0.724,0.477,0.443,0.153,0.049,97.4,94.0,3.4,1.3,0.018,0.119,0.103,0.072,31.400000000000006,-0.9695897434176244,-0.6171420095643214,-0.6971733063949918,0.2271966196183075
2220,Brandon Armstrong,NJN,2003-04,Defensive Player,Average,56,426.4933333333333,151,43,14,12,2,24,0.371,0.365,0.5,0.427,0.426,0.216,0.024,89.8,104.5,-14.7,0.58,0.03,0.081,0.065,0.055,20.900000000000006,-0.7849012473808498,-0.8894878974485884,-0.9853886513335192,-0.5318597623149636
2217,Brendan Haywood,WAS,2003-04,Defensive Player,Very Good,77,1493.1783333333333,537,387,43,32,100,80,0.515,0.0,0.585,0.547,0.515,0.168,0.098,97.3,99.8,-2.5,0.54,0.118,0.141,0.051,0.129,25.60000000000001,-0.1718165545216658,-0.8614239957896198,0.870107999993678,0.9430259414850446
2567,Brian Cook,LAL,2003-04,Defensive Player,Average,35,437.77166666666665,155,101,20,16,16,17,0.475,0.0,0.75,0.505,0.475,0.166,0.089,96.4,98.1,-1.7,1.18,0.063,0.172,0.079,0.113,27.30000000000001,-0.7020729310701391,-0.7887626028257175,-0.09259274380947596,0.027260105798116257
2243,Brian Scalabrine,NJN,2003-04,Defensive Player,Very Good,69,917.0016666666668,240,173,65,21,14,42,0.394,0.244,0.829,0.482,0.417,0.147,0.075,92.8,94.5,-1.8,1.55,0.047,0.145,0.123,0.097,30.900000000000006,-0.9113677637567769,-0.3759997465841374,-0.10538395466046067,0.2703488226617397
2639,Britton Johnsen,ORL,2003-04,Defensive Player,Average,20,291.81166666666667,42,45,12,7,1,14,0.288,0.083,0.438,0.318,0.297,0.124,0.008,88.3,104.0,-15.7,0.86,0.046,0.11,0.072,0.075,21.400000000000006,-2.1602022769365474,-0.8575237067488443,-0.7252888080725828,-0.5644067034848446
935,Bryon Russell,LAL,2003-04,Defensive Player,Average,72,934.9216666666666,289,146,71,32,12,37,0.402,0.384,0.769,0.53,0.49,0.146,0.08,100.2,98.0,2.1,1.92,0.033,0.124,0.122,0.077,27.400000000000006,-0.60891021044395,-0.35953925198502507,-0.4318182625130291,0.158447524303767
384,Calbert Cheaney,GSW,2003-04,Defensive Player,Very Good,79,2061.8416666666667,603,260,136,60,12,85,0.481,0.0,0.61,0.493,0.481,0.156,0.068,101.9,101.5,0.5,1.6,0.039,0.092,0.112,0.065,23.900000000000006,-0.5208134647401558,-0.1765358493822099,-0.282208955631351,0.24292432390324226
1916,Calvin Booth,SEA,2003-04,Defensive Player,Very Good,71,1197.7283333333332,345,280,28,17,101,45,0.466,0.0,0.798,0.521,0.466,0.142,0.078,101.8,104.1,-2.3,0.62,0.071,0.156,0.037,0.115,21.30000000000001,-0.6492656243489412,-0.9952665123135349,0.40784133127596933,0.5450778587005773
2406,Caron Butler,MIA,2003-04,Defensive Player,Very Good,68,2025.6733333333332,623,326,126,75,13,91,0.38,0.238,0.756,0.44,0.388,0.183,0.072,100.7,99.0,1.7,1.38,0.046,0.121,0.106,0.083,26.400000000000006,-0.6117668891053459,-0.24703868261509598,0.12222780837480261,0.5553489196047502
2365,Chris Andersen,DEN,2003-04,Defensive Player,Elite,71,1028.5183333333334,243,298,35,34,114,48,0.443,0.0,0.589,0.486,0.443,0.126,0.096,97.4,97.1,0.3,0.73,0.082,0.191,0.053,0.137,28.30000000000001,-1.0400642955024677,-0.8796262196984915,0.735874540484911,1.264030786038341
2547,Chris Bosh,TOR,2003-04,Defensive Player,Elite,75,2516.485,861,557,78,59,106,107,0.459,0.357,0.701,0.513,0.463,0.18,0.1,95.6,98.8,-3.2,0.73,0.079,0.152,0.056,0.115,26.60000000000001,-0.04471474676441217,-0.7045465328331942,1.142827198951251,1.3422421998874048
2423,Chris Jefferies,CHI,2003-04,Defensive Player,Average,21,197.58,84,29,7,4,7,19,0.375,0.405,0.65,0.52,0.493,0.214,0.03,102.7,96.6,6.1,0.37,0.024,0.122,0.058,0.072,28.80000000000001,-0.31612832309439987,-0.9545693100493768,-0.8059618283252681,-0.1000014129150258
361,Clifford Robinson,GSW,2003-04,Defensive Player,Very Good,82,2841.806666666667,967,322,271,68,73,173,0.387,0.357,0.711,0.473,0.447,0.192,0.067,100.8,102.5,-1.7,1.57,0.019,0.096,0.16,0.058,22.900000000000006,-0.10912862333449998,0.5898698392094832,-0.20687706357686586,0.8842258565476592
722,Corliss Williamson,DET,2003-04,Defensive Player,Very Good,79,1574.2066666666667,752,256,57,30,20,113,0.505,0.0,0.731,0.546,0.505,0.234,0.098,99.1,93.1,6.0,0.5,0.061,0.108,0.072,0.085,32.30000000000001,0.46066474583887235,-0.6919375972436222,-0.03802938387240618,0.5065624181942862
1749,Cuttino Mobley,HOU,2003-04,Defensive Player,Elite,80,3235.806666666667,1260,362,258,107,33,180,0.426,0.39,0.811,0.535,0.501,0.197,0.104,99.7,97.9,1.7,1.43,0.014,0.099,0.144,0.058,27.5,0.4932576685366492,0.45215139866041,-0.1007419202302548,1.1538919562466352
2563,Dahntay Jones,MEM,2003-04,Defensive Player,Average,20,154.38666666666666,36,23,12,5,6,12,0.283,0.25,0.455,0.311,0.292,0.199,-0.008,87.5,101.3,-13.9,1.0,0.045,0.104,0.138,0.074,24.10000000000001,-1.6555157691194229,-0.4867585866443071,-0.7964027912178991,-0.37590448671244864
2402,Dajuan Wagner,CLE,2003-04,Defensive Player,Average,44,709.89,287,58,51,26,7,41,0.366,0.36,0.681,0.439,0.417,0.23,0.038,96.9,103.8,-6.9,1.24,0.012,0.068,0.131,0.039,21.60000000000001,-0.5157278093372105,-0.38257419841753526,-1.1494224414534249,-0.2950850886285819
2429,Dan Gadzuric,MIL,2003-04,Defensive Player,Elite,75,1251.71,424,346,28,51,105,45,0.524,0.0,0.492,0.529,0.524,0.156,0.096,103.8,100.4,3.3,0.62,0.1,0.179,0.037,0.139,25.0,-0.44406782022283836,-0.9952665123135349,0.8887160211102048,1.1552263522986321
2091,Daniel Santiago,MIL,2003-04,Defensive Player,Average,54,708.7516666666667,217,132,24,19,21,32,0.479,0.0,0.678,0.536,0.479,0.151,0.059,102.2,99.5,2.7,0.75,0.052,0.141,0.052,0.096,25.900000000000006,-0.5899253059896388,-0.9257204775791297,-0.22691213089541737,0.026674969559110712
2032,Darius Miles,POR,2003-04,Defensive Player,Very Good,79,2080.1983333333333,861,359,162,67,61,130,0.485,0.175,0.642,0.514,0.489,0.215,0.104,97.7,100.4,-2.7,1.25,0.056,0.116,0.142,0.087,25.0,0.21721966169000692,0.08766572504610183,0.26074791885447784,0.875839743176432
2545,Darko Milicic,DET,2003-04,Defensive Player,Average,34,159.595,48,43,7,7,15,13,0.262,0.0,0.583,0.318,0.262,0.254,0.008,80.5,95.4,-14.9,0.54,0.071,0.195,0.095,0.135,30.0,-1.2042127149823176,-0.7467161366574393,0.03378369304090456,0.0825279979838925
353,Darrell Armstrong,NOH,2003-04,Defensive Player,Elite,79,2244.615,840,226,311,133,16,155,0.395,0.315,0.854,0.525,0.487,0.187,0.11,100.6,98.2,2.5,2.01,0.027,0.076,0.244,0.05,27.200000000000003,0.059994934551025614,1.2089403722360612,-0.5635186420461749,1.2336641020756618
133,David Wesley,NOH,2003-04,Defensive Player,Very Good,61,2006.2866666666664,851,134,175,71,14,100,0.389,0.323,0.753,0.483,0.446,0.219,0.073,98.7,99.9,-1.2,1.75,0.014,0.054,0.159,0.033,25.5,0.06204647835049282,0.23100181893009228,-1.0242035949229455,0.4711417243100224
2052,DeShawn Stevenson,ORL,2003-04,Defensive Player,Average,80,2444.41,909,298,158,52,17,120,0.432,0.268,0.676,0.473,0.443,0.2,0.077,100.4,105.0,-4.6,1.32,0.033,0.094,0.114,0.063,20.400000000000006,-0.09239140485873709,-0.08434733362093355,-0.20685987806143113,0.004979377738850405
965,Derek Fisher,LAL,2003-04,Defensive Player,Very Good,82,1759.4316666666666,580,152,187,103,4,79,0.352,0.291,0.797,0.451,0.398,0.18,0.083,99.3,97.0,2.2,2.37,0.016,0.072,0.175,0.043,28.400000000000006,-0.6018448411333975,0.36504056815682706,-0.8490462373701675,0.8719192559488368
1904,Devean George,LAL,2003-04,Defensive Player,Very Good,82,1952.775,604,332,112,81,38,88,0.408,0.349,0.76,0.492,0.465,0.158,0.076,101.9,97.5,4.4,1.27,0.044,0.124,0.089,0.084,27.900000000000006,-0.5111688878823476,-0.3940544678214246,0.1508877341814746,0.9585857098856888
2484,Devin Brown,SAS,2003-04,Defensive Player,Average,58,619.3083333333333,234,130,33,15,4,38,0.434,0.286,0.811,0.512,0.444,0.187,0.098,96.5,95.2,1.3,0.87,0.059,0.149,0.095,0.103,30.200000000000003,-0.45134928869624186,-0.6510441622766443,-0.14304130792998593,0.06587773246649091
1901,Dion Glover,TOR,2003-04,Defensive Player,Very Good,69,1642.4483333333333,620,266,130,50,19,102,0.39,0.336,0.769,0.471,0.424,0.208,0.086,95.8,99.5,-3.7,1.27,0.036,0.125,0.138,0.081,25.900000000000006,-0.2536746620121954,-0.0525550106083915,-0.06245421525447462,0.3276422926406357
2051,Donnell Harvey,PHX,2003-04,Defensive Player,Average,60,789.015,239,164,21,24,27,45,0.443,0.0,0.735,0.503,0.443,0.16,0.058,96.8,101.6,-4.9,0.47,0.062,0.143,0.045,0.103,23.80000000000001,-0.6968543855980197,-0.976083124890565,-0.052826436085366524,0.015801750665150476
57,Doug Christie,SAC,2003-04,Defensive Player,Elite,82,2782.8866666666668,831,329,347,151,41,155,0.461,0.345,0.86,0.544,0.496,0.147,0.087,109.9,103.2,6.7,2.24,0.026,0.093,0.178,0.061,22.200000000000003,-0.1306815005589498,0.9706441397357016,-0.15008445057716813,1.3793318597945772
224,Eddie Jones,MIA,2003-04,Defensive Player,Very Good,81,3000.98,1401,308,258,92,34,129,0.409,0.37,0.835,0.538,0.486,0.219,0.112,101.1,99.6,1.5,2.0,0.013,0.095,0.16,0.053,25.80000000000001,0.7731428819303551,0.5420338520190857,-0.30772263527158134,0.9087060285908749
1944,Eddie Robinson,CHI,2003-04,Defensive Player,Average,51,1022.5866666666668,343,104,58,33,10,45,0.482,0.2,0.651,0.497,0.483,0.168,0.079,97.3,100.5,-3.2,1.29,0.026,0.074,0.097,0.05,24.900000000000006,-0.5975962574013413,-0.5478165725483533,-0.8872308292533386,0.001687271612177484
2059,Eduardo Najera,DAL,2003-04,Defensive Player,Average,58,720.04,176,156,25,35,19,29,0.444,0.5,0.652,0.483,0.451,0.125,0.06,103.8,100.1,3.8,0.86,0.085,0.122,0.051,0.103,25.30000000000001,-1.1128543645988278,-0.9276584395917087,-0.07405346475468871,0.13696904353625547
922,Elden Campbell,DET,2003-04,Defensive Player,Very Good,65,898.415,361,209,45,21,50,63,0.439,0.0,0.685,0.49,0.439,0.226,0.084,100.3,95.4,4.9,0.71,0.063,0.178,0.089,0.122,30.0,-0.2000503703170274,-0.6405937864180886,0.30862903196849656,0.5816983192277979
15,Eric Piatkowski,HOU,2003-04,Defensive Player,Average,49,702.0833333333334,201,73,26,16,5,29,0.377,0.352,0.875,0.507,0.49,0.15,0.068,92.7,94.4,-1.7,0.9,0.014,0.089,0.069,0.052,31.0,-0.7745927208359317,-0.8228609882408602,-0.9440062567376017,0.13336029944747732
677,Eric Williams,CLE,2003-04,Defensive Player,Very Good,71,1881.35,712,286,120,70,9,88,0.386,0.276,0.76,0.493,0.416,0.191,0.078,102.3,99.5,2.8,1.36,0.033,0.112,0.105,0.073,25.900000000000006,-0.18599135893236377,-0.2747344838840428,-0.11130387801861155,0.4336949113761492
1922,Francisco Elson,DEN,2003-04,Defensive Player,Very Good,62,876.2216666666667,218,203,32,35,39,35,0.472,0.0,0.667,0.498,0.472,0.127,0.071,95.6,96.5,-1.0,0.91,0.072,0.155,0.06,0.113,28.900000000000006,-0.9821621022998844,-0.8513417203210857,0.17805187172438233,0.5508351537759149
697,Fred Hoiberg,MIN,2003-04,Defensive Player,Very Good,79,1795.6933333333334,530,268,109,66,10,44,0.465,0.442,0.845,0.611,0.564,0.121,0.106,100.6,97.4,3.2,2.48,0.012,0.137,0.095,0.076,28.0,-0.15500493710274807,-0.37138762177893603,-0.12084572961054561,0.5257517412299291
2410,Fred Jones,IND,2003-04,Defensive Player,Very Good,81,1499.8766666666668,397,126,173,65,18,73,0.395,0.303,0.832,0.527,0.439,0.141,0.081,97.3,95.6,1.6,2.37,0.018,0.072,0.203,0.045,29.80000000000001,-0.5847811447491241,0.4708191830217739,-0.8925547719361042,0.7020885054053024
248,George Lynch,NOH,2003-04,Defensive Player,Very Good,78,1690.7916666666667,375,312,117,48,18,64,0.397,0.309,0.667,0.472,0.455,0.124,0.068,97.2,100.0,-2.8,1.83,0.055,0.132,0.114,0.093,25.400000000000006,-1.0395591074820032,-0.23521467783680253,0.21247705125029162,0.267424765236188
2222,Gerald Wallace,SAC,2003-04,Defensive Player,Average,37,335.7266666666667,75,74,19,14,14,8,0.36,0.0,0.458,0.377,0.36,0.138,0.059,94.4,98.5,-4.1,2.38,0.096,0.116,0.09,0.105,26.900000000000006,-1.6965829773376206,-0.7306481074639662,-0.2661512000058809,-0.037199418104454075
1761,Greg Buckner,PHI,2003-04,Defensive Player,Average,53,697.27,164,103,45,21,4,34,0.377,0.273,0.741,0.439,0.411,0.146,0.051,93.9,97.0,-3.0,1.32,0.041,0.106,0.115,0.075,28.400000000000006,-1.2193496213414683,-0.49453479971024056,-0.5713928502199966,0.02228749500725809
2045,Hedo Turkoglu,SAS,2003-04,Defensive Player,Elite,80,2079.9866666666667,739,358,154,80,32,94,0.406,0.419,0.708,0.516,0.484,0.177,0.111,102.0,90.2,11.7,1.64,0.025,0.145,0.122,0.086,35.2,-0.1375037540178287,-0.05412487223094883,0.24535488596613225,1.3164286907903102
1956,Ira Newble,CLE,2003-04,Defensive Player,Average,64,1245.415,254,155,72,25,19,54,0.391,0.105,0.783,0.429,0.395,0.125,0.035,99.0,104.6,-5.6,1.33,0.052,0.073,0.09,0.062,20.80000000000001,-1.3653517028647848,-0.5356244673800381,-0.5990326698302461,-0.2310406235696255
2074,Jabari Smith,SAC,2003-04,Defensive Player,Average,31,170.05166666666668,64,31,11,2,6,7,0.371,0.0,0.6,0.406,0.371,0.213,0.043,85.4,97.7,-12.3,1.57,0.059,0.114,0.133,0.086,27.700000000000003,-0.9896709108863452,-0.5185265446412315,-0.6222999108924134,-0.19547174534917566
1899,James Posey,MEM,2003-04,Defensive Player,Elite,82,2442.6966666666667,1126,403,122,137,40,112,0.478,0.386,0.83,0.614,0.551,0.187,0.122,103.8,100.7,3.1,1.09,0.038,0.133,0.083,0.085,24.700000000000003,0.7751042510480509,-0.3909634746075453,0.35201726792638954,1.3710420022788938
2553,Jarvis Hayes,WAS,2003-04,Defensive Player,Very Good,70,2043.9633333333331,673,264,106,71,11,110,0.4,0.305,0.786,0.456,0.429,0.182,0.061,94.4,101.2,-6.8,0.96,0.033,0.096,0.092,0.064,24.200000000000003,-0.49154934534319605,-0.3992796557507025,-0.2843350956013702,0.3644082547364516
2078,Jason Hart,SAS,2003-04,Defensive Player,Very Good,53,662.7616666666667,177,79,81,28,5,29,0.447,0.222,0.767,0.497,0.453,0.14,0.105,95.4,85.8,9.6,2.79,0.016,0.095,0.211,0.058,39.60000000000001,-0.9222804778660029,0.177228808045991,-0.8516480594075282,0.7629868601329431
2574,Jason Kapono,CLE,2003-04,Defensive Player,Average,41,423.325,145,55,14,13,2,21,0.403,0.477,0.833,0.519,0.484,0.165,0.063,89.6,97.2,-7.5,0.67,0.043,0.083,0.06,0.063,28.200000000000003,-0.6365593956154944,-0.9175761641231746,-0.8516308738920935,-0.09258927151528318
979,Jermaine O'Neal,IND,2003-04,Defensive Player,Elite,78,2788.958333333333,1566,778,164,59,199,181,0.434,0.111,0.757,0.489,0.435,0.298,0.149,103.6,95.5,8.1,0.91,0.071,0.221,0.119,0.146,29.900000000000006,1.1902912648184214,-0.034180919012317845,2.1241531493863666,2.477056779836508
2040,Jerome Moiso,TOR,2003-04,Defensive Player,Very Good,35,415.1983333333333,102,113,8,17,12,25,0.476,0.0,0.579,0.506,0.476,0.145,0.104,86.0,89.3,-3.4,0.32,0.099,0.174,0.037,0.136,36.10000000000001,-0.8883064115990863,-1.0688603387603002,0.23225984820215423,0.5141927531597604
754,Jim Jackson,HOU,2003-04,Defensive Player,Very Good,80,3119.5516666666667,1033,487,226,86,23,175,0.424,0.4,0.843,0.54,0.514,0.166,0.098,99.5,97.0,2.4,1.29,0.018,0.136,0.126,0.08,28.400000000000006,0.13120959805778223,0.23328351631707533,0.5112027974308714,0.8880079020559117
2412,Jiri Welsch,BOS,2003-04,Defensive Player,Very Good,81,2185.285,746,296,183,101,7,129,0.428,0.381,0.743,0.531,0.484,0.17,0.087,98.9,101.0,-2.1,1.42,0.028,0.107,0.14,0.069,24.400000000000006,-0.09793604290763895,0.15370393614537115,-0.13572870940067983,0.6465302218834202
2422,John Salmons,PHI,2003-04,Defensive Player,Very Good,77,1588.6,443,196,134,62,16,77,0.387,0.34,0.772,0.485,0.447,0.156,0.078,94.5,97.5,-3.0,1.74,0.025,0.103,0.155,0.064,27.900000000000006,-0.6819375834337018,0.057663861374554384,-0.4647648392906091,0.5391356059901665
961,John Wallace,MIA,2003-04,Defensive Player,Average,37,364.7766666666666,158,59,14,5,8,24,0.421,0.385,0.775,0.486,0.438,0.23,0.083,89.9,99.1,-9.2,0.58,0.033,0.135,0.083,0.082,26.30000000000001,-0.3400318200062773,-0.7883701374200782,-0.5989639277685067,-0.2264092735973978
2413,Juan Dixon,WAS,2003-04,Defensive Player,Very Good,71,1474.9433333333334,664,148,137,82,4,104,0.388,0.298,0.799,0.476,0.434,0.236,0.085,95.8,102.8,-7.1,1.32,0.02,0.083,0.176,0.05,22.60000000000001,0.01161706979721385,0.18667365537483094,-0.7704821715720664,0.3135535189571715
1908,Jumaine Jones,BOS,2003-04,Defensive Player,Average,42,371.2133333333333,93,68,14,12,9,19,0.344,0.295,0.609,0.438,0.411,0.147,0.037,92.7,98.4,-5.7,0.74,0.063,0.116,0.065,0.089,27.0,-1.268948249630826,-0.8894878974485884,-0.48590594038275725,-0.10263399649149063
2416,Kareem Rush,LAL,2003-04,Defensive Player,Average,72,1248.378333333333,459,97,59,33,20,48,0.44,0.348,0.596,0.505,0.495,0.18,0.06,99.5,101.1,-1.6,1.23,0.016,0.065,0.08,0.04,24.30000000000001,-0.3803569069307957,-0.6396369879196078,-1.0332010223857986,0.06760910661320152
2208,Kedrick Brown,CLE,2003-04,Defensive Player,Average,55,968.93,289,146,64,30,7,29,0.461,0.384,0.63,0.543,0.535,0.137,0.083,103.3,100.1,3.2,2.21,0.043,0.107,0.106,0.075,25.30000000000001,-0.6004665783895277,-0.4751795446000686,-0.4572975711223897,-0.03624733919217449
1509,Kelvin Cato,HOU,2003-04,Defensive Player,Elite,69,1746.4733333333334,418,472,72,52,96,84,0.447,0.0,0.676,0.495,0.447,0.137,0.091,97.9,95.0,2.9,0.86,0.095,0.178,0.069,0.139,30.400000000000006,-0.7818801039230356,-0.6535951874132998,1.2230417226520296,1.3918057844766054
383,Kendall Gill,CHI,2003-04,Defensive Player,Very Good,56,1408.7683333333334,539,190,89,65,16,83,0.392,0.237,0.735,0.443,0.401,0.216,0.073,90.3,99.5,-9.2,1.07,0.04,0.089,0.122,0.064,25.900000000000006,-0.41361488263775376,-0.2933048081829362,-0.48068511079260073,0.45271034470609717
2030,Kenyon Martin,NJN,2003-04,Defensive Player,Elite,65,2258.721666666667,1086,617,160,95,82,168,0.488,0.28,0.684,0.528,0.492,0.246,0.145,98.9,93.9,4.9,0.95,0.061,0.217,0.134,0.14,31.5,0.6864586221543766,0.03536511572208758,1.6205212715881752,1.760330037335456
954,Kerry Kittles,NJN,2003-04,Defensive Player,Elite,82,2847.398333333333,1072,327,206,125,40,95,0.453,0.351,0.787,0.526,0.503,0.178,0.106,99.6,95.6,4.0,2.17,0.02,0.097,0.126,0.059,29.80000000000001,0.16713468433033227,0.15968968987031001,-0.18087051635385926,1.5463544897716142
2594,Kyle Korver,PHI,2003-04,Defensive Player,Average,74,861.7716666666666,330,111,40,25,8,41,0.352,0.391,0.792,0.489,0.476,0.194,0.057,95.6,96.5,-0.9,0.98,0.035,0.095,0.088,0.065,28.900000000000006,-0.46237894946131536,-0.6646098963646971,-0.6775623645974773,0.13358014029754725
441,Lamond Murray,TOR,2003-04,Defensive Player,Average,33,521.325,197,90,28,15,7,38,0.353,0.35,0.686,0.428,0.402,0.243,0.079,84.8,93.9,-9.1,0.74,0.027,0.157,0.121,0.09,31.5,-0.5483578445826649,-0.5233836321804878,-0.41479195723744083,0.17261120204006172
1716,Larry Hughes,WAS,2003-04,Defensive Player,Very Good,61,2067.365,1148,326,148,95,26,152,0.397,0.341,0.797,0.496,0.437,0.273,0.112,96.2,101.1,-4.9,0.97,0.044,0.113,0.144,0.077,24.30000000000001,0.7458617131748996,0.04738535320320056,0.045789882546720784,0.7707183928069766
84,Latrell Sprewell,MIN,2003-04,Defensive Player,Very Good,82,3100.668333333333,1375,310,286,88,21,158,0.409,0.331,0.814,0.493,0.448,0.232,0.1,104.3,97.9,6.4,1.81,0.019,0.079,0.152,0.051,27.5,0.5922701474265495,0.6001239823652194,-0.3278951867136114,0.835616492381838
2571,Leandro Barbosa,PHX,2003-04,Defensive Player,Very Good,70,1500.565,550,123,165,93,7,120,0.447,0.395,0.77,0.553,0.535,0.181,0.07,100.8,103.6,-2.9,1.38,0.015,0.067,0.175,0.041,21.80000000000001,-0.03297013435764251,0.2840873590653852,-0.951473524905821,0.4108771632482185
283,Lindsey Hunter,DET,2003-04,Defensive Player,Very Good,33,653.2883333333333,117,67,85,39,6,34,0.343,0.28,0.625,0.399,0.392,0.125,0.078,94.6,84.9,9.7,2.5,0.021,0.081,0.216,0.052,40.5,-1.6356751925857325,0.2200358400099302,-0.9599265282395935,0.9399585240019986
2669,Linton Johnson,CHI,2003-04,Defensive Player,Very Good,41,732.4466666666667,173,183,27,37,32,37,0.355,0.212,0.595,0.394,0.372,0.15,0.064,88.1,98.0,-9.8,0.73,0.07,0.166,0.065,0.115,27.400000000000006,-1.4408664818146117,-0.8416519102581909,0.15046360866043743,0.41260361905677717
446,Lucious Harris,NJN,2003-04,Defensive Player,Very Good,69,1504.525,478,140,135,41,2,53,0.404,0.376,0.846,0.481,0.445,0.17,0.085,97.6,95.1,2.5,2.55,0.028,0.069,0.154,0.049,30.30000000000001,-0.5770807667335539,0.0557258993619754,-0.804448854546069,0.3209137083614069
2124,Malik Allen,MIA,2003-04,Defensive Player,Average,45,615.7333333333333,191,119,16,12,28,27,0.419,0.0,0.758,0.449,0.419,0.18,0.058,94.8,100.5,-5.7,0.59,0.07,0.127,0.049,0.098,24.900000000000006,-0.893806847972157,-0.9720109681625875,-0.23592674387370532,-0.03378699803706775
1938,Manu Ginobili,SAS,2003-04,Defensive Player,Elite,77,2254.65,987,344,291,136,16,161,0.418,0.359,0.802,0.536,0.474,0.211,0.136,101.8,92.9,8.9,1.81,0.038,0.114,0.218,0.076,32.5,0.40458829528423984,0.9892875590814478,0.08081104274801545,1.5761479686529611
2556,Marcus Banks,BOS,2003-04,Defensive Player,Very Good,81,1377.5166666666669,480,133,175,88,13,125,0.4,0.314,0.756,0.48,0.431,0.2,0.069,95.4,99.2,-3.8,1.4,0.023,0.073,0.226,0.049,26.200000000000003,-0.36174154314256396,0.6073845923695467,-0.8230225046317259,0.6782957027929046
2409,Marcus Haislip,MIL,2003-04,Defensive Player,Average,31,262.12166666666667,93,53,4,6,12,9,0.486,0.5,0.714,0.539,0.493,0.156,0.079,105.0,100.4,4.7,0.44,0.08,0.116,0.024,0.099,25.0,-0.6255927545917598,-1.1566085974035774,-0.3983100760909334,-0.2519591322111498
1548,Mark Blount,BOS,2003-04,Defensive Player,Elite,82,2405.115,843,589,75,80,106,150,0.566,0.0,0.719,0.601,0.566,0.159,0.105,100.9,101.5,-0.7,0.5,0.089,0.157,0.053,0.124,23.900000000000006,0.2917176349403263,-0.7324385668049608,1.3423922023706627,1.4011931989582982
1508,Maurice Taylor,HOU,2003-04,Defensive Player,Very Good,75,2081.1383333333333,862,384,107,43,47,149,0.48,0.0,0.736,0.512,0.48,0.226,0.089,96.1,97.7,-1.5,0.72,0.069,0.123,0.105,0.097,27.700000000000003,0.2870310409242866,-0.3225704710744403,0.4544789264929128,0.6441601592475873
2246,Mehmet Okur,DET,2003-04,Defensive Player,Elite,71,1588.025,682,421,69,36,63,101,0.463,0.375,0.775,0.538,0.48,0.21,0.134,99.8,91.4,8.4,0.68,0.102,0.169,0.081,0.135,34.0,0.18875246145473867,-0.597222421361308,1.0367607976663793,1.10366449554043
2408,Melvin Ely,LAC,2003-04,Defensive Player,Average,42,507.525,157,101,22,9,17,20,0.431,0.0,0.595,0.458,0.431,0.166,0.056,99.8,97.7,2.0,1.1,0.091,0.105,0.075,0.098,27.700000000000003,-0.9693548347277265,-0.8038738335207098,-0.28368755837968035,-0.011650100747194303
1897,Metta World Peace,IND,2003-04,Defensive Player,Elite,73,2715.45,1333,385,272,152,50,202,0.421,0.31,0.733,0.511,0.455,0.258,0.12,103.3,94.1,9.1,1.35,0.038,0.112,0.184,0.074,31.30000000000001,0.8552300776140392,0.728373210569835,0.16412025606893124,2.0154179417110156
1709,Michael Olowokandi,MIN,2003-04,Defensive Player,Very Good,43,924.4833333333332,278,245,24,16,68,54,0.425,0.0,0.59,0.446,0.425,0.189,0.065,103.3,93.2,10.1,0.44,0.093,0.162,0.041,0.131,32.2,-0.782335160942418,-0.9875146642632191,0.5188075497225694,0.8412661417004497
2554,Mickael Pietrus,GSW,2003-04,Defensive Player,Very Good,53,752.4333333333333,279,119,27,32,12,40,0.416,0.333,0.693,0.528,0.491,0.179,0.064,100.1,95.5,4.6,0.68,0.063,0.094,0.06,0.078,29.900000000000006,-0.38598086404299065,-0.869740176932777,-0.4907198299673113,0.30533421192752347
2366,Mike Wilks,HOU,2003-04,Defensive Player,Very Good,26,140.25,50,16,17,3,0,7,0.472,0.6,0.833,0.606,0.556,0.168,0.115,96.6,87.5,9.1,2.43,0.026,0.08,0.224,0.058,37.900000000000006,-0.18568144831056577,0.01475805677026587,-1.0188109101784408,0.35348251907562744
1630,Mikki Moore,UTA,2003-04,Defensive Player,Very Good,32,394.7433333333333,130,84,19,7,13,22,0.505,0.0,0.857,0.568,0.505,0.157,0.108,90.6,92.1,-1.5,0.86,0.075,0.153,0.097,0.113,33.30000000000001,-0.42578121217964277,-0.6913245341195456,-0.13770017973178567,0.2561834976411066
348,Mitchell Butler,WAS,2003-04,Defensive Player,Average,41,554.4716666666667,134,71,32,22,4,24,0.435,0.367,0.625,0.498,0.48,0.122,0.054,99.6,97.7,2.0,1.33,0.043,0.081,0.093,0.062,27.700000000000003,-1.0793410228848754,-0.6659591602688171,-0.8219164708581294,-0.008479414589081932
2050,Morris Peterson,TOR,2003-04,Defensive Player,Very Good,82,2139.3616666666667,678,261,113,88,14,69,0.405,0.371,0.809,0.539,0.513,0.154,0.085,95.0,96.3,-1.3,1.64,0.017,0.108,0.095,0.062,29.10000000000001,-0.2183615936724619,-0.35666885648958296,-0.31777453996172667,0.8588017244395351
2403,Nene,DEN,2003-04,Defensive Player,Elite,77,2511.225,908,503,168,116,41,183,0.53,0.0,0.682,0.578,0.53,0.169,0.094,104.1,98.3,5.7,0.92,0.064,0.142,0.104,0.103,27.10000000000001,0.28029380348538396,-0.10372695374672321,0.8466689037771625,1.3045820646962223
2401,Nikoloz Tskitishvili,DEN,2003-04,Defensive Player,Average,39,305.7333333333333,106,63,10,6,8,17,0.328,0.273,0.793,0.393,0.34,0.206,0.024,91.3,98.6,-7.2,0.59,0.068,0.132,0.057,0.097,26.80000000000001,-1.0849540008385328,-0.9491478894172793,-0.3972555988636412,-0.18667057313433463
932,Oliver Miller,MIN,2003-04,Defensive Player,Very Good,48,504.9066666666667,121,130,36,19,26,33,0.53,0.0,0.652,0.549,0.53,0.13,0.075,95.7,96.3,-0.6,1.09,0.098,0.162,0.115,0.132,29.10000000000001,-0.7385577561510477,-0.527652021611285,0.2264086669057428,0.26527724973288175
1952,Raja Bell,UTA,2003-04,Defensive Player,Very Good,82,2020.905,915,241,107,63,13,111,0.409,0.373,0.786,0.5,0.447,0.233,0.082,98.4,100.0,-1.6,0.96,0.031,0.098,0.107,0.064,25.400000000000006,0.3078848743241768,-0.31133516440460585,-0.34536280302567157,0.3722578892955044
739,Rasheed Wallace,DET,2003-04,Defensive Player,Elite,68,2393.4666666666667,1088,459,156,61,122,119,0.436,0.331,0.736,0.51,0.478,0.231,0.114,103.2,98.9,4.2,1.31,0.045,0.154,0.115,0.101,26.5,0.47517803740637216,-0.08608906293069285,0.7044409374865298,1.5189688823082381
1725,Rasho Nesterovic,SAS,2003-04,Defensive Player,Elite,82,2359.355,710,633,114,51,165,107,0.469,0.0,0.474,0.473,0.469,0.167,0.101,99.0,92.4,6.6,1.07,0.111,0.158,0.082,0.135,33.0,-0.47747595039138685,-0.42601865852116866,1.599277057403418,2.232311592879004
2558,Reece Gaines,ORL,2003-04,Defensive Player,Average,38,354.62666666666667,69,39,40,11,2,18,0.291,0.3,0.64,0.356,0.308,0.147,0.045,95.6,96.9,-1.2,2.22,0.022,0.086,0.185,0.054,28.5,-1.7550937926028745,-0.11969752287772589,-1.0087418199728606,-0.09568559487705637
397,Reggie Miller,IND,2003-04,Defensive Player,Very Good,80,2267.28,800,188,249,65,11,68,0.438,0.401,0.885,0.6,0.551,0.144,0.115,103.6,92.8,10.8,3.66,0.008,0.078,0.181,0.042,32.60000000000001,0.14518346370932012,0.626887350151303,-0.7662642626628978,0.795779347522402
1888,Richard Hamilton,DET,2003-04,Defensive Player,Elite,78,2784.8483333333334,1375,279,310,103,17,210,0.455,0.265,0.868,0.522,0.462,0.248,0.114,101.4,94.4,7.0,1.48,0.029,0.072,0.212,0.051,31.0,0.8752064103306233,1.0254957741963715,-0.41014992280723495,1.156208443117486
2499,Richie Frahm,SEA,2003-04,Defensive Player,Average,54,458.67,183,56,24,16,4,7,0.453,0.37,0.885,0.608,0.576,0.148,0.089,105.3,98.1,7.2,3.43,0.027,0.098,0.081,0.062,27.30000000000001,-0.22474320927529537,-0.76280853086653,-0.8617171496131084,-0.09414946223875405
109,Robert Horry,SAS,2003-04,Defensive Player,Elite,81,1288.4483333333333,392,272,101,48,49,55,0.405,0.38,0.645,0.496,0.464,0.156,0.095,98.6,90.0,8.7,1.84,0.079,0.126,0.13,0.102,35.400000000000006,-0.6558232807223857,-0.20420728563553914,0.22099879664580313,1.168612899826462
915,Rodney Rogers,NJN,2003-04,Defensive Player,Very Good,69,1413.865,539,307,137,59,27,98,0.41,0.329,0.765,0.492,0.459,0.206,0.098,97.3,95.3,1.9,1.4,0.072,0.155,0.173,0.113,30.10000000000001,-0.2066604293549897,0.16982069537007924,0.45400324442557116,0.7486039063179343
2427,Roger Mason Jr.,TOR,2003-04,Defensive Player,Very Good,26,324.50166666666667,96,31,26,11,6,20,0.327,0.333,0.864,0.446,0.393,0.186,0.053,84.0,91.2,-7.2,1.3,0.003,0.1,0.164,0.049,34.2,-0.9355457127059141,-0.2891839214237234,-1.093667120165584,0.2796859089173986
1500,Ron Mercer,SAS,2003-04,Defensive Player,Very Good,39,518.775,195,49,22,14,5,26,0.427,0.286,0.765,0.446,0.431,0.208,0.074,86.9,88.2,-1.3,0.85,0.018,0.069,0.093,0.043,37.2,-0.703101363051581,-0.7027560734921998,-1.122344231487691,0.47691655887776946
2648,Ronald Dupree,CHI,2003-04,Defensive Player,Average,47,901.7766666666666,292,167,55,32,18,51,0.394,0.444,0.629,0.445,0.401,0.181,0.051,94.3,99.9,-5.7,1.08,0.056,0.122,0.103,0.088,25.5,-0.8365204686158165,-0.5251497265058647,-0.2359611149045751,0.10751842572814696
1739,Ruben Patterson,POR,2003-04,Defensive Player,Very Good,73,1651.8066666666666,507,268,139,84,21,105,0.506,0.167,0.553,0.53,0.509,0.163,0.083,99.2,101.5,-2.3,1.32,0.082,0.087,0.148,0.084,23.900000000000006,-0.327251548238302,0.03673874464182508,-0.018928495173103153,0.5826542104503815
2223,Samuel Dalembert,PHI,2003-04,Defensive Player,Elite,82,2203.468333333333,652,626,21,44,189,86,0.541,0.0,0.644,0.566,0.541,0.14,0.109,96.9,97.6,-0.7,0.24,0.092,0.196,0.017,0.145,27.80000000000001,-0.18522473732804426,-1.1333774182682474,1.708099950364564,2.0970768781271483
2562,Sasha Pavlovic,UTA,2003-04,Defensive Player,Very Good,79,1136.5083333333334,382,159,60,41,16,67,0.396,0.271,0.774,0.463,0.422,0.194,0.046,95.7,98.0,-2.3,0.9,0.041,0.113,0.098,0.076,27.400000000000006,-0.5735351462795423,-0.5348395365687595,-0.4100639952300609,0.2921696467608645
1909,Scott Padgett,HOU,2003-04,Defensive Player,Very Good,58,549.0083333333333,200,139,23,12,13,22,0.443,0.431,0.75,0.552,0.527,0.165,0.104,98.1,91.3,6.9,1.05,0.085,0.158,0.075,0.123,34.10000000000001,-0.40821750968671044,-0.8001941421983716,0.1356321854166075,0.35499405237226817
399,Sean Rooks,ORL,2003-04,Defensive Player,Average,55,588.16,141,97,29,14,10,22,0.358,0.0,0.892,0.421,0.358,0.139,0.033,98.9,102.1,-3.2,1.32,0.039,0.128,0.076,0.082,23.30000000000001,-1.390095072867414,-0.7724983409294248,-0.49813554158922624,-0.2891861042949531
1000,Shandon Anderson,NYK,2003-04,Defensive Player,Very Good,80,1966.236666666667,635,222,122,68,17,118,0.422,0.281,0.764,0.5,0.454,0.174,0.062,97.4,101.9,-4.5,1.03,0.028,0.085,0.103,0.057,23.5,-0.3259452683494531,-0.2786104079092008,-0.4849545762480739,0.35290067740529896
2203,Shane Battier,MEM,2003-04,Defensive Player,Elite,79,1948.0966666666664,669,303,101,101,58,56,0.446,0.349,0.732,0.544,0.506,0.148,0.098,101.8,97.7,4.1,1.8,0.05,0.099,0.085,0.075,27.700000000000003,-0.24018714543097355,-0.45700168570681443,-0.0407171334869412,1.3564113137034772
762,Shawn Bradley,DAL,2003-04,Defensive Player,Very Good,66,762.5766666666667,219,173,20,33,74,17,0.473,0.0,0.837,0.523,0.473,0.13,0.073,103.7,100.1,3.5,1.18,0.091,0.134,0.038,0.112,25.30000000000001,-0.8165411021108016,-1.019086389557324,0.08571085990974375,0.6727068378286205
1890,Shawn Marion,PHX,2003-04,Defensive Player,Elite,79,3209.87,1498,737,214,167,104,156,0.44,0.34,0.851,0.513,0.474,0.223,0.137,100.5,103.9,-3.4,1.37,0.066,0.165,0.116,0.115,21.5,0.7294378514988235,0.1329506870998439,1.620435344011001,2.141385626466485
278,Stacey Augmon,NOH,2003-04,Defensive Player,Very Good,69,1418.63,397,174,85,55,15,76,0.412,0.143,0.791,0.486,0.414,0.155,0.066,96.7,98.5,-1.7,1.12,0.037,0.089,0.106,0.063,26.900000000000006,-0.716713380153939,-0.397906026830965,-0.5358788224359254,0.3977339263694078
1536,Stephen Jackson,ATL,2003-04,Defensive Player,Very Good,80,2943.2266666666665,1450,370,244,142,20,223,0.425,0.34,0.785,0.521,0.483,0.245,0.1,99.8,103.9,-4.1,1.09,0.034,0.09,0.155,0.063,21.5,0.9016135978129792,0.46242990683176377,-0.01581662003753115,1.0324845767505948
2031,Stromile Swift,MEM,2003-04,Defensive Player,Elite,77,1530.045,727,378,38,56,118,88,0.469,0.25,0.725,0.53,0.47,0.219,0.118,100.9,98.0,2.9,0.43,0.089,0.153,0.043,0.121,27.400000000000006,0.24134821233995607,-0.9247636790806489,0.7443103583032482,1.479571419148941
2419,Tayshaun Prince,DET,2003-04,Defensive Player,Elite,82,2696.6666666666665,841,390,191,63,69,119,0.467,0.363,0.766,0.536,0.507,0.153,0.101,100.7,93.7,7.0,1.61,0.036,0.11,0.122,0.073,31.700000000000003,-0.1252874084764556,0.08202370669556706,0.1646474946825773,1.3089903262794318
689,Theo Ratliff,POR,2003-04,Defensive Player,Elite,85,2661.69,672,614,71,54,307,120,0.485,0.0,0.645,0.521,0.485,0.135,0.084,98.7,99.5,-0.7,0.59,0.079,0.152,0.043,0.118,25.900000000000006,-0.4646932981314677,-0.8033338654434861,1.3322887411342128,3.2829173772787708
2604,Theron Smith,MEM,2003-04,Defensive Player,Average,20,178.94,44,41,7,5,5,14,0.372,0.5,0.75,0.473,0.442,0.147,0.065,94.3,93.2,1.1,0.5,0.072,0.151,0.065,0.112,32.2,-1.104170780194311,-0.9152457367049562,-0.26453511313407285,0.08989091718544924
1495,Tim Duncan,SAS,2003-04,Defensive Player,Elite,69,2524.8766666666666,1538,859,213,62,185,183,0.501,0.167,0.599,0.534,0.502,0.296,0.212,101.5,90.1,11.4,1.16,0.092,0.247,0.17,0.171,35.30000000000001,1.412747259717829,0.43262427586303603,2.6575681722802615,2.6837716178757423
960,Tony Delk,DAL,2003-04,Defensive Player,Average,33,514.6833333333333,197,59,28,27,7,17,0.38,0.303,0.841,0.484,0.435,0.183,0.069,100.7,105.2,-4.5,1.65,0.028,0.087,0.088,0.055,20.200000000000003,-0.6674047410988003,-0.7087661922327564,-0.9429345939948747,-0.3669802707595739
2580,Travis Hansen,ATL,2003-04,Defensive Player,Average,41,509.5516666666667,123,70,19,10,9,15,0.354,0.3,0.815,0.433,0.388,0.134,0.026,99.8,99.7,0.1,1.27,0.06,0.081,0.059,0.071,25.700000000000003,-1.3710677295289198,-0.9047953608464003,-0.709912960699672,-0.19973779993246765
1762,Tremaine Fowlkes,DET,2003-04,Defensive Player,Very Good,36,251.135,44,53,14,9,3,12,0.313,0.125,0.722,0.393,0.323,0.124,0.047,82.6,89.3,-6.7,1.17,0.073,0.138,0.109,0.106,36.10000000000001,-1.7299447638800511,-0.6423111507122303,-0.3091324959581714,0.3402446736256122
2209,Vladimir Radmanovic,SEA,2003-04,Defensive Player,Very Good,77,2322.54,925,406,142,80,42,109,0.425,0.371,0.748,0.533,0.511,0.191,0.095,105.6,105.7,0.0,1.3,0.046,0.132,0.102,0.089,19.700000000000003,0.1963148116239799,-0.21063423479735263,0.4109360208961065,0.5069058675537458
1887,Wally Szczerbiak,MIN,2003-04,Defensive Player,Average,28,623.6766666666666,285,88,33,12,1,28,0.449,0.435,0.828,0.539,0.492,0.213,0.114,100.2,93.3,6.8,1.18,0.039,0.092,0.1,0.067,32.10000000000001,-0.06986468203692967,-0.6229558956020582,-0.7131107634124181,0.11607513423639275
962,Walter McCarty,BOS,2003-04,Defensive Player,Very Good,77,1898.575,605,239,124,72,22,91,0.388,0.374,0.756,0.541,0.519,0.154,0.072,99.4,101.3,-1.9,1.36,0.016,0.109,0.109,0.064,24.10000000000001,-0.2595703932818466,-0.23754510525502082,-0.35066956019300216,0.48018625420361133
445,Wesley Person,ATL,2003-04,Defensive Player,Average,58,1034.7716666666668,338,117,66,19,9,38,0.401,0.399,0.795,0.51,0.489,0.159,0.084,95.8,103.6,-7.8,1.74,0.015,0.103,0.11,0.058,21.80000000000001,-0.5927583700054487,-0.44534954861572307,-0.7508196732282477,-0.3356287661807198
2584,Willie Green,PHI,2003-04,Defensive Player,Average,53,767.5016666666667,364,65,53,26,5,59,0.401,0.311,0.728,0.464,0.427,0.266,0.062,94.6,98.1,-3.5,0.9,0.02,0.064,0.151,0.042,27.30000000000001,-0.05372358221530852,-0.26286174907451426,-1.092629828453727,0.01958163114743779
980,Zydrunas Ilgauskas,CLE,2003-04,Defensive Player,Elite,81,2543.173333333333,1237,653,109,39,201,163,0.483,0.286,0.746,0.541,0.484,0.228,0.113,100.7,104.1,-3.4,0.67,0.107,0.146,0.074,0.126,21.30000000000001,0.7379114043173503,-0.48935834181219784,1.5376877403346008,1.7847742436506921
1559,Adrian Griffin,CHI,2004-05,Defensive Player,Very Good,69,658.3666666666667,151,146,53,43,4,30,0.36,0.222,0.75,0.419,0.366,0.136,0.09,94.8,91.1,3.8,1.77,0.072,0.138,0.134,0.104,34.30000000000001,-1.4162801021485187,-0.3583618557681071,-0.0878475962866612,0.5968900624421861
2738,Andre Iguodala,PHI,2004-05,Defensive Player,Elite,82,2680.843333333333,741,464,246,138,48,139,0.493,0.331,0.743,0.58,0.536,0.127,0.1,101.8,101.8,0.0,1.77,0.033,0.141,0.139,0.087,23.60000000000001,-0.13616324240657265,0.37990683611776477,0.5393526701393319,1.3977129346873334
1905,Andrei Kirilenko,UTA,2004-05,Defensive Player,Elite,41,1353.1466666666668,640,255,132,67,136,90,0.493,0.299,0.784,0.599,0.52,0.214,0.172,105.5,101.9,3.6,1.47,0.074,0.132,0.178,0.104,23.5,0.5365158429374844,0.1795105054329741,0.201370669332854,1.5465175308326173
2873,Billy Thomas,NJN,2004-05,Defensive Player,Average,25,350.36333333333334,92,36,17,14,1,9,0.362,0.304,0.778,0.47,0.452,0.141,0.051,102.9,104.1,-1.1,1.89,0.021,0.088,0.078,0.054,21.30000000000001,-1.13063113246618,-0.8054193301276495,-1.0167019557238564,-0.4977526304216109
2250,Bobby Simmons,LAC,2004-05,Defensive Player,Very Good,75,2810.57,1229,446,205,106,16,135,0.466,0.435,0.846,0.54,0.491,0.204,0.111,104.5,103.2,1.3,1.52,0.049,0.116,0.126,0.083,22.200000000000003,0.5507331071170062,0.15600999854797176,0.4406332384146359,0.6601339274937269
1719,Bonzi Wells,MEM,2004-05,Defensive Player,Very Good,69,1488.87,721,229,80,85,27,90,0.441,0.346,0.75,0.515,0.47,0.246,0.108,99.6,100.9,-1.3,0.89,0.035,0.131,0.106,0.082,24.5,0.3489112914482407,-0.41630448344265625,-0.14788956854540958,0.6889731624368297
2411,Bostjan Nachbar,NOH,2004-05,Defensive Player,Average,71,1339.7483333333332,494,182,74,29,16,73,0.392,0.383,0.829,0.534,0.483,0.184,0.069,97.2,103.5,-6.3,1.01,0.018,0.126,0.102,0.07,21.900000000000006,-0.16002621618907464,-0.4608532447163548,-0.4254742136338411,-0.15531742127114279
2217,Brendan Haywood,WAS,2004-05,Defensive Player,Elite,68,1868.695,637,464,57,52,114,96,0.56,0.0,0.609,0.588,0.56,0.148,0.093,106.5,100.5,6.0,0.59,0.105,0.135,0.047,0.12,24.900000000000006,-0.011692318332287935,-0.832378930616553,0.9597612621937817,1.2507694237596467
699,Brent Barry,SAS,2004-05,Defensive Player,Very Good,81,1736.195,601,190,178,39,20,64,0.423,0.357,0.837,0.58,0.532,0.148,0.105,103.2,96.9,6.3,2.78,0.017,0.095,0.168,0.056,28.5,-0.08339396949429749,0.2925997729113622,-0.5826023452300431,0.37654691945098323
2073,Brian Cardinal,MEM,2004-05,Defensive Player,Very Good,58,1433.1366666666668,522,225,114,88,19,83,0.37,0.352,0.873,0.51,0.421,0.194,0.092,103.0,98.4,4.6,1.37,0.048,0.119,0.135,0.084,27.0,-0.2038500943197112,-0.1282830317705555,-0.13302377427071008,0.7860042268509417
2243,Brian Scalabrine,NJN,2004-05,Defensive Player,Very Good,54,1164.381666666667,339,244,88,34,18,66,0.398,0.324,0.768,0.468,0.431,0.166,0.088,99.2,97.7,1.5,1.33,0.072,0.149,0.132,0.109,27.700000000000003,-0.7809303671315009,-0.24080796615610214,0.2358817764359375,0.25750143671367665
1477,Bruce Bowen,SAS,2004-05,Defensive Player,Very Good,82,2622.51,675,285,126,55,39,57,0.42,0.403,0.634,0.521,0.505,0.126,0.067,105.3,96.7,8.6,2.21,0.02,0.092,0.075,0.056,28.700000000000003,-0.5284141899153957,-0.42118593599753007,-0.33053137978184177,0.7463114775322529
1743,Bruno Sundov,NYK,2004-05,Defensive Player,Average,21,68.49333333333334,25,13,2,2,2,6,0.297,0.333,1.0,0.33,0.311,0.257,-0.044,83.6,93.9,-10.4,0.33,0.076,0.103,0.063,0.088,31.5,-1.1302272597876453,-0.944879499986482,-0.6445814167890278,-0.012673836173355971
935,Bryon Russell,DEN,2004-05,Defensive Player,Very Good,70,1026.22,307,172,72,44,11,35,0.377,0.376,0.792,0.537,0.488,0.137,0.081,97.4,96.6,0.8,2.06,0.046,0.123,0.115,0.083,28.80000000000001,-0.6217911148342675,-0.39518313400710736,-0.28639249350965007,0.35492296062974166
384,Calbert Cheaney,GSW,2004-05,Defensive Player,Average,55,945.5716666666668,250,124,64,17,15,35,0.426,0.0,0.649,0.444,0.426,0.147,0.056,95.9,99.4,-3.5,1.83,0.031,0.098,0.116,0.063,26.0,-1.1214226501375466,-0.41900301125089623,-0.6685477516191893,-0.048877072830998326
1916,Calvin Booth,MIL,2004-05,Defensive Player,Average,51,453.7966666666667,124,107,8,15,28,16,0.454,0.0,0.813,0.508,0.454,0.134,0.066,95.1,100.9,-5.8,0.5,0.063,0.165,0.03,0.114,24.5,-0.9415313654041292,-1.108183912104721,-0.06393281800280398,-0.02620477924193328
2568,Carlos Delfino,DET,2004-05,Defensive Player,Average,30,462.335,116,55,38,22,6,23,0.359,0.257,0.575,0.431,0.397,0.158,0.05,98.3,101.5,-3.2,1.65,0.03,0.1,0.138,0.065,23.900000000000006,-1.2118592749118882,-0.39108661226351216,-0.8261515652827329,-0.21151225177104646
2418,Casey Jacobsen,NOH,2004-05,Defensive Player,Average,84,1805.0983333333331,547,167,113,33,8,71,0.404,0.373,0.786,0.555,0.485,0.141,0.074,100.3,100.2,0.1,1.59,0.02,0.072,0.102,0.046,25.200000000000003,-0.31651779132114816,-0.3173452831451624,-0.7710265957011474,-0.0009212538791170122
363,Christian Laettner,MIA,2004-05,Defensive Player,Very Good,49,738.6683333333333,260,131,41,32,15,29,0.582,0.143,0.763,0.619,0.584,0.148,0.12,105.7,94.5,11.1,1.41,0.053,0.119,0.091,0.089,30.900000000000006,-0.10632184330561885,-0.6440772450376071,-0.3187430896118448,0.39444127898624354
361,Clifford Robinson,NJN,2004-05,Defensive Player,Very Good,71,1695.79,533,209,104,62,53,66,0.386,0.347,0.639,0.471,0.45,0.166,0.056,99.4,107.3,-7.9,1.58,0.029,0.099,0.102,0.062,18.10000000000001,-0.6238748657728256,-0.3504625050462068,-0.4557502263123211,0.33768595861872486
2563,Dahntay Jones,MEM,2004-05,Defensive Player,Average,52,643.685,233,69,21,13,11,29,0.437,0.383,0.688,0.534,0.497,0.175,0.056,100.5,100.2,0.3,0.72,0.018,0.092,0.059,0.055,25.200000000000003,-0.4141304259433707,-0.8974359782017238,-0.916400808158222,-0.17779612063613812
2032,Darius Miles,POR,2004-05,Defensive Player,Very Good,63,1694.1416666666669,809,299,129,75,78,157,0.482,0.348,0.6,0.511,0.488,0.253,0.099,100.6,102.8,-2.2,0.82,0.045,0.127,0.143,0.089,22.60000000000001,0.4407456270784346,-0.028146435256143763,0.1270245124439218,0.9897163146163548
2545,Darko Milicic,DET,2004-05,Defensive Player,Very Good,37,252.2133333333333,67,43,7,2,17,16,0.329,0.0,0.708,0.387,0.329,0.189,0.031,92.4,90.9,1.6,0.44,0.013,0.147,0.05,0.085,34.5,-1.2718322214842643,-0.9995105367287146,-0.6031990221931103,0.3153521490212394
2758,David Harrison,IND,2004-05,Defensive Player,Very Good,43,759.9083333333333,264,135,13,16,55,53,0.576,0.0,0.571,0.589,0.576,0.175,0.061,100.6,100.9,-0.3,0.25,0.074,0.119,0.032,0.098,24.5,-0.07731031791889172,-1.0785501488231952,-0.1934726865350609,0.25732811177933673
2205,DeSagana Diop,CLE,2004-05,Defensive Player,Very Good,39,305.15833333333336,40,70,15,8,27,12,0.29,0.0,0.0,0.281,0.29,0.121,0.016,90.0,95.4,-5.5,1.25,0.091,0.135,0.084,0.112,30.0,-2.3951548604882293,-0.7790727927628227,-0.18758713420777984,0.2142989289590748
2753,Delonte West,BOS,2004-05,Defensive Player,Average,39,504.8233333333333,175,65,53,21,8,24,0.426,0.358,0.704,0.524,0.503,0.167,0.08,99.2,98.1,1.1,2.21,0.03,0.097,0.173,0.065,27.30000000000001,-0.571696282522767,-0.13927337570633525,-0.7996177794460801,-0.0018727915349042352
2035,DerMarr Johnson,DEN,2004-05,Defensive Player,Very Good,71,1223.4216666666666,503,151,75,43,18,65,0.499,0.358,0.792,0.605,0.57,0.172,0.087,105.5,99.1,6.4,1.15,0.037,0.084,0.096,0.062,26.30000000000001,0.16456340980700393,-0.4908794734035199,-0.6096461841649071,0.268497158089181
2484,Devin Brown,SAS,2004-05,Defensive Player,Average,67,1232.2133333333334,494,176,92,39,12,53,0.423,0.372,0.792,0.53,0.478,0.187,0.106,100.6,99.7,1.0,1.74,0.03,0.117,0.127,0.073,25.700000000000003,-0.16093491480635722,-0.25417746754133524,-0.40317552222179204,0.13109411728779605
2764,Donta Smith,ATL,2004-05,Defensive Player,Average,38,433.50166666666667,127,52,39,23,5,25,0.389,0.273,0.688,0.473,0.416,0.157,0.055,96.3,102.9,-6.7,1.56,0.042,0.083,0.141,0.061,22.5,-0.971110598219334,-0.37055396093642234,-0.88507031825245,-0.293524897905111
57,Doug Christie,ORL,2004-05,Defensive Player,Very Good,52,1520.355,345,177,199,80,18,104,0.392,0.242,0.897,0.471,0.414,0.136,0.074,102.8,100.7,2.1,1.91,0.026,0.085,0.192,0.057,24.700000000000003,-0.9790653268636946,0.5046969707184793,-0.6043566125130114,0.5578601067275181
2109,Eddie Gill,IND,2004-05,Defensive Player,Very Good,73,1013.8466666666668,269,112,83,59,5,60,0.335,0.308,0.877,0.484,0.409,0.157,0.068,94.1,99.3,-5.3,1.38,0.017,0.101,0.161,0.06,26.10000000000001,-0.8058145516887715,-0.09629447605519387,-0.7386072575372136,0.2910009980523285
224,Eddie Jones,MIA,2004-05,Defensive Player,Very Good,80,2837.255,1018,405,212,86,38,99,0.428,0.372,0.806,0.556,0.515,0.161,0.095,109.6,100.8,8.8,2.14,0.015,0.126,0.112,0.073,24.60000000000001,0.17527053300169246,0.1031206911154984,0.20444817343755647,0.8165020969138901
15,Eric Piatkowski,CHI,2004-05,Defensive Player,Average,68,839.175,324,79,51,29,1,37,0.43,0.425,0.804,0.573,0.541,0.16,0.088,98.6,98.6,0.1,1.38,0.017,0.072,0.099,0.045,26.80000000000001,-0.23532919222280294,-0.5623391051348866,-1.0172635653683721,-0.019181473574667745
677,Eric Williams,TOR,2004-05,Defensive Player,Average,55,1324.8583333333331,424,172,92,38,4,60,0.43,0.384,0.696,0.529,0.473,0.161,0.07,98.6,101.7,-3.0,1.53,0.035,0.099,0.12,0.068,23.700000000000003,-0.40746540990114627,-0.2935010408857559,-0.4774873080798545,-0.07771630777410121
2845,Erik Daniels,SAC,2004-05,Defensive Player,Average,21,70.805,13,18,4,2,0,6,0.333,0.5,0.0,0.361,0.361,0.131,0.048,69.3,93.2,-23.9,0.67,0.08,0.143,0.118,0.109,32.2,-1.8840181647949492,-0.628549183921358,-0.3637817834724152,0.00821950835515084
1922,Francisco Elson,DEN,2004-05,Defensive Player,Very Good,67,939.935,248,201,34,34,41,40,0.468,0.333,0.57,0.494,0.47,0.136,0.061,101.4,100.9,0.5,0.85,0.065,0.161,0.055,0.112,24.5,-0.9175134405799583,-0.8720706043509954,0.1600054602523715,0.3021881486259363
2410,Fred Jones,IND,2004-05,Defensive Player,Very Good,77,2270.383333333333,813,242,196,61,31,114,0.425,0.38,0.85,0.551,0.492,0.177,0.098,99.6,103.1,-3.5,1.72,0.016,0.099,0.166,0.057,22.30000000000001,0.11597503401851705,0.34759891004361654,-0.43188700457476836,0.35151002282072835
248,George Lynch,NOH,2004-05,Defensive Player,Average,44,932.935,164,174,88,32,12,57,0.36,0.297,0.739,0.412,0.389,0.128,0.063,94.3,100.1,-5.8,1.54,0.06,0.142,0.16,0.099,25.30000000000001,-1.5054917759690702,-0.08351367277841976,-0.0772512674674348,0.035062706699812006
2222,Gerald Wallace,CHA,2004-05,Defensive Player,Elite,70,2149.083333333333,780,386,137,117,91,159,0.449,0.274,0.661,0.51,0.462,0.188,0.091,99.8,103.7,-3.8,0.86,0.053,0.134,0.102,0.092,21.700000000000003,-0.06171656232560929,-0.22903269140904398,0.39608741213684184,1.5035413825208461
1956,Ira Newble,CLE,2004-05,Defensive Player,Average,74,1825.9466666666667,438,220,91,50,18,61,0.429,0.358,0.797,0.482,0.452,0.125,0.052,103.7,104.0,-0.4,1.49,0.043,0.08,0.074,0.061,21.400000000000006,-0.9296308806944459,-0.5555927856142866,-0.4393027161966833,0.053128790914801625
2074,Jabari Smith,NJN,2004-05,Defensive Player,Average,45,646.7883333333333,166,111,38,25,14,39,0.419,0.5,0.745,0.482,0.422,0.149,0.048,92.9,102.0,-9.2,0.97,0.045,0.142,0.1,0.091,23.400000000000006,-0.9500918205743396,-0.6045574389903668,-0.34633135267578974,-0.12886578845628172
2054,Jake Tsakalidis,MEM,2004-05,Defensive Player,Average,31,280.945,78,56,10,3,16,12,0.5,0.0,0.778,0.542,0.5,0.137,0.074,96.1,94.4,1.7,0.83,0.077,0.127,0.061,0.102,31.0,-0.7583465391820554,-0.9266772760776103,-0.3521309774258967,0.1099546852832199
2592,James Jones,IND,2004-05,Defensive Player,Very Good,75,1323.655,371,174,57,31,28,43,0.396,0.398,0.855,0.537,0.5,0.139,0.07,99.8,98.7,1.0,1.33,0.032,0.104,0.077,0.069,26.700000000000003,-0.5609966190764104,-0.6638493305690361,-0.45944089660784365,0.2688373128799635
1899,James Posey,MEM,2004-05,Defensive Player,Very Good,50,1384.2133333333334,405,219,88,48,23,69,0.357,0.309,0.865,0.5,0.434,0.161,0.077,99.0,101.5,-2.5,1.28,0.035,0.132,0.11,0.084,23.900000000000006,-0.5869757894782186,-0.3643963395242812,-0.14894404577270173,0.2298800726772968
2407,Jared Jeffries,WAS,2004-05,Defensive Player,Very Good,77,2006.015,523,374,151,66,35,114,0.468,0.314,0.584,0.513,0.486,0.134,0.068,103.9,103.1,0.8,1.32,0.072,0.113,0.115,0.092,22.30000000000001,-0.6252052606405869,-0.1044875195423842,0.36424686913285853,0.44378669352457817
2553,Jarvis Hayes,WAS,2004-05,Defensive Player,Average,54,1562.715,553,227,90,49,9,62,0.389,0.341,0.839,0.475,0.428,0.177,0.077,104.1,106.7,-2.7,1.45,0.024,0.123,0.093,0.071,18.700000000000003,-0.5060564396206865,-0.45253706357319756,-0.2933325230642235,-0.20692737068482012
2574,Jason Kapono,CHA,2004-05,Defensive Player,Average,81,1489.1233333333332,688,164,61,40,6,46,0.401,0.412,0.824,0.486,0.461,0.217,0.074,97.2,101.6,-4.3,1.33,0.02,0.09,0.072,0.053,23.80000000000001,-0.05298915303852877,-0.6772188319542691,-0.6898091513193813,-0.030883186386381545
1744,Jerome James,SEA,2004-05,Defensive Player,Very Good,80,1324.8216666666667,395,241,19,23,111,88,0.509,0.0,0.723,0.533,0.509,0.161,0.036,104.0,105.6,-1.6,0.22,0.063,0.131,0.024,0.096,19.80000000000001,-0.4055085841103206,-1.1014132275685034,0.06230613472409786,0.6202886637869204
2412,Jiri Welsch,CLE,2004-05,Defensive Player,Average,71,1320.6616666666666,461,167,103,44,5,73,0.402,0.309,0.763,0.518,0.447,0.173,0.07,102.6,104.6,-2.0,1.41,0.021,0.111,0.12,0.066,20.80000000000001,-0.3558300128842848,-0.25302443634003496,-0.5162335096075416,-0.17581922378471404
468,Jon Barry,HOU,2004-05,Defensive Player,Very Good,69,1501.57,455,159,167,60,9,67,0.438,0.43,0.873,0.57,0.534,0.143,0.101,105.8,98.7,7.1,2.49,0.018,0.089,0.177,0.055,26.700000000000003,-0.28245948587080144,0.3026820483798962,-0.677596735628347,0.37708502203263167
2668,Josh Davis,PHI,2004-05,Defensive Player,Average,42,318.815,117,79,12,8,4,15,0.378,0.358,0.824,0.494,0.464,0.179,0.071,99.7,93.4,6.3,0.8,0.086,0.152,0.063,0.119,32.0,-0.6972032218668845,-0.9080825867630993,-0.07452914682203038,0.0991066069874118
2572,Josh Howard,DAL,2004-05,Defensive Player,Elite,76,2444.383333333333,958,484,109,116,49,122,0.475,0.296,0.733,0.535,0.497,0.182,0.099,109.6,100.8,8.9,0.89,0.071,0.125,0.069,0.099,24.60000000000001,0.165663460196379,-0.5174466084867839,0.7452960934688011,1.238635089097046
2746,Josh Smith,ATL,2004-05,Defensive Player,Elite,74,2049.9416666666666,715,457,127,59,144,135,0.455,0.174,0.688,0.506,0.458,0.178,0.101,98.2,106.8,-8.6,0.94,0.071,0.159,0.1,0.114,18.60000000000001,-0.20466620834017749,-0.2770649113022611,0.864749686280043,1.25666843160814
2770,Justin Reed,BOS,2004-05,Defensive Player,Average,23,114.775,41,16,10,3,1,5,0.517,0.0,0.733,0.576,0.517,0.152,0.089,107.3,99.6,7.8,2.0,0.079,0.074,0.128,0.077,25.80000000000001,-0.48082558780256796,-0.5502945026381559,-0.7767574783895151,-0.34733158502028066
2586,Keith Bogans,CHA,2004-05,Defensive Player,Average,74,1795.5533333333333,714,226,135,68,8,122,0.381,0.329,0.727,0.465,0.422,0.213,0.059,99.4,105.8,-6.4,1.11,0.04,0.09,0.124,0.064,19.60000000000001,-0.18358946932559142,-0.11280370068554145,-0.38516348178065074,0.032700268684586774
2030,Kenyon Martin,DEN,2004-05,Defensive Player,Elite,70,2278.9166666666665,1087,511,170,100,78,149,0.49,0.0,0.646,0.521,0.49,0.232,0.118,104.5,102.6,1.9,1.14,0.068,0.163,0.131,0.116,22.80000000000001,0.5446702687673238,0.055309068940718555,1.0335114384073285,1.2605013230840538
2755,Kevin Martin,SAC,2004-05,Defensive Player,Average,45,458.13666666666666,131,58,22,16,3,24,0.385,0.2,0.655,0.464,0.406,0.158,0.045,103.9,102.1,1.8,0.92,0.063,0.063,0.071,0.063,23.30000000000001,-1.0123633462513417,-0.8263444468603789,-0.8436707381410977,-0.3392856264398369
2745,Kirk Snyder,UTA,2004-05,Defensive Player,Average,68,900.3616666666667,338,121,36,26,19,58,0.372,0.353,0.667,0.456,0.418,0.216,0.037,99.5,107.4,-7.9,0.62,0.058,0.09,0.073,0.074,18.0,-0.4842378472771796,-0.7635934616778086,-0.536371690018702,-0.38519235076992137
2594,Kyle Korver,PHI,2004-05,Defensive Player,Very Good,82,2666.721666666667,942,379,182,103,33,106,0.418,0.405,0.854,0.588,0.567,0.144,0.088,102.2,101.4,0.8,1.72,0.015,0.127,0.108,0.071,24.0,0.17897617758067,-0.029740661894318537,0.10998102165289866,0.9068051418201284
441,Lamond Murray,TOR,2004-05,Defensive Player,Average,62,915.5983333333334,371,164,47,32,16,54,0.426,0.438,0.763,0.537,0.5,0.195,0.089,105.1,102.9,2.2,0.87,0.048,0.129,0.086,0.089,22.5,-0.15104962347345915,-0.6500873637781637,-0.23118159635089064,-0.08898052742650579
1716,Larry Hughes,WAS,2004-05,Defensive Player,Elite,61,2357.346666666667,1345,382,285,176,18,153,0.43,0.282,0.777,0.523,0.457,0.261,0.147,106.2,104.3,1.8,1.86,0.03,0.131,0.214,0.08,21.10000000000001,0.9544557454184193,0.9447387978077493,0.2325980461460172,1.341034118627255
283,Lindsey Hunter,DET,2004-05,Defensive Player,Very Good,76,1134.128333333333,285,123,130,68,13,68,0.358,0.274,0.793,0.435,0.396,0.156,0.064,97.6,96.6,1.0,1.91,0.034,0.077,0.194,0.056,28.80000000000001,-1.0817559247719633,0.2620335761469733,-0.7603787103356168,0.6238305991553732
446,Lucious Harris,CLE,2004-05,Defensive Player,Average,73,1127.31,313,121,49,27,6,29,0.395,0.323,0.812,0.475,0.43,0.14,0.063,98.2,100.7,-2.5,1.69,0.033,0.074,0.073,0.053,24.700000000000003,-0.9499900196106333,-0.7157574744874111,-0.8039044304169882,-0.11270169703988493
2736,Luol Deng,CHI,2004-05,Defensive Player,Very Good,61,1661.07,711,322,135,48,27,118,0.434,0.265,0.741,0.496,0.458,0.221,0.109,102.5,97.3,5.2,1.14,0.057,0.133,0.141,0.096,28.10000000000001,0.05005456267380615,-0.017303593991948626,0.2772298000009853,0.5171195638974978
1938,Manu Ginobili,SAS,2004-05,Defensive Player,Elite,74,2201.0016666666666,1186,329,288,119,27,172,0.471,0.376,0.803,0.609,0.533,0.235,0.159,109.5,93.0,16.5,1.67,0.037,0.118,0.217,0.078,32.400000000000006,1.141168645025779,0.9726308317795158,0.06648967260239691,1.505421435230506
2556,Marcus Banks,BOS,2004-05,Defensive Player,Very Good,81,1142.57,372,126,155,63,13,79,0.402,0.356,0.742,0.52,0.439,0.166,0.087,97.7,96.7,1.0,1.96,0.026,0.082,0.219,0.055,28.700000000000003,-0.4598205698513332,0.4944671925783607,-0.7651582288893011,0.5661483169588627
948,Marcus Camby,DEN,2004-05,Defensive Player,Elite,66,2018.8433333333328,683,661,152,61,199,103,0.465,0.0,0.723,0.505,0.465,0.174,0.142,104.7,102.0,2.7,1.48,0.07,0.257,0.119,0.168,23.400000000000006,-0.2627424386146957,-0.07833721488037707,2.093980249800496,2.115874117891365
2605,Marquis Daniels,DAL,2004-05,Defensive Player,Very Good,60,1416.3333333333333,545,216,128,83,14,86,0.437,0.2,0.737,0.484,0.443,0.199,0.092,103.6,102.1,1.5,1.49,0.06,0.092,0.153,0.075,23.30000000000001,-0.29931719983571853,0.0243504067706903,-0.2715610702658203,0.4662177944608607
2440,Matt Barnes,SAC,2004-05,Defensive Player,Average,43,704.3633333333333,164,133,57,30,7,45,0.411,0.227,0.603,0.465,0.427,0.136,0.054,107.4,102.7,4.7,1.27,0.069,0.123,0.113,0.095,22.700000000000003,-1.1438985007179163,-0.46161381051201583,-0.2369984066164324,-0.18900949432088168
2782,Matt Freije,NOH,2004-05,Defensive Player,Average,23,436.9683333333333,93,61,20,13,2,17,0.291,0.259,0.625,0.356,0.346,0.157,0.024,92.6,100.8,-8.2,1.18,0.037,0.114,0.079,0.073,24.60000000000001,-1.6645813975985473,-0.7887626028257175,-0.7083140593432989,-0.30410610169349206
2408,Melvin Ely,CHA,2004-05,Defensive Player,Very Good,79,1655.3833333333334,576,326,76,32,69,115,0.432,0.0,0.575,0.465,0.432,0.198,0.054,98.6,103.1,-4.5,0.66,0.083,0.117,0.078,0.1,22.30000000000001,-0.39291525286608725,-0.5883175421096918,0.33880193155436766,0.43549412972643814
2399,Mike Dunleavy,GSW,2004-05,Defensive Player,Very Good,79,2569.4083333333333,1057,435,203,79,26,132,0.451,0.388,0.779,0.539,0.51,0.189,0.1,102.7,103.8,-1.1,1.54,0.035,0.131,0.127,0.082,21.60000000000001,0.31117072369593385,0.15426826923821246,0.3987064196896375,0.44629896316032863
983,Moochie Norris,HOU,2004-05,Defensive Player,Average,38,356.24666666666667,90,46,39,18,2,27,0.321,0.0,0.833,0.376,0.321,0.187,0.047,91.0,94.9,-4.0,1.44,0.029,0.101,0.207,0.066,30.5,-1.3327796584120237,0.00021115916811481616,-0.8372923182310401,0.0943532957901323
2050,Morris Peterson,TOR,2004-05,Defensive Player,Very Good,82,2519.6716666666666,1029,340,169,91,18,93,0.42,0.385,0.832,0.543,0.496,0.184,0.089,105.7,106.7,-1.0,1.82,0.029,0.109,0.11,0.069,18.700000000000003,0.27724628809677326,-0.06634134241488154,-0.018980051719407615,0.3193070487519339
2401,Nikoloz Tskitishvili,GSW,2004-05,Defensive Player,Average,35,214.34333333333333,50,41,10,8,11,19,0.297,0.118,0.571,0.324,0.311,0.194,0.002,89.3,97.7,-8.3,0.53,0.05,0.122,0.081,0.086,27.700000000000003,-1.6076941237637639,-0.8143242093792658,-0.5957661250557607,-0.08271624770394137
1727,Pat Garrity,ORL,2004-05,Defensive Player,Average,71,948.9983333333332,324,124,30,19,9,30,0.402,0.333,0.879,0.505,0.482,0.152,0.056,99.1,105.3,-6.2,1.0,0.02,0.107,0.051,0.062,20.10000000000001,-0.6826855105125732,-0.9092599829800173,-0.6812874059238696,-0.4355117137648743
1542,Predrag Drobnjak,ATL,2004-05,Defensive Player,Average,71,1437.878333333333,597,238,49,42,24,78,0.438,0.352,0.8,0.501,0.461,0.205,0.08,95.6,102.9,-7.3,0.63,0.05,0.125,0.06,0.086,22.5,-0.12069644755721344,-0.7887869678413351,-0.07305054407370104,0.09557281398119376
2047,Quentin Richardson,PHX,2004-05,Defensive Player,Very Good,79,2844.695,1176,479,158,96,27,102,0.389,0.358,0.739,0.522,0.498,0.186,0.082,114.0,105.2,8.8,1.55,0.032,0.122,0.077,0.08,20.200000000000003,0.27782788493215954,-0.29220050701287104,0.4899757687615491,0.5503030520454002
2624,Quinton Ross,LAC,2004-05,Defensive Player,Average,78,1638.1833333333334,397,210,109,51,22,54,0.432,0.25,0.673,0.471,0.433,0.134,0.058,98.7,103.2,-4.5,2.02,0.039,0.094,0.109,0.068,22.200000000000003,-0.9562065465436627,-0.2927404750900948,-0.37665892190057393,0.15096374990500552
739,Rasheed Wallace,DET,2004-05,Defensive Player,Elite,79,2696.3116666666665,1145,644,142,65,115,127,0.44,0.318,0.697,0.499,0.475,0.22,0.116,105.1,97.5,7.6,1.12,0.067,0.177,0.094,0.123,27.900000000000006,0.37286532557756896,-0.2555754614766904,1.4755883701675725,1.571848631109282
1725,Rasho Nesterovic,SAS,2004-05,Defensive Player,Elite,70,1783.1066666666666,410,459,71,31,117,73,0.46,0.0,0.467,0.463,0.46,0.132,0.079,105.5,93.4,12.0,0.97,0.11,0.155,0.061,0.133,32.0,-1.0072128641807578,-0.702216105414976,1.1121098752362992,1.4806913869157814
2446,Rasual Butler,MIA,2004-05,Defensive Player,Very Good,65,1198.8666666666666,420,151,62,18,29,37,0.399,0.373,0.771,0.488,0.468,0.175,0.076,102.0,97.5,4.5,1.68,0.013,0.108,0.085,0.062,27.900000000000006,-0.5422822410327853,-0.6005096472780069,-0.6096461841649071,0.21476266874438413
2558,Reece Gaines,MIL,2004-05,Defensive Player,Average,21,180.05333333333334,41,14,7,5,1,7,0.34,0.286,0.75,0.396,0.38,0.142,0.018,81.6,99.5,-17.9,1.0,0.005,0.069,0.078,0.036,25.900000000000006,-1.583186924909354,-0.8422162433510322,-1.3043900620487379,-0.3207333916387069
2499,Richie Frahm,POR,2004-05,Defensive Player,Average,43,489.90833333333336,164,61,30,15,4,14,0.4,0.388,0.84,0.543,0.511,0.148,0.082,99.3,101.7,-2.4,2.14,0.036,0.089,0.097,0.063,23.700000000000003,-0.6100848921450476,-0.6508479295738248,-0.8357106023901018,-0.3160276553552757
109,Robert Horry,SAS,2004-05,Defensive Player,Elite,75,1410.1716666666666,451,268,80,67,60,69,0.419,0.37,0.789,0.533,0.487,0.16,0.096,105.8,95.8,10.0,1.16,0.068,0.134,0.091,0.101,29.60000000000001,-0.3724447259991264,-0.5005692834664147,0.1976456280064619,1.1359937844010717
1934,Rodney Buford,NJN,2004-05,Defensive Player,Average,64,1310.6133333333332,445,189,63,40,4,35,0.382,0.315,0.822,0.437,0.417,0.188,0.075,93.3,102.5,-9.2,1.8,0.024,0.13,0.093,0.074,22.900000000000006,-0.7206815972350347,-0.5518887292763308,-0.3559419463294631,-0.10399732193707922
2206,Rodney White,GSW,2004-05,Defensive Player,Average,58,677.6583333333333,293,89,44,32,11,37,0.419,0.4,0.614,0.475,0.46,0.222,0.079,97.2,100.8,-3.6,1.19,0.033,0.099,0.118,0.065,24.60000000000001,-0.36413346896900195,-0.4813615310278272,-0.7359366934381134,-0.016183029837912533
2648,Ronald Dupree,DET,2004-05,Defensive Player,Average,47,466.315,152,95,24,7,10,22,0.48,0.5,0.617,0.515,0.484,0.168,0.078,95.7,98.1,-2.4,1.09,0.078,0.134,0.094,0.107,27.30000000000001,-0.6324200517108355,-0.689779037512606,-0.18495094113954944,-0.12669694466512635
1739,Ruben Patterson,POR,2004-05,Defensive Player,Very Good,70,1964.0116666666668,809,273,138,106,21,143,0.531,0.08,0.599,0.558,0.532,0.2,0.09,103.0,105.1,-2.1,0.97,0.068,0.072,0.12,0.07,20.30000000000001,0.3214842791894983,-0.12423524005819557,-0.18401676252030089,0.5990873649150351
1909,Scott Padgett,HOU,2004-05,Defensive Player,Very Good,66,939.1516666666666,275,185,55,33,10,30,0.421,0.397,0.725,0.549,0.528,0.135,0.086,105.1,93.9,11.2,1.83,0.05,0.143,0.096,0.097,31.5,-0.5908984103466408,-0.5644732998502853,-0.07354341165647736,0.38946812693889415
1752,Sean Marks,SAS,2004-05,Defensive Player,Average,23,241.61,76,56,8,3,11,14,0.338,0.0,0.786,0.412,0.338,0.191,0.059,91.8,98.5,-6.7,0.57,0.066,0.147,0.065,0.106,26.900000000000006,-1.1077625119058725,-0.911566045382618,-0.3011723602071755,-0.18152680243510297
2203,Shane Battier,MEM,2004-05,Defensive Player,Elite,80,2518.5516666666667,792,413,126,91,77,75,0.442,0.395,0.789,0.555,0.499,0.145,0.094,105.5,98.6,6.9,1.68,0.066,0.105,0.081,0.086,26.80000000000001,-0.11055437479583922,-0.38748001598802667,0.3912907080677225,1.3921502928341842
762,Shawn Bradley,DAL,2004-05,Defensive Player,Very Good,77,881.6066666666667,211,214,15,25,63,33,0.452,0.0,0.683,0.494,0.452,0.123,0.052,108.9,97.2,11.7,0.45,0.083,0.161,0.024,0.123,28.200000000000003,-1.0393622178894775,-1.1161319928578566,0.33463557919150333,0.648912387931884
278,Stacey Augmon,ORL,2004-05,Defensive Player,Average,55,654.4483333333334,193,99,36,23,8,31,0.407,0.0,0.74,0.48,0.407,0.15,0.048,101.0,105.9,-5.0,1.16,0.064,0.08,0.084,0.072,19.5,-0.9347353897590898,-0.701799274993719,-0.6202253274686986,-0.4394365310444011
2212,Steven Hunter,PHX,2004-05,Defensive Player,Very Good,76,1050.6666666666667,348,227,13,4,102,44,0.614,0.0,0.479,0.596,0.614,0.135,0.069,101.9,101.8,0.1,0.3,0.089,0.107,0.018,0.099,23.60000000000001,-0.2695303368111081,-1.1571972955120364,0.0633777974668249,0.5556333571194504
2031,Stromile Swift,MEM,2004-05,Defensive Player,Very Good,60,1280.0766666666666,604,273,43,41,92,90,0.449,0.0,0.758,0.517,0.449,0.244,0.1,102.5,100.7,1.9,0.48,0.077,0.144,0.063,0.111,24.700000000000003,0.26133097471511785,-0.794012155770613,0.33830906397159116,0.9024592883607193
2419,Tayshaun Prince,DET,2004-05,Defensive Player,Very Good,82,3043.468333333333,1206,435,247,56,71,135,0.487,0.341,0.807,0.556,0.511,0.185,0.116,105.5,97.8,7.8,1.83,0.045,0.1,0.14,0.073,27.60000000000001,0.4865381017065311,0.3892041807750202,0.28404953094751473,1.0158015460144332
2754,Tony Allen,BOS,2004-05,Defensive Player,Very Good,77,1254.4733333333334,492,221,64,76,24,77,0.475,0.387,0.737,0.542,0.491,0.183,0.089,103.6,97.4,6.2,0.83,0.07,0.11,0.08,0.09,28.0,-0.12304870649622925,-0.6212385313079165,-0.06719936277728952,0.7710098666560636
2566,Travis Outlaw,POR,2004-05,Defensive Player,Average,59,792.7466666666667,319,121,35,30,40,39,0.498,0.4,0.653,0.532,0.506,0.192,0.091,99.2,105.7,-6.6,0.9,0.055,0.096,0.078,0.077,19.700000000000003,-0.23909849512805567,-0.7391848863255608,-0.4981527271046611,-0.03139720736799611
2239,Trenton Hassell,MIN,2004-05,Defensive Player,Average,82,2071.8216666666667,541,219,128,30,30,64,0.474,0.091,0.789,0.515,0.475,0.13,0.054,103.0,103.9,-0.9,2.0,0.04,0.067,0.097,0.054,21.5,-0.6300714357220848,-0.2902381799846745,-0.5311336749131107,-0.026813432309616875
2772,Trevor Ariza,NYK,2004-05,Defensive Player,Very Good,80,1380.631666666667,468,242,85,70,18,73,0.442,0.231,0.695,0.503,0.446,0.175,0.084,101.1,102.1,-1.0,1.16,0.067,0.114,0.101,0.091,23.30000000000001,-0.4219040492722832,-0.42599429350555107,0.0012612417843616032,0.3719899322750955
2209,Vladimir Radmanovic,SEA,2004-05,Defensive Player,Average,63,1860.881666666667,743,290,86,57,31,80,0.41,0.389,0.786,0.534,0.508,0.188,0.089,114.3,106.2,8.0,1.08,0.03,0.133,0.076,0.082,19.200000000000003,0.04882179606305804,-0.5627559355561436,0.013966525058172322,0.12792507841402215
962,Walter McCarty,PHX,2004-05,Defensive Player,Average,72,900.42,260,138,37,25,15,36,0.404,0.355,0.517,0.525,0.521,0.138,0.043,101.1,103.1,-2.0,1.03,0.033,0.121,0.067,0.077,22.30000000000001,-0.7169750669910018,-0.7936196903649737,-0.4530452911823514,-0.18337846700766172
1442,Zeljko Rebraca,LAC,2004-05,Defensive Player,Average,58,928.3333333333334,339,184,26,13,40,49,0.568,0.0,0.859,0.625,0.568,0.16,0.102,100.3,99.9,0.3,0.53,0.058,0.143,0.049,0.103,25.5,0.07279992428665816,-0.9352140549392047,0.00024113558793903422,0.13323673796781565
2565,Zoran Planinic,NJN,2004-05,Defensive Player,Average,43,510.5783333333333,217,69,44,25,0,41,0.448,0.375,0.697,0.534,0.491,0.219,0.088,91.8,96.0,-4.2,1.07,0.038,0.102,0.185,0.07,29.400000000000006,-0.10356759801977533,-0.10497875758837283,-0.7253059935880175,0.08201776579771836
101187,Alan Anderson,CHA,2005-06,Defensive Player,Average,36,563.6,207,70,32,11,4,32,0.414,0.414,0.805,0.52,0.481,0.178,0.066,101.8,100.5,1.2,1.0,0.039,0.089,0.093,0.063,24.900000000000006,-0.49096435881075234,-0.6659591602688171,-0.8118301951371143,-0.2869674970491202
297,Alonzo Mourning,MIA,2005-06,Defensive Player,Elite,65,1302.003333333333,509,359,11,13,173,79,0.597,0.0,0.594,0.615,0.597,0.171,0.114,106.5,97.0,9.5,0.14,0.101,0.17,0.014,0.137,28.400000000000006,0.21874518335864598,-1.1870272914963818,0.8977306340884929,1.6492480080200191
2738,Andre Iguodala,PHI,2005-06,Defensive Player,Very Good,82,3085.7616666666668,1007,481,255,135,21,153,0.5,0.354,0.754,0.598,0.541,0.145,0.1,105.5,104.9,0.5,1.67,0.04,0.12,0.126,0.081,20.5,0.2903467022316391,0.3399945646648851,0.5080221802335599,0.9113178251359811
101261,Andre Owens,UTA,2005-06,Defensive Player,Average,23,210.04166666666663,69,21,8,5,0,13,0.365,0.188,0.667,0.421,0.385,0.198,0.013,91.9,99.7,-7.9,0.62,0.048,0.056,0.079,0.051,25.700000000000003,-1.010109354154275,-0.8329188986937768,-1.0947215973928766,-0.34260179065168
1905,Andrei Kirilenko,UTA,2005-06,Defensive Player,Elite,69,2604.1566666666668,1054,552,299,102,220,203,0.46,0.308,0.699,0.556,0.485,0.205,0.152,104.8,103.8,1.0,1.47,0.066,0.161,0.202,0.114,21.60000000000001,0.5233331053739965,0.9288426363014783,1.1168206517282444,2.647398327337573
101120,Antoine Wright,NJN,2005-06,Defensive Player,Average,39,370.1666666666667,70,30,12,4,3,21,0.358,0.067,0.5,0.386,0.364,0.142,-0.013,89.2,98.1,-8.8,0.57,0.024,0.062,0.057,0.043,27.30000000000001,-1.6194489679156263,-0.9417885067726027,-1.1727584245773315,-0.22860328150156972
2852,Awvee Storey,WAS,2005-06,Defensive Player,Average,25,116.31666666666666,43,22,4,3,1,5,0.39,0.429,0.571,0.456,0.427,0.191,0.03,101.2,93.5,7.8,0.8,0.065,0.135,0.059,0.096,31.900000000000006,-0.8799888337388923,-0.9599907306814743,-0.5187837750985979,0.011071932781684612
2774,Bernard Robinson,CHA,2005-06,Defensive Player,Very Good,66,1303.0233333333333,422,219,77,81,10,74,0.43,0.095,0.791,0.498,0.433,0.164,0.079,98.7,102.2,-3.5,1.04,0.046,0.129,0.096,0.085,23.200000000000003,-0.5641898838513513,-0.48352009075884333,-0.13620439146802144,0.3991497450669959
2250,Bobby Simmons,MIL,2005-06,Defensive Player,Very Good,75,2537.483333333333,1002,333,172,86,21,123,0.453,0.42,0.825,0.559,0.518,0.181,0.087,104.7,103.7,1.0,1.4,0.038,0.101,0.112,0.069,21.700000000000003,0.32729439998888904,-0.04406696177803228,-0.037553701805064565,0.4741166512180994
2411,Bostjan Nachbar,NJN,2005-06,Defensive Player,Average,36,501.77166666666665,157,60,27,16,5,24,0.346,0.268,0.682,0.448,0.407,0.182,0.038,100.1,100.0,0.1,1.13,0.016,0.11,0.094,0.062,25.400000000000006,-0.9094024837240567,-0.6787399635455912,-0.8511036352784473,-0.19566588082973677
699,Brent Barry,SAS,2005-06,Defensive Player,Very Good,74,1258.5866666666666,431,159,123,39,27,52,0.452,0.396,0.661,0.581,0.568,0.152,0.107,102.4,94.5,7.9,2.37,0.024,0.102,0.157,0.064,30.900000000000006,-0.17098982342437907,0.02842256349866791,-0.5629398468862243,0.5883803875912974
2073,Brian Cardinal,MEM,2005-06,Defensive Player,Average,36,401.57,124,55,33,23,0,27,0.414,0.448,0.704,0.505,0.473,0.179,0.058,100.7,94.0,6.7,1.22,0.031,0.121,0.136,0.076,31.400000000000006,-0.6292622811166239,-0.42072037554503794,-0.6860153679312497,0.17880439002009965
2243,Brian Scalabrine,BOS,2005-06,Defensive Player,Average,71,937.83,205,114,51,21,19,50,0.383,0.356,0.722,0.491,0.464,0.126,0.033,95.5,97.0,-1.5,1.02,0.032,0.096,0.09,0.065,28.400000000000006,-1.0388802738944214,-0.6128979851491416,-0.6696022288464815,0.17404945505334593
101139,CJ Miles,UTA,2005-06,Defensive Player,Average,23,202.8383333333333,79,38,16,7,2,9,0.368,0.25,0.75,0.456,0.401,0.213,0.085,100.8,102.1,-1.3,1.78,0.086,0.11,0.142,0.097,23.30000000000001,-0.6929768667820334,-0.4495692080152852,-0.46359006345527315,-0.4426553568877168
384,Calbert Cheaney,GSW,2005-06,Defensive Player,Average,42,448.35333333333335,92,61,19,13,2,17,0.389,0.0,1.0,0.412,0.389,0.126,0.044,93.1,102.2,-9.1,1.12,0.041,0.097,0.074,0.067,23.200000000000003,-1.5720554631805745,-0.8205305608226419,-0.7847519851713806,-0.386362646762796
2568,Carlos Delfino,DET,2005-06,Defensive Player,Average,68,725.6683333333333,247,113,44,21,15,36,0.403,0.333,0.672,0.483,0.447,0.183,0.062,100.7,106.6,-5.8,1.22,0.038,0.125,0.105,0.079,18.80000000000001,-0.6370648307160778,-0.5543910243817511,-0.49390044716462267,-0.43046528143416846
1520,Charles Smith,DEN,2005-06,Defensive Player,Average,22,209.96166666666667,80,16,9,5,6,4,0.417,0.395,0.625,0.53,0.521,0.174,0.054,96.8,97.1,-0.3,2.25,0.014,0.066,0.074,0.039,28.30000000000001,-0.5546568393690158,-0.8573274740460246,-1.2608643419673664,-0.1291348515045377
361,Clifford Robinson,NJN,2005-06,Defensive Player,Very Good,80,1862.513333333333,550,267,89,44,40,62,0.427,0.343,0.658,0.502,0.485,0.15,0.064,99.5,98.9,0.6,1.44,0.03,0.117,0.085,0.074,26.5,-0.551499424683431,-0.5011579815748737,-0.1489784168035715,0.5131936641049882
722,Corliss Williamson,SAC,2005-06,Defensive Player,Average,37,362.31666666666666,126,67,14,7,4,30,0.417,1.0,0.776,0.506,0.427,0.196,0.047,98.1,95.3,2.8,0.47,0.065,0.118,0.068,0.094,30.10000000000001,-0.49765425195688434,-0.8726349374438367,-0.424861047443021,-0.022888638544954487
1749,Cuttino Mobley,LAC,2005-06,Defensive Player,Very Good,79,2979.1,1170,341,238,93,36,145,0.426,0.339,0.839,0.519,0.467,0.194,0.089,103.5,101.3,2.2,1.64,0.018,0.095,0.129,0.059,24.10000000000001,0.31491223924890793,0.2942927721898863,-0.14372321618254538,0.8394193719511773
2788,DJ Mbenga,DAL,2005-06,Defensive Player,Average,43,237.11666666666667,74,56,2,6,25,16,0.533,0.0,0.5,0.538,0.533,0.162,0.058,98.5,98.7,-0.2,0.13,0.09,0.164,0.014,0.128,26.700000000000003,-0.6010892281107166,-1.2201445133974262,-0.020899965504208917,-0.020549152587052477
2563,Dahntay Jones,MEM,2005-06,Defensive Player,Average,71,967.025,281,104,39,38,15,50,0.414,0.143,0.645,0.462,0.42,0.171,0.044,93.0,100.3,-7.3,0.78,0.021,0.095,0.075,0.057,25.10000000000001,-0.8204598120642,-0.7413190810409593,-0.7980532491205766,0.11583234132900044
2863,Damien Wilkins,SEA,2005-06,Defensive Player,Average,82,1525.3966666666668,536,192,107,72,12,85,0.444,0.25,0.84,0.529,0.46,0.17,0.076,104.2,109.6,-5.4,1.26,0.053,0.082,0.114,0.067,15.800000000000011,-0.2608123909710352,-0.2720115910601852,-0.4371593907112292,-0.10865218873798499
101137,Daniel Ewing,LAC,2005-06,Defensive Player,Average,66,971.1533333333332,252,85,84,37,6,57,0.38,0.282,0.783,0.458,0.424,0.155,0.049,97.7,100.1,-2.4,1.47,0.025,0.063,0.145,0.045,25.30000000000001,-0.981370988923385,-0.18249723809153134,-1.0013432938663804,0.026164737372936526
101122,Danny Granger,IND,2005-06,Defensive Player,Very Good,78,1765.335,587,384,90,58,62,80,0.462,0.323,0.777,0.54,0.494,0.16,0.099,97.6,98.9,-1.3,1.13,0.077,0.141,0.092,0.11,26.5,-0.23434571786909744,-0.4581547169081148,0.6200944324537567,0.880836953308951
2545,Darko Milicic,ORL,2005-06,Defensive Player,Very Good,55,766.6666666666666,266,151,41,14,77,51,0.509,0.0,0.56,0.52,0.509,0.185,0.096,98.8,102.4,-3.6,0.8,0.062,0.141,0.096,0.103,23.0,-0.397173197389733,-0.615988978363021,-0.0873203576730151,0.3710575813960546
2758,David Harrison,IND,2005-06,Defensive Player,Very Good,67,1033.9433333333334,385,254,14,23,59,79,0.503,0.0,0.511,0.519,0.503,0.198,0.056,94.8,95.7,-1.0,0.18,0.082,0.165,0.026,0.124,29.700000000000003,-0.2219077438829011,-1.1085763775103603,0.4535103768427947,0.675851818617224
2035,DerMarr Johnson,DEN,2005-06,Defensive Player,Average,58,923.9166666666666,354,96,55,25,26,46,0.431,0.35,0.81,0.545,0.523,0.175,0.073,100.4,101.8,-1.3,1.2,0.02,0.084,0.095,0.052,23.60000000000001,-0.2639785069786329,-0.5700909531852025,-0.8829785493133004,0.004294714590489209
2046,Desmond Mason,NOK,2005-06,Defensive Player,Average,70,2102.343333333333,757,298,66,42,17,113,0.399,0.167,0.682,0.46,0.399,0.206,0.061,98.5,104.4,-5.9,0.58,0.031,0.12,0.055,0.074,21.0,-0.23241112072547732,-0.7543204820361707,-0.0667236807099479,-0.06338144661456774
1904,Devean George,LAL,2005-06,Defensive Player,Very Good,71,1542.3416666666667,448,274,68,66,34,54,0.4,0.313,0.674,0.484,0.459,0.151,0.075,104.2,101.7,2.5,1.26,0.052,0.127,0.073,0.089,23.700000000000003,-0.7206517852994389,-0.6458433393629841,0.06069004785228987,0.5159257745908087
2484,Devin Brown,UTA,2005-06,Defensive Player,Average,81,1711.2316666666666,611,207,104,44,14,99,0.393,0.331,0.745,0.493,0.43,0.189,0.066,100.1,103.5,-3.4,1.05,0.043,0.085,0.108,0.063,21.900000000000006,-0.27346836516334055,-0.3167565850367034,-0.44831732917497136,-0.020131905202608807
101182,Donell Taylor,WAS,2005-06,Defensive Player,Average,51,465.23,140,53,45,30,4,34,0.39,0.235,0.698,0.452,0.404,0.179,0.063,101.3,101.3,0.0,1.32,0.036,0.087,0.17,0.061,24.10000000000001,-0.920753316945775,-0.18556386628979293,-0.8824169396687847,-0.1371053412607954
2109,Eddie Gill,IND,2005-06,Defensive Player,Very Good,41,122.18333333333334,45,15,12,11,1,9,0.222,0.304,0.783,0.408,0.3,0.215,0.059,94.0,91.5,2.4,1.33,0.0,0.111,0.176,0.057,33.900000000000006,-0.9772967040549325,-0.27328775991745247,-1.0342039430667864,0.2114721863871852
224,Eddie Jones,MEM,2005-06,Defensive Player,Elite,75,2436.61,885,279,177,131,27,93,0.404,0.356,0.781,0.542,0.497,0.178,0.097,107.0,99.6,7.5,1.9,0.016,0.106,0.124,0.062,25.80000000000001,0.12376041334251293,0.041743334852665806,-0.27001372545575164,1.2419769351635326
1882,Elton Brand,LAC,2005-06,Defensive Player,Elite,79,3098.805,1953,790,208,81,201,173,0.527,0.333,0.775,0.58,0.527,0.272,0.176,104.9,102.0,2.9,1.2,0.082,0.173,0.127,0.13,23.400000000000006,1.799339162150097,0.17266672584990378,1.9521592235154652,2.3433363046637483
15,Eric Piatkowski,CHI,2005-06,Defensive Player,Average,29,228.23,59,23,13,6,1,11,0.393,0.273,0.4,0.467,0.467,0.136,0.044,97.0,92.5,4.5,1.18,0.016,0.083,0.086,0.048,32.900000000000006,-1.2081840661418912,-0.7751968687376649,-1.1276338031395867,0.100910696646123
101128,Francisco Garcia,SAC,2005-06,Defensive Player,Very Good,67,1301.22,377,185,94,41,47,75,0.4,0.285,0.772,0.51,0.46,0.154,0.069,99.9,100.7,-0.9,1.25,0.031,0.111,0.118,0.072,24.700000000000003,-0.6012359719906092,-0.2973769649109138,-0.39203476927348485,0.44717340822245566
2410,Fred Jones,IND,2005-06,Defensive Player,Very Good,68,1836.54,651,170,154,55,20,107,0.417,0.337,0.763,0.517,0.473,0.183,0.083,98.6,98.1,0.5,1.44,0.01,0.082,0.154,0.047,27.30000000000001,-0.1513244314193464,0.12564003448640249,-0.7503268056454713,0.47182311640457186
101123,Gerald Green,BOS,2005-06,Defensive Player,Average,32,373.68,167,41,18,13,4,22,0.478,0.3,0.784,0.541,0.5,0.214,0.085,95.1,97.9,-2.8,0.82,0.031,0.083,0.093,0.059,27.5,-0.13620470150874314,-0.7174748387815528,-0.9397367912821286,-0.11348261604379006
2222,Gerald Wallace,CHA,2005-06,Defensive Player,Elite,55,1895.0333333333333,836,412,96,138,115,99,0.538,0.28,0.614,0.578,0.55,0.188,0.136,103.5,105.6,-2.0,0.97,0.063,0.168,0.082,0.112,19.80000000000001,0.36746023962498614,-0.4922531023232575,0.719868341405745,1.852315257705083
1761,Greg Buckner,DEN,2005-06,Defensive Player,Very Good,73,1758.1716666666666,491,209,127,87,20,52,0.434,0.354,0.782,0.556,0.537,0.122,0.076,102.7,102.0,0.7,2.44,0.018,0.105,0.11,0.061,23.400000000000006,-0.4902737545165361,-0.22088837795308877,-0.46848988061700136,0.5742434977374935
2761,Jackson Vroman,NOK,2005-06,Defensive Player,Average,41,405.6433333333333,73,86,11,12,11,21,0.394,0.0,0.477,0.428,0.394,0.121,0.009,98.8,95.6,3.2,0.52,0.085,0.144,0.042,0.114,29.80000000000001,-1.5308791239634882,-1.0297329981186993,-0.1196537682597748,0.08211402165326231
2063,Jake Voskuhl,CHA,2005-06,Defensive Player,Average,51,817.7266666666667,270,183,39,26,23,33,0.437,0.333,0.683,0.47,0.439,0.171,0.058,98.0,98.4,-0.4,1.18,0.071,0.164,0.08,0.113,27.0,-0.7826521606923701,-0.7132308143663733,0.12498430005107677,0.1840695806878918
2592,James Jones,PHX,2005-06,Defensive Player,Average,75,1771.65,699,253,57,38,49,35,0.418,0.386,0.851,0.551,0.513,0.166,0.077,110.8,105.2,5.7,1.63,0.026,0.114,0.044,0.072,20.200000000000003,-0.04676124690368256,-0.8492318906213046,-0.211605025584246,0.1719282096909034
2407,Jared Jeffries,WAS,2005-06,Defensive Player,Very Good,77,1950.8516666666667,489,379,148,58,50,99,0.451,0.32,0.589,0.5,0.47,0.133,0.064,105.3,103.0,2.3,1.49,0.083,0.114,0.114,0.098,22.400000000000006,-0.7313727770163952,-0.12114424684431623,0.45395168787926676,0.5185332175691205
2553,Jarvis Hayes,WAS,2005-06,Defensive Player,Average,21,515.8333333333334,196,76,27,16,1,22,0.421,0.362,0.833,0.499,0.467,0.18,0.083,103.3,102.3,1.0,1.23,0.034,0.112,0.087,0.071,23.10000000000001,-0.6043242931849045,-0.7180635368900119,-0.6939926891976804,-0.3712714894558826
2078,Jason Hart,SAC,2005-06,Defensive Player,Average,66,817.8083333333333,218,71,70,31,5,43,0.389,0.29,0.661,0.444,0.41,0.164,0.047,94.9,98.2,-3.3,1.63,0.016,0.073,0.152,0.045,27.200000000000003,-1.0200512208583836,-0.19468934325984644,-1.0384905940376945,0.06551297833404668
2574,Jason Kapono,MIA,2005-06,Defensive Player,Average,51,665.0633333333334,207,71,37,7,3,20,0.446,0.396,0.848,0.54,0.506,0.139,0.055,95.3,102.0,-6.7,1.85,0.018,0.091,0.094,0.054,23.400000000000006,-0.6621124352684611,-0.6419430503222086,-0.9238337052955717,-0.4266624253796943
754,Jim Jackson,LAL,2005-06,Defensive Player,Average,40,512.145,121,76,35,12,6,35,0.294,0.243,0.692,0.365,0.35,0.168,0.025,99.0,99.4,-0.4,1.0,0.021,0.112,0.099,0.069,26.0,-1.5124060989798884,-0.621214166292299,-0.7194719978070409,-0.19174106355021073
2412,Jiri Welsch,MIL,2005-06,Defensive Player,Average,58,865.8583333333333,251,111,62,34,1,41,0.387,0.286,0.747,0.482,0.419,0.154,0.07,94.6,105.3,-10.7,1.51,0.025,0.112,0.122,0.066,20.10000000000001,-0.8521917510576426,-0.39265647388606945,-0.664822710292797,-0.36103098171477543
2746,Josh Smith,ATL,2005-06,Defensive Player,Elite,80,2558.563333333333,902,531,191,64,208,162,0.425,0.309,0.719,0.5,0.447,0.187,0.097,102.1,107.8,-5.7,1.18,0.07,0.146,0.124,0.108,17.60000000000001,-0.038232236747567705,0.09325901336540153,0.9846617756431917,1.8972382674468387
2770,Justin Reed,MIN,2005-06,Defensive Player,Average,72,996.515,325,124,41,23,15,52,0.403,0.0,0.725,0.467,0.403,0.183,0.026,93.2,100.4,-7.2,0.79,0.056,0.073,0.072,0.064,25.0,-0.6722957932842055,-0.7508126584010345,-0.6558080973145091,-0.045463570250629304
2416,Kareem Rush,CHA,2005-06,Defensive Player,Average,47,1111.2716666666668,474,103,50,38,13,65,0.386,0.348,0.714,0.471,0.447,0.221,0.06,97.5,105.4,-7.9,0.77,0.015,0.083,0.079,0.047,20.0,-0.2637961392048631,-0.6783718631555695,-0.9281031707510449,-0.20405142942960816
2586,Keith Bogans,HOU,2005-06,Defensive Player,Very Good,72,1912.415,622,255,128,71,9,90,0.395,0.325,0.683,0.497,0.455,0.169,0.073,96.8,102.4,-5.7,1.42,0.029,0.109,0.117,0.069,23.0,-0.38907522339104567,-0.1778851132863299,-0.2445172313309562,0.27366771667090334
101207,Kevin Burleson,CHA,2005-06,Defensive Player,Very Good,39,340.18333333333334,70,26,48,26,2,25,0.25,0.185,0.941,0.367,0.307,0.151,0.015,91.7,91.1,0.6,1.92,0.011,0.071,0.242,0.039,34.30000000000001,-1.6621978171854954,0.22994624779126221,-1.2343305561307136,0.40051196448473814
2039,Keyon Dooling,ORL,2005-06,Defensive Player,Average,50,1136.986666666667,470,78,109,49,4,82,0.44,0.302,0.835,0.513,0.456,0.222,0.082,103.3,101.1,2.3,1.33,0.011,0.059,0.166,0.036,24.30000000000001,-0.019223732359221018,0.027465765000187256,-1.1345738326941601,0.07151148957703209
1919,Laron Profit,LAL,2005-06,Defensive Player,Average,25,278.75666666666666,104,43,15,11,5,24,0.476,0.167,0.875,0.55,0.494,0.19,0.104,90.0,96.9,-6.9,0.63,0.029,0.127,0.104,0.078,28.5,-0.3058708279271692,-0.6667197260644782,-0.6923766023258724,-0.06533320286783884
101150,Lou Williams,PHI,2005-06,Defensive Player,Average,30,144.70333333333335,56,19,10,5,0,13,0.442,0.222,0.615,0.485,0.462,0.218,0.061,94.7,100.7,-6.0,0.77,0.022,0.119,0.12,0.071,24.700000000000003,-0.5071523320149187,-0.5952357293174938,-0.8452352684666011,-0.40135646570118255
101129,Luther Head,HOU,2005-06,Defensive Player,Very Good,80,2309.971666666667,707,266,215,89,9,119,0.403,0.361,0.699,0.517,0.493,0.163,0.087,98.3,99.6,-1.3,1.81,0.015,0.102,0.167,0.059,25.80000000000001,-0.257349732530582,0.4231306985029608,-0.3427266099574412,0.624685339699126
2124,Malik Allen,CHI,2005-06,Defensive Player,Average,54,701.4716666666667,266,140,20,14,16,34,0.49,1.0,0.605,0.504,0.492,0.183,0.074,99.4,96.3,3.0,0.59,0.059,0.131,0.047,0.095,29.10000000000001,-0.5032947407596012,-0.9685275095430688,-0.21842475653077542,0.11229579501059679
1938,Manu Ginobili,SAS,2005-06,Defensive Player,Elite,65,1812.965,981,230,235,101,26,121,0.462,0.382,0.778,0.593,0.524,0.238,0.148,107.9,96.5,11.4,1.94,0.025,0.108,0.215,0.068,28.900000000000006,0.9238139809778851,0.7663718850257532,-0.32359135022726837,1.1031580756645598
2605,Marquis Daniels,DAL,2005-06,Defensive Player,Very Good,62,1766.3166666666666,634,224,172,67,13,100,0.48,0.211,0.754,0.535,0.484,0.18,0.1,106.5,101.1,5.4,1.72,0.05,0.084,0.162,0.067,24.30000000000001,-0.08262975780502231,0.23681570496782917,-0.35225127603394035,0.3490731984942997
2440,Matt Barnes,PHI,2005-06,Defensive Player,Average,56,630.8166666666667,175,121,28,20,7,30,0.5,0.2,0.681,0.545,0.511,0.13,0.06,98.8,97.7,1.1,0.93,0.077,0.115,0.075,0.096,27.700000000000003,-0.7224858586492248,-0.7817956855866803,-0.2560992953157354,0.0011502515435117822
2679,Matt Carroll,CHA,2005-06,Defensive Player,Average,78,1275.3833333333334,594,157,35,47,11,48,0.403,0.389,0.821,0.54,0.479,0.198,0.086,99.9,101.6,-1.7,0.73,0.025,0.105,0.048,0.062,23.80000000000001,0.048880643097704034,-0.9077144863730775,-0.5937259126629155,0.09223367419716462
2230,Maurice Evans,DET,2005-06,Defensive Player,Average,80,1138.7483333333332,403,163,60,41,15,39,0.452,0.371,0.8,0.545,0.515,0.16,0.082,102.0,100.5,1.5,1.54,0.066,0.081,0.088,0.073,24.900000000000006,-0.3384494402901181,-0.5910160699179318,-0.4376694438094406,0.1351654951340356
1897,Metta World Peace,SAC,2005-06,Defensive Player,Elite,56,2206.9566666666665,984,286,203,122,41,131,0.404,0.308,0.675,0.491,0.449,0.234,0.096,106.9,98.9,8.0,1.55,0.036,0.098,0.157,0.068,26.5,0.3135068068530549,0.3227978692857293,-0.17500214954201287,1.331497437296392
714,Michael Finley,SAS,2005-06,Defensive Player,Very Good,77,2037.9183333333333,780,247,116,37,7,62,0.412,0.394,0.852,0.523,0.491,0.182,0.098,102.0,96.5,5.5,1.87,0.017,0.108,0.096,0.064,28.900000000000006,-0.031311484078171824,-0.3400121291876509,-0.3294425315236799,0.24779903155421792
2554,Mickael Pietrus,GSW,2005-06,Defensive Player,Average,52,1179.3633333333332,481,163,44,33,10,78,0.404,0.318,0.608,0.5,0.471,0.206,0.052,97.9,103.2,-5.3,0.56,0.046,0.092,0.066,0.068,22.200000000000003,-0.2027467777733385,-0.773479504443523,-0.501367715332842,-0.1569503510214796
2366,Mike Wilks,SEA,2005-06,Defensive Player,Average,47,347.4483333333333,86,39,32,14,1,24,0.322,0.158,0.61,0.398,0.339,0.169,0.034,97.8,96.8,1.0,1.33,0.026,0.085,0.158,0.056,28.60000000000001,-1.3416471348403005,-0.30081169349919723,-0.9832625113635,-0.06884350256024237
101145,Monta Ellis,GSW,2005-06,Defensive Player,Average,49,885.965,334,105,78,32,11,58,0.415,0.341,0.712,0.486,0.459,0.191,0.082,99.4,98.9,0.5,1.34,0.023,0.093,0.152,0.057,26.5,-0.4986084085352302,-0.16525181268114028,-0.7953998705369114,0.09545085275614185
101158,Orien Greene,BOS,2005-06,Defensive Player,Very Good,80,1234.59,254,145,129,77,10,109,0.395,0.225,0.662,0.449,0.413,0.142,0.039,93.7,96.5,-2.8,1.18,0.031,0.091,0.178,0.061,28.900000000000006,-1.1265527837195428,0.16847143146595928,-0.6383061099715792,0.692605941095913
1727,Pat Garrity,ORL,2005-06,Defensive Player,Average,57,937.6733333333332,282,108,38,12,9,38,0.417,0.388,0.811,0.546,0.521,0.144,0.053,102.1,104.4,-2.4,1.0,0.036,0.09,0.071,0.063,21.0,-0.537118637853377,-0.7674693857029666,-0.7110018089578338,-0.455162046788506
739,Rasheed Wallace,DET,2005-06,Defensive Player,Elite,80,2779.56,1209,547,182,82,130,85,0.43,0.357,0.743,0.527,0.503,0.212,0.119,111.4,99.0,12.4,2.14,0.034,0.173,0.109,0.103,26.400000000000006,0.5205460143641267,-0.024123008559401304,0.9634175614584347,1.8116217485324189
1725,Rasho Nesterovic,SAS,2005-06,Defensive Player,Elite,80,1515.0883333333334,362,309,33,21,88,53,0.515,0.0,0.6,0.521,0.515,0.125,0.062,102.1,93.5,8.7,0.62,0.084,0.128,0.033,0.107,31.900000000000006,-0.7614542876036933,-0.9993386690415125,0.3828720757648199,1.0777958339386091
2446,Rasual Butler,NOK,2005-06,Defensive Player,Average,79,1874.5966666666664,685,232,40,33,45,65,0.406,0.38,0.693,0.501,0.479,0.184,0.067,102.4,104.1,-1.7,0.62,0.028,0.106,0.037,0.066,21.30000000000001,-0.21096546491819743,-0.9511102164454757,-0.3437639016692985,0.14428168154150692
101185,Rawle Marshall,DAL,2005-06,Defensive Player,Average,23,241.3,71,31,10,8,7,15,0.4,0.333,0.759,0.488,0.408,0.168,0.064,96.1,99.8,-3.7,0.67,0.037,0.097,0.07,0.068,25.60000000000001,-0.8452065926485272,-0.8761183960633552,-0.8516136883766585,-0.24657092132018654
2499,Richie Frahm,HOU,2005-06,Defensive Player,Average,33,342.47,108,33,21,4,2,8,0.39,0.329,0.7,0.517,0.505,0.145,0.065,99.7,100.6,-0.9,2.63,0.009,0.093,0.097,0.05,24.80000000000001,-0.8210866197805315,-0.6839651514748691,-1.0756207086935734,-0.38560743312839874
109,Robert Horry,SAS,2005-06,Defensive Player,Very Good,63,1181.746666666667,321,242,79,43,51,41,0.384,0.368,0.647,0.499,0.474,0.144,0.092,104.1,94.4,9.8,1.93,0.065,0.152,0.106,0.109,31.0,-0.777718031037845,-0.41998417476499456,0.23057501926860696,0.8785204429232357
101156,Robert Whaley,UTA,2005-06,Defensive Player,Average,23,211.83,49,43,17,7,8,14,0.404,0.0,0.5,0.411,0.404,0.154,0.036,91.6,100.0,-8.4,1.21,0.073,0.129,0.138,0.101,25.400000000000006,-1.403808905645029,-0.4683601300326158,-0.3993645533182255,-0.25856575526532666
2648,Ronald Dupree,MIN,2005-06,Defensive Player,Average,36,265.32166666666666,80,49,14,12,0,14,0.524,0.0,0.341,0.494,0.524,0.165,0.041,91.2,102.1,-10.9,1.0,0.076,0.111,0.092,0.093,23.30000000000001,-0.826372481240742,-0.7378112574058231,-0.48536151625367624,-0.41108347020230207
101179,Ronnie Price,SAC,2005-06,Defensive Player,Average,29,149.95833333333334,60,15,11,6,0,10,0.362,0.222,1.0,0.474,0.414,0.212,0.081,87.2,99.3,-12.1,1.1,0.032,0.063,0.153,0.048,26.10000000000001,-0.6110835269024445,-0.406173477942887,-1.148860831808909,-0.3087385576935667
2562,Sasha Pavlovic,CLE,2005-06,Defensive Player,Average,53,812.7516666666667,241,80,25,19,6,42,0.41,0.365,0.653,0.516,0.493,0.153,0.03,101.1,100.1,1.0,0.6,0.02,0.086,0.051,0.051,25.30000000000001,-0.6723274915515086,-0.9276584395917087,-0.9381722609566252,-0.16033979551667832
2203,Shane Battier,MEM,2005-06,Defensive Player,Elite,81,2839.391666666667,818,429,136,92,114,90,0.488,0.394,0.707,0.574,0.54,0.135,0.093,104.8,97.9,7.0,1.51,0.063,0.097,0.081,0.081,27.5,-0.056376135365954615,-0.35068310276464404,0.37004649388296557,1.8179860964208305
2470,Smush Parker,LAL,2005-06,Defensive Player,Very Good,82,2773.4733333333334,941,271,302,140,16,147,0.447,0.366,0.694,0.548,0.524,0.162,0.087,108.0,104.0,3.9,2.05,0.014,0.087,0.165,0.05,21.400000000000006,0.08132225770407776,0.7320285368765557,-0.4441166057812374,0.9654165273567307
101211,Stephen Graham,CLE,2005-06,Defensive Player,Average,22,174.795,58,27,7,5,2,13,0.389,0.2,0.933,0.479,0.407,0.179,0.033,102.8,100.0,2.8,0.54,0.027,0.135,0.063,0.078,25.400000000000006,-0.8255140518761519,-0.9264810433747906,-0.7348306596645168,-0.33999326516038564
1536,Stephen Jackson,IND,2005-06,Defensive Player,Very Good,81,2909.7833333333333,1329,312,225,104,43,203,0.411,0.345,0.786,0.512,0.462,0.237,0.094,101.9,101.8,0.1,1.11,0.017,0.092,0.141,0.055,23.60000000000001,0.7043328947386828,0.31386862501849544,-0.27162981232755956,0.994839274769365
2031,Stromile Swift,HOU,2005-06,Defensive Player,Very Good,66,1344.0716666666667,586,291,25,38,50,91,0.491,0.0,0.651,0.533,0.491,0.225,0.089,96.5,101.5,-5.0,0.27,0.082,0.14,0.04,0.112,23.900000000000006,0.2007417139631725,-0.9894526262757981,0.39880953278224646,0.3994379713771356
2419,Tayshaun Prince,DET,2005-06,Defensive Player,Very Good,82,2898.12,1156,346,186,62,39,91,0.455,0.35,0.765,0.524,0.487,0.196,0.099,111.4,98.9,12.5,2.04,0.037,0.088,0.106,0.062,26.5,0.3480447993465739,-0.026257203274799912,-0.09223736035017807,0.6895807329915306
2754,Tony Allen,BOS,2005-06,Defensive Player,Very Good,51,978.0516666666666,369,111,67,51,18,67,0.471,0.324,0.746,0.554,0.491,0.181,0.077,98.0,100.3,-2.3,1.0,0.037,0.085,0.119,0.062,25.10000000000001,-0.15778055479384312,-0.3911109772791298,-0.7157813275115182,0.28088245153627317
2566,Travis Outlaw,POR,2005-06,Defensive Player,Average,69,1153.275,400,189,34,31,46,37,0.44,0.264,0.697,0.491,0.459,0.18,0.079,93.9,106.2,-12.3,0.92,0.043,0.123,0.055,0.083,19.200000000000003,-0.5029502007374885,-0.8720706043509954,-0.24128505758734037,0.010291602063999693
962,Walter McCarty,LAC,2005-06,Defensive Player,Average,36,353.1983333333333,88,68,23,8,5,19,0.333,0.222,0.571,0.407,0.384,0.163,0.037,95.8,94.4,1.4,1.21,0.042,0.155,0.112,0.098,31.0,-1.3326699035397493,-0.5923409688064342,-0.3712490516406345,0.050469395940981876
101134,Wayne Simien,MIA,2005-06,Defensive Player,Average,43,414.2766666666666,146,88,7,13,1,24,0.483,0.0,0.882,0.541,0.483,0.171,0.065,91.5,96.7,-5.2,0.29,0.095,0.122,0.031,0.108,28.700000000000003,-0.4661295578411197,-1.106245950092142,-0.19078493692052606,-0.07332939799360443
101117,Yaroslav Korolev,LAC,2005-06,Defensive Player,Very Good,24,126.99666666666668,27,13,9,3,0,6,0.3,0.286,0.7,0.392,0.333,0.13,0.025,86.9,88.8,-2.0,1.5,0.037,0.074,0.12,0.054,36.60000000000001,-1.7039989395355961,-0.598915420639832,-1.0777296631481579,0.27710144151127425
2565,Zoran Planinic,NJN,2005-06,Defensive Player,Average,56,595.5583333333333,191,74,53,20,4,43,0.361,0.232,0.697,0.45,0.396,0.201,0.042,89.2,95.2,-6.0,1.23,0.025,0.108,0.179,0.067,30.200000000000003,-0.7343591884184758,-0.10556745569683185,-0.7502580635837319,0.11768454715805061
1559,Adrian Griffin,CHI,2006-07,Defensive Player,Average,54,584.7516666666667,137,109,59,32,4,38,0.473,0.0,0.789,0.499,0.473,0.132,0.079,102.6,96.1,6.6,1.55,0.075,0.122,0.154,0.099,29.30000000000001,-0.9982552192437991,-0.2239306411357329,-0.2497208754056778,0.18914169487324198
200810,Allan Ray,BOS,2006-07,Defensive Player,Average,47,709.6083333333333,290,69,43,20,3,42,0.386,0.414,0.764,0.512,0.479,0.198,0.057,99.7,100.5,-0.8,1.02,0.024,0.083,0.105,0.051,24.900000000000006,-0.3304396458129866,-0.5580707157040894,-0.9673594253769432,-0.20383269460738532
297,Alonzo Mourning,MIA,2006-07,Defensive Player,Elite,77,1571.6366666666668,661,350,18,13,178,129,0.56,0.0,0.601,0.59,0.56,0.204,0.084,100.9,102.7,-1.8,0.14,0.089,0.137,0.02,0.115,22.700000000000003,0.42699732403675483,-1.1275635322305104,0.5935778321325387,1.3649336802532168
1905,Andrei Kirilenko,UTA,2006-07,Defensive Player,Elite,70,2048.8783333333336,584,329,202,74,144,135,0.471,0.213,0.728,0.558,0.49,0.145,0.092,107.1,106.0,1.1,1.5,0.047,0.123,0.145,0.085,19.400000000000006,-0.2434007439829513,0.25170633794438424,0.15566725273515905,1.4590926157224209
1515,Anthony Parker,TOR,2006-07,Defensive Player,Very Good,73,2437.1283333333336,903,283,153,73,11,71,0.477,0.441,0.83,0.596,0.561,0.155,0.096,108.1,101.4,6.7,2.15,0.027,0.096,0.096,0.062,24.0,0.2771169615724567,-0.203863550261135,-0.2594002111210906,0.3733800456031748
101120,Antoine Wright,NJN,2006-07,Defensive Player,Average,63,1137.355,283,175,55,30,10,43,0.438,0.322,0.603,0.5,0.476,0.131,0.056,96.9,103.2,-6.3,1.28,0.036,0.123,0.081,0.081,22.200000000000003,-0.8945704210764958,-0.6487380998740437,-0.30391166636801487,-0.18803443983641535
2774,Bernard Robinson,NJN,2006-07,Defensive Player,Average,31,278.2416666666667,61,48,19,17,2,16,0.306,0.0,0.852,0.413,0.306,0.143,0.062,88.6,97.8,-9.2,1.19,0.036,0.134,0.119,0.085,27.60000000000001,-1.4642453487671314,-0.5677361607513667,-0.5899321292747839,-0.08639662479173656
200784,Bobby Jones,PHI,2006-07,Defensive Player,Average,44,335.48833333333334,110,57,16,11,1,18,0.462,0.111,0.561,0.495,0.468,0.172,0.039,102.1,94.7,7.4,0.89,0.067,0.11,0.075,0.088,30.700000000000003,-0.7477771026366206,-0.8259519814547396,-0.5278327591077556,0.023457226228776884
1719,Bonzi Wells,HOU,2006-07,Defensive Player,Average,28,590.0966666666667,217,120,31,24,13,57,0.411,0.143,0.561,0.446,0.413,0.235,0.069,98.0,97.8,0.2,0.54,0.047,0.162,0.1,0.106,27.60000000000001,-0.48958307081691316,-0.6303152782467347,-0.13135613085259779,0.09742501981024472
2568,Carlos Delfino,DET,2006-07,Defensive Player,Very Good,82,1371.7283333333332,428,266,88,46,8,61,0.415,0.333,0.787,0.515,0.476,0.158,0.103,101.1,98.2,2.9,1.44,0.05,0.149,0.108,0.099,27.200000000000003,-0.5065877672033803,-0.3756316461941157,0.16685956222977072,0.25128581441794334
361,Clifford Robinson,NJN,2006-07,Defensive Player,Average,50,955.2866666666666,203,122,51,12,23,30,0.372,0.379,0.444,0.434,0.429,0.129,0.033,96.3,107.9,-11.5,1.7,0.033,0.098,0.092,0.065,17.5,-1.344260689111562,-0.6016626784793072,-0.6483752001771592,-0.5191589134187496
1749,Cuttino Mobley,LAC,2006-07,Defensive Player,Very Good,78,2841.0216666666665,1077,267,198,92,24,145,0.44,0.411,0.837,0.546,0.497,0.181,0.084,103.3,103.8,-0.5,1.37,0.02,0.079,0.117,0.05,21.60000000000001,0.30705259923336653,0.07969327927734884,-0.45473012011589853,0.5607617533522388
2788,DJ Mbenga,DAL,2006-07,Defensive Player,Average,21,78.585,17,11,6,3,5,5,0.313,0.0,0.875,0.435,0.313,0.144,0.017,91.3,102.5,-11.2,1.2,0.045,0.111,0.113,0.079,22.900000000000006,-1.362869623241216,-0.6492780679512675,-0.764545062698481,-0.4772502866515483
2863,Damien Wilkins,SEA,2006-07,Defensive Player,Average,82,2037.155,724,229,156,92,16,116,0.435,0.41,0.882,0.535,0.477,0.173,0.079,103.3,109.2,-5.9,1.34,0.045,0.076,0.121,0.06,16.200000000000003,-0.06896972840185671,-0.05238314292118953,-0.4281619632483762,0.16254679606034436
200789,Daniel Gibson,CLE,2006-07,Defensive Player,Average,60,987.575,276,92,69,23,8,44,0.424,0.419,0.718,0.556,0.537,0.13,0.058,101.3,96.6,4.7,1.57,0.028,0.069,0.11,0.047,28.80000000000001,-0.5867569183186058,-0.4343104746487083,-0.957290335171363,0.1069819469159734
101122,Danny Granger,IND,2006-07,Defensive Player,Very Good,82,2785.3083333333334,1142,381,114,67,61,135,0.459,0.382,0.803,0.573,0.522,0.178,0.09,102.0,104.4,-2.3,0.84,0.041,0.102,0.07,0.071,21.0,0.4863393110707472,-0.4934304985401754,0.1152877788202292,0.6408210429784217
2545,Darko Milicic,ORL,2006-07,Defensive Player,Elite,80,1913.0516666666667,639,437,90,44,140,124,0.454,0.0,0.613,0.492,0.454,0.187,0.088,103.0,102.7,0.3,0.73,0.085,0.161,0.081,0.124,22.700000000000003,-0.27363469540682556,-0.5199489035922044,0.9390786576535405,1.301672299224131
2758,David Harrison,IND,2006-07,Defensive Player,Average,24,190.06,71,42,6,5,12,26,0.517,0.0,0.5,0.525,0.517,0.209,0.026,88.0,97.1,-9.1,0.23,0.051,0.18,0.063,0.117,28.30000000000001,-0.33351798851539693,-0.930160734697129,-0.198183463027006,-0.06843006748610254
133,David Wesley,CLE,2006-07,Defensive Player,Average,35,352.365,73,35,37,12,4,17,0.293,0.237,0.714,0.418,0.353,0.133,0.05,95.5,97.3,-1.7,2.18,0.009,0.09,0.172,0.05,28.10000000000001,-1.5002087012171719,-0.20376609019866473,-1.0703139515262428,-0.0885911739523999
2035,DerMarr Johnson,DEN,2006-07,Defensive Player,Average,39,419.2433333333333,135,57,17,16,12,27,0.325,0.216,0.762,0.414,0.386,0.183,0.04,91.7,97.5,-5.8,0.63,0.021,0.106,0.068,0.062,27.900000000000006,-1.1123435090447806,-0.8615958634768218,-0.8590637710294433,0.022043054815527336
1904,Devean George,DAL,2006-07,Defensive Player,Very Good,60,1283.05,381,213,33,46,23,51,0.395,0.353,0.75,0.487,0.466,0.156,0.059,103.1,100.0,3.0,0.65,0.047,0.132,0.043,0.088,25.400000000000006,-0.7152137447943213,-0.9431621356923403,-0.11390570005597236,0.29728935937492673
923,Donyell Marshall,CLE,2006-07,Defensive Player,Very Good,81,1359.9633333333334,566,323,46,39,43,67,0.424,0.351,0.663,0.536,0.52,0.188,0.113,100.7,97.0,3.7,0.69,0.061,0.177,0.058,0.117,28.400000000000006,-0.06738649244374437,-0.8110613484781843,0.5474159189829368,0.6033731240167014
224,Eddie Jones,MIA,2006-07,Defensive Player,Very Good,64,1593.9116666666666,493,190,109,68,10,47,0.422,0.351,0.787,0.542,0.514,0.146,0.086,101.1,102.6,-1.5,2.32,0.021,0.105,0.111,0.063,22.80000000000001,-0.3931853939450447,-0.28150516842026035,-0.49342476509728106,0.2409501568491402
1882,Elton Brand,LAC,2006-07,Defensive Player,Elite,80,3077.45,1642,744,235,77,179,202,0.533,1.0,0.761,0.581,0.533,0.236,0.154,104.7,104.3,0.4,1.16,0.093,0.162,0.142,0.128,21.10000000000001,1.3172420262759408,0.3562831915767954,1.8046245000575019,1.9441708922290495
101128,Francisco Garcia,SAC,2006-07,Defensive Player,Very Good,79,1409.5083333333334,474,205,87,45,43,70,0.429,0.356,0.833,0.551,0.499,0.154,0.071,102.2,102.6,-0.4,1.24,0.038,0.107,0.101,0.073,22.80000000000001,-0.29686554130958004,-0.4186349108608745,-0.32622754329549897,0.3365151213693589
2222,Gerald Wallace,CHA,2006-07,Defensive Player,Elite,72,2640.3016666666667,1304,518,185,144,69,160,0.502,0.325,0.691,0.568,0.523,0.221,0.133,101.7,106.3,-4.6,1.16,0.054,0.156,0.123,0.103,19.10000000000001,0.889358485760789,0.0655632120964547,0.8864695825321416,1.4079518186589668
200801,Hassan Adams,NJN,2006-07,Defensive Player,Average,61,495.45166666666665,174,77,13,17,4,22,0.556,0.0,0.667,0.577,0.556,0.157,0.076,98.2,98.6,-0.4,0.59,0.077,0.082,0.043,0.08,26.80000000000001,-0.3425928333614114,-1.0167559621391056,-0.5766824218718923,-0.11316543682519346
200756,Hilton Armstrong,NOK,2006-07,Defensive Player,Average,56,634.2066666666667,176,149,10,12,26,35,0.544,0.0,0.597,0.57,0.544,0.136,0.073,97.2,97.4,-0.1,0.29,0.094,0.144,0.027,0.119,28.0,-0.5349034122671275,-1.1176774894647963,0.11120735403453902,0.1281175666102449
2137,Ime Udoka,POR,2006-07,Defensive Player,Average,75,2143.5516666666667,629,279,112,71,17,73,0.461,0.406,0.742,0.569,0.548,0.136,0.071,104.5,107.4,-2.9,1.53,0.048,0.098,0.085,0.072,18.0,-0.21394048240691113,-0.4165250811610935,-0.14261718240894877,0.060834053447970694
2592,James Jones,PHX,2006-07,Defensive Player,Very Good,76,1375.888333333333,485,176,45,28,42,28,0.368,0.378,0.877,0.51,0.47,0.162,0.067,107.4,100.6,6.8,1.61,0.025,0.1,0.048,0.064,24.80000000000001,-0.4647880308516603,-0.8709175731496949,-0.5178324109639146,0.26776383751398863
1899,James Posey,MIA,2006-07,Defensive Player,Very Good,71,1918.92,550,357,94,71,23,55,0.431,0.375,0.827,0.579,0.543,0.127,0.094,101.8,102.6,-0.8,1.71,0.036,0.157,0.078,0.097,22.80000000000001,-0.2796202245649816,-0.5220830983076029,0.3828377047339503,0.4035612777040188
2553,Jarvis Hayes,WAS,2006-07,Defensive Player,Average,81,1626.2883333333334,585,210,80,48,13,56,0.41,0.361,0.845,0.502,0.471,0.171,0.064,105.0,109.8,-4.8,1.43,0.025,0.109,0.082,0.065,15.600000000000009,-0.37252908872261625,-0.5511281634806697,-0.41487788481461485,-0.35895837026429955
101131,Jason Maxiell,DET,2006-07,Defensive Player,Very Good,67,942.71,334,186,14,30,60,53,0.5,0.0,0.526,0.518,0.5,0.182,0.07,102.3,97.2,5.0,0.26,0.097,0.103,0.025,0.1,28.200000000000003,-0.38153158863189324,-1.1141940308452776,-0.03267107015877119,0.6703668106142261
2202,Jason Richardson,GSW,2006-07,Defensive Player,Very Good,51,1674.9633333333334,814,259,172,54,32,82,0.417,0.367,0.657,0.512,0.492,0.22,0.097,107.8,104.4,3.3,2.1,0.042,0.111,0.153,0.076,21.0,0.20849299981637093,0.18625682495357407,-0.1447261368635331,0.21271686869126336
979,Jermaine O'Neal,IND,2006-07,Defensive Player,Elite,69,2458.793333333333,1339,661,167,50,182,203,0.436,0.0,0.767,0.5,0.436,0.282,0.139,102.5,102.6,-0.1,0.82,0.063,0.214,0.128,0.138,22.80000000000001,0.9723556425200774,0.02741703496895205,1.711790620660087,1.7946494324879996
1744,Jerome James,NYK,2006-07,Defensive Player,Average,41,272.96,76,66,3,6,15,23,0.418,0.0,0.556,0.437,0.418,0.178,-0.003,85.0,97.4,-12.4,0.13,0.07,0.16,0.023,0.113,28.0,-1.0599903736779106,-1.1659059420608329,-0.18546099423776063,-0.04534271505342454
101249,John Lucas III,HOU,2006-07,Defensive Player,Average,47,383.4633333333333,154,36,33,17,0,15,0.397,0.254,0.789,0.468,0.446,0.21,0.078,95.3,99.6,-4.3,2.2,0.023,0.077,0.167,0.049,25.80000000000001,-0.5922417086662096,-0.24657312216260382,-1.080400227247258,-0.21238996788698605
200816,Jorge Garbajosa,TOR,2006-07,Defensive Player,Very Good,67,1909.3083333333332,567,330,125,78,15,64,0.42,0.342,0.731,0.503,0.482,0.153,0.094,104.2,101.7,2.6,1.95,0.027,0.155,0.099,0.092,23.700000000000003,-0.5115609104488403,-0.29004194728185484,0.24749821145158632,0.44803031379217395
2735,Josh Childress,ATL,2006-07,Defensive Player,Very Good,55,2023.915,715,340,127,58,36,80,0.504,0.338,0.795,0.586,0.529,0.155,0.117,102.4,105.2,-2.8,1.59,0.064,0.112,0.108,0.088,20.200000000000003,0.08436560038599539,-0.23212368462292324,0.22307338006951788,0.24762843641719925
2746,Josh Smith,ATL,2006-07,Defensive Player,Elite,72,2647.1583333333333,1178,621,236,101,207,227,0.439,0.25,0.693,0.506,0.458,0.237,0.123,103.2,106.8,-3.6,1.04,0.065,0.183,0.157,0.124,18.60000000000001,0.5611341888356391,0.44422768292289216,1.4273003170479515,2.3292459072108103
2413,Juan Dixon,TOR,2006-07,Defensive Player,Average,81,1925.9733333333331,778,158,123,76,9,101,0.425,0.35,0.871,0.516,0.482,0.2,0.072,103.0,105.4,-2.4,1.22,0.015,0.074,0.112,0.044,20.0,0.058992141798486684,-0.2243718365726074,-0.8203863115634955,0.14921050621395532
2770,Justin Reed,MIN,2006-07,Defensive Player,Average,41,318.12833333333333,106,46,17,5,3,22,0.374,0.0,0.867,0.441,0.374,0.191,0.029,97.6,106.0,-8.5,0.77,0.045,0.103,0.085,0.072,19.400000000000006,-0.9203194940800351,-0.7660957567832289,-0.7608543924029584,-0.6824038514543284
2586,Keith Bogans,ORL,2006-07,Defensive Player,Average,59,989.675,298,93,59,28,2,46,0.404,0.387,0.746,0.546,0.512,0.147,0.057,103.4,101.1,2.3,1.28,0.018,0.084,0.094,0.052,24.30000000000001,-0.5036188087530667,-0.5609898412307666,-0.8909386850642962,-0.1663120601336636
2039,Keyon Dooling,ORL,2006-07,Defensive Player,Average,66,1435.1433333333334,521,86,112,52,15,72,0.41,0.323,0.809,0.501,0.444,0.184,0.068,103.7,103.5,0.2,1.56,0.016,0.048,0.135,0.032,21.900000000000006,-0.3292338897179716,-0.13564241441523203,-1.164305421243559,0.0728764623069592
2745,Kirk Snyder,HOU,2006-07,Defensive Player,Average,39,562.5133333333333,192,83,39,11,12,26,0.452,0.25,0.653,0.536,0.49,0.168,0.083,97.7,101.8,-4.1,1.5,0.032,0.122,0.125,0.077,23.60000000000001,-0.4835058341885341,-0.4604364142950979,-0.5989811132839415,-0.2824088625888932
1716,Larry Hughes,CLE,2006-07,Defensive Player,Very Good,70,2595.9566666666665,1045,267,256,89,26,154,0.4,0.333,0.676,0.48,0.439,0.214,0.083,104.6,100.3,4.3,1.66,0.015,0.093,0.162,0.053,25.10000000000001,0.1481943521720297,0.5459097760442437,-0.4165111572018577,0.7555539552167069
2669,Linton Johnson,NOK,2006-07,Defensive Player,Average,54,720.0216666666666,226,163,18,33,18,27,0.489,0.333,0.811,0.548,0.516,0.145,0.09,100.9,99.3,1.6,0.67,0.072,0.16,0.041,0.115,26.10000000000001,-0.5587474235594223,-1.0095928121972486,0.0973960369871319,0.15313259369616095
2736,Luol Deng,CHI,2006-07,Defensive Player,Elite,82,3071.3783333333336,1540,579,204,97,48,153,0.517,0.143,0.777,0.56,0.518,0.219,0.145,104.9,98.2,6.7,1.33,0.049,0.141,0.115,0.095,27.200000000000003,0.9991683798941189,0.090536120541544,0.9464084416982813,1.184413884394753
2124,Malik Allen,CHI,2006-07,Defensive Player,Average,60,638.3333333333334,242,119,16,17,16,21,0.415,0.0,0.824,0.443,0.415,0.202,0.061,102.8,98.0,4.8,0.76,0.068,0.122,0.041,0.095,27.400000000000006,-0.7302828642551557,-1.0169521948419251,-0.27414570678774625,0.043496936241378036
2060,Marko Jaric,MIN,2006-07,Defensive Player,Very Good,70,1554.9433333333334,371,184,145,75,16,88,0.418,0.376,0.761,0.51,0.468,0.132,0.059,99.3,104.8,-5.5,1.65,0.037,0.089,0.147,0.063,20.60000000000001,-0.76661347099629,0.05319923924093745,-0.5093450365992727,0.24492419632685306
2605,Marquis Daniels,IND,2006-07,Defensive Player,Average,45,800.4166666666666,320,82,57,27,7,55,0.459,0.231,0.7,0.506,0.47,0.201,0.081,98.2,103.2,-5.0,1.04,0.032,0.073,0.126,0.052,22.200000000000003,-0.3211489488842399,-0.3885843171580919,-0.9201258494846143,-0.24947092066056878
2440,Matt Barnes,GSW,2006-07,Defensive Player,Very Good,76,1812.73,746,350,156,73,41,105,0.438,0.366,0.732,0.547,0.522,0.18,0.093,105.5,105.7,-0.2,1.49,0.048,0.137,0.131,0.092,19.700000000000003,0.06674935697693649,0.0037933904279828096,0.30056578312489185,0.42425886298248966
200772,Maurice Ager,DAL,2006-07,Defensive Player,Average,32,214.365,69,21,7,4,3,15,0.314,0.333,0.606,0.408,0.35,0.207,-0.002,85.2,101.4,-16.2,0.47,0.004,0.089,0.065,0.047,24.0,-1.0185529862086975,-0.9152457367049562,-1.1456802146115976,-0.42249370916492895
2408,Melvin Ely,SAS,2006-07,Defensive Player,Average,30,308.7,89,53,18,6,8,28,0.363,0.0,0.66,0.442,0.363,0.184,0.02,86.9,100.0,-13.1,0.64,0.045,0.125,0.115,0.083,25.400000000000006,-0.9781048641668305,-0.5938864654133738,-0.602144544965818,-0.26892711820363857
1897,Metta World Peace,SAC,2006-07,Defensive Player,Elite,70,2640.9483333333333,1316,454,235,149,43,146,0.44,0.358,0.74,0.538,0.485,0.233,0.121,106.7,105.8,0.9,1.61,0.04,0.143,0.153,0.09,19.60000000000001,0.8143319716360882,0.4180773782608849,0.55103784721672,1.2260819067953919
1709,Michael Olowokandi,BOS,2006-07,Defensive Player,Average,24,233.59166666666667,40,48,5,8,13,17,0.413,0.0,0.667,0.423,0.413,0.121,0.013,87.3,93.8,-6.5,0.29,0.057,0.157,0.038,0.103,31.60000000000001,-1.5832647197226566,-1.074281759392398,-0.3606183517905387,0.1666619129952641
101153,Mickael Gelabale,SEA,2006-07,Defensive Player,Average,70,1238.7033333333334,321,173,56,24,22,49,0.462,0.234,0.805,0.535,0.483,0.125,0.059,103.9,105.8,-1.9,1.14,0.05,0.096,0.07,0.073,19.60000000000001,-0.7109758869675943,-0.7068525952357949,-0.41113565797278784,-0.28155520455812305
101158,Orien Greene,IND,2006-07,Defensive Player,Average,41,253.79,63,44,22,17,4,28,0.371,0.182,0.6,0.432,0.387,0.169,0.042,89.2,97.0,-7.8,0.79,0.047,0.129,0.15,0.087,28.400000000000006,-1.163837329382006,-0.3825498334019177,-0.5750663350000845,-0.019157956745989708
970,Othella Harrington,CHA,2006-07,Defensive Player,Average,26,220.2933333333333,67,38,6,1,1,15,0.446,0.0,0.773,0.51,0.446,0.169,0.011,90.5,95.3,-4.8,0.4,0.062,0.113,0.054,0.088,30.10000000000001,-0.7149849098543742,-0.980719614711384,-0.5782469521973959,-0.11540920818404359
1727,Pat Garrity,ORL,2006-07,Defensive Player,Average,33,277.405,71,42,14,7,0,14,0.314,0.344,0.889,0.456,0.393,0.151,0.035,102.3,102.1,0.1,1.0,0.047,0.12,0.082,0.083,23.30000000000001,-1.1526159462246628,-0.7939877907549955,-0.631331709386136,-0.4628902848938618
200781,Paul Davis,LAC,2006-07,Defensive Player,Average,31,179.83166666666668,51,44,7,6,5,8,0.423,0.0,0.7,0.452,0.423,0.154,0.061,92.2,93.3,-1.1,0.88,0.104,0.13,0.08,0.116,32.10000000000001,-1.1679476234760642,-0.8309809366811978,-0.2056163601643558,0.09437681261881121
200763,Quincy Douby,SAC,2006-07,Defensive Player,Average,42,359.13666666666666,119,37,15,15,4,15,0.381,0.24,0.733,0.449,0.429,0.173,0.057,100.1,105.0,-4.8,1.0,0.028,0.068,0.071,0.048,20.400000000000006,-0.9969729455053539,-0.8521022861167467,-1.0904865029682729,-0.5099180830186341
101119,Rashad McCants,MIN,2006-07,Defensive Player,Average,37,554.325,184,47,38,26,7,40,0.35,0.267,0.69,0.454,0.407,0.201,0.028,102.0,102.8,-0.8,0.95,0.026,0.063,0.111,0.045,22.60000000000001,-0.7165370861301193,-0.5427632523062773,-1.1021716800456611,-0.23633041357907933
739,Rasheed Wallace,DET,2006-07,Defensive Player,Elite,75,2418.9533333333334,926,543,127,75,118,94,0.423,0.351,0.788,0.513,0.485,0.198,0.109,107.9,103.4,4.5,1.35,0.04,0.201,0.089,0.121,22.0,0.1339286109545655,-0.3388590979863506,1.1821178246080188,1.3591620697095534
1725,Rasho Nesterovic,TOR,2006-07,Defensive Player,Very Good,80,1676.295,494,360,74,37,84,56,0.546,0.0,0.68,0.558,0.546,0.139,0.087,104.0,100.3,3.7,1.32,0.076,0.152,0.068,0.115,25.10000000000001,-0.3522270402225161,-0.6518534581035406,0.6201116179691915,0.8035759946026926
2446,Rasual Butler,NOK,2006-07,Defensive Player,Very Good,81,2222.858333333333,818,256,63,40,54,67,0.398,0.369,0.644,0.495,0.484,0.184,0.069,100.5,103.0,-2.4,0.94,0.019,0.099,0.048,0.059,22.400000000000006,-0.1493578742167542,-0.804683129347606,-0.369260395794094,0.3724985406917957
101185,Rawle Marshall,IND,2006-07,Defensive Player,Average,40,361.3733333333333,99,29,13,12,5,19,0.36,0.222,0.689,0.455,0.382,0.148,0.042,90.5,96.1,-5.5,0.68,0.021,0.061,0.063,0.04,29.30000000000001,-1.1601027585324861,-0.904402895440761,-1.2136307660750374,-0.007968099889924233
109,Robert Horry,SAS,2006-07,Defensive Player,Very Good,68,1124.055,268,229,77,45,41,44,0.359,0.336,0.594,0.48,0.458,0.135,0.078,103.4,94.8,8.6,1.75,0.069,0.139,0.106,0.105,30.60000000000001,-0.9904564508462204,-0.4273435574096711,0.14512248046223714,0.7745666587493337
200760,Rodney Carney,PHI,2006-07,Defensive Player,Average,67,1169.09,442,128,26,38,23,43,0.464,0.347,0.609,0.514,0.496,0.183,0.058,100.1,104.9,-4.7,0.6,0.036,0.08,0.037,0.058,20.5,-0.31919716675361115,-1.0026258949582114,-0.7216325088079296,-0.07349945187413164
200758,Ronnie Brewer,UTA,2006-07,Defensive Player,Average,56,675.1033333333334,260,75,24,37,6,24,0.528,0.0,0.675,0.566,0.528,0.162,0.09,103.0,102.9,0.2,1.0,0.057,0.064,0.057,0.06,22.5,-0.3068645131413275,-0.8976322109045436,-0.8367822651328289,-0.13834835276567137
101179,Ronnie Price,SAC,2006-07,Defensive Player,Average,58,562.8033333333333,192,71,48,28,4,33,0.39,0.323,0.673,0.489,0.451,0.181,0.068,102.3,103.6,-1.3,1.45,0.029,0.105,0.14,0.067,21.80000000000001,-0.6570637688731346,-0.343054392370295,-0.7582181993347279,-0.29296381975127495
2767,Royal Ivey,ATL,2006-07,Defensive Player,Average,53,538.5666666666667,157,51,45,24,4,31,0.448,0.313,0.686,0.496,0.465,0.156,0.054,97.4,103.6,-6.3,1.45,0.03,0.074,0.14,0.052,21.80000000000001,-0.8252932796732816,-0.3540934663373098,-1.002380585578238,-0.33440927150452276
200752,Rudy Gay,MEM,2006-07,Defensive Player,Very Good,78,2103.31,846,348,100,71,74,140,0.422,0.364,0.727,0.497,0.457,0.206,0.072,105.4,108.4,-3.0,0.71,0.047,0.127,0.078,0.087,17.0,0.04331997369160612,-0.5000049503735733,0.23156075443415977,0.5787748265736021
2562,Sasha Pavlovic,CLE,2006-07,Defensive Player,Very Good,67,1534.3283333333334,604,158,105,55,17,102,0.453,0.405,0.794,0.554,0.514,0.186,0.082,103.9,96.7,7.2,1.03,0.015,0.092,0.11,0.053,28.700000000000003,0.04829185447874484,-0.3018415870445307,-0.7057294228213729,0.5237272694646573
2756,Sasha Vujacic,LAL,2006-07,Defensive Player,Average,73,934.4716666666668,313,107,64,41,1,30,0.392,0.373,0.878,0.54,0.504,0.15,0.07,105.7,107.8,-2.0,2.13,0.029,0.091,0.107,0.059,17.60000000000001,-0.5051453457999091,-0.46956189126515135,-0.7646138047602202,-0.4353881287703483
1890,Shawn Marion,PHX,2006-07,Defensive Player,Elite,80,3010.343333333333,1403,785,134,156,122,114,0.524,0.317,0.81,0.594,0.561,0.189,0.138,114.4,104.7,9.7,1.18,0.063,0.198,0.065,0.135,20.700000000000003,0.8751527452077839,-0.4479249387679962,2.0025906021205406,2.1625212461607575
2470,Smush Parker,LAL,2006-07,Defensive Player,Very Good,82,2457.39,907,206,228,119,10,153,0.436,0.365,0.646,0.526,0.506,0.181,0.065,106.9,108.9,-2.0,1.49,0.019,0.068,0.141,0.044,16.5,0.0701065567918675,0.32490769898551025,-0.6930241395475623,0.39922521389118204
200779,Steve Novak,HOU,2006-07,Defensive Player,Average,35,190.58,51,26,6,5,0,4,0.36,0.333,1.0,0.501,0.49,0.126,0.053,89.9,101.3,-11.4,1.5,0.02,0.119,0.055,0.067,24.10000000000001,-1.0927618473513914,-0.9751019613764669,-0.8776202355996653,-0.43660927073088374
2419,Tayshaun Prince,DET,2006-07,Defensive Player,Very Good,82,3000.78,1171,429,227,51,55,98,0.46,0.386,0.768,0.534,0.501,0.188,0.106,108.4,102.6,5.8,2.32,0.051,0.101,0.127,0.076,22.80000000000001,0.35747353883320027,0.2425808609743309,0.30634822235956405,0.5200928670361008
200757,Thabo Sefolosha,CHI,2006-07,Defensive Player,Very Good,71,867.9233333333333,256,153,60,33,11,60,0.426,0.357,0.511,0.464,0.455,0.167,0.063,98.5,93.2,5.3,1.0,0.04,0.138,0.109,0.089,32.2,-0.8563353912090533,-0.47304534988466995,-0.2603687607712087,0.4407138634766186
2566,Travis Outlaw,POR,2006-07,Defensive Player,Very Good,67,1532.2916666666667,645,217,52,61,74,66,0.434,0.27,0.79,0.499,0.443,0.213,0.086,102.4,106.6,-4.2,0.79,0.046,0.106,0.061,0.076,18.80000000000001,-0.03895251472576988,-0.772130240539403,-0.25616803737747473,0.580919612279588
2772,Trevor Ariza,ORL,2006-07,Defensive Player,Very Good,57,1277.9283333333333,506,249,65,59,19,84,0.539,0.0,0.62,0.567,0.539,0.186,0.118,101.3,99.1,2.2,0.77,0.084,0.124,0.092,0.104,26.30000000000001,0.051947229805030117,-0.5501469999665715,0.18545039783086234,0.44439642910524446
200748,Tyrus Thomas,CHI,2006-07,Defensive Player,Elite,72,966.235,374,269,40,46,76,94,0.475,0.0,0.606,0.521,0.475,0.201,0.093,101.9,93.3,8.6,0.43,0.092,0.179,0.066,0.136,32.10000000000001,-0.1964438635335022,-0.7881982697328761,0.6461869072539375,1.2271712743694378
200821,Yakhouba Diawara,DEN,2006-07,Defensive Player,Average,64,1176.5983333333334,284,110,55,30,7,37,0.342,0.288,0.66,0.45,0.426,0.124,0.023,102.1,101.1,1.0,1.49,0.022,0.066,0.068,0.044,24.30000000000001,-1.2309694567238816,-0.7217675932279677,-0.9477484835794289,-0.09500201424167709
1559,Adrian Griffin,SEA,2007-08,Defensive Player,Average,35,306.9683333333333,65,59,27,17,2,21,0.395,0.0,0.556,0.406,0.395,0.141,0.063,96.2,93.0,3.2,1.29,0.087,0.105,0.134,0.096,32.400000000000006,-1.5160244705870056,-0.45403383014890203,-0.4206087675029826,0.19562581544587557
297,Alonzo Mourning,MIA,2007-08,Defensive Player,Average,25,389.39666666666665,149,93,7,4,42,25,0.547,0.0,0.592,0.58,0.547,0.177,0.088,95.6,99.2,-3.7,0.28,0.09,0.142,0.032,0.117,26.200000000000003,-0.19705930675956826,-1.1006282967572247,-0.0628611552600769,0.10134767206380528
101161,Amir Johnson,DET,2007-08,Defensive Player,Very Good,62,763.9366666666666,221,235,29,24,82,39,0.558,0.0,0.673,0.584,0.558,0.132,0.108,107.0,94.3,12.7,0.74,0.119,0.181,0.058,0.152,31.10000000000001,-0.4516881317616714,-0.8736161009579348,0.7598065042842026,1.0011713986955078
2738,Andre Iguodala,PHI,2007-08,Defensive Player,Elite,82,3241.77,1630,446,391,171,49,214,0.456,0.329,0.721,0.543,0.495,0.236,0.133,104.3,104.1,0.2,1.83,0.027,0.119,0.207,0.072,21.30000000000001,1.0913218633976407,1.295462504631185,0.30049704106315256,1.614619623040844
1905,Andrei Kirilenko,UTA,2007-08,Defensive Player,Elite,72,2216.9283333333333,792,339,285,86,109,140,0.506,0.379,0.77,0.603,0.546,0.159,0.104,113.6,104.8,8.9,2.04,0.062,0.105,0.176,0.084,20.60000000000001,0.2663741118284723,0.7312679710808945,0.16946138426713153,1.2998233409340292
101120,Antoine Wright,DAL,2007-08,Defensive Player,Average,56,1231.165,350,147,80,28,21,50,0.413,0.291,0.687,0.488,0.462,0.15,0.055,96.9,103.4,-6.6,1.6,0.034,0.089,0.113,0.061,22.0,-0.7757747178606614,-0.37698091009823564,-0.6329993528042486,-0.10921599668914218
201167,Arron Afflalo,DET,2007-08,Defensive Player,Very Good,75,970.3366666666668,276,137,52,31,8,34,0.411,0.208,0.782,0.494,0.432,0.144,0.073,102.9,95.8,7.1,1.53,0.038,0.104,0.086,0.071,29.60000000000001,-0.8387574139774848,-0.6316889071664724,-0.5321365955940984,0.2368765904620708
1517,Bobby Jackson,HOU,2007-08,Defensive Player,Average,72,1388.5833333333333,553,181,139,45,5,59,0.403,0.358,0.79,0.51,0.483,0.2,0.101,104.1,98.5,5.6,2.36,0.024,0.108,0.17,0.067,26.900000000000006,-0.13757158505079653,0.1603271180100042,-0.4663465551315473,0.19294565695556323
200784,Bobby Jones,DEN,2007-08,Defensive Player,Average,47,530.4233333333333,178,92,28,15,3,28,0.429,0.34,0.784,0.548,0.493,0.159,0.06,94.4,100.7,-6.4,1.0,0.056,0.119,0.092,0.088,24.700000000000003,-0.4908758233805695,-0.6862955788930873,-0.43496450867947095,-0.26739044430884573
1719,Bonzi Wells,NOH,2007-08,Defensive Player,Very Good,73,1561.246666666667,662,331,97,75,32,103,0.443,0.24,0.643,0.495,0.453,0.224,0.102,102.3,101.3,1.1,0.94,0.054,0.163,0.11,0.108,24.10000000000001,0.0309621750106559,-0.3312791176232368,0.4539860589101363,0.6124449830492723
2567,Brian Cook,ORL,2007-08,Defensive Player,Average,51,628.9283333333333,238,109,27,13,12,39,0.376,0.374,0.905,0.489,0.468,0.201,0.049,103.1,102.3,0.8,0.69,0.046,0.132,0.073,0.089,23.10000000000001,-0.4774812767278928,-0.7967106835788531,-0.37711741845248087,-0.29106347423702067
101139,CJ Miles,UTA,2007-08,Defensive Player,Average,60,689.4266666666666,297,78,53,32,8,27,0.479,0.39,0.788,0.574,0.542,0.176,0.083,111.0,102.2,8.7,1.96,0.024,0.098,0.113,0.06,23.200000000000003,-0.13195496414687427,-0.4763325758013689,-0.828822129381833,-0.12879196691643402
201147,Corey Brewer,MIN,2007-08,Defensive Player,Average,79,1802.585,459,292,111,76,25,89,0.374,0.194,0.8,0.429,0.382,0.153,0.05,99.5,108.0,-8.5,1.25,0.044,0.123,0.092,0.082,17.400000000000006,-1.0125426740635917,-0.3808811991390112,0.019273282225502883,0.15832777513440935
1749,Cuttino Mobley,LAC,2007-08,Defensive Player,Very Good,77,2701.7533333333336,984,275,202,78,34,123,0.433,0.349,0.819,0.514,0.472,0.183,0.081,100.0,108.2,-8.2,1.64,0.019,0.087,0.131,0.053,17.200000000000003,0.07166555423100812,0.17305919125554312,-0.3952841285325355,0.2583567420287853
2563,Dahntay Jones,SAC,2007-08,Defensive Player,Average,25,205.72,81,35,12,8,6,10,0.434,0.167,0.667,0.537,0.443,0.181,0.093,94.4,95.4,-1.0,1.2,0.034,0.128,0.103,0.082,30.0,-0.4626695625689196,-0.6833764533664102,-0.6626450137764734,0.001832184894551799
200789,Daniel Gibson,CLE,2007-08,Defensive Player,Average,58,1765.46,605,134,145,47,14,76,0.432,0.44,0.81,0.592,0.559,0.148,0.072,106.2,103.7,2.6,1.91,0.017,0.063,0.13,0.039,21.700000000000003,-0.01189893933658015,-0.042300867452655364,-0.9477656690948637,-0.0007987513975736826
2443,Darius Songaila,WAS,2007-08,Defensive Player,Average,80,1554.1616666666666,495,271,135,53,16,86,0.458,0.0,0.918,0.496,0.458,0.17,0.079,103.4,103.0,0.4,1.57,0.054,0.128,0.142,0.091,22.400000000000006,-0.479058191855936,-0.011685940657031393,0.07820922071065464,0.12273262677309495
2758,David Harrison,IND,2007-08,Defensive Player,Very Good,55,702.2616666666667,229,118,14,20,59,58,0.529,0.0,0.51,0.539,0.529,0.161,0.017,103.2,101.3,1.9,0.24,0.058,0.098,0.03,0.078,24.10000000000001,-0.4909140895580599,-1.0861057641706913,-0.4933732085509766,0.3157415495250741
1904,Devean George,DAL,2007-08,Defensive Player,Average,53,821.0533333333333,194,137,35,19,13,24,0.357,0.324,0.706,0.437,0.411,0.139,0.047,102.8,103.2,-0.4,1.46,0.035,0.134,0.068,0.086,22.200000000000003,-1.2603936002458078,-0.795361419674733,-0.34104178102389404,-0.2716570401486292
2067,Eddie House,BOS,2007-08,Defensive Player,Very Good,78,1480.4633333333334,584,167,152,59,10,76,0.409,0.393,0.917,0.534,0.519,0.186,0.107,104.3,96.0,8.3,2.0,0.014,0.1,0.182,0.059,29.400000000000006,-0.08048184820686323,0.27557494521940834,-0.6054110897403037,0.5354787457310494
101128,Francisco Garcia,SAC,2007-08,Defensive Player,Very Good,79,2095.95,971,264,128,96,50,128,0.463,0.391,0.779,0.576,0.538,0.204,0.093,105.1,108.2,-3.1,1.0,0.026,0.104,0.104,0.066,17.200000000000003,0.5705079860295537,-0.2509146066402539,-0.2588557869920096,0.6067406989675607
101123,Gerald Green,HOU,2007-08,Defensive Player,Average,30,361.34833333333336,153,64,29,8,4,32,0.344,0.385,0.829,0.453,0.394,0.241,0.059,94.7,99.7,-5.0,0.91,0.032,0.134,0.138,0.081,25.700000000000003,-0.4517909566420415,-0.42420383416455654,-0.5984366891548606,-0.2710478458244541
2222,Gerald Wallace,CHA,2007-08,Defensive Player,Elite,62,2375.5983333333334,1200,373,216,131,58,180,0.449,0.321,0.731,0.547,0.488,0.244,0.119,103.5,105.7,-2.2,1.2,0.025,0.137,0.159,0.081,19.700000000000003,0.8626618240890919,0.3818691631459613,0.22145729319771007,1.1972148014568147
201175,Glen Davis,BOS,2007-08,Defensive Player,Very Good,69,940.4383333333334,313,208,28,31,20,65,0.484,0.0,0.66,0.545,0.484,0.171,0.06,101.9,95.5,6.5,0.43,0.11,0.121,0.053,0.115,29.900000000000006,-0.3228275414359299,-0.9053840589548594,0.21679807325206935,0.3759125610137917
1921,Gordan Giricek,PHX,2007-08,Defensive Player,Average,56,830.7333333333333,325,96,62,24,4,52,0.44,0.364,0.885,0.518,0.5,0.188,0.072,104.3,101.0,3.3,1.19,0.02,0.092,0.115,0.057,24.400000000000006,-0.34409903663121616,-0.43198004723049,-0.8192802777898989,-0.1816471163758164
255,Grant Hill,PHX,2007-08,Defensive Player,Very Good,70,2222.096666666667,919,353,203,65,56,96,0.503,0.317,0.867,0.576,0.526,0.176,0.108,110.1,102.9,7.2,2.11,0.037,0.115,0.13,0.08,22.5,0.32803474377936914,0.17112122924296416,0.1556500672197242,0.657643009660689
2137,Ime Udoka,SAS,2007-08,Defensive Player,Very Good,73,1315.9783333333332,423,228,63,56,17,58,0.424,0.37,0.759,0.528,0.505,0.16,0.084,103.9,97.6,6.3,1.09,0.029,0.151,0.078,0.092,27.80000000000001,-0.4212245770997651,-0.6361535293000893,-0.02314640408227197,0.4812094248584174
200081,Jamario Moon,TOR,2007-08,Defensive Player,Elite,78,2165.951666666667,661,484,90,80,108,51,0.485,0.328,0.741,0.54,0.52,0.143,0.1,111.4,104.4,6.9,1.76,0.047,0.187,0.06,0.12,21.0,-0.3054288920166111,-0.6379196236254662,1.0128288338670872,1.2510395693208856
200788,James Augustine,ORL,2007-08,Defensive Player,Average,25,148.82,40,30,2,5,2,6,0.529,0.0,0.5,0.533,0.529,0.12,0.058,99.0,98.0,1.0,0.33,0.101,0.101,0.023,0.101,27.400000000000006,-0.9616562195038044,-1.1695856333831713,-0.43385847490587415,-0.22248391506138052
1899,James Posey,BOS,2007-08,Defensive Player,Very Good,74,1821.4466666666667,545,322,114,72,19,65,0.418,0.38,0.809,0.587,0.546,0.132,0.104,103.4,98.2,5.2,1.75,0.018,0.163,0.105,0.092,27.200000000000003,-0.20088326928122346,-0.29681263181807244,0.2262711827822641,0.6319733548478513
2553,Jarvis Hayes,DET,2007-08,Defensive Player,Average,82,1287.18,552,178,62,47,6,47,0.431,0.376,0.75,0.52,0.503,0.202,0.088,105.4,101.2,4.2,1.32,0.028,0.115,0.081,0.071,24.200000000000003,-0.066476407828081,-0.6229802606176758,-0.4233480736638221,0.06514822420160253
201160,Jason Smith,PHI,2007-08,Defensive Player,Very Good,76,1106.496666666667,340,230,20,22,50,48,0.455,0.286,0.659,0.491,0.461,0.156,0.06,102.7,100.5,2.2,0.42,0.068,0.146,0.028,0.106,24.900000000000006,-0.721910706183967,-1.0752629229064963,0.1605155133505827,0.29241083941364715
979,Jermaine O'Neal,IND,2007-08,Defensive Player,Very Good,42,1205.996666666667,571,283,93,20,87,106,0.439,0.0,0.742,0.489,0.439,0.246,0.098,99.4,100.9,-1.6,0.88,0.065,0.168,0.13,0.115,24.5,0.09208301042541371,-0.23364481621424527,0.4158014670269652,0.6225324116309053
2746,Josh Smith,ATL,2007-08,Defensive Player,Elite,81,2873.1666666666665,1394,667,272,123,227,245,0.457,0.253,0.71,0.52,0.468,0.245,0.124,104.4,104.7,-0.3,1.11,0.058,0.181,0.163,0.12,20.700000000000003,0.8555117214348721,0.6104024905365731,1.4983971146778332,2.8829299895190785
201153,Julian Wright,NOH,2007-08,Defensive Player,Average,57,640.0766666666667,223,117,40,29,12,34,0.533,0.417,0.635,0.581,0.562,0.162,0.106,105.0,103.8,1.2,1.18,0.055,0.135,0.1,0.096,21.60000000000001,-0.2477839805758303,-0.5971980563456903,-0.26671280965039657,-0.21341367979828352
2416,Kareem Rush,IND,2007-08,Defensive Player,Average,71,1504.2,588,168,89,42,19,62,0.401,0.389,0.714,0.5,0.49,0.184,0.07,103.1,105.8,-2.7,1.44,0.012,0.099,0.097,0.054,19.60000000000001,-0.28663444749624806,-0.4337461415558669,-0.6664559826800398,-0.12540306367772577
2586,Keith Bogans,ORL,2007-08,Defensive Player,Average,82,2197.725,711,266,104,59,10,53,0.41,0.362,0.736,0.559,0.536,0.141,0.071,109.8,103.3,6.5,1.96,0.02,0.098,0.071,0.061,22.10000000000001,-0.1753792217110762,-0.5246097584286409,-0.3172473013480806,0.10656961786968082
2570,Kendrick Perkins,BOS,2007-08,Defensive Player,Elite,78,1911.9566666666667,542,474,84,31,114,125,0.615,0.0,0.623,0.632,0.615,0.134,0.085,110.4,96.6,13.8,0.67,0.087,0.171,0.063,0.132,28.80000000000001,0.06888337716818642,-0.643144811554744,1.1391708996865981,1.2623240347481566
2030,Kenyon Martin,DEN,2007-08,Defensive Player,Very Good,71,2158.536666666667,877,461,90,88,85,91,0.538,0.182,0.58,0.553,0.539,0.175,0.091,108.0,105.7,2.3,0.99,0.05,0.156,0.062,0.105,19.700000000000003,0.15892267392416923,-0.6266843169556316,0.7607063118725815,1.0248477231923598
1716,Larry Hughes,CHI,2007-08,Defensive Player,Very Good,68,2020.185,827,230,181,99,17,116,0.381,0.345,0.798,0.468,0.423,0.217,0.077,103.7,108.6,-5.0,1.56,0.019,0.099,0.146,0.057,16.80000000000001,-0.05566510317774317,0.18005047351019787,-0.4637275475787517,0.2804466056613024
101129,Luther Head,HOU,2007-08,Defensive Player,Very Good,73,1378.7516666666668,557,135,138,44,9,70,0.432,0.351,0.815,0.543,0.515,0.19,0.102,103.5,98.6,4.9,1.97,0.014,0.084,0.163,0.05,26.80000000000001,-0.019213115282399735,0.11732385334324533,-0.8049760931597151,0.21717868252459147
2124,Malik Allen,DAL,2007-08,Defensive Player,Average,73,1095.7383333333332,338,196,44,19,31,45,0.48,0.5,0.92,0.5,0.482,0.16,0.062,101.3,102.5,-1.2,0.98,0.064,0.125,0.069,0.095,22.900000000000006,-0.642613249966855,-0.7566265444387713,-0.06983555584551993,-0.04841441555867173
201158,Marco Belinelli,GSW,2007-08,Defensive Player,Average,33,240.565,95,14,15,5,0,12,0.387,0.39,0.778,0.49,0.473,0.179,0.049,96.7,104.8,-8.1,1.25,0.01,0.044,0.099,0.026,20.60000000000001,-0.7359386431747131,-0.6948079927390642,-1.4317866050955408,-0.6422506334041428
2605,Marquis Daniels,IND,2007-08,Defensive Player,Very Good,74,1545.665,606,212,137,79,18,112,0.43,0.265,0.698,0.487,0.454,0.201,0.08,104.0,102.7,1.2,1.22,0.04,0.091,0.144,0.066,22.700000000000003,-0.22353354226525593,0.006908748657479613,-0.39683147334260405,0.4299893936902009
200772,Maurice Ager,NJN,2007-08,Defensive Player,Average,26,165.09333333333333,51,13,8,0,1,6,0.323,0.158,0.5,0.363,0.346,0.207,-0.005,95.5,105.3,-9.7,1.33,0.024,0.055,0.085,0.039,20.10000000000001,-1.288822796095255,-0.7992129786842733,-1.2688244777183622,-0.7133173216173813
1897,Metta World Peace,SAC,2007-08,Defensive Player,Very Good,57,2172.048333333333,1168,328,199,133,38,148,0.453,0.38,0.719,0.535,0.497,0.252,0.117,107.8,106.0,1.8,1.34,0.049,0.107,0.157,0.078,19.400000000000006,0.8295384803583157,0.3080791039963763,0.06383629401873164,0.9979618447571377
1720,Michael Doleac,MIN,2007-08,Defensive Player,Average,24,257.32166666666666,57,49,7,10,10,12,0.444,0.0,0.5,0.446,0.444,0.128,0.034,98.0,102.2,-4.1,0.58,0.058,0.133,0.041,0.094,23.200000000000003,-1.388258480774074,-1.0500694167429696,-0.47262186194899597,-0.33650702355315154
101153,Mickael Gelabale,SEA,2007-08,Defensive Player,Average,39,464.9616666666666,168,58,33,10,9,27,0.439,0.432,0.778,0.509,0.49,0.174,0.074,98.3,101.4,-3.0,1.22,0.033,0.085,0.113,0.059,24.0,-0.6112639936329568,-0.5499264022481343,-0.8946293553598188,-0.2996207475166222
2554,Mickael Pietrus,GSW,2007-08,Defensive Player,Very Good,66,1315.5716666666667,472,242,49,66,43,48,0.439,0.361,0.673,0.549,0.525,0.152,0.066,109.0,107.2,1.8,1.02,0.047,0.136,0.051,0.089,18.200000000000003,-0.32438387570681765,-0.8393458478555902,-0.02421806682499901,0.2838322378461973
2229,Mike James,NOH,2007-08,Defensive Player,Average,54,719.7116666666667,272,69,60,21,2,36,0.348,0.32,0.813,0.437,0.402,0.217,0.059,98.8,101.2,-2.4,1.67,0.019,0.079,0.142,0.049,24.200000000000003,-0.6331463825543481,-0.28766278983240146,-0.9928387339863036,-0.24471706820679795
2050,Morris Peterson,NOH,2007-08,Defensive Player,Average,76,1795.746666666667,608,206,67,47,7,41,0.417,0.394,0.765,0.549,0.526,0.15,0.063,111.5,105.4,6.1,1.63,0.021,0.104,0.052,0.061,20.0,-0.2409485851234868,-0.7674937507185842,-0.4764500163679972,-0.17150394700323587
970,Othella Harrington,CHA,2007-08,Defensive Player,Average,22,166.17666666666668,46,42,4,1,4,11,0.429,0.0,0.625,0.469,0.429,0.162,0.032,98.5,90.8,7.7,0.36,0.069,0.185,0.037,0.128,34.60000000000001,-1.0157913961761207,-1.0835791040496534,-0.05804726567552276,0.17933922154793555
1727,Pat Garrity,ORL,2007-08,Defensive Player,Average,31,283.92333333333335,66,44,13,6,1,17,0.338,0.216,0.8,0.401,0.388,0.157,0.024,95.4,95.7,-0.3,0.76,0.031,0.108,0.08,0.071,29.700000000000003,-1.426763289638757,-0.8089027887471681,-0.7789008038749692,-0.0871042635122854
200763,Quincy Douby,SAC,2007-08,Defensive Player,Average,74,876.49,354,83,53,30,12,59,0.394,0.344,0.923,0.495,0.457,0.202,0.064,96.3,105.0,-8.7,0.9,0.019,0.077,0.105,0.048,20.400000000000006,-0.35220230137021863,-0.5212738024807068,-0.9684310881196702,-0.2735579269193748
1952,Raja Bell,PHX,2007-08,Defensive Player,Average,75,2646.2433333333333,889,274,168,54,27,65,0.421,0.401,0.868,0.561,0.538,0.143,0.063,112.1,105.1,7.0,2.58,0.02,0.079,0.085,0.052,20.30000000000001,-0.020938675333593098,-0.21046236711015054,-0.410677161420881,0.1210012761412496
739,Rasheed Wallace,DET,2007-08,Defensive Player,Elite,77,2346.3283333333334,979,511,137,91,129,86,0.432,0.356,0.767,0.523,0.497,0.208,0.117,110.8,100.0,10.8,1.59,0.039,0.196,0.095,0.117,25.400000000000006,0.30252968700410904,-0.2683562647534645,1.046251092712009,1.8360018759246515
2446,Rasual Butler,NOH,2007-08,Defensive Player,Average,51,875.4083333333333,252,100,36,15,21,10,0.35,0.331,0.839,0.46,0.435,0.147,0.056,100.8,98.3,2.5,3.6,0.018,0.096,0.064,0.057,27.10000000000001,-1.0284997730329435,-0.8141523416920636,-0.8086667634552378,0.05573512786526624
109,Robert Horry,SAS,2007-08,Defensive Player,Average,45,582.7283333333334,112,109,47,21,19,22,0.319,0.257,0.643,0.426,0.395,0.122,0.064,97.8,97.5,0.3,2.14,0.059,0.138,0.132,0.097,27.900000000000006,-1.5068689059677671,-0.3916753103719711,-0.27520018401503843,0.14467211752859468
200760,Rodney Carney,PHI,2007-08,Defensive Player,Average,70,1038.6516666666666,409,149,32,39,23,34,0.403,0.317,0.679,0.478,0.452,0.191,0.069,103.8,101.9,1.9,0.94,0.046,0.103,0.05,0.073,23.5,-0.49026252827788047,-0.907518253670258,-0.4748167439807546,0.11312593621268797
200758,Ronnie Brewer,UTA,2007-08,Defensive Player,Very Good,76,2087.71,914,218,134,129,19,69,0.558,0.22,0.759,0.612,0.567,0.171,0.108,112.4,105.7,6.7,1.94,0.052,0.063,0.092,0.058,19.700000000000003,0.4936578920918282,-0.296248298725231,-0.4828284362780547,0.7819109794603626
101179,Ronnie Price,UTA,2007-08,Defensive Player,Very Good,61,588.4383333333334,228,46,78,32,3,30,0.431,0.347,0.684,0.516,0.495,0.188,0.078,109.0,94.1,14.9,2.6,0.014,0.068,0.202,0.041,31.30000000000001,-0.42548555541184124,0.11563085406472126,-1.1557836758480473,0.2965335809691747
101142,Ronny Turiaf,LAL,2007-08,Defensive Player,Very Good,78,1457.8183333333334,516,306,128,28,108,72,0.474,0.0,0.753,0.539,0.474,0.164,0.087,109.1,104.0,5.1,1.78,0.067,0.138,0.13,0.104,21.400000000000006,-0.26198289996543994,-0.10485561993240591,0.3366929770997832,0.7357505665484662
1739,Ruben Patterson,LAC,2007-08,Defensive Player,Average,20,326.94666666666666,102,64,17,21,7,27,0.453,0.0,0.558,0.486,0.453,0.175,0.059,100.3,103.9,-3.6,0.63,0.074,0.114,0.087,0.095,21.5,-0.783042673720423,-0.7548604501133945,-0.4200815288893365,-0.3527673708250924
2562,Sasha Pavlovic,CLE,2007-08,Defensive Player,Average,51,1188.1666666666667,379,128,82,29,6,55,0.362,0.298,0.688,0.434,0.404,0.184,0.039,98.0,101.1,-3.0,1.49,0.029,0.079,0.111,0.054,24.30000000000001,-0.8147119635927037,-0.38085683412339355,-0.7725911260266509,-0.11548084118306157
200761,Shawne Williams,IND,2007-08,Defensive Player,Average,65,966.9566666666668,437,176,59,26,26,58,0.427,0.314,0.717,0.522,0.485,0.206,0.077,101.9,102.6,-0.7,1.02,0.052,0.122,0.099,0.086,22.80000000000001,-0.10869153431176166,-0.5329015745561805,-0.23756001626094822,-0.032347662510800755
200757,Thabo Sefolosha,CHI,2007-08,Defensive Player,Very Good,69,1435.736666666667,464,255,129,61,30,93,0.428,0.33,0.721,0.497,0.462,0.171,0.088,99.3,102.1,-2.8,1.39,0.034,0.148,0.146,0.09,23.30000000000001,-0.48837579047190727,-0.011293475251392064,0.023015509067329902,0.4001472338671584
689,Theo Ratliff,DET,2007-08,Defensive Player,Average,26,436.9683333333333,111,89,14,7,37,21,0.482,0.0,0.674,0.534,0.482,0.132,0.069,100.1,100.1,0.0,0.67,0.076,0.139,0.05,0.107,25.30000000000001,-0.8168913243780472,-0.9737526974723467,-0.2008712126415411,0.028965233318826684
2754,Tony Allen,BOS,2007-08,Defensive Player,Very Good,75,1372.9283333333333,494,168,114,62,21,109,0.434,0.316,0.762,0.527,0.458,0.191,0.076,102.6,93.8,8.8,1.05,0.027,0.095,0.143,0.063,31.60000000000001,-0.14880559515672692,-0.08334180509121777,-0.5517990939379172,0.8071152236886888
2772,Trevor Ariza,LAL,2007-08,Defensive Player,Average,35,546.4966666666667,192,108,44,31,11,23,0.507,0.278,0.653,0.568,0.526,0.15,0.114,101.0,99.4,1.6,1.91,0.056,0.133,0.125,0.096,26.0,-0.4323133528642436,-0.44203795768340653,-0.290593216903384,0.05571215229307865
101144,Von Wafer,POR,2007-08,Defensive Player,Average,29,153.82666666666665,46,19,7,2,3,13,0.279,0.154,0.667,0.347,0.311,0.221,0.015,97.2,98.1,-1.0,0.54,0.007,0.105,0.079,0.059,27.30000000000001,-1.281422371094238,-0.836598590016115,-0.9981111201227646,-0.2493260073781937
200835,Walter Herrmann,DET,2007-08,Defensive Player,Average,45,372.915,153,73,18,7,1,12,0.389,0.313,0.84,0.494,0.458,0.194,0.111,97.7,100.3,-2.6,1.5,0.057,0.133,0.085,0.095,25.10000000000001,-0.5614346293603943,-0.7624160654608907,-0.396201121636349,-0.347014405801685
200821,Yakhouba Diawara,DEN,2007-08,Defensive Player,Average,54,542.1566666666666,153,62,37,8,3,16,0.41,0.318,0.71,0.518,0.489,0.127,0.044,101.5,100.6,0.9,2.31,0.04,0.064,0.098,0.052,24.80000000000001,-0.9146860588092812,-0.6194724369825396,-0.9731934211579198,-0.3340445173720785
101165,Alex Acker,LAC,2008-09,Defensive Player,Average,25,199.57833333333332,72,24,12,5,4,7,0.395,0.35,0.5,0.448,0.441,0.198,0.06,102.8,100.5,2.3,1.71,0.039,0.082,0.091,0.06,24.900000000000006,-0.8535724298896467,-0.7507882933854169,-0.9721045728997579,-0.34913567467899176
201582,Alexis Ajinca,CHA,2008-09,Defensive Player,Average,31,182.25666666666663,70,30,3,7,6,12,0.362,0.0,0.714,0.43,0.362,0.246,0.023,98.3,95.1,3.1,0.25,0.057,0.132,0.032,0.094,30.30000000000001,-0.606547240311155,-1.115347062046578,-0.5230360550386363,0.009097224471091181
1905,Andrei Kirilenko,UTA,2008-09,Defensive Player,Elite,67,1831.0733333333333,776,319,175,83,77,121,0.449,0.274,0.785,0.549,0.467,0.201,0.121,108.2,101.2,7.1,1.45,0.049,0.135,0.151,0.092,24.200000000000003,0.2535490206843705,0.18606059225075441,0.21831104703126827,1.1564972341989814
101120,Antoine Wright,DAL,2008-09,Defensive Player,Average,65,1551.8733333333332,474,136,77,46,27,54,0.415,0.302,0.747,0.501,0.468,0.154,0.04,110.9,108.4,2.5,1.43,0.021,0.071,0.071,0.046,17.0,-0.5827423514383032,-0.6239614241317741,-0.853281331794771,-0.15578005502860504
201167,Arron Afflalo,DET,2008-09,Defensive Player,Average,74,1233.825,363,134,44,28,13,43,0.437,0.402,0.817,0.548,0.508,0.137,0.05,104.7,105.3,-0.5,1.02,0.025,0.088,0.055,0.056,20.10000000000001,-0.5185138764304157,-0.8352736911276126,-0.7311915459152987,-0.30178959130777666
201575,Brandon Rush,IND,2008-09,Defensive Player,Average,75,1802.895,610,233,66,38,37,75,0.423,0.373,0.697,0.505,0.49,0.164,0.063,103.3,107.5,-4.2,0.88,0.018,0.108,0.056,0.063,17.900000000000006,-0.38859113127261335,-0.7487028287012535,-0.37932948599967414,-0.08461711095982265
201858,Cartier Martin,CHA,2008-09,Defensive Player,Average,33,265.6066666666667,86,33,13,8,4,9,0.364,0.303,0.8,0.489,0.429,0.165,0.053,106.3,102.6,3.7,1.44,0.029,0.099,0.078,0.065,22.80000000000001,-0.8506332686633787,-0.8201380954170026,-0.8845258941233689,-0.4414364034680111
2365,Chris Andersen,DEN,2008-09,Defensive Player,Elite,71,1459.631666666667,452,442,31,41,175,69,0.548,0.2,0.718,0.608,0.551,0.13,0.113,107.1,103.7,3.5,0.45,0.115,0.176,0.033,0.147,21.700000000000003,-0.162522823804489,-1.0066980516861892,1.2453575995795136,1.565944775467231
201584,Courtney Lee,ORL,2008-09,Defensive Player,Very Good,77,1938.745,646,178,91,76,14,69,0.45,0.404,0.83,0.556,0.526,0.152,0.069,107.8,101.6,6.2,1.32,0.01,0.08,0.074,0.046,23.80000000000001,-0.15888120817196297,-0.5555927856142866,-0.7418394312808294,0.42306559141742833
2788,DJ Mbenga,LAL,2008-09,Defensive Player,Very Good,23,181.31333333333333,61,31,9,10,24,13,0.474,0.0,0.875,0.504,0.474,0.174,0.071,95.5,95.0,0.5,0.69,0.047,0.113,0.078,0.081,30.400000000000006,-0.7170146103383647,-0.8348568607063557,-0.6859981824158148,0.2281711328462824
2563,Dahntay Jones,DEN,2008-09,Defensive Player,Average,79,1425.7033333333334,429,168,78,49,19,68,0.458,0.647,0.728,0.533,0.475,0.148,0.043,103.8,105.5,-1.7,1.15,0.044,0.079,0.083,0.062,19.900000000000006,-0.47615578726871816,-0.5528698927904291,-0.5645387482425974,-0.035247120594691636
2863,Damien Wilkins,OKC,2008-09,Defensive Player,Average,41,635.9933333333333,218,70,37,22,7,37,0.362,0.375,0.804,0.467,0.425,0.182,0.052,93.9,105.5,-11.5,1.0,0.03,0.092,0.103,0.058,19.900000000000006,-0.7567792110410796,-0.5913841703079534,-0.8755284666605158,-0.4364134879659842
200789,Daniel Gibson,CLE,2008-09,Defensive Player,Average,75,1794.51,586,155,132,44,16,61,0.391,0.382,0.767,0.519,0.493,0.16,0.064,107.9,101.6,6.2,2.16,0.018,0.069,0.119,0.044,23.80000000000001,-0.3551351270548671,-0.1519310413271424,-0.8283464473144915,0.11173690539759144
2032,Darius Miles,MEM,2008-09,Defensive Player,Average,34,297.57166666666666,120,57,17,11,20,21,0.485,0.167,0.742,0.533,0.49,0.201,0.109,89.2,102.0,-12.9,0.81,0.068,0.137,0.116,0.102,23.400000000000006,-0.31100525775591736,-0.5919485034007949,-0.3494775988422315,-0.21322008557421365
2443,Darius Songaila,WAS,2008-09,Defensive Player,Average,77,1521.263333333333,566,227,94,64,20,74,0.532,0.0,0.889,0.57,0.532,0.168,0.081,102.7,107.4,-4.7,1.27,0.052,0.108,0.101,0.08,18.0,-0.019399902842981542,-0.3928770716045067,-0.17867563432210076,0.018656904889004733
2753,Delonte West,CLE,2008-09,Defensive Player,Very Good,64,2151.64,751,203,226,94,13,92,0.457,0.399,0.833,0.559,0.53,0.166,0.098,112.7,97.9,14.8,2.46,0.016,0.08,0.162,0.05,27.5,0.03647878716562201,0.4355190363740956,-0.6245463494704763,0.8168449579871296
2046,Desmond Mason,OKC,2008-09,Defensive Player,Average,39,1064.4566666666667,294,157,46,15,30,56,0.435,0.0,0.541,0.456,0.435,0.155,0.043,101.7,104.3,-2.6,0.82,0.039,0.107,0.065,0.074,21.10000000000001,-0.9625178061968844,-0.7717377751337637,-0.44085006100675195,-0.20573574640409645
2484,Devin Brown,NOH,2008-09,Defensive Player,Average,63,869.12,328,119,54,32,5,54,0.355,0.289,0.78,0.459,0.399,0.221,0.063,100.3,100.1,0.2,1.0,0.038,0.108,0.112,0.073,25.30000000000001,-0.43769431766482353,-0.4782705378139478,-0.5544181014907128,-0.03575954132169571
201590,Donte Greene,SAC,2008-09,Defensive Player,Average,55,725.3633333333333,209,86,30,16,14,37,0.326,0.26,0.853,0.416,0.381,0.173,0.029,96.5,107.9,-11.5,0.81,0.025,0.093,0.067,0.058,17.5,-1.1207482363367764,-0.8193775296213415,-0.8330744093218714,-0.5687706376931546
101128,Francisco Garcia,SAC,2008-09,Defensive Player,Very Good,65,1975.2983333333332,824,218,150,80,67,112,0.444,0.398,0.82,0.554,0.51,0.191,0.085,102.3,112.8,-10.5,1.34,0.028,0.086,0.132,0.056,12.600000000000009,0.2435470297757437,-0.01266710417112956,-0.5083077448874154,0.34268427477909086
201172,Gabe Pruitt,BOS,2008-09,Defensive Player,Average,47,366.09833333333336,93,43,39,15,3,19,0.307,0.292,0.81,0.422,0.376,0.157,0.064,95.3,94.4,0.8,2.05,0.024,0.092,0.181,0.058,31.0,-1.2872240082286333,-0.14584782753973313,-0.9471696884194782,0.1027640085030203
201588,George Hill,SAS,2008-09,Defensive Player,Very Good,77,1269.8033333333333,438,158,136,45,21,74,0.403,0.329,0.781,0.502,0.435,0.189,0.078,101.6,99.5,2.1,1.84,0.025,0.105,0.183,0.065,25.900000000000006,-0.34676930452529797,0.22231753739691332,-0.5528535711652093,0.29607040595522105
2222,Gerald Wallace,CHA,2008-09,Defensive Player,Elite,71,2669.2716666666665,1182,553,189,121,67,148,0.48,0.298,0.804,0.585,0.504,0.202,0.139,103.7,102.5,1.2,1.28,0.046,0.176,0.12,0.112,22.900000000000006,0.7594872723140006,0.06342901738105607,1.0939947217025492,1.3726733082597569
255,Grant Hill,PHX,2008-09,Defensive Player,Very Good,82,2444.79,985,405,186,90,54,126,0.523,0.316,0.808,0.584,0.54,0.173,0.102,113.1,109.2,3.9,1.48,0.03,0.137,0.107,0.087,16.200000000000003,0.3994094166995416,-0.02063954993988268,0.3828033337030806,0.5262877023004764
200756,Hilton Armstrong,NOH,2008-09,Defensive Player,Average,70,1092.006666666667,338,195,29,26,45,80,0.561,0.0,0.633,0.585,0.561,0.163,0.05,100.4,103.3,-2.9,0.36,0.081,0.117,0.045,0.099,22.10000000000001,-0.134661226555011,-0.9466455943118589,-0.021530317210463973,0.11875588101292524
2137,Ime Udoka,SAS,2008-09,Defensive Player,Very Good,67,1035.3416666666667,289,187,54,36,12,38,0.383,0.328,0.609,0.47,0.455,0.153,0.079,102.8,97.0,5.8,1.42,0.027,0.157,0.083,0.092,28.400000000000006,-0.9007190081480488,-0.6411824845265475,-0.13193492601254833,0.2586476511065173
200755,JJ Redick,ORL,2008-09,Defensive Player,Average,64,1110.6416666666669,382,109,73,21,1,54,0.391,0.374,0.871,0.562,0.503,0.156,0.076,106.1,101.3,4.8,1.35,0.007,0.088,0.105,0.049,24.10000000000001,-0.2856773806695306,-0.4476799760339414,-0.8867035906396925,-0.2607099997148204
200081,Jamario Moon,MIA,2008-09,Defensive Player,Very Good,80,2068.2233333333334,577,365,95,86,60,43,0.468,0.355,0.85,0.567,0.537,0.126,0.095,106.1,105.6,0.5,2.21,0.031,0.152,0.07,0.094,19.80000000000001,-0.3360801199041532,-0.5633446336646024,0.3658457704892316,0.7570638647438735
2592,James Jones,MIA,2008-09,Defensive Player,Average,40,629.6983333333334,169,62,20,12,14,12,0.369,0.344,0.839,0.52,0.48,0.128,0.048,106.6,104.2,2.4,1.67,0.019,0.087,0.049,0.051,21.200000000000003,-0.8843921214324988,-0.9572922028732345,-0.9859330754626001,-0.3928237917632427
2407,Jared Jeffries,NYK,2008-09,Defensive Player,Average,56,1309.6966666666667,296,231,80,47,33,65,0.44,0.083,0.611,0.473,0.441,0.124,0.043,104.0,107.3,-3.3,1.23,0.095,0.082,0.088,0.089,18.10000000000001,-1.0908123368841978,-0.5174222434711664,-0.053405231245317056,-0.020083765517404633
2553,Jarvis Hayes,NJN,2008-09,Defensive Player,Average,74,1831.8133333333333,644,267,54,52,7,49,0.445,0.385,0.692,0.537,0.527,0.163,0.08,104.4,104.3,0.1,1.1,0.015,0.135,0.05,0.076,21.10000000000001,-0.18843139117656701,-0.826565044578816,-0.1234991081942109,-0.055066989757222885
201570,Joe Alexander,MIL,2008-09,Defensive Player,Average,59,716.3883333333333,278,115,42,15,29,52,0.416,0.348,0.699,0.494,0.449,0.197,0.051,103.3,104.7,-1.4,0.81,0.059,0.107,0.094,0.082,20.700000000000003,-0.4493295667041366,-0.6235445937105172,-0.4503747270832512,-0.23935508042697032
2746,Josh Smith,ATL,2008-09,Defensive Player,Elite,69,2420.525,1073,498,169,94,111,161,0.492,0.299,0.588,0.533,0.508,0.224,0.108,109.2,106.1,3.1,1.05,0.059,0.155,0.116,0.108,19.30000000000001,0.5446207616396267,-0.032635422405378145,0.8971002823822376,1.3265680948823166
201153,Julian Wright,NOH,2008-09,Defensive Player,Average,54,771.55,237,152,43,35,19,43,0.466,0.095,0.567,0.479,0.47,0.178,0.095,101.0,100.8,0.1,1.0,0.067,0.139,0.094,0.105,24.60000000000001,-0.7037488751651271,-0.6198649023881788,-0.05918767047998921,0.09584077100160344
2586,Keith Bogans,MIL,2008-09,Defensive Player,Average,65,1272.0516666666667,364,202,64,43,4,41,0.367,0.339,0.912,0.521,0.481,0.136,0.073,106.8,103.0,3.8,1.56,0.024,0.135,0.077,0.079,22.400000000000006,-0.6794866870325588,-0.6380914913126683,-0.257749753218413,-0.10229057064689469
2030,Kenyon Martin,DEN,2008-09,Defensive Player,Elite,66,2110.523333333333,769,395,132,96,74,104,0.491,0.368,0.604,0.523,0.502,0.178,0.092,108.4,104.3,4.0,1.27,0.041,0.151,0.099,0.098,21.10000000000001,-0.06852605058429086,-0.26428410802548696,0.4964057452179112,1.0787030677343614
2594,Kyle Korver,UTA,2008-09,Defensive Player,Very Good,78,1874.3033333333333,705,258,137,47,30,90,0.438,0.386,0.882,0.572,0.529,0.164,0.092,107.0,102.5,4.5,1.52,0.02,0.123,0.116,0.073,22.900000000000006,0.0629929428119393,-0.1503855447202027,-0.1855984783612393,0.23158628271098994
201602,Kyle Weaver,OKC,2008-09,Defensive Player,Average,56,1165.6983333333333,299,130,101,47,25,69,0.459,0.344,0.707,0.551,0.524,0.126,0.067,102.2,104.3,-2.0,1.46,0.028,0.087,0.128,0.058,21.10000000000001,-0.628040102159595,-0.2154425923053736,-0.7163257516405991,0.07524054760652288
2736,Luol Deng,CHI,2008-09,Defensive Player,Average,49,1665.2283333333332,690,295,94,60,25,72,0.448,0.4,0.796,0.511,0.455,0.198,0.103,105.0,105.5,-0.6,1.31,0.048,0.129,0.09,0.089,19.900000000000006,-0.047697609333185176,-0.4546712582885962,0.11641099810926069,0.1394326557451748
2124,Malik Allen,MIL,2008-09,Defensive Player,Average,49,578.625,156,103,35,7,12,20,0.429,0.0,0.476,0.435,0.429,0.155,0.04,101.1,102.0,-1.0,1.75,0.058,0.123,0.099,0.089,23.400000000000006,-1.182104619026368,-0.621214166292299,-0.3930376899544725,-0.33560524935204167
2060,Marko Jaric,MEM,2008-09,Defensive Player,Very Good,53,604.705,136,65,74,29,11,49,0.331,0.393,0.707,0.417,0.369,0.159,0.047,99.5,93.7,5.8,1.51,0.042,0.072,0.196,0.058,31.700000000000003,-1.2701613210494733,0.06720616876586477,-0.8887953595788421,0.3698910741986195
2605,Marquis Daniels,IND,2008-09,Defensive Player,Average,54,1700.3733333333332,733,248,114,62,26,94,0.451,0.2,0.721,0.491,0.464,0.209,0.084,105.5,105.4,0.1,1.21,0.046,0.099,0.106,0.072,20.0,-0.05051362661359656,-0.2911949784831552,-0.22487191850257238,0.17614831312982107
2679,Matt Carroll,DAL,2008-09,Defensive Player,Average,55,615.5233333333333,164,69,27,21,6,33,0.38,0.245,0.84,0.451,0.418,0.153,0.038,92.3,102.3,-10.0,0.82,0.011,0.108,0.078,0.058,23.10000000000001,-1.099495812460206,-0.7686224169042668,-0.878181845244181,-0.26887735474896035
1723,Matt Harpring,UTA,2008-09,Defensive Player,Average,63,693.47,277,123,28,29,9,29,0.461,0.0,0.764,0.508,0.461,0.196,0.082,102.9,98.4,4.6,0.97,0.072,0.121,0.072,0.096,27.0,-0.37732569086413853,-0.798648645591432,-0.25079253814840485,0.07350917345981234
200772,Maurice Ager,NJN,2008-09,Defensive Player,Average,20,97.31666666666666,34,10,3,1,2,4,0.349,0.0,0.5,0.365,0.349,0.229,-0.024,90.0,92.5,-2.5,0.75,0.028,0.069,0.071,0.048,32.900000000000006,-1.1285966501136617,-0.8962585819848059,-1.1621277247272355,0.059221345957635986
2230,Maurice Evans,ATL,2008-09,Defensive Player,Average,80,1840.17,574,243,54,50,10,43,0.432,0.395,0.822,0.558,0.533,0.138,0.065,105.3,106.6,-1.3,1.26,0.05,0.085,0.047,0.068,18.80000000000001,-0.3018556077503794,-0.8434180045835677,-0.2890974286396198,-0.18057307623848493
2408,Melvin Ely,NOH,2008-09,Defensive Player,Average,31,373.0633333333333,97,64,18,2,9,23,0.389,0.0,0.639,0.438,0.389,0.174,0.018,97.9,102.7,-4.9,0.78,0.085,0.093,0.087,0.089,22.700000000000003,-1.068410638166865,-0.7511807587910562,-0.4965194547174183,-0.4588927285874708
1897,Metta World Peace,HOU,2008-09,Defensive Player,Very Good,69,2451.8216666666667,1181,359,229,105,24,140,0.401,0.399,0.748,0.512,0.475,0.243,0.11,107.5,100.8,6.7,1.64,0.028,0.12,0.162,0.075,24.60000000000001,0.6415257452322344,0.4465581103411104,0.10787206719831433,0.8717234966988016
2554,Mickael Pietrus,ORL,2008-09,Defensive Player,Average,54,1328.6966666666667,510,176,65,31,24,56,0.413,0.359,0.709,0.538,0.507,0.18,0.074,105.8,100.5,5.3,1.16,0.034,0.101,0.082,0.067,24.900000000000006,-0.15489961672883545,-0.6063235333157437,-0.4796134480498737,0.12260904177856898
201165,Morris Almond,UTA,2008-09,Defensive Player,Average,25,254.58166666666668,92,36,7,4,4,16,0.407,0.294,0.808,0.498,0.438,0.185,0.052,89.6,99.4,-9.8,0.44,0.037,0.101,0.054,0.07,26.0,-0.6484389079632046,-0.9770399233890457,-0.8128674868489716,-0.2948668950628512
201587,Nicolas Batum,POR,2008-09,Defensive Player,Very Good,79,1453.7716666666668,426,220,74,50,40,50,0.446,0.369,0.808,0.555,0.532,0.138,0.07,113.2,104.7,8.5,1.48,0.064,0.107,0.073,0.085,20.700000000000003,-0.4257382582505819,-0.6237651914289545,-0.13355101288435617,0.23458472644774517
200753,Patrick O'Bryant,TOR,2008-09,Defensive Player,Average,39,254.975,101,66,11,6,19,22,0.536,0.0,0.55,0.544,0.536,0.187,0.068,94.4,94.0,0.4,0.5,0.051,0.201,0.072,0.127,31.400000000000006,-0.3643009381307491,-0.8612033980711825,-0.007105833972236519,0.19489303612717465
2624,Quinton Ross,MEM,2008-09,Defensive Player,Average,68,1164.138333333333,265,126,47,32,14,36,0.382,0.375,0.81,0.478,0.446,0.122,0.043,97.8,100.2,-2.4,1.31,0.026,0.086,0.065,0.056,25.200000000000003,-1.0992212368828864,-0.7680580838114255,-0.7524185745846208,0.04942216720100623
2446,Rasual Butler,NOH,2008-09,Defensive Player,Very Good,82,2613.525,922,271,75,51,61,59,0.433,0.39,0.782,0.541,0.521,0.166,0.072,106.5,106.4,0.2,1.27,0.021,0.09,0.047,0.056,19.0,0.05687960284099738,-0.7661444868144641,-0.3676786799531557,0.3575298858664256
200760,Rodney Carney,MIN,2008-09,Defensive Player,Average,67,1198.75,481,126,26,45,29,43,0.416,0.35,0.758,0.532,0.509,0.182,0.07,100.7,106.2,-5.5,0.6,0.029,0.078,0.038,0.053,19.200000000000003,-0.19547718883507761,-0.9970082416232942,-0.7906375374986618,-0.01664620485186611
200758,Ronnie Brewer,UTA,2008-09,Defensive Player,Very Good,81,2604.6783333333333,1111,300,179,138,30,110,0.508,0.259,0.702,0.565,0.522,0.184,0.1,109.0,107.3,1.6,1.63,0.041,0.082,0.105,0.062,18.10000000000001,0.462166296953298,-0.05763269586608502,-0.21429277519878082,0.892447869859764
101142,Ronny Turiaf,GSW,2008-09,Defensive Player,Very Good,79,1695.6833333333334,470,360,166,34,168,70,0.508,0.0,0.79,0.559,0.508,0.125,0.087,109.1,110.6,-1.5,2.37,0.054,0.153,0.143,0.106,14.800000000000011,-0.46630382728162223,0.10800214367037214,0.5054547292270688,1.0171857290359727
2767,Royal Ivey,PHI,2008-09,Defensive Player,Average,71,860.7416666666667,211,76,43,36,7,23,0.332,0.342,0.791,0.465,0.425,0.127,0.041,99.9,109.4,-9.5,1.87,0.022,0.072,0.081,0.046,16.0,-1.1758888395067828,-0.6928943957421029,-1.0124840468146876,-0.5204976395226774
200797,Ryan Hollins,DAL,2008-09,Defensive Player,Average,45,444.3716666666666,143,97,7,7,32,24,0.532,0.0,0.597,0.569,0.532,0.154,0.053,103.2,99.4,3.8,0.29,0.11,0.112,0.024,0.111,26.0,-0.43265018605790645,-1.1455695234365626,-0.12868556675349768,0.019506185838115142
2562,Sasha Pavlovic,CLE,2008-09,Defensive Player,Average,66,1052.993333333333,305,127,72,22,16,48,0.422,0.41,0.463,0.51,0.509,0.151,0.049,106.9,102.6,4.3,1.5,0.031,0.093,0.107,0.063,22.80000000000001,-0.6751201412664521,-0.4401243606864452,-0.6605876158681936,-0.1749677542947737
2756,Sasha Vujacic,LAL,2008-09,Defensive Player,Very Good,80,1292.475,461,135,113,77,7,35,0.387,0.363,0.921,0.531,0.488,0.153,0.08,102.9,101.1,1.8,3.23,0.014,0.09,0.13,0.051,24.30000000000001,-0.42791168353758496,-0.16005098976747992,-0.7922364388550349,0.3919820438589839
200757,Thabo Sefolosha,OKC,2008-09,Defensive Player,Very Good,66,1453.1416666666669,389,242,111,75,45,64,0.426,0.276,0.836,0.5,0.459,0.136,0.089,100.1,104.4,-4.3,1.73,0.037,0.134,0.118,0.085,21.0,-0.781526223993974,-0.23482221243116327,-0.07517668404372006,0.5618325224357568
201152,Thaddeus Young,PHI,2008-09,Defensive Player,Very Good,75,2579.735,1145,377,86,100,23,118,0.495,0.341,0.735,0.549,0.524,0.202,0.099,106.0,102.6,3.4,0.73,0.056,0.098,0.057,0.077,22.80000000000001,0.5269734585482008,-0.669491348919571,0.18111219031364992,0.704040802915065
2754,Tony Allen,BOS,2008-09,Defensive Player,Very Good,46,887.3016666666666,359,104,66,54,23,77,0.482,0.222,0.725,0.541,0.493,0.203,0.097,103.0,96.9,6.1,0.86,0.026,0.094,0.133,0.061,28.5,-0.07826940932892522,-0.3161435219126268,-0.7470946319018554,0.5623197555348799
2772,Trevor Ariza,LAL,2008-09,Defensive Player,Elite,82,1998.8866666666668,729,352,145,137,24,87,0.46,0.319,0.71,0.544,0.511,0.163,0.101,109.3,102.1,7.2,1.67,0.056,0.121,0.106,0.088,23.30000000000001,-0.08711097856354087,-0.1771245474906689,0.2549139230735012,1.1269060331604304
200748,Tyrus Thomas,CHI,2008-09,Defensive Player,Elite,79,2174.795,857,508,77,91,151,129,0.451,0.333,0.783,0.525,0.453,0.193,0.099,103.2,107.0,-3.9,0.6,0.069,0.169,0.057,0.119,18.400000000000006,0.11617735877605713,-0.7026085708206153,1.0637702655703736,1.647303358645729
2209,Vladimir Radmanovic,CHA,2008-09,Defensive Player,Average,78,1445.13,540,222,81,46,15,98,0.421,0.401,0.741,0.549,0.533,0.18,0.077,107.6,104.8,2.8,0.83,0.032,0.125,0.087,0.079,20.60000000000001,-0.07037225054933817,-0.5193602054837454,-0.20468218154510745,-0.06567279288726559
201163,Wilson Chandler,NYK,2008-09,Defensive Player,Very Good,82,2734.7883333333334,1184,445,170,71,75,139,0.432,0.328,0.795,0.515,0.481,0.201,0.081,105.6,109.2,-3.6,1.22,0.032,0.132,0.098,0.08,16.200000000000003,0.3533815539328622,-0.13007349111155003,0.3997608969169297,0.5418885505370726
200821,Yakhouba Diawara,MIA,2008-09,Defensive Player,Average,63,850.49,213,82,27,13,6,16,0.35,0.313,0.526,0.473,0.468,0.132,0.033,100.4,103.8,-3.4,1.69,0.031,0.068,0.053,0.049,21.60000000000001,-1.0921038417010835,-0.9090637502771977,-0.9583448123986551,-0.43990027082970967
1905,Andrei Kirilenko,UTA,2009-10,Defensive Player,Elite,58,1680.5733333333333,688,264,158,83,71,79,0.506,0.292,0.744,0.588,0.533,0.175,0.124,107.3,100.5,6.8,2.0,0.049,0.112,0.143,0.082,24.900000000000006,0.22273929292185224,0.078564613091666,-0.05502131811712488,1.1369207227151983
201167,Arron Afflalo,DEN,2009-10,Defensive Player,Average,82,2220.9966666666664,724,252,138,46,30,74,0.465,0.434,0.735,0.576,0.557,0.139,0.065,109.0,104.8,4.2,1.86,0.027,0.087,0.093,0.057,20.60000000000001,-0.08344713428381034,-0.27591188010096074,-0.4053532187381156,0.08608916715882227
2250,Bobby Simmons,NJN,2009-10,Defensive Player,Average,23,394.6816666666667,122,63,15,15,3,19,0.359,0.317,0.9,0.485,0.444,0.162,0.056,92.1,98.4,-6.4,0.79,0.026,0.14,0.065,0.079,27.0,-0.8695034981252782,-0.88580820612625,-0.6265693763478866,-0.13225469169498996
201575,Brandon Rush,IND,2009-10,Defensive Player,Very Good,82,2490.918333333333,774,346,112,56,65,93,0.423,0.411,0.629,0.522,0.511,0.147,0.07,101.2,104.3,-3.1,1.2,0.016,0.119,0.07,0.067,21.10000000000001,-0.2975727861228265,-0.5007898811848519,-0.028539088826776554,0.5731913741742313
201228,C.J. Watson,GSW,2009-10,Defensive Player,Very Good,65,1787.945,667,169,180,103,8,69,0.468,0.31,0.771,0.555,0.51,0.157,0.09,106.7,106.3,0.4,2.61,0.015,0.08,0.143,0.047,19.10000000000001,-0.11285220648702055,0.15951782218310787,-0.7529801842291366,0.3659706340007533
101139,CJ Miles,UTA,2009-10,Defensive Player,Average,63,1496.985,622,168,105,58,17,81,0.429,0.341,0.695,0.515,0.495,0.198,0.06,109.6,103.7,5.9,1.3,0.029,0.088,0.104,0.058,21.700000000000003,-0.07386559187889123,-0.335547507054034,-0.6154973654613185,0.1435286329330752
2568,Carlos Delfino,MIL,2009-10,Defensive Player,Very Good,75,2279.4,825,394,202,80,21,119,0.408,0.367,0.782,0.526,0.5,0.18,0.103,104.1,101.7,2.5,1.7,0.022,0.165,0.14,0.09,23.700000000000003,0.0036518623276420117,0.2236180712697982,0.39183513219680344,0.529457823687233
2406,Caron Butler,DAL,2009-10,Defensive Player,Very Good,74,2783.61,1206,461,156,116,24,160,0.428,0.29,0.838,0.507,0.448,0.216,0.095,104.8,105.7,-0.9,0.98,0.038,0.132,0.092,0.085,19.700000000000003,0.43331377177487335,-0.21529508963378913,0.5059132257789757,0.69780058127767
2294,Charlie Bell,MIL,2009-10,Defensive Player,Average,71,1610.94,459,132,104,39,12,54,0.381,0.365,0.716,0.486,0.464,0.145,0.048,101.8,99.6,2.2,1.93,0.018,0.066,0.097,0.041,25.80000000000001,-0.7452069670315552,-0.3785507717207929,-0.9275931176528336,0.1369695847927468
201604,Chris Douglas-Roberts,NJN,2009-10,Defensive Player,Average,67,1729.8766666666668,657,198,93,55,19,97,0.445,0.259,0.847,0.512,0.457,0.193,0.081,96.0,106.8,-10.9,0.96,0.026,0.096,0.099,0.06,18.60000000000001,-0.10238039819859884,-0.40779206959667935,-0.5104166993419997,-0.04946002052917319
201147,Corey Brewer,MIN,2009-10,Defensive Player,Very Good,82,2481.978333333333,1066,279,193,117,29,164,0.431,0.346,0.648,0.502,0.474,0.212,0.067,100.4,110.6,-10.2,1.18,0.028,0.088,0.122,0.057,14.800000000000011,0.2744833120658157,0.0893830893402436,-0.3337119969791531,0.47085135648878246
201584,Courtney Lee,NJN,2009-10,Defensive Player,Average,71,2375.02,885,252,121,93,20,76,0.436,0.338,0.869,0.525,0.485,0.174,0.08,101.6,110.3,-8.7,1.59,0.026,0.089,0.086,0.056,15.100000000000009,-0.0027196303586066173,-0.37779020592513196,-0.4180928730427959,0.14874787245649398
2788,DJ Mbenga,LAL,2009-10,Defensive Player,Average,49,355.095,105,87,8,5,29,15,0.466,0.0,0.474,0.471,0.466,0.16,0.065,96.9,99.9,-2.9,0.53,0.086,0.147,0.037,0.117,25.5,-0.9764495009289984,-1.0688603387603002,-0.07878142676206856,-0.06094626957247754
201969,DaJuan Summers,DET,2009-10,Defensive Player,Average,44,405.1233333333333,134,45,16,8,7,16,0.354,0.357,0.711,0.457,0.412,0.178,0.03,93.8,104.9,-11.1,1.0,0.033,0.084,0.07,0.057,20.5,-0.9038130115874768,-0.8540402481293257,-0.9546025855568281,-0.5462197640726502
201161,Daequan Cook,MIA,2009-10,Defensive Player,Average,45,691.195,223,82,43,14,10,24,0.32,0.317,0.84,0.422,0.399,0.189,0.058,95.5,98.1,-2.6,1.79,0.013,0.104,0.109,0.058,27.30000000000001,-0.9592192210480318,-0.5356001023644205,-0.8436879236565324,-0.054167404096942796
2563,Dahntay Jones,IND,2009-10,Defensive Player,Average,76,1891.765,776,229,150,40,39,129,0.461,0.125,0.77,0.527,0.464,0.198,0.069,98.9,104.4,-5.5,1.16,0.025,0.093,0.133,0.059,21.0,0.10580177803471706,-0.007049450836212327,-0.44090161755305646,0.1384800355764039
2863,Damien Wilkins,MIN,2009-10,Defensive Player,Average,80,1585.1666666666667,451,249,135,66,25,76,0.433,0.295,0.798,0.515,0.457,0.137,0.075,100.5,108.7,-8.1,1.78,0.044,0.113,0.126,0.078,16.700000000000003,-0.6437314651252504,-0.10156839401570698,-0.14578061409082527,0.013585873216638048
2429,Dan Gadzuric,MIL,2009-10,Defensive Player,Very Good,32,313.92833333333334,88,92,12,9,13,15,0.438,0.0,0.4,0.44,0.438,0.155,0.054,97.3,91.3,6.0,0.8,0.108,0.177,0.061,0.14,34.10000000000001,-1.2025550653694994,-0.9193178934329338,0.2274975151639047,0.3239099635573324
201980,Danny Green,CLE,2009-10,Defensive Player,Average,20,114.81333333333332,40,17,5,6,3,5,0.385,0.273,0.667,0.48,0.462,0.174,0.067,96.6,104.3,-7.7,1.0,0.071,0.075,0.074,0.073,21.10000000000001,-0.8693796067659765,-0.8720462393353776,-0.8250627170245711,-0.5721595409318619
2443,Darius Songaila,NOH,2009-10,Defensive Player,Average,75,1409.7033333333334,543,232,70,62,14,81,0.494,0.167,0.811,0.522,0.495,0.194,0.069,104.3,106.7,-2.4,0.86,0.044,0.137,0.081,0.09,18.700000000000003,-0.12009553232299292,-0.5935427300389697,-0.03801219835697148,-0.02164233247140236
201616,Darnell Jackson,MIL,2009-10,Defensive Player,Average,28,122.37833333333332,23,22,4,2,4,13,0.3,0.25,0.667,0.352,0.317,0.166,-0.023,84.8,104.0,-19.2,0.31,0.08,0.096,0.056,0.089,21.400000000000006,-1.6720476290492154,-0.9768436906862261,-0.60796135523136,-0.5858611261671866
965,Derek Fisher,LAL,2009-10,Defensive Player,Very Good,82,2227.465,615,170,201,90,9,78,0.38,0.348,0.856,0.499,0.45,0.137,0.054,110.0,102.6,7.4,2.58,0.012,0.065,0.125,0.039,22.80000000000001,-0.6169436195666677,0.13567357992370144,-0.8522440400829137,0.45878267748893026
201974,Derrick Brown,CHA,2009-10,Defensive Player,Average,57,535.4066666666666,186,78,19,21,10,19,0.463,0.286,0.667,0.52,0.469,0.165,0.076,98.8,98.3,0.4,1.0,0.062,0.087,0.061,0.075,27.10000000000001,-0.6012747532129764,-0.8935600541765659,-0.6377273148116286,0.006611201461340051
1904,Devean George,GSW,2009-10,Defensive Player,Average,45,760.6883333333334,242,114,32,41,10,15,0.432,0.39,0.696,0.56,0.549,0.13,0.064,110.9,109.4,1.6,2.13,0.027,0.123,0.057,0.074,16.0,-0.5884058371863098,-0.8681946803258374,-0.5549453401043589,-0.43833843282190016
2484,Devin Brown,CHI,2009-10,Defensive Player,Average,50,1059.9916666666666,399,124,65,33,6,62,0.377,0.354,0.802,0.5,0.457,0.192,0.062,103.2,104.1,-0.8,1.05,0.026,0.089,0.095,0.057,21.30000000000001,-0.3643677390739633,-0.5332940399618198,-0.7449856774472711,-0.2502994145783215
201590,Donte Greene,SAC,2009-10,Defensive Player,Average,76,1630.1566666666668,647,234,71,41,53,93,0.441,0.377,0.643,0.526,0.504,0.189,0.07,102.0,106.4,-4.4,0.76,0.033,0.112,0.067,0.072,19.0,-0.05882830893696945,-0.6685101854054726,-0.2620192186738863,0.17297654445872604
2748,Dorell Wright,MIA,2009-10,Defensive Player,Very Good,72,1495.97,510,235,91,52,32,53,0.463,0.389,0.884,0.567,0.536,0.152,0.113,101.9,101.1,0.8,1.72,0.035,0.129,0.102,0.082,24.30000000000001,-0.19406456465565236,-0.3982984922366043,-0.13196929704341792,0.38588457047799857
201947,Earl Clark,PHX,2009-10,Defensive Player,Average,51,383.39,140,62,21,7,13,23,0.371,0.4,0.722,0.42,0.377,0.208,0.06,101.5,105.3,-3.7,0.91,0.047,0.109,0.093,0.079,20.10000000000001,-0.8914204955623438,-0.7064357648145381,-0.6292227549315519,-0.5193782130123274
2067,Eddie House,NYK,2009-10,Defensive Player,Average,68,1216.7733333333333,473,109,85,40,7,47,0.38,0.348,0.923,0.495,0.467,0.192,0.075,101.5,101.0,0.4,1.81,0.011,0.081,0.115,0.046,24.400000000000006,-0.339590399140596,-0.34734714681670986,-0.9249225535537335,0.014487082646392202
1882,Elton Brand,PHI,2009-10,Defensive Player,Very Good,76,2297.12,996,461,109,82,80,131,0.48,0.0,0.738,0.518,0.48,0.214,0.091,105.2,107.0,-1.8,0.83,0.082,0.131,0.078,0.107,18.400000000000006,0.3301244302162682,-0.4668877284725289,0.7861856204819421,0.8357111479827722
201945,Gerald Henderson,CHA,2009-10,Defensive Player,Average,43,355.025,113,55,13,10,9,14,0.356,0.211,0.745,0.453,0.375,0.172,0.078,93.5,95.0,-1.5,0.93,0.042,0.11,0.071,0.076,30.400000000000006,-0.98575017634963,-0.8594616687614233,-0.6860153679312497,0.07640917280019455
200081,Jamario Moon,CLE,2009-10,Defensive Player,Very Good,61,1052.17,296,191,49,34,30,23,0.462,0.32,0.8,0.555,0.526,0.124,0.101,104.4,99.8,4.5,2.13,0.026,0.149,0.073,0.091,25.60000000000001,-0.6219743682730919,-0.7157574744874111,-0.13406106598256756,0.25552618714659187
201935,James Harden,OKC,2009-10,Defensive Player,Very Good,76,1738.36,753,244,137,80,20,106,0.403,0.375,0.808,0.551,0.484,0.199,0.097,104.8,99.9,4.9,1.29,0.028,0.111,0.13,0.071,25.5,0.23375670353160596,-0.0717383980313615,-0.2482250871419138,0.6250987747732649
201949,James Johnson,CHI,2009-10,Defensive Player,Average,65,757.1766666666666,256,128,48,21,43,62,0.452,0.326,0.729,0.532,0.488,0.174,0.058,94.9,103.0,-8.1,0.77,0.044,0.123,0.104,0.083,22.400000000000006,-0.4162995549836214,-0.5452899124273153,-0.4031411511909223,0.06434054083007112
2592,James Jones,MIA,2009-10,Defensive Player,Average,36,503.4816666666667,146,45,17,11,4,11,0.361,0.411,0.821,0.556,0.517,0.127,0.057,99.7,101.9,-2.2,1.55,0.008,0.082,0.056,0.045,23.5,-0.7024677256333932,-0.9290077034958286,-1.1074784372129916,-0.36922404211842413
201162,Jared Dudley,PHX,2009-10,Defensive Player,Average,82,1990.861666666667,674,281,115,81,16,68,0.459,0.458,0.754,0.612,0.582,0.135,0.083,112.2,106.8,5.3,1.69,0.053,0.088,0.082,0.071,18.60000000000001,0.057044794166219624,-0.42233896719883035,-0.1500500795462985,0.1895830238577196
101214,Jawad Williams,CLE,2009-10,Defensive Player,Average,54,742.1216666666667,224,83,34,12,5,18,0.393,0.323,0.711,0.496,0.466,0.149,0.048,103.9,104.6,-0.7,1.89,0.023,0.09,0.073,0.057,20.80000000000001,-0.8282196756993526,-0.7709528443224851,-0.8537741993775474,-0.507382837810696
201145,Jeff Green,OKC,2009-10,Defensive Player,Elite,82,3043.0666666666666,1239,490,134,104,72,135,0.453,0.333,0.74,0.53,0.502,0.19,0.091,107.3,105.4,2.0,0.99,0.039,0.127,0.071,0.084,20.0,0.3982824855075831,-0.4142190187584929,0.5701215504005884,1.0767289006802585
201975,Jodie Meeks,PHI,2009-10,Defensive Player,Average,60,718.8166666666667,281,99,39,18,5,25,0.388,0.318,0.795,0.493,0.466,0.187,0.073,105.3,105.5,-0.2,1.56,0.012,0.137,0.08,0.071,19.900000000000006,-0.5260884767549775,-0.7132308143663733,-0.632964981773379,-0.498093867725377
2422,John Salmons,MIL,2009-10,Defensive Player,Very Good,81,2824.596666666667,1245,270,223,99,26,123,0.441,0.382,0.83,0.553,0.501,0.199,0.104,102.5,99.8,2.7,1.81,0.013,0.082,0.132,0.048,25.60000000000001,0.5999970503360772,0.255950362359564,-0.4722492929742633,0.8885449221245776
200770,Jordan Farmar,LAL,2009-10,Defensive Player,Very Good,82,1474.0433333333333,591,131,127,52,11,72,0.435,0.376,0.671,0.535,0.518,0.186,0.082,102.4,100.5,1.9,1.76,0.009,0.077,0.139,0.043,24.900000000000006,-0.06971626948234719,-0.057976431240489075,-0.9047671876271384,0.2086706314431768
2746,Josh Smith,ATL,2009-10,Defensive Player,Elite,81,2870.483333333333,1269,705,342,130,172,198,0.505,0.0,0.618,0.536,0.505,0.221,0.13,111.8,104.5,7.3,1.73,0.082,0.174,0.187,0.128,20.900000000000006,0.6811571146686989,1.0028045631382654,1.701142735294556,2.410749944928174
201153,Julian Wright,NOH,2009-10,Defensive Player,Average,68,870.7,259,144,41,29,18,44,0.5,0.333,0.61,0.518,0.504,0.15,0.072,105.2,105.7,-0.5,0.93,0.07,0.104,0.066,0.087,19.700000000000003,-0.6698731845686682,-0.7845185784105378,-0.3097284766335568,-0.2643427783739036
201178,Kyrylo Fesenko,UTA,2009-10,Defensive Player,Very Good,49,407.725,128,90,15,6,19,24,0.547,0.0,0.421,0.533,0.547,0.155,0.044,106.7,92.7,14.0,0.63,0.088,0.135,0.055,0.113,32.7,-0.6419782412618371,-0.9419847394754224,-0.12177990822979401,0.2712741136915277
2605,Marquis Daniels,BOS,2009-10,Defensive Player,Average,51,936.89,288,95,66,27,6,42,0.498,0.214,0.607,0.526,0.51,0.156,0.062,104.7,103.2,1.6,1.57,0.032,0.076,0.111,0.055,22.200000000000003,-0.5592966835425696,-0.43973189528080586,-0.8474129649829247,-0.25958838466364137
101110,Martell Webster,POR,2009-10,Defensive Player,Very Good,82,2005.1616666666664,768,268,62,45,40,60,0.405,0.373,0.813,0.543,0.502,0.177,0.081,106.9,104.2,2.8,1.03,0.024,0.124,0.05,0.072,21.200000000000003,0.03778304247115405,-0.79712751400011,-0.17180434682926682,0.21215524928093676
101107,Marvin Williams,ATL,2009-10,Defensive Player,Very Good,81,2468.471666666667,820,416,93,66,46,72,0.455,0.303,0.819,0.54,0.485,0.156,0.087,108.4,103.1,5.3,1.29,0.045,0.131,0.056,0.088,22.30000000000001,-0.09559994503896717,-0.6493511629981202,0.42473015242807893,0.5550787975583759
2679,Matt Carroll,DAL,2009-10,Defensive Player,Average,25,120.84166666666668,46,12,6,5,0,7,0.36,0.211,1.0,0.437,0.4,0.213,0.036,96.8,103.2,-6.4,0.86,0.033,0.074,0.082,0.052,22.200000000000003,-0.8254079693772441,-0.8234253213337015,-1.1058623503411837,-0.5482431533249389
2230,Maurice Evans,ATL,2009-10,Defensive Player,Average,79,1317.205,453,154,48,34,17,20,0.445,0.337,0.754,0.539,0.518,0.144,0.067,104.9,105.1,-0.2,2.4,0.044,0.076,0.056,0.059,20.30000000000001,-0.45382492394968255,-0.8149372725033424,-0.6399050113279523,-0.18740062265571436
1897,Metta World Peace,LAL,2009-10,Defensive Player,Very Good,77,2604.7716666666665,845,331,234,106,21,121,0.414,0.355,0.688,0.514,0.484,0.161,0.078,107.5,100.7,6.8,1.93,0.039,0.087,0.132,0.063,24.700000000000003,-0.18962475269156256,0.2964269669052849,-0.11929838480047697,0.8576079351328459
2554,Mickael Pietrus,ORL,2009-10,Defensive Player,Very Good,75,1686.9883333333332,651,215,49,53,31,69,0.432,0.379,0.633,0.555,0.54,0.178,0.076,106.4,102.5,3.8,0.71,0.024,0.1,0.048,0.064,22.900000000000006,0.02933953395679108,-0.8561988078603417,-0.4143506462009688,0.3038719243439341
2056,Primoz Brezec,MIL,2009-10,Defensive Player,Average,21,95.41666666666669,19,25,1,1,3,2,0.346,0.0,0.167,0.332,0.346,0.136,-0.006,95.4,94.4,1.0,0.5,0.115,0.151,0.018,0.132,31.0,-2.008897410757681,-1.2013535913800957,-0.052196084379111385,-0.04229507263334679
1740,Rashard Lewis,ORL,2009-10,Defensive Player,Very Good,72,2368.596666666667,1013,318,107,78,28,108,0.435,0.397,0.806,0.573,0.539,0.193,0.092,109.3,101.8,7.5,0.99,0.028,0.105,0.075,0.069,23.60000000000001,0.5031183298457573,-0.4911000711219572,-0.07735438056004373,0.5736818783271668
739,Rasheed Wallace,BOS,2009-10,Defensive Player,Very Good,79,1780.381666666667,710,325,80,80,70,63,0.409,0.283,0.768,0.504,0.472,0.2,0.091,104.3,102.5,1.8,1.27,0.025,0.175,0.076,0.099,22.900000000000006,-0.05865641998841078,-0.5848340834901731,0.32340889866602207,0.9782098197981849
2446,Rasual Butler,LAC,2009-10,Defensive Player,Average,82,2702.27,979,240,116,36,68,79,0.409,0.336,0.841,0.524,0.493,0.164,0.067,102.2,107.9,-5.7,1.47,0.015,0.075,0.067,0.045,17.5,-0.01385398762420679,-0.5029240759002506,-0.5900696133982626,0.18479967723900037
2210,Richard Jefferson,SAS,2009-10,Defensive Player,Very Good,81,2520.305,994,356,158,45,40,105,0.467,0.316,0.735,0.551,0.505,0.181,0.092,108.4,102.2,6.2,1.5,0.025,0.12,0.097,0.073,23.200000000000003,0.2757849189146458,-0.17984744031452646,0.07443262283795785,0.3296645993799419
200760,Rodney Carney,PHI,2009-10,Defensive Player,Average,68,857.015,319,137,37,25,20,21,0.401,0.304,0.825,0.515,0.473,0.174,0.083,101.2,105.7,-4.5,1.76,0.03,0.131,0.07,0.08,19.700000000000003,-0.4680652877299132,-0.7767667303602219,-0.4174797068519757,-0.2855533021210062
200758,Ronnie Brewer,MEM,2009-10,Defensive Player,Very Good,58,1741.915,511,187,154,91,15,53,0.487,0.258,0.639,0.524,0.497,0.14,0.087,107.1,104.5,2.6,2.91,0.029,0.087,0.13,0.058,20.900000000000006,-0.5270432572067086,-0.009183645551610956,-0.5650831723716783,0.4182149418516221
201579,Roy Hibbert,IND,2009-10,Defensive Player,Elite,81,2034.735,946,464,158,30,131,145,0.495,0.5,0.754,0.537,0.497,0.221,0.098,103.5,102.9,0.5,1.09,0.088,0.136,0.13,0.113,22.5,0.453943545930255,0.0055351197377421155,0.8705836820610197,1.0538051070502106
2767,Royal Ivey,MIL,2009-10,Defensive Player,Average,44,326.78333333333336,93,34,27,19,2,11,0.422,0.4,0.75,0.527,0.506,0.132,0.067,101.2,100.9,0.3,2.45,0.018,0.088,0.127,0.052,24.5,-0.8698947585667752,-0.49335740349332263,-1.0474880215005475,-0.24781339156857118
201164,Rudy Fernandez,POR,2009-10,Defensive Player,Average,62,1440.84,503,164,127,62,11,72,0.378,0.368,0.867,0.54,0.494,0.168,0.095,104.0,103.8,0.2,1.76,0.025,0.098,0.146,0.06,21.60000000000001,-0.23635837161768902,-0.018652857896068596,-0.6006315711866193,0.11839383316293785
200752,Rudy Gay,MEM,2009-10,Defensive Player,Very Good,80,3174.755,1567,472,153,118,64,169,0.466,0.327,0.753,0.535,0.491,0.224,0.101,108.6,108.5,0.1,0.91,0.037,0.119,0.076,0.077,16.900000000000006,0.9123034063075098,-0.3162166169594796,0.4331831557618513,0.9587087771385878
2756,Sasha Vujacic,LAL,2009-10,Defensive Player,Average,67,574.86,185,79,41,20,4,17,0.402,0.309,0.848,0.518,0.479,0.141,0.069,101.5,101.5,-0.1,2.41,0.039,0.094,0.113,0.065,23.900000000000006,-0.7891225440939534,-0.520488871669428,-0.7624704792747662,-0.25246990565381533
201157,Sean Williams,NJN,2009-10,Defensive Player,Very Good,20,227.3983333333333,52,46,1,8,19,20,0.429,0.0,0.526,0.453,0.429,0.149,0.013,88.7,92.9,-4.2,0.05,0.086,0.113,0.007,0.099,32.5,-1.1981113486634758,-1.263147778064185,-0.4168837261765903,0.280245904558251
200769,Shannon Brown,LAL,2009-10,Defensive Player,Very Good,82,1700.01,667,183,108,57,31,67,0.427,0.328,0.818,0.517,0.48,0.186,0.083,102.0,101.1,0.9,1.61,0.017,0.088,0.105,0.053,24.30000000000001,-0.11782460231903609,-0.318890779752102,-0.639394958229741,0.42757392116648574
200780,Solomon Jones,IND,2009-10,Defensive Player,Average,52,674.975,207,144,32,14,37,40,0.443,0.0,0.718,0.499,0.443,0.155,0.049,94.0,104.0,-10.0,0.8,0.069,0.135,0.077,0.101,21.400000000000006,-0.7794037065445997,-0.7558416136274928,-0.1313733163680325,-0.12764845880605014
101211,Stephen Graham,CHA,2009-10,Defensive Player,Average,70,804.265,296,135,23,20,10,36,0.496,0.32,0.646,0.551,0.529,0.169,0.088,96.6,95.7,0.8,0.64,0.031,0.14,0.054,0.087,29.700000000000003,-0.315422820188161,-0.9181648622316334,-0.33360888388654425,0.14901199365173445
200779,Steve Novak,LAC,2009-10,Defensive Player,Average,54,361.9316666666667,113,33,6,7,2,2,0.389,0.31,0.778,0.505,0.491,0.136,0.056,96.5,109.4,-12.9,3.0,0.003,0.09,0.025,0.046,16.0,-0.951975648131941,-1.1436315614239836,-1.1265793259122945,-0.8715644847490861
689,Theo Ratliff,CHA,2009-10,Defensive Player,Average,49,806.1766666666666,178,157,25,12,61,41,0.461,0.0,0.76,0.511,0.461,0.128,0.055,103.7,104.5,-0.9,0.61,0.085,0.128,0.047,0.108,20.900000000000006,-0.9293596068703155,-0.9501290529313775,-0.00770181464762193,0.06507061386631534
2754,Tony Allen,BOS,2009-10,Defensive Player,Very Good,54,888.705,330,145,72,59,19,66,0.51,0.0,0.605,0.54,0.51,0.187,0.091,100.2,101.5,-1.3,1.09,0.063,0.107,0.141,0.085,23.900000000000006,-0.22202797758038673,-0.2491241472992595,-0.33255440665925196,0.303385208986438
2566,Travis Outlaw,LAC,2009-10,Defensive Player,Average,34,730.0733333333334,309,121,34,18,17,32,0.391,0.381,0.831,0.503,0.463,0.203,0.091,99.8,103.3,-3.5,1.06,0.044,0.121,0.082,0.082,22.10000000000001,-0.33159323161205184,-0.72039396430823,-0.4344544555812595,-0.24742401457960086
2772,Trevor Ariza,HOU,2009-10,Defensive Player,Very Good,72,2628.883333333333,1072,403,276,126,40,161,0.394,0.334,0.649,0.488,0.462,0.21,0.093,106.3,106.2,0.1,1.71,0.029,0.132,0.164,0.078,19.200000000000003,0.18412373469133203,0.6307389091608435,0.26283968779362743,0.9339162971851983
200748,Tyrus Thomas,CHA,2009-10,Defensive Player,Elite,54,1220.345,508,335,56,63,85,92,0.462,0.0,0.686,0.511,0.462,0.214,0.125,98.2,98.9,-0.7,0.61,0.066,0.2,0.081,0.134,26.5,-0.06181900187425162,-0.6450584085517055,0.7958305851664853,1.1653454400711787
202329,Al-Farouq Aminu,LAC,2010-11,Defensive Player,Average,81,1451.835,457,267,60,59,25,103,0.394,0.315,0.773,0.499,0.45,0.168,0.07,98.5,104.9,-6.4,0.58,0.052,0.135,0.067,0.093,20.5,-0.5039502067817152,-0.7089867899511935,0.09307501498535414,0.16432409783656407
1905,Andrei Kirilenko,UTA,2010-11,Defensive Player,Very Good,64,1998.9833333333331,750,327,192,81,74,117,0.467,0.367,0.77,0.567,0.5,0.177,0.107,108.2,108.6,-0.4,1.64,0.054,0.119,0.145,0.087,16.80000000000001,0.1620232305622336,0.21490942472100155,0.17583980417718895,0.6706375209468215
202340,Avery Bradley,BOS,2010-11,Defensive Player,Average,31,162.49,52,17,12,9,0,16,0.343,0.0,0.5,0.36,0.343,0.238,0.005,82.8,99.1,-16.3,0.75,0.025,0.078,0.135,0.052,26.30000000000001,-1.0783193117767815,-0.5036115466490588,-1.0925954574228571,-0.2659035338687303
201575,Brandon Rush,IND,2010-11,Defensive Player,Average,67,1753.881666666667,607,217,62,41,35,69,0.421,0.417,0.755,0.54,0.512,0.16,0.074,100.7,106.3,-5.6,0.9,0.019,0.105,0.058,0.062,19.10000000000001,-0.21992273923497865,-0.7521862873207721,-0.43452319764299885,-0.0032623400916286377
101139,CJ Miles,UTA,2010-11,Defensive Player,Very Good,78,1968.618333333333,1000,255,135,74,38,93,0.407,0.322,0.811,0.507,0.468,0.244,0.092,106.0,103.9,2.2,1.45,0.028,0.109,0.118,0.068,21.5,0.48973058964492533,-0.14650962069504486,-0.2572568856356365,0.5100262490006885
2568,Carlos Delfino,MIL,2010-11,Defensive Player,Very Good,49,1590.4633333333334,565,200,112,76,8,57,0.39,0.37,0.8,0.517,0.492,0.176,0.1,99.1,101.8,-2.7,1.96,0.015,0.122,0.123,0.065,23.60000000000001,-0.2645866139964262,-0.20305425443423883,-0.44141167065126763,0.35060987238909247
201858,Cartier Martin,WAS,2010-11,Defensive Player,Average,52,542.1883333333334,209,74,18,18,6,16,0.39,0.394,0.7,0.524,0.497,0.171,0.069,104.9,102.7,2.2,1.13,0.037,0.102,0.05,0.07,22.700000000000003,-0.5178952905874113,-0.9590339321829937,-0.7120391006696911,-0.32346331358369745
201604,Chris Douglas-Roberts,MIL,2010-11,Defensive Player,Average,44,884.07,323,88,50,29,13,35,0.429,0.326,0.831,0.517,0.456,0.181,0.081,99.9,101.1,-1.2,1.43,0.008,0.097,0.098,0.052,24.30000000000001,-0.4025022451475715,-0.5716364497921421,-0.9042055779826226,-0.044658593161553885
201963,Christian Eyenga,CLE,2010-11,Defensive Player,Average,44,946.885,303,123,35,34,28,47,0.425,0.275,0.643,0.476,0.466,0.169,0.055,100.3,111.0,-10.7,0.74,0.028,0.105,0.061,0.065,14.400000000000006,-0.7391899928593041,-0.8346849930191537,-0.645721821593494,-0.42276110141398204
201147,Corey Brewer,DAL,2010-11,Defensive Player,Very Good,69,1510.4233333333334,552,175,89,100,16,87,0.395,0.268,0.708,0.482,0.426,0.183,0.058,102.8,106.4,-3.6,1.02,0.036,0.079,0.09,0.057,19.0,-0.42283194274834063,-0.4730697149002875,-0.609663369680342,0.4099507897054469
201584,Courtney Lee,HOU,2010-11,Defensive Player,Average,81,1722.621666666667,672,209,100,58,18,68,0.439,0.408,0.792,0.534,0.501,0.175,0.084,107.5,106.9,0.6,1.47,0.029,0.092,0.092,0.06,18.5,-0.09754604492446318,-0.4213578036847321,-0.48122953492168175,-0.03436886322226066
2863,Damien Wilkins,ATL,2010-11,Defensive Player,Average,52,676.4533333333334,180,90,41,27,9,21,0.504,0.2,0.714,0.557,0.511,0.124,0.07,98.2,106.3,-8.1,1.95,0.037,0.104,0.099,0.071,19.10000000000001,-0.6941925719458322,-0.5991360183582692,-0.6568453890263665,-0.4113754853078813
202345,Damion James,NJN,2010-11,Defensive Player,Average,25,402.9383333333333,110,85,20,16,12,25,0.447,0.0,0.643,0.477,0.447,0.154,0.077,96.5,99.3,-2.8,0.8,0.043,0.184,0.082,0.111,26.10000000000001,-0.9824614314410525,-0.7719096428209657,-0.160526109757481,-0.08371536027357711
201967,Dante Cunningham,CHA,2010-11,Defensive Player,Very Good,78,1636.9333333333334,482,277,43,54,43,51,0.462,0.077,0.726,0.483,0.463,0.156,0.064,101.1,105.4,-4.3,0.84,0.062,0.126,0.044,0.093,20.0,-0.6652478475023191,-0.9007475691340403,0.11960880082200692,0.2652542976755585
2545,Darko Milicic,MIN,2010-11,Defensive Player,Elite,69,1686.2733333333333,606,360,104,54,140,151,0.469,0.0,0.557,0.482,0.469,0.197,0.063,101.5,107.9,-6.3,0.69,0.077,0.132,0.099,0.104,17.5,-0.28140315153548195,-0.36731546505095847,0.47997542061770815,1.0997616183498369
201616,Darnell Jackson,SAC,2010-11,Defensive Player,Average,59,485.8233333333333,187,94,14,12,3,23,0.487,0.273,0.612,0.521,0.497,0.17,0.064,95.7,101.8,-6.1,0.61,0.09,0.091,0.048,0.091,23.60000000000001,-0.558233657757004,-0.9849880041421812,-0.39143878859809944,-0.36310467567823396
201589,Darrell Arthur,MEM,2010-11,Defensive Player,Very Good,80,1608.4466666666667,729,342,53,52,63,88,0.497,0.0,0.813,0.534,0.497,0.211,0.099,100.8,99.1,1.7,0.6,0.071,0.145,0.056,0.108,26.30000000000001,0.20709679849895843,-0.796538815891651,0.4831732233304543,0.8170353046722519
2052,DeShawn Stevenson,DAL,2010-11,Defensive Player,Average,72,1158.388333333333,383,106,77,21,5,44,0.388,0.378,0.767,0.549,0.53,0.157,0.061,103.2,101.5,1.8,1.75,0.019,0.076,0.101,0.048,23.900000000000006,-0.3519637203069543,-0.4554318240842572,-0.9074033806953687,-0.23199107871243094
965,Derek Fisher,LAL,2010-11,Defensive Player,Very Good,82,2297.008333333333,558,152,224,99,8,70,0.389,0.396,0.806,0.486,0.449,0.125,0.052,111.7,101.8,9.8,3.2,0.006,0.06,0.134,0.034,23.60000000000001,-0.8202228640794352,0.2708653603517367,-0.9637031261122901,0.588921219970267
201974,Derrick Brown,NYK,2010-11,Defensive Player,Average,49,575.3666666666667,185,99,33,20,10,35,0.565,0.5,0.533,0.588,0.584,0.148,0.079,99.0,102.9,-3.9,0.94,0.077,0.106,0.093,0.092,22.5,-0.3376516354633727,-0.6622794689464788,-0.3654322413750927,-0.2740216667046842
201590,Donte Greene,SAC,2010-11,Defensive Player,Average,69,1127.085,400,147,48,36,20,60,0.404,0.292,0.662,0.482,0.462,0.179,0.056,101.6,104.9,-3.3,0.8,0.042,0.087,0.066,0.064,20.5,-0.5617285086249971,-0.75876073915417,-0.5947803898902077,-0.12457456975997307
2748,Dorell Wright,GSW,2010-11,Defensive Player,Very Good,82,3146.778333333333,1344,431,242,124,63,133,0.423,0.376,0.789,0.539,0.508,0.19,0.093,107.1,109.0,-1.9,1.82,0.028,0.112,0.114,0.069,16.400000000000006,0.525460949159877,0.22474673745548093,0.22247739939413258,0.9813821532406356
2067,Eddie House,MIA,2010-11,Defensive Player,Average,56,978.3666666666668,362,92,62,32,3,29,0.399,0.389,0.95,0.535,0.505,0.169,0.085,106.5,101.5,5.0,2.14,0.01,0.083,0.104,0.048,23.900000000000006,-0.35930756993676033,-0.49377423391457953,-0.9445506808666827,-0.13825101439714463
202327,Ekpe Udoh,GSW,2010-11,Defensive Player,Very Good,58,1029.513333333333,236,181,40,22,86,48,0.437,0.0,0.656,0.472,0.437,0.128,0.039,108.3,102.2,6.1,0.83,0.078,0.097,0.051,0.088,23.200000000000003,-1.1105168807317751,-0.8724630697566347,-0.1988138147332612,0.5567565959401035
202323,Evan Turner,PHI,2010-11,Defensive Player,Average,78,1797.4016666666666,565,306,159,49,14,80,0.425,0.318,0.808,0.484,0.439,0.164,0.087,101.0,102.2,-1.2,1.99,0.024,0.149,0.137,0.086,23.200000000000003,-0.5411110934534443,0.04853838440450102,0.10737919961553782,0.10805598705330403
1922,Francisco Elson,UTA,2010-11,Defensive Player,Average,62,609.935,134,115,33,21,14,32,0.478,0.0,0.839,0.529,0.478,0.12,0.066,98.6,102.2,-3.6,1.03,0.06,0.146,0.09,0.102,23.200000000000003,-0.9167383647337438,-0.6791324289512305,-0.1955816409896454,-0.18206217521943022
101128,Francisco Garcia,SAC,2010-11,Defensive Player,Very Good,58,1385.6266666666668,560,133,71,51,49,45,0.436,0.362,0.855,0.551,0.521,0.169,0.081,101.7,106.4,-4.6,1.58,0.016,0.082,0.079,0.048,19.0,-0.1250395022177929,-0.6010983453864659,-0.8357621589364064,0.2361203178295553
201945,Gerald Henderson,CHA,2010-11,Defensive Player,Average,68,1661.2416666666666,653,207,101,50,32,64,0.454,0.194,0.785,0.509,0.461,0.199,0.09,102.3,105.0,-2.7,1.58,0.031,0.099,0.106,0.066,20.400000000000006,-0.07849471014711544,-0.3390309656735527,-0.41009836626093044,0.13601861190831438
201175,Glen Davis,BOS,2010-11,Defensive Player,Very Good,78,2297.776666666666,915,425,92,78,30,85,0.448,0.133,0.736,0.499,0.449,0.21,0.092,102.6,99.0,3.6,1.08,0.051,0.148,0.069,0.101,26.400000000000006,0.13379625064181858,-0.5800013609665344,0.6142260656419104,0.7584298964719188
201611,Henry Walker,NYK,2010-11,Defensive Player,Average,61,783.91,298,122,34,21,6,37,0.441,0.386,0.705,0.583,0.566,0.161,0.079,105.4,99.6,5.8,0.92,0.02,0.133,0.069,0.076,25.80000000000001,-0.1895832203570744,-0.7934234576621539,-0.5082390028256761,-0.11023973211530325
1899,James Posey,IND,2010-11,Defensive Player,Average,49,839.0883333333334,240,147,34,24,6,24,0.336,0.316,0.733,0.485,0.475,0.143,0.063,96.4,97.7,-1.4,1.42,0.011,0.167,0.068,0.085,27.700000000000003,-0.923497083406407,-0.7990411109970712,-0.3272476494919214,0.03247823929368702
979,Jermaine O'Neal,BOS,2010-11,Defensive Player,Average,24,431.225,129,88,12,2,30,27,0.459,0.0,0.674,0.504,0.459,0.171,0.052,98.7,96.9,1.7,0.44,0.068,0.141,0.046,0.109,28.5,-0.6899379291753759,-1.0035826934566923,-0.17804528261584573,0.09435113076416683
201153,Julian Wright,TOR,2010-11,Defensive Player,Average,52,765.9616666666667,188,118,58,39,20,43,0.513,0.2,0.512,0.525,0.519,0.128,0.079,102.6,102.6,0.0,1.35,0.066,0.093,0.11,0.08,22.80000000000001,-0.8421026107172137,-0.4747870791944292,-0.467893899941616,0.041645271668819296
2594,Kyle Korver,CHI,2010-11,Defensive Player,Average,82,1649.1233333333332,681,150,124,35,20,60,0.434,0.415,0.885,0.572,0.542,0.176,0.089,107.3,99.3,8.0,2.07,0.008,0.084,0.121,0.047,26.10000000000001,0.13353115322305764,-0.17013326523601408,-0.8033943773187768,0.1940902475789299
202336,Larry Sanders,MIL,2010-11,Defensive Player,Very Good,60,872.1616666666666,260,178,16,22,72,38,0.433,0.0,0.56,0.448,0.433,0.172,0.06,92.4,100.6,-8.2,0.42,0.066,0.142,0.033,0.103,24.80000000000001,-0.9083289644017292,-1.0618934215212632,-0.01567913591405265,0.5091195799762928
201601,Luc Mbah a Moute,MIL,2010-11,Defensive Player,Very Good,79,2093.0416666666665,529,420,68,72,28,77,0.463,0.0,0.707,0.518,0.463,0.131,0.076,99.6,99.7,-0.2,0.88,0.08,0.129,0.054,0.103,25.700000000000003,-0.6142521322304942,-0.7525787527264114,0.6264384813329444,0.6348985183012502
202337,Luke Babbitt,POR,2010-11,Defensive Player,Average,24,137.29333333333332,36,30,6,2,2,8,0.273,0.188,0.333,0.305,0.3,0.202,0.008,88.0,98.3,-10.3,0.75,0.036,0.166,0.077,0.096,27.10000000000001,-1.6678595401418541,-0.8515135880082878,-0.4975567464292757,-0.2711944063911668
2736,Luol Deng,CHI,2010-11,Defensive Player,Very Good,82,3207.918333333333,1430,476,230,78,48,156,0.46,0.345,0.753,0.549,0.51,0.205,0.112,107.0,98.8,8.2,1.47,0.037,0.112,0.119,0.075,26.60000000000001,0.7544623502774086,0.2086787082620078,0.4183173614871517,0.9522951835371251
201188,Marc Gasol,MEM,2010-11,Defensive Player,Elite,81,2586.4566666666665,951,569,200,74,136,146,0.527,0.429,0.748,0.58,0.529,0.168,0.112,106.4,103.9,2.6,1.37,0.063,0.172,0.117,0.117,21.5,0.3154177978895499,0.08705266192202538,1.200147050564595,1.501537721301796
201596,Mario Chalmers,MIA,2010-11,Defensive Player,Very Good,70,1579.31,447,146,177,76,7,91,0.399,0.359,0.871,0.538,0.506,0.146,0.071,108.8,100.5,8.4,1.95,0.008,0.083,0.172,0.048,24.900000000000006,-0.44922838961381584,0.31139069492869276,-0.8012682373487576,0.41687348595037316
2605,Marquis Daniels,BOS,2010-11,Defensive Player,Very Good,49,938.305,271,113,64,39,22,38,0.491,0.19,0.684,0.527,0.5,0.146,0.092,98.6,98.4,0.2,1.68,0.029,0.102,0.113,0.066,27.0,-0.6390434998223803,-0.43585597125564796,-0.6595159531254665,0.3086498348828745
2230,Maurice Evans,WAS,2010-11,Defensive Player,Average,73,1548.915,461,156,45,34,14,33,0.417,0.329,0.897,0.513,0.482,0.137,0.052,98.3,106.4,-8.2,1.36,0.032,0.07,0.046,0.05,19.0,-0.6479550482133399,-0.8821528798195294,-0.7492551429027443,-0.29413409222928594
1897,Metta World Peace,LAL,2010-11,Defensive Player,Elite,82,2409.7533333333336,697,267,175,124,36,90,0.397,0.356,0.676,0.485,0.46,0.15,0.061,111.1,102.0,9.1,1.94,0.043,0.069,0.103,0.056,23.400000000000006,-0.5426886471664237,-0.08358676782527258,-0.3782921942878168,1.1194933505041955
2554,Mickael Pietrus,PHX,2010-11,Defensive Player,Average,57,1106.89,410,126,33,29,21,39,0.392,0.36,0.684,0.526,0.508,0.178,0.067,99.6,100.3,-0.7,0.85,0.014,0.1,0.052,0.058,25.10000000000001,-0.3102659084589998,-0.8926032556780852,-0.7269392659752603,0.08328485890262816
2399,Mike Dunleavy,IND,2010-11,Defensive Player,Very Good,61,1682.7133333333334,682,276,105,40,30,69,0.462,0.402,0.8,0.593,0.56,0.166,0.107,104.2,101.6,2.6,1.52,0.016,0.142,0.097,0.08,23.80000000000001,0.1811157417654433,-0.3748710803984546,-0.04866008372250216,0.21193594968735904
201587,Nicolas Batum,POR,2010-11,Defensive Player,Very Good,80,2521.846666666667,990,361,123,68,49,83,0.455,0.345,0.841,0.563,0.528,0.174,0.093,107.0,106.4,0.6,1.48,0.045,0.114,0.08,0.078,19.0,0.290267383168346,-0.4041367432899587,0.15139778727968578,0.4122634877808582
201564,O.J. Mayo,MEM,2010-11,Defensive Player,Very Good,71,1869.36,803,170,145,73,26,99,0.407,0.364,0.756,0.499,0.471,0.208,0.076,107.7,105.1,2.6,1.46,0.019,0.076,0.116,0.047,20.30000000000001,0.03838660616207649,-0.12094801414149656,-0.7503268056454713,0.30774970796610385
202331,Paul George,IND,2010-11,Defensive Player,Very Good,61,1264.805,476,224,65,62,26,70,0.453,0.297,0.762,0.542,0.505,0.172,0.093,104.2,104.1,0.0,0.93,0.029,0.145,0.082,0.087,21.30000000000001,-0.21511239211124697,-0.6063235333157437,-0.09745818994033462,0.25252939069417507
202347,Quincy Pondexter,NOH,2010-11,Defensive Player,Average,66,733.5716666666667,188,88,28,17,10,16,0.406,0.36,0.706,0.482,0.456,0.136,0.054,97.3,102.9,-5.6,1.75,0.033,0.091,0.064,0.062,22.5,-1.0293928109132082,-0.8435898722707698,-0.7768090349358197,-0.30510575551961994
1952,Raja Bell,UTA,2010-11,Defensive Player,Average,68,2097.13,541,176,118,56,14,63,0.409,0.352,0.892,0.528,0.482,0.125,0.049,105.6,110.7,-5.1,1.87,0.015,0.072,0.083,0.044,14.700000000000003,-0.5923458754103089,-0.4056822398968984,-0.7726254970575206,-0.31882921029928424
1740,Rashard Lewis,WAS,2010-11,Defensive Player,Average,57,1824.505,668,290,92,52,30,87,0.433,0.357,0.802,0.535,0.508,0.176,0.081,102.6,104.3,-1.6,1.06,0.039,0.122,0.082,0.08,21.10000000000001,-0.08739262238437406,-0.5069718676126105,-0.011512783551188288,0.17763468231344515
2446,Rasual Butler,CHI,2010-11,Defensive Player,Average,47,769.785,222,77,27,8,15,24,0.333,0.338,0.667,0.446,0.43,0.154,0.048,95.0,101.9,-6.9,1.13,0.013,0.088,0.059,0.05,23.5,-1.0789363733697952,-0.8753578302676943,-0.9588720510123012,-0.28901602689956224
200758,Ronnie Brewer,CHI,2010-11,Defensive Player,Elite,81,1781.44,503,262,140,106,22,55,0.48,0.222,0.654,0.518,0.487,0.137,0.112,101.8,93.9,7.9,2.55,0.032,0.113,0.126,0.073,31.5,-0.5890791120688181,-0.08316993740401564,-0.1749849640265782,1.267257189472536
101179,Ronnie Price,UTA,2010-11,Defensive Player,Average,59,716.8016666666666,197,61,56,42,5,55,0.352,0.29,0.744,0.434,0.4,0.18,0.02,102.3,100.5,1.8,1.02,0.032,0.06,0.123,0.046,24.900000000000006,-0.9752429974205384,-0.4091169684851818,-1.0522847255696668,0.044352218041622295
2767,Royal Ivey,OKC,2010-11,Defensive Player,Average,25,154.70833333333334,41,16,7,6,1,5,0.421,0.438,1.0,0.527,0.513,0.121,0.054,94.5,102.8,-8.3,1.4,0.012,0.087,0.077,0.049,22.60000000000001,-0.9879198057232069,-0.8478338966859494,-1.1334677989205635,-0.5042624563637532
201164,Rudy Fernandez,POR,2010-11,Defensive Player,Very Good,78,1820.7316666666663,668,172,193,87,14,88,0.37,0.321,0.863,0.522,0.471,0.179,0.089,104.7,103.2,1.5,2.19,0.021,0.083,0.171,0.051,22.200000000000003,-0.13975914682482682,0.36464810275118786,-0.6940614312594197,0.44303310365965504
200752,Rudy Gay,MEM,2010-11,Defensive Player,Very Good,54,2151.7633333333333,1069,336,153,91,58,135,0.471,0.396,0.805,0.548,0.503,0.23,0.122,106.4,103.1,3.3,1.13,0.039,0.124,0.116,0.081,22.30000000000001,0.6714221013374505,-0.09151048356279043,0.12328228560209478,0.9355224390530444
101155,Ryan Gomes,LAC,2010-11,Defensive Player,Average,76,2095.1866666666665,547,254,118,62,12,55,0.41,0.341,0.718,0.504,0.481,0.126,0.058,105.9,108.8,-2.9,2.15,0.03,0.096,0.084,0.063,16.60000000000001,-0.7179193686175219,-0.40006458656198113,-0.3236085357427033,-0.16526207808150242
201970,Sam Young,MEM,2010-11,Defensive Player,Very Good,78,1577.0566666666666,572,187,71,68,23,61,0.472,0.34,0.767,0.525,0.489,0.17,0.08,105.0,103.2,1.9,1.16,0.027,0.097,0.069,0.062,22.200000000000003,-0.25772117423991925,-0.6572748787356382,-0.5141245551529572,0.33722438385938097
201623,Semih Erden,CLE,2010-11,Defensive Player,Average,41,594.8816666666667,163,118,20,15,24,34,0.559,0.0,0.65,0.593,0.559,0.134,0.057,98.7,100.7,-2.0,0.59,0.07,0.146,0.054,0.109,24.700000000000003,-0.42741597984876883,-0.9292039361986483,-0.09844392510588745,-0.05492370024432266
200769,Shannon Brown,LAL,2010-11,Defensive Player,Very Good,82,1568.3283333333334,712,157,96,67,16,75,0.425,0.349,0.911,0.518,0.482,0.215,0.088,103.1,100.0,3.1,1.28,0.022,0.073,0.107,0.048,25.400000000000006,0.13263861567611973,-0.35181176895032673,-0.7720810729284396,0.4440557330579697
200761,Shawne Williams,NYK,2010-11,Defensive Player,Average,64,1323.105,454,239,47,39,51,46,0.426,0.401,0.837,0.558,0.536,0.149,0.072,108.3,108.3,0.0,1.02,0.044,0.139,0.054,0.091,17.10000000000001,-0.3078681768473697,-0.829852270495515,-0.006698893966634228,0.020385007981902736
200780,Solomon Jones,IND,2010-11,Defensive Player,Average,39,528.1766666666666,139,113,30,12,22,35,0.405,0.0,0.661,0.469,0.405,0.154,0.038,96.1,100.9,-4.8,0.86,0.082,0.134,0.094,0.107,24.5,-1.0072884020421757,-0.6677008895785763,-0.13719012663357447,-0.11799365207530421
201959,Taj Gibson,CHI,2010-11,Defensive Player,Elite,80,1742.246666666667,569,458,58,39,106,71,0.466,0.125,0.676,0.502,0.467,0.166,0.094,105.0,97.0,8.0,0.82,0.096,0.167,0.054,0.133,28.400000000000006,-0.42066988195160343,-0.7893756659497941,1.109456496652634,1.2407733562102703
201152,Thaddeus Young,PHI,2010-11,Defensive Player,Very Good,82,2134.8366666666666,1045,434,82,90,26,99,0.541,0.273,0.707,0.566,0.544,0.216,0.123,105.4,101.1,4.3,0.83,0.075,0.133,0.067,0.105,24.30000000000001,0.6545434297221097,-0.6280335808597516,0.6890650901136189,0.7189115781154171
2754,Tony Allen,MEM,2010-11,Defensive Player,Elite,72,1494.35,643,193,104,129,44,86,0.51,0.174,0.753,0.562,0.514,0.195,0.109,103.2,100.4,2.9,1.21,0.049,0.088,0.113,0.068,25.0,0.18804129101491798,-0.28866831836211726,-0.42176635782288363,1.346247357299539
2772,Trevor Ariza,NOH,2010-11,Defensive Player,Very Good,75,2599.8483333333334,826,408,162,120,31,118,0.398,0.303,0.701,0.487,0.451,0.174,0.08,104.5,104.7,-0.2,1.37,0.025,0.151,0.099,0.086,20.700000000000003,-0.2625337930270866,-0.15389336835533893,0.3780238151493961,0.868822956101928
2209,Vladimir Radmanovic,GSW,2010-11,Defensive Player,Average,74,1169.1816666666666,374,212,79,44,44,57,0.431,0.405,0.882,0.562,0.541,0.147,0.072,108.5,105.1,3.4,1.39,0.056,0.132,0.096,0.093,20.30000000000001,-0.35733091070222395,-0.4761607081141668,-0.05286080711623611,0.18938453481036313
101144,Von Wafer,BOS,2010-11,Defensive Player,Very Good,58,552.545,184,49,35,18,5,20,0.421,0.269,0.842,0.524,0.478,0.161,0.09,92.0,91.6,0.5,1.75,0.013,0.074,0.111,0.045,33.80000000000001,-0.6091288345234441,-0.5538023262732922,-1.0968649228783305,0.3185961154627089
202325,Wesley Johnson,MIN,2010-11,Defensive Player,Very Good,79,2069.37,709,240,148,58,54,95,0.397,0.356,0.696,0.491,0.473,0.165,0.06,103.7,109.1,-5.4,1.56,0.024,0.091,0.108,0.057,16.30000000000001,-0.38992241180542936,-0.15485016685381964,-0.43719376174209895,0.20059955577944513
201163,Wilson Chandler,DEN,2010-11,Defensive Player,Very Good,72,2400.4166666666665,1100,408,120,48,94,104,0.45,0.35,0.807,0.537,0.509,0.205,0.094,108.6,104.5,4.1,1.15,0.032,0.134,0.079,0.084,20.900000000000006,0.4478727683835549,-0.42079347059189076,0.35254450654003566,0.7719559917469382
202333,Xavier Henry,MEM,2010-11,Defensive Player,Average,38,527.4316666666666,165,37,18,11,3,13,0.406,0.118,0.635,0.451,0.413,0.165,0.033,99.4,103.2,-3.8,1.38,0.017,0.055,0.054,0.036,22.200000000000003,-1.0109288787564388,-0.9365633188433248,-1.2433623546244363,-0.4557225836858498
202329,Al-Farouq Aminu,NOH,2011-12,Defensive Player,Very Good,66,1477.0433333333333,399,308,66,59,34,91,0.411,0.277,0.754,0.481,0.429,0.159,0.075,98.6,98.9,-0.2,0.73,0.07,0.148,0.074,0.11,26.5,-0.7145768350460457,-0.6475850686727433,0.41843766009519556,0.6079093241612322
202087,Alonzo Gee,CLE,2011-12,Defensive Player,Very Good,63,1827.0466666666664,665,322,113,83,17,114,0.412,0.321,0.788,0.516,0.452,0.184,0.089,99.7,105.6,-5.9,0.99,0.053,0.123,0.109,0.087,19.80000000000001,-0.1396254005136993,-0.27802170980074176,0.16257291125886256,0.2909288237968192
201229,Anthony Tolliver,MIN,2011-12,Defensive Player,Average,51,881.5,208,153,22,18,19,35,0.39,0.248,0.745,0.504,0.459,0.12,0.051,101.2,103.2,-2.0,0.63,0.056,0.113,0.04,0.085,22.200000000000003,-1.006311748851866,-1.0004917002428129,-0.3113273779899297,-0.2213136190685059
201948,Austin Daye,DET,2011-12,Defensive Player,Average,41,603.1166666666667,194,91,33,22,21,40,0.322,0.21,0.814,0.394,0.35,0.211,0.045,89.1,100.6,-11.5,0.83,0.022,0.138,0.1,0.076,24.80000000000001,-0.9791729483241435,-0.6229558956020582,-0.5904937389192997,-0.006871084180405977
202340,Avery Bradley,BOS,2011-12,Defensive Player,Very Good,64,1368.3933333333334,484,115,87,43,12,75,0.498,0.407,0.795,0.555,0.525,0.179,0.076,98.3,94.2,4.1,1.16,0.029,0.057,0.109,0.044,31.200000000000003,-0.08377185557376243,-0.3736936841815367,-0.9344815906611025,0.4956902818133078
201148,Brandan Wright,DAL,2011-12,Defensive Player,Very Good,49,791.4166666666666,340,174,13,22,63,21,0.618,0.0,0.634,0.632,0.618,0.167,0.127,101.9,100.5,1.3,0.62,0.083,0.134,0.029,0.11,24.900000000000006,0.1647872010867543,-1.0954031088279468,0.06288492988404842,0.42393787145358997
101138,Brandon Bass,BOS,2011-12,Defensive Player,Very Good,59,1868.22,738,365,55,34,54,65,0.479,0.0,0.81,0.524,0.479,0.195,0.101,102.0,97.6,4.3,0.85,0.057,0.144,0.05,0.103,27.80000000000001,0.03928406382915269,-0.8228853532564777,0.4805026592313542,0.6276056083292382
2567,Brian Cook,WAS,2011-12,Defensive Player,Average,32,275.87,81,63,10,6,5,11,0.316,0.2,0.9,0.396,0.367,0.182,0.039,95.8,96.5,-0.7,0.91,0.035,0.185,0.056,0.111,28.900000000000006,-1.26152168506758,-0.9547655427521965,-0.2189004385981171,-0.09363814753959716
101139,CJ Miles,UTA,2011-12,Defensive Player,Average,56,1144.65,508,116,69,46,18,53,0.381,0.307,0.794,0.484,0.43,0.218,0.066,102.0,102.0,0.0,1.3,0.024,0.08,0.096,0.052,23.400000000000006,-0.18691055108640842,-0.5129576213375495,-0.8299109776399949,0.12919268926055902
2568,Carlos Delfino,MIL,2011-12,Defensive Player,Average,54,1537.4116666666666,488,208,123,79,10,66,0.402,0.36,0.792,0.515,0.497,0.155,0.079,102.9,108.2,-5.3,1.86,0.012,0.13,0.118,0.068,17.200000000000003,-0.4852802774940392,-0.19066591656310405,-0.3819656790679045,0.025898968893356616
2406,Caron Butler,LAC,2011-12,Defensive Player,Average,63,1870.7166666666667,753,230,78,52,9,77,0.407,0.358,0.813,0.501,0.472,0.201,0.074,111.4,103.9,7.5,1.01,0.024,0.103,0.065,0.063,21.5,-0.03747914246844033,-0.6539876528189392,-0.38728962175066994,-0.011330191731277306
202718,Chandler Parsons,HOU,2011-12,Defensive Player,Very Good,63,1804.365,599,300,134,73,29,81,0.452,0.337,0.551,0.513,0.506,0.163,0.086,104.5,102.6,1.9,1.65,0.051,0.118,0.114,0.084,22.80000000000001,-0.3581039619651214,-0.17265992535705196,0.06597961950418571,0.48498878759907776
201147,Corey Brewer,DEN,2011-12,Defensive Player,Very Good,59,1287.4566666666667,525,150,88,72,17,56,0.434,0.26,0.692,0.505,0.47,0.191,0.076,105.4,103.4,2.0,1.57,0.034,0.083,0.103,0.059,22.0,-0.252235774730481,-0.40371991286870185,-0.6505185256626134,0.3062141165842929
201584,Courtney Lee,HOU,2011-12,Defensive Player,Very Good,58,1756.9783333333332,660,159,88,68,22,64,0.433,0.401,0.826,0.534,0.508,0.173,0.079,104.2,103.0,1.2,1.38,0.015,0.08,0.079,0.046,22.400000000000006,-0.12084079623361133,-0.5385435929067153,-0.7922536243704696,0.3388578548662091
201161,Daequan Cook,OKC,2011-12,Defensive Player,Average,57,989.1916666666668,311,122,15,22,11,16,0.368,0.346,0.636,0.509,0.502,0.146,0.058,104.1,100.0,4.1,0.94,0.013,0.109,0.024,0.063,25.400000000000006,-0.713113194200483,-1.1161319928578566,-0.67385450878652,-0.07279291918143005
2563,Dahntay Jones,IND,2011-12,Defensive Player,Average,65,1051.9533333333334,346,117,63,23,11,46,0.409,0.429,0.838,0.533,0.468,0.156,0.066,98.9,103.0,-4.2,1.37,0.021,0.093,0.106,0.056,22.400000000000006,-0.4774472920856038,-0.47885923592240687,-0.7762989818376084,-0.23869558139162572
2863,Damien Wilkins,DET,2011-12,Defensive Player,Very Good,60,922.2416666666668,193,100,44,29,13,30,0.394,0.304,0.63,0.445,0.412,0.123,0.041,95.4,96.4,-1.0,1.47,0.024,0.089,0.079,0.056,29.0,-1.3325021725863329,-0.700450011089599,-0.8214064177599181,0.23148837957110754
200789,Daniel Gibson,CLE,2011-12,Defensive Player,Average,35,915.5616666666666,263,101,76,26,16,45,0.351,0.396,0.791,0.493,0.462,0.148,0.067,100.8,104.0,-3.2,1.69,0.011,0.097,0.136,0.053,21.400000000000006,-0.8245679580348827,-0.26249364868449243,-0.8569720020902938,-0.21577884761082988
201980,Danny Green,SAS,2011-12,Defensive Player,Very Good,66,1522.3333333333333,603,228,86,58,46,67,0.442,0.436,0.79,0.579,0.549,0.17,0.096,106.7,98.9,7.8,1.28,0.036,0.112,0.086,0.074,26.5,0.07338139758198521,-0.5065794022069713,-0.2524601815665173,0.7189575292597906
201967,Dante Cunningham,MEM,2011-12,Defensive Player,Very Good,64,1124.2216666666666,333,246,37,42,34,29,0.516,0.0,0.652,0.538,0.516,0.134,0.105,97.3,98.8,-1.6,1.28,0.081,0.142,0.054,0.111,26.60000000000001,-0.6192851526003539,-0.8666491837188977,0.2666678422126287,0.43764162171487997
2545,Darko Milicic,MIN,2011-12,Defensive Player,Average,29,472.075,134,97,17,9,25,32,0.454,0.0,0.432,0.458,0.454,0.17,0.047,95.3,100.1,-4.8,0.53,0.071,0.13,0.062,0.1,25.30000000000001,-0.9566593318996096,-0.8953017834863253,-0.2688217641049809,-0.07172160884141972
202365,Devin Ebanks,LAL,2011-12,Defensive Player,Average,24,395.8433333333333,97,54,12,11,6,18,0.416,0.0,0.657,0.465,0.416,0.136,0.04,104.5,104.7,-0.2,0.67,0.065,0.072,0.043,0.068,20.700000000000003,-1.1922154791422142,-1.0204356534614438,-0.7905859809523572,-0.5135022042508861
202354,Dexter Pittman,MIA,2011-12,Defensive Player,Average,35,300.95166666666665,106,71,9,8,8,17,0.468,0.0,0.643,0.498,0.468,0.179,0.04,96.4,95.2,1.2,0.53,0.091,0.15,0.049,0.12,30.200000000000003,-0.682265715305352,-0.9977688074189554,-0.0830165211866723,0.03381804791059747
201590,Donte Greene,SAC,2011-12,Defensive Player,Average,53,777.4216666666666,285,133,34,18,29,32,0.406,0.238,0.8,0.491,0.453,0.179,0.076,97.6,103.4,-5.8,1.06,0.022,0.137,0.069,0.078,22.0,-0.5932028099480101,-0.7934234576621539,-0.45357252979599744,-0.13188991404768133
202734,E'Twaun Moore,BOS,2011-12,Defensive Player,Very Good,38,331.00333333333333,110,33,34,11,3,21,0.381,0.378,1.0,0.474,0.456,0.19,0.082,87.2,84.1,3.1,1.62,0.012,0.083,0.188,0.048,41.30000000000001,-0.7360766857325928,-0.12492271080700379,-1.101100017302934,0.6664917097596498
2059,Eduardo Najera,CHA,2011-12,Defensive Player,Average,22,270.3283333333333,58,50,12,19,4,7,0.375,0.276,0.5,0.441,0.438,0.123,0.057,95.8,103.8,-8.0,1.71,0.041,0.16,0.072,0.097,21.60000000000001,-1.4527274231769323,-0.8575237067488443,-0.43174952045128984,-0.3979670212059831
202327,Ekpe Udoh,MIL,2011-12,Defensive Player,Elite,61,1289.9833333333331,340,254,57,40,102,53,0.431,0.0,0.754,0.493,0.431,0.139,0.063,106.3,97.4,8.9,1.08,0.078,0.116,0.064,0.097,28.0,-0.834923828872571,-0.73687882392296,0.10953971061642677,1.1871629931164909
1882,Elton Brand,PHI,2011-12,Defensive Player,Elite,60,1732.2616666666668,659,429,97,58,97,65,0.494,0.0,0.733,0.521,0.494,0.189,0.113,102.4,96.3,6.1,1.49,0.086,0.162,0.092,0.125,29.10000000000001,-0.07876220276937047,-0.43239687765174695,0.9305912832888985,1.3877103485451965
202339,Eric Bledsoe,LAC,2011-12,Defensive Player,Very Good,40,463.5683333333333,132,65,66,31,14,47,0.389,0.2,0.636,0.454,0.413,0.191,0.07,99.3,96.0,3.3,1.4,0.05,0.098,0.228,0.074,29.400000000000006,-0.8272416512222126,0.21753354490450993,-0.6849608907039575,0.2858304394706052
101128,Francisco Garcia,SAC,2011-12,Defensive Player,Very Good,49,798.2233333333334,234,99,31,36,37,22,0.376,0.29,0.8,0.483,0.459,0.143,0.066,95.3,102.2,-6.8,1.41,0.012,0.113,0.061,0.059,23.200000000000003,-0.9392590494017918,-0.8494037583085068,-0.7858408334295425,0.20605994092591692
2222,Gerald Wallace,NJN,2011-12,Defensive Player,Very Good,58,2075.505,800,386,164,85,36,111,0.454,0.307,0.8,0.547,0.491,0.183,0.113,102.7,100.1,2.5,1.48,0.042,0.146,0.129,0.094,25.30000000000001,0.12765284548207248,0.021995614336854485,0.42156672074620244,0.8270340785040852
255,Grant Hill,PHX,2011-12,Defensive Player,Average,49,1377.6966666666667,499,171,107,41,29,65,0.446,0.264,0.761,0.5,0.461,0.185,0.078,106.9,102.6,4.3,1.65,0.022,0.099,0.116,0.063,22.80000000000001,-0.3434962203537382,-0.2607762843903507,-0.5438389581869213,0.15342517357309585
201611,Henry Walker,NYK,2011-12,Defensive Player,Average,32,620.3066666666666,189,80,37,19,7,35,0.398,0.319,0.85,0.526,0.503,0.153,0.055,95.0,95.6,-0.6,1.06,0.014,0.122,0.101,0.067,29.80000000000001,-0.6526518739744729,-0.602619476977788,-0.7343377920817403,0.11417370620915575
202697,Iman Shumpert,NYK,2011-12,Defensive Player,Very Good,59,1705.4666666666667,563,186,164,101,8,111,0.401,0.306,0.798,0.484,0.446,0.178,0.071,103.9,100.2,3.7,1.48,0.025,0.089,0.152,0.056,25.200000000000003,-0.44006664241611854,0.1512016410399507,-0.5932158595647042,0.7036514259260946
201274,Ivan Johnson,ATL,2011-12,Defensive Player,Very Good,56,934.3216666666668,356,226,32,43,18,69,0.513,0.333,0.72,0.558,0.516,0.188,0.101,99.6,96.6,2.9,0.46,0.073,0.177,0.059,0.126,28.80000000000001,-0.09304197164535351,-0.8569593736560029,0.40469508510952756,0.41538384571293735
2747,JR Smith,NYK,2011-12,Defensive Player,Average,35,967.2333333333332,436,136,84,54,6,46,0.407,0.347,0.709,0.508,0.49,0.222,0.105,106.3,100.6,5.7,1.83,0.03,0.112,0.155,0.07,24.80000000000001,-0.07233047705009528,-0.12632070474235899,-0.5475296284824438,0.17293056979948815
202707,JaJuan Johnson,BOS,2011-12,Defensive Player,Average,36,298.1616666666667,114,58,6,5,14,14,0.446,0.0,0.667,0.456,0.446,0.216,0.088,87.5,94.2,-6.7,0.43,0.07,0.116,0.04,0.094,31.200000000000003,-0.6457752079793101,-1.0593667614002251,-0.4487414546960085,0.12219341816359937
202341,James Anderson,SAS,2011-12,Defensive Player,Average,51,603.0183333333333,190,79,41,8,2,30,0.379,0.279,0.75,0.483,0.434,0.164,0.055,108.7,101.6,7.1,1.37,0.028,0.103,0.094,0.067,23.80000000000001,-0.8172594790457461,-0.6272242850328554,-0.7369911706654055,-0.4029166564246536
201949,James Johnson,TOR,2011-12,Defensive Player,Very Good,62,1560.6733333333334,566,292,122,71,84,101,0.45,0.317,0.704,0.498,0.468,0.198,0.095,97.2,102.3,-5.1,1.21,0.05,0.145,0.138,0.098,23.10000000000001,-0.2114480474981897,-0.08199254118709765,0.2231077511003876,1.0383529844062933
2407,Jared Jeffries,NYK,2011-12,Defensive Player,Very Good,39,728.9533333333334,170,152,26,29,25,29,0.41,0.188,0.681,0.484,0.42,0.125,0.065,98.0,95.5,2.5,0.9,0.092,0.116,0.058,0.104,29.900000000000006,-1.111463721986489,-0.8846551749249497,-0.07192732478466954,0.40577715515253043
2202,Jason Richardson,ORL,2011-12,Defensive Player,Very Good,54,1591.0483333333334,629,194,107,53,22,60,0.408,0.368,0.594,0.502,0.493,0.196,0.084,105.0,102.4,2.6,1.78,0.022,0.103,0.112,0.062,23.0,-0.15778648411909452,-0.28324689773001965,-0.49555090506730026,0.21869021582123127
201160,Jason Smith,NOH,2011-12,Defensive Player,Average,40,947.05,396,196,34,21,41,40,0.52,0.111,0.702,0.537,0.522,0.202,0.103,98.9,100.8,-2.0,0.85,0.083,0.133,0.066,0.109,24.60000000000001,-0.08177752573044174,-0.8102764176669057,0.10851960442000419,0.17336589793283186
979,Jermaine O'Neal,BOS,2011-12,Defensive Player,Very Good,25,569.5316666666666,125,135,10,8,43,21,0.433,0.0,0.677,0.468,0.433,0.131,0.061,97.8,95.1,2.7,0.48,0.072,0.177,0.029,0.126,30.30000000000001,-1.1914731107684167,-1.1064421827949618,0.16323763399598734,0.3938047555230866
202366,Jerome Jordan,NYK,2011-12,Defensive Player,Average,21,107.56666666666666,42,27,4,1,6,2,0.515,0.0,0.8,0.561,0.515,0.152,0.091,106.5,96.5,10.0,2.0,0.126,0.121,0.051,0.124,28.900000000000006,-0.5658674819094781,-1.0049319573608122,-0.14880656164922318,-0.13532749822808432
711,Jerry Stackhouse,ATL,2011-12,Defensive Player,Average,30,272.58166666666665,108,23,14,10,3,13,0.37,0.342,0.913,0.49,0.435,0.196,0.078,93.9,93.6,0.3,1.08,0.022,0.059,0.092,0.041,31.80000000000001,-0.6021155119687827,-0.7378112574058231,-1.2168113832723488,0.09796093385106319
202710,Jimmy Butler III,CHI,2011-12,Defensive Player,Very Good,42,359.0316666666667,109,56,14,11,5,14,0.405,0.182,0.768,0.526,0.418,0.143,0.084,104.0,91.8,12.2,1.0,0.061,0.085,0.061,0.073,33.60000000000001,-0.7835486091543324,-0.9119585107882573,-0.7215809522616253,0.23431563988462475
201975,Jodie Meeks,PHI,2011-12,Defensive Player,Very Good,66,1643.7066666666667,556,161,54,40,3,29,0.409,0.365,0.906,0.551,0.513,0.147,0.074,100.8,95.3,5.5,1.86,0.01,0.086,0.049,0.048,30.10000000000001,-0.288974703360062,-0.8321826979137332,-0.7614675585937786,0.3089188744162669
202720,Jon Leuer,MIL,2011-12,Defensive Player,Average,46,554.5616666666666,218,120,25,14,17,18,0.508,0.333,0.75,0.536,0.516,0.17,0.093,102.1,100.2,1.9,1.39,0.077,0.14,0.072,0.107,25.200000000000003,-0.4501149978355028,-0.8096877195584468,-0.11861647654791749,-0.10672997367939104
202725,Josh Harrellson,NYK,2011-12,Defensive Player,Very Good,37,539.7066666666667,162,144,11,23,20,20,0.423,0.339,0.615,0.505,0.49,0.146,0.1,101.6,92.4,9.1,0.55,0.083,0.182,0.033,0.131,33.0,-0.843434529834966,-1.0802918781329545,0.25081631277237637,0.47516115016075383
2572,Josh Howard,UTA,2011-12,Defensive Player,Average,43,990.4983333333332,372,158,50,32,10,53,0.399,0.243,0.773,0.461,0.411,0.202,0.067,102.0,103.5,-1.5,0.94,0.039,0.129,0.081,0.082,21.900000000000006,-0.5336178514870431,-0.667136556485735,-0.33627944798564424,-0.18493811647464212
2746,Josh Smith,ATL,2011-12,Defensive Player,Elite,66,2328.665,1239,632,257,93,115,164,0.458,0.257,0.63,0.499,0.47,0.278,0.147,106.0,99.8,6.2,1.57,0.061,0.219,0.196,0.141,25.60000000000001,0.8652412848895557,0.7405896807537677,1.6730616046478346,1.7268310407681604
201950,Jrue Holiday,PHI,2011-12,Defensive Player,Very Good,65,2196.1016666666665,879,212,290,103,18,135,0.432,0.38,0.783,0.496,0.471,0.215,0.096,102.1,96.9,5.2,2.15,0.026,0.071,0.215,0.048,28.5,0.12728469081437352,0.9687549077543578,-0.6261452508268495,1.019439219496802
202695,Kawhi Leonard,SAS,2011-12,Defensive Player,Very Good,64,1534.3966666666668,507,327,70,85,24,44,0.493,0.376,0.773,0.573,0.543,0.141,0.108,107.4,102.3,5.1,1.59,0.07,0.147,0.066,0.109,23.10000000000001,-0.24244809694304606,-0.6778075300627281,0.45611219888015553,0.5763642253583091
2030,Kenyon Martin,LAC,2011-12,Defensive Player,Very Good,42,939.8566666666668,217,181,18,44,43,32,0.441,0.231,0.37,0.445,0.448,0.136,0.063,102.3,100.1,2.2,0.56,0.052,0.148,0.031,0.099,25.30000000000001,-1.2200283313889908,-1.065769345546421,-0.05867761738177785,0.47304044605480344
202338,Kevin Seraphin,WAS,2011-12,Defensive Player,Very Good,57,1175.8433333333332,453,280,33,19,76,66,0.531,0.0,0.671,0.549,0.531,0.181,0.101,99.2,99.8,-0.7,0.5,0.088,0.149,0.048,0.119,25.60000000000001,-0.12579172554341653,-0.915073869017754,0.45879994849469036,0.565509087213249
2039,Keyon Dooling,BOS,2011-12,Defensive Player,Average,46,661.56,182,39,51,13,2,34,0.405,0.333,0.742,0.515,0.488,0.153,0.049,90.9,101.0,-10.0,1.5,0.005,0.055,0.138,0.031,24.400000000000006,-0.7205928147247335,-0.34325062507311466,-1.3017538689805073,-0.3158570367033927
2550,Kirk Hinrich,ATL,2011-12,Defensive Player,Average,48,1236.6566666666668,316,101,132,38,11,58,0.414,0.346,0.781,0.511,0.493,0.138,0.061,102.3,100.0,2.2,2.28,0.009,0.077,0.162,0.043,25.400000000000006,-0.7566362336515117,0.08962805207429848,-0.9843685451370967,0.09298888783156097
2594,Kyle Korver,CHI,2011-12,Defensive Player,Very Good,65,1469.4733333333334,529,159,112,36,15,53,0.432,0.435,0.833,0.6,0.575,0.147,0.092,106.4,96.4,10.0,2.11,0.017,0.089,0.119,0.053,29.0,-0.028286450589974328,-0.22552486777390776,-0.7030760442377076,0.32425284814543615
202361,Landry Fields,NYK,2011-12,Defensive Player,Very Good,66,1893.7266666666667,580,278,169,79,17,102,0.46,0.256,0.562,0.506,0.49,0.157,0.094,103.4,97.4,6.0,1.66,0.032,0.117,0.141,0.075,28.0,-0.45575143747158603,0.10780591096755247,-0.10705159807857315,0.7312717074494918
202336,Larry Sanders,MIL,2011-12,Defensive Player,Elite,52,642.6033333333334,186,160,33,32,76,43,0.457,0.0,0.474,0.463,0.457,0.167,0.064,101.6,92.3,9.3,0.77,0.093,0.138,0.079,0.116,33.10000000000001,-0.9125333526310436,-0.74092661563532,0.10217555554081634,1.1408668682825733
202730,Lavoy Allen,PHI,2011-12,Defensive Player,Very Good,41,624.12,169,171,34,13,18,20,0.473,0.0,0.786,0.488,0.473,0.143,0.098,96.3,92.2,4.2,1.7,0.072,0.193,0.089,0.132,33.2,-0.9575460489498054,-0.6810703909638095,0.3351971888360191,0.36306352778139006
202351,Lazar Hayward,OKC,2011-12,Defensive Player,Average,26,140.83833333333334,37,16,4,3,1,9,0.342,0.286,0.583,0.427,0.395,0.172,0.006,83.5,105.0,-21.5,0.44,0.015,0.09,0.054,0.055,20.400000000000006,-1.1892134364262175,-0.9880789973560605,-1.0570298730924816,-0.6646068302875948
2736,Luol Deng,CHI,2011-12,Defensive Player,Very Good,54,2128.988333333333,828,350,157,56,36,96,0.412,0.367,0.77,0.5,0.464,0.195,0.104,105.3,96.2,9.1,1.64,0.037,0.125,0.117,0.081,29.200000000000003,-0.03303340117909984,-0.07117406493852012,0.16042958577340866,0.7556977859860985
202412,Manny Harris,CLE,2011-12,Defensive Player,Average,26,455.60333333333335,173,70,31,13,6,27,0.4,0.333,0.695,0.492,0.44,0.202,0.094,95.9,101.7,-5.8,1.15,0.023,0.131,0.13,0.076,23.700000000000003,-0.49988286661671716,-0.4617856781992179,-0.6462146891762706,-0.3165154532257546
201188,Marc Gasol,MEM,2011-12,Defensive Player,Elite,65,2370.31,952,579,204,62,121,121,0.482,0.083,0.748,0.541,0.483,0.191,0.135,104.2,98.3,5.9,1.69,0.052,0.204,0.138,0.127,27.10000000000001,0.26152612240063594,0.2197421472446403,1.3540773794480507,1.5544655862731798
201596,Mario Chalmers,MIA,2011-12,Defensive Player,Very Good,64,1825.0466666666664,627,171,222,97,11,142,0.448,0.388,0.792,0.578,0.549,0.169,0.085,107.0,96.4,10.6,1.56,0.01,0.086,0.183,0.049,29.0,0.07765095367601489,0.5387709911180043,-0.7221941184524454,0.9158261313701742
2605,Marquis Daniels,BOS,2011-12,Defensive Player,Very Good,38,483.5316666666667,121,66,47,21,9,28,0.364,0.0,0.739,0.395,0.364,0.174,0.068,92.2,93.8,-1.6,1.68,0.036,0.107,0.165,0.073,31.60000000000001,-1.2969571205166242,-0.20629275031970254,-0.6950471664249726,0.26088977518102907
101110,Martell Webster,MIN,2011-12,Defensive Player,Average,47,1139.5566666666666,324,168,40,31,17,46,0.423,0.339,0.792,0.533,0.491,0.135,0.06,105.1,108.4,-3.2,0.87,0.036,0.106,0.052,0.072,17.0,-0.6470426919342411,-0.8668454164217174,-0.43714220519579455,-0.4123751391340093
2588,Matt Bonner,SAS,2011-12,Defensive Player,Average,65,1325.5933333333332,429,214,61,15,21,14,0.44,0.42,0.762,0.597,0.59,0.129,0.09,113.9,99.5,14.4,4.36,0.024,0.138,0.064,0.084,25.900000000000006,-0.24932262952638307,-0.722160058633607,-0.16221093869102812,-0.014770482194137013
2679,Matt Carroll,CHA,2011-12,Defensive Player,Average,53,596.3216666666667,142,58,38,16,7,24,0.331,0.186,0.789,0.409,0.357,0.148,0.035,92.3,104.6,-12.3,1.58,0.013,0.089,0.108,0.049,20.80000000000001,-1.392100019787556,-0.5596162123110291,-1.0220258984066217,-0.4457024580513032
2230,Maurice Evans,WAS,2011-12,Defensive Player,Average,24,342.86833333333334,117,24,9,14,0,10,0.402,0.378,0.769,0.497,0.478,0.16,0.042,101.0,97.8,3.2,0.9,0.023,0.046,0.04,0.034,27.60000000000001,-0.8191397724815911,-1.0483276874332104,-1.3033355848214456,-0.13771564161281744
1897,Metta World Peace,LAL,2011-12,Defensive Player,Very Good,64,1720.0666666666666,493,218,140,69,27,69,0.394,0.296,0.617,0.478,0.454,0.153,0.063,102.6,101.2,1.4,2.03,0.043,0.08,0.127,0.062,24.200000000000003,-0.7078643364594415,-0.0775522840690984,-0.4318698190593336,0.5055649529089882
2554,Mickael Pietrus,BOS,2011-12,Defensive Player,Average,42,921.1266666666668,289,130,25,21,10,33,0.385,0.335,0.645,0.509,0.498,0.159,0.062,97.6,95.4,2.2,0.76,0.021,0.117,0.045,0.072,30.0,-0.6338122038616143,-0.961364359601212,-0.5379705913750751,0.176999759104897
2034,Mike Miller,MIA,2011-12,Defensive Player,Average,39,752.4166666666666,237,128,42,14,6,30,0.435,0.453,0.4,0.561,0.562,0.147,0.088,108.1,97.8,10.3,1.4,0.033,0.141,0.086,0.09,27.60000000000001,-0.4618458505485121,-0.6684858203898552,-0.3139635710581603,-0.07701085759438235
201564,O.J. Mayo,MEM,2011-12,Defensive Player,Very Good,66,1770.9266666666667,833,210,169,71,23,124,0.408,0.364,0.773,0.513,0.476,0.233,0.101,101.4,100.6,0.8,1.36,0.017,0.104,0.164,0.06,24.80000000000001,0.3230786325577577,0.23701193767064885,-0.4785761563380164,0.5210706278030239
202331,Paul George,IND,2011-12,Defensive Player,Elite,66,1957.6716666666664,798,370,158,108,38,117,0.44,0.385,0.802,0.555,0.51,0.191,0.118,105.5,99.1,6.4,1.35,0.029,0.157,0.133,0.094,26.30000000000001,0.23051469375396372,0.022388079742493815,0.379112663407558,1.1443350291409073
2047,Quentin Richardson,ORL,2011-12,Defensive Player,Average,48,866.0316666666666,215,123,38,28,6,29,0.376,0.347,0.833,0.511,0.482,0.128,0.068,95.1,99.8,-4.7,1.31,0.017,0.134,0.079,0.074,25.60000000000001,-0.9026770963971957,-0.7225281590236288,-0.5310649328513715,-0.04946112655702032
202347,Quincy Pondexter,MEM,2011-12,Defensive Player,Average,64,1001.9933333333332,271,126,27,27,5,30,0.452,0.301,0.623,0.517,0.498,0.128,0.051,100.5,97.8,2.7,0.9,0.053,0.074,0.041,0.063,27.60000000000001,-0.8279875390062164,-0.9764755902962043,-0.6632409944518588,0.04756939660060033
200751,Randy Foye,LAC,2011-12,Defensive Player,Average,65,1682.145,712,138,146,46,24,73,0.398,0.386,0.859,0.522,0.496,0.204,0.082,104.8,103.3,1.4,2.0,0.015,0.07,0.143,0.042,22.10000000000001,0.07498345777869493,0.03440831722360679,-0.8989331918461616,0.11351639571464099
1740,Rashard Lewis,WAS,2011-12,Defensive Player,Average,28,728.815,217,109,27,23,10,32,0.385,0.239,0.838,0.457,0.421,0.161,0.058,96.5,107.6,-11.1,0.84,0.044,0.102,0.059,0.072,17.80000000000001,-0.9684058453496368,-0.8753578302676943,-0.5936915416320458,-0.5190845506224097
2446,Rasual Butler,TOR,2011-12,Defensive Player,Average,34,453.2083333333333,110,66,19,7,5,15,0.308,0.273,0.583,0.398,0.387,0.154,0.039,88.6,100.2,-11.6,1.27,0.013,0.133,0.075,0.072,25.200000000000003,-1.4341467914444344,-0.8149129074877247,-0.7077868207296528,-0.30066908228444494
2210,Richard Jefferson,GSW,2011-12,Defensive Player,Average,63,1748.1833333333334,578,219,88,37,19,50,0.416,0.42,0.694,0.55,0.532,0.152,0.071,102.7,102.8,-0.1,1.76,0.015,0.113,0.077,0.064,22.60000000000001,-0.24222455274341362,-0.5497788995765498,-0.40373713186630766,-0.0009458532207777445
200758,Ronnie Brewer,CHI,2011-12,Defensive Player,Very Good,66,1634.9633333333334,455,231,137,72,21,59,0.427,0.275,0.56,0.465,0.448,0.151,0.085,103.6,96.5,7.1,2.32,0.045,0.092,0.128,0.07,28.900000000000006,-0.8242369306264118,-0.08297370470119597,-0.2954586630342425,0.752091230438151
200752,Rudy Gay,MEM,2011-12,Defensive Player,Elite,65,2422.1116666666667,1232,417,147,95,55,161,0.455,0.312,0.791,0.521,0.48,0.248,0.119,103.6,101.3,2.3,0.91,0.054,0.126,0.108,0.089,24.10000000000001,0.7663645768940995,-0.1585298581761579,0.4401231853164245,1.0523739138861792
200797,Ryan Hollins,BOS,2011-12,Defensive Player,Average,39,522.2116666666667,131,82,9,5,17,35,0.548,0.0,0.52,0.56,0.548,0.133,0.021,94.1,95.2,-1.1,0.26,0.063,0.09,0.029,0.076,30.200000000000003,-0.6464919224126539,-1.1101218741172998,-0.6143741461722871,0.09379113512331434
201970,Sam Young,PHI,2011-12,Defensive Player,Average,35,374.555,114,62,15,17,6,16,0.354,0.294,0.731,0.412,0.374,0.18,0.064,86.5,95.5,-9.0,0.94,0.048,0.114,0.066,0.079,29.900000000000006,-1.1608841552087694,-0.8801905527913327,-0.6292227549315519,0.0892089838344093
202396,Samardo Samuels,CLE,2011-12,Defensive Player,Average,54,825.2016666666667,292,180,20,20,20,56,0.455,0.0,0.701,0.517,0.455,0.184,0.072,92.0,98.4,-6.3,0.36,0.075,0.14,0.046,0.107,27.0,-0.40289641583744035,-0.974145162877986,0.04058623847199913,0.09154901104880264
2562,Sasha Pavlovic,BOS,2011-12,Defensive Player,Very Good,45,527.3916666666667,120,72,18,20,15,20,0.391,0.293,0.375,0.456,0.457,0.137,0.056,89.8,90.6,-0.8,0.9,0.008,0.129,0.058,0.071,34.80000000000001,-1.2197663974718094,-0.9140927055036558,-0.7046062035323415,0.4992481564195607
201586,Serge Ibaka,OKC,2011-12,Defensive Player,Elite,66,1791.8533333333332,603,498,28,33,241,79,0.535,0.333,0.661,0.556,0.536,0.153,0.11,106.4,100.5,5.8,0.35,0.117,0.156,0.024,0.138,24.900000000000006,-0.18257013017097998,-1.068296005667459,1.2792899115226466,2.3388214563219307
200761,Shawne Williams,NJN,2011-12,Defensive Player,Average,25,514.1883333333334,113,68,16,10,11,13,0.286,0.241,0.727,0.372,0.357,0.14,0.023,100.0,107.4,-7.4,1.23,0.036,0.106,0.053,0.068,18.0,-1.6831260348169905,-0.9495403548229187,-0.7534386807810434,-0.6319138698074925
1536,Stephen Jackson,SAS,2011-12,Defensive Player,Average,47,1211.5283333333334,461,163,118,54,13,103,0.374,0.288,0.825,0.485,0.432,0.213,0.074,103.8,102.0,1.7,1.15,0.018,0.118,0.151,0.068,23.400000000000006,-0.2516894249957053,-0.02368181312252684,-0.501367715332842,0.1614962727516919
201959,Taj Gibson,CHI,2011-12,Defensive Player,Elite,63,1284.4566666666667,484,332,47,27,81,60,0.495,0.0,0.622,0.522,0.495,0.182,0.119,102.9,89.4,13.5,0.78,0.101,0.141,0.065,0.122,36.0,-0.2504891040657044,-0.7680580838114255,0.6349945977593257,1.3100359312499332
202227,Terrel Harris,MIA,2011-12,Defensive Player,Average,22,318.2183333333333,80,51,26,9,2,25,0.349,0.205,0.667,0.434,0.398,0.168,0.042,92.6,101.0,-8.3,1.04,0.059,0.114,0.138,0.086,24.400000000000006,-1.1474632072021942,-0.43524290813157135,-0.5692323392191079,-0.3573024884566404
201152,Thaddeus Young,PHI,2011-12,Defensive Player,Very Good,63,1755.263333333333,808,325,74,64,41,55,0.507,0.25,0.771,0.538,0.507,0.212,0.116,105.6,97.4,8.2,1.35,0.08,0.107,0.07,0.094,28.0,0.294258190978364,-0.6406181514337062,0.25971062714262055,0.8186703994485534
202699,Tobias Harris,MIL,2011-12,Defensive Player,Average,42,479.015,208,101,22,13,7,31,0.467,0.261,0.815,0.54,0.485,0.2,0.097,100.0,99.3,0.7,0.71,0.06,0.147,0.075,0.103,26.10000000000001,-0.21484188041211183,-0.8038738335207098,-0.219989286856279,-0.1653867691038755
2754,Tony Allen,MEM,2011-12,Defensive Player,Elite,58,1525.2083333333333,568,233,79,104,33,94,0.469,0.308,0.8,0.541,0.478,0.181,0.093,102.8,96.9,5.9,0.84,0.067,0.093,0.083,0.08,28.5,-0.08859988801782913,-0.5491902014680908,-0.16275536282010908,1.181562542481202
2566,Travis Outlaw,SAC,2011-12,Defensive Player,Average,39,500.29333333333335,167,61,16,19,21,20,0.343,0.267,0.674,0.428,0.389,0.184,0.044,105.2,109.9,-4.8,0.8,0.035,0.085,0.047,0.059,15.5,-1.0019007543298095,-0.9832462748324219,-0.8866692196088231,-0.5843736509557163
2772,Trevor Ariza,NOH,2011-12,Defensive Player,Average,41,1350.0516666666667,444,215,135,69,25,76,0.417,0.333,0.775,0.496,0.453,0.181,0.101,99.0,106.1,-7.1,1.78,0.032,0.137,0.164,0.085,19.30000000000001,-0.43531148466521646,0.11190243271114775,-0.14681790580268256,0.197432117160281
1713,Vince Carter,DAL,2011-12,Defensive Player,Very Good,61,1542.0233333333333,615,205,139,56,25,84,0.411,0.361,0.826,0.519,0.48,0.2,0.087,104.0,96.9,7.0,1.65,0.021,0.111,0.143,0.067,28.5,-0.041402525461858096,0.008650477967238912,-0.40266546912358064,0.6032774094176487
2209,Vladimir Radmanovic,ATL,2011-12,Defensive Player,Average,49,755.0466666666666,220,143,54,21,15,35,0.376,0.37,0.759,0.524,0.503,0.146,0.085,98.7,96.1,2.6,1.54,0.046,0.145,0.115,0.095,29.30000000000001,-0.6929747039471067,-0.4614175778091961,-0.21046462077977962,0.18645880658560846
201961,Wayne Ellington,MIN,2011-12,Defensive Player,Average,51,973.31,311,99,33,26,10,26,0.404,0.324,0.8,0.487,0.462,0.156,0.064,101.3,102.7,-1.5,1.27,0.014,0.086,0.057,0.05,22.700000000000003,-0.7656941700137371,-0.8645149890034991,-0.900497722171665,-0.20010255406491187
202325,Wesley Johnson,MIN,2011-12,Defensive Player,Average,65,1468.4633333333334,393,177,59,35,48,60,0.398,0.314,0.706,0.477,0.465,0.141,0.049,100.8,106.1,-5.4,0.98,0.016,0.103,0.062,0.059,19.30000000000001,-0.8735425506046711,-0.740754747948118,-0.5788773039036509,0.07784744932834324
202083,Wesley Matthews,POR,2011-12,Defensive Player,Very Good,66,2227.708333333333,904,224,113,96,15,73,0.412,0.383,0.86,0.539,0.496,0.185,0.084,104.5,103.2,1.3,1.55,0.025,0.08,0.083,0.052,22.200000000000003,0.17155300888757138,-0.4240806965085897,-0.5433460906041448,0.546402834107535
202333,Xavier Henry,NOH,2011-12,Defensive Player,Average,45,759.0433333333333,239,106,35,26,8,35,0.395,0.412,0.612,0.45,0.41,0.184,0.061,98.7,100.5,-1.8,1.0,0.034,0.11,0.081,0.073,24.900000000000006,-0.8241922347903438,-0.722331926320809,-0.5889120230783614,-0.09107719696215111
202692,Alec Burks,UTA,2012-13,Defensive Player,Average,64,1136.6033333333332,451,145,92,35,13,74,0.42,0.359,0.713,0.507,0.463,0.196,0.074,106.0,102.1,4.0,1.24,0.033,0.098,0.127,0.065,23.30000000000001,-0.2575633129498795,-0.25417746754133524,-0.5873474927528579,-0.04124509058118483
202087,Alonzo Gee,CLE,2012-13,Defensive Player,Very Good,82,2540.5316666666668,842,320,133,107,29,132,0.41,0.315,0.795,0.505,0.456,0.166,0.064,102.7,109.7,-7.0,1.01,0.028,0.105,0.081,0.064,15.700000000000003,-0.2066436149881585,-0.36172217673165885,-0.1357458949161147,0.42011693465021493
1905,Andrei Kirilenko,MIN,2012-13,Defensive Player,Very Good,64,2033.8866666666668,791,362,177,96,62,119,0.507,0.292,0.752,0.59,0.538,0.17,0.125,102.7,103.2,-0.5,1.49,0.05,0.137,0.144,0.091,22.200000000000003,0.27185029497102103,0.15409640155101034,0.31966667182419484,1.0219236422519435
201229,Anthony Tolliver,ATL,2012-13,Defensive Player,Average,62,963.16,253,155,32,15,12,36,0.38,0.338,0.863,0.531,0.484,0.129,0.064,96.7,99.5,-2.9,0.89,0.032,0.128,0.052,0.08,25.900000000000006,-0.7536022308765423,-0.8962829470004235,-0.36971889234600075,-0.1058276582217897
201948,Austin Daye,MEM,2012-13,Defensive Player,Average,55,675.6333333333333,247,123,42,14,22,29,0.433,0.418,0.765,0.554,0.531,0.163,0.085,103.2,102.3,0.9,1.45,0.024,0.161,0.093,0.092,23.10000000000001,-0.3775294016200592,-0.6291622470454344,-0.3017511553671261,-0.1795274712679835
202340,Avery Bradley,BOS,2012-13,Defensive Player,Very Good,50,1434.635,461,111,104,64,19,72,0.402,0.317,0.755,0.461,0.444,0.189,0.049,101.6,102.4,-0.7,1.44,0.023,0.055,0.115,0.04,23.0,-0.564601863401614,-0.27743301169228274,-0.9960537222144847,0.302312816133445
203162,Ben Hansbrough,IND,2012-13,Defensive Player,Average,28,200.3,57,18,21,7,2,18,0.333,0.261,0.778,0.501,0.4,0.155,0.05,85.0,94.1,-9.1,1.17,0.008,0.071,0.202,0.039,31.30000000000001,-0.8761409738953416,-0.09411155130856003,-1.255557584800036,0.027382043508303717
203078,Bradley Beal,WAS,2012-13,Defensive Player,Very Good,56,1744.5716666666667,780,211,137,50,29,90,0.41,0.386,0.786,0.515,0.477,0.218,0.093,98.3,100.6,-2.2,1.52,0.024,0.096,0.136,0.06,24.80000000000001,0.1864855806174155,-0.0380324780218581,-0.47592277775435116,0.3641867901169084
201148,Brandan Wright,DAL,2012-13,Defensive Player,Very Good,64,1148.7583333333334,541,260,38,26,76,34,0.597,0.0,0.615,0.606,0.597,0.185,0.129,107.0,102.1,4.9,1.12,0.077,0.143,0.054,0.112,23.30000000000001,0.29285087225080364,-0.8629694923965594,0.31655479668862285,0.5029028751675768
2568,Carlos Delfino,HOU,2012-13,Defensive Player,Very Good,67,1689.263333333333,708,220,135,68,9,72,0.405,0.375,0.857,0.549,0.532,0.181,0.095,109.5,102.7,6.8,1.88,0.01,0.118,0.125,0.064,22.700000000000003,0.05810125204159813,-0.10718604735062422,-0.4010837532826424,0.22495722534111692
201858,Cartier Martin,WAS,2012-13,Defensive Player,Average,41,693.8733333333333,270,100,20,19,6,32,0.381,0.397,0.714,0.511,0.496,0.191,0.073,97.1,99.9,-2.9,0.63,0.015,0.125,0.049,0.069,25.5,-0.4018235351000488,-0.9572922028732345,-0.6557909117990741,-0.14858886050677853
202724,Charles Jenkins,PHI,2012-13,Defensive Player,Average,59,440.9483333333333,111,32,44,15,2,21,0.405,0.5,0.545,0.425,0.409,0.145,0.053,92.1,94.7,-2.6,2.1,0.017,0.05,0.167,0.033,30.700000000000003,-1.3449365036222638,-0.20609651761688288,-1.2948482104568035,0.07502014198509717
201978,Chase Budinger,MIN,2012-13,Defensive Player,Average,23,507.5933333333333,216,71,25,14,7,23,0.414,0.321,0.762,0.516,0.482,0.203,0.088,102.5,100.3,2.2,1.09,0.029,0.114,0.08,0.07,25.10000000000001,-0.3243321116272362,-0.7647464928791089,-0.7199992364206869,-0.2137800812150662
2547,Chris Bosh,MIA,2012-13,Defensive Player,Elite,74,2454.35,1232,501,123,66,101,128,0.535,0.284,0.798,0.592,0.546,0.225,0.129,112.2,102.4,9.8,0.96,0.064,0.153,0.081,0.113,23.0,1.0039385597971024,-0.3985190899550415,0.9687586896566349,1.1526675902620158
202698,Chris Singleton,WAS,2012-13,Defensive Player,Average,57,923.965,231,184,37,38,24,45,0.382,0.194,0.571,0.425,0.396,0.154,0.045,97.0,100.5,-3.6,0.82,0.054,0.146,0.065,0.099,24.900000000000006,-1.1925142932385053,-0.8048549970348082,-0.05071748163078202,0.19513858234675252
201147,Corey Brewer,DEN,2012-13,Defensive Player,Very Good,82,2002.6583333333333,990,235,124,118,23,102,0.425,0.296,0.69,0.506,0.476,0.228,0.088,106.6,102.7,3.9,1.22,0.027,0.084,0.097,0.056,22.700000000000003,0.35967385109587696,-0.30495694527402756,-0.46320030896510567,0.884669868299729
201584,Courtney Lee,BOS,2012-13,Defensive Player,Very Good,78,1940.9666666666667,612,190,143,89,21,84,0.464,0.372,0.861,0.545,0.519,0.155,0.079,101.2,103.0,-1.8,1.7,0.018,0.084,0.116,0.052,22.400000000000006,-0.22433172388526876,-0.1283073967861731,-0.6335609624487644,0.5463290125676873
201161,Daequan Cook,CHI,2012-13,Defensive Player,Average,49,440.75,137,61,19,8,7,15,0.305,0.286,0.75,0.398,0.383,0.181,0.043,99.3,104.8,-5.4,1.27,0.015,0.129,0.072,0.069,20.60000000000001,-1.2170227545512367,-0.8317658674924764,-0.7592726765620199,-0.5403442965676993
2563,Dahntay Jones,ATL,2012-13,Defensive Player,Average,78,1016.56,262,101,48,22,6,38,0.369,0.224,0.77,0.482,0.394,0.135,0.029,98.7,102.6,-3.9,1.26,0.024,0.072,0.07,0.049,22.80000000000001,-0.983348272031307,-0.736290125814501,-0.9079306193090149,-0.276142394325499
2863,Damien Wilkins,PHI,2012-13,Defensive Player,Average,61,1095.125,388,105,91,37,18,49,0.459,0.333,0.743,0.533,0.486,0.171,0.071,100.9,105.7,-4.8,1.86,0.029,0.069,0.134,0.049,19.700000000000003,-0.33735180598887804,-0.21853358551925287,-0.8973171049743537,-0.1814518748674081
201980,Danny Green,SAS,2012-13,Defensive Player,Elite,80,2200.565,838,244,141,92,54,94,0.448,0.429,0.848,0.6,0.581,0.164,0.089,106.3,98.7,7.5,1.5,0.018,0.092,0.095,0.057,26.700000000000003,0.31899676440091423,-0.25363749946411146,-0.42658024740743783,1.1639345161968773
201967,Dante Cunningham,MIN,2012-13,Defensive Player,Very Good,80,2010.05,695,408,67,84,38,56,0.468,0.0,0.65,0.485,0.468,0.17,0.092,100.4,102.5,-2.1,1.2,0.069,0.139,0.056,0.102,22.900000000000006,-0.3977213037430672,-0.7450231373789152,0.5818582840242809,0.6958964234531116
201589,Darrell Arthur,MEM,2012-13,Defensive Player,Average,59,969.9716666666668,362,169,33,24,33,43,0.451,0.278,0.717,0.477,0.458,0.196,0.065,96.2,100.9,-4.6,0.77,0.07,0.11,0.06,0.09,24.5,-0.49327165394894196,-0.8476620289987473,-0.20517504912788395,0.11763480721823671
201960,DeMarre Carroll,UTA,2012-13,Defensive Player,Very Good,66,1110.8116666666667,393,188,61,58,24,34,0.46,0.286,0.765,0.535,0.491,0.158,0.091,105.9,100.4,5.6,1.79,0.081,0.096,0.085,0.088,25.0,-0.4174772557615989,-0.6041893386003452,-0.18024016464760428,0.4082413086179411
203199,DeQuan Jones,ORL,2012-13,Defensive Player,Average,63,803.0183333333333,233,105,16,19,22,30,0.436,0.257,0.667,0.485,0.456,0.146,0.051,98.8,109.3,-10.5,0.53,0.02,0.11,0.03,0.064,16.10000000000001,-0.9065836797353336,-1.0787463815260148,-0.7062222904041493,-0.5390033819229417
965,Derek Fisher,OKC,2012-13,Defensive Player,Average,33,574.735,175,37,47,19,3,30,0.342,0.375,0.921,0.492,0.435,0.164,0.043,106.2,100.3,5.9,1.57,0.004,0.061,0.117,0.034,25.10000000000001,-0.7766188871981652,-0.47594011039572953,-1.2688416632337969,-0.20244312253579658
2748,Dorell Wright,PHI,2012-13,Defensive Player,Very Good,79,1782.7783333333334,729,302,150,62,35,64,0.396,0.374,0.851,0.551,0.508,0.181,0.115,98.3,104.4,-6.1,2.34,0.022,0.152,0.138,0.084,21.0,0.0846804520125718,0.02103881583837384,0.07128637667151627,0.32596016420697643
203117,Doron Lamb,ORL,2012-13,Defensive Player,Average,47,577.7783333333333,154,46,32,13,0,26,0.368,0.378,0.588,0.433,0.411,0.152,0.024,97.7,104.7,-7.0,1.23,0.013,0.067,0.085,0.039,20.700000000000003,-1.216943435487944,-0.7109003869481549,-1.181262984457408,-0.5534842623926973
203110,Draymond Green,GSW,2012-13,Defensive Player,Very Good,79,1060.9283333333333,227,260,53,42,25,51,0.327,0.209,0.818,0.404,0.354,0.135,0.051,97.0,97.9,-0.9,1.04,0.055,0.178,0.076,0.118,27.5,-1.4545563084418223,-0.6841857491933063,0.39299272251670453,0.39946365323177907
202327,Ekpe Udoh,MIL,2012-13,Defensive Player,Very Good,76,1312.246666666667,323,251,43,39,85,43,0.435,0.0,0.748,0.503,0.435,0.121,0.064,98.9,100.3,-1.5,1.0,0.081,0.105,0.049,0.092,25.10000000000001,-0.921776675843919,-0.8726593024594542,0.0378813033420294,0.8344161844823891
202339,Eric Bledsoe,LAC,2012-13,Defensive Player,Elite,76,1553.0083333333334,643,225,233,109,55,137,0.445,0.397,0.791,0.513,0.473,0.219,0.125,102.6,98.4,4.1,1.7,0.053,0.094,0.249,0.074,27.0,0.08357358663289126,0.9500127157682624,-0.26042031731751314,1.3678215526661033
101128,Francisco Garcia,HOU,2012-13,Defensive Player,Average,58,1029.4116666666666,321,91,63,46,38,32,0.393,0.374,0.857,0.519,0.505,0.146,0.063,103.6,105.5,-1.9,1.97,0.008,0.08,0.095,0.044,19.900000000000006,-0.648726342857679,-0.5406534226064963,-0.9981626766690692,0.1259006066487505
202066,Garrett Temple,WAS,2012-13,Defensive Player,Very Good,51,1155.5966666666666,262,123,115,50,17,61,0.407,0.325,0.703,0.478,0.457,0.13,0.059,99.3,99.6,-0.3,1.89,0.025,0.082,0.151,0.054,25.80000000000001,-1.042820827163297,-0.03472088708954164,-0.7858580189449773,0.3015318971295407
101123,Gerald Green,IND,2012-13,Defensive Player,Very Good,60,1080.445,421,141,50,19,23,53,0.366,0.314,0.8,0.465,0.435,0.207,0.078,95.6,96.3,-0.7,0.94,0.027,0.095,0.087,0.061,29.10000000000001,-0.4388089987014623,-0.6334306364762317,-0.6489196243062403,0.23492485772366414
2222,Gerald Wallace,BKN,2012-13,Defensive Player,Very Good,69,2075.7233333333334,531,319,181,97,46,110,0.397,0.282,0.637,0.49,0.448,0.143,0.079,107.1,103.0,4.0,1.65,0.034,0.124,0.131,0.079,22.400000000000006,-0.6850550632671064,0.09578567348643952,0.052695541070424456,0.8821565161509958
255,Grant Hill,LAC,2012-13,Defensive Player,Average,29,436.67333333333335,93,49,26,11,7,25,0.388,0.273,0.583,0.428,0.403,0.138,0.033,101.0,101.2,-0.2,1.04,0.014,0.095,0.09,0.055,24.200000000000003,-1.3920079502356162,-0.7048902682075984,-0.9694683798315274,-0.29774337757455455
201880,Greg Stiemsma,MIN,2012-13,Defensive Player,Very Good,76,1209.3433333333332,307,261,30,44,90,59,0.457,0.0,0.768,0.498,0.457,0.136,0.064,97.2,100.6,-3.4,0.51,0.05,0.176,0.04,0.111,24.80000000000001,-0.85209550879901,-0.9710541696641067,0.3064685209676078,0.9191839166744608
203084,Harrison Barnes,GSW,2012-13,Defensive Player,Average,81,2057.5316666666668,748,333,98,52,14,101,0.439,0.359,0.758,0.526,0.481,0.174,0.077,104.5,102.5,2.0,0.97,0.026,0.129,0.072,0.08,22.900000000000006,-0.09579949779974588,-0.5410702530277532,0.10258249554641864,0.12151367335338925
101133,Ian Mahinmi,IND,2012-13,Defensive Player,Very Good,80,1322.1266666666668,402,311,27,39,66,92,0.453,0.0,0.608,0.497,0.453,0.172,0.059,94.3,99.6,-5.3,0.29,0.086,0.151,0.038,0.118,25.80000000000001,-0.5257665421733373,-0.9933285503009559,0.5283150302836337,0.6833126409586631
202697,Iman Shumpert,NYK,2012-13,Defensive Player,Average,45,996.2716666666666,305,136,75,43,7,37,0.396,0.402,0.766,0.516,0.489,0.155,0.071,105.3,104.7,0.6,2.03,0.032,0.113,0.12,0.072,20.700000000000003,-0.6115329957936517,-0.3560557933655064,-0.5220503198730835,-0.17182112622183165
201580,JaVale McGee,DEN,2012-13,Defensive Player,Elite,79,1433.4116666666666,717,381,24,30,157,90,0.575,1.0,0.591,0.589,0.576,0.206,0.111,105.4,102.8,2.6,0.27,0.113,0.141,0.027,0.128,22.60000000000001,0.47630509213838984,-1.0661618109520603,0.8414480741870062,1.322734638635047
203109,Jae Crowder,DAL,2012-13,Defensive Player,Very Good,78,1353.165,392,187,94,63,17,49,0.384,0.328,0.644,0.491,0.47,0.146,0.062,101.5,101.8,-0.3,1.92,0.026,0.112,0.103,0.069,23.60000000000001,-0.7576157823786422,-0.3816417649346723,-0.4249469750201951,0.30696933021869005
202341,James Anderson,HOU,2012-13,Defensive Player,Average,39,401.2466666666666,149,72,42,15,5,25,0.413,0.35,0.857,0.539,0.496,0.169,0.095,113.1,101.2,11.9,1.68,0.047,0.125,0.144,0.088,24.200000000000003,-0.4900421475798277,-0.3426619269646558,-0.48803208035277645,-0.2765328538274519
201949,James Johnson,SAC,2012-13,Defensive Player,Average,54,878.4333333333333,276,145,58,41,50,68,0.413,0.095,0.597,0.442,0.417,0.187,0.054,97.9,113.0,-15.1,0.85,0.053,0.116,0.11,0.083,12.400000000000006,-0.8212885677448045,-0.4747870791944292,-0.3580337152686126,-0.24515670287720806
2592,James Jones,MIA,2012-13,Defensive Player,Average,38,220.57333333333327,60,22,13,2,6,3,0.344,0.302,0.5,0.478,0.475,0.135,0.063,90.8,97.6,-6.8,4.33,0.0,0.088,0.11,0.049,27.80000000000001,-1.1518905010462046,-0.6403731886996513,-1.1175475274185716,-0.18959627784422492
2202,Jason Richardson,PHI,2012-13,Defensive Player,Average,33,936.4816666666668,347,127,51,40,15,26,0.402,0.341,0.606,0.495,0.487,0.183,0.079,101.9,102.7,-0.8,1.96,0.02,0.121,0.081,0.068,22.700000000000003,-0.4963395031145903,-0.6634568651633967,-0.596889344344792,-0.004456152913182132
1891,Jason Terry,BOS,2012-13,Defensive Player,Very Good,79,2123.6183333333333,799,159,198,66,11,102,0.434,0.372,0.87,0.566,0.529,0.173,0.09,100.5,100.7,-0.2,1.94,0.01,0.067,0.152,0.039,24.700000000000003,0.16236006375589648,0.2763111459994518,-0.8814312045032318,0.34197877756964323
201145,Jeff Green,BOS,2012-13,Defensive Player,Very Good,81,2251.475,1036,318,128,56,68,132,0.467,0.385,0.808,0.561,0.51,0.216,0.106,100.2,101.3,-1.1,0.97,0.026,0.115,0.1,0.072,24.10000000000001,0.6194654083238845,-0.27338521997992277,-0.03913541764600298,0.7798077913319564
203106,Jeffery Taylor,CHA,2012-13,Defensive Player,Average,77,1507.4416666666666,472,150,63,47,15,48,0.431,0.344,0.728,0.531,0.497,0.147,0.055,96.9,105.5,-8.6,1.31,0.033,0.066,0.072,0.049,19.900000000000006,-0.4639019376748501,-0.6698594493095926,-0.7779150687094163,-0.0964397024836056
202719,Jeremy Tyler,ATL,2012-13,Defensive Player,Very Good,21,68.41333333333333,22,20,1,1,2,6,0.375,0.0,0.667,0.413,0.375,0.196,0.055,86.9,85.0,1.9,0.17,0.083,0.187,0.028,0.136,40.400000000000006,-1.104384607693727,-1.1451770580309233,-0.014504360078716583,0.4998814088289052
711,Jerry Stackhouse,BKN,2012-13,Defensive Player,Average,37,543.6816666666666,182,33,35,7,4,24,0.384,0.337,0.87,0.5,0.471,0.166,0.057,102.9,102.2,0.7,1.46,0.009,0.056,0.107,0.031,23.200000000000003,-0.711189590926951,-0.5762729396129611,-1.3176741404824992,-0.4282958963865225
202710,Jimmy Butler III,CHI,2012-13,Defensive Player,Very Good,82,2133.5733333333333,705,328,115,78,31,62,0.467,0.381,0.803,0.574,0.506,0.144,0.106,103.2,100.7,2.4,1.85,0.064,0.092,0.088,0.077,24.700000000000003,-0.07198162606968021,-0.388633047189327,0.051096639714051345,0.6686644128908369
201975,Jodie Meeks,LAL,2012-13,Defensive Player,Average,78,1663.23,618,171,69,58,5,52,0.387,0.357,0.896,0.54,0.502,0.161,0.07,106.2,104.9,1.3,1.33,0.022,0.076,0.066,0.049,20.5,-0.20466961892187488,-0.6814872213850663,-0.7221941184524454,-0.04838654516319835
2746,Josh Smith,ATL,2012-13,Defensive Player,Elite,76,2682.855,1327,639,321,94,136,226,0.465,0.303,0.517,0.501,0.491,0.263,0.123,104.6,102.8,1.8,1.42,0.052,0.188,0.204,0.121,22.60000000000001,0.830330232319751,1.0210311520627546,1.4368421686398856,1.7733951226224878
202695,Kawhi Leonard,SAS,2012-13,Defensive Player,Elite,58,1810.131666666667,689,346,93,97,32,62,0.494,0.374,0.825,0.592,0.556,0.164,0.115,107.5,97.3,10.1,1.5,0.04,0.155,0.077,0.101,28.10000000000001,0.16580528395613356,-0.5313804429648584,0.4046091575323535,1.0754136678901454
203145,Kent Bazemore,GSW,2012-13,Defensive Player,Very Good,61,266.8183333333333,123,22,22,17,4,18,0.371,0.294,0.614,0.454,0.414,0.247,0.063,91.1,90.1,1.0,1.22,0.019,0.055,0.159,0.038,35.30000000000001,-0.4237849960046147,-0.3319909533876626,-1.257683724770055,0.38624930109557837
203119,Kim English,DET,2012-13,Defensive Player,Average,41,406.56666666666666,119,37,26,16,3,19,0.375,0.28,0.724,0.477,0.438,0.152,0.038,100.6,107.2,-6.5,1.37,0.019,0.076,0.097,0.047,18.200000000000003,-0.9906120551843758,-0.6655666948631778,-1.1032261572729531,-0.6389344691923005
2594,Kyle Korver,ATL,2012-13,Defensive Player,Very Good,74,2258.735,810,293,146,70,37,70,0.461,0.457,0.859,0.637,0.618,0.141,0.089,106.0,101.9,4.1,2.09,0.011,0.118,0.094,0.067,23.5,0.3419823463286193,-0.24085669618733735,-0.16916815376103625,0.5759726833433733
202713,Kyle Singler,DET,2012-13,Defensive Player,Very Good,82,2292.923333333333,720,330,77,57,37,98,0.428,0.35,0.806,0.517,0.483,0.155,0.058,101.5,105.5,-4.1,0.79,0.048,0.101,0.053,0.074,19.900000000000006,-0.3065386529331122,-0.7250791841602843,0.018184433967340985,0.22975813496710928
202362,Lance Stephenson,IND,2012-13,Defensive Player,Very Good,78,2278.1016666666665,687,304,223,81,16,109,0.46,0.33,0.652,0.53,0.512,0.149,0.088,107.0,98.9,8.2,2.05,0.021,0.112,0.15,0.067,26.5,-0.29993148943197073,0.35706812238807406,-0.1399809893407182,0.6537449567487893
202336,Larry Sanders,MIL,2012-13,Defensive Player,Elite,71,1937.4466666666667,696,672,83,53,201,87,0.506,0.0,0.618,0.523,0.506,0.169,0.122,101.8,100.2,1.5,0.95,0.107,0.22,0.068,0.162,25.200000000000003,-0.18705426117787005,-0.6187362362024962,2.0467294883927316,2.1589765574801185
2736,Luol Deng,CHI,2012-13,Defensive Player,Very Good,75,2902.873333333333,1237,476,222,81,32,144,0.426,0.322,0.816,0.508,0.461,0.21,0.111,101.9,101.9,0.0,1.54,0.055,0.11,0.131,0.083,23.5,0.4174640324743013,0.24665301770230846,0.5202345959245942,0.6393603556494419
202705,MarShon Brooks,BKN,2012-13,Defensive Player,Average,73,911.7816666666666,394,104,76,34,16,69,0.463,0.273,0.734,0.523,0.485,0.217,0.085,98.5,101.6,-3.1,1.1,0.036,0.083,0.153,0.059,23.80000000000001,-0.05345809946481995,-0.1669935419908996,-0.7725739405112161,0.008123276014472084
201188,Marc Gasol,MEM,2012-13,Defensive Player,Elite,80,2796.05,1127,622,318,80,139,157,0.494,0.071,0.848,0.559,0.494,0.192,0.146,104.5,96.3,8.2,2.03,0.069,0.166,0.19,0.117,29.10000000000001,0.4979633191598542,0.9313449314068987,1.3407761154988547,2.040593821317105
201596,Mario Chalmers,MIA,2012-13,Defensive Player,Very Good,77,2067.508333333333,666,171,273,118,12,119,0.429,0.409,0.795,0.576,0.545,0.156,0.079,113.9,100.2,13.7,2.29,0.011,0.076,0.183,0.046,25.200000000000003,-0.0008255772290018948,0.7264352485572559,-0.7604130813664863,0.9202644518896875
2605,Marquis Daniels,MIL,2012-13,Defensive Player,Very Good,59,1085.0866666666666,324,150,65,51,10,45,0.376,0.278,0.741,0.432,0.405,0.166,0.059,96.2,100.0,-3.8,1.44,0.039,0.095,0.096,0.065,25.400000000000006,-0.9975789043997706,-0.5276763866269025,-0.5740805998345315,0.21756914202654362
101107,Marvin Williams,UTA,2012-13,Defensive Player,Average,73,1727.1516666666666,529,263,77,37,38,60,0.423,0.325,0.778,0.515,0.481,0.151,0.076,100.9,103.9,-3.0,1.28,0.032,0.124,0.072,0.078,21.5,-0.48499509955144937,-0.6183437707968569,-0.10863331391951138,0.12665582028314684
2440,Matt Barnes,LAC,2012-13,Defensive Player,Elite,80,2057.915,822,366,123,82,63,90,0.462,0.342,0.744,0.566,0.544,0.176,0.1,106.5,99.1,7.4,1.37,0.056,0.124,0.095,0.09,26.30000000000001,0.20090793537814836,-0.3198719432662003,0.3175405318541757,1.1278761928216101
2588,Matt Bonner,SAS,2012-13,Defensive Player,Average,68,908.5533333333332,288,129,36,17,19,16,0.487,0.442,0.733,0.609,0.602,0.124,0.073,105.3,101.1,4.3,2.25,0.029,0.116,0.057,0.073,24.30000000000001,-0.31899660478771913,-0.8534759150364843,-0.5278843156540601,-0.10829016440286195
203090,Maurice Harkless,ORL,2012-13,Defensive Player,Very Good,76,1973.605,625,335,50,88,62,69,0.461,0.274,0.57,0.504,0.489,0.156,0.072,96.4,108.0,-11.6,0.72,0.06,0.11,0.04,0.084,17.400000000000006,-0.44205529001430605,-0.8974603432173414,0.15884786993247044,0.657010298507836
1897,Metta World Peace,LAL,2012-13,Defensive Player,Elite,75,2529.635,929,372,112,122,42,98,0.403,0.342,0.734,0.517,0.488,0.174,0.075,107.9,103.7,4.2,1.14,0.04,0.103,0.067,0.072,21.700000000000003,-0.01672936698414096,-0.5176428411896036,0.10414702587192198,1.0595924610618523
2399,Mike Dunleavy,MIL,2012-13,Defensive Player,Very Good,75,1942.55,785,291,145,39,35,90,0.442,0.428,0.82,0.577,0.545,0.17,0.099,104.0,102.4,1.6,1.61,0.015,0.13,0.114,0.072,23.0,0.19319543074731735,-0.13218332081133102,-0.11077663940496546,0.205158166724807
201956,Omri Casspi,CLE,2012-13,Defensive Player,Average,43,502.66833333333335,173,114,28,25,12,22,0.394,0.329,0.537,0.486,0.472,0.177,0.1,95.4,98.7,-3.2,1.27,0.036,0.193,0.093,0.109,26.700000000000003,-0.7172001354406244,-0.6806779255581702,-0.10905743944054852,0.044789711200931524
203111,Orlando Johnson,IND,2012-13,Defensive Player,Average,51,618.6566666666666,203,110,47,11,9,29,0.4,0.383,0.719,0.523,0.5,0.161,0.097,97.0,97.7,-0.7,1.62,0.033,0.138,0.135,0.088,27.700000000000003,-0.6011445410236058,-0.3748223503672194,-0.3872036941734959,-0.0718670868951506
202331,Paul George,IND,2012-13,Defensive Player,Elite,79,2971.893333333333,1377,603,327,143,51,233,0.419,0.362,0.807,0.531,0.491,0.231,0.134,104.4,98.1,6.4,1.4,0.03,0.167,0.191,0.101,27.30000000000001,0.8036583389234525,0.9700798066428602,1.08652745353433,1.6972644390712706
203112,Quincy Acy,TOR,2012-13,Defensive Player,Average,29,342.33666666666664,116,77,11,13,15,17,0.56,0.5,0.816,0.632,0.567,0.146,0.095,110.6,95.9,14.8,0.65,0.092,0.135,0.051,0.114,29.5,-0.150480282966483,-0.9791741181044444,-0.14353417551276226,0.11531883808901282
202347,Quincy Pondexter,MEM,2012-13,Defensive Player,Average,59,1243.185,375,132,61,35,6,42,0.428,0.395,0.787,0.565,0.528,0.134,0.069,102.6,101.1,1.5,1.45,0.035,0.074,0.076,0.054,24.30000000000001,-0.43462341999919446,-0.6547482186146002,-0.7619776116919899,-0.05331266355318994
1740,Rashard Lewis,MIA,2012-13,Defensive Player,Average,55,791.9816666666667,285,121,30,21,14,33,0.414,0.389,0.622,0.53,0.516,0.177,0.075,102.0,104.1,-2.1,0.91,0.027,0.134,0.063,0.083,21.30000000000001,-0.3848598621762828,-0.8418481429610105,-0.42171480127657923,-0.29369605781348457
2210,Richard Jefferson,GSW,2012-13,Defensive Player,Average,56,568.3633333333333,176,84,31,14,7,23,0.456,0.311,0.717,0.552,0.507,0.139,0.083,100.3,97.9,2.4,1.35,0.009,0.134,0.088,0.075,27.5,-0.6158576177204517,-0.6977271182657415,-0.621807043309637,-0.07276886109626053
200758,Ronnie Brewer,OKC,2012-13,Defensive Player,Average,60,852.3066666666666,179,140,50,43,6,18,0.354,0.303,0.41,0.416,0.412,0.124,0.065,104.4,104.1,0.2,2.78,0.048,0.121,0.087,0.083,21.30000000000001,-1.5010863254405369,-0.6334306364762317,-0.37130060818693894,-0.14668578519520212
201579,Roy Hibbert,IND,2012-13,Defensive Player,Elite,79,2268.77,937,656,113,39,206,162,0.448,0.25,0.741,0.489,0.449,0.223,0.101,106.1,97.3,8.7,0.7,0.133,0.151,0.083,0.142,28.10000000000001,0.18765243195000414,-0.4240806965085897,1.7494823449604815,2.234893354002672
200752,Rudy Gay,TOR,2012-13,Defensive Player,Elite,75,2687.0133333333333,1366,461,202,113,53,198,0.416,0.323,0.814,0.494,0.449,0.264,0.113,104.1,99.9,4.2,1.02,0.038,0.142,0.134,0.089,25.5,0.8257527693025998,0.18991215126029481,0.5568718429976968,1.300900063838952
200797,Ryan Hollins,LAC,2012-13,Defensive Player,Average,60,663.2466666666667,206,139,11,6,34,44,0.614,0.0,0.75,0.674,0.614,0.133,0.058,101.2,96.9,4.4,0.25,0.081,0.128,0.027,0.106,28.5,0.05939337455877958,-1.1139977981424578,-0.08094193776295755,0.17626643852970467
201970,Sam Young,IND,2012-13,Defensive Player,Average,56,692.915,155,123,42,15,8,33,0.392,0.308,0.535,0.464,0.446,0.129,0.064,93.5,99.2,-5.7,1.27,0.037,0.127,0.107,0.084,26.200000000000003,-1.2073497517562133,-0.5505151003565932,-0.4036683898045684,-0.12867111171922926
201586,Serge Ibaka,OKC,2012-13,Defensive Player,Elite,80,2486.3283333333334,1055,617,43,28,242,125,0.573,0.351,0.749,0.612,0.586,0.178,0.116,110.8,100.2,10.6,0.34,0.1,0.147,0.028,0.126,25.200000000000003,0.6465832659127345,-0.990630022492716,1.442166111322651,2.314758508148294
1536,Stephen Jackson,SAS,2012-13,Defensive Player,Average,55,1075.085,341,155,80,37,14,77,0.373,0.271,0.7,0.473,0.442,0.183,0.056,104.4,99.8,4.7,1.04,0.022,0.122,0.11,0.075,25.60000000000001,-0.626452193161464,-0.3938338701029873,-0.43341716386940227,0.12473085191236725
201959,Taj Gibson,CHI,2012-13,Defensive Player,Very Good,65,1459.3766666666668,517,345,61,27,90,76,0.485,0.0,0.679,0.518,0.485,0.177,0.098,103.3,98.1,5.3,0.8,0.086,0.152,0.071,0.119,27.30000000000001,-0.2861637444513984,-0.6828364852891864,0.6312695564329334,0.8899274343469142
2419,Tayshaun Prince,MEM,2012-13,Defensive Player,Very Good,82,2631.605,852,364,196,48,25,89,0.438,0.404,0.738,0.486,0.461,0.17,0.093,103.8,101.5,2.3,2.2,0.029,0.113,0.122,0.071,23.900000000000006,-0.27878338526266017,0.10042216330725841,0.0701803428979195,0.25011500068344183
202227,Terrel Harris,NOH,2012-13,Defensive Player,Very Good,20,137.15166666666667,15,26,9,2,3,17,0.148,0.0,0.7,0.239,0.148,0.164,-0.024,89.2,89.3,0.0,0.53,0.032,0.169,0.107,0.102,36.10000000000001,-2.338539375522453,-0.6719449139937561,-0.43173233493585506,0.2677151330574287
203082,Terrence Ross,TOR,2012-13,Defensive Player,Average,73,1239.2683333333334,467,144,53,43,14,48,0.407,0.332,0.714,0.491,0.478,0.191,0.06,103.3,106.2,-2.8,1.1,0.028,0.093,0.073,0.06,19.200000000000003,-0.37410791960546796,-0.7010387091980581,-0.6536991428599248,-0.18913089077457787
201152,Thaddeus Young,PHI,2012-13,Defensive Player,Elite,76,2628.5383333333334,1127,571,125,133,55,90,0.531,0.125,0.574,0.541,0.532,0.197,0.115,102.9,103.1,-0.2,1.39,0.07,0.151,0.078,0.11,22.30000000000001,0.431650077835206,-0.40801266731511665,1.1162762275991636,1.340347290452928
2754,Tony Allen,MEM,2012-13,Defensive Player,Elite,79,2109.095,705,363,98,119,44,94,0.445,0.125,0.717,0.489,0.447,0.177,0.085,102.0,95.4,6.7,1.04,0.059,0.122,0.076,0.09,30.0,-0.3163962951653411,-0.5185996396880843,0.3095803961031799,1.5364071031639324
2772,Trevor Ariza,WAS,2012-13,Defensive Player,Very Good,56,1470.705,530,266,113,72,20,84,0.417,0.364,0.821,0.538,0.501,0.174,0.118,98.4,99.2,-0.8,1.35,0.029,0.147,0.132,0.088,26.200000000000003,-0.1843995304807472,-0.14881568309764545,0.02672336487828734,0.5833361438014214
200748,Tyrus Thomas,CHA,2012-13,Defensive Player,Average,26,359.94666666666666,125,60,19,14,15,17,0.353,0.375,0.839,0.418,0.364,0.206,0.05,95.2,106.3,-11.1,1.12,0.043,0.122,0.094,0.082,19.10000000000001,-0.9283137660717586,-0.7081774941242973,-0.5963105491848415,-0.48536841948750137
201964,Victor Claver,POR,2012-13,Defensive Player,Average,49,812.1216666666667,187,119,43,26,12,43,0.392,0.287,0.467,0.462,0.458,0.137,0.04,100.5,106.9,-6.4,1.0,0.039,0.119,0.079,0.078,18.5,-1.1371442018320648,-0.7041297024119373,-0.4907198299673113,-0.4266372612666778
2209,Vladimir Radmanovic,CHI,2012-13,Defensive Player,Average,25,143.605,33,28,8,8,4,7,0.302,0.185,0.667,0.372,0.36,0.158,0.017,89.2,101.1,-11.9,1.14,0.064,0.135,0.099,0.097,24.30000000000001,-1.6090492721953742,-0.7205658319954321,-0.49012384929192593,-0.35330439089375726
201961,Wayne Ellington,CLE,2012-13,Defensive Player,Average,78,1660.835,614,166,104,45,3,57,0.427,0.392,0.907,0.546,0.516,0.165,0.088,102.6,102.5,0.1,1.82,0.015,0.086,0.1,0.05,22.900000000000006,-0.14396706917589816,-0.3616978117160412,-0.7227213570660915,-0.062307971248592074
203115,Will Barton,POR,2012-13,Defensive Player,Average,73,893.77,295,145,58,34,9,60,0.382,0.138,0.769,0.437,0.396,0.198,0.065,93.6,105.7,-12.1,0.97,0.039,0.132,0.113,0.083,19.700000000000003,-0.7556491163475414,-0.4579341191896775,-0.3580337152686126,-0.30359313970999663
201985,AJ Price,MIN,2013-14,Defensive Player,Very Good,28,99.36833333333334,44,10,13,1,0,7,0.413,0.273,0.0,0.469,0.478,0.213,0.09,89.1,88.2,0.9,1.86,0.008,0.075,0.271,0.04,37.2,-0.6438891087582735,0.2640689982220226,-1.2640449591646779,0.29163152066435166
101187,Alan Anderson,BKN,2013-14,Defensive Player,Average,78,1772.51,564,175,81,48,11,62,0.4,0.339,0.78,0.525,0.487,0.156,0.059,103.4,104.7,-1.2,1.31,0.024,0.078,0.074,0.052,20.700000000000003,-0.3659771145943047,-0.5923896988376693,-0.6733616412037435,-0.07954445551798187
203144,Alexey Shved,MIN,2013-14,Defensive Player,Average,63,664.0566666666666,250,81,68,26,16,48,0.321,0.294,0.756,0.452,0.384,0.206,0.072,97.6,100.5,-2.9,1.42,0.028,0.09,0.162,0.058,24.900000000000006,-0.6437739187209844,-0.14587219255535067,-0.8463413022401978,-0.010137484937570903
202087,Alonzo Gee,CLE,2013-14,Defensive Player,Average,65,1019.735,258,149,47,39,15,44,0.415,0.328,0.705,0.491,0.456,0.132,0.053,98.4,108.1,-9.7,1.07,0.033,0.11,0.071,0.071,17.30000000000001,-0.956736488127976,-0.7343521638019221,-0.5002960525901151,-0.3320927611188074
2738,Andre Iguodala,GSW,2013-14,Defensive Player,Very Good,63,2039.7083333333333,588,293,263,95,18,100,0.48,0.354,0.652,0.57,0.548,0.133,0.099,110.9,97.4,13.5,2.63,0.027,0.112,0.17,0.072,28.0,-0.25975149859729546,0.6166088419799494,-0.1054698822376349,0.9071709784655554
1905,Andrei Kirilenko,BKN,2013-14,Defensive Player,Average,45,857.3083333333333,226,146,72,40,19,54,0.513,0.2,0.513,0.532,0.516,0.142,0.079,102.4,105.4,-2.9,1.33,0.068,0.116,0.131,0.092,20.0,-0.672189448993629,-0.3053006806484317,-0.2407234479428247,-0.12262391953454914
1712,Antawn Jamison,LAC,2013-14,Defensive Player,Very Good,22,247.55666666666667,84,55,7,9,3,7,0.315,0.195,0.72,0.408,0.359,0.196,0.064,100.0,89.2,10.8,1.0,0.034,0.174,0.047,0.104,36.2,-1.0882610549408307,-1.0163634967334663,-0.3293050474002015,0.34612014113056216
203076,Anthony Davis,NOP,2013-14,Defensive Player,Elite,67,2357.7716666666665,1394,673,105,89,189,109,0.519,0.222,0.791,0.582,0.52,0.25,0.164,106.6,108.7,-2.1,0.96,0.091,0.208,0.078,0.15,16.700000000000003,1.2466013763161803,-0.48160649376188197,1.8965070153202335,1.9111613173017066
203462,Archie Goodwin,PHX,2013-14,Defensive Player,Average,52,532.88,194,87,20,20,11,44,0.455,0.139,0.673,0.507,0.47,0.185,0.068,97.2,105.1,-7.9,0.45,0.045,0.108,0.061,0.077,20.30000000000001,-0.5234238911060286,-0.8898803628542277,-0.5883675989492805,-0.39316448781051655
203463,Ben McLemore,SAC,2013-14,Defensive Player,Average,82,2186.9066666666668,720,235,82,45,18,96,0.376,0.32,0.804,0.485,0.446,0.166,0.042,103.6,108.1,-4.5,0.85,0.024,0.086,0.058,0.054,17.30000000000001,-0.40897450870777236,-0.6785924608740067,-0.4886796175744662,-0.23957219147971823
203561,Brandon Davies,PHI,2013-14,Defensive Player,Average,51,575.0283333333333,144,109,28,24,8,35,0.422,0.2,0.642,0.476,0.43,0.136,0.04,97.5,99.6,-2.1,0.8,0.062,0.127,0.074,0.093,25.80000000000001,-1.0954285811237163,-0.7874133389215976,-0.3261588012337596,-0.05892071529422238
201228,C.J. Watson,IND,2013-14,Defensive Player,Very Good,63,1193.2816666666668,414,101,107,60,8,60,0.437,0.366,0.784,0.555,0.516,0.159,0.096,100.8,94.6,6.2,1.78,0.016,0.065,0.144,0.041,30.80000000000001,-0.28066192207994645,-0.10348199101266842,-1.0098478537464572,0.6078617257325202
201858,Cartier Martin,ATL,2013-14,Defensive Player,Average,59,869.835,329,110,33,27,7,34,0.42,0.391,0.738,0.562,0.532,0.166,0.075,96.2,103.2,-7.0,0.97,0.015,0.115,0.064,0.064,22.200000000000003,-0.2506934534065612,-0.8251914156590785,-0.6929553974858229,-0.24947092066056878
101112,Channing Frye,PHX,2013-14,Defensive Player,Very Good,82,2312.305,910,416,98,60,63,89,0.432,0.37,0.821,0.555,0.535,0.172,0.082,111.2,104.9,6.4,1.1,0.032,0.149,0.061,0.091,20.5,0.17219421488259892,-0.6028644397118428,0.46294911534211985,0.5591490928916318
201978,Chase Budinger,MIN,2013-14,Defensive Player,Average,41,750.7866666666666,274,103,31,19,2,24,0.394,0.35,0.821,0.505,0.476,0.17,0.066,106.4,106.2,0.1,1.29,0.024,0.107,0.063,0.065,19.200000000000003,-0.5869742799397786,-0.8381684516386723,-0.6987893932667995,-0.5592131693309346
2547,Chris Bosh,MIA,2013-14,Defensive Player,Elite,79,2531.3516666666665,1281,522,87,80,78,125,0.516,0.339,0.82,0.597,0.555,0.224,0.126,110.9,102.0,8.9,0.7,0.047,0.175,0.056,0.115,23.400000000000006,1.0605420563992272,-0.6714293109321499,1.0499589485229666,1.0885268693475163
201604,Chris Douglas-Roberts,CHA,2013-14,Defensive Player,Average,49,1015.52,339,119,51,29,16,36,0.44,0.386,0.805,0.588,0.542,0.143,0.082,102.2,102.6,-0.4,1.42,0.016,0.1,0.081,0.058,22.80000000000001,-0.26319711030235005,-0.6634568651633967,-0.7455129160609171,-0.10243821372659016
203187,Chris Johnson,BOS,2013-14,Defensive Player,Average,40,789.1483333333333,250,97,31,27,4,22,0.397,0.339,0.86,0.537,0.498,0.137,0.066,103.1,102.2,0.9,1.41,0.037,0.089,0.059,0.062,23.200000000000003,-0.6628966039415061,-0.8606390649783412,-0.7529286276828322,-0.22106863762028375
201147,Corey Brewer,MIN,2013-14,Defensive Player,Elite,81,2609.353333333333,998,207,135,151,30,105,0.481,0.28,0.718,0.55,0.517,0.159,0.066,110.4,104.5,5.9,1.29,0.023,0.056,0.075,0.039,20.900000000000006,0.11190137302345,-0.3880687140964857,-0.7540690324872984,1.1916586781964262
201584,Courtney Lee,MEM,2013-14,Defensive Player,Very Good,79,1972.9633333333331,761,187,115,65,28,73,0.48,0.371,0.884,0.574,0.539,0.168,0.094,102.3,101.0,1.3,1.58,0.015,0.083,0.093,0.049,24.400000000000006,0.14409428364997456,-0.3605447805147409,-0.6797400611138009,0.48598790016871357
101122,Danny Granger,LAC,2013-14,Defensive Player,Very Good,41,847.5983333333334,338,133,41,12,17,46,0.378,0.336,0.94,0.502,0.448,0.195,0.083,100.4,94.5,5.9,0.89,0.035,0.114,0.08,0.075,30.900000000000006,-0.37496130530986144,-0.7058714317216966,-0.49179149271003836,0.2074489482261499
201980,Danny Green,SAS,2013-14,Defensive Player,Elite,68,1651.1,618,229,104,65,61,76,0.432,0.415,0.794,0.58,0.562,0.162,0.091,106.4,96.5,9.9,1.37,0.016,0.117,0.092,0.069,28.900000000000006,0.03135231124544139,-0.40663903839537907,-0.3135050745062534,1.0842602499928684
201967,Dante Cunningham,MIN,2013-14,Defensive Player,Very Good,81,1634.84,510,330,83,62,58,42,0.464,0.0,0.567,0.474,0.464,0.151,0.081,103.7,104.8,-1.1,1.98,0.065,0.134,0.08,0.098,20.60000000000001,-0.7331159135594151,-0.5513243961834894,0.32393613727966813,0.5351599662578439
203121,Darius Miller,NOP,2013-14,Defensive Player,Average,45,722.7633333333333,200,52,43,24,9,22,0.44,0.325,0.806,0.55,0.515,0.125,0.046,104.8,101.8,3.1,1.95,0.013,0.06,0.09,0.037,23.60000000000001,-0.7124718646653961,-0.6423355157278479,-1.190822021564777,-0.17806353640005565
201589,Darrell Arthur,DEN,2013-14,Defensive Player,Very Good,68,1161.105,401,210,61,39,47,58,0.395,0.375,0.855,0.459,0.424,0.181,0.055,102.2,99.1,3.1,1.05,0.044,0.126,0.082,0.086,26.30000000000001,-0.6778697282238267,-0.6210422986050967,-0.1473451444163288,0.5204581624250365
2561,David West,IND,2013-14,Defensive Player,Elite,80,2472.145,1118,542,223,61,74,133,0.488,0.267,0.789,0.533,0.49,0.217,0.139,105.7,97.6,8.1,1.68,0.051,0.159,0.158,0.108,27.80000000000001,0.5258290891160251,0.4020093490674119,1.0138489400635098,1.1097116877251112
201960,DeMarre Carroll,ATL,2013-14,Defensive Player,Very Good,73,2340.505,810,403,134,108,21,79,0.47,0.362,0.773,0.575,0.546,0.149,0.091,105.4,103.2,2.2,1.7,0.048,0.127,0.088,0.088,22.200000000000003,0.04605895828371002,-0.31871891206489994,0.3902362308404303,0.7314439733857133
965,Derek Fisher,OKC,2013-14,Defensive Player,Very Good,81,1428.0216666666668,425,122,117,70,3,49,0.391,0.384,0.775,0.542,0.512,0.136,0.063,108.2,99.3,8.9,2.39,0.009,0.077,0.12,0.044,26.10000000000001,-0.5154283419444327,-0.2015087578272992,-0.9159079405754456,0.3847410623676147
203117,Doron Lamb,ORL,2013-14,Defensive Player,Average,53,694.81,191,49,43,11,1,27,0.394,0.4,0.806,0.543,0.506,0.131,0.047,100.7,99.8,0.9,1.59,0.012,0.061,0.093,0.036,25.60000000000001,-0.7150620660827403,-0.6254825557230961,-1.2115218116204531,-0.2761916165236859
203110,Draymond Green,GSW,2013-14,Defensive Player,Elite,82,1796.7416666666666,511,409,152,102,72,91,0.407,0.333,0.667,0.498,0.467,0.146,0.09,102.9,98.1,4.8,1.67,0.046,0.173,0.127,0.11,27.30000000000001,-0.6317763060876143,-0.0333959882010392,0.6864288970453886,1.484915302665004
202734,E'Twaun Moore,ORL,2013-14,Defensive Player,Very Good,79,1505.7283333333332,499,136,112,60,13,55,0.428,0.354,0.765,0.513,0.49,0.159,0.074,97.0,102.0,-5.0,2.04,0.019,0.07,0.122,0.045,23.400000000000006,-0.45950078339306905,-0.20867190776915606,-0.8660209860994514,0.2236644503815635
202343,Elliot Williams,PHI,2013-14,Defensive Player,Average,67,1157.2016666666666,404,130,72,35,3,68,0.415,0.296,0.731,0.519,0.47,0.163,0.055,92.4,106.6,-14.1,1.06,0.023,0.087,0.104,0.053,18.80000000000001,-0.46442278643233276,-0.4569773206911969,-0.7800240231640007,-0.40681576833467165
101128,Francisco Garcia,HOU,2013-14,Defensive Player,Average,55,1083.25,315,122,63,27,33,30,0.401,0.358,0.526,0.521,0.519,0.131,0.054,104.7,103.2,1.5,2.1,0.02,0.086,0.09,0.054,22.200000000000003,-0.7514253950078419,-0.5687416892810825,-0.7885113975286426,0.013583143419316823
202066,Garrett Temple,WAS,2013-14,Defensive Player,Average,75,638.075,138,68,72,35,11,42,0.362,0.207,0.698,0.431,0.383,0.138,0.048,94.1,99.7,-5.6,1.71,0.033,0.08,0.18,0.055,25.700000000000003,-1.3424036397011256,-0.030035667237487518,-0.9190541867418872,0.07953120153147579
201588,George Hill,IND,2013-14,Defensive Player,Very Good,76,2433.688333333333,781,283,265,75,23,92,0.442,0.365,0.807,0.563,0.519,0.146,0.101,104.6,98.0,6.6,2.88,0.023,0.089,0.17,0.058,27.400000000000006,-0.06542624135967101,0.6239682246246259,-0.31035882833981165,0.7152782346849781
203507,Giannis Antetokounmpo,MIL,2013-14,Defensive Player,Very Good,77,1896.8083333333332,525,339,150,60,61,122,0.414,0.347,0.683,0.518,0.463,0.148,0.073,103.8,108.3,-4.5,1.23,0.042,0.14,0.12,0.091,17.10000000000001,-0.492688532863565,-0.08007894419013636,0.2586389643998935,0.33914826971717865
203540,Gigi Datome,DET,2013-14,Defensive Player,Average,34,237.54666666666665,83,46,11,6,1,11,0.351,0.179,0.8,0.409,0.387,0.198,0.058,102.5,94.8,7.7,1.0,0.052,0.145,0.071,0.094,30.60000000000001,-1.0686237035412856,-0.8668210514060998,-0.4805819976999918,-0.034225055967732766
203084,Harrison Barnes,GSW,2013-14,Defensive Player,Very Good,78,2203.7566666666667,738,311,116,65,20,84,0.399,0.347,0.718,0.486,0.448,0.166,0.067,101.1,101.9,-0.8,1.38,0.029,0.108,0.08,0.069,23.5,-0.390276291734491,-0.42989458254632656,-0.09592803064570066,0.35216898059958074
203546,Ian Clark,UTA,2013-14,Defensive Player,Very Good,23,171.59666666666666,68,19,15,8,2,14,0.388,0.355,0.714,0.485,0.47,0.212,0.057,98.8,90.6,8.2,1.07,0.017,0.09,0.147,0.054,34.80000000000001,-0.542421437220478,-0.42516063266303733,-1.0618093916461662,0.24338476911987464
202697,Iman Shumpert,NYK,2013-14,Defensive Player,Very Good,74,1962.256666666667,495,308,129,92,13,79,0.378,0.333,0.746,0.48,0.457,0.139,0.061,107.2,102.6,4.6,1.63,0.042,0.124,0.097,0.082,22.80000000000001,-0.7974737150916184,-0.28655848866233624,0.061727339564147304,0.5199752593778442
203109,Jae Crowder,DAL,2013-14,Defensive Player,Very Good,78,1253.5,356,194,60,59,21,41,0.439,0.331,0.754,0.551,0.524,0.128,0.077,107.6,96.7,10.9,1.46,0.039,0.119,0.067,0.081,28.700000000000003,-0.5722936489236797,-0.7089867899511935,-0.2534974732783746,0.6056425772301951
203479,Jamaal Franklin,MEM,2013-14,Defensive Player,Average,21,161.52333333333334,39,23,6,4,2,11,0.41,0.455,1.0,0.489,0.474,0.137,0.027,102.2,98.1,4.0,0.55,0.026,0.121,0.053,0.074,27.30000000000001,-1.0895007662550336,-0.9863372680463013,-0.7964027912178991,-0.23872074550464228
202341,James Anderson,PHI,2013-14,Defensive Player,Average,80,2309.245,810,300,149,74,28,106,0.431,0.328,0.726,0.53,0.511,0.156,0.072,97.4,108.1,-10.7,1.41,0.023,0.106,0.099,0.062,17.30000000000001,-0.15998679638177118,-0.2017293555457364,-0.21429277519878082,0.16208197376205316
201949,James Johnson,MEM,2013-14,Defensive Player,Very Good,52,956.3166666666668,384,166,111,42,57,66,0.464,0.253,0.844,0.552,0.5,0.192,0.115,106.0,100.2,5.8,1.68,0.067,0.11,0.175,0.089,25.200000000000003,-0.07787309051568031,0.08538402765911876,-0.22587483918356008,0.5880867487162441
202686,Jan Vesely,DEN,2013-14,Defensive Player,Very Good,54,776.3783333333333,197,191,21,53,35,36,0.514,0.0,0.339,0.498,0.514,0.13,0.067,95.4,101.7,-6.2,0.58,0.095,0.158,0.043,0.123,23.700000000000003,-0.975344783672694,-0.9873184315603996,0.2736078717672019,0.39134552039582604
201162,Jared Dudley,LAC,2013-14,Defensive Player,Average,74,1728.9716666666666,511,160,104,41,10,56,0.438,0.36,0.655,0.541,0.529,0.134,0.053,109.2,102.4,6.8,1.86,0.021,0.07,0.087,0.046,23.0,-0.47376803414897317,-0.43472730506996526,-0.7896002457868043,-0.027055707475382218
203106,Jeffery Taylor,CHA,2013-14,Defensive Player,Average,26,629.2033333333334,208,60,22,13,5,25,0.376,0.269,0.553,0.436,0.417,0.184,0.029,95.1,100.2,-5.1,0.88,0.022,0.075,0.06,0.047,25.200000000000003,-0.9265933585092704,-0.8881386335444683,-1.0421984498486518,-0.23850090465457333
203087,Jeremy Lamb,OKC,2013-14,Defensive Player,Very Good,78,1537.855,665,189,115,56,26,61,0.432,0.356,0.797,0.522,0.504,0.197,0.094,107.1,100.0,7.1,1.89,0.018,0.104,0.123,0.062,25.400000000000006,-0.010153916461853004,-0.19201518046722404,-0.5088177979856265,0.43125538076726366
202710,Jimmy Butler III,CHI,2013-14,Defensive Player,Elite,67,2590.4933333333333,878,330,175,127,36,102,0.397,0.283,0.769,0.522,0.446,0.167,0.095,102.9,98.9,4.0,1.72,0.034,0.095,0.11,0.065,26.5,-0.07616365593864036,-0.04426319448085195,-0.09647245477478159,1.3327169319725887
2422,John Salmons,TOR,2013-14,Defensive Player,Average,78,1725.77,403,163,147,47,19,54,0.363,0.387,0.769,0.462,0.439,0.126,0.056,101.9,102.4,-0.5,2.72,0.011,0.085,0.135,0.047,23.0,-1.0619013352913043,-0.006853218133392663,-0.7689004557311283,0.1261696461821421
202706,Jordan Hamilton,HOU,2013-14,Defensive Player,Average,60,1019.6566666666666,404,194,52,44,20,46,0.391,0.354,0.784,0.507,0.484,0.183,0.095,99.1,103.9,-4.8,1.13,0.029,0.148,0.084,0.088,21.5,-0.38662357957645815,-0.6429242138363067,-0.16431989314561263,0.017071008796024984
202725,Josh Harrellson,DET,2013-14,Defensive Player,Average,32,317.37666666666667,93,76,15,6,15,10,0.463,0.387,0.714,0.547,0.537,0.125,0.083,99.2,99.2,0.0,1.5,0.084,0.143,0.074,0.112,26.200000000000003,-0.806787408965655,-0.835249326111995,-0.17166686270578818,-0.15110113014252904
2746,Josh Smith,DET,2013-14,Defensive Player,Elite,77,2730.276666666666,1264,520,252,105,110,199,0.419,0.264,0.532,0.463,0.448,0.241,0.09,104.8,108.4,-3.6,1.27,0.034,0.155,0.147,0.092,17.0,0.4065808685090022,0.4469262107311321,0.751640142347989,1.2952898705868185
202695,Kawhi Leonard,SAS,2013-14,Defensive Player,Elite,66,1922.575,844,412,133,114,50,80,0.522,0.379,0.802,0.602,0.576,0.18,0.132,108.0,98.1,9.9,1.66,0.042,0.167,0.103,0.108,27.30000000000001,0.45188644342571344,-0.2381338033634798,0.6689097241870238,1.3866674498571516
203484,Kentavious Caldwell-Pope,DET,2013-14,Defensive Player,Very Good,80,1582.513333333333,470,156,55,75,12,28,0.396,0.319,0.77,0.483,0.46,0.136,0.05,103.3,104.5,-1.2,1.96,0.022,0.077,0.05,0.047,20.900000000000006,-0.8203112759695589,-0.8228853532564777,-0.7874741058167851,0.2220807428294136
202713,Kyle Singler,DET,2013-14,Defensive Player,Average,82,2337.415,784,303,75,61,38,79,0.447,0.382,0.826,0.574,0.525,0.137,0.065,103.5,108.2,-4.7,0.95,0.046,0.08,0.047,0.062,17.200000000000003,-0.06625423491527975,-0.7661444868144641,-0.206332639447785,0.12268342808977245
2571,Leandro Barbosa,PHX,2013-14,Defensive Player,Average,20,367.605,150,37,32,7,4,19,0.427,0.28,0.795,0.506,0.454,0.196,0.087,106.6,98.5,8.1,1.68,0.013,0.087,0.146,0.049,26.900000000000006,-0.4803466775959418,-0.368223533518204,-1.0777468486635926,-0.21090359870336287
201977,Marcus Thornton,BKN,2013-14,Defensive Player,Average,72,1740.6733333333334,703,198,77,58,11,67,0.394,0.345,0.804,0.511,0.48,0.193,0.074,105.0,105.3,-0.3,1.15,0.033,0.084,0.072,0.058,20.10000000000001,-0.07492508354270007,-0.6183437707968569,-0.5358960079513603,-0.011183631164563718
2440,Matt Barnes,LAC,2013-14,Defensive Player,Very Good,63,1735.236666666667,625,292,125,56,28,85,0.438,0.343,0.733,0.552,0.53,0.162,0.076,114.3,103.9,10.4,1.47,0.036,0.125,0.101,0.083,21.5,-0.12369065990470135,-0.2788066406120204,0.032012936530183195,0.2223470760803484
203090,Maurice Harkless,ORL,2013-14,Defensive Player,Very Good,80,1949.6066666666663,592,264,80,97,50,86,0.464,0.383,0.594,0.542,0.525,0.145,0.071,99.8,107.2,-7.4,0.93,0.036,0.103,0.063,0.069,18.200000000000003,-0.3291121317704952,-0.6578635768440971,-0.2206368240779687,0.6758567369553751
1897,Metta World Peace,NYK,2013-14,Defensive Player,Average,29,388.2033333333333,139,59,17,24,8,19,0.397,0.315,0.625,0.469,0.457,0.187,0.067,99.6,99.0,0.6,0.89,0.045,0.112,0.07,0.077,26.400000000000006,-0.7657124939190081,-0.8503605568069874,-0.6626621992919082,-0.023667910264521197
2399,Mike Dunleavy,CHI,2013-14,Defensive Player,Very Good,82,2583.715,929,345,186,64,46,108,0.43,0.38,0.854,0.549,0.51,0.166,0.096,101.7,98.6,3.0,1.72,0.018,0.116,0.119,0.068,26.80000000000001,0.10766793498353465,0.04677229007912405,-0.018452813105761523,0.7987521094045137
200839,Mike Harris,UTA,2013-14,Defensive Player,Average,20,224.78666666666663,84,33,5,16,7,11,0.475,0.0,0.963,0.576,0.475,0.158,0.082,99.1,96.5,2.6,0.45,0.061,0.078,0.037,0.069,28.900000000000006,-0.40589329135318203,-1.0798994127273152,-0.8335672769046478,0.030210409849667236
2403,Nene,WAS,2013-14,Defensive Player,Very Good,53,1560.385,754,294,153,64,47,117,0.503,0.2,0.583,0.53,0.504,0.237,0.108,103.1,99.7,3.4,1.31,0.043,0.155,0.166,0.098,25.700000000000003,0.3925879106541079,0.18937218318307103,0.22841450826771814,0.7442394308531327
201956,Omri Casspi,HOU,2013-14,Defensive Player,Average,71,1282.8333333333333,490,260,88,44,14,72,0.422,0.347,0.68,0.528,0.496,0.177,0.095,106.3,100.9,5.3,1.22,0.043,0.144,0.105,0.096,24.5,-0.24845940358171414,-0.3924846061988674,0.11272032781373813,0.1326302499260975
203111,Orlando Johnson,SAC,2013-14,Defensive Player,Average,45,392.375,100,55,20,6,2,15,0.319,0.191,0.731,0.402,0.358,0.154,0.051,91.7,96.2,-4.5,1.33,0.022,0.113,0.087,0.067,29.200000000000003,-1.4184881359511958,-0.7438213761463797,-0.8006722566733723,-0.10636413703396415
203490,Otto Porter Jr.,WAS,2013-14,Defensive Player,Average,37,318.9533333333333,78,57,10,8,1,14,0.363,0.19,0.667,0.405,0.385,0.146,0.046,94.7,96.7,-2.0,0.71,0.064,0.13,0.051,0.094,28.700000000000003,-1.4757646603557106,-0.9828538094267827,-0.45139483327967383,-0.12513621268516398
201976,Patrick Beverley,HOU,2013-14,Defensive Player,Very Good,56,1750.7,573,196,151,77,23,66,0.414,0.361,0.814,0.545,0.509,0.147,0.07,112.3,104.0,8.3,2.29,0.044,0.068,0.123,0.056,21.400000000000006,-0.3110203887365078,-0.0595462928630464,-0.5666820737280515,0.38347291026458646
200794,Paul Millsap,ATL,2013-14,Defensive Player,Elite,74,2481.668333333333,1328,627,232,129,78,185,0.461,0.358,0.731,0.545,0.498,0.251,0.135,105.2,103.3,1.9,1.25,0.064,0.193,0.16,0.129,22.10000000000001,0.9947771893926722,0.44636187763829077,1.5069188600733447,1.5198525757604482
203103,Perry Jones III,OKC,2013-14,Defensive Player,Average,62,764.4866666666667,216,114,26,14,19,21,0.459,0.361,0.667,0.541,0.519,0.126,0.066,105.0,101.5,3.5,1.24,0.039,0.11,0.05,0.076,23.900000000000006,-0.7450708255169327,-0.9295964016042875,-0.5294660314949983,-0.16287612323759912
1740,Rashard Lewis,MIA,2013-14,Defensive Player,Average,60,971.005,268,110,57,53,8,35,0.415,0.343,0.788,0.535,0.513,0.138,0.064,105.8,103.2,2.6,1.63,0.029,0.096,0.088,0.064,22.200000000000003,-0.6540305135116097,-0.6020551438849466,-0.6929553974858229,0.030041979738614073
203493,Reggie Bullock Jr.,LAC,2013-14,Defensive Player,Average,43,395.5733333333333,115,54,12,9,1,13,0.355,0.301,0.778,0.46,0.446,0.149,0.055,96.0,97.5,-1.5,0.92,0.026,0.095,0.049,0.062,27.900000000000006,-1.1126562125479804,-0.9867297334519405,-0.8670239067804391,-0.16177858978645396
201579,Roy Hibbert,IND,2013-14,Defensive Player,Elite,81,2408.9616666666666,871,538,91,29,182,148,0.439,0.4,0.77,0.499,0.44,0.193,0.08,105.2,97.5,7.8,0.61,0.09,0.13,0.06,0.111,27.900000000000006,-0.022382497446995758,-0.6342399323031278,1.0414543886428895,1.8767096535359116
203527,Ryan Kelly,LAL,2013-14,Defensive Player,Average,59,1311.8666666666666,472,219,95,32,45,47,0.423,0.338,0.815,0.548,0.488,0.155,0.072,105.8,108.3,-2.5,2.02,0.032,0.129,0.104,0.081,17.10000000000001,-0.30813996571637686,-0.37234442027741677,-0.18716300868674265,-0.11284931660471596
201586,Serge Ibaka,OKC,2013-14,Defensive Player,Elite,81,2665.9333333333334,1227,709,85,39,219,123,0.536,0.383,0.784,0.576,0.548,0.195,0.124,109.8,102.5,7.3,0.69,0.09,0.171,0.051,0.133,22.900000000000006,0.6892377739672285,-0.7068769602514127,1.7754545211526187,2.0608960757852013
203508,Sergey Karasev,CLE,2013-14,Defensive Player,Average,22,155.82333333333332,37,16,6,3,1,11,0.343,0.211,0.9,0.47,0.4,0.142,0.01,88.9,103.1,-14.2,0.55,0.0,0.106,0.059,0.051,22.30000000000001,-1.1629738416456683,-0.9526313480367978,-1.107988490311203,-0.5529729476935397
200769,Shannon Brown,NYK,2013-14,Defensive Player,Average,29,251.28666666666663,63,28,9,13,0,18,0.364,0.0,0.714,0.419,0.364,0.162,0.024,95.3,105.6,-10.3,0.5,0.029,0.084,0.059,0.057,19.80000000000001,-1.2894086744658428,-0.9415922740697831,-0.9997100214791377,-0.6063634699372492
200761,Shawne Williams,LAL,2013-14,Defensive Player,Average,36,750.7683333333333,202,167,30,19,30,21,0.38,0.326,0.7,0.503,0.49,0.13,0.066,102.7,100.3,2.4,1.43,0.032,0.172,0.058,0.104,25.10000000000001,-0.943151358001292,-0.8699364096355966,-0.0321266460296904,0.07072840554716153
200779,Steve Novak,TOR,2013-14,Defensive Player,Average,54,540.375,178,58,13,12,4,5,0.411,0.426,1.0,0.599,0.589,0.12,0.071,105.4,103.2,2.2,2.6,0.014,0.098,0.038,0.054,22.200000000000003,-0.4847802775584709,-1.0448442288136917,-0.9583276268832204,-0.4352437567444654
201959,Taj Gibson,CHI,2013-14,Defensive Player,Elite,82,2351.11,1069,558,91,41,112,150,0.479,0.0,0.751,0.524,0.479,0.227,0.117,101.7,98.1,3.6,0.61,0.088,0.147,0.075,0.118,27.30000000000001,0.5122397862826481,-0.5499751322793694,1.1836995404489572,1.2575707235508768
2419,Tayshaun Prince,MEM,2013-14,Defensive Player,Average,76,1948.375,454,234,119,39,19,41,0.407,0.29,0.567,0.438,0.427,0.134,0.065,103.2,101.8,1.5,2.9,0.017,0.11,0.09,0.063,23.60000000000001,-1.1037797521213812,-0.3626789752301395,-0.3766761074160089,0.07853154770534865
201152,Thaddeus Young,PHI,2013-14,Defensive Player,Elite,79,2717.6116666666667,1417,476,182,167,36,165,0.454,0.308,0.712,0.512,0.489,0.239,0.101,99.2,110.1,-10.9,1.1,0.056,0.115,0.114,0.084,15.300000000000011,0.7824349648574825,0.003965258115184861,0.5329742502292745,1.0891190889506384
2754,Tony Allen,MEM,2013-14,Defensive Player,Very Good,55,1278.205,495,208,94,90,19,90,0.494,0.234,0.628,0.531,0.507,0.194,0.092,105.9,101.2,4.7,1.04,0.064,0.108,0.115,0.086,24.200000000000003,-0.10325285522170786,-0.3142299249156655,-0.15265190158365938,0.6422138625889585
203503,Tony Snell,CHI,2013-14,Defensive Player,Average,77,1230.7066666666667,346,124,68,29,15,44,0.384,0.32,0.756,0.489,0.469,0.146,0.058,95.7,100.4,-4.7,1.55,0.015,0.085,0.095,0.05,25.0,-0.8022237056422643,-0.522254965994805,-0.8341632575800331,0.01670460737924225
2566,Travis Outlaw,SAC,2013-14,Defensive Player,Average,63,1065.04,343,168,48,20,19,26,0.399,0.35,0.808,0.492,0.462,0.153,0.071,100.6,104.8,-4.3,1.85,0.032,0.12,0.076,0.076,20.60000000000001,-0.7359911693792899,-0.7025842058049977,-0.3861835879770733,-0.2945983732710858
2772,Trevor Ariza,WAS,2013-14,Defensive Player,Very Good,77,2722.54,1107,475,191,126,20,132,0.456,0.407,0.772,0.59,0.562,0.173,0.107,105.6,102.1,3.5,1.45,0.037,0.142,0.105,0.089,23.30000000000001,0.521694803583113,-0.013476399998025829,0.5940191431690106,0.972461184826709
201964,Victor Claver,POR,2013-14,Defensive Player,Average,21,183.73833333333332,47,39,12,3,3,11,0.405,0.167,0.909,0.502,0.44,0.141,0.072,105.4,99.5,6.0,1.09,0.052,0.14,0.094,0.101,25.900000000000006,-0.9801216759105645,-0.7339353333806652,-0.4099780676528866,-0.3212211895091857
202325,Wesley Johnson,LAL,2013-14,Defensive Player,Very Good,79,2240.0016666666666,715,348,124,86,77,90,0.425,0.369,0.792,0.522,0.502,0.149,0.066,101.7,108.8,-7.1,1.38,0.03,0.117,0.082,0.074,16.60000000000001,-0.32547960896480016,-0.38922174529778597,0.06594524847331598,0.741045792637698
203115,Will Barton,POR,2013-14,Defensive Player,Average,41,386.63666666666666,166,74,33,9,7,18,0.417,0.303,0.813,0.488,0.449,0.21,0.107,98.0,99.7,-1.8,1.83,0.039,0.136,0.149,0.089,25.700000000000003,-0.46923719743424935,-0.34769088219111405,-0.4699856688807656,-0.2303340908769247
2584,Willie Green,LAC,2013-14,Defensive Player,Average,55,869.25,273,78,50,22,11,34,0.376,0.339,0.824,0.477,0.452,0.162,0.042,103.6,98.7,4.9,1.47,0.014,0.072,0.09,0.044,26.700000000000003,-0.8063502990582769,-0.61657767647148,-1.0326565982567177,0.0035881583829231456
201143,Al Horford,ATL,2014-15,Defensive Player,Elite,76,2318.1666666666665,1156,544,244,68,98,100,0.538,0.306,0.759,0.563,0.544,0.22,0.145,107.5,100.8,6.7,2.44,0.061,0.173,0.178,0.12,24.60000000000001,0.7467202807910992,0.59163593353486,1.172031548887004,1.2370454042086267
202329,Al-Farouq Aminu,DAL,2014-15,Defensive Player,Very Good,74,1365.7883333333334,412,342,59,70,62,55,0.412,0.274,0.712,0.504,0.459,0.146,0.091,105.6,100.3,5.3,1.07,0.081,0.161,0.062,0.121,25.10000000000001,-0.6688648331110555,-0.740754747948118,0.6487887292912982,0.922916763499391
101187,Alan Anderson,BKN,2014-15,Defensive Player,Average,74,1744.2983333333334,545,204,83,56,5,60,0.443,0.348,0.812,0.563,0.526,0.139,0.071,100.0,101.1,-1.0,1.38,0.018,0.096,0.074,0.057,24.30000000000001,-0.2868607636926416,-0.5850303161929928,-0.532715390754049,0.15415849414828817
202087,Alonzo Gee,POR,2014-15,Defensive Player,Average,54,661.4866666666667,241,94,25,35,7,33,0.468,0.371,0.701,0.548,0.503,0.164,0.075,99.9,106.1,-6.1,0.76,0.054,0.083,0.062,0.069,19.30000000000001,-0.4088410303614032,-0.865864252907619,-0.6717111833010658,-0.33696857479763026
2738,Andre Iguodala,GSW,2014-15,Defensive Player,Very Good,77,2068.593333333333,604,257,228,89,25,88,0.466,0.349,0.596,0.553,0.54,0.131,0.09,108.5,98.0,10.5,2.59,0.021,0.094,0.151,0.06,27.400000000000006,-0.36005219526244253,0.3810842323346826,-0.3538673629057484,0.8805722438274901
203076,Anthony Davis,NOP,2014-15,Defensive Player,Elite,68,2454.695,1656,696,149,100,200,95,0.535,0.083,0.805,0.591,0.536,0.272,0.192,109.9,103.8,6.1,1.57,0.072,0.215,0.109,0.144,21.60000000000001,1.648050827661752,-0.14555282219656412,1.8810967969164532,2.4243263213994983
202340,Avery Bradley,BOS,2014-15,Defensive Player,Very Good,77,2427.5466666666666,1071,241,135,82,15,109,0.428,0.352,0.79,0.507,0.49,0.207,0.071,101.7,102.8,-1.1,1.24,0.018,0.079,0.087,0.048,22.60000000000001,0.27007432741552556,-0.32065687407747895,-0.5491972719005563,0.42484562299096923
203463,Ben McLemore,SAC,2014-15,Defensive Player,Very Good,82,2670.105,996,241,140,77,19,138,0.437,0.358,0.813,0.552,0.521,0.17,0.064,104.8,105.4,-0.6,1.01,0.012,0.076,0.082,0.045,20.0,0.20241945027290967,-0.3303466841403737,-0.5874162348145973,0.2607465091829925
203078,Bradley Beal,WAS,2014-15,Defensive Player,Very Good,63,2107.4366666666665,962,241,194,76,18,123,0.427,0.409,0.783,0.521,0.489,0.222,0.092,105.6,101.1,4.5,1.58,0.029,0.085,0.144,0.058,24.30000000000001,0.381321831660697,0.21665115403076085,-0.4218007288537533,0.4929127849544697
201148,Brandan Wright,PHX,2014-15,Defensive Player,Very Good,75,1448.5733333333333,544,321,41,50,94,34,0.642,0.0,0.696,0.66,0.642,0.134,0.128,103.1,103.2,-0.1,1.21,0.088,0.129,0.044,0.109,22.200000000000003,0.2304166887036833,-0.9081069517787168,0.4401919273781638,0.8690597951879154
203912,C.J. Wilcox,LAC,2014-15,Defensive Player,Average,21,100.56666666666666,41,7,8,3,1,10,0.421,0.368,1.0,0.527,0.513,0.21,0.059,89.0,98.1,-9.0,0.8,0.01,0.056,0.151,0.033,27.30000000000001,-0.3363969019970878,-0.4284478585797363,-1.3611826750484357,-0.25919957244602676
203468,CJ McCollum,POR,2014-15,Defensive Player,Very Good,62,973.0983333333334,424,91,64,43,8,48,0.436,0.396,0.699,0.534,0.511,0.198,0.079,101.7,97.0,4.7,1.33,0.014,0.074,0.104,0.045,28.400000000000006,-0.1080198925077525,-0.486414851269903,-0.985423022364389,0.29070733566241075
101139,CJ Miles,IND,2014-15,Defensive Player,Very Good,70,1841.0616666666667,942,214,75,60,26,73,0.398,0.345,0.807,0.525,0.491,0.23,0.091,103.1,99.3,3.8,1.03,0.009,0.101,0.069,0.056,26.10000000000001,0.44833285435158343,-0.642556113446285,-0.5189212592220764,0.5138291050551634
2406,Caron Butler,DET,2014-15,Defensive Player,Average,78,1623.4583333333333,460,196,79,43,4,49,0.407,0.379,0.902,0.544,0.511,0.129,0.065,102.7,103.6,-0.9,1.61,0.012,0.111,0.074,0.06,21.80000000000001,-0.5299964313799449,-0.5997490814823458,-0.5157234565093303,-0.13754337567659589
201858,Cartier Martin,DET,2014-15,Defensive Player,Average,23,198.20666666666668,36,20,11,3,1,5,0.283,0.182,0.0,0.34,0.34,0.124,0.012,101.0,95.7,5.4,2.2,0.0,0.104,0.085,0.047,29.700000000000003,-2.0387433740701453,-0.7881739047172585,-1.148333593195263,-0.11818835232722114
101112,Channing Frye,ORL,2014-15,Defensive Player,Average,75,1869.7166666666667,549,293,94,47,39,78,0.392,0.393,0.886,0.546,0.532,0.139,0.062,100.3,107.2,-6.9,1.21,0.014,0.151,0.074,0.081,18.200000000000003,-0.38117428340958304,-0.5445537116472718,0.009187006504487866,0.04649648600598045
203142,Chris Copeland,IND,2014-15,Defensive Player,Average,50,827.485,309,111,51,11,11,59,0.361,0.311,0.733,0.468,0.445,0.206,0.048,100.4,103.1,-2.6,0.86,0.027,0.106,0.102,0.066,22.30000000000001,-0.5097455525091427,-0.5454861451301349,-0.664822710292797,-0.3689074041563189
203187,Chris Johnson,UTA,2014-15,Defensive Player,Average,29,526.765,166,55,15,26,7,15,0.403,0.295,0.875,0.515,0.494,0.139,0.064,97.2,100.4,-3.2,1.0,0.014,0.086,0.046,0.05,25.0,-0.8346179465327662,-0.9925436194896774,-1.0172463798529372,-0.09531919346027369
203921,Cleanthony Early,NYK,2014-15,Defensive Player,Average,39,647.045,210,97,36,24,12,40,0.355,0.262,0.75,0.447,0.407,0.19,0.058,90.5,102.8,-12.3,0.9,0.032,0.122,0.102,0.075,22.60000000000001,-0.8183352700315089,-0.6006815149652089,-0.5873131217219884,-0.20646581944034062
201147,Corey Brewer,HOU,2014-15,Defensive Player,Very Good,80,2087.385,917,297,173,114,19,131,0.426,0.268,0.743,0.507,0.465,0.206,0.088,103.1,103.6,-0.5,1.32,0.036,0.101,0.131,0.068,21.80000000000001,0.15169690986847248,0.06634814290773336,-0.14581498512169483,0.7498753529896395
201584,Courtney Lee,MEM,2014-15,Defensive Player,Very Good,77,2354.4266666666667,777,178,151,75,12,78,0.448,0.402,0.86,0.555,0.518,0.148,0.072,105.4,103.2,2.2,1.94,0.009,0.069,0.096,0.039,22.200000000000003,-0.09941016257841302,-0.21122293290581154,-0.8310170114135915,0.29846182039376673
204014,Damjan Rudez,IND,2014-15,Defensive Player,Average,68,1047.395,323,47,53,16,5,47,0.452,0.406,0.696,0.591,0.584,0.134,0.05,100.1,100.0,0.1,1.13,0.007,0.037,0.079,0.022,25.400000000000006,-0.32346722318096727,-0.6673327891885548,-1.3951837290533078,-0.19566588082973677
201980,Danny Green,SAS,2014-15,Defensive Player,Elite,81,2311.488333333333,946,343,158,101,87,93,0.436,0.418,0.874,0.596,0.566,0.17,0.104,108.9,99.0,9.8,1.7,0.025,0.122,0.101,0.075,26.400000000000006,0.4179335966008884,-0.15737682697485753,0.06541800985966989,1.573436692228227
201589,Darrell Arthur,DEN,2014-15,Defensive Player,Very Good,58,987.855,382,171,57,48,26,47,0.404,0.236,0.78,0.466,0.438,0.199,0.067,98.5,98.1,0.4,1.21,0.049,0.112,0.096,0.08,27.30000000000001,-0.5197801273501267,-0.5571139172056088,-0.32726483500735626,0.4599983598548234
201960,DeMarre Carroll,ATL,2014-15,Defensive Player,Very Good,70,2188.548333333333,883,372,118,94,17,75,0.487,0.395,0.702,0.603,0.579,0.165,0.099,108.6,102.9,5.6,1.57,0.048,0.125,0.083,0.088,22.5,0.37592155699974333,-0.4056822398968984,0.3079814947468067,0.5635414387519068
203079,Dion Waiters,OKC,2014-15,Defensive Player,Very Good,80,2208.05,940,192,163,90,21,113,0.396,0.297,0.68,0.46,0.435,0.218,0.062,106.0,104.3,1.7,1.44,0.017,0.066,0.116,0.041,21.10000000000001,-0.012595081451229229,-0.054713570339407755,-0.7683904026329169,0.48030929794164606
2748,Dorell Wright,POR,2014-15,Defensive Player,Average,48,592.4866666666667,219,111,41,20,11,18,0.379,0.38,0.81,0.525,0.487,0.164,0.09,105.6,100.1,5.5,2.28,0.023,0.157,0.102,0.09,25.30000000000001,-0.5562096395181465,-0.5822830583535177,-0.35907100698047,-0.09939111256300374
203110,Draymond Green,GSW,2014-15,Defensive Player,Elite,79,2489.991666666667,921,647,291,123,99,133,0.443,0.337,0.66,0.54,0.516,0.169,0.112,113.1,97.3,15.8,2.19,0.046,0.195,0.155,0.124,28.10000000000001,0.07240236389973226,0.6353753989816624,1.4962881602232487,2.022679192492115
202734,E'Twaun Moore,CHI,2014-15,Defensive Player,Average,56,504.28833333333336,149,46,33,20,6,14,0.446,0.342,0.6,0.504,0.493,0.14,0.06,100.7,102.0,-1.3,2.36,0.024,0.066,0.106,0.045,23.400000000000006,-0.9024498945357481,-0.5892499755925549,-1.1048250586293262,-0.2616123151724216
202327,Ekpe Udoh,LAC,2014-15,Defensive Player,Average,33,128.45,29,26,8,8,7,7,0.458,0.0,0.778,0.519,0.458,0.122,0.07,91.7,96.6,-4.9,1.14,0.057,0.14,0.107,0.1,28.80000000000001,-1.0349934004599353,-0.6756246053160944,-0.45721164354521554,-0.05855596116177816
202407,Elijah Millsap,UTA,2014-15,Defensive Player,Very Good,47,923.5983333333334,248,150,58,56,16,67,0.34,0.311,0.674,0.45,0.399,0.164,0.049,100.0,96.1,3.9,0.87,0.03,0.126,0.101,0.079,29.30000000000001,-0.9641115356917586,-0.5253459592086842,-0.3957254395690074,0.5592239734295987
202066,Garrett Temple,WAS,2014-15,Defensive Player,Very Good,52,735.48,204,90,56,42,9,34,0.4,0.375,0.729,0.534,0.497,0.136,0.069,96.3,98.0,-1.7,1.65,0.033,0.085,0.119,0.059,27.400000000000006,-0.7205425454720412,-0.43158758182485074,-0.80972124068253,0.23170876167766877
203914,Gary Harris,DEN,2014-15,Defensive Player,Average,55,718.955,188,64,29,39,7,38,0.304,0.204,0.745,0.395,0.353,0.16,0.017,95.3,105.9,-10.7,0.76,0.026,0.061,0.061,0.042,19.5,-1.3511268909930638,-0.8567631409531833,-1.0952832070373921,-0.2837721880344827
203507,Giannis Antetokounmpo,MIL,2014-15,Defensive Player,Elite,81,2540.59,1030,542,207,73,85,173,0.491,0.159,0.741,0.552,0.496,0.193,0.111,101.6,101.1,0.6,1.2,0.041,0.177,0.133,0.11,24.30000000000001,0.3953096014306952,0.20269295453706893,1.0393282486728705,1.139698784345393
203540,Gigi Datome,BOS,2014-15,Defensive Player,Average,21,209.21833333333333,105,29,9,2,7,9,0.483,0.45,1.0,0.587,0.584,0.201,0.12,106.2,91.6,14.6,1.0,0.013,0.116,0.073,0.064,33.80000000000001,-0.013075536792486112,-0.8629451273809419,-0.9078790627627104,0.17304923645586298
201175,Glen Davis,LAC,2014-15,Defensive Player,Very Good,74,904.0383333333332,294,169,39,41,21,39,0.459,0.0,0.632,0.495,0.459,0.168,0.066,95.0,98.9,-3.9,1.0,0.045,0.134,0.073,0.09,26.5,-0.6443676274600812,-0.7525543877107939,-0.20517504912788395,0.2898777592316745
203922,Glenn Robinson III,PHI,2014-15,Defensive Player,Average,35,260.77166666666665,73,39,11,6,1,11,0.388,0.263,0.667,0.471,0.425,0.143,0.053,106.7,100.4,6.3,1.0,0.054,0.092,0.064,0.073,25.0,-1.1239744618373415,-0.9061446247505203,-0.766688388183935,-0.3632512362449476
201611,Henry Walker,MIA,2014-15,Defensive Player,Average,24,627.5483333333333,175,82,29,24,9,24,0.345,0.341,0.778,0.497,0.479,0.142,0.049,101.4,101.0,0.3,1.21,0.012,0.118,0.071,0.066,24.400000000000006,-0.9090818116007382,-0.8005866076040109,-0.7417706892190901,-0.13105979636045373
203138,Hollis Thompson,PHI,2014-15,Defensive Player,Very Good,71,1775.97,626,198,85,57,26,66,0.413,0.401,0.708,0.538,0.518,0.154,0.07,93.7,103.3,-9.6,1.29,0.027,0.082,0.083,0.053,22.10000000000001,-0.26157887432374527,-0.5271120535340612,-0.5995942794747618,0.24772631604221731
203546,Ian Clark,DEN,2014-15,Defensive Player,Average,30,192.19166666666663,57,16,12,9,3,9,0.345,0.333,1.0,0.483,0.436,0.152,0.042,96.4,105.3,-9.0,1.33,0.02,0.065,0.097,0.041,20.10000000000001,-1.0010180717346973,-0.7170823733759135,-1.2353850333580056,-0.5998301271664288
202697,Iman Shumpert,CLE,2014-15,Defensive Player,Very Good,62,1544.63,496,224,135,81,16,91,0.41,0.342,0.672,0.497,0.481,0.172,0.077,105.7,103.2,2.6,1.48,0.037,0.107,0.137,0.073,22.200000000000003,-0.457978542592979,-0.039774207331617406,-0.27581335020585873,0.4010998540359285
2747,JR Smith,CLE,2014-15,Defensive Player,Very Good,70,2079.4566666666665,847,218,195,82,22,97,0.417,0.383,0.75,0.538,0.525,0.188,0.083,108.6,105.0,3.6,2.01,0.015,0.091,0.145,0.053,20.400000000000006,0.14669142977077362,0.22594849868801636,-0.5465267078014563,0.3664075859035711
203960,JaKarr Sampson,PHI,2014-15,Defensive Player,Average,74,1131.1833333333334,386,163,77,38,26,76,0.422,0.244,0.67,0.498,0.467,0.173,0.058,91.8,104.0,-12.2,1.01,0.028,0.112,0.121,0.068,21.400000000000006,-0.5242669068137195,-0.34307875738591265,-0.501367715332842,0.009732147679638592
203109,Jae Crowder,BOS,2014-15,Defensive Player,Very Good,82,1646.628333333333,628,293,94,72,25,49,0.42,0.293,0.773,0.517,0.476,0.169,0.092,105.8,103.0,2.8,1.92,0.041,0.132,0.087,0.085,22.400000000000006,-0.27039760574932076,-0.4715242182933479,0.060145623723209085,0.4106556986286744
203516,James Ennis III,MIA,2014-15,Defensive Player,Average,62,1051.41,312,176,48,25,17,39,0.409,0.326,0.84,0.541,0.472,0.142,0.081,100.0,100.2,-0.2,1.23,0.051,0.121,0.074,0.086,25.200000000000003,-0.558712815043748,-0.7138195124748321,-0.23756001626094822,0.007245018642040228
201949,James Johnson,TOR,2014-15,Defensive Player,Very Good,70,1369.9533333333334,554,257,95,54,70,79,0.589,0.216,0.657,0.617,0.603,0.17,0.115,109.5,103.1,6.4,1.2,0.046,0.142,0.114,0.094,22.30000000000001,0.25531147562622375,-0.3161678869282444,0.07928088345338169,0.6735615783723733
203923,James Young,BOS,2014-15,Defensive Player,Average,31,332.075,105,42,13,8,2,5,0.353,0.258,0.552,0.457,0.436,0.149,0.05,103.5,103.5,0.0,2.6,0.023,0.101,0.059,0.059,21.900000000000006,-1.137020310472763,-0.9268735087804301,-0.9370834126984633,-0.5145505390187087
201162,Jared Dudley,MIL,2014-15,Defensive Player,Very Good,72,1716.753333333333,518,220,130,72,11,62,0.468,0.385,0.716,0.572,0.556,0.135,0.091,100.6,97.5,3.2,2.1,0.027,0.1,0.115,0.065,27.900000000000006,-0.2841558872828855,-0.1817610373114878,-0.38834409897796207,0.5921619153579232
1891,Jason Terry,HOU,2014-15,Defensive Player,Very Good,77,1641.26,541,121,147,66,19,74,0.422,0.39,0.813,0.579,0.563,0.137,0.077,103.0,99.4,3.7,1.99,0.009,0.06,0.139,0.035,26.0,-0.21290574430695083,0.015617395206276275,-1.0332182079012333,0.49929956715857665
203106,Jeffery Taylor,CHA,2014-15,Defensive Player,Average,29,430.40833333333336,127,53,22,12,1,19,0.395,0.306,0.634,0.481,0.443,0.161,0.049,90.4,105.9,-15.4,1.16,0.03,0.09,0.093,0.059,19.5,-0.8960883803413845,-0.7027560734921998,-0.9078962482781452,-0.6242337713873402
203924,Jerami Grant,PHI,2014-15,Defensive Player,Very Good,65,1376.5483333333334,411,198,79,40,68,85,0.352,0.314,0.591,0.47,0.422,0.162,0.047,94.9,100.1,-5.2,0.93,0.033,0.104,0.095,0.068,25.30000000000001,-0.7468544999008784,-0.48177836144908404,-0.40849946490455724,0.6845315943783689
202379,Jeremy Evans,UTA,2014-15,Defensive Player,Very Good,38,265.81333333333333,90,71,13,11,12,5,0.552,0.4,0.828,0.636,0.569,0.125,0.14,100.8,93.5,7.2,2.6,0.099,0.155,0.084,0.128,31.900000000000006,-0.3000901337316464,-0.7864321754074992,0.018900713250770196,0.20525494032197789
202710,Jimmy Butler III,CHI,2014-15,Defensive Player,Very Good,65,2513.4733333333334,1301,379,212,114,36,93,0.462,0.378,0.834,0.583,0.502,0.213,0.138,107.4,102.7,4.6,2.28,0.045,0.099,0.142,0.073,22.700000000000003,0.9143942254895809,0.2716502911630152,0.13546033026225926,0.974751448586424
203089,John Henson,MIL,2014-15,Defensive Player,Elite,67,1228.465,470,312,59,28,135,87,0.566,0.0,0.569,0.578,0.566,0.181,0.112,96.5,98.6,-2.1,0.68,0.103,0.147,0.084,0.126,26.80000000000001,0.05227635617024325,-0.617166374579939,0.6328856433047414,1.3261973398987383
203919,Jordan Adams,MEM,2014-15,Defensive Player,Average,30,248.4183333333333,94,28,16,16,7,14,0.407,0.4,0.609,0.489,0.465,0.186,0.072,101.4,97.8,3.6,1.14,0.035,0.075,0.101,0.055,27.60000000000001,-0.6911339538586244,-0.6798929947468915,-1.0251893300884984,-0.046170667714685955
2746,Josh Smith,HOU,2014-15,Defensive Player,Elite,83,2300.5216666666665,1027,530,277,87,116,206,0.419,0.316,0.498,0.467,0.456,0.242,0.097,102.6,102.0,0.7,1.34,0.061,0.155,0.207,0.107,23.400000000000006,0.26585919856933066,0.8759776938846224,0.9692687427548462,1.5455200420324555
203200,Justin Holiday,GSW,2014-15,Defensive Player,Average,59,657.4533333333334,254,73,48,40,12,29,0.387,0.321,0.822,0.498,0.462,0.182,0.079,99.1,99.4,-0.4,1.66,0.017,0.081,0.114,0.051,26.0,-0.5535742272198577,-0.489113379078143,-0.956745911042282,0.1590818827409586
203909,KJ McDaniels,HOU,2014-15,Defensive Player,Very Good,62,1351.895,487,200,72,44,70,105,0.396,0.287,0.752,0.494,0.446,0.188,0.067,91.7,100.4,-8.7,0.69,0.043,0.098,0.095,0.069,25.0,-0.36449377855664106,-0.5075362007054519,-0.39045305343254644,0.7285855716229102
202695,Kawhi Leonard,SAS,2014-15,Defensive Player,Elite,64,2032.9,1057,461,161,148,48,97,0.479,0.349,0.802,0.567,0.52,0.227,0.148,109.7,98.3,11.4,1.66,0.044,0.181,0.124,0.115,27.10000000000001,0.7494400558128781,-0.017131726304746492,0.8881028549193846,1.706967926743712
203482,Kelly Olynyk,BOS,2014-15,Defensive Player,Very Good,64,1423.4466666666667,656,303,109,64,39,98,0.475,0.349,0.684,0.558,0.533,0.206,0.094,105.5,98.9,6.6,1.11,0.061,0.146,0.115,0.103,26.5,0.2550713850245198,-0.2590345550805914,0.31599318704410706,0.7103034588681544
203145,Kent Bazemore,ATL,2014-15,Defensive Player,Very Good,75,1323.49,390,222,78,52,33,73,0.426,0.364,0.6,0.52,0.498,0.151,0.068,99.8,102.2,-2.4,1.07,0.016,0.145,0.093,0.082,23.200000000000003,-0.5566471200457026,-0.4966933594412568,-0.16646321863106653,0.3313718919266178
203484,Kentavious Caldwell-Pope,DET,2014-15,Defensive Player,Very Good,82,2586.805,1043,255,109,93,18,94,0.401,0.345,0.696,0.501,0.48,0.19,0.065,106.2,104.8,1.4,1.16,0.016,0.082,0.065,0.048,20.60000000000001,0.09112874501855954,-0.539917221826453,-0.5120499717292425,0.451663657222613
203114,Khris Middleton,MIL,2014-15,Defensive Player,Elite,79,2378.1183333333333,1055,347,182,122,11,113,0.467,0.407,0.859,0.563,0.53,0.194,0.116,103.9,96.7,7.2,1.61,0.021,0.123,0.123,0.073,28.700000000000003,0.48355170501600053,0.05452413812943989,0.05055221558497036,1.1572338023131221
2550,Kirk Hinrich,CHI,2014-15,Defensive Player,Average,66,1609.9666666666667,377,121,148,46,14,73,0.373,0.345,0.7,0.468,0.449,0.129,0.041,103.4,102.0,1.4,2.03,0.012,0.058,0.143,0.036,23.400000000000006,-1.0243845441071968,0.04176769986828332,-1.0204785535965533,0.0887228332482689
202713,Kyle Singler,OKC,2014-15,Defensive Player,Average,80,1743.638333333333,480,194,85,47,21,55,0.386,0.398,0.769,0.512,0.493,0.129,0.048,104.5,106.6,-2.0,1.55,0.017,0.091,0.071,0.053,18.80000000000001,-0.6985346112282089,-0.594523893553068,-0.6102077938094229,-0.10036506101962295
202498,Lance Thomas,NYK,2014-15,Defensive Player,Average,62,1490.645,443,195,69,37,8,74,0.412,0.318,0.727,0.456,0.42,0.169,0.052,95.9,107.0,-11.1,0.93,0.043,0.089,0.079,0.065,18.400000000000006,-0.7525798664719615,-0.6084577280311424,-0.454678563569594,-0.3590075924624865
201601,Luc Mbah a Moute,PHI,2014-15,Defensive Player,Very Good,67,1916.3766666666668,660,328,106,81,21,99,0.395,0.307,0.589,0.466,0.443,0.185,0.081,91.8,101.3,-9.5,1.07,0.039,0.128,0.101,0.082,24.10000000000001,-0.42178747323661336,-0.34872077573644744,0.11479491123745286,0.5633210566453463
201188,Marc Gasol,MEM,2014-15,Defensive Player,Elite,81,2687.03,1413,630,307,70,131,176,0.494,0.176,0.795,0.558,0.496,0.245,0.151,106.6,102.7,3.9,1.74,0.046,0.199,0.193,0.123,22.700000000000003,1.0864799268351144,0.9077212868659293,1.4384410699962586,1.4800105595925885
203935,Marcus Smart,BOS,2014-15,Defensive Player,Very Good,67,1808.2266666666667,523,222,208,99,18,90,0.367,0.335,0.646,0.491,0.462,0.149,0.066,104.7,101.4,3.4,2.31,0.032,0.089,0.161,0.06,24.0,-0.6411838261321489,0.3636669392370896,-0.4467356133340331,0.7135977300207927
203900,Markel Brown,BKN,2014-15,Defensive Player,Average,47,781.4166666666666,216,107,39,31,12,27,0.362,0.266,0.825,0.459,0.402,0.147,0.055,104.8,106.4,-1.5,1.44,0.02,0.12,0.07,0.069,19.0,-1.0601786707769316,-0.7694073477155454,-0.6372172617134173,-0.34545310905036675
202693,Markieff Morris,PHX,2014-15,Defensive Player,Very Good,82,2580.688333333333,1258,506,192,101,39,170,0.465,0.318,0.763,0.523,0.491,0.232,0.107,104.6,102.6,2.0,1.13,0.043,0.149,0.12,0.097,22.80000000000001,0.6794218084941884,0.07446809134807088,0.7781911137000767,0.8762815899025372
101107,Marvin Williams,CHA,2014-15,Defensive Player,Very Good,78,2034.6916666666664,577,386,100,69,36,60,0.424,0.358,0.713,0.541,0.52,0.131,0.088,98.2,102.7,-4.5,1.67,0.027,0.161,0.078,0.092,22.700000000000003,-0.4481336508493965,-0.5000049503735733,0.39608741213684184,0.5084901163623871
2440,Matt Barnes,LAC,2014-15,Defensive Player,Very Good,76,2271.2233333333334,764,302,114,67,50,87,0.444,0.362,0.779,0.574,0.553,0.145,0.064,115.2,103.3,11.9,1.31,0.023,0.108,0.067,0.067,22.10000000000001,-0.02211335703469138,-0.5102834585449271,-0.14528774650804877,0.5941590814990773
2588,Matt Bonner,SAS,2014-15,Defensive Player,Average,72,935.465,264,115,47,10,12,11,0.409,0.365,0.811,0.536,0.509,0.123,0.063,103.9,102.4,1.5,4.27,0.031,0.093,0.074,0.062,23.0,-0.7610048040009354,-0.7174992037971704,-0.7051678131768571,-0.32802303055690724
203090,Maurice Harkless,ORL,2014-15,Defensive Player,Average,45,674.2233333333334,158,106,25,32,9,27,0.399,0.179,0.537,0.449,0.43,0.13,0.046,95.7,102.1,-6.5,0.93,0.055,0.104,0.056,0.079,23.30000000000001,-1.2836288659353736,-0.8995701729171224,-0.5124740972502796,-0.11279903540841078
201563,Michael Beasley,MIA,2014-15,Defensive Player,Average,24,504.805,212,89,32,15,13,37,0.434,0.235,0.769,0.474,0.453,0.236,0.078,98.2,97.2,1.0,0.86,0.025,0.148,0.113,0.089,28.200000000000003,-0.3257773197390198,-0.5536060935704725,-0.4301849901257864,0.03942555839513854
2399,Mike Dunleavy,CHI,2014-15,Defensive Player,Average,63,1837.7966666666664,595,248,114,39,21,60,0.435,0.407,0.805,0.573,0.546,0.14,0.081,106.9,101.5,5.4,1.9,0.015,0.112,0.094,0.065,23.900000000000006,-0.1863074730172616,-0.3586068185021619,-0.3140494986353343,0.11639287822634431
101145,Monta Ellis,DAL,2014-15,Defensive Player,Elite,80,2699.245,1513,190,329,148,25,198,0.445,0.285,0.752,0.509,0.475,0.273,0.097,108.4,104.5,3.9,1.66,0.013,0.056,0.2,0.035,20.900000000000006,1.0834090438810355,1.0279980693017918,-0.8501350856283292,1.1099872693661277
203489,Nate Wolters,MIL,2014-15,Defensive Player,Average,21,246.6783333333333,42,34,21,8,2,13,0.351,0.0,0.333,0.352,0.351,0.131,0.04,96.5,97.1,-0.7,1.62,0.032,0.101,0.127,0.067,28.30000000000001,-1.914562671598647,-0.5154355514273523,-0.856393206930343,-0.138520618701892
2403,Nene,WAS,2014-15,Defensive Player,Very Good,67,1693.4733333333334,737,345,123,66,22,124,0.511,0.2,0.604,0.534,0.512,0.215,0.097,103.7,99.0,4.7,0.99,0.053,0.153,0.117,0.105,26.400000000000006,0.24214791820995962,-0.1962835698980212,0.45291439616740925,0.5531538291875955
203457,Nerlens Noel,PHI,2014-15,Defensive Player,Elite,75,2311.2366666666667,744,611,128,133,142,146,0.462,0.0,0.609,0.493,0.462,0.17,0.108,91.8,100.9,-9.1,0.88,0.074,0.184,0.099,0.127,24.5,-0.3166447164688804,-0.27900287331484,1.4389854941253395,2.3498269438291426
201979,Nick Calathes,MEM,2014-15,Defensive Player,Very Good,58,837.9366666666666,243,106,146,63,5,61,0.421,0.256,0.533,0.455,0.443,0.171,0.094,97.6,91.2,6.4,2.39,0.022,0.101,0.274,0.061,34.2,-0.887886224887047,0.770320904097764,-0.741787874734525,0.8083593177065467
2555,Nick Collison,OKC,2014-15,Defensive Player,Very Good,66,1100.7333333333331,273,250,90,35,25,45,0.419,0.267,0.692,0.485,0.451,0.126,0.07,102.7,99.0,3.7,2.0,0.076,0.14,0.12,0.107,26.400000000000006,-1.0241473637538643,-0.3008604235304324,0.22632273932856856,0.262303970109143
203910,Nick Johnson,HOU,2014-15,Defensive Player,Average,28,262.34833333333336,74,39,11,7,3,19,0.347,0.238,0.68,0.43,0.38,0.167,0.019,91.9,100.0,-8.1,0.58,0.045,0.089,0.069,0.067,25.400000000000006,-1.1819807276670662,-0.8780563580759342,-0.8431263140120167,-0.30915307528068925
203917,Nik Stauskas,SAC,2014-15,Defensive Player,Average,73,1126.52,319,88,67,20,17,40,0.365,0.322,0.859,0.492,0.446,0.138,0.043,102.2,108.1,-5.9,1.68,0.01,0.066,0.092,0.038,17.30000000000001,-0.8631059747053086,-0.542787617321895,-1.0825607382481466,-0.5087237289405891
203490,Otto Porter Jr.,WAS,2014-15,Defensive Player,Average,74,1432.055,445,221,65,44,30,52,0.45,0.337,0.734,0.523,0.495,0.147,0.08,102.3,103.2,-0.9,1.25,0.051,0.103,0.068,0.078,22.200000000000003,-0.5291132484515063,-0.6849706800045849,-0.22007521443345301,0.15937392136140216
203798,PJ Hairston,CHA,2014-15,Defensive Player,Average,45,687.2733333333333,254,92,21,21,13,22,0.323,0.301,0.861,0.446,0.414,0.19,0.05,97.5,105.7,-8.1,0.95,0.028,0.101,0.051,0.062,19.700000000000003,-0.7923222532390221,-0.9423772048810617,-0.7661955206011586,-0.3978210018957617
201988,Patty Mills,SAS,2014-15,Defensive Player,Very Good,51,801.33,351,75,87,28,2,35,0.381,0.341,0.825,0.496,0.473,0.208,0.083,104.6,94.7,9.9,2.49,0.025,0.064,0.172,0.045,30.700000000000003,-0.30472531957673166,-0.01978152408175135,-1.0278770797030332,0.20971786018315233
200794,Paul Millsap,ATL,2014-15,Defensive Player,Elite,73,2389.5333333333333,1218,570,223,130,69,166,0.476,0.356,0.757,0.565,0.518,0.233,0.13,110.3,102.1,8.3,1.34,0.062,0.181,0.149,0.123,23.30000000000001,0.898032853798416,0.3514504690531568,1.279238354976342,1.5096623727305103
203544,Pero Antic,ATL,2014-15,Defensive Player,Average,63,1037.2133333333334,356,189,49,18,14,49,0.365,0.301,0.715,0.508,0.453,0.167,0.053,106.2,98.3,7.9,1.0,0.056,0.127,0.072,0.092,27.10000000000001,-0.5326489051251834,-0.7213751278223284,-0.12662816884521777,0.015996968658694415
203103,Perry Jones III,OKC,2014-15,Defensive Player,Average,43,631.1616666666666,184,76,18,17,8,24,0.397,0.233,0.649,0.459,0.435,0.152,0.044,98.1,108.2,-10.2,0.75,0.009,0.105,0.046,0.057,17.200000000000003,-1.0466530262698297,-0.9815045455226625,-0.8723478494632044,-0.6367404612881284
202347,Quincy Pondexter,NOP,2014-15,Defensive Player,Average,75,1793.4766666666667,538,195,94,19,24,51,0.421,0.373,0.74,0.55,0.522,0.135,0.057,103.3,103.1,0.3,1.84,0.03,0.079,0.08,0.055,22.30000000000001,-0.39551870510540416,-0.5108477916377685,-0.5820751066163969,-0.15448946860988064
2446,Rasual Butler,WAS,2014-15,Defensive Player,Average,75,1504.631666666667,580,197,63,29,22,48,0.422,0.387,0.791,0.531,0.51,0.173,0.084,99.7,101.7,-1.9,1.31,0.018,0.105,0.067,0.063,23.700000000000003,-0.1956853193778099,-0.6979477159841787,-0.47485111501162414,0.011145777836396772
2210,Richard Jefferson,DAL,2014-15,Defensive Player,Average,74,1244.1483333333333,432,183,61,32,11,52,0.444,0.426,0.684,0.577,0.546,0.15,0.074,104.3,102.2,2.0,1.17,0.02,0.121,0.073,0.072,23.200000000000003,-0.20777978343164782,-0.6716011786193519,-0.39734152644081544,-0.09843957490721644
203496,Robert Covington,PHI,2014-15,Defensive Player,Very Good,70,1955.9216666666664,943,316,105,97,31,128,0.396,0.374,0.82,0.554,0.506,0.213,0.1,97.1,100.8,-3.7,0.82,0.03,0.128,0.095,0.077,24.60000000000001,0.4904143580641956,-0.3861063870682891,0.019256096710068032,0.8596548412138137
203135,Robert Sacre,LAL,2014-15,Defensive Player,Average,67,1133.3183333333334,307,233,55,28,43,36,0.412,0.0,0.671,0.449,0.412,0.149,0.062,100.2,103.0,-2.8,1.53,0.074,0.127,0.076,0.099,22.400000000000006,-1.037088515888759,-0.6768263665486298,0.07929806896881655,0.1368700813982547
203918,Rodney Hood,UTA,2014-15,Defensive Player,Average,50,1064.38,433,117,83,30,12,45,0.414,0.365,0.763,0.529,0.497,0.192,0.08,102.6,98.8,3.8,1.84,0.008,0.101,0.136,0.055,26.60000000000001,-0.1740401255213019,-0.23673580942812456,-0.7890386361422886,0.09072105838754126
203527,Ryan Kelly,LAL,2014-15,Defensive Player,Average,52,1233.236666666667,332,146,92,30,24,37,0.337,0.336,0.832,0.473,0.409,0.14,0.053,101.3,107.4,-6.1,2.49,0.01,0.109,0.113,0.058,18.0,-0.9477232623133695,-0.33282461423017645,-0.6738716943019547,-0.293159579001311
201586,Serge Ibaka,OKC,2014-15,Defensive Player,Elite,64,2115.785,917,499,55,30,155,97,0.476,0.376,0.836,0.549,0.525,0.19,0.107,106.7,102.8,3.9,0.57,0.063,0.158,0.041,0.112,22.60000000000001,0.27470571734718535,-0.8734442332707328,0.9507122781846241,1.302499710628902
203508,Sergey Karasev,BKN,2014-15,Defensive Player,Average,33,555.2233333333334,153,66,46,23,1,24,0.403,0.296,0.763,0.508,0.463,0.139,0.062,103.1,101.4,1.7,1.92,0.041,0.078,0.123,0.06,24.0,-0.8840156360629647,-0.4459138817085645,-0.8606626723858164,-0.24586274134314723
1890,Shawn Marion,CLE,2014-15,Defensive Player,Average,57,1100.8383333333334,276,202,51,27,27,33,0.446,0.261,0.765,0.489,0.468,0.126,0.074,106.7,103.7,3.1,1.55,0.058,0.126,0.069,0.092,21.700000000000003,-0.9991137721484483,-0.7308687051824034,-0.09213424725756919,-0.07649897812386959
203524,Solomon Hill,IND,2014-15,Defensive Player,Average,82,2380.963333333333,729,314,184,66,18,115,0.396,0.327,0.824,0.507,0.45,0.159,0.071,100.7,104.4,-3.7,1.6,0.029,0.103,0.121,0.066,21.0,-0.3279417463161497,0.050648214104281955,-0.12618685780874575,0.19540872790799124
2419,Tayshaun Prince,DET,2014-15,Defensive Player,Average,58,1396.7416666666666,434,210,93,29,16,35,0.44,0.463,0.754,0.504,0.479,0.15,0.089,100.5,105.0,-4.5,2.66,0.036,0.114,0.109,0.074,20.400000000000006,-0.6237176283561711,-0.3516155362475071,-0.3002209960724923,-0.24344943384539663
203093,Terrence Jones,HOU,2014-15,Defensive Player,Very Good,33,889.4716666666667,386,220,36,18,59,37,0.528,0.351,0.606,0.567,0.55,0.184,0.113,105.4,100.6,4.8,0.97,0.088,0.143,0.067,0.117,24.80000000000001,-0.049231606128359494,-0.797299381687312,0.2741179248654133,0.3361470961831022
200757,Thabo Sefolosha,ATL,2014-15,Defensive Player,Very Good,52,975.6566666666666,278,223,75,53,21,38,0.418,0.321,0.776,0.506,0.468,0.143,0.106,105.8,94.6,11.2,1.97,0.056,0.169,0.116,0.114,30.80000000000001,-0.7760251637475178,-0.3785264067051753,0.2438590977023682,0.6668592172042794
201152,Thaddeus Young,BKN,2014-15,Defensive Player,Very Good,76,2433.9816666666666,1071,411,173,124,25,117,0.466,0.33,0.655,0.507,0.486,0.212,0.097,103.4,107.9,-4.5,1.48,0.052,0.121,0.118,0.086,17.5,0.3066767377372177,-0.006681350446190684,0.38598395090039195,0.6615486636783322
201168,Tiago Splitter,SAS,2014-15,Defensive Player,Very Good,52,1029.815,428,252,78,35,37,60,0.558,0.0,0.75,0.601,0.558,0.181,0.115,109.6,97.7,11.9,1.3,0.092,0.155,0.11,0.124,27.700000000000003,0.15349143369780646,-0.4011932527476639,0.4482036196754642,0.46009461571036653
2754,Tony Allen,MEM,2014-15,Defensive Player,Elite,63,1647.6983333333333,539,280,86,129,30,86,0.495,0.345,0.627,0.528,0.505,0.162,0.087,104.6,96.1,8.5,1.0,0.065,0.106,0.081,0.086,29.30000000000001,-0.3229303368931992,-0.5346676688815574,0.03839135644024061,1.4572479639693856
203503,Tony Snell,CHI,2014-15,Defensive Player,Average,72,1412.1583333333333,435,176,62,32,11,48,0.429,0.371,0.8,0.55,0.527,0.139,0.07,104.3,102.1,2.2,1.29,0.021,0.096,0.068,0.06,23.30000000000001,-0.44051511681376226,-0.6960097539715997,-0.5687910281826358,-0.09256410740226569
204037,Travis Wear,NYK,2014-15,Defensive Player,Average,51,671.9933333333333,199,106,40,15,11,35,0.402,0.367,0.769,0.451,0.428,0.172,0.063,94.8,101.0,-6.2,1.14,0.047,0.116,0.104,0.081,24.400000000000006,-0.935166440628068,-0.5747274430060214,-0.486994788640919,-0.20407713479911613
2772,Trevor Ariza,HOU,2014-15,Defensive Player,Elite,82,2930.12,1048,459,209,152,17,141,0.402,0.35,0.853,0.539,0.509,0.163,0.095,105.5,101.5,4.0,1.48,0.026,0.127,0.112,0.076,23.900000000000006,0.1143478496377816,0.09208161714848365,0.3859495798695223,1.246757034243303
204020,Tyler Johnson,MIA,2014-15,Defensive Player,Average,32,602.9966666666667,190,81,42,33,9,30,0.419,0.375,0.681,0.506,0.473,0.161,0.083,96.8,101.5,-4.7,1.4,0.023,0.108,0.115,0.066,23.900000000000006,-0.7077175925795488,-0.5055738736772554,-0.7444240678027554,-0.06718486744039757
1713,Vince Carter,MEM,2014-15,Defensive Player,Very Good,66,1091.243333333333,384,133,79,43,14,43,0.333,0.297,0.789,0.445,0.417,0.193,0.058,99.7,99.2,0.5,1.84,0.024,0.096,0.11,0.06,26.200000000000003,-0.6823289821268091,-0.3975135614253256,-0.6828863072802428,0.22215183457194007
202325,Wesley Johnson,LAL,2014-15,Defensive Player,Average,76,2244.563333333333,753,319,124,59,45,87,0.414,0.351,0.804,0.509,0.48,0.161,0.068,102.6,109.3,-6.7,1.43,0.029,0.116,0.084,0.071,16.10000000000001,-0.28455813542138136,-0.3779864386279515,-0.04922169336701798,0.10815280768020379
203115,Will Barton,DEN,2014-15,Defensive Player,Very Good,58,983.8633333333332,397,162,81,48,19,61,0.425,0.271,0.787,0.503,0.458,0.197,0.103,98.7,99.4,-0.7,1.33,0.024,0.134,0.135,0.077,26.0,-0.31205501800795965,-0.24971284540771832,-0.3893642051743847,0.31279503426896177
2584,Willie Green,ORL,2014-15,Defensive Player,Average,52,951.1966666666668,306,79,68,26,5,48,0.386,0.347,0.824,0.477,0.454,0.172,0.052,94.1,99.0,-4.9,1.42,0.015,0.067,0.121,0.041,26.400000000000006,-0.7093475636685967,-0.3761959792869571,-1.0682221825870932,-0.03329757639711491
1626151,Aaron Harrison,CHA,2015-16,Defensive Player,Average,21,93.3,18,15,2,6,0,4,0.263,0.3,0.417,0.371,0.342,0.132,0.013,94.7,98.1,-3.4,0.5,0.045,0.112,0.033,0.08,27.30000000000001,-1.8159165760463365,-1.1134091000339987,-0.7411918940591395,-0.23823294763416344
201143,Al Horford,ATL,2015-16,Defensive Player,Elite,82,2631.181666666667,1249,596,263,68,121,107,0.505,0.344,0.798,0.565,0.547,0.202,0.137,102.9,98.7,4.2,2.46,0.056,0.158,0.165,0.109,26.700000000000003,0.6934535266868092,0.5885205753053633,1.1698710378861152,1.5931318938832497
201229,Anthony Tolliver,DET,2015-16,Defensive Player,Average,72,1340.61,383,229,52,26,16,28,0.386,0.36,0.617,0.543,0.533,0.122,0.076,102.3,102.4,0.0,1.86,0.026,0.143,0.058,0.081,23.0,-0.6424858097742456,-0.7889832005441548,-0.1606292228500899,-0.12177136753162614
203085,Austin Rivers,LAC,2015-16,Defensive Player,Average,67,1463.775,593,130,99,48,9,61,0.438,0.335,0.681,0.523,0.498,0.188,0.069,98.7,102.8,-4.0,1.62,0.015,0.07,0.116,0.043,22.60000000000001,-0.12224344192115201,-0.29021381496905685,-0.9074205662108036,0.011854499069928304
202340,Avery Bradley,BOS,2015-16,Defensive Player,Very Good,76,2536.123333333333,1155,220,158,117,19,109,0.447,0.361,0.78,0.538,0.52,0.197,0.082,108.5,103.9,4.6,1.45,0.018,0.065,0.095,0.041,21.5,0.4346896393152489,-0.19108274698436092,-0.6940958022902892,0.7633330392897237
203463,Ben McLemore,SAC,2015-16,Defensive Player,Average,68,1442.7833333333333,531,148,79,52,10,99,0.429,0.362,0.718,0.531,0.502,0.172,0.048,105.8,104.6,1.2,0.8,0.023,0.076,0.076,0.05,20.80000000000001,-0.23834209909573936,-0.5885137748125114,-0.7704821715720664,-0.042341000262855914
203912,C.J. Wilcox,LAC,2015-16,Defensive Player,Average,23,166.81833333333333,70,12,10,10,2,2,0.394,0.391,0.75,0.491,0.462,0.19,0.072,102.0,95.7,6.3,5.0,0.006,0.057,0.09,0.034,29.700000000000003,-0.6677245275570645,-0.7637653293650106,-1.335176127825429,-0.035541347755965104
201978,Chase Budinger,PHX,2015-16,Defensive Player,Average,66,929.7166666666668,271,150,64,32,10,44,0.435,0.279,0.696,0.514,0.485,0.138,0.074,101.9,102.1,-0.3,1.45,0.043,0.115,0.098,0.078,23.30000000000001,-0.7719353269705556,-0.5201207712794064,-0.40846509387368773,-0.10268157140533822
203187,Chris Johnson,UTA,2015-16,Defensive Player,Very Good,70,856.855,205,132,45,32,20,40,0.371,0.273,0.81,0.482,0.441,0.131,0.053,99.2,97.2,2.0,1.13,0.032,0.118,0.082,0.076,28.200000000000003,-1.0537356893958993,-0.6799173597625091,-0.48170521698902335,0.2863909763679491
201147,Corey Brewer,HOU,2015-16,Defensive Player,Very Good,82,1668.8833333333334,590,199,109,84,19,78,0.384,0.272,0.75,0.481,0.439,0.172,0.06,101.8,104.0,-2.1,1.4,0.023,0.09,0.102,0.056,21.400000000000006,-0.4816711222538121,-0.3320640484345155,-0.5587219379770556,0.41553259482047994
201584,Courtney Lee,CHA,2015-16,Defensive Player,Very Good,79,2334.4733333333334,761,205,136,85,28,72,0.454,0.378,0.839,0.551,0.518,0.146,0.071,107.1,104.1,3.0,1.89,0.013,0.077,0.088,0.045,21.30000000000001,-0.1484596544246827,-0.31135952942022344,-0.6829378638265473,0.5110756662814947
203996,Damien Inglis,MIL,2015-16,Defensive Player,Average,20,156.35166666666666,36,31,10,6,3,11,0.351,0.231,0.875,0.444,0.392,0.149,0.076,85.7,99.4,-13.7,0.91,0.013,0.171,0.112,0.097,26.0,-1.261107557393941,-0.6401769559968317,-0.4821637135409301,-0.2842616331892999
201980,Danny Green,SAS,2015-16,Defensive Player,Elite,79,2061.525,572,303,141,79,64,75,0.376,0.332,0.739,0.492,0.48,0.143,0.07,108.1,95.7,12.5,1.88,0.024,0.121,0.092,0.074,29.700000000000003,-0.6440528846620139,-0.27049045946886313,-0.053456787791621496,1.306675463178055
201589,Darrell Arthur,DEN,2015-16,Defensive Player,Very Good,70,1515.9916666666666,527,293,96,53,48,66,0.452,0.385,0.755,0.514,0.498,0.165,0.079,102.2,104.0,-1.8,1.45,0.055,0.132,0.102,0.093,21.400000000000006,-0.3896681847166978,-0.3799000356249129,0.16206285816065136,0.38773679982191317
1626199,Darrun Hilliard,DET,2015-16,Defensive Player,Average,38,383.01666666666665,152,45,27,9,1,19,0.397,0.38,0.725,0.511,0.469,0.19,0.073,100.6,102.3,-1.7,1.42,0.013,0.103,0.117,0.057,23.10000000000001,-0.4942395911056882,-0.549533936842495,-0.9546025855568281,-0.4438010300240662
2561,David West,SAS,2015-16,Defensive Player,Very Good,78,1404.2283333333332,554,309,143,44,55,68,0.545,0.429,0.788,0.573,0.548,0.175,0.12,107.5,95.3,12.2,2.1,0.055,0.168,0.15,0.113,30.10000000000001,0.040342293034639355,0.06269281660101263,0.4593100015929017,0.8764724543292859
201960,DeMarre Carroll,TOR,2015-16,Defensive Player,Average,26,786.4416666666667,286,122,27,44,6,28,0.389,0.39,0.6,0.49,0.474,0.176,0.071,105.7,103.1,2.6,0.96,0.037,0.118,0.056,0.076,22.30000000000001,-0.6201606434118939,-0.8922107902724459,-0.5082390028256761,-0.07756974720738767
2734,Devin Harris,DAL,2015-16,Defensive Player,Average,64,1280.45,487,138,118,60,13,66,0.447,0.329,0.721,0.559,0.516,0.168,0.083,100.0,102.6,-2.6,1.79,0.014,0.089,0.149,0.052,22.80000000000001,-0.13926356667606923,-0.03491711979236131,-0.7715366487993587,0.18841164535186228
203906,Devyn Marble,ORL,2015-16,Defensive Player,Average,28,248.74666666666667,60,38,12,13,1,7,0.296,0.25,0.417,0.368,0.352,0.153,0.029,96.7,97.9,-1.2,1.71,0.021,0.12,0.072,0.069,27.5,-1.6490508061713036,-0.8575237067488443,-0.8203003839863214,-0.14383500805300767
203079,Dion Waiters,OKC,2015-16,Defensive Player,Very Good,78,2151.623333333333,762,202,154,81,15,120,0.399,0.358,0.713,0.492,0.46,0.173,0.058,110.5,106.0,4.4,1.28,0.016,0.073,0.103,0.045,19.400000000000006,-0.2874201257077329,-0.16086028559437618,-0.690897999577543,0.2264692998942489
202700,Donatas Motiejunas,HOU,2015-16,Defensive Player,Average,37,546.6933333333334,230,109,41,17,5,44,0.439,0.281,0.642,0.504,0.478,0.214,0.066,105.5,101.5,4.0,0.93,0.069,0.124,0.116,0.097,23.900000000000006,-0.3023211583065241,-0.5036359116646764,-0.27520018401503843,-0.2734365304656787
202734,E'Twaun Moore,CHI,2015-16,Defensive Player,Average,59,1263.1,443,133,99,37,18,53,0.481,0.452,0.629,0.548,0.541,0.157,0.073,104.0,105.0,-0.9,1.87,0.015,0.082,0.118,0.05,20.400000000000006,-0.3144123206071723,-0.2789785082992225,-0.8102828503270456,-0.14032360233275612
202407,Elijah Millsap,UTA,2015-16,Defensive Player,Average,20,172.775,36,35,19,7,3,9,0.282,0.083,0.722,0.384,0.295,0.141,0.041,100.6,93.2,7.4,2.11,0.033,0.152,0.164,0.094,32.2,-1.6627235860631158,-0.3149417606800913,-0.5097691621203099,0.0903787150559281
1626163,Frank Kaminsky,CHA,2015-16,Defensive Player,Very Good,81,1707.5733333333333,606,335,98,38,43,58,0.41,0.337,0.73,0.513,0.474,0.166,0.09,100.8,101.7,-0.9,1.69,0.038,0.15,0.095,0.094,23.700000000000003,-0.33109447325016456,-0.41186422632465697,0.28624441297927333,0.31686478834572723
202066,Garrett Temple,WAS,2015-16,Defensive Player,Very Good,80,1951.195,582,212,140,69,18,64,0.398,0.345,0.728,0.52,0.486,0.14,0.057,101.6,101.6,0.0,2.19,0.018,0.091,0.102,0.054,23.80000000000001,-0.4987118278658847,-0.21799361744202916,-0.5497073249987676,0.39100590686153486
203914,Gary Harris,DEN,2015-16,Defensive Player,Very Good,76,2438.6366666666668,932,220,147,97,18,98,0.469,0.354,0.82,0.566,0.538,0.16,0.076,105.1,109.2,-4.1,1.5,0.021,0.069,0.093,0.044,16.200000000000003,0.16310660483638717,-0.24279465819991633,-0.6558768393762484,0.2345885387580491
201588,George Hill,IND,2015-16,Defensive Player,Very Good,74,2524.4133333333334,894,298,259,83,17,101,0.441,0.408,0.76,0.555,0.528,0.157,0.094,103.3,101.5,1.9,2.56,0.023,0.093,0.157,0.058,23.900000000000006,0.05084860101022778,0.5288605833366723,-0.27055814958483254,0.5318229914997794
101123,Gerald Green,MIA,2015-16,Defensive Player,Average,69,1557.2183333333332,616,163,56,38,19,46,0.392,0.323,0.783,0.491,0.463,0.192,0.06,103.7,102.9,0.9,1.22,0.017,0.085,0.057,0.052,22.5,-0.2593362467169445,-0.779882088589719,-0.7052021842077267,0.0035400422125833795
203922,Glenn Robinson III,IND,2015-16,Defensive Player,Average,45,508.1983333333333,171,68,26,17,9,18,0.43,0.378,0.692,0.508,0.477,0.157,0.08,98.5,102.0,-3.6,1.44,0.022,0.109,0.077,0.065,23.400000000000006,-0.7392662781341665,-0.7779197615615223,-0.7916576436950842,-0.26234401197813983
202697,Iman Shumpert,CLE,2015-16,Defensive Player,Very Good,54,1316.33,311,203,92,54,19,57,0.374,0.295,0.784,0.475,0.444,0.13,0.061,108.2,100.4,7.8,1.61,0.025,0.127,0.1,0.077,25.0,-1.0246371381174295,-0.40585410758410045,-0.2805756832441083,0.31620853684933076
2747,JR Smith,CLE,2015-16,Defensive Player,Very Good,77,2361.988333333333,955,217,130,81,21,59,0.415,0.4,0.634,0.542,0.535,0.177,0.067,112.2,105.6,6.5,2.2,0.018,0.076,0.082,0.047,19.80000000000001,0.1669203564975903,-0.36714359736375635,-0.6256180122132033,0.3106759539324854
203960,JaKarr Sampson,DEN,2015-16,Defensive Player,Average,73,1159.7316666666666,374,190,46,23,33,70,0.442,0.222,0.656,0.504,0.464,0.165,0.047,98.2,105.3,-7.1,0.66,0.038,0.118,0.062,0.078,20.10000000000001,-0.5571793332934512,-0.7885907351385155,-0.3023299505270766,-0.15124712593788597
203109,Jae Crowder,BOS,2015-16,Defensive Player,Elite,73,2308.19,1038,373,135,126,35,83,0.443,0.336,0.82,0.565,0.518,0.181,0.103,107.4,102.6,4.8,1.63,0.028,0.125,0.087,0.075,22.80000000000001,0.387560978745749,-0.32065687407747895,0.14501936736962823,1.0948458073480454
202341,James Anderson,SAC,2015-16,Defensive Player,Average,51,720.9833333333333,179,86,41,21,14,42,0.376,0.267,0.759,0.469,0.441,0.134,0.041,100.8,105.7,-4.8,0.98,0.017,0.091,0.078,0.055,19.700000000000003,-1.1248520860607065,-0.717106738391531,-0.8712933722359122,-0.3877035378926892
201949,James Johnson,TOR,2015-16,Defensive Player,Average,57,925.7316666666668,287,126,67,29,33,54,0.475,0.303,0.574,0.532,0.517,0.157,0.067,104.9,105.1,-0.2,1.24,0.031,0.11,0.113,0.07,20.30000000000001,-0.5183921331944903,-0.42481689728863314,-0.5740634143190966,-0.07732801329811369
2592,James Jones,CLE,2015-16,Defensive Player,Average,48,463.42,178,50,14,11,10,13,0.408,0.394,0.808,0.58,0.553,0.156,0.071,96.1,99.7,-3.6,1.08,0.016,0.087,0.054,0.05,25.700000000000003,-0.32987611109120263,-0.9512820841326779,-1.0305132727712638,-0.17925897299108318
203099,Jared Cunningham,CLE,2015-16,Defensive Player,Average,44,410.385,120,38,20,14,2,21,0.343,0.308,0.655,0.464,0.4,0.166,0.032,98.5,103.4,-4.8,0.95,0.008,0.088,0.074,0.048,22.0,-0.9617321279853996,-0.8168508695003036,-1.0878331243846078,-0.44650689388388726
201162,Jared Dudley,WAS,2015-16,Defensive Player,Very Good,81,2097.6716666666666,638,286,171,75,18,80,0.478,0.42,0.735,0.602,0.581,0.127,0.077,105.1,103.3,1.7,2.14,0.026,0.113,0.112,0.069,22.10000000000001,-0.08465578591564626,-0.047746653100370545,-0.1622624952373326,0.353291136907252
204067,Jarell Eddie,WAS,2015-16,Defensive Player,Average,26,146.76666666666668,63,23,5,5,1,1,0.308,0.319,1.0,0.46,0.423,0.191,0.088,89.8,102.2,-12.4,5.0,0.012,0.134,0.058,0.07,23.200000000000003,-0.8426957102944757,-0.9619286926940533,-0.8473614084366202,-0.479371014272364
201160,Jason Smith,ORL,2015-16,Defensive Player,Very Good,76,1180.861666666667,546,219,62,33,65,57,0.485,0.25,0.806,0.513,0.489,0.218,0.088,101.9,103.0,-1.1,1.09,0.045,0.144,0.087,0.094,22.400000000000006,0.006301658193076709,-0.5892743406081724,-0.02154750272589885,0.4112611041574099
201145,Jeff Green,LAC,2015-16,Defensive Player,Very Good,80,2253.245,939,332,138,58,40,93,0.43,0.315,0.745,0.51,0.47,0.204,0.087,103.7,104.8,-1.0,1.48,0.033,0.116,0.102,0.075,20.60000000000001,0.1700738308450497,-0.2253530000867057,0.036230845439351844,0.31160016244929073
203481,Jeff Withey,UTA,2015-16,Defensive Player,Very Good,51,657.885,217,173,20,21,53,28,0.537,0.0,0.729,0.577,0.537,0.149,0.113,100.8,97.8,3.0,0.71,0.089,0.183,0.051,0.136,27.60000000000001,-0.3701472858127633,-0.9460568962033999,0.3914625632220709,0.47103949111820986
203924,Jerami Grant,PHI,2015-16,Defensive Player,Very Good,77,2066.333333333333,749,361,135,54,127,110,0.419,0.24,0.658,0.506,0.448,0.179,0.073,96.0,106.6,-10.7,1.23,0.046,0.122,0.106,0.084,18.80000000000001,-0.1728266625978371,-0.21392146071405158,0.22783571310776762,1.044615663874248
203087,Jeremy Lamb,CHA,2015-16,Defensive Player,Very Good,66,1227.255,580,252,77,42,30,50,0.451,0.309,0.727,0.529,0.506,0.214,0.119,102.0,95.8,6.2,1.54,0.035,0.157,0.111,0.097,29.60000000000001,0.09301937285491639,-0.3992552907350849,0.10423295344909622,0.5734357908510975
204060,Joe Ingles,UTA,2015-16,Defensive Player,Average,81,1241.0966666666666,342,151,96,55,4,65,0.426,0.386,0.722,0.572,0.565,0.128,0.079,99.4,100.3,-0.9,1.48,0.015,0.109,0.125,0.061,25.10000000000001,-0.4623214737134999,-0.25069400892181665,-0.6223858384695875,0.18068340724650558
203089,John Henson,MIL,2015-16,Defensive Player,Very Good,57,959.4733333333334,397,221,54,18,109,64,0.564,0.0,0.59,0.58,0.564,0.188,0.103,96.6,103.4,-6.8,0.84,0.092,0.133,0.096,0.113,22.0,0.06231093101122753,-0.5681529911726235,0.22581268623035733,0.6775072061981205
1626196,Josh Richardson,MIA,2015-16,Defensive Player,Average,52,1106.95,341,107,73,36,25,35,0.452,0.461,0.667,0.569,0.55,0.134,0.066,104.3,102.5,1.8,2.09,0.02,0.075,0.098,0.048,22.900000000000006,-0.4362723388668986,-0.487003549378362,-0.9047500021117035,0.06702397037419604
2746,Josh Smith,HOU,2015-16,Defensive Player,Very Good,55,879.9733333333334,332,192,90,34,47,77,0.364,0.287,0.552,0.439,0.423,0.221,0.066,96.7,101.5,-4.7,1.17,0.053,0.154,0.172,0.102,23.900000000000006,-0.549160445989489,-0.008742450114736566,0.008728509952580954,0.32764012761467026
1626147,Justin Anderson,DAL,2015-16,Defensive Player,Average,55,646.8766666666667,208,132,29,19,25,24,0.406,0.265,0.8,0.522,0.469,0.152,0.094,100.7,99.3,1.4,1.21,0.026,0.167,0.071,0.096,26.10000000000001,-0.6691406711466964,-0.8005866076040109,-0.22691213089541737,0.0788957605813015
203200,Justin Holiday,CHI,2015-16,Defensive Player,Average,53,772.5866666666667,239,90,56,32,19,39,0.386,0.343,0.73,0.489,0.465,0.16,0.059,100.5,104.5,-4.0,1.44,0.015,0.098,0.111,0.057,20.900000000000006,-0.776899892434062,-0.47652880850418855,-0.8352005492918906,-0.152635615496492
1626159,Justise Winslow,MIA,2015-16,Defensive Player,Very Good,78,2232.135,502,403,118,68,26,95,0.422,0.276,0.684,0.489,0.457,0.122,0.064,102.7,100.3,2.4,1.24,0.038,0.14,0.077,0.091,25.10000000000001,-0.8654160418402599,-0.4393881599064018,0.4284551937544712,0.5379653335121563
203909,KJ McDaniels,HOU,2015-16,Defensive Player,Average,37,235.32333333333327,89,42,10,7,6,17,0.403,0.28,0.8,0.522,0.451,0.179,0.062,108.1,93.3,14.9,0.59,0.067,0.091,0.059,0.08,32.10000000000001,-0.557304378282566,-0.9379125827474448,-0.669550672300177,0.11485563956019569
202695,Kawhi Leonard,SAS,2015-16,Defensive Player,Elite,72,2379.563333333333,1523,493,186,128,71,105,0.506,0.443,0.874,0.616,0.565,0.252,0.17,110.0,95.9,14.1,1.77,0.042,0.164,0.128,0.106,29.5,1.548666783522455,0.09733117009337915,0.8583540808545507,1.8734535601669469
203482,Kelly Olynyk,BOS,2015-16,Defensive Player,Very Good,69,1394.8466666666666,687,281,105,52,33,74,0.455,0.405,0.75,0.561,0.531,0.204,0.111,103.6,96.8,6.8,1.42,0.047,0.138,0.119,0.092,28.60000000000001,0.2799386463864505,-0.2512827070302756,0.11748266085198772,0.648647137193932
203145,Kent Bazemore,ATL,2015-16,Defensive Player,Very Good,75,2082.7966666666666,872,379,171,98,38,138,0.441,0.357,0.815,0.551,0.517,0.195,0.1,102.8,100.6,2.3,1.24,0.013,0.156,0.127,0.088,24.80000000000001,0.29029149814725913,0.03651814692338788,0.3265551448324637,0.9525893871835341
203484,Kentavious Caldwell-Pope,DET,2015-16,Defensive Player,Very Good,76,2788.7316666666666,1105,282,138,110,17,105,0.42,0.309,0.811,0.521,0.479,0.177,0.077,106.5,103.9,2.6,1.31,0.023,0.077,0.075,0.048,21.5,0.1550244359994176,-0.3770296401294709,-0.44040874997028,0.6705685707153952
202338,Kevin Seraphin,NYK,2015-16,Defensive Player,Average,48,526.4883333333333,187,126,47,8,36,43,0.41,0.0,0.826,0.435,0.41,0.219,0.078,92.7,100.4,-7.6,1.09,0.056,0.172,0.157,0.114,25.0,-0.691238150025825,-0.2512339769990404,-0.01351862491316369,0.011582729739214629
203123,Kostas Papanikolaou,DEN,2015-16,Defensive Player,Average,26,294.015,67,40,16,13,5,21,0.364,0.313,0.643,0.464,0.439,0.141,0.044,97.9,100.3,-2.4,0.76,0.027,0.107,0.077,0.067,25.10000000000001,-1.1829650729742751,-0.8147166747849051,-0.8404729354283514,-0.24437637215952324
204001,Kristaps Porziņģis,NYK,2015-16,Defensive Player,Elite,72,2046.4616666666664,1028,526,94,53,134,121,0.421,0.333,0.838,0.518,0.467,0.243,0.113,104.6,104.3,0.3,0.78,0.063,0.184,0.076,0.124,21.10000000000001,0.5654951758966723,-0.5333184049774374,1.17522935159975,1.2402123015712994
203937,Kyle Anderson,SAS,2015-16,Defensive Player,Very Good,78,1245.0616666666667,350,244,123,60,29,59,0.468,0.324,0.747,0.528,0.488,0.143,0.102,106.1,97.5,8.6,2.08,0.022,0.179,0.14,0.104,27.900000000000006,-0.5983166442080519,-0.06707754319492491,0.17218350491253595,0.6499399121534855
2594,Kyle Korver,ATL,2015-16,Defensive Player,Very Good,80,2400.665,739,260,164,60,35,98,0.434,0.398,0.833,0.577,0.562,0.132,0.068,105.5,98.3,7.2,1.67,0.006,0.096,0.095,0.053,27.10000000000001,-0.1181557385560158,-0.16900459905033133,-0.43508480728751464,0.6636409561323187
204038,Langston Galloway,NYK,2015-16,Defensive Player,Very Good,82,2033.2983333333332,625,288,207,77,22,61,0.393,0.344,0.754,0.49,0.458,0.151,0.083,100.8,103.4,-2.6,3.39,0.02,0.115,0.161,0.068,22.0,-0.5587032071720407,0.35998724791475134,-0.1696953923746823,0.4086082512912152
2571,Leandro Barbosa,GSW,2015-16,Defensive Player,Average,68,1079.205,433,117,82,44,10,53,0.462,0.355,0.839,0.545,0.515,0.174,0.072,106.0,103.4,2.6,1.55,0.025,0.079,0.112,0.052,22.0,-0.2143282234382021,-0.37523918078847635,-0.8272575990563296,-0.05472629370994899
1938,Manu Ginobili,SAS,2015-16,Defensive Player,Very Good,58,1134.1016666666667,555,146,177,66,11,99,0.453,0.391,0.813,0.573,0.533,0.227,0.119,107.8,93.1,14.6,1.79,0.025,0.101,0.234,0.065,32.30000000000001,0.42172850931194317,0.659685201693561,-0.5846941141691926,0.7885143079458632
201188,Marc Gasol,MEM,2015-16,Defensive Player,Very Good,52,1791.045,861,362,196,50,70,118,0.464,0.667,0.829,0.528,0.465,0.237,0.13,104.1,103.9,0.1,1.66,0.033,0.179,0.195,0.104,21.5,0.45831577394149453,0.5105108567562162,0.4852821777850387,0.5851123865795228
202694,Marcus Morris Sr.,DET,2015-16,Defensive Player,Very Good,80,2856.451666666667,1131,404,201,67,23,140,0.434,0.362,0.749,0.531,0.491,0.182,0.086,106.3,104.0,2.4,1.44,0.03,0.114,0.107,0.07,21.400000000000006,0.2675520805712088,0.034555819895191325,0.16357583193985042,0.2798592808814671
203935,Marcus Smart,BOS,2015-16,Defensive Player,Very Good,61,1666.805,558,255,185,91,18,80,0.348,0.253,0.777,0.463,0.405,0.168,0.072,103.1,100.6,2.5,2.31,0.041,0.102,0.162,0.07,24.80000000000001,-0.6369454679720956,0.28465169215822667,-0.23177757702627588,0.6777105665539
1626209,Mario Hezonja,ORL,2015-16,Defensive Player,Average,79,1412.8533333333332,478,176,109,39,17,97,0.433,0.349,0.907,0.541,0.513,0.166,0.065,102.6,102.7,-0.1,1.12,0.019,0.108,0.113,0.062,22.700000000000003,-0.2633105228364399,-0.2702698617504259,-0.5433117195732752,0.005417412154650969
203090,Maurice Harkless,POR,2015-16,Defensive Player,Average,78,1457.045,498,280,67,49,35,62,0.474,0.279,0.622,0.541,0.522,0.153,0.08,106.8,105.5,1.3,1.08,0.068,0.117,0.068,0.092,19.900000000000006,-0.34405381103872057,-0.6776112973599084,0.11482928226832245,0.12663230345446874
1897,Metta World Peace,LAL,2015-16,Defensive Player,Average,35,589.8766666666667,176,89,27,22,11,15,0.311,0.31,0.702,0.435,0.384,0.162,0.047,96.5,101.4,-4.9,1.8,0.029,0.112,0.078,0.069,24.0,-1.1164382659418801,-0.7686224169042668,-0.6849780762193922,-0.15504946425073396
203488,Mike Muscala,ATL,2015-16,Defensive Player,Average,60,564.8916666666667,195,117,34,13,27,27,0.5,0.308,0.795,0.576,0.539,0.152,0.084,97.5,100.5,-3.0,1.26,0.068,0.138,0.099,0.104,24.900000000000006,-0.3697686523198532,-0.6248938576146372,-0.16479557521295427,-0.03354309910182832
203118,Mike Scott,ATL,2015-16,Defensive Player,Very Good,75,1146.2233333333334,464,206,78,25,17,42,0.468,0.392,0.794,0.575,0.551,0.171,0.1,99.7,94.4,5.2,1.86,0.046,0.126,0.106,0.087,31.0,-0.042407966671099806,-0.4236638660873328,-0.1452190044463096,0.348022133929155
101145,Monta Ellis,IND,2015-16,Defensive Player,Elite,81,2733.968333333333,1121,271,383,150,37,203,0.427,0.309,0.786,0.504,0.47,0.208,0.096,103.6,101.8,1.8,1.89,0.015,0.08,0.222,0.048,23.60000000000001,0.2962996474574377,1.3502897740762374,-0.46959591439059806,1.410757185913279
1626167,Myles Turner,IND,2015-16,Defensive Player,Very Good,60,1367.185,619,332,41,25,86,67,0.498,0.214,0.727,0.531,0.501,0.207,0.105,99.2,101.6,-2.5,0.61,0.049,0.182,0.05,0.117,23.80000000000001,0.08133587914622796,-0.8744010317692135,0.5712963262359243,0.6230934897847413
203457,Nerlens Noel,PHI,2015-16,Defensive Player,Elite,67,1965.245,747,542,122,118,100,158,0.521,0.5,0.59,0.544,0.522,0.187,0.113,95.5,106.3,-10.8,0.77,0.075,0.195,0.107,0.134,19.10000000000001,0.101561271751288,-0.25613979456953184,1.3450799519851977,1.4521977663581043
1626181,Norman Powell,TOR,2015-16,Defensive Player,Average,49,725.2266666666667,273,111,47,29,10,32,0.424,0.404,0.811,0.541,0.502,0.174,0.087,108.9,104.2,4.8,1.47,0.023,0.129,0.102,0.078,21.200000000000003,-0.3525821973214503,-0.5602049104194881,-0.5119468586366336,-0.2571504778242299
203490,Otto Porter Jr.,WAS,2015-16,Defensive Player,Very Good,75,2275.873333333333,871,391,120,105,32,70,0.473,0.367,0.754,0.564,0.541,0.159,0.093,105.3,103.9,1.5,1.71,0.042,0.132,0.076,0.086,21.5,0.1003609655328375,-0.43764643059664243,0.3329163792270864,0.7705237160699233
203798,PJ Hairston,MEM,2015-16,Defensive Player,Average,66,1313.12,410,174,38,32,11,41,0.355,0.29,0.781,0.47,0.441,0.161,0.039,102.4,108.4,-5.9,0.93,0.018,0.119,0.045,0.065,17.0,-0.7548961308969228,-0.9135283724108145,-0.5103995138265649,-0.46271856021413255
1626192,Pat Connaughton,POR,2015-16,Defensive Player,Average,34,143.46666666666667,36,32,10,2,0,10,0.265,0.238,1.0,0.352,0.316,0.178,0.053,88.0,93.0,-5.0,1.0,0.071,0.126,0.115,0.099,32.400000000000006,-1.574826908164977,-0.62332399599208,-0.45403102634790415,0.019970443365051455
202335,Patrick Patterson,TOR,2015-16,Defensive Player,Very Good,79,2019.5583333333332,543,342,94,53,32,65,0.414,0.362,0.853,0.534,0.521,0.127,0.078,110.9,101.7,9.2,1.45,0.04,0.128,0.07,0.085,23.700000000000003,-0.5419573962027734,-0.5670243249869408,0.19016117432280766,0.3609931283866085
200794,Paul Millsap,ATL,2015-16,Defensive Player,Elite,81,2646.9166666666665,1385,732,265,147,139,191,0.47,0.319,0.757,0.556,0.505,0.238,0.141,105.6,101.6,4.0,1.39,0.075,0.189,0.162,0.134,23.80000000000001,1.0036093098918304,0.579026997945288,1.8492218828816003,2.4234053604216412
1718,Paul Pierce,LAC,2015-16,Defensive Player,Average,68,1230.6133333333332,417,186,71,33,17,58,0.363,0.31,0.818,0.489,0.457,0.177,0.058,104.1,103.0,1.2,1.22,0.01,0.135,0.088,0.074,22.400000000000006,-0.5240871874966518,-0.5505394653722109,-0.36390208208045893,-0.07437716799007126
1626154,RJ Hunter,BOS,2015-16,Defensive Player,Average,36,314.5683333333333,97,37,13,14,4,11,0.367,0.302,0.857,0.48,0.464,0.15,0.062,90.3,94.5,-4.2,1.18,0.006,0.113,0.068,0.056,30.900000000000006,-1.00396568720286,-0.8763146287661749,-0.9885692685308305,0.09664464206283101
200751,Randy Foye,OKC,2015-16,Defensive Player,Average,81,1641.505,474,156,161,39,29,86,0.351,0.3,0.824,0.461,0.428,0.157,0.051,104.1,103.1,1.0,1.87,0.014,0.076,0.144,0.045,22.30000000000001,-0.7894823533482661,0.09522134039359803,-0.8129534144261459,0.1033251101717207
1626173,Rashad Vaughn,MIL,2015-16,Defensive Player,Average,70,1000.6933333333334,217,88,39,29,16,28,0.305,0.293,0.8,0.398,0.385,0.13,0.024,99.1,107.2,-8.1,1.39,0.011,0.077,0.055,0.044,18.200000000000003,-1.5326754252960206,-0.853672147739304,-1.006122812420065,-0.37270971895430244
2446,Rasual Butler,SAS,2015-16,Defensive Player,Average,46,431.51166666666666,124,56,24,13,23,8,0.471,0.306,0.688,0.558,0.543,0.123,0.095,105.5,98.1,7.3,3.0,0.008,0.118,0.079,0.067,27.30000000000001,-0.7361798579831286,-0.7740438375363645,-0.798018878089707,0.06699826500468808
2210,Richard Jefferson,CLE,2015-16,Defensive Player,Average,74,1325.625,410,128,59,33,14,43,0.458,0.382,0.667,0.585,0.564,0.133,0.06,100.6,102.0,-1.4,1.37,0.011,0.085,0.07,0.048,23.400000000000006,-0.30235296540233586,-0.6958135212687802,-0.8490290518547328,-0.045974884949786264
1626158,Richaun Holmes,PHI,2015-16,Defensive Player,Average,51,702.0016666666667,287,135,33,19,40,32,0.514,0.182,0.689,0.564,0.532,0.171,0.082,102.8,106.3,-3.6,1.03,0.085,0.104,0.073,0.094,19.10000000000001,-0.23294422581137028,-0.7746325356448234,-0.24443130375378214,-0.1806250047191286
203496,Robert Covington,PHI,2015-16,Defensive Player,Very Good,67,1903.0533333333333,858,419,97,105,40,143,0.385,0.353,0.791,0.543,0.504,0.209,0.09,98.2,105.2,-7.0,0.68,0.031,0.187,0.083,0.106,20.200000000000003,0.33694187238351797,-0.48295575766600196,0.6620040656633202,0.7750823505301504
101179,Ronnie Price,PHX,2015-16,Defensive Player,Very Good,62,1211.1833333333334,331,99,147,74,13,70,0.384,0.347,0.756,0.517,0.497,0.135,0.057,98.3,100.6,-2.3,2.1,0.019,0.06,0.187,0.039,24.80000000000001,-0.733475228653491,0.28526475528230316,-1.0406339195231484,0.45098007658723455
200752,Rudy Gay,SAC,2015-16,Defensive Player,Very Good,70,2378.71,1204,456,120,100,51,139,0.463,0.344,0.78,0.538,0.5,0.222,0.101,105.5,107.0,-1.5,0.86,0.043,0.145,0.078,0.094,18.400000000000006,0.6530379885773004,-0.42641112392680797,0.607303221602772,0.728809224783284
201586,Serge Ibaka,OKC,2015-16,Defensive Player,Elite,78,2500.293333333333,983,533,66,38,148,108,0.479,0.326,0.752,0.533,0.513,0.174,0.085,114.2,104.0,10.2,0.61,0.057,0.143,0.037,0.103,21.400000000000006,0.11369325456917118,-0.8554382420646808,0.9262702612871208,1.2440627560544866
203524,Solomon Hill,IND,2015-16,Defensive Player,Average,59,866.1666666666666,246,166,57,37,11,33,0.447,0.324,0.857,0.543,0.505,0.128,0.091,104.8,101.1,3.7,1.73,0.043,0.136,0.093,0.091,24.30000000000001,-0.6973603210319288,-0.5739668772103604,-0.20039553057419945,0.017997382338796553
203082,Terrence Ross,TOR,2015-16,Defensive Player,Very Good,73,1747.3766666666668,720,185,56,54,25,46,0.431,0.386,0.79,0.551,0.536,0.178,0.082,107.2,101.2,6.0,1.22,0.012,0.092,0.053,0.052,24.200000000000003,0.056228665434203066,-0.8023527019293879,-0.6468278553670908,0.329909580828164
200757,Thabo Sefolosha,ATL,2015-16,Defensive Player,Very Good,75,1757.665,480,334,107,85,37,68,0.507,0.341,0.626,0.579,0.563,0.121,0.096,100.3,98.8,1.5,1.57,0.03,0.15,0.093,0.092,26.60000000000001,-0.3740235421704279,-0.38998231109344705,0.2581117257862474,0.9135326200715109
201168,Tiago Splitter,ATL,2015-16,Defensive Player,Very Good,36,579.4733333333334,201,120,30,20,12,24,0.523,0.0,0.813,0.571,0.523,0.15,0.088,103.1,94.8,8.3,1.25,0.081,0.126,0.077,0.104,30.60000000000001,-0.40867040387116677,-0.7632009962721693,-0.1568354394619584,0.22212612920243222
203501,Tim Hardaway Jr.,ATL,2015-16,Defensive Player,Average,51,864.11,326,86,51,21,7,23,0.43,0.336,0.893,0.563,0.521,0.159,0.082,104.4,97.8,6.6,2.22,0.008,0.084,0.089,0.048,27.60000000000001,-0.29838273844947405,-0.6185156384840589,-0.9604709523686743,0.005636146976873757
2754,Tony Allen,MEM,2015-16,Defensive Player,Very Good,64,1619.8216666666667,535,296,70,110,18,78,0.458,0.357,0.652,0.505,0.474,0.167,0.075,103.9,105.2,-1.4,0.9,0.063,0.128,0.068,0.094,20.200000000000003,-0.42071585495754354,-0.6665722233928937,0.18276264821632748,0.6043049571541146
203503,Tony Snell,CHI,2015-16,Defensive Player,Average,64,1301.013333333333,338,199,63,16,17,52,0.372,0.361,0.909,0.478,0.454,0.134,0.054,101.5,97.3,4.1,1.21,0.014,0.117,0.07,0.068,28.10000000000001,-0.9587315800962918,-0.681094755979427,-0.40584608632089203,0.08438130984079062
2772,Trevor Ariza,HOU,2015-16,Defensive Player,Very Good,81,2859.1216666666664,1025,366,188,160,26,113,0.416,0.371,0.783,0.551,0.523,0.156,0.084,108.4,108.1,0.3,1.66,0.023,0.106,0.1,0.064,17.30000000000001,0.11512848418906958,-0.05260374063962672,-0.013690480067511945,1.0329242584507348
204020,Tyler Johnson,MIA,2015-16,Defensive Player,Average,36,862.5566666666666,314,109,79,24,14,47,0.486,0.38,0.797,0.579,0.541,0.167,0.098,100.3,99.6,0.7,1.68,0.034,0.091,0.151,0.064,25.80000000000001,-0.15699208987404664,-0.16718977469371926,-0.6956087760694882,0.0017840687242127728
203506,Victor Oladipo,ORL,2015-16,Defensive Player,Very Good,72,2379.33,1153,345,282,116,54,153,0.438,0.348,0.83,0.534,0.489,0.224,0.111,105.0,105.4,-0.4,1.84,0.02,0.121,0.182,0.071,20.0,0.6080302123786764,0.7539348171233832,0.019766149808279204,1.0189509038846962
1713,Vince Carter,MEM,2015-16,Defensive Player,Average,60,1005.3533333333334,395,146,56,38,16,35,0.388,0.349,0.833,0.52,0.474,0.177,0.08,104.0,105.6,-1.6,1.6,0.029,0.117,0.089,0.071,19.80000000000001,-0.36270884171437406,-0.6001171818723676,-0.508256188341111,-0.18544997243029046
201961,Wayne Ellington,BKN,2015-16,Defensive Player,Average,76,1614.9766666666667,586,174,83,48,5,45,0.389,0.358,0.857,0.498,0.474,0.172,0.068,96.7,106.6,-10.0,1.84,0.012,0.096,0.082,0.053,18.80000000000001,-0.3873576025368699,-0.540089089513655,-0.6632753654827285,-0.2518831221304714
202325,Wesley Johnson,LAC,2015-16,Defensive Player,Elite,80,1665.8116666666667,549,248,49,89,56,54,0.404,0.333,0.652,0.513,0.504,0.153,0.069,102.7,99.9,2.7,0.91,0.022,0.121,0.045,0.072,25.5,-0.4673662291938026,-0.8730517678650935,-0.22487191850257238,1.0825797453286832
202083,Wesley Matthews,DAL,2015-16,Defensive Player,Very Good,78,2644.3016666666667,977,238,151,78,17,78,0.388,0.36,0.863,0.532,0.498,0.171,0.065,108.0,106.0,2.0,1.94,0.01,0.08,0.088,0.045,19.400000000000006,0.081687378583346,-0.2561641595851494,-0.5953763705655931,0.21562013908545816
201627,Anthony Morrow,CHI,2016-17,Defensive Player,Average,49,714.0733333333334,271,31,25,24,2,6,0.389,0.308,0.919,0.505,0.47,0.158,0.055,105.6,105.1,0.4,4.17,0.015,0.026,0.052,0.02,20.30000000000001,-0.6769835115069576,-0.9220407862567914,-1.4631170950013128,-0.4427762120849215
201147,Corey Brewer,LAL,2016-17,Defensive Player,Average,82,1281.2166666666667,371,166,97,61,20,55,0.422,0.229,0.735,0.491,0.461,0.143,0.057,108.8,104.6,4.2,1.76,0.024,0.104,0.104,0.063,20.80000000000001,-0.7947213561374822,-0.3649850376327402,-0.5571058511052477,0.15208590621267679
201584,Courtney Lee,NYK,2016-17,Defensive Player,Average,77,2459.4133333333334,835,259,179,81,24,69,0.456,0.401,0.867,0.559,0.533,0.144,0.077,107.4,112.1,-4.7,2.59,0.021,0.082,0.104,0.051,13.300000000000011,-0.06399530798652435,-0.06325034920100225,-0.4632174944805405,-0.04087704188006366
201980,Danny Green,SAS,2016-17,Defensive Player,Very Good,68,1806.825,497,224,124,70,57,76,0.392,0.379,0.844,0.537,0.523,0.135,0.069,109.7,101.7,8.0,1.63,0.018,0.104,0.097,0.062,23.700000000000003,-0.49941378193881575,-0.30495694527402756,-0.4159495475573419,0.7900728984147244
1626199,Darrun Hilliard,DET,2016-17,Defensive Player,Average,39,380.9966666666666,127,33,33,11,2,28,0.373,0.261,0.75,0.459,0.421,0.191,0.039,100.7,100.1,0.5,1.18,0.005,0.082,0.133,0.043,25.30000000000001,-0.8022597148678701,-0.4375733355497896,-1.1647982888263355,-0.2837005550354639
202722,Davis Bertans,SAS,2016-17,Defensive Player,Average,67,807.5583333333333,303,98,46,20,28,32,0.44,0.399,0.824,0.609,0.588,0.148,0.077,104.8,99.2,5.6,1.44,0.027,0.093,0.084,0.06,26.200000000000003,-0.1324878012680081,-0.6650023617703364,-0.7757545577085274,0.1254849830337809
1627761,DeAndre' Bembry,ATL,2016-17,Defensive Player,Average,38,370.74,101,59,28,8,5,16,0.48,0.056,0.375,0.481,0.485,0.144,0.072,99.5,103.3,-3.8,1.75,0.037,0.12,0.123,0.078,22.10000000000001,-1.0392864476594923,-0.5121483255106534,-0.6499225449872279,-0.47244721199959044
201960,DeMarre Carroll,TOR,2016-17,Defensive Player,Very Good,72,1881.3833333333332,638,275,74,81,27,54,0.4,0.341,0.761,0.53,0.499,0.154,0.071,110.6,107.8,2.8,1.37,0.034,0.113,0.056,0.074,17.60000000000001,-0.29866537676386967,-0.7192652981225474,-0.12775138813424927,0.24212045284201475
1626153,Delon Wright,TOR,2016-17,Defensive Player,Very Good,27,446.44666666666666,150,48,57,27,11,25,0.422,0.333,0.764,0.535,0.466,0.163,0.105,104.9,95.7,9.2,2.28,0.036,0.073,0.204,0.054,29.700000000000003,-0.5561140358444501,0.049592642965451905,-0.9848614127198732,0.23165899822299055
1627756,Denzel Valentine,CHI,2016-17,Defensive Player,Average,57,976.5283333333332,291,151,63,30,7,49,0.354,0.351,0.778,0.492,0.481,0.153,0.058,104.0,104.8,-0.7,1.29,0.011,0.143,0.095,0.075,20.60000000000001,-0.7734909138279988,-0.5406534226064963,-0.44403067820406333,-0.31239431192483674
1627734,Domantas Sabonis,OKC,2016-17,Defensive Player,Average,81,1631.4883333333332,479,288,82,39,32,83,0.399,0.321,0.657,0.469,0.452,0.156,0.049,104.2,102.5,1.7,0.99,0.027,0.146,0.073,0.086,22.900000000000006,-0.7474568011334796,-0.5943276608502484,0.05961838510956283,0.1689303072106395
203110,Draymond Green,GSW,2016-17,Defensive Player,Elite,76,2470.8866666666668,776,599,533,154,106,184,0.418,0.308,0.709,0.522,0.481,0.159,0.117,116.2,100.9,15.3,2.9,0.041,0.183,0.272,0.117,24.5,-0.2082847034873536,2.1831261391728387,1.2797484080745534,2.2031868614230827
1627832,Fred VanVleet,TOR,2016-17,Defensive Player,Very Good,37,293.81,107,42,35,16,3,15,0.351,0.379,0.818,0.443,0.401,0.199,0.078,101.2,90.3,10.8,2.33,0.013,0.118,0.18,0.067,35.10000000000001,-0.8495994162284727,-0.16618424616400343,-0.8351661782610208,0.3540195391442931
1627777,Georges Niang,IND,2016-17,Defensive Player,Average,23,92.73166666666668,21,17,5,3,0,5,0.25,0.083,1.0,0.285,0.264,0.184,0.02,102.6,100.0,2.6,1.0,0.019,0.16,0.074,0.084,25.400000000000006,-1.9247961753270246,-0.8720462393353776,-0.6849265196730877,-0.3809509190431546
203507,Giannis Antetokounmpo,MIL,2016-17,Defensive Player,Elite,80,2845.036666666667,1832,700,434,131,151,234,0.521,0.272,0.77,0.599,0.541,0.28,0.176,108.6,107.5,1.1,1.85,0.052,0.199,0.269,0.127,17.900000000000006,1.8792771857773005,1.8019837382565989,1.6751361880715492,2.032380538653455
203138,Hollis Thompson,NOP,2016-17,Defensive Player,Average,40,752.1833333333333,205,112,35,20,6,11,0.385,0.337,0.655,0.482,0.465,0.131,0.058,99.7,104.3,-4.5,3.18,0.024,0.115,0.072,0.07,21.10000000000001,-1.0537356893958993,-0.7728908063350641,-0.6112107144904105,-0.39674806778627736
202697,Iman Shumpert,CLE,2016-17,Defensive Player,Average,76,1937.2416666666663,567,218,109,62,27,78,0.411,0.36,0.789,0.536,0.507,0.14,0.055,110.7,109.0,1.7,1.4,0.021,0.088,0.08,0.056,16.400000000000006,-0.4180484826002824,-0.45565242180269444,-0.5083077448874154,-0.025251053045315275
203477,Isaiah Canaan,CHI,2016-17,Defensive Player,Average,39,592.1066666666667,181,50,37,22,1,21,0.364,0.266,0.909,0.483,0.436,0.151,0.056,100.0,105.7,-5.7,1.76,0.009,0.074,0.099,0.04,19.700000000000003,-0.9189160862674992,-0.6138547836476224,-1.1579098158180667,-0.50886920699432
2747,JR Smith,CLE,2016-17,Defensive Player,Average,41,1187.2216666666666,351,113,62,40,11,26,0.346,0.351,0.667,0.484,0.479,0.143,0.046,112.5,110.0,2.6,2.38,0.014,0.078,0.071,0.046,15.400000000000006,-0.8491670881896223,-0.6791567939668481,-0.9143090392190725,-0.47383513678684075
1627774,Jake Layman,POR,2016-17,Defensive Player,Average,35,248.77666666666667,78,24,11,9,3,11,0.292,0.255,0.765,0.404,0.365,0.186,0.025,97.3,98.3,-0.9,1.0,0.022,0.065,0.072,0.044,27.10000000000001,-1.1886629139847482,-0.8612033980711825,-1.1759390417746427,-0.18854740181991084
203516,James Ennis III,MEM,2016-17,Defensive Player,Average,64,1500.5583333333334,429,259,64,46,19,59,0.455,0.372,0.782,0.581,0.534,0.127,0.07,105.4,103.8,1.5,1.08,0.045,0.126,0.067,0.085,21.60000000000001,-0.3554441728962514,-0.6942680246618405,-0.030069248121410347,0.03355173817452708
201949,James Johnson,MIA,2016-17,Defensive Player,Elite,76,2084.9166666666665,975,376,276,76,86,171,0.479,0.34,0.707,0.564,0.535,0.215,0.12,105.8,102.8,3.0,1.61,0.031,0.145,0.21,0.088,22.60000000000001,0.5853074500332065,0.889150962567036,0.3185950090814678,1.081017389579247
203949,James Michael McAdoo,GSW,2016-17,Defensive Player,Average,52,457.445,147,91,18,18,29,19,0.53,0.25,0.5,0.543,0.538,0.145,0.077,98.5,103.0,-4.4,0.95,0.072,0.115,0.06,0.094,22.400000000000006,-0.6443058701770639,-0.9028573988338213,-0.3611799614350544,-0.10838804402787998
203923,James Young,BOS,2016-17,Defensive Player,Average,29,220.10333333333327,68,26,4,10,2,4,0.431,0.343,0.667,0.549,0.534,0.125,0.063,97.9,107.4,-9.5,1.0,0.025,0.091,0.03,0.057,18.0,-0.8133810598531546,-1.122902677394074,-1.0050167786464683,-0.7229710458351453
201162,Jared Dudley,PHX,2016-17,Defensive Player,Average,64,1362.44,434,225,121,42,16,73,0.454,0.379,0.662,0.579,0.565,0.136,0.079,103.6,105.2,-1.6,1.66,0.021,0.134,0.126,0.077,20.200000000000003,-0.2973891620638248,-0.15308407252844272,-0.22220135440347222,-0.12050265065724215
203924,Jerami Grant,OKC,2016-17,Defensive Player,Very Good,80,1531.0016666666668,437,205,46,33,79,44,0.463,0.371,0.612,0.556,0.529,0.122,0.058,104.0,108.4,-4.4,1.05,0.023,0.106,0.044,0.064,17.0,-0.5292157968286568,-0.8897084951670255,-0.44088443203762157,0.23563035493311105
203613,Jonathon Simmons,SAS,2016-17,Defensive Player,Very Good,78,1392.4666666666667,483,160,126,47,25,76,0.42,0.294,0.75,0.504,0.456,0.176,0.067,105.0,96.6,8.4,1.66,0.015,0.097,0.137,0.057,28.80000000000001,-0.39804879702978124,-0.07289142923266181,-0.6494640484353211,0.5276515454876928
1626196,Josh Richardson,MIA,2016-17,Defensive Player,Very Good,53,1614.355,539,168,140,60,39,65,0.394,0.33,0.779,0.493,0.467,0.165,0.069,105.2,105.3,-0.1,2.15,0.021,0.082,0.128,0.051,20.10000000000001,-0.5010826577902902,-0.07193463073418117,-0.7046749455940807,0.2928280867980908
203200,Justin Holiday,NYK,2016-17,Defensive Player,Very Good,82,1639.1233333333332,629,225,102,65,31,66,0.433,0.355,0.825,0.549,0.523,0.166,0.092,104.5,105.3,-0.8,1.55,0.016,0.114,0.095,0.065,20.10000000000001,-0.10867674452824728,-0.3971454610353039,-0.3750772060596357,0.2636951894650703
1626162,Kelly Oubre Jr.,WAS,2016-17,Defensive Player,Average,79,1605.255,501,261,47,58,17,50,0.421,0.287,0.758,0.516,0.482,0.143,0.055,105.3,106.0,-0.6,0.94,0.038,0.122,0.042,0.081,19.400000000000006,-0.5580335899513486,-0.8972641105145216,-0.075721108172801,0.008392880319219455
203145,Kent Bazemore,ATL,2016-17,Defensive Player,Very Good,73,1962.7816666666668,801,231,177,91,52,125,0.409,0.346,0.708,0.504,0.473,0.202,0.074,104.3,106.0,-1.7,1.42,0.022,0.089,0.14,0.056,19.400000000000006,0.021609096925506572,0.13162578821134155,-0.47381382329976673,0.7044290973910518
204001,Kristaps Porziņģis,NYK,2016-17,Defensive Player,Very Good,66,2164.4133333333334,1196,475,97,47,129,118,0.45,0.357,0.786,0.546,0.507,0.24,0.106,106.4,108.7,-2.4,0.82,0.05,0.159,0.073,0.105,16.700000000000003,0.8247777639023398,-0.5391322910151743,0.7978536120438954,0.8689362337082538
204038,Langston Galloway,SAC,2016-17,Defensive Player,Average,74,1494.3916666666669,585,156,93,46,6,46,0.38,0.39,0.797,0.51,0.49,0.18,0.067,103.2,105.5,-2.3,2.02,0.017,0.082,0.098,0.05,19.900000000000006,-0.26090446052297495,-0.4134097229315966,-0.7492551429027443,-0.19785824144957023
202337,Luke Babbitt,MIA,2016-17,Defensive Player,Average,68,1064.9383333333333,324,141,36,20,11,25,0.402,0.414,0.733,0.563,0.557,0.13,0.054,104.5,104.5,0.0,1.44,0.011,0.116,0.049,0.065,20.900000000000006,-0.5121190161787,-0.8984171417158221,-0.597961007087519,-0.35791168278081537
1627736,Malik Beasley,DEN,2016-17,Defensive Player,Average,22,164.895,83,17,11,7,0,8,0.452,0.321,0.8,0.536,0.514,0.216,0.086,109.9,94.4,15.5,1.38,0.032,0.064,0.098,0.05,31.0,-0.2107279286562376,-0.7151444113633345,-1.1180747660322177,-0.010479287012692703
1938,Manu Ginobili,SAS,2016-17,Defensive Player,Very Good,69,1291.45,517,157,183,82,16,96,0.39,0.392,0.804,0.532,0.491,0.188,0.087,109.8,100.3,9.5,1.91,0.022,0.099,0.199,0.06,25.10000000000001,-0.12559293490763326,0.48514548290548765,-0.6192052212722761,0.5818497746177981
203090,Maurice Harkless,POR,2016-17,Defensive Player,Very Good,77,2223.063333333333,773,341,88,85,70,86,0.503,0.351,0.621,0.57,0.558,0.149,0.069,112.8,110.6,2.2,1.02,0.057,0.093,0.056,0.075,14.800000000000011,-0.009211233202282046,-0.6677496196098116,0.06011125269233933,0.5541037665887739
1626254,Maurice Ndour,NYK,2016-17,Defensive Player,Average,32,331.455,98,64,8,15,8,12,0.453,0.143,0.731,0.503,0.459,0.142,0.069,103.4,102.7,0.8,0.67,0.064,0.131,0.037,0.096,22.700000000000003,-0.9303050621266488,-1.0688603387603002,-0.4073418745846562,-0.3343124743924882
2399,Mike Dunleavy,ATL,2016-17,Defensive Player,Average,53,840.9383333333334,275,115,50,15,7,28,0.423,0.396,0.8,0.573,0.543,0.137,0.077,97.9,102.0,-4.2,1.79,0.02,0.109,0.097,0.065,23.400000000000006,-0.43903657735617757,-0.5772541031270594,-0.6669488502628163,-0.3033016658609088
1626167,Myles Turner,IND,2016-17,Defensive Player,Elite,81,2541.005,1173,589,106,74,172,105,0.511,0.348,0.809,0.585,0.534,0.195,0.112,109.1,106.4,2.8,1.01,0.059,0.172,0.065,0.119,19.0,0.701753557478278,-0.5509562957934677,1.2786939308472611,1.7188797377886502
1718,Paul Pierce,LAC,2016-17,Defensive Player,Average,25,277.09833333333336,81,48,10,4,5,16,0.4,0.349,0.769,0.535,0.507,0.145,0.044,107.9,103.5,4.4,0.63,0.004,0.154,0.049,0.083,21.900000000000006,-0.7376419892902516,-0.9940891160966171,-0.6154114378841444,-0.5256435987627389
1627835,Paul Zipser,CHI,2016-17,Defensive Player,Average,44,843.38,240,125,36,15,16,40,0.398,0.333,0.775,0.503,0.473,0.143,0.05,104.2,102.4,1.7,0.9,0.017,0.125,0.062,0.071,23.0,-0.8205814317600669,-0.825387648361898,-0.5639771385980817,-0.2357463598530574
1626173,Rashad Vaughn,MIL,2016-17,Defensive Player,Average,41,458.5366666666667,142,49,23,19,10,14,0.365,0.321,0.4,0.449,0.449,0.169,0.052,98.7,106.9,-8.2,1.64,0.009,0.102,0.085,0.055,18.5,-1.0096684483334706,-0.7440176088491993,-0.9694683798315274,-0.5194017298410064
203526,Raul Neto,UTA,2016-17,Defensive Player,Average,40,345.90166666666664,100,30,34,21,5,15,0.451,0.323,0.889,0.527,0.505,0.14,0.062,107.3,95.0,12.3,2.27,0.012,0.073,0.14,0.044,30.400000000000006,-0.8062828595301265,-0.39457007088303075,-1.160018770272651,0.1499143091093357
203493,Reggie Bullock Jr.,DET,2016-17,Defensive Player,Average,31,466.79333333333335,141,64,29,18,3,10,0.422,0.384,0.714,0.538,0.531,0.128,0.081,105.2,100.2,5.0,2.9,0.026,0.11,0.086,0.066,25.200000000000003,-0.8016686398739249,-0.7163218075802525,-0.789531503725065,-0.2069290179691586
2210,Richard Jefferson,CLE,2016-17,Defensive Player,Average,79,1613.61,448,203,78,26,10,52,0.446,0.333,0.741,0.574,0.536,0.121,0.053,110.5,106.5,4.0,1.5,0.018,0.103,0.068,0.062,18.900000000000006,-0.42568798899789034,-0.6371346928141874,-0.4716704978143127,-0.42337031925302143
203496,Robert Covington,PHI,2016-17,Defensive Player,Elite,67,2118.57,864,436,102,127,69,131,0.399,0.333,0.822,0.534,0.492,0.188,0.091,101.1,104.1,-3.0,0.78,0.041,0.158,0.075,0.099,21.30000000000001,0.13608081679947676,-0.5094985277336486,0.6179339214528679,1.3610689338165693
203585,Rodney McGruder,MIA,2016-17,Defensive Player,Average,78,1965.8866666666668,497,256,124,46,18,56,0.413,0.332,0.62,0.506,0.492,0.123,0.056,107.1,106.8,0.3,2.21,0.047,0.083,0.088,0.065,18.60000000000001,-0.7645031889906853,-0.3555158252882826,-0.29282246996601213,-0.15282975097705312
2733,Shaun Livingston,GSW,2016-17,Defensive Player,Average,76,1344.746666666667,389,151,139,38,20,62,0.547,0.333,0.7,0.568,0.549,0.132,0.073,107.9,102.5,5.4,2.24,0.022,0.084,0.146,0.055,22.900000000000006,-0.4220156904762649,0.025503437971990613,-0.6988237642976691,0.037159376235457287
1627815,Sheldon Mac,WAS,2016-17,Defensive Player,Average,30,286.7633333333333,90,34,15,8,2,5,0.4,0.233,0.852,0.518,0.447,0.138,0.077,94.6,105.3,-10.8,3.0,0.013,0.103,0.078,0.057,20.10000000000001,-0.8795931387990327,-0.812778712772326,-0.983789749977146,-0.6203089541078132
1626169,Stanley Johnson,DET,2016-17,Defensive Player,Average,77,1370.625,339,189,105,56,24,71,0.353,0.292,0.679,0.436,0.415,0.144,0.048,103.7,103.8,0.0,1.48,0.025,0.116,0.106,0.068,21.60000000000001,-1.1249421310293293,-0.3243122003841996,-0.43237987215754475,0.18775268757300903
1627752,Taurean Prince,ATL,2016-17,Defensive Player,Very Good,59,981.4416666666668,335,157,55,43,27,61,0.4,0.324,0.787,0.513,0.458,0.168,0.074,98.0,98.6,-0.6,0.9,0.024,0.125,0.091,0.075,26.80000000000001,-0.5118848696137973,-0.5925615665248714,-0.4281104067020717,0.38893167164158493
203082,Terrence Ross,ORL,2016-17,Defensive Player,Very Good,78,1954.9666666666667,858,206,88,87,33,68,0.437,0.363,0.831,0.55,0.532,0.185,0.078,111.8,108.9,2.9,1.29,0.009,0.096,0.066,0.052,16.5,0.20127305625741723,-0.6115730862606392,-0.5911069051101199,0.30036327193586826
200757,Thabo Sefolosha,ATL,2016-17,Defensive Player,Very Good,62,1595.565,444,270,107,96,31,58,0.441,0.342,0.733,0.519,0.492,0.131,0.086,102.9,104.3,-1.4,1.84,0.033,0.131,0.099,0.083,21.10000000000001,-0.6698322552229247,-0.35627639108394366,-0.026361392310452904,0.6436521156022429
201152,Thaddeus Young,IND,2016-17,Defensive Player,Very Good,74,2236.5916666666667,814,448,122,113,29,95,0.527,0.381,0.523,0.562,0.56,0.163,0.097,107.7,105.8,1.9,1.28,0.062,0.138,0.082,0.101,19.60000000000001,0.07710233227780434,-0.3965811279424625,0.6752537730662118,0.7114283449731468
1627789,Timothe Luwawu-Cabarrot,PHI,2016-17,Defensive Player,Average,69,1189.91,445,149,75,32,10,73,0.402,0.311,0.854,0.536,0.471,0.175,0.053,101.4,103.4,-2.0,1.03,0.021,0.1,0.093,0.061,22.0,-0.24981178001656257,-0.5077324334082716,-0.627692595636918,-0.17906264896969218
2754,Tony Allen,MEM,2016-17,Defensive Player,Very Good,71,1913.7383333333328,643,391,98,115,29,100,0.461,0.278,0.615,0.493,0.473,0.178,0.08,105.9,105.1,0.8,0.98,0.086,0.123,0.083,0.104,20.30000000000001,-0.3309169020564731,-0.4792760663436637,0.5622301567113317,0.7732793433844227
2772,Trevor Ariza,HOU,2016-17,Defensive Player,Very Good,80,2772.61,936,458,175,147,20,73,0.409,0.344,0.738,0.548,0.528,0.14,0.085,114.9,108.6,6.2,2.4,0.019,0.143,0.088,0.081,16.80000000000001,-0.08333409236989707,-0.167851567849031,0.44699447280925864,0.8081444187094929
1627786,Troy Williams,HOU,2016-17,Defensive Player,Average,30,556.5866666666667,185,69,25,27,10,32,0.437,0.29,0.656,0.511,0.491,0.169,0.055,101.1,107.3,-6.3,0.78,0.026,0.093,0.072,0.06,18.10000000000001,-0.6241717997104989,-0.8096877195584468,-0.8527025366348205,-0.4600126963543114
204020,Tyler Johnson,MIA,2016-17,Defensive Player,Very Good,73,2177.483333333333,1002,293,233,84,44,90,0.433,0.372,0.768,0.535,0.49,0.203,0.108,104.8,104.3,0.6,2.59,0.022,0.111,0.17,0.065,21.10000000000001,0.35112413654254726,0.5062181023098014,-0.19464746237039685,0.6508427923824425
203506,Victor Oladipo,OKC,2016-17,Defensive Player,Very Good,67,2222.6383333333333,1067,291,176,78,21,119,0.442,0.361,0.753,0.534,0.51,0.21,0.095,106.7,102.6,4.1,1.48,0.017,0.109,0.122,0.063,22.80000000000001,0.4435246553512277,0.02682833686049306,-0.22543352814708806,0.4558558902660573
1713,Vince Carter,MEM,2016-17,Defensive Player,Very Good,73,1799.56,586,227,133,60,36,50,0.394,0.378,0.765,0.542,0.508,0.147,0.078,108.5,104.5,4.0,2.66,0.02,0.109,0.112,0.063,20.900000000000006,-0.31879806123205395,-0.1875749233492247,-0.3952497575016658,0.3094794348284751
1627846,Abdel Nader,BOS,2017-18,Defensive Player,Average,48,521.5266666666666,146,71,26,15,10,34,0.336,0.354,0.59,0.439,0.413,0.162,0.033,97.1,107.3,-10.3,0.76,0.024,0.111,0.078,0.067,18.10000000000001,-1.1152025890827604,-0.772302108226605,-0.7582181993347279,-0.5843490516140546
1628409,Alec Peters,PHX,2017-18,Defensive Player,Average,20,224.855,82,37,12,2,2,4,0.378,0.31,0.8,0.523,0.5,0.151,0.071,108.9,101.7,7.3,3.0,0.032,0.12,0.073,0.076,23.700000000000003,-0.7616083824034087,-0.8519060534139271,-0.7337761824372246,-0.4709603015594759
203518,Alex Abrines,OKC,2017-18,Defensive Player,Average,75,1134.1866666666667,353,114,28,38,8,25,0.395,0.38,0.848,0.567,0.54,0.126,0.048,107.7,106.5,1.2,1.12,0.021,0.079,0.036,0.049,18.900000000000006,-0.49761748060628364,-1.0008841656484522,-0.8734366977213661,-0.31926889199942327
203076,Anthony Davis,NOP,2017-18,Defensive Player,Elite,75,2727.2366666666667,2110,831,174,115,193,162,0.534,0.34,0.828,0.612,0.552,0.291,0.188,109.2,104.3,5.0,1.07,0.07,0.213,0.104,0.146,21.10000000000001,2.2346098621327415,-0.0816488058126936,2.2647822143206264,2.4795471799279185
201167,Arron Afflalo,ORL,2017-18,Defensive Player,Average,53,681.575,179,66,30,4,9,21,0.401,0.386,0.846,0.516,0.485,0.127,0.042,100.9,107.6,-6.8,1.43,0.006,0.082,0.066,0.046,17.80000000000001,-0.9073712589900759,-0.8249951829562587,-1.0390178326513404,-0.726067910453409
201148,Brandan Wright,HOU,2017-18,Defensive Player,Average,28,380.875,139,95,13,13,26,8,0.578,0.0,0.636,0.596,0.578,0.14,0.14,103.0,97.7,5.3,1.63,0.086,0.161,0.056,0.124,27.700000000000003,-0.38364805321595746,-0.9437264687851816,0.03162318204001563,0.12085252703370619
203464,Brandon Paul,SAS,2017-18,Defensive Player,Average,64,575.84,147,68,37,25,7,29,0.433,0.278,0.512,0.504,0.492,0.131,0.051,98.8,98.5,0.3,1.28,0.011,0.109,0.096,0.06,26.900000000000006,-0.9697765309782058,-0.630707743652374,-0.8553559152184858,0.0059533261954696215
1627854,Bryn Forbes,SAS,2017-18,Defensive Player,Average,80,1516.8916666666669,555,110,80,28,2,37,0.421,0.39,0.667,0.525,0.51,0.159,0.055,106.3,102.8,3.5,2.16,0.008,0.065,0.077,0.036,22.60000000000001,-0.3505060087866429,-0.5792164301552559,-1.0496657180168714,-0.26619500771781807
203710,C.J. Williams,LAC,2017-18,Defensive Player,Average,38,706.5016666666667,209,56,43,31,13,20,0.442,0.282,0.813,0.512,0.497,0.134,0.053,105.4,106.7,-1.2,2.15,0.017,0.058,0.086,0.038,18.700000000000003,-0.8573635613988264,-0.6648061290675168,-1.1674688529254356,-0.3529620475621449
201147,Corey Brewer,OKC,2017-18,Defensive Player,Average,72,1208.5183333333334,380,154,65,79,14,49,0.449,0.282,0.722,0.534,0.498,0.136,0.059,105.8,108.1,-2.3,1.33,0.033,0.089,0.073,0.06,17.30000000000001,-0.5936203334917957,-0.6568824133299989,-0.627165357023272,0.07224429241059747
1626177,Dakari Johnson,OKC,2017-18,Defensive Player,Very Good,31,161.37,55,34,8,6,8,3,0.564,0.0,0.55,0.575,0.564,0.139,0.089,98.2,87.3,10.9,2.67,0.099,0.111,0.083,0.105,38.10000000000001,-0.5716133057976585,-0.8104482853541077,-0.3722863433524919,0.4772572549250442
1628422,Damyean Dotson,NYK,2017-18,Defensive Player,Average,44,474.06166666666667,182,84,31,12,2,17,0.447,0.324,0.696,0.532,0.516,0.169,0.092,98.6,101.4,-2.8,1.82,0.018,0.142,0.098,0.082,24.0,-0.5062669862515529,-0.6415505849165692,-0.5326294631768748,-0.34972026966150604
201980,Danny Green,SAS,2017-18,Defensive Player,Very Good,70,1791.0866666666666,600,249,110,63,80,74,0.387,0.363,0.769,0.509,0.49,0.163,0.073,105.1,102.7,2.4,1.49,0.022,0.115,0.089,0.068,22.700000000000003,-0.38025295784371327,-0.4014138504661012,-0.27317715713762813,0.8914903548677063
2561,David West,GSW,2017-18,Defensive Player,Very Good,73,998.6966666666668,495,238,138,47,75,80,0.571,0.375,0.759,0.6,0.575,0.223,0.145,103.6,101.7,1.9,1.73,0.072,0.163,0.22,0.122,23.700000000000003,0.5035511226217435,0.43753009343352733,0.38557701089478963,0.7338759028888555
202722,Davis Bertans,SAS,2017-18,Defensive Player,Average,77,1086.2083333333333,456,153,74,26,28,36,0.44,0.373,0.816,0.588,0.568,0.168,0.092,104.1,100.6,3.5,2.06,0.017,0.122,0.102,0.07,24.80000000000001,0.004189366315705434,-0.4608532447163548,-0.5024221925601342,0.10539661559434943
1628432,Davon Reed,PHX,2017-18,Defensive Player,Average,21,242.15833333333333,63,39,13,10,2,10,0.289,0.289,0.667,0.388,0.362,0.158,0.047,91.1,105.4,-14.2,1.3,0.007,0.149,0.087,0.072,20.0,-1.495934225003004,-0.7695792154027477,-0.7794280424886153,-0.6054616957361402
1627884,Derrick Jones Jr.,MIA,2017-18,Defensive Player,Average,20,245.17166666666665,61,38,9,4,13,7,0.396,0.167,0.667,0.48,0.425,0.124,0.046,96.8,103.2,-6.5,1.29,0.077,0.066,0.056,0.072,22.200000000000003,-1.2202595824170726,-0.9584452340745347,-0.7820814210722806,-0.4270774842233081
1627827,Dorian Finney-Smith,DAL,2017-18,Defensive Player,Average,21,448.34,123,75,26,10,4,21,0.38,0.299,0.733,0.482,0.463,0.144,0.051,100.0,102.7,-2.7,1.24,0.043,0.121,0.086,0.079,22.700000000000003,-1.017703634959387,-0.7273608815472674,-0.5947288333439033,-0.426589145096338
202066,Garrett Temple,SAC,2017-18,Defensive Player,Average,65,1615.0766666666666,547,152,124,57,27,79,0.418,0.392,0.769,0.536,0.512,0.16,0.065,100.7,108.1,-7.4,1.57,0.013,0.084,0.115,0.047,17.30000000000001,-0.2860618199476329,-0.20383918524551742,-0.7980876201514463,-0.024178660192322288
203960,JaKarr Sampson,SAC,2017-18,Defensive Player,Average,22,344.21666666666664,103,78,9,8,22,8,0.543,0.5,0.625,0.585,0.574,0.124,0.087,99.9,100.0,-0.1,1.13,0.058,0.161,0.041,0.11,25.400000000000006,-0.5896300260151052,-1.042710034098293,-0.1918394141478182,-0.10655989628399931
203109,Jae Crowder,UTA,2017-18,Defensive Player,Average,80,2089.545,773,275,99,64,21,74,0.404,0.323,0.818,0.525,0.486,0.169,0.061,107.9,107.2,0.6,1.34,0.029,0.103,0.071,0.066,18.200000000000003,-0.12009072103136377,-0.5430082150403323,-0.22966862257169157,0.04052530390197792
1627774,Jake Layman,POR,2017-18,Defensive Player,Average,35,160.32666666666665,34,16,11,6,4,5,0.298,0.2,0.667,0.352,0.34,0.139,0.027,94.7,106.2,-11.5,2.2,0.024,0.078,0.099,0.05,19.200000000000003,-1.8617680065375872,-0.7095267580284172,-1.120728144615883,-0.6736759595228446
1628369,Jayson Tatum,BOS,2017-18,Defensive Player,Very Good,80,2442.911666666667,1112,402,128,83,58,114,0.475,0.434,0.826,0.586,0.538,0.192,0.108,107.7,100.8,6.9,1.12,0.021,0.138,0.081,0.081,24.60000000000001,0.641519562653775,-0.38012063334335017,0.2984052721240031,0.9877672881604047
203924,Jerami Grant,OKC,2017-18,Defensive Player,Very Good,81,1647.111666666667,682,319,57,31,77,54,0.535,0.291,0.675,0.607,0.57,0.161,0.101,106.5,104.7,1.7,1.06,0.05,0.14,0.055,0.094,20.700000000000003,0.22455883827979364,-0.7874377039372151,0.2437903556406289,0.41206499873350183
201573,Jerryd Bayless,PHI,2017-18,Defensive Player,Average,39,924.6916666666668,307,80,54,23,6,46,0.416,0.37,0.795,0.546,0.519,0.146,0.047,102.2,105.5,-3.4,1.17,0.016,0.066,0.085,0.041,19.900000000000006,-0.5044489504320516,-0.629947177856713,-1.0655688040034281,-0.4361695890307447
1628371,Jonathan Isaac,ORL,2017-18,Defensive Player,Average,27,535.4116666666666,145,99,18,33,30,27,0.379,0.348,0.76,0.465,0.434,0.149,0.071,93.2,101.8,-8.6,0.67,0.029,0.141,0.053,0.087,23.60000000000001,-1.0624340635839298,-0.942180972178242,-0.42913051289849424,0.12765547410927477
1626196,Josh Richardson,MIA,2017-18,Defensive Player,Elite,81,2689.475,1045,285,231,121,75,140,0.451,0.378,0.845,0.551,0.523,0.176,0.086,105.0,104.2,0.8,1.65,0.025,0.08,0.131,0.053,21.200000000000003,0.2759611041099566,0.2797702396033529,-0.3687503426958827,1.3537300727001824
203200,Justin Holiday,CHI,2017-18,Defensive Player,Very Good,72,2264.925,876,291,153,80,31,93,0.371,0.359,0.823,0.513,0.474,0.177,0.069,104.2,108.2,-4.0,1.65,0.013,0.114,0.097,0.062,17.200000000000003,-0.05585895898183837,-0.1982458969262178,-0.23817318245176833,0.2487270758961916
1628382,Justin Jackson,SAC,2017-18,Defensive Player,Average,68,1506.2583333333334,453,187,74,28,13,40,0.442,0.308,0.722,0.521,0.51,0.139,0.064,101.2,108.8,-7.6,1.85,0.018,0.109,0.071,0.062,16.60000000000001,-0.5933429859177148,-0.6350004980987889,-0.5141245551529572,-0.5074309539810357
1626162,Kelly Oubre Jr.,WAS,2017-18,Defensive Player,Very Good,81,2230.6566666666668,953,363,98,80,35,90,0.403,0.341,0.82,0.534,0.482,0.188,0.079,105.9,108.2,-2.4,1.09,0.026,0.136,0.067,0.081,17.200000000000003,0.2002630717213054,-0.5691585197023393,0.1949235073610573,0.2891969319084817
203484,Kentavious Caldwell-Pope,LAL,2017-18,Defensive Player,Very Good,74,2457.905,992,387,162,106,16,97,0.426,0.383,0.789,0.561,0.526,0.165,0.092,106.5,107.4,-0.9,1.67,0.023,0.127,0.093,0.075,18.0,0.21439027004756397,-0.18759928836484233,0.18216666754094207,0.413364292285816
203937,Kyle Anderson,SAS,2017-18,Defensive Player,Elite,74,1978.39,585,396,202,115,60,94,0.527,0.333,0.712,0.582,0.549,0.133,0.111,105.3,102.0,3.3,2.15,0.043,0.158,0.146,0.1,23.400000000000006,-0.1933045109615198,0.25732399127930145,0.524538432410937,1.2690602201331287
204038,Langston Galloway,DET,2017-18,Defensive Player,Average,58,863.445,360,92,58,35,5,18,0.371,0.344,0.805,0.503,0.481,0.188,0.086,101.8,97.6,4.2,3.22,0.014,0.089,0.105,0.051,27.80000000000001,-0.4046218670601252,-0.5028753458690154,-0.9063317179526418,0.14221123511699654
201601,Luc Mbah a Moute,HOU,2017-18,Defensive Player,Very Good,61,1564.3466666666666,460,186,55,72,25,68,0.481,0.364,0.684,0.595,0.572,0.128,0.067,111.4,101.7,9.7,0.81,0.015,0.102,0.052,0.06,23.700000000000003,-0.24572256711298635,-0.8116500465866434,-0.542257242345983,0.4870367761930276
1628379,Luke Kennard,DET,2017-18,Defensive Player,Average,73,1462.7733333333333,558,176,124,44,13,69,0.443,0.415,0.855,0.56,0.53,0.169,0.086,107.1,103.2,3.9,1.8,0.014,0.104,0.127,0.059,22.200000000000003,-0.0750239742580346,-0.13642734522651068,-0.5815306824873161,-0.01262296669083074
1627781,Malachi Richardson,TOR,2017-18,Defensive Player,Average,26,323.315,89,34,13,10,1,10,0.333,0.3,0.773,0.446,0.4,0.149,0.035,100.2,108.0,-7.8,1.3,0.015,0.097,0.058,0.053,17.400000000000006,-1.2114515916083772,-0.9324911621153472,-1.0347483671958673,-0.7683413148679189
1627736,Malik Beasley,DEN,2017-18,Defensive Player,Average,62,582.7316666666667,196,71,31,15,7,24,0.41,0.341,0.667,0.509,0.489,0.151,0.06,104.3,105.3,-1.0,1.29,0.023,0.095,0.077,0.058,20.10000000000001,-0.7594429110249741,-0.759521304949831,-0.8728750880768505,-0.4971920935242671
1626209,Mario Hezonja,ORL,2017-18,Defensive Player,Average,75,1657.0433333333333,722,281,106,81,31,86,0.442,0.337,0.819,0.544,0.515,0.197,0.094,103.6,109.6,-6.0,1.23,0.024,0.144,0.101,0.084,15.800000000000011,0.15673736910202377,-0.34872077573644744,0.015565426414545454,0.1768318937652004
203090,Maurice Harkless,POR,2017-18,Defensive Player,Average,59,1263.77,385,162,53,48,43,40,0.495,0.415,0.712,0.596,0.577,0.123,0.072,105.3,105.5,-0.2,1.33,0.036,0.09,0.061,0.063,19.900000000000006,-0.3306936111100494,-0.7684505492170648,-0.5677193654399089,0.197210652540737
203077,Michael Kidd-Gilchrist,CHA,2017-18,Defensive Player,Average,74,1850.2883333333332,681,302,71,51,32,53,0.504,0.0,0.684,0.536,0.504,0.159,0.074,109.0,107.2,1.8,1.34,0.044,0.115,0.057,0.079,18.200000000000003,-0.19674834516337536,-0.724686718754645,0.007588105148114727,0.017119689737720517
1627988,Myke Henry,MEM,2017-18,Defensive Player,Average,20,378.07666666666665,107,38,22,31,6,19,0.376,0.328,0.6,0.472,0.463,0.148,0.053,105.6,109.7,-4.1,1.16,0.026,0.081,0.083,0.052,15.700000000000003,-1.057135451635073,-0.758932606841372,-1.0368745071658865,-0.6000483207321602
1626167,Myles Turner,IND,2017-18,Defensive Player,Very Good,65,1836.155,828,417,87,38,118,96,0.479,0.357,0.777,0.567,0.523,0.199,0.1,108.3,105.3,3.0,0.91,0.052,0.174,0.071,0.114,20.10000000000001,0.37932345265074224,-0.5871645109083914,0.758614542933432,0.8641577583979577
1626181,Norman Powell,TOR,2017-18,Defensive Player,Average,70,1061.5366666666666,385,119,89,37,16,66,0.401,0.285,0.821,0.492,0.472,0.185,0.056,104.8,106.7,-1.9,1.35,0.013,0.1,0.122,0.056,18.700000000000003,-0.4714474881888111,-0.2933048081829362,-0.7709922246702778,-0.2604414779230557
1628384,OG Anunoby,TOR,2017-18,Defensive Player,Average,74,1481.4616666666666,438,184,55,52,14,45,0.471,0.371,0.629,0.587,0.577,0.121,0.056,113.0,103.0,10.0,1.22,0.03,0.09,0.049,0.061,22.400000000000006,-0.35857150768148166,-0.828503006591395,-0.5348243452086333,0.09213633582863796
203490,Otto Porter Jr.,WAS,2017-18,Defensive Player,Very Good,77,2431.536666666667,1134,492,157,116,41,75,0.503,0.441,0.828,0.602,0.581,0.182,0.124,110.3,105.1,5.1,2.09,0.044,0.161,0.096,0.104,20.30000000000001,0.6756605977491127,-0.18914478497178194,0.8302213936615247,0.905050274359605
1626192,Pat Connaughton,POR,2017-18,Defensive Player,Average,82,1487.8533333333332,441,161,91,23,22,43,0.423,0.352,0.841,0.539,0.518,0.128,0.058,107.8,103.5,4.3,2.12,0.023,0.08,0.085,0.052,21.900000000000006,-0.5796064241595684,-0.4937985989301971,-0.7105089413750574,-0.15678081488257925
1626173,Rashad Vaughn,ORL,2017-18,Defensive Player,Average,28,211.96833333333333,64,21,13,5,3,6,0.411,0.378,0.667,0.546,0.536,0.137,0.063,104.9,106.7,-1.8,2.17,0.016,0.085,0.09,0.052,18.700000000000003,-0.7455724794156408,-0.7527262553979959,-1.0819819430881963,-0.7235321239889804
203496,Robert Covington,PHI,2017-18,Defensive Player,Elite,80,2531.365,1009,433,156,137,72,126,0.413,0.369,0.853,0.563,0.534,0.168,0.09,109.9,100.0,9.9,1.24,0.022,0.137,0.084,0.082,25.400000000000006,0.26004632048472853,-0.26023631631312694,0.39339966252230696,1.7359291229118667
1626220,Royce O'Neale,UTA,2017-18,Defensive Player,Very Good,69,1149.5516666666667,343,236,95,36,16,55,0.423,0.356,0.803,0.54,0.496,0.14,0.092,106.3,97.6,8.7,1.73,0.022,0.175,0.122,0.101,27.80000000000001,-0.556715698492115,-0.2712266602489066,0.112737513329173,0.26386470208910623
203894,Shabazz Napier,POR,2017-18,Defensive Player,Very Good,74,1535.465,644,170,150,81,14,90,0.42,0.376,0.841,0.544,0.497,0.192,0.099,106.0,103.6,2.4,1.67,0.017,0.09,0.149,0.054,21.80000000000001,0.06388534210726833,0.08283300252246326,-0.6611492255127093,0.3573630560099829
1626169,Stanley Johnson,DET,2017-18,Defensive Player,Very Good,69,1893.525,599,252,112,95,14,77,0.375,0.286,0.772,0.48,0.435,0.161,0.059,104.6,105.2,-0.6,1.45,0.017,0.115,0.086,0.065,20.200000000000003,-0.5614236207787555,-0.41090742782617634,-0.3034359843006732,0.4084146570671454
1628425,Sterling Brown,MIL,2017-18,Defensive Player,Average,54,776.4466666666667,217,143,25,31,13,25,0.4,0.352,0.875,0.503,0.478,0.135,0.063,102.5,105.0,-2.5,1.0,0.035,0.147,0.049,0.091,20.400000000000006,-0.8957317137040107,-0.938893746261543,-0.26142323799850087,-0.25307909997799033
203082,Terrence Ross,ORL,2017-18,Defensive Player,Average,24,600.3833333333333,209,73,38,27,11,29,0.398,0.323,0.75,0.505,0.476,0.166,0.061,103.9,107.7,-3.8,1.31,0.016,0.102,0.088,0.059,17.700000000000003,-0.6631308887580183,-0.6719692790093736,-0.8548286766048396,-0.4733971023710402
200757,Thabo Sefolosha,UTA,2017-18,Defensive Player,Very Good,38,805.565,312,161,33,52,12,30,0.492,0.381,0.815,0.591,0.558,0.162,0.114,104.6,100.8,3.8,1.1,0.038,0.17,0.066,0.104,24.60000000000001,-0.12642636362825707,-0.813956108989244,-0.048046917531682054,0.2011616929313987
201152,Thaddeus Young,IND,2017-18,Defensive Player,Elite,81,2607.0316666666668,955,512,152,135,36,105,0.487,0.32,0.598,0.528,0.521,0.171,0.09,108.7,105.0,3.7,1.45,0.074,0.128,0.085,0.101,20.400000000000006,0.04295195727551748,-0.2693374282675628,0.8450700024207896,1.057204317677119
1627789,Timothe Luwawu-Cabarrot,PHI,2017-18,Defensive Player,Average,52,806.565,299,72,54,12,5,38,0.375,0.335,0.793,0.511,0.474,0.168,0.041,102.6,102.7,-0.1,1.42,0.017,0.064,0.098,0.041,22.700000000000003,-0.5492813035603602,-0.556917684502789,-1.0867958326727503,-0.3957489552166416
2754,Tony Allen,NOP,2017-18,Defensive Player,Average,22,272.54833333333335,103,47,9,11,3,19,0.484,0.333,0.524,0.514,0.505,0.181,0.036,101.7,103.7,-2.0,0.47,0.074,0.091,0.051,0.083,21.700000000000003,-0.5783076187306017,-0.9865335007491209,-0.6180648164678098,-0.4850999212106011
2772,Trevor Ariza,HOU,2017-18,Defensive Player,Very Good,67,2269.201666666667,782,294,105,98,13,52,0.412,0.368,0.854,0.567,0.542,0.141,0.077,113.9,105.6,8.3,2.02,0.014,0.116,0.066,0.065,19.80000000000001,-0.0784373579393594,-0.5490183337808887,-0.19199408378673158,0.4058794118592081
204020,Tyler Johnson,MIA,2017-18,Defensive Player,Very Good,72,2052.241666666667,843,248,165,60,34,81,0.435,0.367,0.822,0.549,0.518,0.18,0.087,105.5,104.5,1.0,2.04,0.016,0.105,0.123,0.06,20.900000000000006,0.14813587575756157,-0.008030614350310647,-0.3777477701587359,0.2892445068223301
1713,Vince Carter,SAC,2017-18,Defensive Player,Average,58,1025.99,313,148,69,42,26,36,0.403,0.345,0.757,0.523,0.504,0.144,0.073,103.4,106.7,-3.3,1.92,0.017,0.13,0.099,0.071,18.700000000000003,-0.6462663536297056,-0.4961046613327978,-0.5029494311737804,-0.10746002320077076
202325,Wesley Johnson,LAC,2017-18,Defensive Player,Very Good,74,1486.4116666666666,403,216,61,76,62,55,0.408,0.339,0.741,0.512,0.489,0.126,0.058,105.2,106.5,-1.4,1.11,0.019,0.122,0.056,0.071,18.900000000000006,-0.7760245251625815,-0.7671012853129449,-0.3225196874845415,0.6208059558223465
1627846,Abdel Nader,OKC,2018-19,Defensive Player,Average,61,693.6566666666666,241,116,20,20,12,26,0.423,0.32,0.75,0.522,0.498,0.148,0.066,96.4,105.8,-9.5,0.77,0.017,0.139,0.044,0.075,19.60000000000001,-0.674624684657754,-0.9853804695478205,-0.536898928632348,-0.424175296342096
203518,Alex Abrines,OKC,2018-19,Defensive Player,Average,31,588.2733333333333,165,48,20,17,6,14,0.357,0.323,0.923,0.507,0.487,0.12,0.041,101.3,99.8,1.6,1.43,0.007,0.067,0.047,0.036,25.60000000000001,-1.020168544307498,-0.9685275095430688,-1.2141751902041185,-0.16343611887845158
203459,Allen Crabbe,BKN,2018-19,Defensive Player,Average,43,1133.0883333333334,413,148,46,23,13,46,0.367,0.378,0.732,0.519,0.499,0.159,0.055,106.5,106.1,0.3,1.0,0.013,0.108,0.059,0.06,19.30000000000001,-0.4872143743043331,-0.8054436951432672,-0.6430856285252636,-0.4006001460389383
201572,Brook Lopez,MIL,2018-19,Defensive Player,Elite,81,2321.595,1009,396,98,51,179,82,0.452,0.365,0.842,0.597,0.571,0.165,0.088,114.9,103.4,11.5,1.2,0.014,0.135,0.055,0.079,22.0,0.432481105179245,-0.6365703597213461,0.2570056920126508,1.727654663377491
101139,CJ Miles,MEM,2018-19,Defensive Player,Average,53,856.595,339,95,36,26,15,30,0.36,0.33,0.828,0.504,0.468,0.173,0.056,103.8,105.5,-1.7,1.2,0.014,0.09,0.061,0.051,19.900000000000006,-0.5238556893884518,-0.8310053016968153,-0.898371582201646,-0.3140283241881563
201147,Corey Brewer,SAC,2018-19,Defensive Player,Average,31,491.5683333333333,151,76,39,32,7,19,0.431,0.318,0.721,0.532,0.488,0.13,0.063,106.6,106.6,0.0,2.05,0.045,0.098,0.107,0.07,18.80000000000001,-0.8141214036436354,-0.5615541743236081,-0.7067323435023605,-0.3974300011373173
201980,Danny Green,TOR,2018-19,Defensive Player,Very Good,80,2215.465,821,317,126,73,53,75,0.465,0.455,0.841,0.632,0.622,0.139,0.079,117.7,104.3,13.4,1.68,0.028,0.107,0.073,0.07,21.10000000000001,0.30668633943583573,-0.43242124266736454,-0.06726810483902868,0.6279249760886639
1627761,DeAndre' Bembry,ATL,2018-19,Defensive Player,Very Good,82,1931.28,687,358,202,105,41,142,0.446,0.289,0.64,0.508,0.487,0.168,0.081,104.5,109.4,-5.0,1.42,0.026,0.148,0.15,0.086,16.0,-0.28662812666617893,0.2797946046189704,0.24535488596613225,0.538430179325312
1629126,Deonte Burton,OKC,2018-19,Defensive Player,Average,32,239.88166666666663,82,28,9,6,8,9,0.402,0.296,0.667,0.47,0.451,0.159,0.043,96.9,92.6,4.3,1.0,0.014,0.09,0.057,0.051,32.80000000000001,-1.0060739446251479,-0.9528275807396176,-1.0761479473072195,0.16585747716268076
1627884,Derrick Jones Jr.,MIA,2018-19,Defensive Player,Average,60,1153.5366666666666,422,240,37,46,42,43,0.494,0.308,0.607,0.559,0.537,0.151,0.081,103.8,105.0,-1.2,0.86,0.076,0.119,0.049,0.097,20.400000000000006,-0.31058644233070853,-0.8947374503934838,0.07239241044511288,0.19574780018579188
1628978,Donte DiVincenzo,MIL,2018-19,Defensive Player,Average,27,411.2866666666667,131,65,31,13,6,19,0.403,0.265,0.75,0.507,0.492,0.145,0.062,111.0,98.4,12.6,1.63,0.036,0.099,0.102,0.069,27.0,-0.8616755563770395,-0.6190799715769003,-0.7486591622273588,-0.12262502556239625
1628410,Edmond Sumner,IND,2018-19,Defensive Player,Average,23,209.8383333333333,66,24,10,12,5,10,0.344,0.259,0.625,0.443,0.398,0.157,0.028,99.6,107.3,-7.8,1.0,0.038,0.065,0.063,0.051,18.10000000000001,-1.1866267691306298,-0.9154419694077759,-1.0867614616418806,-0.666020460444353
202066,Garrett Temple,LAC,2018-19,Defensive Player,Very Good,75,2040.5916666666667,586,216,106,76,30,70,0.422,0.341,0.748,0.543,0.513,0.131,0.052,105.2,106.8,-1.6,1.51,0.014,0.092,0.075,0.053,18.60000000000001,-0.4302082380588941,-0.49477976244429545,-0.5518334649687868,0.2794207052091752
201588,George Hill,MIL,2018-19,Defensive Player,Average,60,1302.305,458,148,135,52,8,51,0.452,0.314,0.824,0.554,0.516,0.147,0.079,108.9,103.3,5.6,2.65,0.028,0.075,0.146,0.052,22.10000000000001,-0.3424946900595207,0.010784672682637542,-0.7450028629627059,0.013805149295352204
203922,Glenn Robinson III,DET,2018-19,Defensive Player,Average,47,610.1116666666667,198,71,21,14,8,18,0.42,0.29,0.8,0.511,0.472,0.146,0.058,102.3,103.1,-0.8,1.17,0.026,0.089,0.053,0.056,22.30000000000001,-0.7831679510781053,-0.9311418982112273,-0.8983543966862111,-0.3681757073506007
202697,Iman Shumpert,HOU,2018-19,Defensive Player,Average,62,1480.8,465,183,112,59,24,50,0.374,0.348,0.8,0.499,0.481,0.143,0.057,109.1,110.5,-1.4,2.24,0.016,0.101,0.098,0.057,14.900000000000006,-0.6811930669365283,-0.34349558780716954,-0.5884363410110197,-0.17481954644372247
1629067,Isaac Bonga,LAL,2018-19,Defensive Player,Very Good,22,120.025,19,25,15,9,4,6,0.152,0.0,0.6,0.24,0.152,0.151,0.039,96.6,89.6,7.0,2.5,0.064,0.113,0.163,0.089,35.80000000000001,-2.4251035104294547,-0.33527817930436155,-0.6000012194803642,0.3327357351138341
203516,James Ennis III,PHI,2018-19,Defensive Player,Average,58,1229.638333333333,389,182,41,41,23,34,0.469,0.353,0.716,0.59,0.563,0.125,0.056,110.5,109.8,0.7,1.21,0.048,0.099,0.047,0.074,15.600000000000009,-0.34747326846999554,-0.8912539917739652,-0.37451559641512006,-0.3303132708017579
1628991,Jaren Jackson Jr.,MEM,2018-19,Defensive Player,Very Good,58,1514.6883333333333,798,272,64,52,82,98,0.506,0.359,0.766,0.591,0.549,0.231,0.1,101.3,103.6,-2.3,0.65,0.049,0.132,0.074,0.09,21.80000000000001,0.7291652796201804,-0.6549444513174199,0.06812294498963961,0.7448710830078684
1628369,Jayson Tatum,BOS,2018-19,Defensive Player,Very Good,79,2454.6966666666667,1243,477,168,84,57,122,0.45,0.373,0.855,0.547,0.506,0.218,0.106,111.9,105.1,6.8,1.38,0.028,0.157,0.098,0.093,20.30000000000001,0.7033386944796485,-0.13743287375622654,0.6502845175550623,0.7353660843827834
203924,Jerami Grant,OKC,2018-19,Defensive Player,Very Good,80,2612.26,1090,417,79,61,100,67,0.497,0.392,0.71,0.592,0.567,0.15,0.084,111.0,105.6,5.4,1.18,0.032,0.118,0.04,0.073,19.80000000000001,0.3524992566694774,-0.7907492948695316,0.2362887164415398,0.902728351408976
1628371,Jonathan Isaac,ORL,2018-19,Defensive Player,Very Good,75,1996.1833333333332,720,411,80,59,98,75,0.429,0.323,0.815,0.537,0.499,0.16,0.082,108.2,107.3,1.0,1.07,0.048,0.152,0.055,0.099,18.10000000000001,-0.15558551855993083,-0.702804803523435,0.5515994568612359,0.7618877499420527
1628404,Josh Hart,LAL,2018-19,Defensive Player,Very Good,67,1714.815,525,248,93,64,40,58,0.407,0.336,0.688,0.526,0.506,0.13,0.063,105.1,104.7,0.4,1.6,0.019,0.109,0.072,0.065,20.700000000000003,-0.5787169204010607,-0.5594687096394446,-0.3140494986353343,0.37964380758411226
1629006,Josh Okogie,MIN,2018-19,Defensive Player,Very Good,74,1757.17,570,218,91,88,33,63,0.386,0.279,0.728,0.492,0.445,0.148,0.051,109.6,110.6,-1.0,1.44,0.021,0.098,0.068,0.059,14.800000000000011,-0.6088927722037337,-0.5892987056237899,-0.4700887819733745,0.21084168729002647
1626147,Justin Anderson,ATL,2018-19,Defensive Player,Average,48,463.505,178,84,23,22,13,23,0.408,0.312,0.743,0.516,0.484,0.166,0.067,101.9,107.6,-5.7,1.0,0.046,0.119,0.073,0.082,17.80000000000001,-0.6225936074125834,-0.8114294488682061,-0.5326294631768748,-0.49909352155150405
203200,Justin Holiday,MEM,2018-19,Defensive Player,Very Good,82,2606.6116666666667,857,323,146,121,36,104,0.386,0.348,0.896,0.52,0.49,0.153,0.068,102.4,110.1,-7.7,1.4,0.017,0.103,0.084,0.06,15.300000000000011,-0.20522960481035193,-0.2970332295365096,-0.1787443763838401,0.6124963937882892
203145,Kent Bazemore,ATL,2018-19,Defensive Player,Very Good,67,1643.4133333333334,779,261,152,89,42,121,0.402,0.32,0.726,0.507,0.472,0.215,0.083,102.5,110.2,-7.7,1.26,0.02,0.126,0.144,0.072,15.200000000000003,0.11806269587209857,0.06210411849255362,-0.19037799691492377,0.3357620962757915
1629017,Khyri Thomas,DET,2018-19,Defensive Player,Average,26,195.46833333333333,61,20,8,7,5,4,0.319,0.286,0.636,0.413,0.391,0.158,0.031,94.6,102.7,-8.0,2.0,0.017,0.082,0.067,0.046,22.700000000000003,-1.354438117802055,-0.9003307387127835,-1.1610732474999432,-0.44755576990820134
203937,Kyle Anderson,MEM,2018-19,Defensive Player,Very Good,43,1281.5266666666666,346,251,128,54,37,58,0.543,0.265,0.578,0.569,0.56,0.127,0.099,102.6,104.7,-2.1,2.21,0.038,0.161,0.155,0.1,20.700000000000003,-0.4839099686587378,0.03558571344052478,0.13979853777947185,0.24567778619177535
1628436,Luke Kornet,NYK,2018-19,Defensive Player,Average,46,784.0033333333333,322,135,54,27,42,25,0.378,0.363,0.826,0.531,0.502,0.178,0.093,102.5,106.0,-3.5,2.16,0.033,0.123,0.108,0.079,19.400000000000006,-0.3451393334362502,-0.5007411511536167,-0.4355261183239866,-0.05987277069163747
1627781,Malachi Richardson,TOR,2018-19,Defensive Player,Average,22,103.42333333333332,30,13,0,1,0,8,0.31,0.32,0.8,0.481,0.448,0.142,0.003,91.6,96.2,-4.6,0.0,0.016,0.087,0.0,0.052,29.200000000000003,-1.1051289859392908,-1.306151042730944,-1.1032089717575184,-0.17840587973166885
203935,Marcus Smart,BOS,2018-19,Defensive Player,Very Good,80,2199.7833333333333,708,234,321,143,28,123,0.422,0.364,0.806,0.568,0.533,0.144,0.079,110.5,106.7,3.8,2.61,0.025,0.077,0.19,0.051,18.700000000000003,-0.10412339649000917,0.9423840053739134,-0.5295519590721725,0.9592725615748798
203090,Maurice Harkless,POR,2018-19,Defensive Player,Very Good,60,1415.13,460,269,74,67,53,45,0.487,0.275,0.671,0.547,0.53,0.135,0.073,114.6,106.8,7.9,1.64,0.052,0.128,0.068,0.09,18.60000000000001,-0.4689209303861909,-0.6518534581035406,0.06016280923864378,0.41887011083503584
1628467,Maxi Kleber,DAL,2018-19,Defensive Player,Very Good,71,1502.1616666666666,485,329,70,36,78,54,0.453,0.353,0.784,0.579,0.553,0.132,0.089,108.0,105.3,2.7,1.3,0.057,0.149,0.068,0.103,20.10000000000001,-0.28989249480417556,-0.6665722233928937,0.3849810302194042,0.43873647239843283
1626167,Myles Turner,IND,2018-19,Defensive Player,Elite,74,2118.8166666666666,984,531,115,60,199,100,0.487,0.388,0.736,0.567,0.536,0.199,0.119,107.3,104.5,2.8,1.15,0.048,0.195,0.083,0.123,20.900000000000006,0.4918226859968688,-0.4167213138639132,1.1757565902133962,1.9586260673292966
203457,Nerlens Noel,OKC,2018-19,Defensive Player,Elite,77,1055.6166666666666,378,325,45,66,96,48,0.587,0.0,0.684,0.608,0.587,0.137,0.122,99.0,101.7,-2.6,0.94,0.105,0.176,0.067,0.139,23.700000000000003,-0.16464447030035956,-0.7641821597862675,0.832995070853234,1.143208542781305
1628384,OG Anunoby,TOR,2018-19,Defensive Player,Average,67,1352.2666666666669,469,197,47,46,22,55,0.453,0.332,0.581,0.544,0.536,0.148,0.057,104.9,106.5,-1.7,0.85,0.04,0.1,0.05,0.069,18.900000000000006,-0.3844169317721615,-0.852322883835184,-0.3984131891835423,-0.09473349244991243
203496,Robert Covington,MIN,2018-19,Defensive Player,Very Good,35,1202.6016666666667,465,193,46,74,47,47,0.431,0.378,0.764,0.58,0.548,0.154,0.083,108.5,106.2,2.3,0.98,0.022,0.127,0.055,0.075,19.200000000000003,-0.1375473318202747,-0.8279143084829361,-0.33258877769012174,0.46594767241448554
1628400,Semi Ojeleye,BOS,2018-19,Defensive Player,Average,56,594.4383333333334,186,86,23,10,4,19,0.424,0.315,0.615,0.531,0.513,0.137,0.057,106.3,100.2,6.0,1.21,0.038,0.093,0.054,0.067,25.200000000000003,-0.743355352786133,-0.9181648622316334,-0.7184175205797487,-0.27970245747258166
1627885,Shaquille Harrison,CHI,2018-19,Defensive Player,Average,73,1429.97,474,222,139,89,30,60,0.432,0.27,0.667,0.494,0.46,0.16,0.082,100.3,110.5,-10.2,2.32,0.022,0.132,0.142,0.076,14.900000000000006,-0.578842212470294,0.003032824632321678,-0.24290114445914837,0.19672612572407067
1626169,Stanley Johnson,NOP,2018-19,Defensive Player,Average,66,1207.37,454,217,88,60,14,81,0.389,0.288,0.781,0.485,0.459,0.186,0.079,95.5,103.4,-7.9,1.09,0.025,0.142,0.118,0.081,22.0,-0.4543904832547841,-0.31945511284494343,-0.19246976585407322,0.1515253693153321
200757,Thabo Sefolosha,UTA,2018-19,Defensive Player,Average,50,608.6566666666666,190,123,27,43,5,25,0.477,0.436,0.636,0.599,0.591,0.129,0.098,108.3,99.5,8.8,1.08,0.014,0.181,0.059,0.102,25.900000000000006,-0.4102421517989538,-0.8753578302676943,-0.1743546123203232,0.11346825602943682
1627748,Thon Maker,DET,2018-19,Defensive Player,Average,64,972.3016666666666,323,202,45,21,51,33,0.407,0.32,0.667,0.53,0.498,0.148,0.074,104.3,103.4,0.9,1.36,0.039,0.149,0.066,0.095,22.0,-0.5697501826372712,-0.7697998131211847,-0.05391528434352827,0.12177838283484997
203503,Tony Snell,MIL,2018-19,Defensive Player,Average,74,1303.915,444,157,68,26,18,23,0.452,0.397,0.881,0.585,0.564,0.127,0.069,110.0,103.4,6.6,2.96,0.021,0.086,0.069,0.055,22.0,-0.32175679411036445,-0.6683139527026529,-0.6829034927956775,-0.16029111457498363
1626203,Treveon Graham,BKN,2018-19,Defensive Player,Average,35,715.3616666666667,184,107,34,13,7,17,0.335,0.297,0.818,0.458,0.435,0.123,0.038,109.5,107.1,2.3,2.0,0.028,0.107,0.062,0.067,18.30000000000001,-1.2646645423382183,-0.8327470310065747,-0.6626965703227778,-0.6236732344899953
1627820,Tyrone Wallace,LAC,2018-19,Defensive Player,Average,62,627.7183333333334,218,101,42,21,7,36,0.424,0.211,0.526,0.45,0.433,0.174,0.043,108.0,104.2,3.7,1.17,0.03,0.111,0.09,0.072,21.200000000000003,-0.9125411829995528,-0.6460152070501861,-0.6149185703013682,-0.370393773339943
1628411,Wes Iwundu,ORL,2018-19,Defensive Player,Average,68,1233.2,339,184,73,28,22,44,0.412,0.367,0.816,0.531,0.465,0.125,0.056,104.9,103.1,1.7,1.66,0.027,0.108,0.08,0.068,22.30000000000001,-0.7208653510071853,-0.588121309406872,-0.44564676507587114,-0.08147213017121824
1627936,Alex Caruso,LAL,2019-20,Defensive Player,Very Good,64,1175.275,349,123,124,70,18,53,0.412,0.333,0.734,0.525,0.481,0.136,0.072,110.8,101.0,9.8,2.34,0.014,0.085,0.138,0.051,24.400000000000006,-0.6674337761978499,-0.07463315854242111,-0.8240769818590182,0.43662007482954807
202340,Avery Bradley,LAL,2019-20,Defensive Player,Average,49,1186.465,423,115,63,43,5,47,0.444,0.364,0.833,0.537,0.526,0.153,0.055,111.3,104.0,7.4,1.34,0.015,0.077,0.07,0.047,21.400000000000006,-0.4210101257269639,-0.681094755979427,-0.8962626277470616,-0.15092778169332474
201572,Brook Lopez,MIL,2019-20,Defensive Player,Elite,68,1816.9366666666667,813,312,99,46,163,70,0.435,0.314,0.836,0.551,0.511,0.181,0.088,112.2,100.1,12.0,1.41,0.031,0.118,0.073,0.077,25.30000000000001,0.14525696227587073,-0.5317729083704978,0.00864258237540691,1.7078588523001301
1629629,Cam Reddish,ATL,2019-20,Defensive Player,Average,58,1550.745,610,216,87,62,28,96,0.384,0.332,0.802,0.5,0.459,0.185,0.059,106.9,113.2,-6.3,0.91,0.021,0.11,0.079,0.065,12.200000000000003,-0.26344868893437895,-0.5422232842290535,-0.3989576133126232,-0.26190322425015367
1629035,Carsen Edwards,BOS,2019-20,Defensive Player,Average,37,350.53833333333336,121,47,24,12,4,15,0.328,0.316,0.684,0.444,0.422,0.171,0.052,94.9,100.4,-5.5,1.6,0.014,0.107,0.111,0.059,25.0,-1.0387592927834908,-0.5942789308190131,-0.9238165197801369,-0.27073066660585837
201980,Danny Green,LAL,2019-20,Defensive Player,Very Good,68,1686.72,547,225,91,85,32,63,0.416,0.367,0.688,0.552,0.542,0.135,0.065,112.4,106.0,6.4,1.44,0.03,0.1,0.069,0.065,19.400000000000006,-0.37759329231490185,-0.5836810522888727,-0.3750772060596357,0.4399116396997295
1627863,Danuel House Jr.,HOU,2019-20,Defensive Player,Average,63,1912.6516666666664,662,267,85,67,34,54,0.427,0.363,0.811,0.572,0.546,0.135,0.07,112.0,108.7,3.3,1.57,0.027,0.101,0.061,0.064,16.700000000000003,-0.18031044111723016,-0.6507004269022403,-0.2763749598503744,0.1150044121826027
1628021,David Nwaba,HOU,2019-20,Defensive Player,Average,20,268.46,104,45,8,11,12,8,0.521,0.429,0.667,0.627,0.606,0.139,0.098,102.1,94.9,7.2,1.0,0.027,0.109,0.046,0.071,30.5,-0.2389651256101953,-1.0183014587460453,-0.776247425291304,0.12299839525267402
1627761,DeAndre' Bembry,ATL,2019-20,Defensive Player,Average,43,915.36,249,152,81,55,19,60,0.456,0.231,0.542,0.5,0.489,0.137,0.069,98.9,110.6,-11.8,1.35,0.034,0.123,0.13,0.077,14.800000000000011,-0.8751665923684672,-0.2778011120823045,-0.4158979910110374,-0.27272778571728273
1629126,Deonte Burton,OKC,2019-20,Defensive Player,Average,39,356.52666666666664,104,57,17,7,10,19,0.344,0.189,0.571,0.396,0.384,0.173,0.035,91.3,104.1,-12.7,0.89,0.017,0.119,0.076,0.069,21.30000000000001,-1.310819598217389,-0.8166546367974841,-0.7698861908966812,-0.4792249949621417
1628978,Donte DiVincenzo,MIL,2019-20,Defensive Player,Very Good,66,1520.4066666666668,610,318,154,85,20,90,0.455,0.336,0.733,0.557,0.536,0.168,0.102,111.9,99.6,12.2,1.71,0.041,0.14,0.134,0.093,25.80000000000001,-0.06199732048138754,0.013286967788057977,0.22839732275228328,0.6945319919796761
203914,Gary Harris,DEN,2019-20,Defensive Player,Average,56,1780.2,581,163,118,76,14,60,0.42,0.333,0.815,0.519,0.487,0.15,0.062,110.5,107.1,3.4,1.97,0.015,0.077,0.091,0.046,18.30000000000001,-0.43194569235678104,-0.3607410132175606,-0.7816401100358086,0.09991487864516423
1629048,Goga Bitadze,IND,2019-20,Defensive Player,Average,54,471.2916666666667,172,106,23,10,37,28,0.467,0.19,0.727,0.523,0.493,0.17,0.072,102.2,103.7,-1.4,0.82,0.052,0.146,0.066,0.103,21.700000000000003,-0.5576158193274441,-0.8507530222126267,-0.2067223939379526,-0.15146750804444728
1628977,Hamidou Diallo,OKC,2019-20,Defensive Player,Average,46,895.5866666666667,318,167,36,37,9,51,0.446,0.281,0.603,0.491,0.473,0.173,0.061,102.8,101.9,0.9,0.71,0.046,0.124,0.06,0.086,23.5,-0.6133277875877446,-0.8366229550317326,-0.2614404235139357,-0.04924128570695122
203960,JaKarr Sampson,IND,2019-20,Defensive Player,Average,34,470.645,156,88,21,16,12,15,0.591,0.154,0.667,0.615,0.6,0.126,0.075,105.7,103.8,1.9,1.4,0.042,0.141,0.058,0.092,21.60000000000001,-0.3652420824287795,-0.9030536315366411,-0.39461940579541077,-0.34811139799633867
1627774,Jake Layman,MIN,2019-20,Defensive Player,Average,23,505.1766666666667,210,57,15,17,10,24,0.453,0.333,0.75,0.544,0.52,0.165,0.059,106.6,104.6,2.0,0.63,0.03,0.075,0.041,0.052,20.80000000000001,-0.44674630999024667,-1.0206318861642636,-0.9864603140762462,-0.4049887031037736
1629633,Jarrett Culver,MIN,2019-20,Defensive Player,Average,63,1505.6066666666666,580,212,110,57,38,81,0.404,0.299,0.462,0.467,0.462,0.187,0.055,106.0,109.3,-3.3,1.36,0.041,0.092,0.105,0.065,16.10000000000001,-0.45912088744183727,-0.3115313971074255,-0.4095711276472843,0.01660783378207224
1628975,Jevon Carter,PHX,2019-20,Defensive Player,Average,58,945.1483333333332,287,118,84,47,17,32,0.416,0.425,0.852,0.563,0.543,0.127,0.073,106.3,105.6,0.7,2.63,0.031,0.09,0.129,0.061,19.80000000000001,-0.5607629728448352,-0.2723796914502069,-0.7099473317305416,-0.08208024198241047
1628371,Jonathan Isaac,ORL,2019-20,Defensive Player,Very Good,34,979.895,404,231,48,53,78,49,0.47,0.34,0.779,0.552,0.518,0.181,0.108,106.4,105.7,0.7,0.98,0.056,0.177,0.074,0.115,19.700000000000003,-0.14397541458928417,-0.7138195124748321,0.27782578067637076,0.5913777723299344
203200,Justin Holiday,IND,2019-20,Defensive Player,Very Good,73,1825.7016666666664,603,238,93,87,46,44,0.428,0.405,0.791,0.585,0.566,0.13,0.076,107.7,106.4,1.3,2.11,0.017,0.104,0.068,0.062,19.0,-0.18513266777610468,-0.5819393229791134,-0.378802247386028,0.5787769915995674
1629713,Justin James,SAC,2019-20,Defensive Player,Average,36,232.36666666666667,89,32,18,6,9,8,0.417,0.31,0.476,0.477,0.47,0.181,0.075,97.8,100.2,-2.4,2.25,0.024,0.111,0.118,0.066,25.200000000000003,-0.79995254326974,-0.5770335054086222,-0.874439618402354,-0.2705605892104668
1629103,Kelan Martin,MIN,2019-20,Defensive Player,Average,31,494.89666666666665,197,96,23,7,9,20,0.392,0.26,0.968,0.506,0.461,0.171,0.077,101.4,103.1,-1.7,1.15,0.021,0.154,0.071,0.085,22.30000000000001,-0.629464729414223,-0.8226647555380406,-0.46256995725885053,-0.4305877839157118
203145,Kent Bazemore,SAC,2019-20,Defensive Player,Very Good,68,1687.7166666666667,597,294,93,74,40,91,0.375,0.344,0.769,0.499,0.453,0.171,0.064,107.5,106.6,0.8,1.02,0.015,0.144,0.077,0.081,18.80000000000001,-0.38102791014986837,-0.5313804429648584,0.011840385088153133,0.37162355437317723
1627739,Kris Dunn,CHI,2019-20,Defensive Player,Very Good,51,1268.62,373,186,173,101,17,68,0.444,0.259,0.741,0.51,0.487,0.145,0.082,103.5,103.6,-0.1,2.54,0.017,0.132,0.198,0.073,21.80000000000001,-0.6700049062964788,0.44273091634718775,-0.3766417363851393,0.5949427067854391
1629652,Luguentz Dort,OKC,2019-20,Defensive Player,Average,36,820.33,244,81,27,31,4,22,0.394,0.297,0.792,0.506,0.463,0.139,0.034,112.6,108.3,4.4,1.23,0.03,0.066,0.045,0.049,17.10000000000001,-0.8298261556828731,-0.9540049769565355,-0.9609981909823204,-0.5380267036690013
1628436,Luke Kornet,CHI,2019-20,Defensive Player,Average,36,558.5433333333333,215,84,32,11,26,14,0.439,0.287,0.714,0.539,0.521,0.163,0.073,103.4,107.0,-3.6,2.29,0.037,0.118,0.082,0.075,18.400000000000006,-0.4863692104732662,-0.7277533469529066,-0.621807043309637,-0.4462886768032914
201188,Marc Gasol,TOR,2019-20,Defensive Player,Very Good,44,1161.1566666666668,331,275,147,34,38,59,0.427,0.385,0.735,0.551,0.529,0.133,0.096,109.0,98.9,10.1,2.49,0.027,0.187,0.173,0.112,26.5,-0.5537199618946361,0.20661760859346193,0.356355475443602,0.38934510671572387
101107,Marvin Williams,MIL,2019-20,Defensive Player,Average,58,1128.9166666666667,343,183,60,36,30,33,0.446,0.359,0.86,0.587,0.551,0.12,0.074,107.1,109.9,-2.8,1.82,0.025,0.132,0.076,0.078,15.5,-0.43440113825788434,-0.6584279099369386,-0.3209036006127336,-0.31717330497676066
1628969,Mikal Bridges,PHX,2019-20,Defensive Player,Very Good,73,2042.128333333333,667,292,129,102,46,73,0.51,0.361,0.844,0.62,0.583,0.125,0.082,111.0,108.1,2.9,1.77,0.032,0.107,0.086,0.07,17.30000000000001,0.02453222062148952,-0.34835267534642583,-0.13360256943066062,0.6343144880900927
1626167,Myles Turner,IND,2019-20,Defensive Player,Very Good,62,1825.8016666666667,749,407,72,46,132,85,0.457,0.344,0.751,0.566,0.53,0.18,0.096,107.0,106.7,0.4,0.85,0.047,0.168,0.057,0.109,18.700000000000003,0.17754599162096849,-0.7210070274323067,0.6683824855733778,1.0064366128781645
203457,Nerlens Noel,OKC,2019-20,Defensive Player,Very Good,61,1126.9333333333334,449,300,57,59,91,66,0.684,0.333,0.755,0.711,0.686,0.148,0.125,106.7,105.3,1.3,0.86,0.082,0.174,0.079,0.13,20.10000000000001,0.5559886354236536,-0.6526140238992016,0.6520037175194793,0.8085748520195501
1628384,OG Anunoby,TOR,2019-20,Defensive Player,Very Good,69,2065.6766666666667,733,364,108,96,45,79,0.505,0.39,0.706,0.6,0.584,0.142,0.086,110.3,104.2,6.2,1.37,0.038,0.129,0.074,0.085,21.200000000000003,0.08222552115634525,-0.4930380331345361,0.24853550316344378,0.7911720791502082
203496,Robert Covington,HOU,2019-20,Defensive Player,Elite,70,2136.8083333333334,870,463,88,115,93,103,0.422,0.335,0.798,0.559,0.533,0.169,0.09,109.8,108.8,0.9,0.85,0.027,0.18,0.059,0.102,16.60000000000001,0.1442569562316441,-0.6508966596050599,0.7277941061258711,1.2034047418979048
201577,Robin Lopez,MIL,2019-20,Defensive Player,Average,66,958.1083333333332,357,161,45,10,45,63,0.492,0.333,0.528,0.554,0.55,0.161,0.06,103.7,103.1,0.6,0.71,0.054,0.092,0.068,0.074,22.30000000000001,-0.3128439832610827,-0.7585645064513503,-0.4302365466720909,-0.03527499099016507
1627885,Shaquille Harrison,CHI,2019-20,Defensive Player,Average,43,484.3516666666667,209,86,49,34,19,19,0.467,0.381,0.78,0.559,0.515,0.176,0.114,106.5,99.7,6.8,2.58,0.042,0.139,0.147,0.087,25.700000000000003,-0.2811791131756132,-0.30005112770353626,-0.4636244344861429,0.15010955061774403
201152,Thaddeus Young,CHI,2019-20,Defensive Player,Very Good,64,1590.6616666666666,659,315,117,92,23,102,0.448,0.356,0.583,0.521,0.513,0.192,0.089,101.9,108.1,-6.2,1.15,0.054,0.145,0.113,0.097,17.30000000000001,-0.056800756576355214,-0.24083233117171976,0.2713958042200087,0.29799918663630537
203584,Troy Daniels,DEN,2019-20,Defensive Player,Average,47,531.9716666666667,200,52,17,11,3,12,0.387,0.348,0.625,0.518,0.511,0.155,0.055,103.7,103.3,0.4,1.42,0.02,0.068,0.047,0.044,22.10000000000001,-0.6758185612176265,-0.9795665835100836,-1.101644441432015,-0.4615980511907997
1713,Vince Carter,ATL,2019-20,Defensive Player,Average,60,875.5666666666667,298,124,48,23,25,33,0.352,0.302,0.793,0.47,0.452,0.163,0.05,102.0,110.1,-8.1,1.45,0.019,0.114,0.081,0.065,15.300000000000011,-0.8210238471193111,-0.6744959391304115,-0.6430684430098287,-0.5142092782000783
1628411,Wes Iwundu,ORL,2019-20,Defensive Player,Average,52,953.2933333333332,300,131,60,25,13,26,0.416,0.341,0.804,0.544,0.476,0.134,0.067,104.1,104.6,-0.5,2.31,0.023,0.109,0.089,0.065,20.80000000000001,-0.608777850131203,-0.5853984165830146,-0.6244947929241718,-0.2917454075880606
202083,Wesley Matthews,MIL,2019-20,Defensive Player,Average,67,1634.865,494,166,92,38,9,43,0.396,0.364,0.765,0.547,0.524,0.123,0.054,110.5,98.3,12.2,2.14,0.013,0.073,0.07,0.045,27.10000000000001,-0.5322476514802501,-0.5743837076316173,-0.7864196285894931,0.1726369074095705
1629599,Amir Coffey,LAC,2020-21,Defensive Player,Average,44,394.565,140,44,22,10,0,15,0.437,0.411,0.711,0.585,0.549,0.145,0.07,99.9,101.1,-1.2,1.47,0.023,0.081,0.09,0.052,24.30000000000001,-0.40921739219087866,-0.7196090334969514,-1.0209542356638948,-0.37305152102942357
201572,Brook Lopez,MIL,2020-21,Defensive Player,Very Good,70,1901.7883333333332,859,347,50,40,103,64,0.503,0.338,0.845,0.611,0.577,0.166,0.085,117.0,110.2,6.8,0.78,0.054,0.115,0.033,0.086,15.200000000000003,0.4116747543237349,-0.936783916561762,0.21616772154581418,0.4452206164859307
1629604,CJ Elleby,POR,2020-21,Defensive Player,Average,30,192.38333333333333,68,32,10,6,3,5,0.379,0.206,0.733,0.468,0.432,0.16,0.047,102.3,107.6,-5.3,2.0,0.049,0.089,0.076,0.069,17.80000000000001,-1.0202846200098412,-0.8424124760538518,-0.8362206554883129,-0.7660499685952202
1630199,Cassius Stanley,IND,2020-21,Defensive Player,Very Good,24,93.31833333333331,36,20,1,1,2,1,0.302,0.231,0.778,0.383,0.337,0.198,0.027,97.5,88.1,9.4,1.0,0.067,0.11,0.017,0.087,37.30000000000001,-1.2511736445984003,-1.206971244715013,-0.6387474210080513,0.3177419161754476
201980,Danny Green,PHI,2020-21,Defensive Player,Very Good,69,1934.3583333333331,654,260,118,92,56,67,0.412,0.405,0.775,0.582,0.573,0.138,0.073,114.5,107.4,7.1,1.76,0.029,0.1,0.08,0.066,18.0,-0.10694282435211781,-0.42253519990165006,-0.26946930132667074,0.6730037712723497
1629001,De'Anthony Melton,MEM,2020-21,Defensive Player,Very Good,52,1045.2133333333334,472,161,132,60,31,66,0.438,0.412,0.804,0.568,0.548,0.189,0.1,111.4,105.4,6.0,2.0,0.026,0.118,0.172,0.072,20.0,0.05510714852261791,0.1458045854234707,-0.45571585528145153,0.20601290726855984
1627884,Derrick Jones Jr.,POR,2020-21,Defensive Player,Average,58,1317.9283333333333,396,205,47,37,54,32,0.484,0.316,0.648,0.576,0.554,0.122,0.058,113.3,114.0,-0.8,1.47,0.055,0.094,0.049,0.074,11.400000000000006,-0.4444321789771119,-0.8579405371701012,-0.3134878889908187,-0.3048869736676683
1630170,Devin Vassell,SAS,2020-21,Defensive Player,Average,62,1055.9633333333334,341,174,56,43,18,22,0.406,0.347,0.843,0.524,0.492,0.138,0.071,106.5,108.9,-2.4,2.55,0.021,0.138,0.071,0.079,16.5,-0.6642795397253951,-0.7012349419008778,-0.3320443535610408,-0.3072986573959448
1628373,Frank Ntilikina,NYK,2020-21,Defensive Player,Average,33,322.005,89,31,19,18,4,11,0.367,0.479,0.444,0.512,0.513,0.134,0.036,99.7,103.3,-3.6,1.73,0.019,0.077,0.095,0.048,22.10000000000001,-0.9439014332035391,-0.70255984078938,-1.1064067744702646,-0.37895104661954365
202066,Garrett Temple,CHI,2020-21,Defensive Player,Average,56,1528.24,423,160,124,43,30,58,0.415,0.335,0.8,0.525,0.503,0.126,0.051,110.8,109.3,1.5,2.14,0.019,0.082,0.104,0.052,16.10000000000001,-0.6872735758949946,-0.265633371929607,-0.7131623199587226,-0.20939095937887506
1630171,Isaac Okoro,CLE,2020-21,Defensive Player,Average,67,2173.235,646,206,128,62,24,86,0.42,0.29,0.726,0.514,0.476,0.142,0.044,104.6,113.4,-8.7,1.49,0.031,0.066,0.086,0.048,12.0,-0.4722225493234747,-0.3520323666687641,-0.6420655223288411,-0.31412401527234446
1630198,Isaiah Joe,PHI,2020-21,Defensive Player,Average,41,382.8233333333333,153,36,20,12,4,11,0.361,0.368,0.75,0.533,0.508,0.163,0.058,106.9,105.1,1.8,1.82,0.014,0.083,0.072,0.045,20.30000000000001,-0.5653856614544811,-0.8280861761701381,-1.131358844465979,-0.5468776393385197
1627774,Jake Layman,MIN,2020-21,Defensive Player,Average,45,627.245,231,67,28,29,19,26,0.495,0.295,0.703,0.577,0.557,0.147,0.074,101.5,107.3,-5.8,1.08,0.019,0.083,0.067,0.051,18.10000000000001,-0.37469216489755697,-0.8267369122660181,-0.9726661825442737,-0.3482327944500348
203200,Justin Holiday,IND,2020-21,Defensive Player,Average,72,2183.33,756,256,119,74,41,54,0.413,0.382,0.788,0.571,0.551,0.138,0.065,110.5,111.2,-0.6,2.2,0.014,0.098,0.07,0.057,14.200000000000003,-0.096278531546431,-0.47503204192848403,-0.3947397044034545,0.11146951314853744
1629103,Kelan Martin,IND,2020-21,Defensive Player,Average,35,322.56666666666666,157,78,17,10,10,16,0.449,0.4,0.9,0.551,0.536,0.199,0.099,115.3,99.7,15.6,1.06,0.052,0.159,0.071,0.108,25.700000000000003,-0.19604805976513406,-0.8447429034720702,-0.21731872275717884,-0.18962033592939517
203145,Kent Bazemore,GSW,2020-21,Defensive Player,Very Good,67,1333.5366666666666,481,229,108,69,33,82,0.449,0.408,0.692,0.564,0.545,0.159,0.075,110.5,104.6,5.9,1.32,0.019,0.14,0.108,0.081,20.80000000000001,-0.18088711783247893,-0.30203781974735033,-0.1606292228500899,0.36650384175911505
203484,Kentavious Caldwell-Pope,LAL,2020-21,Defensive Player,Average,67,1901.986666666667,653,179,127,62,26,66,0.431,0.41,0.866,0.588,0.549,0.139,0.07,110.5,107.3,3.3,1.92,0.015,0.081,0.091,0.048,18.10000000000001,-0.06603827400403846,-0.32762379131651614,-0.7137067440878035,0.06451443053576673
1628995,Kevin Knox II,NYK,2020-21,Defensive Player,Average,42,464.4,163,61,19,12,6,17,0.392,0.393,0.8,0.537,0.514,0.152,0.065,101.1,104.7,-3.5,1.12,0.02,0.101,0.064,0.06,20.700000000000003,-0.6158293300348466,-0.8767070941718142,-0.8739295653041428,-0.5031408413125742
1628436,Luke Kornet,BOS,2020-21,Defensive Player,Average,31,347.435,106,67,24,4,32,7,0.436,0.254,0.5,0.511,0.51,0.135,0.087,105.4,99.6,5.8,3.43,0.041,0.144,0.095,0.095,25.80000000000001,-0.9300389555027743,-0.6841613841776888,-0.4121213931383407,-0.023328837986720474
1626167,Myles Turner,IND,2020-21,Defensive Player,Elite,47,1455.32,592,306,48,40,159,67,0.477,0.335,0.782,0.599,0.557,0.167,0.09,109.2,107.9,1.3,0.72,0.043,0.159,0.047,0.102,17.5,0.1578380371916939,-0.8654961525175973,0.31121366849042253,1.146934353271848
1628408,PJ Dozier,DEN,2020-21,Defensive Player,Average,50,1088.465,385,182,92,31,22,46,0.417,0.315,0.636,0.501,0.483,0.166,0.076,112.0,102.5,9.5,2.0,0.031,0.133,0.116,0.082,22.900000000000006,-0.5590788215880708,-0.3159716542254247,-0.2725983619776776,-0.015135236326581203
201976,Patrick Beverley,LAC,2020-21,Defensive Player,Average,37,832.4666666666667,278,119,76,29,28,34,0.423,0.397,0.8,0.58,0.55,0.146,0.066,115.7,106.7,9.0,2.24,0.037,0.108,0.123,0.073,18.700000000000003,-0.33096603856399287,-0.3355231420384165,-0.5544181014907128,-0.2219228133926809
1629066,Rodions Kurucs,MIL,2020-21,Defensive Player,Average,21,124.53333333333332,31,23,10,9,4,13,0.344,0.286,0.75,0.459,0.438,0.145,0.044,102.5,102.8,-0.3,0.77,0.037,0.134,0.115,0.086,22.60000000000001,-1.2082321872712074,-0.62332399599208,-0.6435269395617357,-0.4428259755395998
1630174,Aaron Nesmith,BOS,2021-22,Defensive Player,Average,52,573.8783333333333,196,89,22,20,5,31,0.396,0.27,0.808,0.507,0.481,0.164,0.048,107.3,104.3,3.0,0.71,0.025,0.117,0.057,0.073,21.10000000000001,-0.6757117165937235,-0.9049915935492201,-0.6340194590006711,-0.40686553178934987
203085,Austin Rivers,DEN,2021-22,Defensive Player,Average,67,1479.878333333333,403,114,90,51,6,54,0.417,0.342,0.727,0.546,0.53,0.123,0.043,113.0,111.1,1.9,1.67,0.014,0.063,0.082,0.039,14.300000000000011,-0.6035897404680651,-0.5143312502572871,-1.0008332407681693,-0.47507760703522456
1630527,Brandon Boston,LAC,2021-22,Defensive Player,Average,51,760.245,343,111,51,26,13,31,0.385,0.306,0.819,0.481,0.437,0.212,0.083,102.9,104.9,-2.0,1.65,0.02,0.111,0.103,0.066,20.5,-0.3669756258116424,-0.5398684917952177,-0.664822710292797,-0.2990104471646002
1629643,Chuma Okeke,ORL,2021-22,Defensive Player,Very Good,70,1748.825,605,347,118,97,42,57,0.376,0.318,0.846,0.501,0.478,0.159,0.093,100.3,109.1,-8.8,2.07,0.024,0.165,0.104,0.092,16.30000000000001,-0.451669431063133,-0.2877115198636366,0.292605647373896,0.48328314233674047
1628998,Cody Martin,CHA,2021-22,Defensive Player,Average,71,1865.618333333333,544,285,179,88,32,61,0.482,0.384,0.701,0.579,0.554,0.12,0.08,113.1,113.0,0.1,2.93,0.043,0.108,0.124,0.075,12.400000000000006,-0.33519049260558614,0.04910271749734234,-0.0884779479929162,0.05971300316814743
201980,Danny Green,PHI,2021-22,Defensive Player,Average,62,1353.405,366,157,64,60,37,45,0.394,0.38,0.786,0.561,0.555,0.121,0.054,111.5,108.5,3.0,1.42,0.025,0.091,0.065,0.059,16.900000000000006,-0.5591501720312447,-0.705503331331675,-0.6319448755769563,0.08457819863353737
1627863,Danuel House Jr.,UTA,2021-22,Defensive Player,Average,42,726.9833333333333,248,111,44,21,17,33,0.404,0.376,0.759,0.555,0.515,0.146,0.073,109.4,105.5,3.8,1.33,0.023,0.118,0.087,0.07,19.900000000000006,-0.49553891157953195,-0.6555087844102613,-0.6138640930740757,-0.3456002108735709
1629001,De'Anthony Melton,MEM,2021-22,Defensive Player,Very Good,73,1656.81,791,328,194,104,39,112,0.404,0.374,0.75,0.529,0.504,0.205,0.103,112.0,106.4,5.6,1.73,0.034,0.15,0.157,0.09,19.0,0.17929745886582382,0.2896806473846849,0.21671214567489513,0.6840979135293627
1630170,Devin Vassell,SAS,2021-22,Defensive Player,Average,71,1936.8866666666668,872,306,136,76,41,58,0.427,0.361,0.838,0.54,0.516,0.184,0.087,111.2,110.2,1.0,2.34,0.021,0.128,0.096,0.074,15.200000000000003,0.14687329721121736,-0.26641830274088557,-0.04549665204062567,0.1909469140746639
1627827,Dorian Finney-Smith,DAL,2021-22,Defensive Player,Very Good,80,2643.625,880,375,150,88,39,80,0.471,0.395,0.675,0.604,0.595,0.138,0.076,114.8,110.4,4.4,1.88,0.047,0.095,0.08,0.072,15.0,0.18182263067006277,-0.3047850775868255,0.11210716162291784,0.2832974063183615
1628373,Frank Ntilikina,DAL,2021-22,Defensive Player,Average,58,684.655,240,79,69,27,7,31,0.399,0.342,0.96,0.513,0.484,0.165,0.073,106.6,102.3,4.3,2.23,0.016,0.094,0.149,0.055,23.10000000000001,-0.602355464318877,-0.21522199458693642,-0.8898670223215692,-0.19659171311601617
1627780,Gary Payton II,GSW,2021-22,Defensive Player,Very Good,71,1247.685,502,247,64,96,22,40,0.616,0.358,0.603,0.679,0.679,0.14,0.114,110.6,102.3,8.3,1.6,0.058,0.132,0.076,0.097,23.10000000000001,0.3526845138069792,-0.6437091446475854,0.09096606053076983,0.6701042896735953
1629684,Grant Williams,BOS,2021-22,Defensive Player,Average,77,1875.08,602,274,78,38,57,62,0.475,0.411,0.905,0.635,0.597,0.123,0.067,112.5,108.0,4.5,1.26,0.035,0.107,0.058,0.072,17.400000000000006,0.04877961897054347,-0.6933112261633598,-0.15588407532727516,0.08835483157687656
1630529,Herbert Jones,NOP,2021-22,Defensive Player,Very Good,78,2335.1833333333334,742,296,167,130,60,100,0.476,0.337,0.84,0.573,0.525,0.136,0.068,112.2,110.2,2.0,1.67,0.041,0.086,0.097,0.063,15.200000000000003,-0.10958050831384214,-0.14673021841348205,-0.21216663522876167,0.9426923288018864
1630171,Isaac Okoro,CLE,2021-22,Defensive Player,Average,67,1980.9016666666664,588,201,121,56,22,58,0.48,0.35,0.768,0.589,0.544,0.123,0.057,112.4,109.3,3.1,2.09,0.037,0.065,0.083,0.052,16.10000000000001,-0.22432313139176493,-0.3946431659298836,-0.6043737980284463,-0.15563295320540008
1630198,Isaiah Joe,PHI,2021-22,Defensive Player,Average,55,609.4683333333334,198,56,35,14,3,19,0.35,0.333,0.935,0.519,0.477,0.144,0.051,108.2,106.5,1.7,1.84,0.01,0.079,0.08,0.045,18.900000000000006,-0.7520686255861865,-0.7279495796557263,-1.0782912727926734,-0.6185289225342724
1630688,Ish Wainright,PHX,2021-22,Defensive Player,Average,45,358.73,108,54,15,20,6,13,0.394,0.322,0.583,0.494,0.486,0.134,0.043,106.2,100.6,5.6,1.15,0.066,0.072,0.057,0.069,24.80000000000001,-1.0331152551474667,-0.9307494328055879,-0.7778463266476769,-0.17935577010311773
1630183,Jaden McDaniels,MIN,2021-22,Defensive Player,Average,70,1802.6666666666667,647,293,79,52,54,75,0.46,0.317,0.803,0.553,0.532,0.149,0.061,109.9,109.3,0.6,1.05,0.038,0.115,0.063,0.075,16.10000000000001,-0.1972741140409957,-0.6615432681664354,-0.06725091932359398,0.1266804431396729
203109,Jae Crowder,PHX,2021-22,Defensive Player,Very Good,67,1885.871666666667,632,354,124,95,30,55,0.399,0.348,0.789,0.541,0.516,0.146,0.077,116.1,105.9,10.2,2.25,0.017,0.16,0.08,0.092,19.5,-0.2986632286404936,-0.40045705196762044,0.311179297459553,0.5291658085816537
1628991,Jaren Jackson Jr.,MEM,2021-22,Defensive Player,Elite,78,2126.248333333333,1272,454,86,73,177,130,0.415,0.319,0.823,0.535,0.477,0.248,0.096,113.9,106.0,7.9,0.66,0.05,0.145,0.058,0.097,19.400000000000006,0.8752560409983796,-0.6638736955846537,0.6402154273494822,1.7826075648855024
1630580,Joe Wieskamp,SAS,2021-22,Defensive Player,Average,29,205.14166666666668,61,14,9,4,3,2,0.357,0.326,0.538,0.494,0.482,0.129,0.039,106.5,105.1,1.5,4.5,0.017,0.045,0.065,0.031,20.30000000000001,-1.103611665259338,-0.9078863540602797,-1.3680883335721394,-0.6398860068480877
1630182,Josh Green,DAL,2021-22,Defensive Player,Average,67,1038.9566666666667,319,161,79,45,14,44,0.508,0.359,0.689,0.578,0.563,0.13,0.072,107.5,103.8,3.7,1.8,0.049,0.105,0.11,0.077,21.60000000000001,-0.42996171779861286,-0.3975135614253256,-0.39201758375804996,-0.027396944779147486
1629644,KZ Okpala,MIA,2021-22,Defensive Player,Average,21,244.07166666666663,77,41,14,4,7,5,0.435,0.346,0.727,0.521,0.5,0.141,0.068,106.9,104.2,2.7,2.8,0.044,0.118,0.082,0.081,21.200000000000003,-0.8498540201104715,-0.7939877907549955,-0.659464396579162,-0.5465369432912458
1629103,Kelan Martin,BOS,2021-22,Defensive Player,Average,30,449.70166666666665,171,55,21,13,9,14,0.409,0.293,0.692,0.484,0.474,0.18,0.06,102.4,108.6,-6.2,1.5,0.035,0.086,0.072,0.059,16.80000000000001,-0.7081160595161698,-0.8244064848477999,-0.9025894911108148,-0.6915703190581043
1629026,Kenrich Williams,OKC,2021-22,Defensive Player,Average,49,1072.3183333333334,363,220,108,44,10,46,0.461,0.339,0.545,0.532,0.525,0.153,0.101,102.0,100.3,1.7,2.35,0.062,0.123,0.159,0.092,25.10000000000001,-0.4928667426421926,-0.015537499666571641,-0.04437343275159419,0.12741319894350944
203145,Kent Bazemore,LAL,2021-22,Defensive Player,Average,39,544.6133333333333,132,69,34,25,9,21,0.324,0.363,0.765,0.451,0.428,0.128,0.032,99.8,108.7,-8.9,1.62,0.022,0.097,0.085,0.059,16.700000000000003,-1.3055846298832563,-0.7035410043034784,-0.8654421909395008,-0.5731094313033117
1629681,Killian Tillie,MEM,2021-22,Defensive Player,Average,36,460.5916666666666,118,60,22,23,15,13,0.339,0.314,0.625,0.452,0.445,0.128,0.034,109.2,105.8,3.4,1.69,0.04,0.085,0.061,0.061,19.60000000000001,-1.309963178724565,-0.882520980209551,-0.8638432895831277,-0.3627388155179427
1630195,Leandro Bolmaro,MIN,2021-22,Defensive Player,Average,35,240.945,50,43,21,6,0,13,0.315,0.278,0.846,0.419,0.361,0.122,0.038,102.6,102.5,0.2,1.62,0.062,0.107,0.118,0.084,22.900000000000006,-1.5916028931515565,-0.5659944314416074,-0.6159386764977905,-0.4967535178519751
201587,Nicolas Batum,LAC,2021-22,Defensive Player,Average,59,1462.595,491,254,100,58,42,40,0.463,0.4,0.658,0.608,0.602,0.13,0.096,105.4,109.8,-4.4,2.5,0.019,0.146,0.099,0.082,15.600000000000009,-0.1343980154679573,-0.3820342303403115,-0.08155510395377766,0.03806171520792297
1629656,Quentin Grimes,NYK,2021-22,Defensive Player,Average,46,786.2266666666667,275,94,44,31,11,28,0.404,0.381,0.684,0.565,0.557,0.149,0.07,102.0,105.0,-3.0,1.57,0.028,0.085,0.095,0.056,20.400000000000006,-0.3969310822047123,-0.6105675577309234,-0.8373266892619098,-0.2733140279841354
203493,Reggie Bullock Jr.,DAL,2021-22,Defensive Player,Average,68,1901.8483333333331,583,241,83,41,14,40,0.401,0.36,0.833,0.558,0.542,0.128,0.065,113.3,106.7,6.6,2.08,0.017,0.106,0.06,0.063,18.700000000000003,-0.36857008800841023,-0.663677462881834,-0.3581024573303519,-0.239230954175953
203496,Robert Covington,LAC,2021-22,Defensive Player,Very Good,71,1939.48,604,391,92,103,91,75,0.42,0.378,0.841,0.572,0.548,0.134,0.08,110.9,110.2,0.6,1.23,0.03,0.167,0.066,0.098,15.200000000000003,-0.22945756122051308,-0.5968543209712862,0.4857922308832501,0.9765769135627124
1629641,Romeo Langford,SAS,2021-22,Defensive Player,Average,48,770.9066666666666,218,108,21,22,16,16,0.435,0.341,0.548,0.52,0.51,0.123,0.061,104.0,103.1,1.0,1.31,0.035,0.092,0.04,0.063,22.30000000000001,-0.8856582341006,-1.0041713915651511,-0.7110018089578338,-0.20434509181952498
201572,Brook Lopez,MIL,2022-23,Defensive Player,Elite,78,2372.4766666666665,1239,520,99,37,193,107,0.531,0.374,0.784,0.63,0.606,0.187,0.111,113.7,106.6,7.1,0.93,0.064,0.135,0.06,0.101,18.80000000000001,0.9480746595720134,-0.6048024017244218,0.8662970310901118,1.5362251181257316
1631207,Dalen Terry,CHI,2022-23,Defensive Player,Average,38,213.945,85,37,22,11,5,8,0.444,0.259,0.667,0.523,0.493,0.173,0.091,104.8,101.5,3.3,2.75,0.056,0.117,0.157,0.087,23.900000000000006,-0.5983943301928458,-0.3432262600574971,-0.5936399850857415,-0.33560470809555026
1629001,De'Anthony Melton,PHI,2022-23,Defensive Player,Very Good,77,2149.826666666667,780,312,197,126,41,102,0.425,0.39,0.793,0.566,0.546,0.162,0.079,115.5,112.8,2.7,1.93,0.034,0.114,0.133,0.076,12.600000000000009,0.06813293134576116,0.16589604131368627,-0.004097071929273416,0.5562529058615543
1627884,Derrick Jones Jr.,CHI,2022-23,Defensive Player,Average,64,893.4083333333333,319,153,34,29,37,25,0.5,0.338,0.738,0.597,0.559,0.138,0.077,112.8,106.0,6.7,1.36,0.069,0.098,0.052,0.084,19.400000000000006,-0.26276467343499066,-0.8889235643557469,-0.32406703229461004,-0.08973736483037621
1630529,Herbert Jones,NOP,2022-23,Defensive Player,Very Good,66,1950.53,649,269,162,103,42,88,0.469,0.335,0.764,0.567,0.525,0.144,0.068,115.8,111.8,3.9,1.84,0.051,0.089,0.108,0.07,13.600000000000009,-0.15238871966323408,-0.10333448834108389,-0.19463027685496198,0.38681369733295484
1630183,Jaden McDaniels,MIN,2022-23,Defensive Player,Very Good,79,2416.488333333333,953,307,148,74,76,112,0.517,0.398,0.736,0.611,0.591,0.156,0.069,113.6,111.6,2.0,1.32,0.039,0.086,0.082,0.063,13.800000000000011,0.406257933260709,-0.30090915356166753,-0.18297947080844362,0.4420788832362755
1628991,Jaren Jackson Jr.,MEM,2022-23,Defensive Player,Elite,63,1787.503333333333,1173,426,60,65,189,107,0.506,0.355,0.788,0.613,0.567,0.243,0.125,116.4,106.6,9.8,0.56,0.058,0.159,0.048,0.11,18.80000000000001,1.213227710238607,-0.8157222033146209,0.7315363329676983,1.7858734243861758
1629006,Josh Okogie,PHX,2022-23,Defensive Player,Average,72,1350.59,529,251,105,56,34,63,0.391,0.335,0.724,0.531,0.471,0.174,0.078,112.9,108.0,4.9,1.67,0.078,0.102,0.104,0.09,17.400000000000006,-0.22514343283047436,-0.335547507054034,0.012401994732668793,0.04215769239582334
203484,Kentavious Caldwell-Pope,DEN,2022-23,Defensive Player,Very Good,76,2381.2066666666665,822,208,183,112,35,86,0.462,0.423,0.824,0.598,0.569,0.136,0.066,121.4,111.5,9.8,2.13,0.016,0.074,0.092,0.046,13.900000000000006,0.09104981128699463,-0.1159434239306559,-0.6622380737708711,0.4268701182711052
1628384,OG Anunoby,TOR,2022-23,Defensive Player,Very Good,67,2385.651666666666,1124,332,131,128,50,132,0.476,0.387,0.838,0.586,0.556,0.192,0.087,114.4,111.4,3.0,0.99,0.037,0.11,0.08,0.07,14.0,0.6501733498342462,-0.37469921271125256,-0.027467426084049507,0.750289352835134
1630172,Patrick Williams,CHI,2022-23,Defensive Player,Very Good,82,2322.8416666666667,833,327,100,72,70,101,0.464,0.415,0.857,0.576,0.549,0.156,0.069,110.7,113.2,-2.4,0.99,0.036,0.107,0.059,0.072,12.200000000000003,0.11960629436589006,-0.6067403637370007,-0.015255010393015467,0.26664389326201166
1629678,Admiral Schofield,ORL,2023-24,Defensive Player,Average,23,84.35833333333333,26,17,7,1,0,5,0.385,0.375,0.0,0.484,0.5,0.167,0.063,90.4,95.6,-5.2,1.4,0.035,0.149,0.163,0.094,29.80000000000001,-0.9078489214499306,-0.3647157098830677,-0.5575299766262848,-0.14315307470196678
1627936,Alex Caruso,CHI,2023-24,Defensive Player,Very Good,71,2040.3433333333328,715,273,247,120,70,102,0.468,0.408,0.76,0.613,0.593,0.146,0.089,110.9,110.6,0.3,2.42,0.031,0.103,0.167,0.067,14.800000000000011,0.17285473927646008,0.5408808208177854,-0.2222357254343418,0.9167514694296918
1641710,Anthony Black,ORL,2023-24,Defensive Player,Average,69,1164.21,316,139,91,35,21,56,0.466,0.394,0.613,0.56,0.54,0.123,0.054,108.0,108.9,-1.0,1.63,0.029,0.093,0.108,0.061,16.5,-0.5862841906904394,-0.36459257222710084,-0.6542263814735708,-0.3598371688932227
201572,Brook Lopez,MIL,2023-24,Defensive Player,Elite,79,2411.151666666666,990,409,127,43,189,79,0.485,0.366,0.821,0.608,0.583,0.156,0.083,117.1,111.9,5.2,1.61,0.049,0.11,0.071,0.081,13.5,0.41578783512610534,-0.43997685801486075,0.31697892220966,1.246523661980949
1629629,Cam Reddish,LAL,2023-24,Defensive Player,Average,48,984.0616666666666,260,99,48,47,14,31,0.389,0.336,0.759,0.504,0.468,0.123,0.044,109.7,112.5,-2.8,1.55,0.028,0.071,0.062,0.05,12.900000000000006,-0.946850558210142,-0.7812313524938389,-0.900497722171665,-0.5178398918331961
1641717,Cason Wallace,OKC,2023-24,Defensive Player,Average,82,1691.9216666666666,561,187,120,76,37,45,0.491,0.419,0.784,0.612,0.602,0.127,0.071,113.9,110.0,3.9,2.67,0.032,0.077,0.092,0.056,15.400000000000006,-0.08300889163125902,-0.34776397723796676,-0.5905624809810389,0.1622279930722745
1629312,Haywood Highsmith,MIA,2023-24,Defensive Player,Average,66,1365.835,405,210,70,53,30,34,0.465,0.396,0.639,0.587,0.581,0.121,0.067,110.1,109.0,1.1,2.06,0.048,0.107,0.074,0.078,16.400000000000006,-0.38236942242777766,-0.6328663033833903,-0.24926237885377106,-0.0881509274809051
1630529,Herbert Jones,NOP,2023-24,Defensive Player,Very Good,76,2321.4283333333333,837,272,199,105,62,93,0.498,0.418,0.867,0.636,0.595,0.141,0.076,116.4,111.0,5.5,2.14,0.033,0.084,0.112,0.059,14.400000000000006,0.35573583128210523,0.05528470392510096,-0.3268063384554495,0.6568894433106313
1630183,Jaden McDaniels,MIN,2023-24,Defensive Player,Average,72,2105.4533333333334,757,224,101,63,42,87,0.489,0.337,0.722,0.571,0.557,0.156,0.056,114.2,110.4,3.8,1.16,0.028,0.078,0.067,0.054,15.0,0.036211294543366336,-0.5581194457353246,-0.5178667819947843,0.05461572486978061
1629010,Jerome Robinson,GSW,2023-24,Defensive Player,Average,22,80.71666666666667,31,6,5,1,3,2,0.333,0.118,0.636,0.41,0.364,0.188,0.034,107.8,95.4,12.4,2.5,0.011,0.057,0.083,0.034,30.0,-1.173610732430804,-0.8214873593211226,-1.3510963993274205,-0.10104974768284936
1630631,Jose Alvarado,NOP,2023-24,Defensive Player,Average,56,1028.37,397,128,117,59,15,40,0.412,0.377,0.673,0.54,0.525,0.168,0.081,117.3,105.2,12.0,2.93,0.024,0.096,0.154,0.061,20.200000000000003,-0.3128001583785186,-0.010508544440113413,-0.6834135458938888,0.04552305529098822
1629006,Josh Okogie,PHX,2023-24,Defensive Player,Average,60,959.715,277,154,64,48,24,36,0.417,0.309,0.745,0.552,0.488,0.125,0.068,112.8,111.5,1.3,1.78,0.079,0.081,0.091,0.08,13.900000000000006,-0.6455083245188897,-0.5594443446238271,-0.372372270929666,-0.3475492138146563
1641763,Julian Phillips,CHI,2023-24,Defensive Player,Average,40,322.55,89,36,13,7,7,10,0.416,0.316,0.684,0.521,0.494,0.121,0.03,112.1,111.7,0.4,1.3,0.035,0.077,0.052,0.055,13.700000000000003,-0.9876098742167686,-0.9661970821248507,-1.003962301419176,-0.9561129173475793
203484,Kentavious Caldwell-Pope,DEN,2023-24,Defensive Player,Very Good,76,2401.7566666666667,766,183,183,98,42,75,0.46,0.406,0.894,0.602,0.566,0.126,0.061,122.4,111.0,11.3,2.44,0.014,0.062,0.09,0.039,14.400000000000006,0.00033079527837568773,-0.12717873060049037,-0.8177501184952651,0.38201062268099717
1631165,Keon Ellis,SAC,2023-24,Defensive Player,Average,57,978.485,310,124,85,51,29,37,0.461,0.417,0.743,0.627,0.612,0.123,0.068,114.4,109.0,5.5,2.3,0.031,0.094,0.115,0.062,16.400000000000006,-0.20753615870818662,-0.34734714681670986,-0.6812874059238696,-0.11899111736060151
1630556,Kessler Edwards,SAC,2023-24,Defensive Player,Average,54,274.7416666666667,93,42,15,10,4,4,0.415,0.385,0.556,0.541,0.537,0.134,0.073,98.3,104.6,-6.3,3.75,0.029,0.126,0.084,0.074,20.80000000000001,-0.7752082876020561,-0.7790727927628227,-0.7459885981282588,-0.5382230276903924
1629638,Nickeil Alexander-Walker,MIN,2023-24,Defensive Player,Very Good,82,1920.9183333333333,655,167,204,64,42,76,0.439,0.391,0.8,0.578,0.56,0.143,0.071,113.1,105.5,7.6,2.68,0.019,0.066,0.145,0.043,19.900000000000006,-0.09248940990901781,0.2590657205890608,-0.8092455586151883,0.35287499555065543
1631212,Peyton Watson,DEN,2023-24,Defensive Player,Very Good,80,1487.8366666666666,532,258,86,42,88,58,0.465,0.296,0.67,0.539,0.516,0.16,0.076,109.0,109.7,-0.7,1.48,0.038,0.121,0.081,0.082,15.700000000000003,-0.2797264453154986,-0.5346676688815574,-0.07094158961911655,0.343558719841218
1629656,Quentin Grimes,DET,2023-24,Defensive Player,Average,51,1024.9433333333334,359,100,66,35,7,28,0.372,0.338,0.756,0.516,0.495,0.155,0.059,108.1,109.1,-0.9,2.36,0.013,0.08,0.094,0.046,16.30000000000001,-0.572590953481531,-0.5352320019743988,-0.948802960806721,-0.5132325999461379
203552,Seth Curry,CHA,2023-24,Defensive Player,Average,44,615.4133333333333,226,68,44,22,6,21,0.392,0.352,0.903,0.519,0.485,0.159,0.067,110.6,107.5,3.1,2.1,0.028,0.078,0.1,0.053,17.900000000000006,-0.6220692245333438,-0.5824792910563372,-0.9445334953512479,-0.5640403020680619
1641745,Adam Flagler,OKC,2024-25,Defensive Player,Average,37,202.965,65,27,12,8,3,4,0.26,0.194,0.5,0.335,0.333,0.207,0.025,99.1,96.7,2.3,3.0,0.029,0.086,0.094,0.057,28.700000000000003,-1.4388177247234564,-0.7339353333806652,-1.002363400062803,-0.104901284679019
1642349,Ajay Mitchell,OKC,2024-25,Defensive Player,Average,36,596.955,234,68,64,25,4,29,0.495,0.383,0.829,0.587,0.557,0.159,0.082,110.0,100.2,9.7,2.21,0.028,0.08,0.153,0.053,25.200000000000003,-0.22750757130463342,-0.21114983785895886,-0.9445334953512479,-0.12428201339790257
1627936,Alex Caruso,OKC,2024-25,Defensive Player,Very Good,54,1040.635,382,159,137,87,30,37,0.446,0.353,0.824,0.568,0.541,0.147,0.101,117.5,102.5,15.0,3.7,0.035,0.108,0.171,0.072,22.900000000000006,-0.31725650203313027,0.1585853887002449,-0.46102261244878207,0.6460408002434673
1641709,Ausar Thompson,DET,2024-25,Defensive Player,Very Good,59,1327.715,594,303,134,98,40,80,0.535,0.224,0.641,0.568,0.547,0.185,0.104,113.1,109.2,4.0,1.68,0.081,0.139,0.139,0.11,16.200000000000003,0.11380538993338885,-0.032218591984121206,0.4051707671768692,0.46753410976395654
201572,Brook Lopez,MIL,2024-25,Defensive Player,Very Good,80,2546.07,1041,401,143,50,148,84,0.509,0.373,0.826,0.624,0.599,0.157,0.087,114.8,112.7,2.2,1.7,0.046,0.107,0.078,0.078,12.700000000000003,0.5513674919486382,-0.34177822351302783,0.2575329306262969,0.8572334383835573
1641717,Cason Wallace,OKC,2024-25,Defensive Player,Very Good,68,1876.26,568,229,173,120,35,59,0.474,0.356,0.811,0.562,0.55,0.124,0.075,117.2,107.1,10.1,2.93,0.036,0.079,0.117,0.057,18.30000000000001,-0.38579910543105517,-0.012299003781107834,-0.466380926162417,0.7682815919954122
1630700,Dyson Daniels,ATL,2024-25,Defensive Player,Elite,76,2571.17,1073,449,333,229,55,155,0.493,0.34,0.593,0.545,0.536,0.178,0.099,113.3,114.2,-0.9,2.15,0.046,0.127,0.174,0.085,11.200000000000003,0.276489021110953,0.8966578478832969,0.47407268277499226,1.6828612394813953
1629216,Gabe Vincent,LAL,2024-25,Defensive Player,Average,72,1527.265,460,92,98,51,13,41,0.4,0.353,0.714,0.536,0.53,0.131,0.039,111.8,110.7,1.1,2.39,0.013,0.045,0.09,0.029,14.700000000000003,-0.5610957568718637,-0.4399524929992431,-1.1866041126556084,-0.38075348899391637
1630183,Jaden McDaniels,MIN,2024-25,Defensive Player,Very Good,82,2614.41,1000,470,163,110,74,95,0.477,0.33,0.813,0.562,0.537,0.16,0.086,113.9,109.9,4.0,1.72,0.048,0.126,0.091,0.087,15.5,0.18927458738209382,-0.1951549037123385,0.5552729416413236,0.8947359685935138
1630256,Jae'Sean Tate,HOU,2024-25,Defensive Player,Average,52,588.11,188,117,47,26,7,22,0.473,0.348,0.681,0.557,0.527,0.126,0.071,111.0,104.7,6.3,2.14,0.072,0.108,0.107,0.089,20.700000000000003,-0.6737824163635077,-0.5321166437449019,-0.3558903897831587,-0.34796429617313457
1631098,Johnny Davis,WAS,2024-25,Defensive Player,Average,34,241.65833333333333,80,38,11,15,6,7,0.41,0.241,0.6,0.473,0.455,0.15,0.067,104.7,107.2,-2.5,1.57,0.036,0.104,0.064,0.069,18.200000000000003,-1.0562479724598821,-0.9061446247505203,-0.8203003839863214,-0.6189434401213948
203484,Kentavious Caldwell-Pope,MEM,2024-25,Defensive Player,Very Good,77,2279.036666666667,673,169,136,99,34,62,0.439,0.342,0.863,0.574,0.543,0.121,0.065,109.1,108.6,0.5,2.19,0.014,0.064,0.086,0.038,16.80000000000001,-0.2634294793640538,-0.32259483609005796,-0.8676370729712592,0.4524434937135353
1631165,Keon Ellis,SAC,2024-25,Defensive Player,Very Good,80,1948.1916666666664,666,212,120,121,63,71,0.489,0.433,0.849,0.664,0.639,0.125,0.073,116.1,113.2,3.0,1.69,0.031,0.079,0.08,0.055,12.200000000000003,0.27538266460305993,-0.4151758172569735,-0.5369676706940874,0.7035284292177889
1627739,Kris Dunn,LAC,2024-25,Defensive Player,Very Good,74,1782.9183333333333,474,251,210,128,27,74,0.439,0.335,0.682,0.531,0.525,0.126,0.07,113.8,106.0,7.8,2.84,0.031,0.111,0.153,0.072,19.400000000000006,-0.6161897631625449,0.32608509520242823,-0.21691178275157655,0.8348629260317803
1629652,Luguentz Dort,OKC,2024-25,Defensive Player,Very Good,71,2073.3,719,293,115,79,39,51,0.435,0.412,0.717,0.586,0.578,0.133,0.063,120.4,107.3,13.1,2.25,0.041,0.093,0.067,0.067,18.10000000000001,-0.07380040930262595,-0.5066037672225888,-0.16916815376103625,0.37218463252701245
1630699,MarJon Beauchamp,NYK,2024-25,Defensive Player,Average,35,156.28166666666667,79,44,11,4,1,15,0.415,0.345,0.75,0.535,0.492,0.222,0.123,94.8,92.0,2.9,0.73,0.064,0.198,0.124,0.129,33.400000000000006,-0.1754071681996053,-0.5690854246554866,-0.04000085420351196,0.10956530829425049
1626167,Myles Turner,IND,2024-25,Defensive Player,Very Good,72,2173.6366666666668,1120,471,111,54,144,123,0.481,0.396,0.773,0.612,0.577,0.207,0.103,116.1,111.5,4.7,0.9,0.043,0.169,0.072,0.109,13.900000000000006,0.9057519263394346,-0.49323426583735575,0.8381987149279555,0.928714644183918
1631172,Ousmane Dieng,OKC,2024-25,Defensive Player,Average,37,404.8416666666666,142,81,31,17,7,18,0.432,0.324,0.688,0.538,0.524,0.152,0.088,104.3,99.2,5.1,1.72,0.04,0.142,0.107,0.091,26.200000000000003,-0.6252559213980969,-0.5909917049023141,-0.4259327101857481,-0.11806584984567792
1631212,Peyton Watson,DEN,2024-25,Defensive Player,Very Good,68,1655.7283333333332,551,233,94,48,93,56,0.477,0.353,0.693,0.564,0.533,0.138,0.066,113.9,113.9,0.0,1.68,0.03,0.103,0.073,0.069,11.5,-0.2841368159641699,-0.5501713649821891,-0.3028915601715923,0.20954458227854134
1630241,Sam Merrill,CLE,2024-25,Defensive Player,Average,71,1401.2816666666668,509,157,108,53,14,35,0.406,0.372,0.966,0.583,0.567,0.14,0.069,117.4,107.1,10.3,3.09,0.026,0.077,0.099,0.052,18.30000000000001,-0.1911509191182278,-0.35259669976160535,-0.7211224557097184,-0.1383964689360103
1631321,Sidy Cissoko,POR,2024-25,Defensive Player,Very Good,22,114.46333333333334,32,21,15,2,1,11,0.433,0.231,0.333,0.471,0.483,0.156,0.057,91.2,89.0,2.1,1.36,0.068,0.1,0.197,0.085,36.400000000000006,-1.0583753012008856,-0.1442779659171758,-0.6615733510337464,0.2651066075661343
1642461,Spencer Jones,DEN,2024-25,Defensive Player,Average,20,124.625,26,17,5,5,5,5,0.324,0.059,1.0,0.368,0.338,0.128,0.013,89.4,107.4,-18.0,1.0,0.057,0.067,0.06,0.062,18.0,-1.8565819214577661,-0.9506933860242188,-0.9651989143760542,-0.7444254685174875
1630649,Stanley Umude,MIL,2024-25,Defensive Player,Average,22,85.77666666666667,15,17,4,3,6,3,0.192,0.2,0.5,0.27,0.25,0.137,0.022,85.6,95.8,-10.1,1.33,0.043,0.131,0.071,0.089,29.60000000000001,-2.3589487689797823,-0.8925788906624676,-0.6212282481496864,-0.07347649981680855
1641739,Toumani Camara,POR,2024-25,Defensive Player,Very Good,78,2548.0516666666667,882,450,175,116,50,109,0.458,0.375,0.722,0.572,0.552,0.143,0.076,111.5,113.3,-1.8,1.61,0.063,0.11,0.096,0.086,12.100000000000009,0.03690618037278374,-0.12291034116969313,0.48946571566333774,0.5143191149813364
1630598,Aaron Wiggins,OKC,2025-26,Defensive Player,Average,65,1413.98,611,199,109,60,28,81,0.431,0.356,0.736,0.538,0.521,0.194,0.082,112.8,106.7,6.2,1.35,0.028,0.101,0.11,0.066,18.700000000000003,0.02042317427420239,-0.2871228217551776,-0.4313253949302527,0.0992794376949891
1627936,Alex Caruso,OKC,2025-26,Defensive Player,Very Good,56,1020.3466666666668,348,155,110,72,17,48,0.423,0.293,0.804,0.54,0.512,0.152,0.093,116.9,99.3,17.6,2.29,0.028,0.113,0.145,0.073,26.10000000000001,-0.4652641690615244,-0.08682526371073637,-0.45889647247876286,0.5471082842872539
1641709,Ausar Thompson,DET,2025-26,Defensive Player,Elite,73,1895.61,721,418,228,146,69,110,0.525,0.25,0.571,0.545,0.53,0.168,0.101,118.8,107.2,11.6,2.07,0.08,0.135,0.155,0.108,18.200000000000003,-0.05056022349292181,0.4035548456743515,0.6848299956890154,1.3757953369910378
201572,Brook Lopez,LAC,2025-26,Defensive Player,Average,75,1635.2733333333333,634,273,97,45,87,61,0.428,0.36,0.757,0.552,0.533,0.171,0.076,113.9,112.7,1.2,1.59,0.03,0.135,0.087,0.085,12.700000000000003,-0.05131598094030206,-0.46048514432633314,0.007078052049903534,0.18826131950457362
1641717,Cason Wallace,OKC,2025-26,Defensive Player,Elite,77,2046.07,660,238,200,150,28,73,0.432,0.351,0.809,0.538,0.518,0.141,0.076,116.2,103.8,12.4,2.74,0.031,0.079,0.127,0.056,21.60000000000001,-0.3322260774821429,0.14322919527119765,-0.4552401732141098,1.202190659786621
1642404,Chaz Lanier,DET,2025-26,Defensive Player,Average,34,262.005,80,23,17,7,0,3,0.315,0.284,0.833,0.436,0.421,0.147,0.045,107.7,105.7,2.0,5.67,0.029,0.055,0.085,0.042,19.700000000000003,-1.2897582581481524,-0.7660957567832289,-1.2040717289676686,-0.6744071150720715
1642959,Chris Youngblood,POR,2025-26,Defensive Player,Average,34,185.09166666666667,71,28,12,4,3,2,0.349,0.333,0.9,0.527,0.492,0.162,0.059,106.6,104.3,2.3,6.0,0.039,0.095,0.092,0.07,21.10000000000001,-0.6661455731341536,-0.7451706400504996,-0.8340945155182938,-0.5928822668084858
202066,Garrett Temple,TOR,2025-26,Defensive Player,Average,22,72.93666666666667,17,9,9,4,2,7,0.267,0.25,0.667,0.448,0.367,0.152,0.051,92.4,94.2,-1.8,1.29,0.016,0.108,0.205,0.065,31.200000000000003,-1.2299777960930407,-0.12141488717186766,-0.9482069801313355,-0.009577512811582848
1631222,Jake LaRavia,LAL,2025-26,Defensive Player,Average,82,2061.47,674,326,145,104,38,87,0.459,0.321,0.763,0.571,0.533,0.138,0.067,116.1,116.1,0.0,1.67,0.059,0.103,0.093,0.081,9.300000000000011,-0.1554127439463181,-0.25015404084459286,0.096748499765442,0.104060101546116
1629750,Javonte Green,DET,2025-26,Defensive Player,Very Good,82,1445.9616666666666,569,230,56,102,25,45,0.447,0.381,0.84,0.607,0.56,0.143,0.095,113.0,105.4,7.6,1.24,0.042,0.112,0.052,0.077,20.0,0.011300331838930791,-0.8079703552643052,-0.20893446148514583,0.580485366659226
1630643,Jay Huff,IND,2025-26,Defensive Player,Very Good,82,1719.243333333333,783,324,121,41,153,76,0.476,0.319,0.828,0.598,0.574,0.178,0.092,107.4,113.7,-6.3,1.59,0.041,0.135,0.105,0.089,11.700000000000003,0.37038524965267633,-0.27105479256170456,0.19335897703555374,0.7558138169046097
1641740,Jaylen Clark,MIN,2025-26,Defensive Player,Average,68,887.7033333333334,275,120,43,47,9,23,0.434,0.327,0.657,0.534,0.507,0.126,0.054,113.0,108.9,4.1,1.87,0.056,0.069,0.064,0.062,16.5,-0.7425457919643036,-0.7883945024356958,-0.6919009202585307,-0.3569103816703498
1641763,Julian Phillips,MIN,2025-26,Defensive Player,Average,48,427.01666666666665,140,49,10,22,7,11,0.421,0.308,0.783,0.534,0.504,0.134,0.046,107.7,110.7,-2.9,0.91,0.053,0.054,0.032,0.053,14.700000000000003,-0.7813370412298982,-1.08958922279021,-0.9949476884408881,-0.7419377982233977
1631165,Keon Ellis,CLE,2025-26,Defensive Player,Average,72,1478.638333333333,480,135,72,83,46,41,0.44,0.363,0.729,0.579,0.559,0.129,0.058,110.6,115.4,-4.8,1.76,0.025,0.066,0.067,0.045,10.0,-0.3154596856557205,-0.6648304940831343,-0.8686743646831167,0.008539464400796634
1629652,Luguentz Dort,OKC,2025-26,Defensive Player,Average,69,1848.7416666666663,576,245,85,62,27,54,0.385,0.344,0.759,0.524,0.508,0.139,0.049,116.2,108.2,8.0,1.57,0.03,0.094,0.059,0.063,17.200000000000003,-0.4874890587101608,-0.6619357335720748,-0.34748894299569083,0.02175268699428662
1629680,Matisse Thybulle,POR,2025-26,Defensive Player,Very Good,30,479.65,174,59,27,60,16,28,0.433,0.398,0.84,0.6,0.571,0.144,0.093,108.8,99.8,9.0,0.96,0.033,0.087,0.079,0.059,25.60000000000001,-0.3062557675385981,-0.7630047635693497,-0.8919759767761535,0.38327712749968684
1630534,Ochai Agbaji,BKN,2025-26,Defensive Player,Average,62,973.2033333333334,314,141,47,24,17,31,0.436,0.266,0.837,0.525,0.496,0.142,0.057,106.4,109.0,-2.7,1.52,0.046,0.096,0.07,0.071,16.400000000000006,-0.6487510964215275,-0.7399698171368393,-0.5215230812594374,-0.520157484731894
1642359,Pacôme Dadiet,NYK,2025-26,Defensive Player,Average,29,135.76,48,27,12,3,1,3,0.333,0.219,0.818,0.454,0.406,0.167,0.085,98.6,100.3,-1.7,4.0,0.027,0.156,0.13,0.092,25.10000000000001,-1.0635097310296333,-0.5316998133236449,-0.5564754993989927,-0.3884598575549327
1626192,Pat Connaughton,CHA,2025-26,Defensive Player,Average,42,296.5183333333333,110,61,18,11,1,11,0.447,0.404,0.65,0.586,0.571,0.15,0.117,97.2,101.5,-4.3,1.64,0.047,0.153,0.11,0.099,23.900000000000006,-0.3885319136177902,-0.62197473208796,-0.37708304742161114,-0.3760745641078404
1641842,Ronald Holland II,DET,2025-26,Defensive Player,Very Good,78,1550.4483333333333,640,315,95,92,27,96,0.432,0.253,0.805,0.525,0.478,0.184,0.085,110.2,104.5,5.7,0.99,0.052,0.141,0.088,0.097,20.900000000000006,-0.1061962979831776,-0.4622268736360924,0.2713958042200087,0.5499858728268043
1631321,Sidy Cissoko,POR,2025-26,Defensive Player,Average,75,1435.055,383,166,110,52,25,70,0.398,0.298,0.659,0.514,0.487,0.123,0.036,109.2,110.9,-1.7,1.57,0.041,0.071,0.107,0.056,14.5,-0.8009738775845667,-0.30029609043759103,-0.6462834312380098,-0.26073349302863486
203648,Thanasis Antetokounmpo,MIL,2025-26,Defensive Player,Average,34,147.95833333333334,47,30,15,13,6,10,0.469,0.0,0.567,0.52,0.469,0.154,0.094,97.4,94.3,3.1,1.5,0.071,0.125,0.172,0.096,31.10000000000001,-0.7820397574278247,-0.28471929929010664,-0.4975567464292757,0.11826914214056468
