GAME_ID,GAME_DATE,HOME_TEAM_ID,HOME_TEAM_ABBREVIATION,HOME_WL,SEASON_ID,AWAY_TEAM_ID,AWAY_TEAM_ABBREVIATION,HOME_WIN,HOME_Overall_WinPCT,HOME_Home_WinPCT,AWAY_Overall_WinPCT,AWAY_Away_WinPCT
0022000002,2020-12-22,1610612747,LAL,L,22020,1610612746,LAC,0,0.5,0.5,0.5,0.5
0022000001,2020-12-22,1610612751,BKN,W,22020,1610612744,GSW,1,0.5,0.5,0.5,0.5
0022000013,2020-12-23,1610612755,PHI,W,22020,1610612764,WAS,1,0.5,0.5,0.5,0.5
0022000004,2020-12-23,1610612756,PHX,W,22020,1610612742,DAL,1,0.5,0.5,0.5,0.5
0022000014,2020-12-23,1610612761,TOR,L,22020,1610612740,NOP,0,0.5,0.5,0.5,0.5
0022000012,2020-12-23,1610612753,ORL,W,22020,1610612748,MIA,1,0.5,0.5,0.5,0.5
0022000020,2020-12-23,1610612757,POR,L,22020,1610612762,UTA,0,0.5,0.5,0.5,0.5
0022000018,2020-12-23,1610612750,MIN,W,22020,1610612765,DET,1,0.5,0.5,0.5,0.5
0022000015,2020-12-23,1610612741,CHI,L,22020,1610612737,ATL,0,0.5,0.5,0.5,0.5
0022000011,2020-12-23,1610612754,IND,W,22020,1610612752,NYK,1,0.5,0.5,0.5,0.5
0022000019,2020-12-23,1610612743,DEN,L,22020,1610612758,SAC,0,0.5,0.5,0.5,0.5
0022000010,2020-12-23,1610612739,CLE,W,22020,1610612766,CHA,1,0.5,0.5,0.5,0.5
0022000003,2020-12-23,1610612738,BOS,W,22020,1610612749,MIL,1,0.5,0.5,0.5,0.5
0022000017,2020-12-23,1610612763,MEM,L,22020,1610612759,SAS,0,0.5,0.5,0.5,0.5
0022000005,2020-12-25,1610612748,MIA,W,22020,1610612740,NOP,1,0.0,0.5,1.0,1.0
0022000007,2020-12-25,1610612738,BOS,L,22020,1610612751,BKN,0,1.0,1.0,1.0,0.5
0022000009,2020-12-25,1610612743,DEN,L,22020,1610612746,LAC,0,0.0,0.0,1.0,1.0
0022000008,2020-12-25,1610612747,LAL,W,22020,1610612742,DAL,1,0.0,0.0,0.0,0.0
0022000006,2020-12-25,1610612749,MIL,W,22020,1610612744,GSW,1,0.0,0.5,0.0,0.0
0022000023,2020-12-26,1610612765,DET,L,22020,1610612739,CLE,0,0.0,0.5,1.0,0.5
0022000028,2020-12-26,1610612762,UTA,L,22020,1610612750,MIN,0,1.0,0.5,1.0,0.5
0022000021,2020-12-26,1610612763,MEM,L,22020,1610612737,ATL,0,0.0,0.0,1.0,1.0
0022000030,2020-12-26,1610612758,SAC,W,22020,1610612756,PHX,1,1.0,0.5,1.0,0.5
0022000022,2020-12-26,1610612766,CHA,L,22020,1610612760,OKC,0,0.0,0.5,0.5,0.5
0022000024,2020-12-26,1610612764,WAS,L,22020,1610612753,ORL,0,0.0,0.5,1.0,0.5
0022000026,2020-12-26,1610612741,CHI,L,22020,1610612754,IND,0,0.0,0.0,1.0,0.5
0022000027,2020-12-26,1610612759,SAS,W,22020,1610612761,TOR,1,1.0,0.5,0.0,0.5
0022000029,2020-12-26,1610612757,POR,W,22020,1610612745,HOU,1,0.0,0.0,0.5,0.5
0022000025,2020-12-26,1610612752,NYK,L,22020,1610612755,PHI,0,0.0,0.5,1.0,0.5
0022000035,2020-12-27,1610612739,CLE,W,22020,1610612755,PHI,1,1.0,1.0,1.0,1.0
0022000038,2020-12-27,1610612741,CHI,L,22020,1610612744,GSW,0,0.0,0.0,0.0,0.0
0022000040,2020-12-27,1610612747,LAL,W,22020,1610612750,MIN,1,0.5,0.5,1.0,1.0
0022000037,2020-12-27,1610612754,IND,W,22020,1610612738,BOS,1,1.0,1.0,0.5,0.5
0022000039,2020-12-27,1610612758,SAC,L,22020,1610612756,PHX,0,1.0,1.0,0.5,0.0
0022000036,2020-12-27,1610612752,NYK,W,22020,1610612749,MIL,1,0.0,0.0,0.5,0.0
0022000031,2020-12-27,1610612746,LAC,L,22020,1610612742,DAL,0,1.0,0.5,0.0,0.0
0022000033,2020-12-27,1610612764,WAS,L,22020,1610612753,ORL,0,0.0,0.0,1.0,1.0
0022000032,2020-12-27,1610612766,CHA,W,22020,1610612751,BKN,1,0.0,0.0,1.0,1.0
0022000034,2020-12-27,1610612740,NOP,W,22020,1610612759,SAS,1,0.5,0.5,1.0,1.0
0022000042,2020-12-28,1610612751,BKN,L,22020,1610612763,MEM,0,0.6666666666666666,1.0,0.0,0.5
0022000043,2020-12-28,1610612760,OKC,L,22020,1610612762,UTA,0,1.0,0.5,0.5,1.0
0022000045,2020-12-28,1610612747,LAL,L,22020,1610612757,POR,0,0.6666666666666666,0.6666666666666666,0.5,0.5
0022000044,2020-12-28,1610612743,DEN,W,22020,1610612745,HOU,1,0.0,0.0,0.0,0.0
0022000041,2020-12-28,1610612737,ATL,W,22020,1610612765,DET,1,1.0,0.5,0.0,0.0
0022000053,2020-12-29,1610612756,PHX,W,22020,1610612740,NOP,1,0.6666666666666666,1.0,0.6666666666666666,0.5
0022000052,2020-12-29,1610612760,OKC,L,22020,1610612753,ORL,0,0.5,0.0,1.0,1.0
0022000047,2020-12-29,1610612765,DET,L,22020,1610612744,GSW,0,0.0,0.0,0.3333333333333333,0.3333333333333333
0022000048,2020-12-29,1610612754,IND,L,22020,1610612738,BOS,0,1.0,1.0,0.3333333333333333,0.0
0022000046,2020-12-29,1610612739,CLE,L,22020,1610612752,NYK,0,1.0,1.0,0.3333333333333333,0.0
0022000051,2020-12-29,1610612748,MIA,L,22020,1610612749,MIL,0,0.5,1.0,0.3333333333333333,0.0
0022000054,2020-12-29,1610612746,LAC,W,22020,1610612750,MIN,1,0.6666666666666666,0.0,0.6666666666666666,0.5
0022000049,2020-12-29,1610612755,PHI,W,22020,1610612761,TOR,1,0.6666666666666666,1.0,0.0,0.0
0022000055,2020-12-29,1610612758,SAC,W,22020,1610612743,DEN,1,0.6666666666666666,0.5,0.3333333333333333,0.5
0022000050,2020-12-29,1610612764,WAS,L,22020,1610612741,CHI,0,0.0,0.0,0.0,0.5
0022000056,2020-12-30,1610612738,BOS,W,22020,1610612763,MEM,1,0.5,0.5,0.3333333333333333,1.0
0022000057,2020-12-30,1610612751,BKN,W,22020,1610612737,ATL,1,0.5,0.5,1.0,1.0
0022000060,2020-12-30,1610612759,SAS,L,22020,1610612747,LAL,0,0.6666666666666666,1.0,0.5,0.5
0022000058,2020-12-30,1610612748,MIA,W,22020,1610612749,MIL,1,0.3333333333333333,0.5,0.5,0.3333333333333333
0022000061,2020-12-30,1610612746,LAC,W,22020,1610612757,POR,1,0.75,0.5,0.6666666666666666,1.0
0022000059,2020-12-30,1610612742,DAL,L,22020,1610612766,CHA,0,0.3333333333333333,0.5,0.3333333333333333,0.0
0022000065,2020-12-31,1610612745,HOU,W,22020,1610612758,SAC,1,0.0,0.5,0.75,1.0
0022000062,2020-12-31,1610612754,IND,W,22020,1610612739,CLE,1,0.75,0.6666666666666666,0.75,1.0
0022000068,2020-12-31,1610612762,UTA,L,22020,1610612756,PHX,0,0.6666666666666666,0.0,0.75,0.5
0022000066,2020-12-31,1610612761,TOR,W,22020,1610612752,NYK,1,0.0,0.0,0.5,0.5
0022000067,2020-12-31,1610612760,OKC,L,22020,1610612740,NOP,0,0.3333333333333333,0.0,0.5,0.3333333333333333
0022000064,2020-12-31,1610612753,ORL,L,22020,1610612755,PHI,0,1.0,1.0,0.75,0.5
0022000063,2020-12-31,1610612764,WAS,L,22020,1610612741,CHI,0,0.0,0.0,0.25,1.0
0022000069,2021-01-01,1610612766,CHA,L,22020,1610612763,MEM,0,0.5,0.5,0.25,0.5
0022000076,2021-01-01,1610612743,DEN,L,22020,1610612756,PHX,0,0.25,0.3333333333333333,0.8,0.6666666666666666
0022000071,2021-01-01,1610612742,DAL,W,22020,1610612748,MIA,1,0.25,0.0,0.5,0.0
0022000077,2021-01-01,1610612762,UTA,W,22020,1610612746,LAC,1,0.5,0.0,0.8,1.0
0022000073,2021-01-01,1610612749,MIL,W,22020,1610612741,CHI,1,0.4,1.0,0.4,1.0
0022000075,2021-01-01,1610612759,SAS,L,22020,1610612747,LAL,0,0.5,0.5,0.6,1.0
0022000070,2021-01-01,1610612765,DET,W,22020,1610612738,BOS,1,0.0,0.0,0.6,0.5
0022000074,2021-01-01,1610612750,MIN,L,22020,1610612764,WAS,0,0.5,1.0,0.0,0.0
0022000078,2021-01-01,1610612744,GSW,L,22020,1610612757,POR,0,0.5,0.5,0.5,0.5
0022000072,2021-01-01,1610612751,BKN,L,22020,1610612737,ATL,0,0.6,0.6666666666666666,0.75,0.6666666666666666
0022000080,2021-01-02,1610612754,IND,L,22020,1610612752,NYK,0,0.8,0.75,0.4,0.3333333333333333
0022000083,2021-01-02,1610612737,ATL,L,22020,1610612739,CLE,0,0.8,1.0,0.6,0.5
0022000082,2021-01-02,1610612755,PHI,W,22020,1610612766,CHA,1,0.8,1.0,0.4,0.5
0022000079,2021-01-02,1610612745,HOU,W,22020,1610612758,SAC,1,0.3333333333333333,1.0,0.6,0.5
0022000081,2021-01-02,1610612753,ORL,L,22020,1610612760,OKC,0,0.8,0.5,0.25,1.0
0022000084,2021-01-02,1610612740,NOP,W,22020,1610612761,TOR,1,0.6,1.0,0.25,0.0
0022000090,2021-01-03,1610612741,CHI,W,22020,1610612742,DAL,1,0.3333333333333333,0.0,0.4,0.3333333333333333
0022000088,2021-01-03,1610612750,MIN,L,22020,1610612743,DEN,0,0.4,0.5,0.2,0.0
0022000089,2021-01-03,1610612759,SAS,L,22020,1610612762,UTA,0,0.4,0.3333333333333333,0.6,1.0
0022000092,2021-01-03,1610612744,GSW,W,22020,1610612757,POR,1,0.4,0.0,0.6,0.6666666666666666
0022000085,2021-01-03,1610612765,DET,L,22020,1610612738,BOS,0,0.2,0.3333333333333333,0.5,0.3333333333333333
0022000091,2021-01-03,1610612756,PHX,L,22020,1610612746,LAC,0,0.8333333333333334,1.0,0.6666666666666666,0.6666666666666666
0022000087,2021-01-03,1610612763,MEM,L,22020,1610612747,LAL,0,0.4,0.0,0.6666666666666666,1.0
0022000086,2021-01-03,1610612751,BKN,L,22020,1610612764,WAS,0,0.5,0.5,0.16666666666666666,0.5
0022000093,2021-01-04,1610612753,ORL,W,22020,1610612739,CLE,1,0.6666666666666666,0.3333333333333333,0.6666666666666666,0.6666666666666666
0022000097,2021-01-04,1610612761,TOR,L,22020,1610612738,BOS,0,0.2,0.5,0.5714285714285714,0.5
0022000095,2021-01-04,1610612737,ATL,L,22020,1610612752,NYK,0,0.6666666666666666,0.5,0.5,0.5
0022000098,2021-01-04,1610612745,HOU,L,22020,1610612742,DAL,0,0.5,1.0,0.3333333333333333,0.25
0022000096,2021-01-04,1610612748,MIA,W,22020,1610612760,OKC,1,0.4,0.6666666666666666,0.4,1.0
0022000094,2021-01-04,1610612755,PHI,W,22020,1610612766,CHA,1,0.8333333333333334,1.0,0.3333333333333333,0.3333333333333333
0022000099,2021-01-04,1610612749,MIL,W,22020,1610612765,DET,1,0.5,1.0,0.16666666666666666,0.0
0022000101,2021-01-04,1610612744,GSW,W,22020,1610612758,SAC,1,0.5,0.5,0.5,0.3333333333333333
0022000100,2021-01-04,1610612740,NOP,L,22020,1610612754,IND,0,0.6666666666666666,1.0,0.6666666666666666,1.0
0022000105,2021-01-05,1610612746,LAC,L,22020,1610612759,SAS,0,0.7142857142857143,0.6666666666666666,0.3333333333333333,0.5
0022000102,2021-01-05,1610612751,BKN,W,22020,1610612762,UTA,1,0.42857142857142855,0.4,0.6666666666666666,1.0
0022000103,2021-01-05,1610612763,MEM,L,22020,1610612747,LAL,0,0.3333333333333333,0.0,0.7142857142857143,1.0
0022000104,2021-01-05,1610612743,DEN,W,22020,1610612750,MIN,1,0.3333333333333333,0.25,0.3333333333333333,0.3333333333333333
0022000106,2021-01-05,1610612757,POR,L,22020,1610612741,CHI,0,0.5,0.5,0.42857142857142855,0.6666666666666666
0022000109,2021-01-06,1610612755,PHI,W,22020,1610612764,WAS,1,0.8571428571428571,1.0,0.2857142857142857,0.6666666666666666
0022000110,2021-01-06,1610612737,ATL,L,22020,1610612766,CHA,0,0.5714285714285714,0.3333333333333333,0.2857142857142857,0.25
0022000111,2021-01-06,1610612748,MIA,L,22020,1610612738,BOS,0,0.5,0.75,0.625,0.6
0022000108,2021-01-06,1610612753,ORL,W,22020,1610612739,CLE,1,0.7142857142857143,0.5,0.5714285714285714,0.5
0022000115,2021-01-06,1610612756,PHX,W,22020,1610612761,TOR,1,0.7142857142857143,0.6666666666666666,0.16666666666666666,0.0
0022000116,2021-01-06,1610612744,GSW,L,22020,1610612746,LAC,0,0.5714285714285714,0.6666666666666666,0.625,0.75
0022000112,2021-01-06,1610612752,NYK,W,22020,1610612762,UTA,1,0.5714285714285714,0.5,0.5714285714285714,0.75
0022000114,2021-01-06,1610612740,NOP,L,22020,1610612760,OKC,0,0.5714285714285714,0.6666666666666666,0.3333333333333333,0.6666666666666666
0022000113,2021-01-06,1610612749,MIL,W,22020,1610612765,DET,1,0.5714285714285714,1.0,0.14285714285714285,0.0
0022000117,2021-01-06,1610612758,SAC,W,22020,1610612741,CHI,1,0.42857142857142855,0.6666666666666666,0.5,0.75
0022000107,2021-01-06,1610612754,IND,W,22020,1610612745,HOU,1,0.7142857142857143,0.6,0.4,0.0
0022000119,2021-01-07,1610612763,MEM,L,22020,1610612739,CLE,0,0.2857142857142857,0.0,0.5,0.4
0022000118,2021-01-07,1610612751,BKN,W,22020,1610612755,PHI,1,0.5,0.5,0.875,0.6666666666666666
0022000122,2021-01-07,1610612757,POR,W,22020,1610612750,MIN,1,0.42857142857142855,0.3333333333333333,0.2857142857142857,0.25
0022000120,2021-01-07,1610612743,DEN,L,22020,1610612742,DAL,0,0.42857142857142855,0.4,0.42857142857142855,0.4
0022000121,2021-01-07,1610612747,LAL,L,22020,1610612759,SAS,0,0.75,0.5,0.42857142857142855,0.6666666666666666
0022000126,2021-01-08,1610612740,NOP,L,22020,1610612766,CHA,0,0.5,0.5,0.375,0.4
0022000123,2021-01-08,1610612765,DET,W,22020,1610612756,PHX,1,0.125,0.25,0.75,0.75
0022000132,2021-01-08,1610612758,SAC,L,22020,1610612761,TOR,0,0.5,0.75,0.14285714285714285,0.0
0022000124,2021-01-08,1610612738,BOS,W,22020,1610612764,WAS,1,0.6666666666666666,0.6666666666666666,0.25,0.5
0022000127,2021-01-08,1610612745,HOU,W,22020,1610612753,ORL,1,0.3333333333333333,0.6666666666666666,0.75,1.0
0022000130,2021-01-08,1610612744,GSW,W,22020,1610612746,LAC,1,0.5,0.5,0.6666666666666666,0.8
0022000128,2021-01-08,1610612763,MEM,W,22020,1610612751,BKN,1,0.25,0.0,0.5555555555555556,0.5
0022000131,2021-01-08,1610612747,LAL,W,22020,1610612741,CHI,1,0.6666666666666666,0.4,0.4444444444444444,0.6
0022000129,2021-01-08,1610612749,MIL,L,22020,1610612762,UTA,0,0.625,1.0,0.5,0.6
0022000125,2021-01-08,1610612752,NYK,L,22020,1610612760,OKC,0,0.625,0.6666666666666666,0.42857142857142855,0.75
0022000139,2021-01-09,1610612742,DAL,W,22020,1610612753,ORL,1,0.5,0.5,0.6666666666666666,0.75
0022000137,2021-01-09,1610612749,MIL,W,22020,1610612739,CLE,1,0.5555555555555556,0.8,0.5555555555555556,0.5
0022000135,2021-01-09,1610612754,IND,L,22020,1610612756,PHX,0,0.75,0.6666666666666666,0.6666666666666666,0.6
0022000136,2021-01-09,1610612764,WAS,L,22020,1610612748,MIA,0,0.2222222222222222,0.0,0.42857142857142855,0.0
0022000134,2021-01-09,1610612766,CHA,W,22020,1610612737,ATL,1,0.4444444444444444,0.3333333333333333,0.5,0.75
0022000140,2021-01-09,1610612758,SAC,L,22020,1610612757,POR,0,0.4444444444444444,0.6,0.5,0.5
0022000133,2021-01-09,1610612755,PHI,L,22020,1610612743,DEN,0,0.7777777777777778,1.0,0.375,0.5
0022000138,2021-01-09,1610612750,MIN,L,22020,1610612759,SAS,0,0.25,0.3333333333333333,0.5,0.75
0022000147,2021-01-10,1610612750,MIN,W,22020,1610612759,SAS,1,0.2222222222222222,0.25,0.5555555555555556,0.8
0022000146,2021-01-10,1610612745,HOU,L,22020,1610612747,LAL,0,0.42857142857142855,0.75,0.7,1.0
0022000148,2021-01-10,1610612744,GSW,W,22020,1610612761,TOR,1,0.5555555555555556,0.6,0.25,0.2
0022000144,2021-01-10,1610612752,NYK,L,22020,1610612743,DEN,0,0.5555555555555556,0.5,0.4444444444444444,0.6666666666666666
0022000143,2021-01-10,1610612751,BKN,L,22020,1610612760,OKC,0,0.5,0.5714285714285714,0.5,0.8
0022000142,2021-01-10,1610612746,LAC,W,22020,1610612741,CHI,1,0.6,0.5,0.4,0.5
0022000141,2021-01-10,1610612765,DET,L,22020,1610612762,UTA,0,0.2222222222222222,0.4,0.5555555555555556,0.6666666666666666
0022000149,2021-01-11,1610612766,CHA,W,22020,1610612752,NYK,1,0.5,0.5,0.5,0.6
0022000152,2021-01-11,1610612764,WAS,W,22020,1610612756,PHX,1,0.2,0.0,0.7,0.6666666666666666
0022000153,2021-01-11,1610612737,ATL,W,22020,1610612755,PHI,1,0.4444444444444444,0.25,0.7,0.5
0022000151,2021-01-11,1610612753,ORL,L,22020,1610612749,MIL,0,0.6,0.6,0.6,0.25
0022000155,2021-01-11,1610612757,POR,W,22020,1610612761,TOR,1,0.5555555555555556,0.5,0.2222222222222222,0.16666666666666666
0022000156,2021-01-11,1610612758,SAC,W,22020,1610612754,IND,1,0.4,0.5,0.6666666666666666,1.0
0022000150,2021-01-11,1610612739,CLE,L,22020,1610612763,MEM,0,0.5,0.6666666666666666,0.3333333333333333,0.6666666666666666
0022000157,2021-01-12,1610612755,PHI,W,22020,1610612748,MIA,1,0.6363636363636364,0.8333333333333334,0.5,0.3333333333333333
0022000162,2021-01-12,1610612760,OKC,L,22020,1610612759,SAS,0,0.5555555555555556,0.0,0.5,0.6666666666666666
0022000161,2021-01-12,1610612745,HOU,L,22020,1610612747,LAL,0,0.375,0.6,0.7272727272727273,1.0
0022000159,2021-01-12,1610612739,CLE,L,22020,1610612762,UTA,0,0.45454545454545453,0.5,0.6,0.7142857142857143
0022000158,2021-01-12,1610612751,BKN,W,22020,1610612743,DEN,1,0.45454545454545453,0.5,0.5,0.75
0022000163,2021-01-12,1610612744,GSW,L,22020,1610612754,IND,0,0.6,0.6666666666666666,0.6,0.6666666666666666
0022000165,2021-01-13,1610612765,DET,L,22020,1610612749,MIL,0,0.2,0.3333333333333333,0.6363636363636364,0.4
0022000172,2021-01-13,1610612746,LAC,W,22020,1610612740,NOP,1,0.6363636363636364,0.6,0.4444444444444444,0.5
0022000173,2021-01-13,1610612758,SAC,L,22020,1610612757,POR,0,0.45454545454545453,0.5714285714285714,0.6,0.6
0022000170,2021-01-13,1610612760,OKC,L,22020,1610612747,LAL,0,0.5,0.0,0.75,1.0
0022000169,2021-01-13,1610612750,MIN,L,22020,1610612763,MEM,0,0.3,0.4,0.4,0.75
0022000164,2021-01-13,1610612766,CHA,L,22020,1610612742,DAL,0,0.5454545454545454,0.6,0.5555555555555556,0.5
0022000168,2021-01-13,1610612752,NYK,L,22020,1610612751,BKN,0,0.45454545454545453,0.4,0.5,0.3333333333333333
0022000177,2021-01-14,1610612743,DEN,W,22020,1610612744,GSW,1,0.45454545454545453,0.3333333333333333,0.5454545454545454,0.5
0022000174,2021-01-14,1610612755,PHI,W,22020,1610612748,MIA,1,0.6666666666666666,0.8571428571428571,0.4444444444444444,0.25
0022000176,2021-01-14,1610612759,SAS,L,22020,1610612745,HOU,0,0.5454545454545454,0.25,0.3333333333333333,0.0
0022000175,2021-01-14,1610612761,TOR,W,22020,1610612766,CHA,1,0.2,0.3333333333333333,0.5,0.5
0022000178,2021-01-14,1610612757,POR,L,22020,1610612754,IND,0,0.6363636363636364,0.6,0.6363636363636364,0.75
0022000184,2021-01-15,1610612760,OKC,W,22020,1610612741,CHI,1,0.45454545454545453,0.0,0.36363636363636365,0.42857142857142855
0022000186,2021-01-15,1610612762,UTA,W,22020,1610612737,ATL,1,0.6363636363636364,0.3333333333333333,0.5,0.6
0022000182,2021-01-15,1610612749,MIL,W,22020,1610612742,DAL,1,0.6666666666666666,0.8333333333333334,0.6,0.5714285714285714
0022000180,2021-01-15,1610612738,BOS,W,22020,1610612753,ORL,1,0.7,0.75,0.5454545454545454,0.6
0022000188,2021-01-15,1610612758,SAC,L,22020,1610612746,LAC,0,0.4166666666666667,0.5,0.6666666666666666,0.6666666666666666
0022000187,2021-01-15,1610612747,LAL,W,22020,1610612740,NOP,1,0.7692307692307693,0.5,0.4,0.4
0022000181,2021-01-15,1610612739,CLE,W,22020,1610612752,NYK,1,0.4166666666666667,0.4,0.4166666666666667,0.5
0022000190,2021-01-16,1610612751,BKN,W,22020,1610612753,ORL,1,0.5384615384615384,0.5555555555555556,0.5,0.5
0022000195,2021-01-16,1610612757,POR,W,22020,1610612737,ATL,1,0.5833333333333334,0.5,0.45454545454545453,0.5
0022000193,2021-01-16,1610612763,MEM,W,22020,1610612755,PHI,1,0.45454545454545453,0.16666666666666666,0.6923076923076923,0.4
0022000191,2021-01-16,1610612761,TOR,W,22020,1610612766,CHA,1,0.2727272727272727,0.5,0.46153846153846156,0.42857142857142855
0022000192,2021-01-16,1610612748,MIA,L,22020,1610612765,DET,0,0.4,0.6,0.18181818181818182,0.0
0022000189,2021-01-16,1610612759,SAS,W,22020,1610612745,HOU,1,0.5,0.2,0.4,0.25
0022000198,2021-01-17,1610612742,DAL,L,22020,1610612741,CHI,0,0.5454545454545454,0.6666666666666666,0.3333333333333333,0.375
0022000202,2021-01-17,1610612746,LAC,W,22020,1610612754,IND,1,0.6923076923076923,0.6666666666666666,0.6666666666666666,0.8
0022000200,2021-01-17,1610612743,DEN,L,22020,1610612762,UTA,0,0.5,0.42857142857142855,0.6666666666666666,0.75
0022000196,2021-01-17,1610612738,BOS,L,22020,1610612752,NYK,0,0.7272727272727273,0.8,0.38461538461538464,0.42857142857142855
0022000201,2021-01-17,1610612758,SAC,L,22020,1610612740,NOP,0,0.38461538461538464,0.4444444444444444,0.36363636363636365,0.3333333333333333
0022000207,2021-01-18,1610612757,POR,L,22020,1610612759,SAS,0,0.6153846153846154,0.5714285714285714,0.5384615384615384,0.7142857142857143
0022000208,2021-01-18,1610612763,MEM,W,22020,1610612756,PHX,1,0.5,0.2857142857142857,0.6363636363636364,0.5714285714285714
0022000209,2021-01-18,1610612751,BKN,W,22020,1610612749,MIL,1,0.5714285714285714,0.6,0.6923076923076923,0.5
0022000212,2021-01-18,1610612747,LAL,L,22020,1610612744,GSW,0,0.7857142857142857,0.5714285714285714,0.5,0.4
0022000210,2021-01-18,1610612761,TOR,W,22020,1610612742,DAL,1,0.3333333333333333,0.6,0.5,0.5
0022000203,2021-01-18,1610612752,NYK,W,22020,1610612753,ORL,1,0.42857142857142855,0.3333333333333333,0.46153846153846156,0.42857142857142855
0022000206,2021-01-18,1610612748,MIA,W,22020,1610612765,DET,1,0.36363636363636365,0.5,0.25,0.2
0022000205,2021-01-18,1610612737,ATL,W,22020,1610612750,MIN,1,0.4166666666666667,0.4,0.2727272727272727,0.2
0022000211,2021-01-18,1610612741,CHI,W,22020,1610612745,HOU,1,0.38461538461538464,0.25,0.36363636363636365,0.2
0022000214,2021-01-19,1610612762,UTA,W,22020,1610612740,NOP,1,0.6923076923076923,0.5,0.4166666666666667,0.42857142857142855
0022000213,2021-01-19,1610612743,DEN,W,22020,1610612760,OKC,1,0.46153846153846156,0.375,0.5,0.8333333333333334
0022000219,2021-01-20,1610612737,ATL,W,22020,1610612765,DET,1,0.46153846153846156,0.5,0.23076923076923078,0.16666666666666666
0022000216,2021-01-20,1610612739,CLE,W,22020,1610612751,BKN,1,0.46153846153846156,0.5,0.6,0.5
0022000220,2021-01-20,1610612761,TOR,L,22020,1610612748,MIA,0,0.38461538461538464,0.6666666666666666,0.4166666666666667,0.2
0022000218,2021-01-20,1610612755,PHI,W,22020,1610612738,BOS,1,0.6428571428571429,0.875,0.6666666666666666,0.6666666666666666
0022000221,2021-01-20,1610612750,MIN,L,22020,1610612753,ORL,0,0.25,0.3333333333333333,0.42857142857142855,0.375
0022000222,2021-01-20,1610612745,HOU,L,22020,1610612756,PHX,0,0.3333333333333333,0.5,0.5833333333333334,0.5
0022000217,2021-01-20,1610612754,IND,L,22020,1610612742,DAL,0,0.6153846153846154,0.5714285714285714,0.46153846153846156,0.4444444444444444
0022000223,2021-01-20,1610612744,GSW,W,22020,1610612759,SAS,1,0.5384615384615384,0.5714285714285714,0.5714285714285714,0.75
0022000224,2021-01-20,1610612746,LAC,W,22020,1610612758,SAC,1,0.7142857142857143,0.7142857142857143,0.35714285714285715,0.25
0022000226,2021-01-21,1610612749,MIL,L,22020,1610612747,LAL,0,0.6428571428571429,0.8571428571428571,0.7333333333333333,1.0
0022000228,2021-01-21,1610612744,GSW,L,22020,1610612752,NYK,0,0.5714285714285714,0.625,0.4666666666666667,0.5
0022000227,2021-01-21,1610612762,UTA,W,22020,1610612740,NOP,1,0.7142857142857143,0.6,0.38461538461538464,0.375
0022000238,2021-01-22,1610612756,PHX,L,22020,1610612743,DEN,0,0.6153846153846154,0.75,0.5,0.6
0022000234,2021-01-22,1610612761,TOR,W,22020,1610612748,MIA,1,0.35714285714285715,0.5714285714285714,0.46153846153846156,0.3333333333333333
0022000239,2021-01-22,1610612746,LAC,W,22020,1610612760,OKC,1,0.7333333333333333,0.75,0.46153846153846156,0.7142857142857143
0022000230,2021-01-22,1610612765,DET,L,22020,1610612745,HOU,0,0.21428571428571427,0.2857142857142857,0.3076923076923077,0.16666666666666666
0022000237,2021-01-22,1610612759,SAS,L,22020,1610612742,DAL,0,0.5333333333333333,0.3333333333333333,0.5,0.5
0022000232,2021-01-22,1610612739,CLE,W,22020,1610612751,BKN,1,0.5,0.5714285714285714,0.5625,0.4
0022000229,2021-01-22,1610612766,CHA,L,22020,1610612741,CHI,0,0.42857142857142855,0.5,0.42857142857142855,0.4444444444444444
0022000233,2021-01-22,1610612755,PHI,W,22020,1610612738,BOS,1,0.6666666666666666,0.8888888888888888,0.6153846153846154,0.5714285714285714
0022000236,2021-01-22,1610612750,MIN,L,22020,1610612737,ATL,0,0.23076923076923078,0.2857142857142857,0.5,0.42857142857142855
0022000241,2021-01-22,1610612758,SAC,W,22020,1610612752,NYK,1,0.3333333333333333,0.4,0.5,0.5555555555555556
0022000231,2021-01-22,1610612754,IND,W,22020,1610612753,ORL,1,0.5714285714285714,0.5,0.4666666666666667,0.4444444444444444
0022000245,2021-01-23,1610612741,CHI,L,22020,1610612747,LAL,0,0.4666666666666667,0.4,0.75,1.0
0022000244,2021-01-23,1610612751,BKN,W,22020,1610612748,MIA,1,0.5294117647058824,0.6363636363636364,0.42857142857142855,0.2857142857142857
0022000243,2021-01-23,1610612765,DET,L,22020,1610612755,PHI,0,0.2,0.25,0.6875,0.3333333333333333
0022000247,2021-01-23,1610612742,DAL,L,22020,1610612745,HOU,0,0.5333333333333333,0.5,0.35714285714285715,0.2857142857142857
0022000242,2021-01-23,1610612762,UTA,W,22020,1610612744,GSW,1,0.7333333333333333,0.6666666666666666,0.5333333333333333,0.5
0022000246,2021-01-23,1610612750,MIN,W,22020,1610612740,NOP,1,0.21428571428571427,0.25,0.35714285714285715,0.3333333333333333
0022000248,2021-01-23,1610612756,PHX,L,22020,1610612743,DEN,0,0.5714285714285714,0.6,0.5333333333333333,0.6666666666666666
0022000256,2021-01-24,1610612757,POR,W,22020,1610612752,NYK,1,0.5714285714285714,0.5,0.47058823529411764,0.5
0022000250,2021-01-24,1610612738,BOS,W,22020,1610612739,CLE,1,0.5714285714285714,0.6666666666666666,0.5333333333333333,0.42857142857142855
0022000249,2021-01-24,1610612754,IND,L,22020,1610612761,TOR,0,0.6,0.5555555555555556,0.4,0.14285714285714285
0022000252,2021-01-24,1610612753,ORL,L,22020,1610612766,CHA,0,0.4375,0.5,0.4,0.375
0022000253,2021-01-24,1610612759,SAS,W,22020,1610612764,WAS,1,0.5,0.2857142857142857,0.2727272727272727,0.4
0022000254,2021-01-24,1610612749,MIL,W,22020,1610612737,ATL,1,0.6,0.75,0.5333333333333333,0.5
0022000251,2021-01-24,1610612746,LAC,W,22020,1610612760,OKC,1,0.75,0.7777777777777778,0.42857142857142855,0.625
0022000257,2021-01-25,1610612765,DET,W,22020,1610612755,PHI,1,0.1875,0.2222222222222222,0.7058823529411765,0.42857142857142855
0022000261,2021-01-25,1610612739,CLE,L,22020,1610612747,LAL,0,0.5,0.625,0.7647058823529411,1.0
0022000258,2021-01-25,1610612754,IND,W,22020,1610612761,TOR,1,0.5625,0.5,0.4375,0.25
0022000265,2021-01-25,1610612742,DAL,L,22020,1610612743,DEN,0,0.5,0.4,0.5625,0.7142857142857143
0022000260,2021-01-25,1610612751,BKN,W,22020,1610612748,MIA,1,0.5555555555555556,0.6666666666666666,0.4,0.25
0022000262,2021-01-25,1610612741,CHI,L,22020,1610612738,BOS,0,0.4375,0.3333333333333333,0.6,0.5
0022000259,2021-01-25,1610612753,ORL,W,22020,1610612766,CHA,1,0.4117647058823529,0.42857142857142855,0.4375,0.4444444444444444
0022000266,2021-01-25,1610612744,GSW,W,22020,1610612750,MIN,1,0.5,0.5555555555555556,0.26666666666666666,0.16666666666666666
0022000267,2021-01-25,1610612757,POR,L,22020,1610612760,OKC,0,0.6,0.5555555555555556,0.4,0.5555555555555556
0022000270,2021-01-26,1610612762,UTA,W,22020,1610612752,NYK,1,0.75,0.7142857142857143,0.4444444444444444,0.45454545454545453
0022000269,2021-01-26,1610612745,HOU,W,22020,1610612764,WAS,1,0.4,0.42857142857142855,0.25,0.3333333333333333
0022000268,2021-01-26,1610612737,ATL,W,22020,1610612746,LAC,1,0.5,0.5714285714285714,0.7647058823529411,0.7142857142857143
0022000282,2021-01-27,1610612762,UTA,W,22020,1610612742,DAL,1,0.7647058823529411,0.75,0.47058823529411764,0.5454545454545454
0022000276,2021-01-27,1610612755,PHI,W,22020,1610612747,LAL,1,0.6666666666666666,0.9,0.7777777777777778,1.0
0022000275,2021-01-27,1610612748,MIA,L,22020,1610612743,DEN,0,0.375,0.5714285714285714,0.5882352941176471,0.75
0022000283,2021-01-27,1610612744,GSW,W,22020,1610612750,MIN,1,0.5294117647058824,0.6,0.25,0.14285714285714285
0022000279,2021-01-27,1610612740,NOP,W,22020,1610612764,WAS,1,0.3333333333333333,0.4,0.23076923076923078,0.2857142857142857
0022000277,2021-01-27,1610612761,TOR,L,22020,1610612749,MIL,0,0.4117647058823529,0.625,0.625,0.42857142857142855
0022000273,2021-01-27,1610612753,ORL,L,22020,1610612758,SAC,0,0.4444444444444444,0.5,0.375,0.2
0022000274,2021-01-27,1610612737,ATL,L,22020,1610612751,BKN,0,0.5294117647058824,0.625,0.5789473684210527,0.3333333333333333
0022000280,2021-01-27,1610612759,SAS,W,22020,1610612738,BOS,1,0.5294117647058824,0.375,0.625,0.5555555555555556
0022000271,2021-01-27,1610612766,CHA,L,22020,1610612754,IND,0,0.4117647058823529,0.42857142857142855,0.5882352941176471,0.6666666666666666
0022000272,2021-01-27,1610612739,CLE,W,22020,1610612765,DET,1,0.47058823529411764,0.5555555555555556,0.23529411764705882,0.14285714285714285
0022000281,2021-01-27,1610612756,PHX,L,22020,1610612760,OKC,0,0.5333333333333333,0.5,0.4375,0.6
0022000284,2021-01-28,1610612765,DET,W,22020,1610612747,LAL,1,0.2222222222222222,0.3,0.7368421052631579,0.9090909090909091
0022000286,2021-01-28,1610612756,PHX,W,22020,1610612744,GSW,1,0.5,0.42857142857142855,0.5555555555555556,0.42857142857142855
0022000287,2021-01-28,1610612745,HOU,W,22020,1610612757,POR,1,0.4375,0.5,0.5625,0.6666666666666666
0022000285,2021-01-28,1610612748,MIA,L,22020,1610612746,LAC,0,0.35294117647058826,0.5,0.7222222222222222,0.625
0022000297,2021-01-29,1610612762,UTA,W,22020,1610612742,DAL,1,0.7777777777777778,0.7777777777777778,0.4444444444444444,0.5
0022000296,2021-01-29,1610612759,SAS,W,22020,1610612743,DEN,1,0.5555555555555556,0.4444444444444444,0.6111111111111112,0.7777777777777778
0022000288,2021-01-29,1610612766,CHA,W,22020,1610612754,IND,1,0.3888888888888889,0.375,0.6111111111111112,0.7142857142857143
0022000294,2021-01-29,1610612750,MIN,L,22020,1610612755,PHI,0,0.23529411764705882,0.3333333333333333,0.6842105263157895,0.375
0022000291,2021-01-29,1610612752,NYK,W,22020,1610612739,CLE,1,0.42105263157894735,0.42857142857142855,0.5,0.375
0022000293,2021-01-29,1610612740,NOP,W,22020,1610612749,MIL,1,0.375,0.5,0.6470588235294118,0.5
0022000292,2021-01-29,1610612761,TOR,L,22020,1610612758,SAC,0,0.3888888888888889,0.5555555555555556,0.4117647058823529,0.3333333333333333
0022000290,2021-01-29,1610612764,WAS,L,22020,1610612737,ATL,0,0.21428571428571427,0.16666666666666666,0.5,0.4444444444444444
0022000289,2021-01-29,1610612753,ORL,L,22020,1610612746,LAC,0,0.42105263157894735,0.4444444444444444,0.7368421052631579,0.6666666666666666
0022000295,2021-01-29,1610612760,OKC,L,22020,1610612751,BKN,0,0.47058823529411764,0.16666666666666666,0.6,0.42857142857142855
0022000304,2021-01-30,1610612759,SAS,L,22020,1610612763,MEM,0,0.5789473684210527,0.5,0.5384615384615384,0.8
0022000300,2021-01-30,1610612740,NOP,L,22020,1610612745,HOU,0,0.4117647058823529,0.5714285714285714,0.47058823529411764,0.375
0022000305,2021-01-30,1610612744,GSW,W,22020,1610612765,DET,1,0.5263157894736842,0.6363636363636364,0.2631578947368421,0.125
0022000298,2021-01-30,1610612741,CHI,L,22020,1610612757,POR,0,0.4117647058823529,0.2857142857142857,0.5294117647058824,0.5714285714285714
0022000299,2021-01-30,1610612766,CHA,W,22020,1610612749,MIL,1,0.42105263157894735,0.4444444444444444,0.6111111111111112,0.4444444444444444
0022000302,2021-01-30,1610612738,BOS,L,22020,1610612747,LAL,0,0.5882352941176471,0.7142857142857143,0.7,0.8333333333333334
0022000303,2021-01-30,1610612742,DAL,L,22020,1610612756,PHX,0,0.42105263157894735,0.3333333333333333,0.5294117647058824,0.5555555555555556
0022000301,2021-01-30,1610612748,MIA,W,22020,1610612758,SAC,1,0.3333333333333333,0.4444444444444444,0.4444444444444444,0.42857142857142855
0022000307,2021-01-31,1610612754,IND,L,22020,1610612755,PHI,0,0.5789473684210527,0.5454545454545454,0.7,0.4444444444444444
0022000309,2021-01-31,1610612761,TOR,W,22020,1610612753,ORL,1,0.3684210526315789,0.5,0.4,0.4
0022000308,2021-01-31,1610612752,NYK,L,22020,1610612746,LAC,0,0.45,0.5,0.75,0.7
0022000310,2021-01-31,1610612764,WAS,W,22020,1610612751,BKN,1,0.2,0.14285714285714285,0.6190476190476191,0.5
0022000311,2021-01-31,1610612750,MIN,W,22020,1610612739,CLE,1,0.2222222222222222,0.3,0.47368421052631576,0.3333333333333333
0022000306,2021-01-31,1610612743,DEN,W,22020,1610612762,UTA,1,0.5789473684210527,0.4444444444444444,0.7894736842105263,0.7777777777777778
0022000317,2021-02-01,1610612740,NOP,L,22020,1610612758,SAC,0,0.3888888888888889,0.5,0.42105263157894735,0.375
0022000316,2021-02-01,1610612749,MIL,W,22020,1610612757,POR,1,0.5789473684210527,0.7777777777777778,0.5555555555555556,0.625
0022000315,2021-02-01,1610612741,CHI,W,22020,1610612752,NYK,1,0.3888888888888889,0.25,0.42857142857142855,0.4166666666666667
0022000318,2021-02-01,1610612760,OKC,L,22020,1610612745,HOU,0,0.4444444444444444,0.14285714285714285,0.5,0.4444444444444444
0022000320,2021-02-01,1610612759,SAS,L,22020,1610612763,MEM,0,0.55,0.45454545454545453,0.5714285714285714,0.8333333333333334
0022000312,2021-02-01,1610612739,CLE,W,22020,1610612750,MIN,1,0.45,0.6,0.2631578947368421,0.125
0022000319,2021-02-01,1610612742,DAL,L,22020,1610612756,PHX,0,0.4,0.2857142857142857,0.5555555555555556,0.6
0022000313,2021-02-01,1610612737,ATL,L,22020,1610612747,LAL,0,0.5263157894736842,0.5555555555555556,0.7142857142857143,0.8461538461538461
0022000314,2021-02-01,1610612748,MIA,L,22020,1610612766,CHA,0,0.3684210526315789,0.5,0.45,0.4
0022000559,2021-02-02,1610612764,WAS,L,22020,1610612757,POR,0,0.25,0.25,0.5263157894736842,0.5555555555555556
0022000322,2021-02-02,1610612754,IND,W,22020,1610612763,MEM,1,0.55,0.5,0.6,0.8571428571428571
0022000326,2021-02-02,1610612744,GSW,L,22020,1610612738,BOS,0,0.55,0.6666666666666666,0.5555555555555556,0.5
0022000323,2021-02-02,1610612753,ORL,L,22020,1610612761,TOR,0,0.38095238095238093,0.4,0.4,0.2222222222222222
0022000324,2021-02-02,1610612751,BKN,W,22020,1610612746,LAC,1,0.5909090909090909,0.6923076923076923,0.7619047619047619,0.7272727272727273
0022000325,2021-02-02,1610612762,UTA,W,22020,1610612765,DET,1,0.75,0.8,0.25,0.1111111111111111
0022000328,2021-02-03,1610612739,CLE,L,22020,1610612746,LAC,0,0.47619047619047616,0.6363636363636364,0.7272727272727273,0.6666666666666666
0022000330,2021-02-03,1610612737,ATL,L,22020,1610612742,DAL,0,0.5,0.5,0.38095238095238093,0.46153846153846156
0022000332,2021-02-03,1610612741,CHI,L,22020,1610612752,NYK,0,0.42105263157894735,0.3333333333333333,0.4090909090909091,0.38461538461538464
0022000334,2021-02-03,1610612759,SAS,W,22020,1610612750,MIN,1,0.5238095238095238,0.4166666666666667,0.25,0.1111111111111111
0022000329,2021-02-03,1610612749,MIL,W,22020,1610612754,IND,1,0.6,0.8,0.5714285714285714,0.625
0022000335,2021-02-03,1610612740,NOP,W,22020,1610612756,PHX,1,0.3684210526315789,0.4444444444444444,0.5789473684210527,0.6363636363636364
0022000333,2021-02-03,1610612760,OKC,W,22020,1610612745,HOU,1,0.42105263157894735,0.125,0.5263157894736842,0.5
0022000331,2021-02-03,1610612748,MIA,L,22020,1610612764,WAS,0,0.35,0.45454545454545453,0.23529411764705882,0.25
0022000327,2021-02-03,1610612766,CHA,L,22020,1610612755,PHI,0,0.47619047619047616,0.5,0.7142857142857143,0.5
0022000336,2021-02-03,1610612758,SAC,W,22020,1610612738,BOS,1,0.45,0.45454545454545453,0.5789473684210527,0.5454545454545454
0022000340,2021-02-04,1610612763,MEM,L,22020,1610612745,HOU,0,0.5625,0.375,0.5,0.45454545454545453
0022000341,2021-02-04,1610612747,LAL,W,22020,1610612743,DEN,1,0.7272727272727273,0.5,0.6,0.7
0022000337,2021-02-04,1610612755,PHI,L,22020,1610612757,POR,0,0.7272727272727273,0.9090909090909091,0.55,0.6
0022000339,2021-02-04,1610612742,DAL,L,22020,1610612744,GSW,0,0.4090909090909091,0.25,0.5238095238095238,0.375
0022000338,2021-02-04,1610612737,ATL,L,22020,1610612762,UTA,0,0.47619047619047616,0.45454545454545453,0.7619047619047619,0.7
0022000344,2021-02-05,1610612753,ORL,W,22020,1610612741,CHI,1,0.36363636363636365,0.36363636363636365,0.4,0.5
0022000346,2021-02-05,1610612739,CLE,L,22020,1610612749,MIL,0,0.45454545454545453,0.5833333333333334,0.6190476190476191,0.4
0022000347,2021-02-05,1610612748,MIA,W,22020,1610612764,WAS,1,0.3333333333333333,0.4166666666666667,0.2777777777777778,0.3333333333333333
0022000343,2021-02-05,1610612754,IND,L,22020,1610612740,NOP,0,0.5454545454545454,0.5384615384615384,0.4,0.3
0022000350,2021-02-05,1610612746,LAC,L,22020,1610612738,BOS,0,0.7391304347826086,0.8,0.55,0.5
0022000342,2021-02-05,1610612766,CHA,L,22020,1610612762,UTA,0,0.45454545454545453,0.45454545454545453,0.7727272727272727,0.7272727272727273
0022000345,2021-02-05,1610612751,BKN,L,22020,1610612761,TOR,0,0.6086956521739131,0.7142857142857143,0.42857142857142855,0.3
0022000348,2021-02-05,1610612760,OKC,L,22020,1610612750,MIN,0,0.45,0.2222222222222222,0.23809523809523808,0.1
0022000349,2021-02-05,1610612756,PHX,W,22020,1610612765,DET,1,0.55,0.5,0.23809523809523808,0.1
0022000359,2021-02-06,1610612760,OKC,W,22020,1610612750,MIN,1,0.42857142857142855,0.2,0.2727272727272727,0.18181818181818182
0022000353,2021-02-06,1610612753,ORL,L,22020,1610612741,CHI,0,0.391304347826087,0.4166666666666667,0.38095238095238093,0.45454545454545453
0022000358,2021-02-06,1610612745,HOU,L,22020,1610612759,SAS,0,0.5238095238095238,0.5555555555555556,0.5454545454545454,0.6666666666666666
0022000356,2021-02-06,1610612737,ATL,W,22020,1610612761,TOR,1,0.45454545454545453,0.4166666666666667,0.45454545454545453,0.36363636363636365
0022000361,2021-02-06,1610612747,LAL,W,22020,1610612765,DET,1,0.7391304347826086,0.5555555555555556,0.22727272727272727,0.09090909090909091
0022000355,2021-02-06,1610612740,NOP,W,22020,1610612763,MEM,1,0.42857142857142855,0.5,0.5294117647058824,0.75
0022000352,2021-02-06,1610612758,SAC,W,22020,1610612743,DEN,1,0.47619047619047616,0.5,0.5714285714285714,0.6363636363636364
0022000360,2021-02-06,1610612742,DAL,W,22020,1610612744,GSW,1,0.391304347826087,0.2222222222222222,0.5454545454545454,0.4444444444444444
0022000354,2021-02-06,1610612755,PHI,W,22020,1610612751,BKN,1,0.6956521739130435,0.8333333333333334,0.5833333333333334,0.4444444444444444
0022000351,2021-02-06,1610612752,NYK,W,22020,1610612757,POR,1,0.43478260869565216,0.4444444444444444,0.5714285714285714,0.6363636363636364
0022000357,2021-02-06,1610612739,CLE,L,22020,1610612749,MIL,0,0.43478260869565216,0.5384615384615384,0.6363636363636364,0.45454545454545453
0022000363,2021-02-07,1610612754,IND,L,22020,1610612762,UTA,0,0.5217391304347826,0.5,0.782608695652174,0.75
0022000365,2021-02-07,1610612756,PHX,W,22020,1610612738,BOS,1,0.5714285714285714,0.5555555555555556,0.5714285714285714,0.5384615384615384
0022000364,2021-02-07,1610612752,NYK,L,22020,1610612748,MIA,0,0.4583333333333333,0.5,0.36363636363636365,0.2222222222222222
0022000215,2021-02-07,1610612766,CHA,W,22020,1610612764,WAS,1,0.43478260869565216,0.4166666666666667,0.2631578947368421,0.3
0022000366,2021-02-07,1610612746,LAC,L,22020,1610612758,SAC,0,0.7083333333333334,0.7272727272727273,0.5,0.4444444444444444
0022000374,2021-02-08,1610612747,LAL,W,22020,1610612760,OKC,1,0.75,0.6,0.45454545454545453,0.6363636363636364
0022000369,2021-02-08,1610612763,MEM,L,22020,1610612761,TOR,0,0.5,0.3333333333333333,0.43478260869565216,0.3333333333333333
0022000373,2021-02-08,1610612743,DEN,L,22020,1610612749,MIL,0,0.5454545454545454,0.5,0.6521739130434783,0.5
0022000367,2021-02-08,1610612766,CHA,W,22020,1610612745,HOU,1,0.4583333333333333,0.46153846153846156,0.5,0.5
0022000370,2021-02-08,1610612742,DAL,W,22020,1610612750,MIN,1,0.4166666666666667,0.3,0.2608695652173913,0.16666666666666666
0022000368,2021-02-08,1610612741,CHI,L,22020,1610612764,WAS,0,0.4090909090909091,0.3,0.25,0.2727272727272727
0022000372,2021-02-08,1610612756,PHX,W,22020,1610612739,CLE,1,0.5909090909090909,0.6,0.4166666666666667,0.3
0022000371,2021-02-08,1610612759,SAS,W,22020,1610612744,GSW,1,0.5652173913043478,0.46153846153846156,0.5217391304347826,0.4
0022000376,2021-02-09,1610612748,MIA,W,22020,1610612752,NYK,1,0.391304347826087,0.46153846153846156,0.44,0.42857142857142855
0022000378,2021-02-09,1610612759,SAS,L,22020,1610612744,GSW,0,0.5833333333333334,0.5,0.5,0.36363636363636365
0022000380,2021-02-09,1610612757,POR,W,22020,1610612753,ORL,1,0.5454545454545454,0.5,0.375,0.36363636363636365
0022000381,2021-02-09,1610612758,SAC,L,22020,1610612755,PHI,0,0.5217391304347826,0.5384615384615384,0.7083333333333334,0.5454545454545454
0022000375,2021-02-09,1610612765,DET,W,22020,1610612751,BKN,1,0.21739130434782608,0.36363636363636365,0.56,0.4
0022000377,2021-02-09,1610612740,NOP,W,22020,1610612745,HOU,1,0.45454545454545453,0.5454545454545454,0.4782608695652174,0.46153846153846156
0022000379,2021-02-09,1610612762,UTA,W,22020,1610612738,BOS,1,0.7916666666666666,0.8181818181818182,0.5454545454545454,0.5
0022000389,2021-02-10,1610612756,PHX,W,22020,1610612749,MIL,1,0.6086956521739131,0.6363636363636364,0.6666666666666666,0.5384615384615384
0022000383,2021-02-10,1610612751,BKN,W,22020,1610612754,IND,1,0.5384615384615384,0.6666666666666666,0.5,0.5555555555555556
0022000382,2021-02-10,1610612764,WAS,L,22020,1610612761,TOR,0,0.2857142857142857,0.2222222222222222,0.4583333333333333,0.38461538461538464
0022000384,2021-02-10,1610612742,DAL,W,22020,1610612737,ATL,1,0.44,0.36363636363636365,0.4782608695652174,0.5
0022000386,2021-02-10,1610612763,MEM,W,22020,1610612766,CHA,1,0.47368421052631576,0.3,0.48,0.45454545454545453
0022000385,2021-02-10,1610612741,CHI,W,22020,1610612740,NOP,1,0.391304347826087,0.2727272727272727,0.4782608695652174,0.36363636363636365
0022000387,2021-02-10,1610612750,MIN,L,22020,1610612746,LAC,0,0.25,0.36363636363636365,0.68,0.6923076923076923
0022000390,2021-02-10,1610612747,LAL,W,22020,1610612760,OKC,1,0.76,0.6363636363636364,0.43478260869565216,0.5833333333333334
0022000388,2021-02-10,1610612743,DEN,W,22020,1610612739,CLE,1,0.5217391304347826,0.45454545454545453,0.4,0.2727272727272727
0022000391,2021-02-11,1610612765,DET,L,22020,1610612754,IND,0,0.25,0.4166666666666667,0.48,0.5
0022000398,2021-02-11,1610612738,BOS,W,22020,1610612761,TOR,1,0.5217391304347826,0.625,0.48,0.42857142857142855
0022000393,2021-02-11,1610612744,GSW,W,22020,1610612753,ORL,1,0.52,0.6153846153846154,0.36,0.3333333333333333
0022000394,2021-02-11,1610612757,POR,W,22020,1610612755,PHI,1,0.5652173913043478,0.5454545454545454,0.72,0.5833333333333334
0022000392,2021-02-11,1610612745,HOU,L,22020,1610612748,MIA,0,0.4583333333333333,0.5,0.4166666666666667,0.3
0022000397,2021-02-12,1610612737,ATL,L,22020,1610612759,SAS,0,0.4583333333333333,0.46153846153846156,0.56,0.7
0022000404,2021-02-12,1610612757,POR,W,22020,1610612739,CLE,1,0.5833333333333334,0.5833333333333334,0.38461538461538464,0.25
0022000401,2021-02-12,1610612743,DEN,W,22020,1610612760,OKC,1,0.5416666666666666,0.5,0.4166666666666667,0.5384615384615384
0022000403,2021-02-12,1610612747,LAL,W,22020,1610612763,MEM,1,0.7692307692307693,0.6666666666666666,0.5,0.6666666666666666
0022000396,2021-02-12,1610612764,WAS,L,22020,1610612752,NYK,0,0.2727272727272727,0.2,0.4230769230769231,0.4
0022000399,2021-02-12,1610612742,DAL,W,22020,1610612740,NOP,1,0.46153846153846156,0.4166666666666667,0.4583333333333333,0.3333333333333333
0022000402,2021-02-12,1610612762,UTA,W,22020,1610612749,MIL,1,0.8,0.8333333333333334,0.64,0.5
0022000412,2021-02-12,1610612738,BOS,L,22020,1610612765,DET,0,0.5416666666666666,0.6666666666666666,0.24,0.08333333333333333
0022000395,2021-02-12,1610612766,CHA,W,22020,1610612750,MIN,1,0.46153846153846156,0.5,0.24,0.15384615384615385
0022000400,2021-02-12,1610612741,CHI,L,22020,1610612746,LAC,0,0.4166666666666667,0.3333333333333333,0.6923076923076923,0.7142857142857143
0022000405,2021-02-12,1610612758,SAC,L,22020,1610612753,ORL,0,0.5,0.5,0.34615384615384615,0.3076923076923077
0022000407,2021-02-13,1610612737,ATL,L,22020,1610612754,IND,0,0.44,0.42857142857142855,0.5,0.5454545454545454
0022000408,2021-02-13,1610612752,NYK,W,22020,1610612745,HOU,1,0.4444444444444444,0.45454545454545453,0.44,0.42857142857142855
0022000409,2021-02-13,1610612744,GSW,L,22020,1610612751,BKN,0,0.5384615384615384,0.6428571428571429,0.5555555555555556,0.36363636363636365
0022000406,2021-02-13,1610612756,PHX,W,22020,1610612755,PHI,1,0.625,0.6666666666666666,0.6923076923076923,0.5384615384615384
0022000410,2021-02-13,1610612762,UTA,W,22020,1610612748,MIA,1,0.8076923076923077,0.8461538461538461,0.44,0.36363636363636365
0022000415,2021-02-14,1610612760,OKC,W,22020,1610612749,MIL,1,0.4,0.2727272727272727,0.6153846153846154,0.4666666666666667
0022000560,2021-02-14,1610612764,WAS,W,22020,1610612738,BOS,1,0.2608695652173913,0.18181818181818182,0.52,0.4666666666666667
0022000416,2021-02-14,1610612743,DEN,W,22020,1610612747,LAL,1,0.56,0.5384615384615384,0.7777777777777778,0.8571428571428571
0022000411,2021-02-14,1610612742,DAL,L,22020,1610612757,POR,0,0.48148148148148145,0.46153846153846156,0.6,0.5833333333333334
0022000414,2021-02-14,1610612766,CHA,L,22020,1610612759,SAS,0,0.48148148148148145,0.5333333333333333,0.5769230769230769,0.7272727272727273
0022000561,2021-02-14,1610612765,DET,W,22020,1610612740,NOP,1,0.2692307692307692,0.38461538461538464,0.44,0.3076923076923077
0022000413,2021-02-14,1610612761,TOR,L,22020,1610612750,MIN,0,0.46153846153846156,0.5454545454545454,0.23076923076923078,0.14285714285714285
0022000418,2021-02-14,1610612758,SAC,L,22020,1610612763,MEM,0,0.48,0.4666666666666667,0.47619047619047616,0.6
0022000419,2021-02-14,1610612746,LAC,W,22020,1610612739,CLE,1,0.7037037037037037,0.6666666666666666,0.37037037037037035,0.23076923076923078
0022000417,2021-02-14,1610612756,PHX,W,22020,1610612753,ORL,1,0.64,0.6923076923076923,0.37037037037037035,0.35714285714285715
0022000423,2021-02-15,1610612762,UTA,W,22020,1610612755,PHI,1,0.8148148148148148,0.8571428571428571,0.6666666666666666,0.5
0022000420,2021-02-15,1610612754,IND,L,22020,1610612741,CHI,0,0.5185185185185185,0.4666666666666667,0.4,0.5
0022000425,2021-02-15,1610612746,LAC,W,22020,1610612748,MIA,1,0.7142857142857143,0.6923076923076923,0.4230769230769231,0.3333333333333333
0022000426,2021-02-15,1610612758,SAC,L,22020,1610612751,BKN,0,0.46153846153846156,0.4375,0.5714285714285714,0.4166666666666667
0022000421,2021-02-15,1610612764,WAS,W,22020,1610612745,HOU,1,0.2916666666666667,0.25,0.4230769230769231,0.4
0022000422,2021-02-15,1610612752,NYK,W,22020,1610612737,ATL,1,0.4642857142857143,0.5,0.4230769230769231,0.45454545454545453
0022000424,2021-02-15,1610612744,GSW,W,22020,1610612739,CLE,1,0.5185185185185185,0.6,0.35714285714285715,0.21428571428571427
0022000427,2021-02-16,1610612738,BOS,W,22020,1610612743,DEN,1,0.5,0.6,0.5769230769230769,0.5833333333333334
0022000431,2021-02-16,1610612750,MIN,L,22020,1610612747,LAL,0,0.25925925925925924,0.3333333333333333,0.75,0.8
0022000432,2021-02-16,1610612760,OKC,L,22020,1610612757,POR,0,0.4230769230769231,0.3333333333333333,0.6153846153846154,0.6153846153846154
0022000430,2021-02-16,1610612749,MIL,L,22020,1610612761,TOR,0,0.5925925925925926,0.8181818181818182,0.4444444444444444,0.4
0022000433,2021-02-16,1610612756,PHX,L,22020,1610612751,BKN,0,0.6538461538461539,0.7142857142857143,0.5862068965517241,0.46153846153846156
0022000429,2021-02-16,1610612763,MEM,L,22020,1610612740,NOP,0,0.5,0.36363636363636365,0.4230769230769231,0.2857142857142857
0022000441,2021-02-17,1610612740,NOP,L,22020,1610612757,POR,0,0.4444444444444444,0.5833333333333334,0.6296296296296297,0.6428571428571429
0022000440,2021-02-17,1610612750,MIN,L,22020,1610612754,IND,0,0.25,0.3076923076923077,0.5,0.5833333333333334
0022000444,2021-02-17,1610612746,LAC,L,22020,1610612762,UTA,0,0.7241379310344828,0.7142857142857143,0.8214285714285714,0.7692307692307693
0022000443,2021-02-17,1610612744,GSW,W,22020,1610612748,MIA,1,0.5357142857142857,0.625,0.4074074074074074,0.3076923076923077
0022000439,2021-02-17,1610612755,PHI,W,22020,1610612745,HOU,1,0.6428571428571429,0.8461538461538461,0.4074074074074074,0.375
0022000437,2021-02-17,1610612764,WAS,W,22020,1610612743,DEN,1,0.32,0.3076923076923077,0.5555555555555556,0.5384615384615384
0022000438,2021-02-17,1610612738,BOS,L,22020,1610612737,ATL,0,0.5185185185185185,0.6363636363636364,0.4074074074074074,0.4166666666666667
0022000562,2021-02-17,1610612763,MEM,W,22020,1610612760,OKC,1,0.4782608695652174,0.3333333333333333,0.4074074074074074,0.5
0022000436,2021-02-17,1610612753,ORL,W,22020,1610612752,NYK,1,0.35714285714285715,0.38461538461538464,0.4827586206896552,0.4375
0022000564,2021-02-17,1610612741,CHI,W,22020,1610612765,DET,1,0.4230769230769231,0.3076923076923077,0.2962962962962963,0.15384615384615385
0022000445,2021-02-18,1610612749,MIL,L,22020,1610612761,TOR,0,0.5714285714285714,0.75,0.4642857142857143,0.4375
0022000447,2021-02-18,1610612758,SAC,L,22020,1610612748,MIA,0,0.4444444444444444,0.4117647058823529,0.39285714285714285,0.2857142857142857
0022000446,2021-02-18,1610612747,LAL,L,22020,1610612751,BKN,0,0.7586206896551724,0.6923076923076923,0.6,0.5
0022000451,2021-02-19,1610612738,BOS,W,22020,1610612737,ATL,1,0.5,0.5833333333333334,0.42857142857142855,0.46153846153846156
0022000449,2021-02-19,1610612753,ORL,W,22020,1610612744,GSW,1,0.3793103448275862,0.42857142857142855,0.5517241379310345,0.4166666666666667
0022000457,2021-02-19,1610612746,LAC,W,22020,1610612762,UTA,1,0.7,0.6666666666666666,0.8275862068965517,0.7857142857142857
0022000453,2021-02-19,1610612749,MIL,W,22020,1610612760,OKC,1,0.5517241379310345,0.6923076923076923,0.39285714285714285,0.4666666666666667
0022000563,2021-02-19,1610612739,CLE,L,22020,1610612743,DEN,0,0.3448275862068966,0.5,0.5357142857142857,0.5
0022000454,2021-02-19,1610612750,MIN,L,22020,1610612761,TOR,0,0.2413793103448276,0.2857142857142857,0.4827586206896552,0.47058823529411764
0022000455,2021-02-19,1610612740,NOP,L,22020,1610612756,PHX,0,0.42857142857142855,0.5384615384615384,0.6296296296296297,0.5833333333333334
0022000450,2021-02-19,1610612755,PHI,W,22020,1610612741,CHI,1,0.6551724137931034,0.8571428571428571,0.4444444444444444,0.5384615384615384
0022000452,2021-02-19,1610612763,MEM,W,22020,1610612765,DET,1,0.5,0.38461538461538464,0.2857142857142857,0.14285714285714285
0022000464,2021-02-20,1610612757,POR,L,22020,1610612764,WAS,0,0.6428571428571429,0.6153846153846154,0.34615384615384615,0.3333333333333333
0022000459,2021-02-20,1610612766,CHA,W,22020,1610612744,GSW,1,0.4642857142857143,0.5,0.5333333333333333,0.38461538461538464
0022000460,2021-02-20,1610612741,CHI,W,22020,1610612758,SAC,1,0.42857142857142855,0.35714285714285715,0.42857142857142855,0.5
0022000463,2021-02-20,1610612747,LAL,L,22020,1610612748,MIA,0,0.7333333333333333,0.6428571428571429,0.41379310344827586,0.3333333333333333
0022000462,2021-02-20,1610612763,MEM,L,22020,1610612756,PHX,0,0.52,0.42857142857142855,0.6428571428571429,0.6153846153846154
0022000469,2021-02-21,1610612752,NYK,W,22020,1610612750,MIN,1,0.4666666666666667,0.5384615384615384,0.23333333333333334,0.2
0022000466,2021-02-21,1610612739,CLE,L,22020,1610612760,OKC,0,0.3333333333333333,0.4666666666666667,0.3793103448275862,0.4375
0022000472,2021-02-21,1610612746,LAC,L,22020,1610612751,BKN,0,0.7096774193548387,0.6875,0.6129032258064516,0.5333333333333333
0022000467,2021-02-21,1610612753,ORL,W,22020,1610612765,DET,1,0.4,0.4666666666666667,0.27586206896551724,0.13333333333333333
0022000470,2021-02-21,1610612737,ATL,W,22020,1610612743,DEN,1,0.41379310344827586,0.4,0.5517241379310345,0.5333333333333333
0022000465,2021-02-21,1610612740,NOP,W,22020,1610612738,BOS,1,0.41379310344827586,0.5,0.5172413793103449,0.4375
0022000471,2021-02-21,1610612749,MIL,W,22020,1610612758,SAC,1,0.5666666666666667,0.7142857142857143,0.41379310344827586,0.45454545454545453
0022000468,2021-02-21,1610612761,TOR,W,22020,1610612755,PHI,1,0.5,0.5,0.6666666666666666,0.4666666666666667
0022000475,2021-02-22,1610612760,OKC,L,22020,1610612748,MIA,0,0.4,0.3076923076923077,0.43333333333333335,0.375
0022000479,2021-02-22,1610612747,LAL,L,22020,1610612764,WAS,0,0.7096774193548387,0.6,0.37037037037037035,0.38461538461538464
0022000477,2021-02-22,1610612756,PHX,W,22020,1610612757,POR,1,0.6551724137931034,0.6666666666666666,0.6206896551724138,0.6666666666666666
0022000474,2021-02-22,1610612745,HOU,L,22020,1610612741,CHI,0,0.39285714285714285,0.45454545454545453,0.4482758620689655,0.5
0022000478,2021-02-22,1610612762,UTA,W,22020,1610612766,CHA,1,0.8,0.8666666666666667,0.4827586206896552,0.4166666666666667
0022000476,2021-02-22,1610612742,DAL,W,22020,1610612763,MEM,1,0.4642857142857143,0.42857142857142855,0.5,0.6363636363636364
0022000480,2021-02-23,1610612739,CLE,W,22020,1610612737,ATL,1,0.3225806451612903,0.4375,0.43333333333333335,0.42857142857142855
0022000487,2021-02-23,1610612743,DEN,W,22020,1610612757,POR,1,0.5333333333333333,0.5714285714285714,0.6,0.625
0022000486,2021-02-23,1610612749,MIL,W,22020,1610612750,MIN,1,0.5806451612903226,0.7333333333333333,0.22580645161290322,0.1875
0022000481,2021-02-23,1610612753,ORL,L,22020,1610612765,DET,0,0.41935483870967744,0.5,0.26666666666666666,0.125
0022000483,2021-02-23,1610612752,NYK,L,22020,1610612744,GSW,0,0.4838709677419355,0.5714285714285714,0.5161290322580645,0.35714285714285715
0022000484,2021-02-23,1610612761,TOR,L,22020,1610612755,PHI,0,0.5161290322580645,0.5384615384615384,0.6451612903225806,0.4375
0022000485,2021-02-23,1610612742,DAL,W,22020,1610612738,BOS,1,0.4827586206896552,0.4666666666666667,0.5,0.4117647058823529
0022000482,2021-02-23,1610612751,BKN,W,22020,1610612758,SAC,1,0.625,0.6875,0.4,0.4166666666666667
0022000488,2021-02-23,1610612746,LAC,W,22020,1610612764,WAS,1,0.6875,0.6470588235294118,0.39285714285714285,0.42857142857142855
0022000489,2021-02-24,1610612754,IND,L,22020,1610612744,GSW,0,0.5172413793103449,0.4375,0.53125,0.4
0022000492,2021-02-24,1610612748,MIA,W,22020,1610612761,TOR,1,0.45161290322580644,0.5,0.5,0.5
0022000494,2021-02-24,1610612740,NOP,W,22020,1610612765,DET,1,0.43333333333333335,0.5333333333333333,0.2903225806451613,0.17647058823529413
0022000491,2021-02-24,1610612739,CLE,W,22020,1610612745,HOU,1,0.34375,0.47058823529411764,0.3793103448275862,0.35294117647058826
0022000495,2021-02-24,1610612760,OKC,W,22020,1610612759,SAS,1,0.3870967741935484,0.2857142857142857,0.5925925925925926,0.75
0022000497,2021-02-24,1610612762,UTA,W,22020,1610612747,LAL,1,0.8064516129032258,0.875,0.6875,0.8125
0022000493,2021-02-24,1610612741,CHI,W,22020,1610612750,MIN,1,0.4666666666666667,0.4,0.21875,0.17647058823529413
0022000496,2021-02-24,1610612756,PHX,L,22020,1610612766,CHA,0,0.6666666666666666,0.6875,0.4666666666666667,0.38461538461538464
0022000490,2021-02-24,1610612737,ATL,W,22020,1610612738,BOS,1,0.41935483870967744,0.4375,0.4838709677419355,0.3888888888888889
0022000503,2021-02-25,1610612749,MIL,W,22020,1610612740,NOP,1,0.59375,0.75,0.45161290322580644,0.3333333333333333
0022000500,2021-02-25,1610612752,NYK,W,22020,1610612758,SAC,1,0.46875,0.5333333333333333,0.3870967741935484,0.38461538461538464
0022000499,2021-02-25,1610612751,BKN,W,22020,1610612753,ORL,1,0.6363636363636364,0.7058823529411765,0.40625,0.3333333333333333
0022000501,2021-02-25,1610612763,MEM,W,22020,1610612746,LAC,1,0.48148148148148145,0.4,0.696969696969697,0.7333333333333333
0022000498,2021-02-25,1610612755,PHI,W,22020,1610612742,DAL,1,0.65625,0.8666666666666667,0.5,0.5
0022000502,2021-02-25,1610612743,DEN,L,22020,1610612764,WAS,0,0.5483870967741935,0.6,0.3793103448275862,0.4
0022000506,2021-02-26,1610612761,TOR,W,22020,1610612745,HOU,1,0.48484848484848486,0.5,0.36666666666666664,0.3333333333333333
0022000507,2021-02-26,1610612748,MIA,W,22020,1610612762,UTA,1,0.46875,0.5333333333333333,0.8125,0.7333333333333333
0022000512,2021-02-26,1610612747,LAL,W,22020,1610612757,POR,1,0.6666666666666666,0.5625,0.5806451612903226,0.5882352941176471
0022000510,2021-02-26,1610612760,OKC,W,22020,1610612737,ATL,1,0.40625,0.3333333333333333,0.4375,0.4
0022000508,2021-02-26,1610612741,CHI,L,22020,1610612756,PHX,0,0.4838709677419355,0.4375,0.6451612903225806,0.6428571428571429
0022000511,2021-02-26,1610612744,GSW,W,22020,1610612766,CHA,1,0.5454545454545454,0.6470588235294118,0.4838709677419355,0.42857142857142855
0022000504,2021-02-26,1610612765,DET,L,22020,1610612758,SAC,0,0.28125,0.42857142857142855,0.375,0.35714285714285715
0022000505,2021-02-26,1610612738,BOS,W,22020,1610612754,IND,1,0.46875,0.6153846153846154,0.5,0.6153846153846154
0022000509,2021-02-26,1610612763,MEM,L,22020,1610612746,LAC,0,0.5,0.4375,0.6764705882352942,0.6875
0022000514,2021-02-27,1610612759,SAS,W,22020,1610612740,NOP,1,0.5714285714285714,0.4666666666666667,0.4375,0.3125
0022000516,2021-02-27,1610612753,ORL,L,22020,1610612762,UTA,0,0.3939393939393939,0.47058823529411764,0.7878787878787878,0.6875
0022000513,2021-02-27,1610612755,PHI,L,22020,1610612739,CLE,0,0.6666666666666666,0.875,0.36363636363636365,0.2
0022000517,2021-02-27,1610612764,WAS,W,22020,1610612750,MIN,1,0.4,0.35714285714285715,0.21212121212121213,0.16666666666666666
0022000515,2021-02-27,1610612752,NYK,W,22020,1610612754,IND,1,0.48484848484848486,0.5625,0.4838709677419355,0.5714285714285714
0022000518,2021-02-27,1610612760,OKC,L,22020,1610612743,DEN,0,0.42424242424242425,0.375,0.53125,0.5
0022000519,2021-02-27,1610612751,BKN,L,22020,1610612742,DAL,0,0.6470588235294118,0.7222222222222222,0.4838709677419355,0.4666666666666667
0022000528,2021-02-28,1610612758,SAC,L,22020,1610612766,CHA,0,0.3939393939393939,0.3888888888888889,0.46875,0.4
0022000522,2021-02-28,1610612748,MIA,W,22020,1610612737,ATL,1,0.48484848484848486,0.5625,0.42424242424242425,0.375
0022000526,2021-02-28,1610612750,MIN,L,22020,1610612756,PHX,0,0.20588235294117646,0.26666666666666666,0.65625,0.6666666666666666
0022000521,2021-02-28,1610612765,DET,L,22020,1610612752,NYK,0,0.2727272727272727,0.4,0.5,0.4117647058823529
0022000524,2021-02-28,1610612738,BOS,W,22020,1610612764,WAS,1,0.48484848484848486,0.6428571428571429,0.41935483870967744,0.4375
0022000525,2021-02-28,1610612745,HOU,L,22020,1610612763,MEM,0,0.3548387096774194,0.4166666666666667,0.4827586206896552,0.5833333333333334
0022000520,2021-02-28,1610612749,MIL,W,22020,1610612746,LAC,1,0.6060606060606061,0.7647058823529411,0.6857142857142857,0.7058823529411765
0022000527,2021-02-28,1610612747,LAL,W,22020,1610612744,GSW,1,0.6764705882352942,0.5882352941176471,0.5588235294117647,0.4375
0022000533,2021-03-01,1610612740,NOP,W,22020,1610612762,UTA,1,0.42424242424242425,0.5625,0.7941176470588235,0.7058823529411765
0022000531,2021-03-01,1610612741,CHI,L,22020,1610612743,DEN,0,0.46875,0.4117647058823529,0.5454545454545454,0.5294117647058824
0022000535,2021-03-01,1610612757,POR,W,22020,1610612766,CHA,1,0.5625,0.5714285714285714,0.48484848484848486,0.4375
0022000530,2021-03-01,1610612755,PHI,W,22020,1610612754,IND,1,0.6470588235294118,0.8235294117647058,0.46875,0.5333333333333333
0022000532,2021-03-01,1610612745,HOU,L,22020,1610612739,CLE,0,0.34375,0.38461538461538464,0.38235294117647056,0.25
0022000534,2021-03-01,1610612759,SAS,L,22020,1610612751,BKN,0,0.5862068965517241,0.5,0.6285714285714286,0.5625
0022000529,2021-03-01,1610612753,ORL,L,22020,1610612742,DAL,0,0.38235294117647056,0.4444444444444444,0.5,0.5
0022000537,2021-03-02,1610612738,BOS,W,22020,1610612746,LAC,1,0.5,0.6666666666666666,0.6666666666666666,0.6666666666666666
0022000542,2021-03-02,1610612747,LAL,L,22020,1610612756,PHX,0,0.6857142857142857,0.6111111111111112,0.6666666666666666,0.6875
0022000536,2021-03-02,1610612764,WAS,L,22020,1610612763,MEM,0,0.40625,0.4,0.5,0.6153846153846154
0022000540,2021-03-02,1610612749,MIL,L,22020,1610612743,DEN,0,0.6176470588235294,0.7777777777777778,0.5588235294117647,0.5555555555555556
0022000538,2021-03-02,1610612748,MIA,L,22020,1610612737,ATL,0,0.5,0.5882352941176471,0.4117647058823529,0.35294117647058826
0022000541,2021-03-02,1610612759,SAS,W,22020,1610612752,NYK,1,0.5666666666666667,0.47058823529411764,0.5142857142857142,0.4444444444444444
0022000548,2021-03-03,1610612740,NOP,L,22020,1610612741,CHI,0,0.4411764705882353,0.5882352941176471,0.45454545454545453,0.5333333333333333
0022000545,2021-03-03,1610612755,PHI,W,22020,1610612762,UTA,1,0.6571428571428571,0.8333333333333334,0.7714285714285715,0.6666666666666666
0022000549,2021-03-03,1610612742,DAL,W,22020,1610612760,OKC,1,0.5151515151515151,0.5,0.4117647058823529,0.47058823529411764
0022000543,2021-03-03,1610612739,CLE,L,22020,1610612754,IND,0,0.4,0.5,0.45454545454545453,0.5
0022000539,2021-03-03,1610612761,TOR,L,22020,1610612765,DET,0,0.5,0.5333333333333333,0.2647058823529412,0.16666666666666666
0022000547,2021-03-03,1610612750,MIN,L,22020,1610612766,CHA,0,0.2,0.25,0.47058823529411764,0.4117647058823529
0022000550,2021-03-03,1610612757,POR,W,22020,1610612744,GSW,1,0.5757575757575758,0.6,0.5428571428571428,0.4117647058823529
0022000544,2021-03-03,1610612753,ORL,L,22020,1610612737,ATL,0,0.37142857142857144,0.42105263157894735,0.42857142857142855,0.3888888888888889
0022000551,2021-03-03,1610612758,SAC,W,22020,1610612747,LAL,1,0.38235294117647056,0.3684210526315789,0.6666666666666666,0.7647058823529411
0022000546,2021-03-03,1610612745,HOU,L,22020,1610612751,BKN,0,0.3333333333333333,0.35714285714285715,0.6388888888888888,0.5882352941176471
0022000185,2021-03-04,1610612756,PHX,W,22020,1610612744,GSW,1,0.6764705882352942,0.6470588235294118,0.5277777777777778,0.3888888888888889
0022000557,2021-03-04,1610612740,NOP,L,22020,1610612748,MIA,0,0.42857142857142855,0.5555555555555556,0.4857142857142857,0.4117647058823529
0022000554,2021-03-04,1610612764,WAS,W,22020,1610612746,LAC,1,0.3939393939393939,0.375,0.6486486486486487,0.631578947368421
0022000555,2021-03-04,1610612763,MEM,L,22020,1610612749,MIL,0,0.5161290322580645,0.4117647058823529,0.6,0.4375
0022000558,2021-03-04,1610612757,POR,W,22020,1610612758,SAC,1,0.5882352941176471,0.625,0.4,0.4
0022000556,2021-03-04,1610612759,SAS,L,22020,1610612760,OKC,0,0.5806451612903226,0.5,0.4,0.4444444444444444
0022000553,2021-03-04,1610612754,IND,L,22020,1610612743,DEN,0,0.47058823529411764,0.4117647058823529,0.5714285714285714,0.5789473684210527
0022000552,2021-03-04,1610612738,BOS,W,22020,1610612761,TOR,1,0.5142857142857142,0.6875,0.4857142857142857,0.47368421052631576
0022000565,2021-03-04,1610612752,NYK,W,22020,1610612765,DET,1,0.5,0.5882352941176471,0.2857142857142857,0.21052631578947367
0022000567,2021-03-10,1610612742,DAL,W,22020,1610612759,SAS,1,0.5294117647058824,0.5294117647058824,0.5625,0.6923076923076923
0022000566,2021-03-10,1610612763,MEM,W,22020,1610612764,WAS,1,0.5,0.3888888888888889,0.4117647058823529,0.4117647058823529
0022000577,2021-03-11,1610612757,POR,L,22020,1610612756,PHX,0,0.6,0.6470588235294118,0.6857142857142857,0.7058823529411765
0022000569,2021-03-11,1610612751,BKN,W,22020,1610612738,BOS,1,0.6486486486486487,0.6842105263157895,0.5277777777777778,0.3684210526315789
0022000578,2021-03-11,1610612758,SAC,W,22020,1610612745,HOU,1,0.3888888888888889,0.4,0.3235294117647059,0.3157894736842105
0022000573,2021-03-11,1610612749,MIL,W,22020,1610612752,NYK,1,0.6111111111111112,0.7368421052631579,0.5135135135135135,0.42105263157894735
0022000568,2021-03-11,1610612766,CHA,W,22020,1610612765,DET,1,0.4857142857142857,0.5294117647058824,0.2777777777777778,0.2
0022000571,2021-03-11,1610612748,MIA,W,22020,1610612753,ORL,1,0.5,0.5555555555555556,0.3611111111111111,0.3125
0022000570,2021-03-11,1610612761,TOR,L,22020,1610612737,ATL,0,0.4722222222222222,0.5,0.4444444444444444,0.42105263157894735
0022000574,2021-03-11,1610612740,NOP,L,22020,1610612750,MIN,0,0.4166666666666667,0.5263157894736842,0.19444444444444445,0.15789473684210525
0022000572,2021-03-11,1610612741,CHI,L,22020,1610612755,PHI,0,0.47058823529411764,0.3888888888888889,0.6666666666666666,0.47058823529411764
0022000576,2021-03-11,1610612746,LAC,W,22020,1610612744,GSW,1,0.631578947368421,0.6666666666666666,0.5135135135135135,0.3684210526315789
0022000575,2021-03-11,1610612760,OKC,W,22020,1610612742,DAL,1,0.4166666666666667,0.35294117647058826,0.5428571428571428,0.5294117647058824
0022000582,2021-03-12,1610612741,CHI,L,22020,1610612748,MIA,0,0.45714285714285713,0.3684210526315789,0.5135135135135135,0.4444444444444444
0022000585,2021-03-12,1610612747,LAL,W,22020,1610612754,IND,1,0.6486486486486487,0.5789473684210527,0.45714285714285713,0.5294117647058824
0022000583,2021-03-12,1610612759,SAS,W,22020,1610612753,ORL,1,0.5454545454545454,0.47368421052631576,0.35135135135135137,0.29411764705882354
0022000581,2021-03-12,1610612740,NOP,W,22020,1610612739,CLE,1,0.40540540540540543,0.5,0.3888888888888889,0.29411764705882354
0022000584,2021-03-12,1610612762,UTA,W,22020,1610612745,HOU,1,0.75,0.8823529411764706,0.3142857142857143,0.3
0022000579,2021-03-12,1610612764,WAS,L,22020,1610612755,PHI,0,0.4,0.4117647058823529,0.6756756756756757,0.5
0022000580,2021-03-12,1610612763,MEM,L,22020,1610612743,DEN,0,0.5151515151515151,0.42105263157894735,0.5833333333333334,0.6
0022000590,2021-03-13,1610612737,ATL,W,22020,1610612758,SAC,1,0.4594594594594595,0.47058823529411764,0.40540540540540543,0.375
0022000589,2021-03-13,1610612764,WAS,L,22020,1610612749,MIL,0,0.3888888888888889,0.3888888888888889,0.6216216216216216,0.47058823529411764
0022000591,2021-03-13,1610612750,MIN,L,22020,1610612757,POR,0,0.21621621621621623,0.23529411764705882,0.5833333333333334,0.5555555555555556
0022000194,2021-03-13,1610612756,PHX,L,22020,1610612754,IND,0,0.6944444444444444,0.6666666666666666,0.4444444444444444,0.5
0022000586,2021-03-13,1610612760,OKC,L,22020,1610612752,NYK,0,0.43243243243243246,0.3888888888888889,0.5,0.4
0022000588,2021-03-13,1610612766,CHA,W,22020,1610612761,TOR,1,0.5,0.5555555555555556,0.4594594594594595,0.45
0022000592,2021-03-13,1610612743,DEN,L,22020,1610612742,DAL,0,0.5945945945945946,0.5625,0.5277777777777778,0.5
0022000587,2021-03-13,1610612751,BKN,W,22020,1610612765,DET,1,0.6578947368421053,0.7,0.2702702702702703,0.19047619047619047
0022000597,2021-03-14,1610612737,ATL,W,22020,1610612739,CLE,1,0.47368421052631576,0.5,0.3783783783783784,0.2777777777777778
0022000595,2021-03-14,1610612755,PHI,W,22020,1610612759,SAS,1,0.6842105263157895,0.8421052631578947,0.5588235294117647,0.6428571428571429
0022000593,2021-03-14,1610612760,OKC,W,22020,1610612763,MEM,1,0.42105263157894735,0.3684210526315789,0.5,0.6428571428571429
0022000600,2021-03-14,1610612741,CHI,W,22020,1610612761,TOR,1,0.4444444444444444,0.35,0.4473684210526316,0.42857142857142855
0022000598,2021-03-14,1610612745,HOU,L,22020,1610612738,BOS,0,0.3055555555555556,0.3333333333333333,0.5135135135135135,0.35
0022000599,2021-03-14,1610612750,MIN,W,22020,1610612757,POR,1,0.21052631578947367,0.2222222222222222,0.5945945945945946,0.5789473684210527
0022000596,2021-03-14,1610612753,ORL,L,22020,1610612748,MIA,0,0.34210526315789475,0.4,0.5263157894736842,0.47368421052631576
0022000601,2021-03-14,1610612740,NOP,W,22020,1610612746,LAC,1,0.42105263157894735,0.5238095238095238,0.6410256410256411,0.6
0022000594,2021-03-14,1610612744,GSW,W,22020,1610612762,UTA,1,0.5,0.6666666666666666,0.7567567567567568,0.631578947368421
0022000607,2021-03-15,1610612756,PHX,W,22020,1610612763,MEM,1,0.6756756756756757,0.631578947368421,0.4857142857142857,0.6
0022000603,2021-03-15,1610612764,WAS,L,22020,1610612749,MIL,0,0.3783783783783784,0.3684210526315789,0.631578947368421,0.5
0022000602,2021-03-15,1610612766,CHA,W,22020,1610612758,SAC,1,0.5135135135135135,0.5789473684210527,0.39473684210526316,0.35294117647058826
0022000608,2021-03-15,1610612744,GSW,L,22020,1610612747,LAL,0,0.5128205128205128,0.6842105263157895,0.6578947368421053,0.7222222222222222
0022000606,2021-03-15,1610612743,DEN,W,22020,1610612754,IND,1,0.5789473684210527,0.5294117647058824,0.4594594594594595,0.5263157894736842
0022000428,2021-03-15,1610612765,DET,L,22020,1610612759,SAS,0,0.2631578947368421,0.375,0.5428571428571428,0.6
0022000604,2021-03-15,1610612751,BKN,W,22020,1610612752,NYK,1,0.6666666666666666,0.7142857142857143,0.5128205128205128,0.42857142857142855
0022000605,2021-03-15,1610612742,DAL,L,22020,1610612746,LAC,0,0.5405405405405406,0.5555555555555556,0.625,0.5714285714285714
0022000613,2021-03-16,1610612745,HOU,L,22020,1610612737,ATL,0,0.2972972972972973,0.3125,0.48717948717948717,0.45
0022000611,2021-03-16,1610612755,PHI,W,22020,1610612752,NYK,1,0.6923076923076923,0.85,0.5,0.4090909090909091
0022000610,2021-03-16,1610612748,MIA,W,22020,1610612739,CLE,1,0.5384615384615384,0.5789473684210527,0.3684210526315789,0.2631578947368421
0022000612,2021-03-16,1610612741,CHI,W,22020,1610612760,OKC,1,0.4594594594594595,0.38095238095238093,0.4358974358974359,0.47368421052631576
0022000615,2021-03-16,1610612747,LAL,W,22020,1610612750,MIN,1,0.6666666666666666,0.6,0.23076923076923078,0.2
0022000614,2021-03-16,1610612757,POR,W,22020,1610612740,NOP,1,0.5789473684210527,0.6111111111111112,0.4358974358974359,0.29411764705882354
0022000609,2021-03-16,1610612738,BOS,L,22020,1610612762,UTA,0,0.5263157894736842,0.7058823529411765,0.7368421052631579,0.6
0022000625,2021-03-17,1610612742,DAL,W,22020,1610612746,LAC,1,0.5263157894736842,0.5263157894736842,0.6341463414634146,0.5909090909090909
0022000622,2021-03-17,1610612745,HOU,L,22020,1610612744,GSW,0,0.2894736842105263,0.29411764705882354,0.5,0.35
0022000620,2021-03-17,1610612739,CLE,W,22020,1610612738,BOS,1,0.358974358974359,0.47368421052631576,0.5128205128205128,0.38095238095238093
0022000619,2021-03-17,1610612764,WAS,L,22020,1610612758,SAC,0,0.3684210526315789,0.35,0.38461538461538464,0.3333333333333333
0022000618,2021-03-17,1610612755,PHI,L,22020,1610612749,MIL,0,0.7,0.8571428571428571,0.6410256410256411,0.5263157894736842
0022000617,2021-03-17,1610612754,IND,L,22020,1610612751,BKN,0,0.4473684210526316,0.3888888888888889,0.675,0.6111111111111112
0022000624,2021-03-17,1610612743,DEN,W,22020,1610612766,CHA,1,0.5897435897435898,0.5555555555555556,0.5263157894736842,0.4444444444444444
0022000616,2021-03-17,1610612765,DET,W,22020,1610612761,TOR,1,0.2564102564102564,0.35294117647058826,0.4358974358974359,0.4090909090909091
0022000621,2021-03-17,1610612741,CHI,L,22020,1610612759,SAS,0,0.47368421052631576,0.4090909090909091,0.5555555555555556,0.625
0022000623,2021-03-17,1610612763,MEM,W,22020,1610612748,MIA,1,0.4722222222222222,0.4,0.55,0.5
0022000627,2021-03-18,1610612752,NYK,W,22020,1610612753,ORL,1,0.4878048780487805,0.6111111111111112,0.3333333333333333,0.2777777777777778
0022000629,2021-03-18,1610612757,POR,W,22020,1610612740,NOP,1,0.5897435897435898,0.631578947368421,0.425,0.2777777777777778
0022000628,2021-03-18,1610612756,PHX,L,22020,1610612750,MIN,0,0.6842105263157895,0.65,0.225,0.19047619047619047
0022000166,2021-03-18,1610612764,WAS,W,22020,1610612762,UTA,1,0.358974358974359,0.3333333333333333,0.7435897435897436,0.6190476190476191
0022000626,2021-03-18,1610612737,ATL,W,22020,1610612760,OKC,1,0.5,0.5263157894736842,0.425,0.45
0022000630,2021-03-18,1610612747,LAL,W,22020,1610612766,CHA,1,0.675,0.6190476190476191,0.5128205128205128,0.42105263157894735
0022000634,2021-03-19,1610612761,TOR,L,22020,1610612762,UTA,0,0.425,0.47058823529411764,0.725,0.5909090909090909
0022000637,2021-03-19,1610612743,DEN,W,22020,1610612741,CHI,1,0.6,0.5789473684210527,0.46153846153846156,0.5625
0022000636,2021-03-19,1610612763,MEM,L,22020,1610612744,GSW,0,0.4864864864864865,0.42857142857142855,0.5121951219512195,0.38095238095238093
0022000632,2021-03-19,1610612748,MIA,L,22020,1610612754,IND,0,0.5365853658536586,0.6,0.4358974358974359,0.5
0022000638,2021-03-19,1610612756,PHX,W,22020,1610612750,MIN,1,0.6666666666666666,0.6190476190476191,0.24390243902439024,0.22727272727272727
0022000633,2021-03-19,1610612753,ORL,W,22020,1610612751,BKN,1,0.325,0.38095238095238093,0.6829268292682927,0.631578947368421
0022000435,2021-03-19,1610612739,CLE,L,22020,1610612759,SAS,0,0.375,0.5,0.5675675675675675,0.6470588235294118
0022000639,2021-03-19,1610612757,POR,W,22020,1610612742,DAL,1,0.6,0.65,0.5384615384615384,0.5263157894736842
0022000635,2021-03-19,1610612745,HOU,L,22020,1610612765,DET,0,0.28205128205128205,0.2777777777777778,0.275,0.18181818181818182
0022000631,2021-03-19,1610612738,BOS,L,22020,1610612758,SAC,0,0.5,0.6666666666666666,0.4,0.3684210526315789
0022000642,2021-03-20,1610612763,MEM,W,22020,1610612744,GSW,1,0.47368421052631576,0.4090909090909091,0.5238095238095238,0.4090909090909091
0022000643,2021-03-20,1610612749,MIL,W,22020,1610612759,SAS,1,0.65,0.75,0.5789473684210527,0.6666666666666666
0022000641,2021-03-20,1610612755,PHI,W,22020,1610612758,SAC,1,0.6829268292682927,0.8181818181818182,0.4146341463414634,0.4
0022000644,2021-03-20,1610612746,LAC,W,22020,1610612766,CHA,1,0.6190476190476191,0.6842105263157895,0.5,0.4
0022000640,2021-03-20,1610612747,LAL,L,22020,1610612737,ATL,0,0.6829268292682927,0.6363636363636364,0.5121951219512195,0.47619047619047616
0022000650,2021-03-21,1610612752,NYK,L,22020,1610612755,PHI,0,0.5,0.631578947368421,0.6904761904761905,0.5263157894736842
0022000651,2021-03-21,1610612756,PHX,W,22020,1610612747,LAL,1,0.675,0.6363636363636364,0.6666666666666666,0.7368421052631579
0022000652,2021-03-21,1610612757,POR,L,22020,1610612742,DAL,0,0.6097560975609756,0.6666666666666666,0.525,0.5
0022000649,2021-03-21,1610612765,DET,L,22020,1610612741,CHI,0,0.2926829268292683,0.3888888888888889,0.45,0.5294117647058824
0022000648,2021-03-21,1610612739,CLE,W,22020,1610612761,TOR,1,0.36585365853658536,0.47619047619047616,0.4146341463414634,0.391304347826087
0022000646,2021-03-21,1610612743,DEN,L,22020,1610612740,NOP,0,0.6097560975609756,0.6,0.4146341463414634,0.2631578947368421
0022000016,2021-03-21,1610612745,HOU,L,22020,1610612760,OKC,0,0.275,0.2631578947368421,0.4146341463414634,0.42857142857142855
0022000647,2021-03-21,1610612751,BKN,W,22020,1610612764,WAS,1,0.6666666666666666,0.7272727272727273,0.375,0.3888888888888889
0022000167,2021-03-21,1610612738,BOS,W,22020,1610612753,ORL,1,0.4878048780487805,0.631578947368421,0.34146341463414637,0.2631578947368421
0022000645,2021-03-21,1610612748,MIA,L,22020,1610612754,IND,0,0.5238095238095238,0.5714285714285714,0.45,0.5238095238095238
0022000658,2021-03-22,1610612763,MEM,W,22020,1610612738,BOS,1,0.48717948717948717,0.43478260869565216,0.5,0.36363636363636365
0022000653,2021-03-22,1610612739,CLE,L,22020,1610612758,SAC,0,0.38095238095238093,0.5,0.40476190476190477,0.38095238095238093
0022000657,2021-03-22,1610612745,HOU,W,22020,1610612761,TOR,1,0.2682926829268293,0.25,0.40476190476190477,0.375
0022000654,2021-03-22,1610612750,MIN,L,22020,1610612760,OKC,0,0.23809523809523808,0.2631578947368421,0.42857142857142855,0.45454545454545453
0022000660,2021-03-22,1610612746,LAC,W,22020,1610612737,ATL,1,0.627906976744186,0.7,0.5238095238095238,0.5
0022000655,2021-03-22,1610612759,SAS,L,22020,1610612766,CHA,0,0.5641025641025641,0.5,0.4878048780487805,0.38095238095238093
0022000656,2021-03-22,1610612741,CHI,L,22020,1610612762,UTA,0,0.4634146341463415,0.391304347826087,0.7317073170731707,0.6086956521739131
0022000659,2021-03-22,1610612749,MIL,W,22020,1610612754,IND,1,0.6585365853658537,0.7619047619047619,0.4634146341463415,0.5454545454545454
0022000661,2021-03-23,1610612753,ORL,L,22020,1610612743,DEN,0,0.3333333333333333,0.4090909090909091,0.5952380952380952,0.6190476190476191
0022000663,2021-03-23,1610612740,NOP,W,22020,1610612747,LAL,1,0.42857142857142855,0.5454545454545454,0.6511627906976745,0.7
0022000665,2021-03-23,1610612744,GSW,L,22020,1610612755,PHI,0,0.5116279069767442,0.65,0.6976744186046512,0.55
0022000664,2021-03-23,1610612748,MIA,L,22020,1610612756,PHX,0,0.5116279069767442,0.5454545454545454,0.6829268292682927,0.7222222222222222
0022000666,2021-03-23,1610612757,POR,L,22020,1610612751,BKN,0,0.5952380952380952,0.6363636363636364,0.6744186046511628,0.6
0022000662,2021-03-23,1610612752,NYK,W,22020,1610612764,WAS,1,0.4883720930232558,0.6,0.36585365853658536,0.3684210526315789
0022000670,2021-03-24,1610612753,ORL,W,22020,1610612756,PHX,1,0.32558139534883723,0.391304347826087,0.6904761904761905,0.7368421052631579
0022000673,2021-03-24,1610612750,MIN,L,22020,1610612742,DAL,0,0.23255813953488372,0.25,0.5365853658536586,0.5238095238095238
0022000672,2021-03-24,1610612745,HOU,L,22020,1610612766,CHA,0,0.2857142857142857,0.2857142857142857,0.5,0.4090909090909091
0022000667,2021-03-24,1610612754,IND,W,22020,1610612765,DET,1,0.4523809523809524,0.3684210526315789,0.2857142857142857,0.21739130434782608
0022000676,2021-03-24,1610612762,UTA,W,22020,1610612751,BKN,1,0.7380952380952381,0.8888888888888888,0.6818181818181818,0.6190476190476191
0022000668,2021-03-24,1610612761,TOR,W,22020,1610612743,DEN,1,0.3953488372093023,0.4444444444444444,0.6046511627906976,0.6363636363636364
0022000675,2021-03-24,1610612759,SAS,L,22020,1610612746,LAC,0,0.55,0.47619047619047616,0.6363636363636364,0.5652173913043478
0022000671,2021-03-24,1610612741,CHI,L,22020,1610612739,CLE,0,0.4523809523809524,0.375,0.37209302325581395,0.25
0022000669,2021-03-24,1610612749,MIL,W,22020,1610612738,BOS,1,0.6666666666666666,0.7727272727272727,0.4883720930232558,0.34782608695652173
0022000677,2021-03-24,1610612758,SAC,W,22020,1610612737,ATL,1,0.4186046511627907,0.42857142857142855,0.5116279069767442,0.4782608695652174
0022000674,2021-03-24,1610612760,OKC,L,22020,1610612763,MEM,0,0.4418604651162791,0.4,0.5,0.5625
0022000679,2021-03-25,1610612752,NYK,W,22020,1610612764,WAS,1,0.5,0.6190476190476191,0.35714285714285715,0.35
0022000680,2021-03-25,1610612759,SAS,L,22020,1610612746,LAC,0,0.5365853658536586,0.45454545454545453,0.6444444444444445,0.5833333333333334
0022000682,2021-03-25,1610612758,SAC,W,22020,1610612744,GSW,1,0.4318181818181818,0.45454545454545453,0.5,0.391304347826087
0022000681,2021-03-25,1610612747,LAL,L,22020,1610612755,PHI,0,0.6363636363636364,0.6086956521739131,0.7045454545454546,0.5714285714285714
0022000678,2021-03-25,1610612748,MIA,L,22020,1610612757,POR,0,0.5,0.5217391304347826,0.5813953488372093,0.55
0022000683,2021-03-26,1610612765,DET,L,22020,1610612751,BKN,0,0.27906976744186046,0.3684210526315789,0.6666666666666666,0.5909090909090909
0022000688,2021-03-26,1610612750,MIN,W,22020,1610612745,HOU,1,0.22727272727272727,0.23809523809523808,0.27906976744186046,0.2857142857142857
0022000692,2021-03-26,1610612744,GSW,L,22020,1610612737,ATL,0,0.4888888888888889,0.6190476190476191,0.5,0.4583333333333333
0022000684,2021-03-26,1610612761,TOR,L,22020,1610612756,PHX,0,0.4090909090909091,0.47368421052631576,0.6744186046511628,0.7
0022000693,2021-03-26,1610612747,LAL,W,22020,1610612739,CLE,1,0.6222222222222222,0.5833333333333334,0.38636363636363635,0.2857142857142857
0022000686,2021-03-26,1610612766,CHA,W,22020,1610612748,MIA,1,0.5116279069767442,0.6,0.4888888888888889,0.47619047619047616
0022000689,2021-03-26,1610612740,NOP,L,22020,1610612743,DEN,0,0.4418604651162791,0.5652173913043478,0.5909090909090909,0.6086956521739131
0022000690,2021-03-26,1610612742,DAL,L,22020,1610612754,IND,0,0.5476190476190477,0.55,0.46511627906976744,0.5217391304347826
0022000691,2021-03-26,1610612762,UTA,W,22020,1610612763,MEM,1,0.7441860465116279,0.8947368421052632,0.5121951219512195,0.5882352941176471
0022000685,2021-03-26,1610612749,MIL,L,22020,1610612738,BOS,0,0.6744186046511628,0.782608695652174,0.4772727272727273,0.3333333333333333
0022000687,2021-03-26,1610612753,ORL,L,22020,1610612757,POR,0,0.3409090909090909,0.4166666666666667,0.5909090909090909,0.5714285714285714
0022000696,2021-03-27,1610612750,MIN,L,22020,1610612745,HOU,0,0.24444444444444444,0.2727272727272727,0.2727272727272727,0.2727272727272727
0022000695,2021-03-27,1610612749,MIL,L,22020,1610612752,NYK,0,0.6590909090909091,0.75,0.5111111111111111,0.391304347826087
0022000700,2021-03-27,1610612762,UTA,W,22020,1610612763,MEM,1,0.75,0.9,0.5,0.5555555555555556
0022000694,2021-03-27,1610612764,WAS,W,22020,1610612765,DET,1,0.3488372093023256,0.36363636363636365,0.2727272727272727,0.20833333333333334
0022000698,2021-03-27,1610612740,NOP,W,22020,1610612742,DAL,1,0.4318181818181818,0.5416666666666666,0.5348837209302325,0.5454545454545454
0022000702,2021-03-27,1610612758,SAC,W,22020,1610612739,CLE,1,0.4444444444444444,0.4782608695652174,0.37777777777777777,0.2727272727272727
0022000697,2021-03-27,1610612759,SAS,W,22020,1610612741,CHI,1,0.5238095238095238,0.43478260869565216,0.4418604651162791,0.5555555555555556
0022000699,2021-03-27,1610612760,OKC,L,22020,1610612738,BOS,0,0.4318181818181818,0.38095238095238093,0.4888888888888889,0.36
0022000701,2021-03-27,1610612746,LAC,W,22020,1610612755,PHI,1,0.6521739130434783,0.7142857142857143,0.7111111111111111,0.5909090909090909
0022000704,2021-03-28,1610612761,TOR,L,22020,1610612757,POR,0,0.4,0.45,0.6,0.5909090909090909
0022000706,2021-03-28,1610612747,LAL,W,22020,1610612753,ORL,1,0.6304347826086957,0.6,0.3333333333333333,0.25
0022000705,2021-03-28,1610612743,DEN,W,22020,1610612737,ATL,1,0.6,0.5714285714285714,0.5111111111111111,0.48
0022000703,2021-03-28,1610612766,CHA,L,22020,1610612756,PHX,0,0.5227272727272727,0.6190476190476191,0.6818181818181818,0.7142857142857143
0022000709,2021-03-29,1610612751,BKN,W,22020,1610612750,MIN,1,0.6739130434782609,0.7391304347826086,0.2391304347826087,0.21739130434782608
0022000711,2021-03-29,1610612765,DET,W,22020,1610612761,TOR,1,0.26666666666666666,0.35,0.391304347826087,0.36
0022000714,2021-03-29,1610612759,SAS,L,22020,1610612758,SAC,0,0.5348837209302325,0.4583333333333333,0.45652173913043476,0.4090909090909091
0022000713,2021-03-29,1610612760,OKC,L,22020,1610612742,DAL,0,0.4222222222222222,0.36363636363636365,0.5227272727272727,0.5217391304347826
0022000717,2021-03-29,1610612746,LAC,W,22020,1610612749,MIL,1,0.6595744680851063,0.7272727272727273,0.6444444444444445,0.55
0022000716,2021-03-29,1610612744,GSW,W,22020,1610612741,CHI,1,0.4782608695652174,0.5909090909090909,0.4318181818181818,0.5263157894736842
0022000708,2021-03-29,1610612738,BOS,L,22020,1610612740,NOP,0,0.5,0.65,0.4444444444444444,0.3
0022000707,2021-03-29,1610612764,WAS,W,22020,1610612754,IND,1,0.36363636363636365,0.391304347826087,0.4772727272727273,0.5416666666666666
0022000710,2021-03-29,1610612752,NYK,L,22020,1610612748,MIA,0,0.5217391304347826,0.6363636363636364,0.4782608695652174,0.45454545454545453
0022000712,2021-03-29,1610612745,HOU,L,22020,1610612763,MEM,0,0.28888888888888886,0.2727272727272727,0.4883720930232558,0.5263157894736842
0022000715,2021-03-29,1610612762,UTA,W,22020,1610612739,CLE,1,0.7555555555555555,0.9047619047619048,0.3695652173913043,0.2608695652173913
0022000720,2021-03-30,1610612746,LAC,L,22020,1610612753,ORL,0,0.6666666666666666,0.7391304347826086,0.32608695652173914,0.23809523809523808
0022000171,2021-03-30,1610612756,PHX,W,22020,1610612737,ATL,1,0.6888888888888889,0.6521739130434783,0.5,0.46153846153846156
0022000719,2021-03-30,1610612743,DEN,W,22020,1610612755,PHI,1,0.6086956521739131,0.5909090909090909,0.6956521739130435,0.5652173913043478
0022000718,2021-03-30,1610612764,WAS,L,22020,1610612766,CHA,0,0.37777777777777777,0.4166666666666667,0.5111111111111111,0.43478260869565216
0022000728,2021-03-31,1610612759,SAS,W,22020,1610612758,SAC,1,0.5227272727272727,0.44,0.46808510638297873,0.43478260869565216
0022000725,2021-03-31,1610612763,MEM,L,22020,1610612762,UTA,0,0.5,0.4583333333333333,0.7608695652173914,0.625
0022000721,2021-03-31,1610612765,DET,L,22020,1610612757,POR,0,0.2826086956521739,0.38095238095238093,0.6086956521739131,0.6086956521739131
0022000730,2021-03-31,1610612756,PHX,W,22020,1610612741,CHI,1,0.6956521739130435,0.6666666666666666,0.4222222222222222,0.5
0022000727,2021-03-31,1610612760,OKC,W,22020,1610612761,TOR,1,0.41304347826086957,0.34782608695652173,0.3829787234042553,0.34615384615384615
0022000729,2021-03-31,1610612747,LAL,L,22020,1610612749,MIL,0,0.6382978723404256,0.6153846153846154,0.6304347826086957,0.5238095238095238
0022000722,2021-03-31,1610612754,IND,L,22020,1610612748,MIA,0,0.4666666666666667,0.4,0.48936170212765956,0.4782608695652174
0022000724,2021-03-31,1610612751,BKN,W,22020,1610612745,HOU,1,0.6808510638297872,0.75,0.2826086956521739,0.30434782608695654
0022000723,2021-03-31,1610612738,BOS,L,22020,1610612742,DAL,0,0.48936170212765956,0.6190476190476191,0.5333333333333333,0.5416666666666666
0022000726,2021-03-31,1610612750,MIN,W,22020,1610612752,NYK,1,0.23404255319148937,0.2608695652173913,0.5106382978723404,0.4166666666666667
0022000734,2021-04-01,1610612740,NOP,L,22020,1610612753,ORL,0,0.45652173913043476,0.56,0.3404255319148936,0.2727272727272727
0022000179,2021-04-01,1610612765,DET,W,22020,1610612764,WAS,1,0.2765957446808511,0.36363636363636365,0.3695652173913043,0.3333333333333333
0022000735,2021-04-01,1610612759,SAS,L,22020,1610612737,ATL,0,0.5333333333333333,0.46153846153846156,0.48936170212765956,0.4444444444444444
0022000736,2021-04-01,1610612746,LAC,L,22020,1610612743,DEN,0,0.6530612244897959,0.7083333333333334,0.6170212765957447,0.625
0022000732,2021-04-01,1610612751,BKN,W,22020,1610612766,CHA,1,0.6875,0.76,0.5217391304347826,0.4583333333333333
0022000733,2021-04-01,1610612748,MIA,W,22020,1610612744,GSW,1,0.5,0.5,0.48936170212765956,0.375
0022000731,2021-04-01,1610612739,CLE,L,22020,1610612755,PHI,0,0.3617021276595745,0.4782608695652174,0.6808510638297872,0.5416666666666666
0022000743,2021-04-02,1610612762,UTA,W,22020,1610612741,CHI,1,0.7659574468085106,0.9090909090909091,0.41304347826086957,0.47619047619047616
0022000739,2021-04-02,1610612752,NYK,L,22020,1610612742,DAL,0,0.5,0.6086956521739131,0.5434782608695652,0.56
0022000737,2021-04-02,1610612761,TOR,W,22020,1610612744,GSW,1,0.375,0.42857142857142855,0.4791666666666667,0.36
0022000741,2021-04-02,1610612763,MEM,W,22020,1610612750,MIN,1,0.4888888888888889,0.44,0.25,0.20833333333333334
0022000738,2021-04-02,1610612738,BOS,W,22020,1610612745,HOU,1,0.4791666666666667,0.5909090909090909,0.2765957446808511,0.2916666666666667
0022000745,2021-04-02,1610612757,POR,L,22020,1610612749,MIL,0,0.6170212765957447,0.6086956521739131,0.6382978723404256,0.5454545454545454
0022000744,2021-04-02,1610612756,PHX,W,22020,1610612760,OKC,1,0.7021276595744681,0.68,0.425531914893617,0.4782608695652174
0022000740,2021-04-02,1610612754,IND,L,22020,1610612766,CHA,0,0.45652173913043476,0.38095238095238093,0.5106382978723404,0.44
0022000742,2021-04-02,1610612740,NOP,L,22020,1610612737,ATL,0,0.44680851063829785,0.5384615384615384,0.5,0.4642857142857143
0022000746,2021-04-02,1610612758,SAC,L,22020,1610612747,LAL,0,0.4583333333333333,0.5,0.625,0.6666666666666666
0022000747,2021-04-03,1610612764,WAS,L,22020,1610612742,DAL,0,0.3617021276595745,0.4,0.5531914893617021,0.5769230769230769
0022000750,2021-04-03,1610612755,PHI,W,22020,1610612750,MIN,1,0.6875,0.8260869565217391,0.24489795918367346,0.2
0022000754,2021-04-03,1610612758,SAC,L,22020,1610612749,MIL,0,0.4489795918367347,0.48,0.6458333333333334,0.5652173913043478
0022000748,2021-04-03,1610612765,DET,L,22020,1610612752,NYK,0,0.2916666666666667,0.391304347826087,0.4897959183673469,0.4
0022000753,2021-04-03,1610612757,POR,W,22020,1610612760,OKC,1,0.6041666666666666,0.5833333333333334,0.4166666666666667,0.4583333333333333
0022000751,2021-04-03,1610612759,SAS,L,22020,1610612754,IND,0,0.5217391304347826,0.4444444444444444,0.44680851063829785,0.52
0022000749,2021-04-03,1610612748,MIA,W,22020,1610612739,CLE,1,0.5102040816326531,0.52,0.3541666666666667,0.25
0022000752,2021-04-03,1610612762,UTA,W,22020,1610612753,ORL,1,0.7708333333333334,0.9130434782608695,0.3541666666666667,0.30434782608695654
0022000756,2021-04-04,1610612746,LAC,W,22020,1610612747,LAL,1,0.64,0.68,0.6326530612244898,0.6818181818181818
0022000757,2021-04-04,1610612738,BOS,W,22020,1610612766,CHA,1,0.4897959183673469,0.6086956521739131,0.5208333333333334,0.46153846153846156
0022000759,2021-04-04,1610612737,ATL,W,22020,1610612744,GSW,1,0.5102040816326531,0.55,0.46938775510204084,0.34615384615384615
0022000755,2021-04-04,1610612741,CHI,W,22020,1610612751,BKN,1,0.40425531914893614,0.36,0.6938775510204082,0.6086956521739131
0022000758,2021-04-04,1610612755,PHI,L,22020,1610612763,MEM,0,0.6938775510204082,0.8333333333333334,0.5,0.55
0022000760,2021-04-04,1610612745,HOU,L,22020,1610612740,NOP,0,0.2708333333333333,0.2608695652173913,0.4375,0.3333333333333333
0022000761,2021-04-04,1610612743,DEN,W,22020,1610612753,ORL,1,0.625,0.6086956521739131,0.3469387755102041,0.2916666666666667
0022000765,2021-04-05,1610612750,MIN,W,22020,1610612758,SAC,1,0.24,0.2916666666666667,0.44,0.4166666666666667
0022000764,2021-04-05,1610612742,DAL,W,22020,1610612762,UTA,1,0.5625,0.5238095238095238,0.7755102040816326,0.64
0022000768,2021-04-05,1610612745,HOU,L,22020,1610612756,PHX,0,0.2653061224489796,0.25,0.7083333333333334,0.7272727272727273
0022000766,2021-04-05,1610612760,OKC,L,22020,1610612765,DET,0,0.40816326530612246,0.375,0.2857142857142857,0.2
0022000767,2021-04-05,1610612759,SAS,L,22020,1610612739,CLE,0,0.5106382978723404,0.42857142857142855,0.3469387755102041,0.24
0022000763,2021-04-05,1610612761,TOR,W,22020,1610612764,WAS,1,0.3877551020408163,0.45454545454545453,0.3541666666666667,0.3181818181818182
0022000762,2021-04-05,1610612751,BKN,W,22020,1610612752,NYK,1,0.68,0.7692307692307693,0.5,0.4230769230769231
0022000774,2021-04-06,1610612744,GSW,W,22020,1610612749,MIL,1,0.46,0.6086956521739131,0.6530612244897959,0.5833333333333334
0022000769,2021-04-06,1610612754,IND,L,22020,1610612741,CHI,0,0.4583333333333333,0.36363636363636365,0.4166666666666667,0.45454545454545453
0022000321,2021-04-06,1610612743,DEN,W,22020,1610612765,DET,1,0.6326530612244898,0.625,0.3,0.23076923076923078
0022000770,2021-04-06,1610612737,ATL,W,22020,1610612740,NOP,1,0.52,0.5714285714285714,0.4489795918367347,0.36363636363636365
0022000773,2021-04-06,1610612748,MIA,L,22020,1610612763,MEM,0,0.52,0.5384615384615384,0.5106382978723404,0.5714285714285714
0022000775,2021-04-06,1610612746,LAC,W,22020,1610612757,POR,1,0.6470588235294118,0.6923076923076923,0.6122448979591837,0.625
0022000772,2021-04-06,1610612761,TOR,L,22020,1610612747,LAL,0,0.4,0.4782608695652174,0.62,0.6521739130434783
0022000771,2021-04-06,1610612738,BOS,L,22020,1610612755,PHI,0,0.5,0.625,0.68,0.56
0022000776,2021-04-07,1610612754,IND,W,22020,1610612750,MIN,1,0.4489795918367347,0.34782608695652173,0.2549019607843137,0.19230769230769232
0022000456,2021-04-07,1610612745,HOU,W,22020,1610612742,DAL,1,0.26,0.24,0.5714285714285714,0.5925925925925926
0022000778,2021-04-07,1610612738,BOS,W,22020,1610612752,NYK,1,0.49019607843137253,0.6,0.49019607843137253,0.4074074074074074
0022000779,2021-04-07,1610612751,BKN,W,22020,1610612740,NOP,1,0.6862745098039216,0.7777777777777778,0.44,0.34782608695652173
0022000783,2021-04-07,1610612756,PHX,W,22020,1610612762,UTA,1,0.7142857142857143,0.6923076923076923,0.76,0.6153846153846154
0022000780,2021-04-07,1610612737,ATL,L,22020,1610612763,MEM,0,0.5294117647058824,0.5909090909090909,0.5208333333333334,0.5909090909090909
0022000782,2021-04-07,1610612743,DEN,W,22020,1610612759,SAS,1,0.64,0.64,0.5,0.631578947368421
0022000777,2021-04-07,1610612753,ORL,L,22020,1610612764,WAS,0,0.34,0.4,0.3469387755102041,0.30434782608695654
0022000781,2021-04-07,1610612760,OKC,L,22020,1610612766,CHA,0,0.4,0.36,0.5102040816326531,0.4444444444444444
0022000784,2021-04-08,1610612748,MIA,W,22020,1610612747,LAL,1,0.5098039215686274,0.5185185185185185,0.6274509803921569,0.6666666666666666
0022000785,2021-04-08,1610612760,OKC,L,22020,1610612739,CLE,0,0.39215686274509803,0.34615384615384615,0.36,0.2692307692307692
0022000786,2021-04-08,1610612742,DAL,W,22020,1610612749,MIL,1,0.56,0.5454545454545454,0.64,0.56
0022000787,2021-04-08,1610612762,UTA,W,22020,1610612757,POR,1,0.7450980392156863,0.9166666666666666,0.6,0.6
0022000789,2021-04-08,1610612758,SAC,L,22020,1610612765,DET,0,0.43137254901960786,0.46153846153846156,0.29411764705882354,0.2222222222222222
0022000788,2021-04-08,1610612746,LAC,W,22020,1610612756,PHX,1,0.6538461538461539,0.7037037037037037,0.72,0.7391304347826086
0022000523,2021-04-08,1610612761,TOR,L,22020,1610612741,CHI,0,0.39215686274509803,0.4583333333333333,0.42857142857142855,0.4782608695652174
0022000791,2021-04-09,1610612737,ATL,W,22020,1610612741,CHI,1,0.5192307692307693,0.5652173913043478,0.44,0.5
0022000798,2021-04-09,1610612744,GSW,L,22020,1610612764,WAS,0,0.47058823529411764,0.625,0.36,0.3333333333333333
0022000793,2021-04-09,1610612752,NYK,W,22020,1610612763,MEM,1,0.4807692307692308,0.5833333333333334,0.5306122448979592,0.6086956521739131
0022000799,2021-04-09,1610612746,LAC,W,22020,1610612745,HOU,1,0.660377358490566,0.7142857142857143,0.27450980392156865,0.28
0022000796,2021-04-09,1610612749,MIL,L,22020,1610612766,CHA,0,0.6274509803921569,0.72,0.52,0.4642857142857143
0022000792,2021-04-09,1610612738,BOS,W,22020,1610612750,MIN,1,0.5,0.6153846153846154,0.25,0.18518518518518517
0022000797,2021-04-09,1610612743,DEN,W,22020,1610612759,SAS,1,0.6470588235294118,0.6538461538461539,0.4897959183673469,0.6
0022000790,2021-04-09,1610612753,ORL,L,22020,1610612754,IND,0,0.3333333333333333,0.38461538461538464,0.46,0.5384615384615384
0022000795,2021-04-09,1610612740,NOP,W,22020,1610612755,PHI,1,0.43137254901960786,0.5185185185185185,0.6862745098039216,0.5769230769230769
0022000794,2021-04-10,1610612739,CLE,L,22020,1610612761,TOR,0,0.37254901960784315,0.4583333333333333,0.38461538461538464,0.3333333333333333
0022000803,2021-04-10,1610612756,PHX,W,22020,1610612764,WAS,1,0.7058823529411765,0.7037037037037037,0.37254901960784315,0.36
0022000802,2021-04-10,1610612744,GSW,W,22020,1610612745,HOU,1,0.46153846153846156,0.6,0.2692307692307692,0.2692307692307692
0022000804,2021-04-10,1610612757,POR,W,22020,1610612765,DET,1,0.5882352941176471,0.6,0.3076923076923077,0.25
0022000800,2021-04-10,1610612751,BKN,L,22020,1610612747,LAL,0,0.6923076923076923,0.7857142857142857,0.6153846153846154,0.64
0022000801,2021-04-10,1610612762,UTA,W,22020,1610612758,SAC,1,0.75,0.92,0.4230769230769231,0.4
0022000199,2021-04-10,1610612760,OKC,L,22020,1610612755,PHI,0,0.38461538461538464,0.3333333333333333,0.6730769230769231,0.5555555555555556
0022000809,2021-04-11,1610612752,NYK,W,22020,1610612761,TOR,1,0.49056603773584906,0.6,0.39622641509433965,0.35714285714285715
0022000805,2021-04-11,1610612766,CHA,L,22020,1610612737,ATL,0,0.5294117647058824,0.5909090909090909,0.5283018867924528,0.4827586206896552
0022000813,2021-04-11,1610612746,LAC,W,22020,1610612765,DET,1,0.6666666666666666,0.7241379310344828,0.3018867924528302,0.2413793103448276
0022000814,2021-04-11,1610612757,POR,L,22020,1610612748,MIA,0,0.5961538461538461,0.6153846153846154,0.5192307692307693,0.5
0022000810,2021-04-11,1610612742,DAL,L,22020,1610612759,SAS,0,0.5686274509803921,0.5652173913043478,0.48,0.5714285714285714
0022000812,2021-04-11,1610612750,MIN,W,22020,1610612741,CHI,1,0.24528301886792453,0.32,0.43137254901960786,0.48
0022000806,2021-04-11,1610612743,DEN,L,22020,1610612738,BOS,0,0.6538461538461539,0.6666666666666666,0.5094339622641509,0.38461538461538464
0022000808,2021-04-11,1610612753,ORL,L,22020,1610612749,MIL,0,0.3269230769230769,0.37037037037037035,0.6153846153846154,0.5384615384615384
0022000807,2021-04-11,1610612739,CLE,L,22020,1610612740,NOP,0,0.36538461538461536,0.44,0.4423076923076923,0.3333333333333333
0022000811,2021-04-11,1610612763,MEM,L,22020,1610612754,IND,0,0.52,0.46153846153846156,0.47058823529411764,0.5555555555555556
0022000821,2021-04-12,1610612744,GSW,W,22020,1610612743,DEN,1,0.4716981132075472,0.6153846153846154,0.6415094339622641,0.64
0022000818,2021-04-12,1610612742,DAL,L,22020,1610612755,PHI,0,0.5576923076923077,0.5416666666666666,0.6792452830188679,0.5714285714285714
0022000816,2021-04-12,1610612753,ORL,L,22020,1610612759,SAS,0,0.32075471698113206,0.35714285714285715,0.49019607843137253,0.5909090909090909
0022000815,2021-04-12,1610612752,NYK,W,22020,1610612747,LAL,1,0.5,0.6153846153846154,0.6226415094339622,0.6538461538461539
0022000819,2021-04-12,1610612740,NOP,W,22020,1610612758,SAC,1,0.4528301886792453,0.5357142857142857,0.41509433962264153,0.38461538461538464
0022000820,2021-04-12,1610612762,UTA,L,22020,1610612764,WAS,0,0.7547169811320755,0.9230769230769231,0.36538461538461536,0.34615384615384615
0022000278,2021-04-12,1610612763,MEM,W,22020,1610612741,CHI,1,0.5098039215686274,0.4444444444444444,0.4230769230769231,0.46153846153846156
0022000822,2021-04-12,1610612756,PHX,W,22020,1610612745,HOU,1,0.7115384615384616,0.7142857142857143,0.2641509433962264,0.25925925925925924
0022000824,2021-04-13,1610612761,TOR,L,22020,1610612737,ATL,0,0.3888888888888889,0.44,0.5370370370370371,0.5
0022000828,2021-04-13,1610612757,POR,L,22020,1610612738,BOS,0,0.5849056603773585,0.5925925925925926,0.5185185185185185,0.4074074074074074
0022000825,2021-04-13,1610612766,CHA,L,22020,1610612747,LAL,0,0.5192307692307693,0.5652173913043478,0.6111111111111112,0.6296296296296297
0022000827,2021-04-13,1610612756,PHX,W,22020,1610612748,MIA,1,0.7169811320754716,0.7241379310344828,0.5283018867924528,0.52
0022000823,2021-04-13,1610612754,IND,L,22020,1610612746,LAC,0,0.4807692307692308,0.375,0.6727272727272727,0.6
0022000817,2021-04-13,1610612750,MIN,L,22020,1610612751,BKN,0,0.25925925925925924,0.34615384615384615,0.6792452830188679,0.5833333333333334
0022000826,2021-04-13,1610612762,UTA,W,22020,1610612760,OKC,1,0.7407407407407407,0.8888888888888888,0.37735849056603776,0.44
0022000461,2021-04-14,1610612745,HOU,L,22020,1610612754,IND,0,0.25925925925925924,0.2692307692307692,0.4716981132075472,0.5714285714285714
0022000831,2021-04-14,1610612761,TOR,W,22020,1610612759,SAS,1,0.38181818181818183,0.4230769230769231,0.5,0.6086956521739131
0022000837,2021-04-14,1610612763,MEM,L,22020,1610612742,DAL,0,0.5192307692307693,0.4642857142857143,0.5471698113207547,0.5714285714285714
0022000835,2021-04-14,1610612740,NOP,L,22020,1610612752,NYK,0,0.46296296296296297,0.5517241379310345,0.509090909090909,0.39285714285714285
0022000836,2021-04-14,1610612760,OKC,L,22020,1610612744,GSW,0,0.37037037037037035,0.32142857142857145,0.48148148148148145,0.3333333333333333
0022000839,2021-04-14,1610612758,SAC,L,22020,1610612764,WAS,0,0.4074074074074074,0.4444444444444444,0.37735849056603776,0.37037037037037035
0022000832,2021-04-14,1610612765,DET,L,22020,1610612746,LAC,0,0.2962962962962963,0.375,0.6785714285714286,0.6153846153846154
0022000833,2021-04-14,1610612741,CHI,L,22020,1610612753,ORL,0,0.41509433962264153,0.38461538461538464,0.3148148148148148,0.28
0022000830,2021-04-14,1610612755,PHI,W,22020,1610612751,BKN,1,0.6851851851851852,0.8,0.6851851851851852,0.6
0022000834,2021-04-14,1610612750,MIN,L,22020,1610612749,MIL,0,0.2545454545454545,0.3333333333333333,0.6226415094339622,0.5555555555555556
0022000829,2021-04-14,1610612766,CHA,L,22020,1610612739,CLE,0,0.5094339622641509,0.5416666666666666,0.3584905660377358,0.2962962962962963
0022000838,2021-04-14,1610612743,DEN,W,22020,1610612748,MIA,1,0.6296296296296297,0.6428571428571429,0.5185185185185185,0.5
0022000843,2021-04-15,1610612756,PHX,W,22020,1610612758,SAC,1,0.7222222222222222,0.7333333333333333,0.4,0.37037037037037035
0022000840,2021-04-15,1610612737,ATL,L,22020,1610612749,MIL,0,0.5454545454545454,0.5833333333333334,0.6296296296296297,0.5714285714285714
0022000841,2021-04-15,1610612739,CLE,L,22020,1610612744,GSW,0,0.37037037037037035,0.4230769230769231,0.4909090909090909,0.35714285714285715
0022000842,2021-04-15,1610612747,LAL,L,22020,1610612738,BOS,0,0.6181818181818182,0.5925925925925926,0.5272727272727272,0.42857142857142855
0022000853,2021-04-16,1610612759,SAS,L,22020,1610612757,POR,0,0.49056603773584906,0.41379310344827586,0.5740740740740741,0.5769230769230769
0022000850,2021-04-16,1610612741,CHI,L,22020,1610612763,MEM,0,0.4074074074074074,0.37037037037037035,0.5094339622641509,0.5833333333333334
0022000854,2021-04-16,1610612742,DAL,L,22020,1610612752,NYK,0,0.5555555555555556,0.52,0.5178571428571429,0.41379310344827586
0022000852,2021-04-16,1610612750,MIN,W,22020,1610612748,MIA,1,0.25,0.32142857142857145,0.509090909090909,0.48148148148148145
0022000848,2021-04-16,1610612751,BKN,W,22020,1610612766,CHA,1,0.6727272727272727,0.7586206896551724,0.5,0.4827586206896552
0022000849,2021-04-16,1610612761,TOR,W,22020,1610612753,ORL,1,0.39285714285714285,0.4444444444444444,0.32727272727272727,0.3076923076923077
0022000844,2021-04-16,1610612762,UTA,W,22020,1610612754,IND,1,0.7454545454545455,0.8928571428571429,0.48148148148148145,0.5862068965517241
0022000851,2021-04-16,1610612745,HOU,L,22020,1610612743,DEN,0,0.2545454545454545,0.25925925925925924,0.6363636363636364,0.6153846153846154
0022000847,2021-04-16,1610612764,WAS,W,22020,1610612740,NOP,1,0.3888888888888889,0.38461538461538464,0.45454545454545453,0.36
0022000845,2021-04-16,1610612765,DET,W,22020,1610612760,OKC,1,0.2909090909090909,0.36,0.36363636363636365,0.4230769230769231
0022000846,2021-04-16,1610612755,PHI,W,22020,1610612746,LAC,1,0.6909090909090909,0.8076923076923077,0.6842105263157895,0.6296296296296297
0022000855,2021-04-17,1610612747,LAL,W,22020,1610612762,UTA,1,0.6071428571428571,0.5714285714285714,0.75,0.5925925925925926
0022000858,2021-04-17,1610612738,BOS,W,22020,1610612744,GSW,1,0.5357142857142857,0.6296296296296297,0.5,0.3793103448275862
0022000857,2021-04-17,1610612741,CHI,W,22020,1610612739,CLE,1,0.4,0.35714285714285715,0.36363636363636365,0.32142857142857145
0022000856,2021-04-17,1610612764,WAS,W,22020,1610612765,DET,1,0.4,0.4074074074074074,0.30357142857142855,0.23333333333333334
0022000859,2021-04-17,1610612749,MIL,L,22020,1610612763,MEM,0,0.6363636363636364,0.6923076923076923,0.5185185185185185,0.6
0022000860,2021-04-17,1610612756,PHX,L,22020,1610612759,SAS,0,0.7272727272727273,0.7419354838709677,0.48148148148148145,0.5833333333333334
0022000362,2021-04-18,1610612766,CHA,W,22020,1610612757,POR,1,0.4909090909090909,0.52,0.5818181818181818,0.5925925925925926
0022000861,2021-04-18,1610612737,ATL,W,22020,1610612754,IND,1,0.5357142857142857,0.56,0.4727272727272727,0.5666666666666667
0022000865,2021-04-18,1610612761,TOR,W,22020,1610612760,OKC,1,0.40350877192982454,0.4642857142857143,0.35714285714285715,0.4074074074074074
0022000866,2021-04-18,1610612742,DAL,L,22020,1610612758,SAC,0,0.5454545454545454,0.5,0.39285714285714285,0.35714285714285715
0022000864,2021-04-18,1610612753,ORL,L,22020,1610612745,HOU,0,0.32142857142857145,0.3448275862068966,0.25,0.25
0022000867,2021-04-18,1610612746,LAC,W,22020,1610612750,MIN,1,0.6724137931034483,0.7333333333333333,0.2631578947368421,0.17857142857142858
0022000862,2021-04-18,1610612752,NYK,W,22020,1610612740,NOP,1,0.5263157894736842,0.6296296296296297,0.44642857142857145,0.34615384615384615
0022000863,2021-04-18,1610612748,MIA,W,22020,1610612751,BKN,1,0.5,0.5357142857142857,0.6785714285714286,0.5769230769230769
0022000869,2021-04-19,1610612738,BOS,L,22020,1610612741,CHI,0,0.543859649122807,0.6428571428571429,0.4107142857142857,0.4444444444444444
0022000873,2021-04-19,1610612749,MIL,L,22020,1610612756,PHX,0,0.625,0.6666666666666666,0.7142857142857143,0.7083333333333334
0022000870,2021-04-19,1610612755,PHI,L,22020,1610612744,GSW,0,0.6964285714285714,0.8148148148148148,0.49122807017543857,0.36666666666666664
0022000872,2021-04-19,1610612764,WAS,W,22020,1610612760,OKC,1,0.4107142857142857,0.42857142857142855,0.3508771929824561,0.39285714285714285
0022000871,2021-04-19,1610612748,MIA,W,22020,1610612745,HOU,1,0.5087719298245614,0.5517241379310345,0.2631578947368421,0.27586206896551724
0022000875,2021-04-19,1610612747,LAL,L,22020,1610612762,UTA,0,0.6140350877192983,0.5862068965517241,0.7368421052631579,0.5714285714285714
0022000473,2021-04-19,1610612754,IND,L,22020,1610612759,SAS,0,0.4642857142857143,0.36,0.4909090909090909,0.6
0022000868,2021-04-19,1610612765,DET,W,22020,1610612739,CLE,1,0.2982456140350877,0.38461538461538464,0.35714285714285715,0.3103448275862069
0022000874,2021-04-19,1610612743,DEN,W,22020,1610612763,MEM,1,0.6428571428571429,0.6551724137931034,0.5272727272727272,0.6153846153846154
0022000878,2021-04-20,1610612740,NOP,L,22020,1610612751,BKN,0,0.43859649122807015,0.5333333333333333,0.6666666666666666,0.5555555555555556
0022000876,2021-04-20,1610612737,ATL,W,22020,1610612753,ORL,1,0.543859649122807,0.5769230769230769,0.3157894736842105,0.2962962962962963
0022000880,2021-04-20,1610612758,SAC,L,22020,1610612750,MIN,0,0.40350877192982454,0.42857142857142855,0.25862068965517243,0.1724137931034483
0022000877,2021-04-20,1610612752,NYK,W,22020,1610612766,CHA,1,0.5344827586206896,0.6428571428571429,0.5,0.4666666666666667
0022000879,2021-04-20,1610612757,POR,L,22020,1610612746,LAC,0,0.5714285714285714,0.5714285714285714,0.6779661016949152,0.6071428571428571
0022000883,2021-04-21,1610612755,PHI,L,22020,1610612756,PHX,0,0.6842105263157895,0.7857142857142857,0.7192982456140351,0.72
0022000887,2021-04-21,1610612745,HOU,L,22020,1610612762,UTA,0,0.25862068965517243,0.25,0.7413793103448276,0.5862068965517241
0022000889,2021-04-21,1610612746,LAC,W,22020,1610612763,MEM,1,0.6833333333333333,0.7419354838709677,0.5178571428571429,0.5925925925925926
0022000890,2021-04-21,1610612757,POR,L,22020,1610612743,DEN,0,0.5614035087719298,0.5517241379310345,0.6491228070175439,0.6296296296296297
0022000886,2021-04-21,1610612752,NYK,W,22020,1610612737,ATL,1,0.5423728813559322,0.6551724137931034,0.5517241379310345,0.5161290322580645
0022000891,2021-04-21,1610612758,SAC,W,22020,1610612750,MIN,1,0.39655172413793105,0.41379310344827586,0.2711864406779661,0.2
0022000442,2021-04-21,1610612742,DAL,W,22020,1610612765,DET,1,0.5357142857142857,0.48148148148148145,0.3103448275862069,0.22580645161290322
0022000885,2021-04-21,1610612764,WAS,W,22020,1610612744,GSW,1,0.42105263157894735,0.4482758620689655,0.5,0.3870967741935484
0022000882,2021-04-21,1610612754,IND,W,22020,1610612760,OKC,1,0.45614035087719296,0.34615384615384615,0.3448275862068966,0.3793103448275862
0022000888,2021-04-21,1610612759,SAS,L,22020,1610612748,MIA,0,0.5,0.4,0.5172413793103449,0.4642857142857143
0022000884,2021-04-21,1610612761,TOR,W,22020,1610612751,BKN,1,0.41379310344827586,0.4827586206896552,0.6724137931034483,0.5714285714285714
0022000881,2021-04-21,1610612739,CLE,W,22020,1610612741,CHI,1,0.3508771929824561,0.4074074074074074,0.42105263157894735,0.4642857142857143
0022000895,2021-04-22,1610612759,SAS,W,22020,1610612765,DET,1,0.49122807017543857,0.3870967741935484,0.3050847457627119,0.21875
0022000892,2021-04-22,1610612738,BOS,W,22020,1610612756,PHX,1,0.5344827586206896,0.6206896551724138,0.7241379310344828,0.7307692307692307
0022000897,2021-04-22,1610612742,DAL,W,22020,1610612747,LAL,1,0.543859649122807,0.5,0.603448275862069,0.6428571428571429
0022000896,2021-04-22,1610612741,CHI,W,22020,1610612766,CHA,1,0.41379310344827586,0.3793103448275862,0.49122807017543857,0.45161290322580644
0022000893,2021-04-22,1610612753,ORL,L,22020,1610612740,NOP,0,0.3103448275862069,0.3333333333333333,0.43103448275862066,0.3333333333333333
0022000894,2021-04-22,1610612749,MIL,W,22020,1610612755,PHI,1,0.6140350877192983,0.6428571428571429,0.6724137931034483,0.5862068965517241
0022000225,2021-04-23,1610612757,POR,L,22020,1610612763,MEM,0,0.5517241379310345,0.5333333333333333,0.5087719298245614,0.5714285714285714
0022000900,2021-04-23,1610612766,CHA,W,22020,1610612739,CLE,1,0.4827586206896552,0.5384615384615384,0.3620689655172414,0.3
0022000903,2021-04-23,1610612744,GSW,W,22020,1610612743,DEN,1,0.4915254237288136,0.6296296296296297,0.6551724137931034,0.6428571428571429
0022000902,2021-04-23,1610612760,OKC,L,22020,1610612764,WAS,0,0.3389830508474576,0.3103448275862069,0.43103448275862066,0.39285714285714285
0022000899,2021-04-23,1610612751,BKN,W,22020,1610612738,BOS,1,0.6610169491525424,0.7666666666666667,0.5423728813559322,0.4482758620689655
0022000901,2021-04-23,1610612745,HOU,L,22020,1610612746,LAC,0,0.2542372881355932,0.2413793103448276,0.6885245901639344,0.6206896551724138
0022000898,2021-04-23,1610612737,ATL,W,22020,1610612748,MIA,1,0.5423728813559322,0.5925925925925926,0.5254237288135594,0.4827586206896552
0022000264,2021-04-24,1610612740,NOP,L,22020,1610612759,SAS,0,0.4406779661016949,0.5161290322580645,0.5,0.6153846153846154
0022000904,2021-04-24,1610612752,NYK,W,22020,1610612761,TOR,1,0.55,0.6666666666666666,0.423728813559322,0.3448275862068966
0022000910,2021-04-24,1610612743,DEN,W,22020,1610612745,HOU,1,0.6440677966101694,0.6666666666666666,0.25,0.26666666666666666
0022000909,2021-04-24,1610612762,UTA,L,22020,1610612750,MIN,0,0.7457627118644068,0.896551724137931,0.26666666666666666,0.1935483870967742
0022000905,2021-04-24,1610612749,MIL,W,22020,1610612755,PHI,1,0.6206896551724138,0.6551724137931034,0.6610169491525424,0.5666666666666667
0022000906,2021-04-24,1610612754,IND,W,22020,1610612765,DET,1,0.46551724137931033,0.37037037037037035,0.3,0.21212121212121213
0022000908,2021-04-24,1610612742,DAL,W,22020,1610612747,LAL,1,0.5517241379310345,0.5172413793103449,0.5932203389830508,0.6206896551724138
0022000907,2021-04-24,1610612748,MIA,W,22020,1610612741,CHI,1,0.5166666666666667,0.5666666666666667,0.423728813559322,0.4482758620689655
0022000913,2021-04-25,1610612737,ATL,W,22020,1610612749,MIL,1,0.55,0.6071428571428571,0.6271186440677966,0.5862068965517241
0022000915,2021-04-25,1610612744,GSW,W,22020,1610612758,SAC,1,0.5,0.6428571428571429,0.4067796610169492,0.3793103448275862
0022000240,2021-04-25,1610612757,POR,L,22020,1610612763,MEM,0,0.5423728813559322,0.5161290322580645,0.5172413793103449,0.5862068965517241
0022000911,2021-04-25,1610612766,CHA,W,22020,1610612738,BOS,1,0.4915254237288136,0.5555555555555556,0.5333333333333333,0.43333333333333335
0022000912,2021-04-25,1610612751,BKN,W,22020,1610612756,PHX,1,0.6666666666666666,0.7741935483870968,0.711864406779661,0.7037037037037037
0022000914,2021-04-25,1610612753,ORL,L,22020,1610612754,IND,0,0.3050847457627119,0.3225806451612903,0.4745762711864407,0.5483870967741935
0022000197,2021-04-25,1610612764,WAS,W,22020,1610612739,CLE,1,0.4406779661016949,0.4666666666666667,0.3559322033898305,0.2903225806451613
0022000922,2021-04-26,1610612748,MIA,L,22020,1610612741,CHI,0,0.5245901639344263,0.5806451612903226,0.4166666666666667,0.43333333333333335
0022000920,2021-04-26,1610612752,NYK,L,22020,1610612756,PHX,0,0.5573770491803278,0.6774193548387096,0.7,0.6785714285714286
0022000918,2021-04-26,1610612755,PHI,W,22020,1610612760,OKC,1,0.65,0.7586206896551724,0.3333333333333333,0.36666666666666664
0022000916,2021-04-26,1610612765,DET,W,22020,1610612737,ATL,1,0.29508196721311475,0.4074074074074074,0.5573770491803278,0.5
0022000921,2021-04-26,1610612761,TOR,W,22020,1610612739,CLE,1,0.4166666666666667,0.5,0.35,0.28125
0022000924,2021-04-26,1610612740,NOP,W,22020,1610612746,LAC,1,0.43333333333333335,0.5,0.6935483870967742,0.6333333333333333
0022000923,2021-04-26,1610612750,MIN,W,22020,1610612762,UTA,1,0.2786885245901639,0.3448275862068966,0.7333333333333333,0.6
0022000917,2021-04-26,1610612753,ORL,L,22020,1610612747,LAL,0,0.3,0.3125,0.5833333333333334,0.6
0022000925,2021-04-26,1610612743,DEN,W,22020,1610612763,MEM,1,0.65,0.6774193548387096,0.5254237288135594,0.6
0022000919,2021-04-26,1610612764,WAS,L,22020,1610612759,SAS,0,0.45,0.4838709677419355,0.5084745762711864,0.6296296296296297
0022000926,2021-04-26,1610612758,SAC,W,22020,1610612742,DAL,1,0.4,0.43333333333333335,0.559322033898305,0.5862068965517241
0022000931,2021-04-27,1610612745,HOU,L,22020,1610612750,MIN,0,0.2459016393442623,0.23333333333333334,0.2903225806451613,0.21875
0022000928,2021-04-27,1610612766,CHA,L,22020,1610612749,MIL,0,0.5,0.5714285714285714,0.6166666666666667,0.5666666666666667
0022000929,2021-04-27,1610612754,IND,L,22020,1610612757,POR,0,0.48333333333333334,0.39285714285714285,0.5333333333333333,0.5714285714285714
0022000927,2021-04-27,1610612738,BOS,L,22020,1610612760,OKC,0,0.5245901639344263,0.6333333333333333,0.32786885245901637,0.3548387096774194
0022000930,2021-04-27,1610612761,TOR,L,22020,1610612751,BKN,0,0.4262295081967213,0.5161290322580645,0.6721311475409836,0.5517241379310345
0022000932,2021-04-27,1610612744,GSW,L,22020,1610612742,DAL,0,0.5081967213114754,0.6551724137931034,0.55,0.5666666666666667
0022000936,2021-04-28,1610612738,BOS,W,22020,1610612766,CHA,1,0.5161290322580645,0.6129032258064516,0.4918032786885246,0.4375
0022000935,2021-04-28,1610612764,WAS,W,22020,1610612747,LAL,1,0.4426229508196721,0.46875,0.5901639344262295,0.6129032258064516
0022000938,2021-04-28,1610612748,MIA,W,22020,1610612759,SAS,1,0.5161290322580645,0.5625,0.5166666666666667,0.6428571428571429
0022000939,2021-04-28,1610612763,MEM,L,22020,1610612757,POR,0,0.5166666666666667,0.4482758620689655,0.5409836065573771,0.5862068965517241
0022000937,2021-04-28,1610612752,NYK,W,22020,1610612741,CHI,1,0.5483870967741935,0.65625,0.4262295081967213,0.45161290322580644
0022000941,2021-04-28,1610612756,PHX,W,22020,1610612746,LAC,1,0.7049180327868853,0.71875,0.6825396825396826,0.6129032258064516
0022000942,2021-04-28,1610612758,SAC,L,22020,1610612762,UTA,0,0.4098360655737705,0.45161290322580644,0.7213114754098361,0.5806451612903226
0022000940,2021-04-28,1610612743,DEN,W,22020,1610612740,NOP,1,0.6557377049180327,0.6875,0.4426229508196721,0.35714285714285715
0022000934,2021-04-28,1610612755,PHI,W,22020,1610612737,ATL,1,0.6557377049180327,0.7666666666666667,0.5483870967741935,0.48484848484848486
0022000933,2021-04-28,1610612739,CLE,L,22020,1610612753,ORL,0,0.3442622950819672,0.42857142857142855,0.29508196721311475,0.2857142857142857
0022000947,2021-04-29,1610612760,OKC,L,22020,1610612740,NOP,0,0.3387096774193548,0.3,0.43548387096774194,0.3448275862068966
0022000945,2021-04-29,1610612745,HOU,W,22020,1610612749,MIL,1,0.24193548387096775,0.22580645161290322,0.6229508196721312,0.5806451612903226
0022000944,2021-04-29,1610612754,IND,L,22020,1610612751,BKN,0,0.47540983606557374,0.3793103448275862,0.6774193548387096,0.5666666666666667
0022000946,2021-04-29,1610612750,MIN,W,22020,1610612744,GSW,1,0.30158730158730157,0.36666666666666664,0.5,0.375
0022000943,2021-04-29,1610612765,DET,L,22020,1610612742,DAL,0,0.3064516129032258,0.42857142857142855,0.5573770491803278,0.5806451612903226
0022000948,2021-04-29,1610612743,DEN,W,22020,1610612761,TOR,1,0.6612903225806451,0.696969696969697,0.41935483870967744,0.3333333333333333
0022000949,2021-04-30,1610612755,PHI,W,22020,1610612737,ATL,1,0.6612903225806451,0.7741935483870968,0.5396825396825397,0.47058823529411764
0022000950,2021-04-30,1610612738,BOS,W,22020,1610612759,SAS,1,0.5238095238095238,0.625,0.5081967213114754,0.6206896551724138
0022000951,2021-04-30,1610612739,CLE,L,22020,1610612764,WAS,0,0.3387096774193548,0.41379310344827586,0.45161290322580644,0.41379310344827586
0022000955,2021-04-30,1610612756,PHX,W,22020,1610612762,UTA,1,0.7096774193548387,0.7272727272727273,0.7258064516129032,0.59375
0022000953,2021-04-30,1610612763,MEM,W,22020,1610612753,ORL,1,0.5081967213114754,0.43333333333333335,0.3064516129032258,0.3103448275862069
0022000956,2021-04-30,1610612747,LAL,L,22020,1610612758,SAC,0,0.5806451612903226,0.5666666666666667,0.4032258064516129,0.36666666666666664
0022000954,2021-04-30,1610612741,CHI,L,22020,1610612749,MIL,0,0.41935483870967744,0.4,0.6129032258064516,0.5625
0022000952,2021-04-30,1610612751,BKN,L,22020,1610612757,POR,0,0.6825396825396826,0.78125,0.5483870967741935,0.6
0022000957,2021-05-01,1610612766,CHA,W,22020,1610612765,DET,1,0.4838709677419355,0.5517241379310345,0.30158730158730157,0.20588235294117646
0022000960,2021-05-01,1610612739,CLE,L,22020,1610612748,MIA,0,0.3333333333333333,0.4,0.5238095238095238,0.4666666666666667
0022000965,2021-05-01,1610612762,UTA,W,22020,1610612761,TOR,1,0.7142857142857143,0.8666666666666667,0.4126984126984127,0.3225806451612903
0022000961,2021-05-01,1610612753,ORL,W,22020,1610612763,MEM,1,0.30158730158730157,0.30303030303030304,0.5161290322580645,0.5806451612903226
0022000959,2021-05-01,1610612737,ATL,W,22020,1610612741,CHI,1,0.53125,0.6206896551724138,0.4126984126984127,0.4375
0022000963,2021-05-01,1610612760,OKC,L,22020,1610612754,IND,0,0.3333333333333333,0.2903225806451613,0.46774193548387094,0.5625
0022000964,2021-05-01,1610612742,DAL,W,22020,1610612764,WAS,1,0.5645161290322581,0.5333333333333333,0.4603174603174603,0.43333333333333335
0022000966,2021-05-01,1610612746,LAC,L,22020,1610612743,DEN,0,0.671875,0.75,0.6666666666666666,0.6206896551724138
0022000958,2021-05-01,1610612745,HOU,L,22020,1610612744,GSW,0,0.25396825396825395,0.25,0.49206349206349204,0.36363636363636365
0022000962,2021-05-01,1610612750,MIN,L,22020,1610612740,NOP,0,0.3125,0.3870967741935484,0.4444444444444444,0.36666666666666664
0022000971,2021-05-02,1610612745,HOU,L,22020,1610612752,NYK,0,0.25,0.24242424242424243,0.5555555555555556,0.43333333333333335
0022000974,2021-05-02,1610612747,LAL,L,22020,1610612761,TOR,0,0.5714285714285714,0.5483870967741935,0.40625,0.3125
0022000973,2021-05-02,1610612759,SAS,L,22020,1610612755,PHI,0,0.5,0.40625,0.6666666666666666,0.5483870967741935
0022000967,2021-05-02,1610612749,MIL,W,22020,1610612751,BKN,1,0.6190476190476191,0.6666666666666666,0.671875,0.5806451612903226
0022000972,2021-05-02,1610612760,OKC,L,22020,1610612756,PHX,0,0.328125,0.28125,0.7142857142857143,0.6896551724137931
0022000968,2021-05-02,1610612738,BOS,L,22020,1610612757,POR,0,0.53125,0.6363636363636364,0.5555555555555556,0.6129032258064516
0022000970,2021-05-02,1610612742,DAL,L,22020,1610612758,SAC,0,0.5714285714285714,0.5483870967741935,0.4126984126984127,0.3870967741935484
0022000969,2021-05-02,1610612766,CHA,L,22020,1610612748,MIA,0,0.49206349206349204,0.5666666666666667,0.53125,0.4838709677419355
0022000982,2021-05-03,1610612747,LAL,W,22020,1610612743,DEN,1,0.5625,0.53125,0.671875,0.6333333333333333
0022000975,2021-05-03,1610612765,DET,L,22020,1610612753,ORL,0,0.296875,0.41379310344827586,0.3125,0.3
0022000979,2021-05-03,1610612741,CHI,L,22020,1610612755,PHI,0,0.40625,0.3870967741935484,0.671875,0.5625
0022000978,2021-05-03,1610612737,ATL,W,22020,1610612757,POR,1,0.5384615384615384,0.6333333333333333,0.5625,0.625
0022000980,2021-05-03,1610612763,MEM,L,22020,1610612752,NYK,0,0.5079365079365079,0.45161290322580644,0.5625,0.45161290322580644
0022000977,2021-05-03,1610612740,NOP,L,22020,1610612744,GSW,0,0.453125,0.5151515151515151,0.5,0.38235294117647056
0022000981,2021-05-03,1610612762,UTA,W,22020,1610612759,SAS,1,0.71875,0.8709677419354839,0.49206349206349204,0.6
0022000976,2021-05-03,1610612764,WAS,W,22020,1610612754,IND,1,0.453125,0.48484848484848486,0.47619047619047616,0.5757575757575758
0022000987,2021-05-04,1610612740,NOP,W,22020,1610612744,GSW,1,0.4461538461538462,0.5,0.5076923076923077,0.4
0022000985,2021-05-04,1610612749,MIL,W,22020,1610612751,BKN,1,0.625,0.6774193548387096,0.6615384615384615,0.5625
0022000984,2021-05-04,1610612765,DET,L,22020,1610612766,CHA,0,0.2923076923076923,0.4,0.484375,0.42424242424242425
0022000986,2021-05-04,1610612748,MIA,L,22020,1610612742,DAL,0,0.5384615384615384,0.5757575757575758,0.5625,0.59375
0022000983,2021-05-04,1610612739,CLE,L,22020,1610612756,PHX,0,0.328125,0.3870967741935484,0.71875,0.7
0022000988,2021-05-04,1610612760,OKC,L,22020,1610612758,SAC,0,0.3230769230769231,0.2727272727272727,0.421875,0.40625
0022000989,2021-05-04,1610612746,LAC,W,22020,1610612761,TOR,1,0.6615384615384615,0.7272727272727273,0.4153846153846154,0.3333333333333333
0022000996,2021-05-05,1610612762,UTA,W,22020,1610612759,SAS,1,0.7230769230769231,0.875,0.484375,0.5806451612903226
0022000235,2021-05-05,1610612749,MIL,W,22020,1610612764,WAS,1,0.6307692307692307,0.6875,0.46153846153846156,0.41935483870967744
0022000990,2021-05-05,1610612753,ORL,L,22020,1610612738,BOS,0,0.3230769230769231,0.3235294117647059,0.5230769230769231,0.41935483870967744
0022000995,2021-05-05,1610612743,DEN,W,22020,1610612752,NYK,1,0.6615384615384615,0.7058823529411765,0.5692307692307692,0.46875
0022000993,2021-05-05,1610612754,IND,L,22020,1610612758,SAC,0,0.46875,0.36666666666666664,0.4307692307692308,0.42424242424242425
0022000992,2021-05-05,1610612737,ATL,W,22020,1610612756,PHX,1,0.5454545454545454,0.6451612903225806,0.7230769230769231,0.7096774193548387
0022000183,2021-05-05,1610612750,MIN,L,22020,1610612763,MEM,0,0.3076923076923077,0.375,0.5,0.5625
0022000991,2021-05-05,1610612739,CLE,L,22020,1610612757,POR,0,0.3230769230769231,0.375,0.5538461538461539,0.6060606060606061
0022000994,2021-05-05,1610612745,HOU,L,22020,1610612755,PHI,0,0.24615384615384617,0.23529411764705882,0.676923076923077,0.5757575757575758
0022000434,2021-05-06,1610612766,CHA,L,22020,1610612741,CHI,0,0.49230769230769234,0.5483870967741935,0.4,0.42424242424242425
0022000997,2021-05-06,1610612761,TOR,L,22020,1610612764,WAS,0,0.4090909090909091,0.5,0.45454545454545453,0.40625
0022000999,2021-05-06,1610612765,DET,W,22020,1610612763,MEM,1,0.2878787878787879,0.3870967741935484,0.5076923076923077,0.5757575757575758
0022000998,2021-05-06,1610612742,DAL,W,22020,1610612751,BKN,1,0.5692307692307692,0.53125,0.6515151515151515,0.5454545454545454
0022001000,2021-05-06,1610612754,IND,W,22020,1610612737,ATL,1,0.46153846153846156,0.3548387096774194,0.5522388059701493,0.45714285714285713
0022001001,2021-05-06,1610612744,GSW,W,22020,1610612760,OKC,1,0.5,0.6333333333333333,0.3181818181818182,0.375
0022001002,2021-05-06,1610612746,LAC,W,22020,1610612747,LAL,1,0.6666666666666666,0.7352941176470589,0.5692307692307692,0.59375
0022001005,2021-05-07,1610612748,MIA,W,22020,1610612750,MIN,1,0.5303030303030303,0.5588235294117647,0.30303030303030304,0.24242424242424243
0022001010,2021-05-07,1610612757,POR,W,22020,1610612747,LAL,1,0.5606060606060606,0.5,0.5606060606060606,0.5757575757575758
0022001006,2021-05-07,1610612749,MIL,W,22020,1610612745,HOU,1,0.6363636363636364,0.696969696969697,0.24242424242424243,0.25806451612903225
0022001009,2021-05-07,1610612756,PHX,W,22020,1610612752,NYK,1,0.7121212121212122,0.7352941176470589,0.5606060606060606,0.45454545454545453
0022001004,2021-05-07,1610612766,CHA,W,22020,1610612753,ORL,1,0.48484848484848486,0.53125,0.3181818181818182,0.3225806451612903
0022001003,2021-05-07,1610612755,PHI,W,22020,1610612740,NOP,1,0.6818181818181818,0.78125,0.45454545454545453,0.3870967741935484
0022000160,2021-05-07,1610612741,CHI,W,22020,1610612738,BOS,1,0.4090909090909091,0.375,0.5303030303030303,0.4375
0022001011,2021-05-07,1610612758,SAC,L,22020,1610612759,SAS,0,0.4393939393939394,0.4375,0.47692307692307695,0.5625
0022001008,2021-05-07,1610612762,UTA,W,22020,1610612743,DEN,1,0.7272727272727273,0.8787878787878788,0.6666666666666666,0.6129032258064516
0022001007,2021-05-07,1610612742,DAL,W,22020,1610612739,CLE,1,0.5757575757575758,0.5454545454545454,0.3181818181818182,0.2727272727272727
0022001015,2021-05-08,1610612743,DEN,L,22020,1610612751,BKN,0,0.6567164179104478,0.7142857142857143,0.6417910447761194,0.5294117647058824
0022001013,2021-05-08,1610612755,PHI,W,22020,1610612765,DET,1,0.6865671641791045,0.7878787878787878,0.29850746268656714,0.2
0022001018,2021-05-08,1610612757,POR,W,22020,1610612759,SAS,1,0.5671641791044776,0.5151515151515151,0.48484848484848486,0.5757575757575758
0022001012,2021-05-08,1610612754,IND,L,22020,1610612764,WAS,0,0.4696969696969697,0.375,0.4626865671641791,0.42424242424242425
0022001017,2021-05-08,1610612744,GSW,W,22020,1610612760,OKC,1,0.5074626865671642,0.6451612903225806,0.31343283582089554,0.36363636363636365
0022001016,2021-05-08,1610612762,UTA,W,22020,1610612745,HOU,1,0.7313432835820896,0.8823529411764706,0.23880597014925373,0.25
0022001014,2021-05-08,1610612761,TOR,L,22020,1610612763,MEM,0,0.40298507462686567,0.48484848484848486,0.5,0.5588235294117647
0022001025,2021-05-09,1610612758,SAC,W,22020,1610612760,OKC,1,0.43283582089552236,0.42424242424242425,0.3088235294117647,0.35294117647058826
0022001022,2021-05-09,1610612753,ORL,L,22020,1610612750,MIN,0,0.31343283582089554,0.3142857142857143,0.29850746268656714,0.23529411764705882
0022001021,2021-05-09,1610612739,CLE,L,22020,1610612742,DAL,0,0.31343283582089554,0.36363636363636365,0.582089552238806,0.6060606060606061
0022001020,2021-05-09,1610612766,CHA,L,22020,1610612740,NOP,0,0.4925373134328358,0.5454545454545454,0.44776119402985076,0.375
0022001024,2021-05-09,1610612747,LAL,W,22020,1610612756,PHX,1,0.5522388059701493,0.5454545454545454,0.7164179104477612,0.6875
0022001019,2021-05-09,1610612746,LAC,L,22020,1610612752,NYK,0,0.6716417910447762,0.7428571428571429,0.5522388059701493,0.4411764705882353
0022001023,2021-05-09,1610612765,DET,L,22020,1610612741,CHI,0,0.29411764705882354,0.40625,0.417910447761194,0.4411764705882353
0022000145,2021-05-09,1610612738,BOS,L,22020,1610612748,MIA,0,0.5223880597014925,0.6176470588235294,0.5373134328358209,0.5
0022001026,2021-05-10,1610612737,ATL,W,22020,1610612764,WAS,1,0.5441176470588235,0.65625,0.47058823529411764,0.4411764705882353
0022001031,2021-05-10,1610612757,POR,W,22020,1610612745,HOU,1,0.5735294117647058,0.5294117647058824,0.23529411764705882,0.24242424242424243
0022001028,2021-05-10,1610612763,MEM,W,22020,1610612740,NOP,1,0.5074626865671642,0.4375,0.45588235294117646,0.3939393939393939
0022001029,2021-05-10,1610612759,SAS,W,22020,1610612749,MIL,1,0.47761194029850745,0.3939393939393939,0.6417910447761194,0.5757575757575758
0022001030,2021-05-10,1610612744,GSW,W,22020,1610612762,UTA,1,0.5147058823529411,0.65625,0.7352941176470589,0.5757575757575758
0022001027,2021-05-10,1610612739,CLE,L,22020,1610612754,IND,0,0.3088235294117647,0.35294117647058826,0.4626865671641791,0.5588235294117647
0022001036,2021-05-11,1610612741,CHI,L,22020,1610612751,BKN,0,0.4264705882352941,0.3939393939393939,0.6470588235294118,0.5428571428571428
0022001032,2021-05-11,1610612738,BOS,L,22020,1610612748,MIA,0,0.5147058823529411,0.6,0.5441176470588235,0.5151515151515151
0022000448,2021-05-11,1610612766,CHA,L,22020,1610612743,DEN,0,0.4852941176470588,0.5294117647058824,0.6470588235294118,0.59375
0022001041,2021-05-11,1610612747,LAL,W,22020,1610612752,NYK,1,0.5588235294117647,0.5588235294117647,0.5588235294117647,0.45714285714285713
0022001034,2021-05-11,1610612761,TOR,L,22020,1610612746,LAC,0,0.39705882352941174,0.47058823529411764,0.6617647058823529,0.59375
0022001039,2021-05-11,1610612744,GSW,W,22020,1610612756,PHX,1,0.5217391304347826,0.6666666666666666,0.7058823529411765,0.6666666666666666
0022001040,2021-05-11,1610612758,SAC,W,22020,1610612760,OKC,1,0.4411764705882353,0.4411764705882353,0.30434782608695654,0.34285714285714286
0022001037,2021-05-11,1610612763,MEM,W,22020,1610612742,DAL,1,0.5147058823529411,0.45454545454545453,0.5882352941176471,0.6176470588235294
0022001038,2021-05-11,1610612749,MIL,W,22020,1610612753,ORL,1,0.6323529411764706,0.7058823529411765,0.3088235294117647,0.3125
0022001035,2021-05-11,1610612754,IND,W,22020,1610612755,PHI,1,0.47058823529411764,0.36363636363636365,0.6911764705882353,0.5882352941176471
0022001033,2021-05-11,1610612765,DET,L,22020,1610612750,MIN,0,0.2898550724637681,0.3939393939393939,0.3088235294117647,0.2571428571428571
0022001044,2021-05-12,1610612739,CLE,W,22020,1610612738,BOS,1,0.30434782608695654,0.34285714285714286,0.5072463768115942,0.42424242424242425
0022001042,2021-05-12,1610612737,ATL,W,22020,1610612764,WAS,1,0.5507246376811594,0.6666666666666666,0.463768115942029,0.42857142857142855
0022001043,2021-05-12,1610612751,BKN,W,22020,1610612759,SAS,1,0.6521739130434783,0.7575757575757576,0.4852941176470588,0.5588235294117647
0022001046,2021-05-12,1610612747,LAL,W,22020,1610612745,HOU,1,0.5652173913043478,0.5714285714285714,0.2318840579710145,0.23529411764705882
0022001045,2021-05-12,1610612762,UTA,L,22020,1610612757,POR,0,0.7246376811594203,0.8857142857142857,0.5797101449275363,0.6176470588235294
0022000154,2021-05-12,1610612742,DAL,W,22020,1610612740,NOP,1,0.5797101449275363,0.5588235294117647,0.4492753623188406,0.38235294117647056
0022001051,2021-05-13,1610612741,CHI,W,22020,1610612761,TOR,1,0.42028985507246375,0.38235294117647056,0.391304347826087,0.3235294117647059
0022001049,2021-05-13,1610612737,ATL,W,22020,1610612753,ORL,1,0.5571428571428572,0.6764705882352942,0.30434782608695654,0.30303030303030304
0022000255,2021-05-13,1610612763,MEM,W,22020,1610612758,SAC,1,0.5217391304347826,0.47058823529411764,0.4492753623188406,0.4411764705882353
0022001048,2021-05-13,1610612754,IND,L,22020,1610612749,MIL,0,0.4782608695652174,0.38235294117647056,0.6376811594202898,0.5588235294117647
0022001050,2021-05-13,1610612748,MIA,W,22020,1610612755,PHI,1,0.5507246376811594,0.5714285714285714,0.6811594202898551,0.5714285714285714
0022001052,2021-05-13,1610612750,MIN,L,22020,1610612743,DEN,0,0.3188405797101449,0.36363636363636365,0.6521739130434783,0.6060606060606061
0022001053,2021-05-13,1610612756,PHX,W,22020,1610612757,POR,1,0.6956521739130435,0.7428571428571429,0.5857142857142857,0.6285714285714286
0022000458,2021-05-13,1610612752,NYK,W,22020,1610612759,SAS,1,0.5507246376811594,0.6666666666666666,0.4782608695652174,0.5428571428571428
0022001047,2021-05-13,1610612766,CHA,L,22020,1610612746,LAC,0,0.4782608695652174,0.5142857142857142,0.6666666666666666,0.6060606060606061
0022001058,2021-05-14,1610612745,HOU,W,22020,1610612746,LAC,1,0.22857142857142856,0.22857142857142856,0.6714285714285714,0.6176470588235294
0022001056,2021-05-14,1610612760,OKC,L,22020,1610612762,UTA,0,0.3,0.2647058823529412,0.7142857142857143,0.5588235294117647
0022000204,2021-05-14,1610612764,WAS,W,22020,1610612739,CLE,1,0.45714285714285713,0.5,0.3142857142857143,0.2647058823529412
0022001055,2021-05-14,1610612755,PHI,W,22020,1610612753,ORL,1,0.6714285714285714,0.7941176470588235,0.3,0.29411764705882354
0022001054,2021-05-14,1610612765,DET,L,22020,1610612743,DEN,0,0.2857142857142857,0.38235294117647056,0.6571428571428571,0.6176470588235294
0022000263,2021-05-14,1610612763,MEM,W,22020,1610612758,SAC,1,0.5285714285714286,0.4857142857142857,0.44285714285714284,0.42857142857142855
0022001057,2021-05-14,1610612742,DAL,W,22020,1610612761,TOR,1,0.5857142857142857,0.5714285714285714,0.38571428571428573,0.3142857142857143
0022001059,2021-05-14,1610612744,GSW,W,22020,1610612740,NOP,1,0.5285714285714286,0.6764705882352942,0.44285714285714284,0.37142857142857144
0022001060,2021-05-15,1610612751,BKN,W,22020,1610612741,CHI,1,0.6571428571428571,0.7647058823529411,0.42857142857142855,0.45714285714285713
0022001062,2021-05-15,1610612749,MIL,W,22020,1610612748,MIA,1,0.6428571428571429,0.7142857142857143,0.5571428571428572,0.5294117647058824
0022001064,2021-05-15,1610612752,NYK,W,22020,1610612766,CHA,1,0.5571428571428572,0.6764705882352942,0.4714285714285714,0.4411764705882353
0022001061,2021-05-15,1610612754,IND,L,22020,1610612747,LAL,0,0.4714285714285714,0.37142857142857144,0.5714285714285714,0.5588235294117647
0022001063,2021-05-15,1610612750,MIN,L,22020,1610612738,BOS,0,0.3142857142857143,0.35294117647058826,0.5,0.4117647058823529
0022001065,2021-05-15,1610612759,SAS,L,22020,1610612756,PHX,0,0.4714285714285714,0.4117647058823529,0.7,0.6470588235294118
0022001073,2021-05-16,1610612752,NYK,W,22020,1610612738,BOS,1,0.5633802816901409,0.6857142857142857,0.5070422535211268,0.42857142857142855
0022001080,2021-05-16,1610612764,WAS,W,22020,1610612766,CHA,1,0.4647887323943662,0.5142857142857142,0.4647887323943662,0.42857142857142855
0022001072,2021-05-16,1610612740,NOP,L,22020,1610612747,LAL,0,0.43661971830985913,0.5142857142857142,0.5774647887323944,0.5714285714285714
0022001076,2021-05-16,1610612757,POR,W,22020,1610612743,DEN,1,0.5774647887323944,0.5428571428571428,0.6619718309859155,0.6285714285714286
0022001075,2021-05-16,1610612755,PHI,W,22020,1610612753,ORL,1,0.676056338028169,0.8,0.29577464788732394,0.2857142857142857
0022001069,2021-05-16,1610612765,DET,L,22020,1610612748,MIA,0,0.28169014084507044,0.37142857142857144,0.5492957746478874,0.5142857142857142
0022001071,2021-05-16,1610612750,MIN,W,22020,1610612742,DAL,1,0.30985915492957744,0.34285714285714286,0.5915492957746479,0.6
0022001079,2021-05-16,1610612761,TOR,L,22020,1610612754,IND,0,0.38028169014084506,0.45714285714285713,0.4647887323943662,0.5714285714285714
0022001066,2021-05-16,1610612737,ATL,W,22020,1610612745,HOU,1,0.5633802816901409,0.6857142857142857,0.23943661971830985,0.22857142857142856
0022001078,2021-05-16,1610612759,SAS,L,22020,1610612756,PHX,0,0.4647887323943662,0.4,0.704225352112676,0.6571428571428571
0022001077,2021-05-16,1610612758,SAC,L,22020,1610612762,UTA,0,0.43661971830985913,0.45714285714285713,0.7183098591549296,0.5714285714285714
0022001070,2021-05-16,1610612744,GSW,W,22020,1610612763,MEM,1,0.5352112676056338,0.6857142857142857,0.5352112676056338,0.5714285714285714
0022001067,2021-05-16,1610612751,BKN,W,22020,1610612739,CLE,1,0.6619718309859155,0.7714285714285715,0.30985915492957744,0.2571428571428571
0022001068,2021-05-16,1610612741,CHI,W,22020,1610612749,MIL,1,0.4225352112676056,0.4,0.647887323943662,0.5714285714285714
0022001074,2021-05-16,1610612760,OKC,W,22020,1610612746,LAC,1,0.29577464788732394,0.2571428571428571,0.6619718309859155,0.6
0022100002,2021-10-19,1610612747,LAL,L,22021,1610612744,GSW,0,0.5,0.5,0.5,0.5
0022100001,2021-10-19,1610612749,MIL,W,22021,1610612751,BKN,1,0.5,0.5,0.5,0.5
0022100006,2021-10-20,1610612761,TOR,L,22021,1610612764,WAS,0,0.5,0.5,0.5,0.5
0022100013,2021-10-20,1610612757,POR,L,22021,1610612758,SAC,0,0.5,0.5,0.5,0.5
0022100012,2021-10-20,1610612756,PHX,L,22021,1610612743,DEN,0,0.5,0.5,0.5,0.5
0022100005,2021-10-20,1610612752,NYK,W,22021,1610612738,BOS,1,0.5,0.5,0.5,0.5
0022100008,2021-10-20,1610612750,MIN,W,22021,1610612745,HOU,1,0.5,0.5,0.5,0.5
0022100010,2021-10-20,1610612759,SAS,W,22021,1610612753,ORL,1,0.5,0.5,0.5,0.5
0022100009,2021-10-20,1610612740,NOP,L,22021,1610612755,PHI,0,0.5,0.5,0.5,0.5
0022100007,2021-10-20,1610612763,MEM,W,22021,1610612739,CLE,1,0.5,0.5,0.5,0.5
0022100003,2021-10-20,1610612766,CHA,W,22021,1610612754,IND,1,0.5,0.5,0.5,0.5
0022100004,2021-10-20,1610612765,DET,L,22021,1610612741,CHI,0,0.5,0.5,0.5,0.5
0022100011,2021-10-20,1610612762,UTA,W,22021,1610612760,OKC,1,0.5,0.5,0.5,0.5
0022100014,2021-10-21,1610612737,ATL,W,22021,1610612742,DAL,1,0.5,0.5,0.5,0.5
0022100015,2021-10-21,1610612748,MIA,W,22021,1610612749,MIL,1,0.5,0.5,1.0,0.5
0022100016,2021-10-21,1610612744,GSW,W,22021,1610612746,LAC,1,1.0,0.5,0.5,0.5
0022100023,2021-10-22,1610612745,HOU,W,22021,1610612760,OKC,1,0.0,0.5,0.0,0.0
0022100018,2021-10-22,1610612753,ORL,L,22021,1610612752,NYK,0,0.0,0.5,1.0,0.5
0022100017,2021-10-22,1610612739,CLE,L,22021,1610612766,CHA,0,0.0,0.5,1.0,0.5
0022100024,2021-10-22,1610612743,DEN,W,22021,1610612759,SAS,1,1.0,0.5,1.0,0.5
0022100025,2021-10-22,1610612747,LAL,L,22021,1610612756,PHX,0,0.0,0.0,0.0,0.5
0022100020,2021-10-22,1610612738,BOS,L,22021,1610612761,TOR,0,0.0,0.5,0.0,0.5
0022100019,2021-10-22,1610612764,WAS,W,22021,1610612754,IND,1,1.0,0.5,0.0,0.0
0022100026,2021-10-22,1610612758,SAC,L,22021,1610612762,UTA,0,1.0,0.5,1.0,0.5
0022100022,2021-10-22,1610612741,CHI,W,22021,1610612740,NOP,1,1.0,0.5,0.0,0.5
0022100021,2021-10-22,1610612755,PHI,L,22021,1610612751,BKN,0,1.0,0.5,0.0,0.0
0022100034,2021-10-23,1610612746,LAC,L,22021,1610612763,MEM,0,0.0,0.5,1.0,0.5
0022100031,2021-10-23,1610612750,MIN,W,22021,1610612740,NOP,1,1.0,1.0,0.0,0.0
0022100033,2021-10-23,1610612757,POR,W,22021,1610612756,PHX,1,0.0,0.0,0.5,1.0
0022100030,2021-10-23,1610612741,CHI,W,22021,1610612765,DET,1,1.0,1.0,0.0,0.5
0022100028,2021-10-23,1610612754,IND,W,22021,1610612748,MIA,1,0.0,0.5,1.0,0.5
0022100029,2021-10-23,1610612761,TOR,L,22021,1610612742,DAL,0,0.5,0.0,0.0,0.0
0022100032,2021-10-23,1610612759,SAS,L,22021,1610612749,MIL,0,0.5,1.0,0.5,0.0
0022100027,2021-10-23,1610612739,CLE,W,22021,1610612737,ATL,1,0.0,0.0,1.0,0.5
0022100037,2021-10-24,1610612745,HOU,L,22021,1610612738,BOS,0,0.5,1.0,0.0,0.0
0022100035,2021-10-24,1610612751,BKN,L,22021,1610612766,CHA,0,0.5,0.5,1.0,1.0
0022100036,2021-10-24,1610612752,NYK,L,22021,1610612753,ORL,0,1.0,1.0,0.0,0.0
0022100039,2021-10-24,1610612758,SAC,L,22021,1610612744,GSW,0,0.5,0.0,1.0,1.0
0022100040,2021-10-24,1610612747,LAL,W,22021,1610612763,MEM,1,0.0,0.0,1.0,1.0
0022100038,2021-10-24,1610612760,OKC,L,22021,1610612755,PHI,0,0.0,0.5,0.5,1.0
0022100045,2021-10-25,1610612748,MIA,W,22021,1610612753,ORL,1,0.5,1.0,0.3333333333333333,0.5
0022100046,2021-10-25,1610612761,TOR,L,22021,1610612741,CHI,0,0.3333333333333333,0.0,1.0,1.0
0022100049,2021-10-25,1610612746,LAC,W,22021,1610612757,POR,1,0.0,0.0,0.5,0.5
0022100044,2021-10-25,1610612751,BKN,W,22021,1610612764,WAS,1,0.3333333333333333,0.0,1.0,1.0
0022100047,2021-10-25,1610612750,MIN,L,22021,1610612740,NOP,0,1.0,1.0,0.0,0.0
0022100043,2021-10-25,1610612737,ATL,W,22021,1610612765,DET,1,0.5,1.0,0.0,0.0
0022100042,2021-10-25,1610612754,IND,L,22021,1610612749,MIL,0,0.3333333333333333,1.0,0.6666666666666666,0.5
0022100048,2021-10-25,1610612743,DEN,L,22021,1610612739,CLE,0,1.0,1.0,0.3333333333333333,0.0
0022100041,2021-10-25,1610612766,CHA,L,22021,1610612738,BOS,0,1.0,1.0,0.3333333333333333,0.5
0022100052,2021-10-26,1610612742,DAL,W,22021,1610612745,HOU,1,0.5,0.5,0.3333333333333333,0.0
0022100050,2021-10-26,1610612752,NYK,W,22021,1610612755,PHI,1,0.6666666666666666,0.5,0.6666666666666666,1.0
0022100051,2021-10-26,1610612760,OKC,L,22021,1610612744,GSW,0,0.0,0.0,1.0,1.0
0022100053,2021-10-26,1610612759,SAS,L,22021,1610612747,LAL,0,0.3333333333333333,0.5,0.3333333333333333,0.5
0022100054,2021-10-26,1610612762,UTA,W,22021,1610612743,DEN,1,1.0,1.0,0.6666666666666666,1.0
0022100062,2021-10-27,1610612756,PHX,L,22021,1610612758,SAC,0,0.3333333333333333,0.0,0.3333333333333333,1.0
0022100060,2021-10-27,1610612749,MIL,L,22021,1610612750,MIN,0,0.75,1.0,0.6666666666666666,0.5
0022100058,2021-10-27,1610612761,TOR,W,22021,1610612754,IND,1,0.25,0.0,0.25,0.0
0022100056,2021-10-27,1610612738,BOS,L,22021,1610612764,WAS,0,0.5,0.0,0.6666666666666666,0.5
0022100063,2021-10-27,1610612757,POR,W,22021,1610612763,MEM,1,0.3333333333333333,0.5,0.6666666666666666,0.5
0022100057,2021-10-27,1610612751,BKN,L,22021,1610612748,MIA,0,0.5,0.5,0.6666666666666666,0.0
0022100055,2021-10-27,1610612753,ORL,L,22021,1610612766,CHA,0,0.25,0.0,0.75,1.0
0022100064,2021-10-27,1610612746,LAC,L,22021,1610612739,CLE,0,0.3333333333333333,0.5,0.5,0.5
0022100059,2021-10-27,1610612740,NOP,L,22021,1610612737,ATL,0,0.25,0.0,0.6666666666666666,0.0
0022100061,2021-10-27,1610612760,OKC,W,22021,1610612747,LAL,1,0.0,0.0,0.5,1.0
0022100069,2021-10-28,1610612742,DAL,W,22021,1610612759,SAS,1,0.6666666666666666,1.0,0.25,0.0
0022100065,2021-10-28,1610612755,PHI,W,22021,1610612765,DET,1,0.5,0.0,0.0,0.0
0022100066,2021-10-28,1610612764,WAS,W,22021,1610612737,ATL,1,0.75,1.0,0.75,0.5
0022100067,2021-10-28,1610612741,CHI,L,22021,1610612752,NYK,0,1.0,1.0,0.75,1.0
0022100070,2021-10-28,1610612744,GSW,L,22021,1610612763,MEM,0,1.0,1.0,0.5,0.3333333333333333
0022100068,2021-10-28,1610612745,HOU,L,22021,1610612762,UTA,0,0.25,0.5,1.0,1.0
0022100076,2021-10-29,1610612757,POR,W,22021,1610612746,LAC,1,0.5,0.6666666666666666,0.25,0.0
0022100074,2021-10-29,1610612740,NOP,L,22021,1610612758,SAC,0,0.2,0.0,0.5,1.0
0022100072,2021-10-29,1610612751,BKN,W,22021,1610612754,IND,1,0.4,0.3333333333333333,0.2,0.0
0022100073,2021-10-29,1610612748,MIA,W,22021,1610612766,CHA,1,0.75,1.0,0.8,1.0
0022100077,2021-10-29,1610612747,LAL,W,22021,1610612739,CLE,1,0.4,0.3333333333333333,0.6,0.6666666666666666
0022100075,2021-10-29,1610612743,DEN,W,22021,1610612742,DAL,1,0.5,0.5,0.75,0.5
0022100071,2021-10-29,1610612761,TOR,W,22021,1610612753,ORL,1,0.4,0.25,0.2,0.3333333333333333
0022100081,2021-10-30,1610612754,IND,L,22021,1610612761,TOR,0,0.16666666666666666,0.5,0.5,1.0
0022100087,2021-10-30,1610612750,MIN,L,22021,1610612743,DEN,0,0.75,0.6666666666666666,0.6,0.5
0022100086,2021-10-30,1610612744,GSW,W,22021,1610612760,OKC,1,0.8,0.5,0.2,0.0
0022100079,2021-10-30,1610612765,DET,W,22021,1610612753,ORL,1,0.0,0.0,0.16666666666666666,0.25
0022100084,2021-10-30,1610612763,MEM,L,22021,1610612748,MIA,0,0.6,1.0,0.8,0.5
0022100083,2021-10-30,1610612741,CHI,W,22021,1610612762,UTA,1,0.8,0.6666666666666666,1.0,1.0
0022100078,2021-10-30,1610612764,WAS,W,22021,1610612738,BOS,1,0.8,1.0,0.4,0.6666666666666666
0022100080,2021-10-30,1610612740,NOP,L,22021,1610612752,NYK,0,0.16666666666666666,0.0,0.8,1.0
0022100088,2021-10-30,1610612756,PHX,W,22021,1610612739,CLE,1,0.25,0.0,0.5,0.5
0022100085,2021-10-30,1610612749,MIL,L,22021,1610612759,SAS,0,0.6,0.5,0.2,0.0
0022100082,2021-10-30,1610612755,PHI,W,22021,1610612737,ATL,1,0.6,0.5,0.6,0.3333333333333333
0022100089,2021-10-31,1610612742,DAL,W,22021,1610612758,SAC,1,0.6,1.0,0.6,1.0
0022100092,2021-10-31,1610612751,BKN,W,22021,1610612765,DET,1,0.5,0.5,0.2,0.0
0022100093,2021-10-31,1610612747,LAL,W,22021,1610612745,HOU,1,0.5,0.5,0.2,0.0
0022100091,2021-10-31,1610612749,MIL,L,22021,1610612762,UTA,0,0.5,0.3333333333333333,0.8,0.6666666666666666
0022100090,2021-10-31,1610612766,CHA,W,22021,1610612757,POR,1,0.6666666666666666,0.5,0.6,0.0
0022100097,2021-11-01,1610612737,ATL,W,22021,1610612764,WAS,1,0.5,1.0,0.8333333333333334,0.6666666666666666
0022100102,2021-11-01,1610612746,LAC,W,22021,1610612760,OKC,1,0.2,0.3333333333333333,0.16666666666666666,0.0
0022100099,2021-11-01,1610612752,NYK,L,22021,1610612761,TOR,0,0.8333333333333334,0.6666666666666666,0.5714285714285714,1.0
0022100100,2021-11-01,1610612763,MEM,W,22021,1610612743,DEN,1,0.5,0.5,0.6666666666666666,0.6666666666666666
0022100096,2021-11-01,1610612755,PHI,W,22021,1610612757,POR,1,0.6666666666666666,0.6666666666666666,0.5,0.0
0022100094,2021-11-01,1610612766,CHA,L,22021,1610612739,CLE,0,0.7142857142857143,0.6666666666666666,0.42857142857142855,0.4
0022100101,2021-11-01,1610612750,MIN,L,22021,1610612753,ORL,0,0.6,0.5,0.14285714285714285,0.2
0022100095,2021-11-01,1610612754,IND,W,22021,1610612759,SAS,1,0.14285714285714285,0.3333333333333333,0.3333333333333333,0.3333333333333333
0022100098,2021-11-01,1610612738,BOS,L,22021,1610612741,CHI,0,0.3333333333333333,0.0,0.8333333333333334,1.0
0022100103,2021-11-02,1610612765,DET,L,22021,1610612749,MIL,0,0.16666666666666666,0.5,0.42857142857142855,0.6666666666666666
0022100106,2021-11-02,1610612756,PHX,W,22021,1610612740,NOP,1,0.4,0.3333333333333333,0.14285714285714285,0.3333333333333333
0022100105,2021-11-02,1610612762,UTA,W,22021,1610612758,SAC,1,0.8333333333333334,1.0,0.5,0.75
0022100107,2021-11-02,1610612747,LAL,W,22021,1610612745,HOU,1,0.5714285714285714,0.6,0.16666666666666666,0.0
0022100104,2021-11-02,1610612742,DAL,L,22021,1610612748,MIA,0,0.6666666666666666,1.0,0.8333333333333334,0.6666666666666666
0022100118,2021-11-03,1610612758,SAC,W,22021,1610612740,NOP,1,0.42857142857142855,0.0,0.125,0.25
0022100113,2021-11-03,1610612751,BKN,W,22021,1610612737,ATL,1,0.5714285714285714,0.6,0.5714285714285714,0.25
0022100111,2021-11-03,1610612755,PHI,W,22021,1610612741,CHI,1,0.7142857142857143,0.75,0.8571428571428571,1.0
0022100114,2021-11-03,1610612763,MEM,W,22021,1610612743,DEN,1,0.5714285714285714,0.6666666666666666,0.5714285714285714,0.5
0022100115,2021-11-03,1610612750,MIN,L,22021,1610612746,LAC,0,0.5,0.4,0.3333333333333333,0.0
0022100109,2021-11-03,1610612754,IND,W,22021,1610612752,NYK,1,0.25,0.5,0.7142857142857143,1.0
0022100116,2021-11-03,1610612759,SAS,L,22021,1610612742,DAL,0,0.2857142857142857,0.3333333333333333,0.5714285714285714,0.3333333333333333
0022100117,2021-11-03,1610612744,GSW,W,22021,1610612766,CHA,1,0.8333333333333334,0.6666666666666666,0.625,0.75
0022100110,2021-11-03,1610612753,ORL,L,22021,1610612738,BOS,0,0.25,0.0,0.2857142857142857,0.5
0022100112,2021-11-03,1610612764,WAS,L,22021,1610612761,TOR,0,0.7142857142857143,1.0,0.625,1.0
0022100108,2021-11-03,1610612739,CLE,W,22021,1610612757,POR,1,0.5,0.5,0.42857142857142855,0.0
0022100120,2021-11-04,1610612737,ATL,L,22021,1610612762,UTA,0,0.5,1.0,0.8571428571428571,0.75
0022100122,2021-11-04,1610612756,PHX,W,22021,1610612745,HOU,1,0.5,0.5,0.14285714285714285,0.0
0022100119,2021-11-04,1610612765,DET,L,22021,1610612755,PHI,0,0.14285714285714285,0.3333333333333333,0.75,0.6666666666666666
0022100121,2021-11-04,1610612748,MIA,L,22021,1610612738,BOS,0,0.8571428571428571,1.0,0.375,0.6
0022100123,2021-11-04,1610612747,LAL,L,22021,1610612760,OKC,0,0.625,0.6666666666666666,0.14285714285714285,0.0
0022100128,2021-11-05,1610612749,MIL,L,22021,1610612752,NYK,0,0.5,0.25,0.625,0.75
0022100125,2021-11-05,1610612753,ORL,L,22021,1610612759,SAS,0,0.2222222222222222,0.0,0.25,0.25
0022100124,2021-11-05,1610612765,DET,L,22021,1610612751,BKN,0,0.125,0.25,0.625,0.5
0022100131,2021-11-05,1610612757,POR,W,22021,1610612754,IND,1,0.375,0.75,0.3333333333333333,0.0
0022100126,2021-11-05,1610612764,WAS,W,22021,1610612763,MEM,1,0.625,0.75,0.625,0.5
0022100129,2021-11-05,1610612750,MIN,L,22021,1610612746,LAC,0,0.42857142857142855,0.3333333333333333,0.42857142857142855,0.3333333333333333
0022100127,2021-11-05,1610612761,TOR,L,22021,1610612739,CLE,0,0.6666666666666666,0.4,0.5555555555555556,0.5
0022100130,2021-11-05,1610612744,GSW,W,22021,1610612740,NOP,1,0.8571428571428571,0.75,0.1111111111111111,0.2
0022100132,2021-11-05,1610612758,SAC,W,22021,1610612766,CHA,1,0.5,0.3333333333333333,0.5555555555555556,0.6
0022100136,2021-11-06,1610612742,DAL,W,22021,1610612738,BOS,1,0.625,0.75,0.4444444444444444,0.6666666666666666
0022100135,2021-11-06,1610612741,CHI,L,22021,1610612755,PHI,0,0.75,0.75,0.7777777777777778,0.75
0022100134,2021-11-06,1610612748,MIA,W,22021,1610612762,UTA,1,0.75,0.75,0.875,0.8
0022100133,2021-11-06,1610612743,DEN,W,22021,1610612745,HOU,1,0.5,0.6666666666666666,0.125,0.0
0022100138,2021-11-06,1610612757,POR,W,22021,1610612747,LAL,1,0.4444444444444444,0.8,0.5555555555555556,0.5
0022100137,2021-11-06,1610612756,PHX,W,22021,1610612737,ATL,1,0.5714285714285714,0.6,0.4444444444444444,0.2
0022100140,2021-11-07,1610612752,NYK,L,22021,1610612739,CLE,0,0.6666666666666666,0.5,0.6,0.5714285714285714
0022100141,2021-11-07,1610612753,ORL,W,22021,1610612762,UTA,1,0.2,0.0,0.7777777777777778,0.6666666666666666
0022100139,2021-11-07,1610612761,TOR,L,22021,1610612751,BKN,0,0.6,0.3333333333333333,0.6666666666666666,0.6666666666666666
0022100145,2021-11-07,1610612744,GSW,W,22021,1610612745,HOU,1,0.875,0.8,0.1111111111111111,0.0
0022100143,2021-11-07,1610612758,SAC,L,22021,1610612754,IND,0,0.5555555555555556,0.5,0.3,0.0
0022100144,2021-11-07,1610612760,OKC,W,22021,1610612759,SAS,1,0.25,0.3333333333333333,0.3333333333333333,0.4
0022100146,2021-11-07,1610612746,LAC,W,22021,1610612766,CHA,1,0.5,0.5,0.5,0.5
0022100142,2021-11-07,1610612764,WAS,W,22021,1610612749,MIL,1,0.6666666666666666,0.8,0.4444444444444444,0.75
0022100148,2021-11-08,1610612741,CHI,W,22021,1610612751,BKN,1,0.6666666666666666,0.6,0.7,0.75
0022100150,2021-11-08,1610612742,DAL,W,22021,1610612740,NOP,1,0.6666666666666666,0.8,0.1,0.16666666666666666
0022100152,2021-11-08,1610612744,GSW,W,22021,1610612737,ATL,1,0.8888888888888888,0.8333333333333334,0.4,0.16666666666666666
0022100147,2021-11-08,1610612755,PHI,L,22021,1610612752,NYK,0,0.8,0.8,0.6,0.8
0022100149,2021-11-08,1610612763,MEM,W,22021,1610612750,MIN,1,0.5555555555555556,0.75,0.375,1.0
0022100154,2021-11-08,1610612747,LAL,W,22021,1610612766,CHA,1,0.5,0.5714285714285714,0.45454545454545453,0.42857142857142855
0022100153,2021-11-08,1610612758,SAC,L,22021,1610612756,PHX,0,0.5,0.4,0.625,0.5
0022100151,2021-11-08,1610612743,DEN,W,22021,1610612748,MIA,1,0.5555555555555556,0.75,0.7777777777777778,0.75
0022100155,2021-11-09,1610612755,PHI,L,22021,1610612749,MIL,0,0.7272727272727273,0.6666666666666666,0.4,0.6
0022100156,2021-11-09,1610612762,UTA,W,22021,1610612737,ATL,1,0.7,1.0,0.36363636363636365,0.14285714285714285
0022100157,2021-11-09,1610612746,LAC,W,22021,1610612757,POR,1,0.5555555555555556,0.6,0.5,0.0
0022100169,2021-11-10,1610612744,GSW,W,22021,1610612750,MIN,1,0.9,0.8571428571428571,0.3333333333333333,0.5
0022100166,2021-11-10,1610612759,SAS,W,22021,1610612758,SAC,1,0.3,0.25,0.45454545454545453,0.6
0022100168,2021-11-10,1610612756,PHX,W,22021,1610612757,POR,1,0.6666666666666666,0.6666666666666666,0.45454545454545453,0.0
0022100167,2021-11-10,1610612743,DEN,W,22021,1610612754,IND,1,0.6,0.8,0.36363636363636365,0.16666666666666666
0022100164,2021-11-10,1610612763,MEM,L,22021,1610612766,CHA,0,0.6,0.8,0.4166666666666667,0.375
0022100162,2021-11-10,1610612745,HOU,L,22021,1610612765,DET,0,0.1,0.3333333333333333,0.1111111111111111,0.0
0022100170,2021-11-10,1610612747,LAL,W,22021,1610612748,MIA,1,0.5454545454545454,0.625,0.7,0.6
0022100159,2021-11-10,1610612753,ORL,L,22021,1610612751,BKN,0,0.2727272727272727,0.2,0.6363636363636364,0.6
0022100163,2021-11-10,1610612741,CHI,W,22021,1610612742,DAL,1,0.7,0.6666666666666666,0.7,0.5
0022100161,2021-11-10,1610612752,NYK,L,22021,1610612749,MIL,0,0.6363636363636364,0.4,0.45454545454545453,0.6666666666666666
0022100158,2021-11-10,1610612739,CLE,L,22021,1610612764,WAS,0,0.6363636363636364,0.6666666666666666,0.7,0.5
0022100165,2021-11-10,1610612740,NOP,L,22021,1610612760,OKC,0,0.09090909090909091,0.0,0.3333333333333333,0.2
0022100160,2021-11-10,1610612738,BOS,W,22021,1610612761,TOR,1,0.4,0.0,0.5454545454545454,1.0
0022100171,2021-11-11,1610612755,PHI,L,22021,1610612761,TOR,0,0.6666666666666666,0.5714285714285714,0.5,0.8
0022100172,2021-11-11,1610612762,UTA,L,22021,1610612754,IND,0,0.7272727272727273,1.0,0.3333333333333333,0.14285714285714285
0022100173,2021-11-11,1610612746,LAC,W,22021,1610612748,MIA,1,0.6,0.6666666666666666,0.6363636363636364,0.5
0022100184,2021-11-12,1610612747,LAL,L,22021,1610612750,MIN,0,0.5833333333333334,0.6666666666666666,0.3,0.3333333333333333
0022100179,2021-11-12,1610612740,NOP,L,22021,1610612751,BKN,0,0.08333333333333333,0.0,0.6666666666666666,0.6666666666666666
0022100176,2021-11-12,1610612739,CLE,W,22021,1610612765,DET,1,0.5833333333333334,0.5,0.2,0.2
0022100178,2021-11-12,1610612763,MEM,L,22021,1610612756,PHX,0,0.5454545454545454,0.6666666666666666,0.7,0.6666666666666666
0022100180,2021-11-12,1610612760,OKC,W,22021,1610612758,SAC,1,0.4,0.5,0.4166666666666667,0.5
0022100175,2021-11-12,1610612738,BOS,W,22021,1610612749,MIL,1,0.45454545454545453,0.25,0.5,0.7142857142857143
0022100177,2021-11-12,1610612745,HOU,L,22021,1610612757,POR,0,0.09090909090909091,0.25,0.4166666666666667,0.0
0022100181,2021-11-12,1610612759,SAS,L,22021,1610612742,DAL,0,0.36363636363636365,0.4,0.6363636363636364,0.4
0022100183,2021-11-12,1610612744,GSW,W,22021,1610612741,CHI,1,0.9090909090909091,0.875,0.7272727272727273,0.75
0022100174,2021-11-12,1610612766,CHA,W,22021,1610612752,NYK,1,0.46153846153846156,0.5,0.5833333333333334,0.8333333333333334
0022100182,2021-11-12,1610612743,DEN,W,22021,1610612737,ATL,1,0.6363636363636364,0.8333333333333334,0.3333333333333333,0.125
0022100185,2021-11-13,1610612762,UTA,L,22021,1610612748,MIA,0,0.6666666666666666,0.8,0.5833333333333334,0.42857142857142855
0022100191,2021-11-13,1610612746,LAC,W,22021,1610612750,MIN,1,0.6363636363636364,0.7142857142857143,0.36363636363636365,0.5
0022100186,2021-11-13,1610612754,IND,W,22021,1610612755,PHI,1,0.38461538461538464,0.6,0.6153846153846154,0.8
0022100190,2021-11-13,1610612739,CLE,W,22021,1610612738,BOS,1,0.6153846153846154,0.6,0.5,0.5714285714285714
0022100189,2021-11-13,1610612761,TOR,L,22021,1610612765,DET,0,0.5384615384615384,0.2857142857142857,0.18181818181818182,0.16666666666666666
0022100187,2021-11-13,1610612753,ORL,L,22021,1610612764,WAS,0,0.25,0.16666666666666666,0.7272727272727273,0.6
0022100188,2021-11-13,1610612740,NOP,W,22021,1610612763,MEM,1,0.07692307692307693,0.0,0.5,0.4
0022100192,2021-11-14,1610612747,LAL,W,22021,1610612759,SAS,1,0.5384615384615384,0.6,0.3333333333333333,0.3333333333333333
0022100196,2021-11-14,1610612760,OKC,L,22021,1610612751,BKN,0,0.45454545454545453,0.6,0.6923076923076923,0.7142857142857143
0022100197,2021-11-14,1610612743,DEN,W,22021,1610612757,POR,1,0.6666666666666666,0.8571428571428571,0.46153846153846156,0.14285714285714285
0022100194,2021-11-14,1610612766,CHA,W,22021,1610612744,GSW,1,0.5,0.6,0.9166666666666666,1.0
0022100195,2021-11-14,1610612745,HOU,L,22021,1610612756,PHX,0,0.08333333333333333,0.2,0.7272727272727273,0.75
0022100198,2021-11-14,1610612746,LAC,L,22021,1610612741,CHI,0,0.6666666666666666,0.75,0.6666666666666666,0.6
0022100193,2021-11-14,1610612737,ATL,W,22021,1610612749,MIL,1,0.3076923076923077,0.75,0.46153846153846156,0.625
0022100202,2021-11-15,1610612737,ATL,W,22021,1610612753,ORL,1,0.35714285714285715,0.8,0.23076923076923078,0.3333333333333333
0022100200,2021-11-15,1610612765,DET,L,22021,1610612758,SAC,0,0.25,0.2,0.38461538461538464,0.42857142857142855
0022100206,2021-11-15,1610612750,MIN,L,22021,1610612756,PHX,0,0.3333333333333333,0.2857142857142857,0.75,0.8
0022100207,2021-11-15,1610612760,OKC,L,22021,1610612748,MIA,0,0.4166666666666667,0.5,0.6153846153846154,0.5
0022100199,2021-11-15,1610612739,CLE,L,22021,1610612738,BOS,0,0.6428571428571429,0.6666666666666666,0.46153846153846156,0.5
0022100203,2021-11-15,1610612752,NYK,W,22021,1610612754,IND,1,0.5384615384615384,0.3333333333333333,0.42857142857142855,0.25
0022100208,2021-11-15,1610612757,POR,W,22021,1610612761,TOR,1,0.42857142857142855,0.8333333333333334,0.5,0.8333333333333334
0022100209,2021-11-15,1610612747,LAL,L,22021,1610612741,CHI,0,0.5714285714285714,0.6363636363636364,0.6923076923076923,0.6666666666666666
0022100204,2021-11-15,1610612742,DAL,W,22021,1610612743,DEN,1,0.6666666666666666,0.8333333333333334,0.6923076923076923,0.4
0022100201,2021-11-15,1610612764,WAS,W,22021,1610612740,NOP,1,0.75,0.8333333333333334,0.14285714285714285,0.14285714285714285
0022100205,2021-11-15,1610612763,MEM,W,22021,1610612745,HOU,1,0.46153846153846156,0.5714285714285714,0.07692307692307693,0.0
0022100210,2021-11-16,1610612751,BKN,L,22021,1610612744,GSW,0,0.7142857142857143,0.6666666666666666,0.8461538461538461,0.75
0022100212,2021-11-16,1610612746,LAC,W,22021,1610612759,SAS,1,0.6153846153846154,0.6666666666666666,0.3076923076923077,0.2857142857142857
0022100211,2021-11-16,1610612762,UTA,W,22021,1610612755,PHI,1,0.6153846153846154,0.6666666666666666,0.5714285714285714,0.6666666666666666
0022100217,2021-11-17,1610612748,MIA,W,22021,1610612740,NOP,1,0.6428571428571429,0.8,0.13333333333333333,0.125
0022100216,2021-11-17,1610612751,BKN,W,22021,1610612739,CLE,1,0.6666666666666666,0.5714285714285714,0.6,0.625
0022100220,2021-11-17,1610612750,MIN,W,22021,1610612758,SAC,1,0.3076923076923077,0.25,0.42857142857142855,0.5
0022100213,2021-11-17,1610612766,CHA,W,22021,1610612764,WAS,1,0.5333333333333333,0.6666666666666666,0.7692307692307693,0.6666666666666666
0022100214,2021-11-17,1610612765,DET,W,22021,1610612754,IND,1,0.23076923076923078,0.16666666666666666,0.4,0.2222222222222222
0022100223,2021-11-17,1610612757,POR,W,22021,1610612741,CHI,1,0.4666666666666667,0.8571428571428571,0.7142857142857143,0.7142857142857143
0022100215,2021-11-17,1610612737,ATL,W,22021,1610612738,BOS,1,0.4,0.8333333333333334,0.5,0.5555555555555556
0022100222,2021-11-17,1610612756,PHX,W,22021,1610612742,DAL,1,0.7692307692307693,0.7142857142857143,0.6923076923076923,0.5
0022100218,2021-11-17,1610612752,NYK,L,22021,1610612753,ORL,0,0.5714285714285714,0.42857142857142855,0.21428571428571427,0.2857142857142857
0022100219,2021-11-17,1610612749,MIL,W,22021,1610612747,LAL,1,0.42857142857142855,0.2,0.5333333333333333,0.3333333333333333
0022100221,2021-11-17,1610612760,OKC,W,22021,1610612745,HOU,1,0.38461538461538464,0.42857142857142855,0.07142857142857142,0.0
0022100224,2021-11-18,1610612739,CLE,L,22021,1610612744,GSW,0,0.5625,0.5714285714285714,0.8571428571428571,0.8
0022100228,2021-11-18,1610612743,DEN,L,22021,1610612755,PHI,0,0.6428571428571429,0.875,0.5333333333333333,0.5714285714285714
0022100226,2021-11-18,1610612763,MEM,W,22021,1610612746,LAC,1,0.5,0.625,0.6428571428571429,0.5
0022100225,2021-11-18,1610612748,MIA,W,22021,1610612764,WAS,1,0.6666666666666666,0.8333333333333334,0.7142857142857143,0.5714285714285714
0022100227,2021-11-18,1610612750,MIN,W,22021,1610612759,SAS,1,0.35714285714285715,0.3333333333333333,0.2857142857142857,0.25
0022100229,2021-11-18,1610612762,UTA,W,22021,1610612761,TOR,1,0.6428571428571429,0.7142857142857143,0.4666666666666667,0.7142857142857143
0022100231,2021-11-19,1610612765,DET,L,22021,1610612744,GSW,0,0.2857142857142857,0.2857142857142857,0.8666666666666667,0.8333333333333334
0022100235,2021-11-19,1610612740,NOP,W,22021,1610612746,LAC,1,0.125,0.14285714285714285,0.6,0.4
0022100233,2021-11-19,1610612751,BKN,W,22021,1610612753,ORL,1,0.6875,0.625,0.26666666666666666,0.375
0022100236,2021-11-19,1610612743,DEN,L,22021,1610612741,CHI,0,0.6,0.7777777777777778,0.6666666666666666,0.625
0022100237,2021-11-19,1610612756,PHX,W,22021,1610612742,DAL,1,0.7857142857142857,0.75,0.6428571428571429,0.42857142857142855
0022100234,2021-11-19,1610612749,MIL,W,22021,1610612760,OKC,1,0.4666666666666667,0.3333333333333333,0.42857142857142855,0.3333333333333333
0022100232,2021-11-19,1610612738,BOS,W,22021,1610612747,LAL,1,0.4666666666666667,0.4,0.5,0.25
0022100238,2021-11-19,1610612758,SAC,L,22021,1610612761,TOR,0,0.4,0.3333333333333333,0.4375,0.625
0022100230,2021-11-19,1610612766,CHA,W,22021,1610612754,IND,1,0.5625,0.7142857142857143,0.375,0.2
0022100244,2021-11-20,1610612749,MIL,W,22021,1610612753,ORL,1,0.5,0.42857142857142855,0.25,0.3333333333333333
0022100239,2021-11-20,1610612752,NYK,W,22021,1610612745,HOU,1,0.5333333333333333,0.375,0.06666666666666667,0.0
0022100246,2021-11-20,1610612757,POR,W,22021,1610612755,PHI,1,0.5,0.875,0.5625,0.625
0022100240,2021-11-20,1610612754,IND,W,22021,1610612740,NOP,1,0.35294117647058826,0.6666666666666666,0.17647058823529413,0.1111111111111111
0022100242,2021-11-20,1610612737,ATL,W,22021,1610612766,CHA,1,0.4375,0.8571428571428571,0.5882352941176471,0.4444444444444444
0022100243,2021-11-20,1610612738,BOS,W,22021,1610612760,OKC,1,0.5,0.5,0.4,0.2857142857142857
0022100247,2021-11-20,1610612758,SAC,L,22021,1610612762,UTA,0,0.375,0.2857142857142857,0.6666666666666666,0.5714285714285714
0022100245,2021-11-20,1610612750,MIN,W,22021,1610612763,MEM,1,0.4,0.4,0.5333333333333333,0.3333333333333333
0022100241,2021-11-20,1610612764,WAS,W,22021,1610612748,MIA,1,0.6666666666666666,0.8571428571428571,0.6875,0.5555555555555556
0022100248,2021-11-21,1610612746,LAC,W,22021,1610612742,DAL,1,0.5625,0.7,0.6,0.375
0022100252,2021-11-21,1610612744,GSW,W,22021,1610612761,TOR,1,0.875,0.8888888888888888,0.47058823529411764,0.6666666666666666
0022100250,2021-11-21,1610612741,CHI,W,22021,1610612752,NYK,1,0.6875,0.7142857142857143,0.5625,0.7142857142857143
0022100249,2021-11-21,1610612765,DET,L,22021,1610612747,LAL,0,0.26666666666666666,0.25,0.47058823529411764,0.2
0022100251,2021-11-21,1610612756,PHX,W,22021,1610612743,DEN,1,0.8,0.7777777777777778,0.5625,0.3333333333333333
0022100254,2021-11-22,1610612764,WAS,L,22021,1610612766,CHA,0,0.6875,0.875,0.5555555555555556,0.4
0022100258,2021-11-22,1610612749,MIL,W,22021,1610612753,ORL,1,0.5294117647058824,0.5,0.23529411764705882,0.3
0022100261,2021-11-22,1610612762,UTA,L,22021,1610612763,MEM,0,0.6875,0.75,0.5,0.2857142857142857
0022100253,2021-11-22,1610612739,CLE,L,22021,1610612751,BKN,0,0.5294117647058824,0.5,0.7058823529411765,0.75
0022100256,2021-11-22,1610612738,BOS,W,22021,1610612745,HOU,1,0.5294117647058824,0.5714285714285714,0.0625,0.0
0022100257,2021-11-22,1610612741,CHI,L,22021,1610612754,IND,0,0.7058823529411765,0.75,0.3888888888888889,0.18181818181818182
0022100262,2021-11-22,1610612758,SAC,L,22021,1610612755,PHI,0,0.35294117647058826,0.25,0.5294117647058824,0.5555555555555556
0022100260,2021-11-22,1610612759,SAS,L,22021,1610612756,PHX,0,0.26666666666666666,0.3333333333333333,0.8125,0.8333333333333334
0022100255,2021-11-22,1610612737,ATL,W,22021,1610612760,OKC,1,0.47058823529411764,0.875,0.375,0.25
0022100259,2021-11-22,1610612740,NOP,L,22021,1610612750,MIN,0,0.16666666666666666,0.25,0.4375,0.4
0022100263,2021-11-23,1610612765,DET,L,22021,1610612748,MIA,0,0.25,0.2222222222222222,0.6470588235294118,0.5
0022100264,2021-11-23,1610612752,NYK,W,22021,1610612747,LAL,1,0.5294117647058824,0.4444444444444444,0.5,0.3333333333333333
0022100266,2021-11-23,1610612746,LAC,L,22021,1610612742,DAL,0,0.5882352941176471,0.7272727272727273,0.5625,0.3333333333333333
0022100265,2021-11-23,1610612757,POR,W,22021,1610612743,DEN,1,0.5294117647058824,0.8888888888888888,0.5294117647058824,0.2857142857142857
0022100279,2021-11-24,1610612758,SAC,W,22021,1610612757,POR,1,0.3333333333333333,0.2222222222222222,0.5555555555555556,0.125
0022100272,2021-11-24,1610612763,MEM,L,22021,1610612761,TOR,0,0.5294117647058824,0.6666666666666666,0.4444444444444444,0.6
0022100268,2021-11-24,1610612754,IND,L,22021,1610612747,LAL,0,0.42105263157894735,0.7142857142857143,0.47368421052631576,0.2857142857142857
0022100275,2021-11-24,1610612740,NOP,W,22021,1610612764,WAS,1,0.15789473684210525,0.2222222222222222,0.6470588235294118,0.5
0022100276,2021-11-24,1610612760,OKC,L,22021,1610612762,UTA,0,0.35294117647058826,0.5,0.6470588235294118,0.625
0022100274,2021-11-24,1610612750,MIN,W,22021,1610612748,MIA,1,0.47058823529411764,0.45454545454545453,0.6666666666666666,0.5454545454545454
0022100267,2021-11-24,1610612739,CLE,L,22021,1610612756,PHX,0,0.5,0.4444444444444444,0.8235294117647058,0.8571428571428571
0022100269,2021-11-24,1610612753,ORL,L,22021,1610612766,CHA,0,0.2222222222222222,0.14285714285714285,0.5789473684210527,0.45454545454545453
0022100273,2021-11-24,1610612749,MIL,W,22021,1610612765,DET,1,0.5555555555555556,0.5555555555555556,0.23529411764705882,0.2857142857142857
0022100270,2021-11-24,1610612738,BOS,L,22021,1610612751,BKN,0,0.5555555555555556,0.625,0.7222222222222222,0.7777777777777778
0022100271,2021-11-24,1610612745,HOU,W,22021,1610612741,CHI,1,0.058823529411764705,0.16666666666666666,0.6666666666666666,0.6666666666666666
0022100277,2021-11-24,1610612759,SAS,L,22021,1610612737,ATL,0,0.25,0.2857142857142857,0.5,0.1111111111111111
0022100278,2021-11-24,1610612744,GSW,W,22021,1610612755,PHI,1,0.8823529411764706,0.9,0.5555555555555556,0.6
0022100284,2021-11-26,1610612754,IND,W,22021,1610612761,TOR,1,0.4,0.625,0.47368421052631576,0.6363636363636364
0022100287,2021-11-26,1610612759,SAS,W,22021,1610612738,BOS,1,0.23529411764705882,0.25,0.5263157894736842,0.5
0022100281,2021-11-26,1610612766,CHA,W,22021,1610612750,MIN,1,0.6,0.75,0.5,0.5
0022100291,2021-11-26,1610612747,LAL,L,22021,1610612758,SAC,0,0.5,0.5833333333333334,0.3684210526315789,0.4444444444444444
0022100285,2021-11-26,1610612763,MEM,L,22021,1610612737,ATL,0,0.5,0.6,0.5263157894736842,0.2
0022100288,2021-11-26,1610612743,DEN,L,22021,1610612749,MIL,0,0.5,0.7,0.5789473684210527,0.5555555555555556
0022100283,2021-11-26,1610612753,ORL,L,22021,1610612741,CHI,0,0.21052631578947367,0.125,0.631578947368421,0.6
0022100280,2021-11-26,1610612746,LAC,W,22021,1610612765,DET,1,0.5555555555555556,0.6666666666666666,0.2222222222222222,0.25
0022100289,2021-11-26,1610612762,UTA,L,22021,1610612740,NOP,0,0.6666666666666666,0.6666666666666666,0.2,0.1
0022100286,2021-11-26,1610612760,OKC,L,22021,1610612764,WAS,0,0.3333333333333333,0.4444444444444444,0.6111111111111112,0.4444444444444444
0022100282,2021-11-26,1610612752,NYK,L,22021,1610612756,PHX,0,0.5555555555555556,0.5,0.8333333333333334,0.875
0022100290,2021-11-26,1610612744,GSW,W,22021,1610612757,POR,1,0.8888888888888888,0.9090909090909091,0.5263157894736842,0.1111111111111111
0022100292,2021-11-27,1610612755,PHI,L,22021,1610612750,MIN,0,0.5263157894736842,0.5,0.47368421052631576,0.42857142857142855
0022100295,2021-11-27,1610612739,CLE,W,22021,1610612753,ORL,1,0.47368421052631576,0.4,0.2,0.2727272727272727
0022100297,2021-11-27,1610612745,HOU,W,22021,1610612766,CHA,1,0.1111111111111111,0.2857142857142857,0.6190476190476191,0.5
0022100299,2021-11-27,1610612762,UTA,W,22021,1610612740,NOP,1,0.631578947368421,0.6,0.23809523809523808,0.18181818181818182
0022100298,2021-11-27,1610612742,DAL,L,22021,1610612764,WAS,0,0.5882352941176471,0.8571428571428571,0.631578947368421,0.5
0022100296,2021-11-27,1610612741,CHI,L,22021,1610612748,MIA,0,0.65,0.6666666666666666,0.631578947368421,0.5
0022100293,2021-11-27,1610612737,ATL,L,22021,1610612752,NYK,0,0.55,0.8888888888888888,0.5263157894736842,0.625
0022100294,2021-11-27,1610612751,BKN,L,22021,1610612756,PHX,0,0.7368421052631579,0.6666666666666666,0.8421052631578947,0.8888888888888888
0022100301,2021-11-28,1610612754,IND,L,22021,1610612749,MIL,0,0.42857142857142855,0.6666666666666666,0.6,0.6
0022100304,2021-11-28,1610612747,LAL,W,22021,1610612765,DET,1,0.47619047619047616,0.5384615384615384,0.21052631578947367,0.2222222222222222
0022100302,2021-11-28,1610612761,TOR,L,22021,1610612738,BOS,0,0.45,0.25,0.5,0.45454545454545453
0022100303,2021-11-28,1610612763,MEM,W,22021,1610612758,SAC,1,0.47368421052631576,0.5454545454545454,0.4,0.5
0022100300,2021-11-28,1610612746,LAC,L,22021,1610612744,GSW,0,0.5789473684210527,0.6923076923076923,0.8947368421052632,0.8571428571428571
0022100311,2021-11-29,1610612759,SAS,W,22021,1610612764,WAS,1,0.2777777777777778,0.3333333333333333,0.65,0.5454545454545454
0022100306,2021-11-29,1610612748,MIA,L,22021,1610612743,DEN,0,0.65,0.8571428571428571,0.47368421052631576,0.25
0022100307,2021-11-29,1610612741,CHI,W,22021,1610612766,CHA,1,0.6190476190476191,0.6,0.5909090909090909,0.46153846153846156
0022100305,2021-11-29,1610612755,PHI,W,22021,1610612753,ORL,1,0.5,0.4444444444444444,0.19047619047619047,0.25
0022100313,2021-11-29,1610612746,LAC,L,22021,1610612740,NOP,0,0.55,0.6428571428571429,0.22727272727272727,0.16666666666666666
0022100310,2021-11-29,1610612742,DAL,L,22021,1610612739,CLE,0,0.5555555555555556,0.75,0.5,0.5555555555555556
0022100308,2021-11-29,1610612745,HOU,W,22021,1610612760,OKC,1,0.15789473684210525,0.375,0.3157894736842105,0.2222222222222222
0022100309,2021-11-29,1610612750,MIN,W,22021,1610612754,IND,1,0.5,0.5,0.4090909090909091,0.25
0022100312,2021-11-29,1610612762,UTA,W,22021,1610612757,POR,1,0.65,0.6363636363636364,0.5,0.1
0022100315,2021-11-30,1610612761,TOR,L,22021,1610612763,MEM,0,0.42857142857142855,0.2222222222222222,0.5,0.375
0022100314,2021-11-30,1610612751,BKN,W,22021,1610612752,NYK,1,0.7,0.6,0.55,0.6666666666666666
0022100316,2021-11-30,1610612756,PHX,W,22021,1610612744,GSW,1,0.85,0.8,0.9,0.875
0022100318,2021-11-30,1610612758,SAC,L,22021,1610612747,LAL,0,0.38095238095238093,0.3,0.5,0.375
0022100317,2021-11-30,1610612757,POR,W,22021,1610612765,DET,1,0.47619047619047616,0.9,0.2,0.2
0022100323,2021-12-01,1610612748,MIA,L,22021,1610612739,CLE,0,0.6190476190476191,0.75,0.5238095238095238,0.6
0022100322,2021-12-01,1610612738,BOS,W,22021,1610612755,PHI,1,0.5238095238095238,0.5555555555555556,0.5238095238095238,0.5454545454545454
0022100319,2021-12-01,1610612754,IND,L,22021,1610612737,ATL,0,0.391304347826087,0.6,0.5238095238095238,0.2727272727272727
0022100327,2021-12-01,1610612746,LAC,L,22021,1610612758,SAC,0,0.5238095238095238,0.6,0.36363636363636365,0.45454545454545453
0022100320,2021-12-01,1610612753,ORL,W,22021,1610612743,DEN,1,0.18181818181818182,0.1111111111111111,0.5,0.3333333333333333
0022100326,2021-12-01,1610612760,OKC,L,22021,1610612745,HOU,0,0.3,0.4,0.2,0.0
0022100325,2021-12-01,1610612740,NOP,L,22021,1610612742,DAL,0,0.2608695652173913,0.3,0.5263157894736842,0.4
0022100321,2021-12-01,1610612764,WAS,W,22021,1610612750,MIN,1,0.6190476190476191,0.7777777777777778,0.5238095238095238,0.5
0022100324,2021-12-01,1610612749,MIL,W,22021,1610612766,CHA,1,0.6190476190476191,0.6,0.5652173913043478,0.42857142857142855
0022100331,2021-12-02,1610612756,PHX,W,22021,1610612765,DET,1,0.8571428571428571,0.8181818181818182,0.19047619047619047,0.18181818181818182
0022100329,2021-12-02,1610612761,TOR,W,22021,1610612749,MIL,1,0.4090909090909091,0.2,0.6363636363636364,0.6363636363636364
0022100328,2021-12-02,1610612752,NYK,L,22021,1610612741,CHI,0,0.5238095238095238,0.45454545454545453,0.6363636363636364,0.6363636363636364
0022100330,2021-12-02,1610612763,MEM,W,22021,1610612760,OKC,1,0.5238095238095238,0.5833333333333334,0.2857142857142857,0.2
0022100332,2021-12-02,1610612757,POR,L,22021,1610612759,SAS,0,0.5,0.9090909090909091,0.3157894736842105,0.2222222222222222
0022100335,2021-12-03,1610612737,ATL,L,22021,1610612755,PHI,0,0.5454545454545454,0.8,0.5,0.5
0022100336,2021-12-03,1610612751,BKN,W,22021,1610612750,MIN,1,0.7142857142857143,0.6363636363636364,0.5,0.4444444444444444
0022100337,2021-12-03,1610612745,HOU,W,22021,1610612753,ORL,1,0.23809523809523808,0.4444444444444444,0.21739130434782608,0.23076923076923078
0022100340,2021-12-03,1610612744,GSW,W,22021,1610612756,PHX,1,0.8571428571428571,0.9166666666666666,0.8636363636363636,0.9
0022100339,2021-12-03,1610612762,UTA,W,22021,1610612738,BOS,1,0.6666666666666666,0.6666666666666666,0.5454545454545454,0.5
0022100334,2021-12-03,1610612764,WAS,L,22021,1610612739,CLE,0,0.6363636363636364,0.8,0.5454545454545454,0.6363636363636364
0022100341,2021-12-03,1610612747,LAL,L,22021,1610612746,LAC,0,0.5217391304347826,0.5714285714285714,0.5,0.3333333333333333
0022100333,2021-12-03,1610612754,IND,L,22021,1610612748,MIA,0,0.375,0.5454545454545454,0.5909090909090909,0.5384615384615384
0022100338,2021-12-03,1610612742,DAL,L,22021,1610612740,NOP,0,0.55,0.6666666666666666,0.25,0.23076923076923078
0022100343,2021-12-04,1610612751,BKN,L,22021,1610612741,CHI,0,0.7272727272727273,0.6666666666666666,0.6521739130434783,0.6666666666666666
0022100344,2021-12-04,1610612749,MIL,W,22021,1610612748,MIA,1,0.6086956521739131,0.6363636363636364,0.6086956521739131,0.5714285714285714
0022100346,2021-12-04,1610612744,GSW,L,22021,1610612759,SAS,0,0.8636363636363636,0.9230769230769231,0.35,0.3
0022100342,2021-12-04,1610612752,NYK,L,22021,1610612743,DEN,0,0.5,0.4166666666666667,0.47619047619047616,0.3
0022100345,2021-12-04,1610612742,DAL,L,22021,1610612763,MEM,0,0.5238095238095238,0.6,0.5454545454545454,0.4444444444444444
0022100347,2021-12-04,1610612757,POR,L,22021,1610612738,BOS,0,0.4782608695652174,0.8333333333333334,0.5217391304347826,0.46153846153846156
0022100348,2021-12-04,1610612758,SAC,W,22021,1610612746,LAC,1,0.391304347826087,0.2727272727272727,0.5217391304347826,0.42857142857142855
0022100351,2021-12-05,1610612761,TOR,W,22021,1610612764,WAS,1,0.43478260869565216,0.2727272727272727,0.6086956521739131,0.5
0022100350,2021-12-05,1610612737,ATL,L,22021,1610612766,CHA,0,0.5217391304347826,0.7272727272727273,0.5416666666666666,0.4
0022100352,2021-12-05,1610612745,HOU,W,22021,1610612740,NOP,1,0.2727272727272727,0.5,0.28,0.2857142857142857
0022100349,2021-12-05,1610612739,CLE,L,22021,1610612762,UTA,0,0.5652173913043478,0.45454545454545453,0.6818181818181818,0.6666666666666666
0022100353,2021-12-06,1610612766,CHA,L,22021,1610612755,PHI,0,0.56,0.7777777777777778,0.5217391304347826,0.5384615384615384
0022100360,2021-12-06,1610612756,PHX,W,22021,1610612759,SAS,1,0.8260869565217391,0.8333333333333334,0.38095238095238093,0.36363636363636365
0022100355,2021-12-06,1610612754,IND,W,22021,1610612764,WAS,1,0.36,0.5,0.5833333333333334,0.46153846153846156
0022100362,2021-12-06,1610612757,POR,L,22021,1610612746,LAC,0,0.4583333333333333,0.7692307692307693,0.5,0.375
0022100357,2021-12-06,1610612741,CHI,W,22021,1610612743,DEN,1,0.6666666666666666,0.6363636363636364,0.5,0.36363636363636365
0022100356,2021-12-06,1610612748,MIA,L,22021,1610612763,MEM,0,0.5833333333333334,0.6666666666666666,0.5652173913043478,0.5
0022100358,2021-12-06,1610612749,MIL,W,22021,1610612739,CLE,1,0.625,0.6666666666666666,0.5416666666666666,0.6666666666666666
0022100359,2021-12-06,1610612750,MIN,L,22021,1610612737,ATL,0,0.4782608695652174,0.5384615384615384,0.5,0.3333333333333333
0022100361,2021-12-06,1610612744,GSW,W,22021,1610612753,ORL,1,0.8260869565217391,0.8571428571428571,0.20833333333333334,0.21428571428571427
0022100354,2021-12-06,1610612765,DET,L,22021,1610612760,OKC,0,0.18181818181818182,0.2,0.2727272727272727,0.18181818181818182
0022100365,2021-12-07,1610612747,LAL,W,22021,1610612738,BOS,1,0.5,0.5333333333333333,0.5416666666666666,0.5
0022100364,2021-12-07,1610612759,SAS,L,22021,1610612752,NYK,0,0.36363636363636365,0.4,0.4782608695652174,0.6
0022100363,2021-12-07,1610612742,DAL,L,22021,1610612751,BKN,0,0.5,0.5454545454545454,0.6956521739130435,0.8
0022100372,2021-12-08,1610612745,HOU,W,22021,1610612751,BKN,1,0.30434782608695654,0.5454545454545454,0.7083333333333334,0.8181818181818182
0022100370,2021-12-08,1610612748,MIA,W,22021,1610612749,MIL,1,0.56,0.6,0.64,0.5833333333333334
0022100373,2021-12-08,1610612763,MEM,L,22021,1610612742,DAL,0,0.5833333333333334,0.6153846153846154,0.4782608695652174,0.45454545454545453
0022100367,2021-12-08,1610612739,CLE,W,22021,1610612741,CHI,1,0.52,0.4166666666666667,0.68,0.6923076923076923
0022100368,2021-12-08,1610612765,DET,L,22021,1610612764,WAS,0,0.17391304347826086,0.18181818181818182,0.56,0.42857142857142855
0022100375,2021-12-08,1610612740,NOP,L,22021,1610612743,DEN,0,0.2692307692307692,0.2727272727272727,0.4782608695652174,0.3333333333333333
0022100374,2021-12-08,1610612750,MIN,L,22021,1610612762,UTA,0,0.4583333333333333,0.5,0.6956521739130435,0.7
0022100366,2021-12-08,1610612766,CHA,L,22021,1610612755,PHI,0,0.5384615384615384,0.7,0.5416666666666666,0.5714285714285714
0022100377,2021-12-08,1610612758,SAC,W,22021,1610612753,ORL,1,0.4166666666666667,0.3333333333333333,0.2,0.2
0022100378,2021-12-08,1610612746,LAC,W,22021,1610612738,BOS,1,0.52,0.5625,0.52,0.4666666666666667
0022100369,2021-12-08,1610612754,IND,W,22021,1610612752,NYK,1,0.38461538461538464,0.5384615384615384,0.5,0.6363636363636364
0022100371,2021-12-08,1610612761,TOR,L,22021,1610612760,OKC,0,0.4583333333333333,0.3333333333333333,0.30434782608695654,0.25
0022100376,2021-12-08,1610612744,GSW,W,22021,1610612757,POR,1,0.8333333333333334,0.8666666666666667,0.44,0.09090909090909091
0022100379,2021-12-09,1610612755,PHI,L,22021,1610612762,UTA,0,0.56,0.5,0.7083333333333334,0.7272727272727273
0022100381,2021-12-09,1610612759,SAS,W,22021,1610612743,DEN,1,0.34782608695652173,0.36363636363636365,0.5,0.38461538461538464
0022100380,2021-12-09,1610612763,MEM,W,22021,1610612747,LAL,1,0.56,0.5714285714285714,0.52,0.4444444444444444
0022100386,2021-12-10,1610612745,HOU,L,22021,1610612749,MIL,0,0.3333333333333333,0.5833333333333334,0.6153846153846154,0.5384615384615384
0022100389,2021-12-10,1610612760,OKC,L,22021,1610612747,LAL,0,0.3333333333333333,0.36363636363636365,0.5,0.4
0022100387,2021-12-10,1610612750,MIN,L,22021,1610612739,CLE,0,0.44,0.4666666666666667,0.5384615384615384,0.6153846153846154
0022100382,2021-12-10,1610612766,CHA,W,22021,1610612758,SAC,1,0.5185185185185185,0.6363636363636364,0.44,0.5
0022100383,2021-12-10,1610612754,IND,W,22021,1610612742,DAL,1,0.4074074074074074,0.5714285714285714,0.5,0.5
0022100384,2021-12-10,1610612737,ATL,L,22021,1610612751,BKN,0,0.52,0.6666666666666666,0.68,0.75
0022100388,2021-12-10,1610612740,NOP,W,22021,1610612765,DET,1,0.25925925925925924,0.25,0.16666666666666666,0.16666666666666666
0022100390,2021-12-10,1610612756,PHX,W,22021,1610612738,BOS,1,0.8333333333333334,0.8461538461538461,0.5,0.4375
0022100385,2021-12-10,1610612761,TOR,W,22021,1610612752,NYK,1,0.44,0.3076923076923077,0.48,0.5833333333333334
0022100396,2021-12-11,1610612755,PHI,W,22021,1610612744,GSW,1,0.5384615384615384,0.45454545454545453,0.84,0.7777777777777778
0022100394,2021-12-11,1610612748,MIA,W,22021,1610612741,CHI,1,0.5769230769230769,0.6363636363636364,0.6538461538461539,0.6428571428571429
0022100393,2021-12-11,1610612739,CLE,W,22021,1610612758,SAC,1,0.5555555555555556,0.46153846153846156,0.4230769230769231,0.46153846153846156
0022100392,2021-12-11,1610612764,WAS,L,22021,1610612762,UTA,0,0.5769230769230769,0.7272727272727273,0.72,0.75
0022100391,2021-12-11,1610612746,LAC,W,22021,1610612753,ORL,1,0.5384615384615384,0.5882352941176471,0.19230769230769232,0.1875
0022100397,2021-12-11,1610612759,SAS,L,22021,1610612743,DEN,0,0.375,0.4166666666666667,0.48,0.35714285714285715
0022100395,2021-12-11,1610612763,MEM,W,22021,1610612745,HOU,1,0.5769230769230769,0.6,0.32,0.08333333333333333
0022100401,2021-12-12,1610612759,SAS,W,22021,1610612740,NOP,1,0.36,0.38461538461538464,0.2857142857142857,0.26666666666666666
0022100398,2021-12-12,1610612752,NYK,L,22021,1610612749,MIL,0,0.46153846153846156,0.38461538461538464,0.6296296296296297,0.5714285714285714
0022100402,2021-12-12,1610612757,POR,L,22021,1610612750,MIN,0,0.4230769230769231,0.7142857142857143,0.4230769230769231,0.4
0022100399,2021-12-12,1610612765,DET,L,22021,1610612751,BKN,0,0.16,0.16666666666666666,0.6923076923076923,0.7692307692307693
0022100400,2021-12-12,1610612760,OKC,L,22021,1610612742,DAL,0,0.32,0.3333333333333333,0.48,0.46153846153846156
0022100403,2021-12-12,1610612747,LAL,W,22021,1610612753,ORL,1,0.5185185185185185,0.5625,0.18518518518518517,0.17647058823529413
0022100411,2021-12-13,1610612743,DEN,W,22021,1610612764,WAS,1,0.5,0.6363636363636364,0.5555555555555556,0.4666666666666667
0022100410,2021-12-13,1610612742,DAL,W,22021,1610612766,CHA,1,0.5,0.5,0.5357142857142857,0.4375
0022100409,2021-12-13,1610612763,MEM,W,22021,1610612755,PHI,1,0.5925925925925926,0.625,0.5555555555555556,0.6
0022100406,2021-12-13,1610612761,TOR,W,22021,1610612758,SAC,1,0.46153846153846156,0.35714285714285715,0.4074074074074074,0.42857142857142855
0022100412,2021-12-13,1610612746,LAC,W,22021,1610612756,PHX,1,0.5555555555555556,0.6111111111111112,0.84,0.8181818181818182
0022100405,2021-12-13,1610612754,IND,L,22021,1610612744,GSW,0,0.42857142857142855,0.6,0.8076923076923077,0.7
0022100408,2021-12-13,1610612738,BOS,W,22021,1610612749,MIL,1,0.48148148148148145,0.6,0.6428571428571429,0.6
0022100404,2021-12-13,1610612739,CLE,W,22021,1610612748,MIA,1,0.5714285714285714,0.5,0.5925925925925926,0.5333333333333333
0022100407,2021-12-13,1610612737,ATL,L,22021,1610612745,HOU,0,0.5,0.6153846153846154,0.3076923076923077,0.07692307692307693
0022100416,2021-12-14,1610612757,POR,L,22021,1610612756,PHX,0,0.4074074074074074,0.6666666666666666,0.8076923076923077,0.75
0022100413,2021-12-14,1610612751,BKN,W,22021,1610612761,TOR,1,0.7037037037037037,0.6153846153846154,0.48148148148148145,0.5833333333333334
0022100414,2021-12-14,1610612752,NYK,L,22021,1610612744,GSW,0,0.4444444444444444,0.35714285714285715,0.8148148148148148,0.7272727272727273
0022100425,2021-12-15,1610612762,UTA,W,22021,1610612746,LAC,1,0.7307692307692307,0.6923076923076923,0.5714285714285714,0.4444444444444444
0022100427,2021-12-15,1610612758,SAC,W,22021,1610612764,WAS,1,0.39285714285714285,0.38461538461538464,0.5357142857142857,0.4375
0022100418,2021-12-15,1610612753,ORL,L,22021,1610612737,ATL,0,0.17857142857142858,0.2,0.48148148148148145,0.38461538461538464
0022100420,2021-12-15,1610612742,DAL,L,22021,1610612747,LAL,0,0.5185185185185185,0.5384615384615384,0.5357142857142857,0.45454545454545453
0022100424,2021-12-15,1610612743,DEN,L,22021,1610612750,MIN,0,0.5185185185185185,0.6666666666666666,0.4444444444444444,0.45454545454545453
0022100423,2021-12-15,1610612759,SAS,L,22021,1610612766,CHA,0,0.38461538461538464,0.42857142857142855,0.5172413793103449,0.4117647058823529
0022100417,2021-12-15,1610612739,CLE,W,22021,1610612745,HOU,1,0.5862068965517241,0.5333333333333333,0.3333333333333333,0.14285714285714285
0022100421,2021-12-15,1610612749,MIL,W,22021,1610612754,IND,1,0.6206896551724138,0.6923076923076923,0.41379310344827586,0.23076923076923078
0022100422,2021-12-15,1610612760,OKC,L,22021,1610612740,NOP,0,0.3076923076923077,0.3076923076923077,0.27586206896551724,0.25
0022100426,2021-12-15,1610612757,POR,L,22021,1610612763,MEM,0,0.39285714285714285,0.625,0.6071428571428571,0.5454545454545454
0022100419,2021-12-15,1610612755,PHI,L,22021,1610612748,MIA,0,0.5357142857142857,0.5,0.5714285714285714,0.5
0022100431,2021-12-16,1610612745,HOU,L,22021,1610612752,NYK,0,0.32142857142857145,0.5384615384615384,0.42857142857142855,0.5384615384615384
0022100429,2021-12-16,1610612751,BKN,W,22021,1610612755,PHI,1,0.7142857142857143,0.6428571428571429,0.5172413793103449,0.5625
0022100432,2021-12-16,1610612756,PHX,W,22021,1610612764,WAS,1,0.8148148148148148,0.8571428571428571,0.5172413793103449,0.4117647058823529
0022100428,2021-12-16,1610612754,IND,W,22021,1610612765,DET,1,0.4,0.5625,0.15384615384615385,0.15384615384615385
0022100434,2021-12-17,1610612737,ATL,L,22021,1610612743,DEN,0,0.5,0.5714285714285714,0.5,0.4
0022100435,2021-12-17,1610612738,BOS,L,22021,1610612744,GSW,0,0.5,0.6363636363636364,0.8214285714285714,0.75
0022100436,2021-12-17,1610612750,MIN,W,22021,1610612747,LAL,1,0.4642857142857143,0.4375,0.5517241379310345,0.5
0022100438,2021-12-17,1610612740,NOP,W,22021,1610612749,MIL,1,0.3,0.3076923076923077,0.6333333333333333,0.5625
0022100439,2021-12-17,1610612757,POR,W,22021,1610612766,CHA,1,0.3793103448275862,0.5882352941176471,0.5333333333333333,0.4444444444444444
0022100437,2021-12-17,1610612762,UTA,L,22021,1610612759,SAS,0,0.7407407407407407,0.7142857142857143,0.37037037037037035,0.3333333333333333
0022100440,2021-12-17,1610612758,SAC,L,22021,1610612763,MEM,0,0.41379310344827586,0.42857142857142855,0.6206896551724138,0.5833333333333334
0022100433,2021-12-17,1610612753,ORL,L,22021,1610612748,MIA,0,0.1724137931034483,0.18181818181818182,0.5862068965517241,0.5294117647058824
0022100441,2021-12-18,1610612765,DET,L,22021,1610612745,HOU,0,0.14814814814814814,0.15384615384615385,0.3103448275862069,0.13333333333333333
0022100443,2021-12-18,1610612761,TOR,W,22021,1610612744,GSW,1,0.4642857142857143,0.4,0.8275862068965517,0.7692307692307693
0022100447,2021-12-18,1610612762,UTA,L,22021,1610612764,WAS,0,0.7142857142857143,0.6666666666666666,0.5,0.3888888888888889
0022100445,2021-12-18,1610612738,BOS,W,22021,1610612752,NYK,1,0.4827586206896552,0.5833333333333334,0.4482758620689655,0.5714285714285714
0022100442,2021-12-18,1610612751,BKN,L,22021,1610612753,ORL,0,0.7241379310344828,0.6666666666666666,0.16666666666666666,0.16666666666666666
0022100444,2021-12-18,1610612760,OKC,W,22021,1610612746,LAC,1,0.2962962962962963,0.2857142857142857,0.5517241379310345,0.4
0022100446,2021-12-18,1610612749,MIL,L,22021,1610612739,CLE,0,0.6129032258064516,0.7142857142857143,0.6,0.6428571428571429
0022100451,2021-12-19,1610612758,SAC,W,22021,1610612759,SAS,1,0.4,0.4,0.39285714285714285,0.38461538461538464
0022100456,2021-12-19,1610612756,PHX,W,22021,1610612766,CHA,1,0.8214285714285714,0.8666666666666667,0.5161290322580645,0.42105263157894735
0022100450,2021-12-19,1610612763,MEM,L,22021,1610612757,POR,0,0.6333333333333333,0.6470588235294118,0.4,0.08333333333333333
0022100448,2021-12-19,1610612741,CHI,W,22021,1610612747,LAL,1,0.6296296296296297,0.6666666666666666,0.5333333333333333,0.46153846153846156
0022100455,2021-12-19,1610612750,MIN,W,22021,1610612742,DAL,1,0.4827586206896552,0.47058823529411764,0.5,0.5
0022100449,2021-12-19,1610612765,DET,W,22021,1610612748,MIA,1,0.14285714285714285,0.14285714285714285,0.6,0.5555555555555556
0022100457,2021-12-20,1610612738,BOS,L,22021,1610612755,PHI,0,0.5,0.6153846153846154,0.5,0.5294117647058824
0022100459,2021-12-20,1610612741,CHI,W,22021,1610612745,HOU,1,0.6428571428571429,0.6923076923076923,0.3333333333333333,0.1875
0022100461,2021-12-20,1610612762,UTA,W,22021,1610612766,CHA,1,0.6896551724137931,0.625,0.5,0.4
0022100462,2021-12-20,1610612744,GSW,W,22021,1610612758,SAC,1,0.8,0.875,0.41935483870967744,0.4
0022100460,2021-12-20,1610612763,MEM,L,22021,1610612760,OKC,0,0.6129032258064516,0.6111111111111112,0.32142857142857145,0.3076923076923077
0022100463,2021-12-20,1610612746,LAC,L,22021,1610612759,SAS,0,0.5333333333333333,0.631578947368421,0.3793103448275862,0.35714285714285715
0022100465,2021-12-21,1610612748,MIA,W,22021,1610612754,IND,1,0.5806451612903226,0.6666666666666666,0.41935483870967744,0.21428571428571427
0022100467,2021-12-21,1610612740,NOP,W,22021,1610612757,POR,1,0.3225806451612903,0.35714285714285715,0.41935483870967744,0.15384615384615385
0022100466,2021-12-21,1610612752,NYK,W,22021,1610612765,DET,1,0.43333333333333335,0.3333333333333333,0.1724137931034483,0.14285714285714285
0022100468,2021-12-21,1610612742,DAL,W,22021,1610612750,MIN,1,0.4827586206896552,0.5,0.5,0.5
0022100469,2021-12-21,1610612747,LAL,L,22021,1610612756,PHX,0,0.5161290322580645,0.5882352941176471,0.8275862068965517,0.7692307692307693
0022100471,2021-12-22,1610612738,BOS,W,22021,1610612739,CLE,1,0.4838709677419355,0.5714285714285714,0.6129032258064516,0.6666666666666666
0022100475,2021-12-22,1610612758,SAC,L,22021,1610612746,LAC,0,0.40625,0.4375,0.5161290322580645,0.36363636363636365
0022100473,2021-12-22,1610612749,MIL,W,22021,1610612745,HOU,1,0.59375,0.6666666666666666,0.3225806451612903,0.17647058823529413
0022100470,2021-12-22,1610612737,ATL,L,22021,1610612753,ORL,0,0.4827586206896552,0.5333333333333333,0.1935483870967742,0.21052631578947367
0022100474,2021-12-22,1610612760,OKC,W,22021,1610612743,DEN,1,0.3448275862068966,0.3333333333333333,0.5172413793103449,0.4375
0022100483,2021-12-23,1610612756,PHX,W,22021,1610612760,OKC,1,0.8333333333333334,0.875,0.36666666666666664,0.35714285714285715
0022100480,2021-12-23,1610612752,NYK,L,22021,1610612764,WAS,0,0.45161290322580644,0.375,0.5161290322580645,0.42105263157894735
0022100479,2021-12-23,1610612748,MIA,W,22021,1610612765,DET,1,0.59375,0.6923076923076923,0.16666666666666666,0.13333333333333333
0022100477,2021-12-23,1610612753,ORL,L,22021,1610612740,NOP,0,0.21875,0.16666666666666666,0.34375,0.29411764705882354
0022100484,2021-12-23,1610612762,UTA,W,22021,1610612750,MIN,1,0.7,0.6470588235294118,0.4838709677419355,0.46153846153846156
0022100487,2021-12-23,1610612747,LAL,L,22021,1610612759,SAS,0,0.5,0.5555555555555556,0.4,0.4
0022100482,2021-12-23,1610612743,DEN,L,22021,1610612766,CHA,0,0.5,0.6153846153846154,0.48484848484848486,0.38095238095238093
0022100481,2021-12-23,1610612742,DAL,L,22021,1610612749,MIL,0,0.5,0.5333333333333333,0.6060606060606061,0.5294117647058824
0022100476,2021-12-23,1610612754,IND,W,22021,1610612745,HOU,1,0.40625,0.5882352941176471,0.3125,0.16666666666666666
0022100478,2021-12-23,1610612755,PHI,L,22021,1610612737,ATL,0,0.5161290322580645,0.46153846153846156,0.4666666666666667,0.42857142857142855
0022100485,2021-12-23,1610612744,GSW,W,22021,1610612763,MEM,1,0.8064516129032258,0.8823529411764706,0.59375,0.6153846153846154
0022100488,2021-12-25,1610612752,NYK,W,22021,1610612737,ATL,1,0.4375,0.35294117647058826,0.4838709677419355,0.4666666666666667
0022100489,2021-12-25,1610612749,MIL,W,22021,1610612738,BOS,1,0.6176470588235294,0.6875,0.5,0.4117647058823529
0022100491,2021-12-25,1610612747,LAL,L,22021,1610612751,BKN,0,0.48484848484848486,0.5263157894736842,0.7,0.7857142857142857
0022100490,2021-12-25,1610612756,PHX,L,22021,1610612744,GSW,0,0.8387096774193549,0.8823529411764706,0.8125,0.7142857142857143
0022100492,2021-12-25,1610612762,UTA,W,22021,1610612742,DAL,1,0.7096774193548387,0.6666666666666666,0.4838709677419355,0.4666666666666667
0022100497,2021-12-26,1610612760,OKC,W,22021,1610612740,NOP,1,0.3548387096774194,0.375,0.36363636363636365,0.3333333333333333
0022100500,2021-12-26,1610612746,LAC,L,22021,1610612743,DEN,0,0.53125,0.6,0.4838709677419355,0.4117647058823529
0022100495,2021-12-26,1610612764,WAS,L,22021,1610612755,PHI,0,0.53125,0.6666666666666666,0.5,0.5555555555555556
0022100498,2021-12-26,1610612759,SAS,W,22021,1610612765,DET,1,0.41935483870967744,0.4,0.16129032258064516,0.125
0022100496,2021-12-26,1610612758,SAC,L,22021,1610612763,MEM,0,0.3939393939393939,0.4117647058823529,0.5757575757575758,0.5714285714285714
0022100494,2021-12-26,1610612739,CLE,W,22021,1610612761,TOR,1,0.59375,0.5625,0.4827586206896552,0.5384615384615384
0022100493,2021-12-26,1610612748,MIA,W,22021,1610612753,ORL,1,0.6060606060606061,0.7142857142857143,0.21212121212121213,0.25
0022100499,2021-12-26,1610612741,CHI,W,22021,1610612754,IND,1,0.6551724137931034,0.7142857142857143,0.42424242424242425,0.2
0022100507,2021-12-27,1610612746,LAC,L,22021,1610612751,BKN,0,0.5151515151515151,0.5714285714285714,0.7096774193548387,0.8
0022100506,2021-12-27,1610612757,POR,L,22021,1610612742,DAL,0,0.40625,0.6111111111111112,0.46875,0.4375
0022100502,2021-12-27,1610612737,ATL,L,22021,1610612741,CHI,0,0.46875,0.5,0.6666666666666666,0.6
0022100504,2021-12-27,1610612759,SAS,L,22021,1610612762,UTA,0,0.4375,0.4375,0.71875,0.7692307692307693
0022100501,2021-12-27,1610612766,CHA,W,22021,1610612745,HOU,1,0.5,0.6666666666666666,0.30303030303030304,0.15789473684210525
0022100503,2021-12-27,1610612750,MIN,W,22021,1610612738,BOS,1,0.46875,0.5,0.48484848484848486,0.3888888888888889
0022100505,2021-12-27,1610612756,PHX,L,22021,1610612763,MEM,0,0.8125,0.8333333333333334,0.5882352941176471,0.6
0022100510,2021-12-28,1610612761,TOR,L,22021,1610612755,PHI,0,0.4666666666666667,0.4375,0.5151515151515151,0.5789473684210527
0022100512,2021-12-28,1610612750,MIN,L,22021,1610612752,NYK,0,0.48484848484848486,0.5263157894736842,0.45454545454545453,0.5333333333333333
0022100513,2021-12-28,1610612740,NOP,W,22021,1610612739,CLE,1,0.35294117647058826,0.4,0.6060606060606061,0.625
0022100514,2021-12-28,1610612744,GSW,L,22021,1610612743,DEN,0,0.8181818181818182,0.8888888888888888,0.5,0.4444444444444444
0022100515,2021-12-28,1610612758,SAC,W,22021,1610612760,OKC,1,0.38235294117647056,0.3888888888888889,0.375,0.3333333333333333
0022100511,2021-12-28,1610612745,HOU,L,22021,1610612747,LAL,0,0.29411764705882354,0.5,0.47058823529411764,0.42857142857142855
0022100508,2021-12-28,1610612753,ORL,L,22021,1610612749,MIL,0,0.20588235294117646,0.15384615384615385,0.6285714285714286,0.5555555555555556
0022100509,2021-12-28,1610612748,MIA,W,22021,1610612764,WAS,1,0.6176470588235294,0.7333333333333333,0.5151515151515151,0.45
0022100524,2021-12-29,1610612758,SAC,W,22021,1610612742,DAL,1,0.4,0.42105263157894735,0.48484848484848486,0.47058823529411764
0022100517,2021-12-29,1610612754,IND,L,22021,1610612766,CHA,0,0.4117647058823529,0.6111111111111112,0.5142857142857142,0.4090909090909091
0022100518,2021-12-29,1610612738,BOS,L,22021,1610612746,LAC,0,0.47058823529411764,0.6,0.5,0.4166666666666667
0022100519,2021-12-29,1610612741,CHI,W,22021,1610612737,ATL,1,0.6774193548387096,0.7333333333333333,0.45454545454545453,0.4375
0022100523,2021-12-29,1610612757,POR,L,22021,1610612762,UTA,0,0.3939393939393939,0.5789473684210527,0.7272727272727273,0.7857142857142857
0022100522,2021-12-29,1610612756,PHX,W,22021,1610612760,OKC,1,0.7878787878787878,0.7894736842105263,0.36363636363636365,0.3125
0022100520,2021-12-29,1610612763,MEM,W,22021,1610612747,LAL,1,0.6,0.5789473684210527,0.4857142857142857,0.4666666666666667
0022100516,2021-12-29,1610612765,DET,L,22021,1610612752,NYK,0,0.15625,0.2,0.47058823529411764,0.5625
0022100526,2021-12-30,1610612753,ORL,L,22021,1610612749,MIL,0,0.2,0.14285714285714285,0.6388888888888888,0.5789473684210527
0022100527,2021-12-30,1610612764,WAS,W,22021,1610612739,CLE,1,0.5,0.6153846153846154,0.5882352941176471,0.5882352941176471
0022100525,2021-12-30,1610612751,BKN,L,22021,1610612755,PHI,0,0.71875,0.625,0.5294117647058824,0.6
0022100530,2021-12-31,1610612754,IND,L,22021,1610612741,CHI,0,0.4,0.5789473684210527,0.6875,0.625
0022100532,2021-12-31,1610612745,HOU,L,22021,1610612748,MIA,0,0.2857142857142857,0.4666666666666667,0.6285714285714286,0.5263157894736842
0022100531,2021-12-31,1610612758,SAC,L,22021,1610612742,DAL,0,0.4166666666666667,0.45,0.47058823529411764,0.4444444444444444
0022100538,2021-12-31,1610612747,LAL,W,22021,1610612757,POR,1,0.4722222222222222,0.5,0.38235294117647056,0.14285714285714285
0022100529,2021-12-31,1610612738,BOS,W,22021,1610612756,PHX,1,0.45714285714285713,0.5625,0.7941176470588235,0.7857142857142857
0022100537,2021-12-31,1610612762,UTA,W,22021,1610612750,MIN,1,0.7352941176470589,0.6842105263157895,0.47058823529411764,0.42857142857142855
0022100536,2021-12-31,1610612760,OKC,W,22021,1610612752,NYK,1,0.35294117647058826,0.4117647058823529,0.4857142857142857,0.5882352941176471
0022100534,2021-12-31,1610612761,TOR,W,22021,1610612746,LAC,1,0.45161290322580644,0.4117647058823529,0.5142857142857142,0.46153846153846156
0022100533,2021-12-31,1610612739,CLE,L,22021,1610612737,ATL,0,0.5714285714285714,0.5882352941176471,0.4411764705882353,0.4117647058823529
0022100535,2021-12-31,1610612763,MEM,W,22021,1610612759,SAS,1,0.6111111111111112,0.6,0.42424242424242425,0.4375
0022100542,2022-01-01,1610612751,BKN,L,22021,1610612746,LAC,0,0.696969696969697,0.5882352941176471,0.5,0.42857142857142855
0022100540,2022-01-01,1610612765,DET,W,22021,1610612759,SAS,1,0.15151515151515152,0.1875,0.4117647058823529,0.4117647058823529
0022100541,2022-01-01,1610612764,WAS,L,22021,1610612741,CHI,0,0.5142857142857142,0.6428571428571429,0.696969696969697,0.6470588235294118
0022100539,2022-01-01,1610612749,MIL,W,22021,1610612740,NOP,1,0.6486486486486487,0.7058823529411765,0.37142857142857144,0.3157894736842105
0022100543,2022-01-01,1610612745,HOU,L,22021,1610612743,DEN,0,0.2777777777777778,0.4375,0.5151515151515151,0.47368421052631576
0022100544,2022-01-01,1610612762,UTA,L,22021,1610612744,GSW,0,0.7428571428571429,0.7,0.7941176470588235,0.7333333333333333
0022100545,2022-01-02,1610612761,TOR,W,22021,1610612752,NYK,1,0.46875,0.4444444444444444,0.4722222222222222,0.5555555555555556
0022100548,2022-01-02,1610612758,SAC,W,22021,1610612748,MIA,1,0.40540540540540543,0.42857142857142855,0.6388888888888888,0.55
0022100547,2022-01-02,1610612739,CLE,W,22021,1610612754,IND,1,0.5555555555555556,0.5555555555555556,0.3888888888888889,0.1875
0022100551,2022-01-02,1610612747,LAL,W,22021,1610612750,MIN,1,0.4864864864864865,0.5238095238095238,0.45714285714285713,0.4
0022100550,2022-01-02,1610612760,OKC,L,22021,1610612742,DAL,0,0.37142857142857144,0.4444444444444444,0.4857142857142857,0.47368421052631576
0022100546,2022-01-02,1610612738,BOS,W,22021,1610612753,ORL,1,0.4722222222222222,0.5882352941176471,0.19444444444444445,0.23809523809523808
0022100549,2022-01-02,1610612766,CHA,L,22021,1610612756,PHX,0,0.5277777777777778,0.6923076923076923,0.7714285714285715,0.7333333333333333
0022100556,2022-01-03,1610612749,MIL,L,22021,1610612765,DET,0,0.6578947368421053,0.7222222222222222,0.17647058823529413,0.11764705882352941
0022100561,2022-01-03,1610612746,LAC,L,22021,1610612750,MIN,0,0.5135135135135135,0.5454545454545454,0.4444444444444444,0.375
0022100557,2022-01-03,1610612740,NOP,L,22021,1610612762,UTA,0,0.3611111111111111,0.4375,0.7222222222222222,0.8
0022100558,2022-01-03,1610612742,DAL,W,22021,1610612743,DEN,1,0.5,0.5,0.5294117647058824,0.5
0022100554,2022-01-03,1610612751,BKN,L,22021,1610612763,MEM,0,0.6764705882352942,0.5555555555555556,0.6216216216216216,0.625
0022100553,2022-01-03,1610612764,WAS,W,22021,1610612766,CHA,1,0.5,0.6,0.5135135135135135,0.43478260869565216
0022100559,2022-01-03,1610612744,GSW,W,22021,1610612748,MIA,1,0.8,0.8421052631578947,0.6216216216216216,0.5238095238095238
0022100555,2022-01-03,1610612741,CHI,W,22021,1610612753,ORL,1,0.7058823529411765,0.75,0.1891891891891892,0.22727272727272727
0022100552,2022-01-03,1610612755,PHI,W,22021,1610612745,HOU,1,0.5428571428571428,0.42857142857142855,0.2702702702702703,0.15
0022100560,2022-01-03,1610612757,POR,W,22021,1610612737,ATL,1,0.37142857142857144,0.55,0.45714285714285713,0.4444444444444444
0022100562,2022-01-04,1610612739,CLE,L,22021,1610612763,MEM,0,0.5675675675675675,0.5789473684210527,0.631578947368421,0.6470588235294118
0022100564,2022-01-04,1610612752,NYK,W,22021,1610612754,IND,1,0.4594594594594595,0.3888888888888889,0.3783783783783784,0.17647058823529413
0022100565,2022-01-04,1610612740,NOP,L,22021,1610612756,PHX,0,0.35135135135135137,0.4117647058823529,0.7777777777777778,0.75
0022100566,2022-01-04,1610612747,LAL,W,22021,1610612758,SAC,1,0.5,0.5454545454545454,0.42105263157894735,0.375
0022100563,2022-01-04,1610612761,TOR,W,22021,1610612759,SAS,1,0.48484848484848486,0.47368421052631576,0.4,0.3888888888888889
0022100567,2022-01-05,1610612766,CHA,W,22021,1610612765,DET,1,0.5,0.6428571428571429,0.2,0.16666666666666666
0022100568,2022-01-05,1610612753,ORL,L,22021,1610612755,PHI,0,0.18421052631578946,0.13333333333333333,0.5555555555555556,0.6190476190476191
0022100570,2022-01-05,1610612738,BOS,L,22021,1610612759,SAS,0,0.4864864864864865,0.6111111111111112,0.3888888888888889,0.3684210526315789
0022100569,2022-01-05,1610612764,WAS,L,22021,1610612745,HOU,0,0.5135135135135135,0.625,0.2631578947368421,0.14285714285714285
0022100571,2022-01-05,1610612754,IND,L,22021,1610612751,BKN,0,0.3684210526315789,0.55,0.6571428571428571,0.8125
0022100574,2022-01-05,1610612750,MIN,W,22021,1610612760,OKC,1,0.4594594594594595,0.5,0.3611111111111111,0.29411764705882354
0022100576,2022-01-05,1610612757,POR,L,22021,1610612748,MIA,0,0.3888888888888889,0.5714285714285714,0.6052631578947368,0.5
0022100577,2022-01-05,1610612758,SAC,L,22021,1610612737,ATL,0,0.41025641025641024,0.45454545454545453,0.4444444444444444,0.42105263157894735
0022100572,2022-01-05,1610612742,DAL,W,22021,1610612744,GSW,1,0.5135135135135135,0.5294117647058824,0.8055555555555556,0.75
0022100573,2022-01-05,1610612749,MIL,L,22021,1610612761,TOR,0,0.6410256410256411,0.6842105263157895,0.5,0.5
0022100575,2022-01-05,1610612743,DEN,L,22021,1610612762,UTA,0,0.5142857142857142,0.5714285714285714,0.7297297297297297,0.8125
0022100581,2022-01-06,1610612756,PHX,W,22021,1610612746,LAC,1,0.7837837837837838,0.8,0.5,0.4666666666666667
0022100579,2022-01-06,1610612763,MEM,W,22021,1610612765,DET,1,0.6410256410256411,0.6190476190476191,0.19444444444444445,0.15789473684210525
0022100578,2022-01-06,1610612752,NYK,W,22021,1610612738,BOS,1,0.47368421052631576,0.42105263157894735,0.47368421052631576,0.3684210526315789
0022100580,2022-01-06,1610612740,NOP,W,22021,1610612744,GSW,1,0.34210526315789475,0.3888888888888889,0.7837837837837838,0.7058823529411765
0022100588,2022-01-07,1610612743,DEN,W,22021,1610612758,SAC,1,0.5,0.5333333333333333,0.4,0.35294117647058826
0022100590,2022-01-07,1610612757,POR,L,22021,1610612739,CLE,0,0.3783783783783784,0.5454545454545454,0.5526315789473685,0.5555555555555556
0022100584,2022-01-07,1610612761,TOR,W,22021,1610612762,UTA,1,0.5142857142857142,0.5,0.7368421052631579,0.8235294117647058
0022100586,2022-01-07,1610612745,HOU,L,22021,1610612742,DAL,0,0.28205128205128205,0.4117647058823529,0.5263157894736842,0.5
0022100583,2022-01-07,1610612751,BKN,L,22021,1610612749,MIL,0,0.6666666666666666,0.5263157894736842,0.625,0.6
0022100587,2022-01-07,1610612760,OKC,L,22021,1610612750,MIN,0,0.35135135135135137,0.42105263157894735,0.47368421052631576,0.4117647058823529
0022100589,2022-01-07,1610612747,LAL,W,22021,1610612737,ATL,1,0.5128205128205128,0.5652173913043478,0.4594594594594595,0.45
0022100585,2022-01-07,1610612741,CHI,W,22021,1610612764,WAS,1,0.7142857142857143,0.7647058823529411,0.5,0.42857142857142855
0022100582,2022-01-07,1610612755,PHI,W,22021,1610612759,SAS,1,0.5675675675675675,0.4666666666666667,0.40540540540540543,0.4
0022100593,2022-01-08,1610612765,DET,W,22021,1610612753,ORL,1,0.1891891891891892,0.23529411764705882,0.1794871794871795,0.21739130434782608
0022100594,2022-01-08,1610612754,IND,W,22021,1610612762,UTA,1,0.358974358974359,0.5238095238095238,0.717948717948718,0.7777777777777778
0022100596,2022-01-08,1610612756,PHX,L,22021,1610612748,MIA,0,0.7894736842105263,0.8095238095238095,0.6153846153846154,0.5217391304347826
0022100592,2022-01-08,1610612766,CHA,W,22021,1610612749,MIL,1,0.5128205128205128,0.6666666666666666,0.6341463414634146,0.6190476190476191
0022100591,2022-01-08,1610612746,LAC,L,22021,1610612763,MEM,0,0.48717948717948717,0.5217391304347826,0.65,0.6666666666666666
0022100595,2022-01-08,1610612738,BOS,W,22021,1610612752,NYK,1,0.46153846153846156,0.5789473684210527,0.48717948717948717,0.5263157894736842
0022100604,2022-01-09,1610612744,GSW,W,22021,1610612739,CLE,1,0.7631578947368421,0.85,0.5641025641025641,0.5789473684210527
0022100606,2022-01-09,1610612747,LAL,L,22021,1610612763,MEM,0,0.525,0.5833333333333334,0.6585365853658537,0.6842105263157895
0022100605,2022-01-09,1610612757,POR,W,22021,1610612758,SAC,1,0.3684210526315789,0.5217391304347826,0.3902439024390244,0.3333333333333333
0022100603,2022-01-09,1610612742,DAL,W,22021,1610612741,CHI,1,0.5384615384615384,0.5555555555555556,0.7222222222222222,0.6666666666666666
0022100601,2022-01-09,1610612760,OKC,L,22021,1610612743,DEN,0,0.34210526315789475,0.4,0.5135135135135135,0.47619047619047616
0022100598,2022-01-09,1610612753,ORL,L,22021,1610612764,WAS,0,0.175,0.125,0.48717948717948717,0.4090909090909091
0022100602,2022-01-09,1610612751,BKN,W,22021,1610612759,SAS,1,0.6486486486486487,0.5,0.39473684210526316,0.38095238095238093
0022100597,2022-01-09,1610612746,LAC,W,22021,1610612737,ATL,1,0.475,0.5,0.4473684210526316,0.42857142857142855
0022100600,2022-01-09,1610612745,HOU,L,22021,1610612750,MIN,0,0.275,0.3888888888888889,0.48717948717948717,0.4444444444444444
0022100599,2022-01-09,1610612761,TOR,W,22021,1610612740,NOP,1,0.5277777777777778,0.5238095238095238,0.358974358974359,0.3
0022100611,2022-01-10,1610612758,SAC,L,22021,1610612739,CLE,0,0.38095238095238093,0.43478260869565216,0.55,0.55
0022100607,2022-01-10,1610612766,CHA,W,22021,1610612749,MIL,1,0.525,0.6875,0.6190476190476191,0.5909090909090909
0022100608,2022-01-10,1610612765,DET,W,22021,1610612762,UTA,1,0.21052631578947367,0.2777777777777778,0.7,0.7368421052631579
0022100609,2022-01-10,1610612738,BOS,W,22021,1610612754,IND,1,0.475,0.6,0.375,0.16666666666666666
0022100610,2022-01-10,1610612752,NYK,W,22021,1610612759,SAS,1,0.475,0.45,0.38461538461538464,0.36363636363636365
0022100711,2022-01-10,1610612745,HOU,L,22021,1610612755,PHI,0,0.2682926829268293,0.3684210526315789,0.5789473684210527,0.6363636363636364
0022100486,2022-01-10,1610612757,POR,W,22021,1610612751,BKN,1,0.38461538461538464,0.5416666666666666,0.6578947368421053,0.8235294117647058
0022100612,2022-01-11,1610612764,WAS,W,22021,1610612760,OKC,1,0.5,0.5882352941176471,0.3333333333333333,0.2777777777777778
0022100613,2022-01-11,1610612761,TOR,L,22021,1610612756,PHX,0,0.5405405405405406,0.5454545454545454,0.7692307692307693,0.7647058823529411
0022100614,2022-01-11,1610612763,MEM,W,22021,1610612744,GSW,1,0.6666666666666666,0.6363636363636364,0.7692307692307693,0.6666666666666666
0022100616,2022-01-11,1610612746,LAC,W,22021,1610612743,DEN,1,0.4878048780487805,0.52,0.5263157894736842,0.5
0022100415,2022-01-11,1610612741,CHI,W,22021,1610612765,DET,1,0.7027027027027027,0.7777777777777778,0.23076923076923078,0.15
0022100615,2022-01-11,1610612740,NOP,W,22021,1610612750,MIN,1,0.35,0.42105263157894735,0.5,0.47368421052631576
0022100625,2022-01-12,1610612741,CHI,L,22021,1610612751,BKN,0,0.7105263157894737,0.7894736842105263,0.6410256410256411,0.7777777777777778
0022100619,2022-01-12,1610612755,PHI,L,22021,1610612766,CHA,0,0.5897435897435898,0.5,0.5365853658536586,0.4166666666666667
0022100618,2022-01-12,1610612754,IND,L,22021,1610612738,BOS,0,0.36585365853658536,0.5454545454545454,0.4878048780487805,0.35
0022100621,2022-01-12,1610612737,ATL,L,22021,1610612748,MIA,0,0.4358974358974359,0.47058823529411764,0.625,0.5416666666666666
0022100620,2022-01-12,1610612764,WAS,W,22021,1610612753,ORL,1,0.5121951219512195,0.6111111111111112,0.17073170731707318,0.20833333333333334
0022100623,2022-01-12,1610612759,SAS,L,22021,1610612745,HOU,0,0.375,0.4117647058823529,0.2619047619047619,0.18181818181818182
0022100626,2022-01-12,1610612758,SAC,W,22021,1610612747,LAL,1,0.37209302325581395,0.4166666666666667,0.5121951219512195,0.4375
0022100624,2022-01-12,1610612762,UTA,L,22021,1610612739,CLE,0,0.6829268292682927,0.6666666666666666,0.5609756097560976,0.5714285714285714
0022100622,2022-01-12,1610612752,NYK,W,22021,1610612742,DAL,1,0.4878048780487805,0.47619047619047616,0.55,0.5238095238095238
0022100628,2022-01-13,1610612763,MEM,W,22021,1610612750,MIN,1,0.6744186046511628,0.6521739130434783,0.4878048780487805,0.45
0022100629,2022-01-13,1610612740,NOP,W,22021,1610612746,LAC,1,0.36585365853658536,0.45,0.5,0.4375
0022100630,2022-01-13,1610612751,BKN,L,22021,1610612760,OKC,0,0.65,0.5238095238095238,0.325,0.2631578947368421
0022100627,2022-01-13,1610612749,MIL,W,22021,1610612744,GSW,1,0.6046511627906976,0.65,0.75,0.631578947368421
0022100631,2022-01-13,1610612743,DEN,W,22021,1610612757,POR,1,0.5128205128205128,0.5625,0.4,0.13333333333333333
0022100633,2022-01-14,1610612765,DET,W,22021,1610612761,TOR,1,0.225,0.3157894736842105,0.5263157894736842,0.5333333333333333
0022100636,2022-01-14,1610612748,MIA,W,22021,1610612737,ATL,1,0.6341463414634146,0.75,0.425,0.4090909090909091
0022100632,2022-01-14,1610612766,CHA,L,22021,1610612753,ORL,0,0.5476190476190477,0.7058823529411765,0.16666666666666666,0.2
0022100637,2022-01-14,1610612741,CHI,L,22021,1610612744,GSW,0,0.6923076923076923,0.75,0.7317073170731707,0.6
0022100639,2022-01-14,1610612763,MEM,L,22021,1610612742,DAL,0,0.6818181818181818,0.6666666666666666,0.5365853658536586,0.5
0022100634,2022-01-14,1610612754,IND,L,22021,1610612756,PHX,0,0.35714285714285715,0.5217391304347826,0.775,0.7777777777777778
0022100638,2022-01-14,1610612759,SAS,L,22021,1610612739,CLE,0,0.36585365853658536,0.3888888888888889,0.5714285714285714,0.5909090909090909
0022100640,2022-01-14,1610612758,SAC,W,22021,1610612745,HOU,1,0.38636363636363635,0.44,0.27906976744186046,0.21739130434782608
0022100635,2022-01-14,1610612755,PHI,W,22021,1610612738,BOS,1,0.575,0.47058823529411764,0.5,0.38095238095238093
0022100650,2022-01-15,1610612742,DAL,W,22021,1610612753,ORL,1,0.5476190476190477,0.5789473684210527,0.18604651162790697,0.23076923076923078
0022100642,2022-01-15,1610612764,WAS,L,22021,1610612757,POR,0,0.5238095238095238,0.631578947368421,0.3902439024390244,0.125
0022100648,2022-01-15,1610612759,SAS,W,22021,1610612746,LAC,1,0.35714285714285715,0.3684210526315789,0.4883720930232558,0.4117647058823529
0022100643,2022-01-15,1610612737,ATL,L,22021,1610612752,NYK,0,0.4146341463414634,0.4444444444444444,0.5,0.5
0022100649,2022-01-15,1610612743,DEN,W,22021,1610612747,LAL,1,0.525,0.5882352941176471,0.5,0.4117647058823529
0022100641,2022-01-15,1610612749,MIL,L,22021,1610612761,TOR,0,0.6136363636363636,0.6666666666666666,0.5128205128205128,0.5
0022100646,2022-01-15,1610612760,OKC,L,22021,1610612739,CLE,0,0.34146341463414637,0.38095238095238093,0.5813953488372093,0.6086956521739131
0022100647,2022-01-15,1610612738,BOS,W,22021,1610612741,CHI,1,0.4883720930232558,0.6190476190476191,0.675,0.631578947368421
0022100644,2022-01-15,1610612751,BKN,W,22021,1610612740,NOP,1,0.6341463414634146,0.5,0.38095238095238093,0.2857142857142857
0022100645,2022-01-15,1610612748,MIA,L,22021,1610612755,PHI,0,0.6428571428571429,0.7647058823529411,0.5853658536585366,0.6521739130434783
0022100617,2022-01-16,1610612765,DET,L,22021,1610612756,PHX,0,0.24390243902439024,0.35,0.7804878048780488,0.7894736842105263
0022100651,2022-01-16,1610612758,SAC,L,22021,1610612745,HOU,0,0.4,0.46153846153846156,0.2727272727272727,0.20833333333333334
0022100653,2022-01-16,1610612743,DEN,L,22021,1610612762,UTA,0,0.5365853658536586,0.6111111111111112,0.6666666666666666,0.7
0022100652,2022-01-16,1610612750,MIN,W,22021,1610612744,GSW,1,0.47619047619047616,0.5238095238095238,0.7380952380952381,0.6190476190476191
0022100657,2022-01-17,1610612739,CLE,W,22021,1610612751,BKN,1,0.5909090909090909,0.55,0.6428571428571429,0.7894736842105263
0022100658,2022-01-17,1610612763,MEM,W,22021,1610612741,CHI,1,0.6666666666666666,0.64,0.6585365853658537,0.6
0022100654,2022-01-17,1610612738,BOS,W,22021,1610612740,NOP,1,0.5,0.6363636363636364,0.37209302325581395,0.2727272727272727
0022100659,2022-01-17,1610612746,LAC,W,22021,1610612754,IND,1,0.4772727272727273,0.5384615384615384,0.3488372093023256,0.15789473684210525
0022100661,2022-01-17,1610612753,ORL,L,22021,1610612757,POR,0,0.18181818181818182,0.11764705882352941,0.40476190476190477,0.17647058823529413
0022100656,2022-01-17,1610612764,WAS,W,22021,1610612755,PHI,1,0.5116279069767442,0.6,0.5952380952380952,0.6666666666666666
0022100664,2022-01-17,1610612759,SAS,L,22021,1610612756,PHX,0,0.37209302325581395,0.4,0.7857142857142857,0.8
0022100655,2022-01-17,1610612752,NYK,L,22021,1610612766,CHA,0,0.5116279069767442,0.5,0.5348837209302325,0.44
0022100662,2022-01-17,1610612748,MIA,W,22021,1610612761,TOR,1,0.627906976744186,0.7222222222222222,0.525,0.5294117647058824
0022100660,2022-01-17,1610612737,ATL,W,22021,1610612749,MIL,1,0.40476190476190477,0.42105263157894735,0.6,0.5652173913043478
0022100663,2022-01-17,1610612742,DAL,W,22021,1610612760,OKC,1,0.5581395348837209,0.6,0.3333333333333333,0.3
0022100665,2022-01-17,1610612747,LAL,W,22021,1610612762,UTA,1,0.4883720930232558,0.56,0.6744186046511628,0.7142857142857143
0022100666,2022-01-18,1610612752,NYK,L,22021,1610612750,MIN,0,0.5,0.4782608695652174,0.4883720930232558,0.42857142857142855
0022100667,2022-01-18,1610612744,GSW,W,22021,1610612765,DET,1,0.7209302325581395,0.8571428571428571,0.23809523809523808,0.14285714285714285
0022100671,2022-01-19,1610612738,BOS,L,22021,1610612766,CHA,0,0.5111111111111111,0.6521739130434783,0.5454545454545454,0.46153846153846156
0022100677,2022-01-19,1610612762,UTA,L,22021,1610612745,HOU,0,0.6590909090909091,0.6363636363636364,0.28888888888888886,0.24
0022100675,2022-01-19,1610612742,DAL,W,22021,1610612761,TOR,1,0.5681818181818182,0.6190476190476191,0.5121951219512195,0.5
0022100673,2022-01-19,1610612741,CHI,W,22021,1610612739,CLE,1,0.6428571428571429,0.7142857142857143,0.6,0.625
0022100668,2022-01-19,1610612755,PHI,W,22021,1610612753,ORL,1,0.5813953488372093,0.5,0.17777777777777778,0.2222222222222222
0022100669,2022-01-19,1610612764,WAS,L,22021,1610612751,BKN,0,0.5227272727272727,0.6190476190476191,0.627906976744186,0.75
0022100670,2022-01-19,1610612737,ATL,W,22021,1610612750,MIN,1,0.4186046511627907,0.45,0.5,0.45454545454545453
0022100680,2022-01-19,1610612747,LAL,L,22021,1610612754,IND,0,0.5,0.5769230769230769,0.3409090909090909,0.15
0022100672,2022-01-19,1610612748,MIA,W,22021,1610612757,POR,1,0.6363636363636364,0.7368421052631579,0.4186046511627907,0.2222222222222222
0022100676,2022-01-19,1610612759,SAS,W,22021,1610612760,OKC,1,0.36363636363636365,0.38095238095238093,0.32558139534883723,0.2857142857142857
0022100674,2022-01-19,1610612749,MIL,W,22021,1610612763,MEM,1,0.5869565217391305,0.6363636363636364,0.6739130434782609,0.7
0022100678,2022-01-19,1610612743,DEN,W,22021,1610612746,LAC,1,0.5238095238095238,0.5789473684210527,0.4888888888888889,0.3888888888888889
0022100679,2022-01-19,1610612758,SAC,L,22021,1610612765,DET,0,0.391304347826087,0.4444444444444444,0.23255813953488372,0.13636363636363635
0022100681,2022-01-20,1610612752,NYK,L,22021,1610612740,NOP,0,0.4888888888888889,0.4583333333333333,0.36363636363636365,0.2608695652173913
0022100682,2022-01-20,1610612742,DAL,L,22021,1610612756,PHX,0,0.5777777777777777,0.6363636363636364,0.7906976744186046,0.8095238095238095
0022100683,2022-01-20,1610612744,GSW,L,22021,1610612754,IND,0,0.7272727272727273,0.8636363636363636,0.35555555555555557,0.19047619047619047
0022100689,2022-01-21,1610612764,WAS,L,22021,1610612761,TOR,0,0.5111111111111111,0.5909090909090909,0.5,0.47368421052631576
0022100686,2022-01-21,1610612755,PHI,L,22021,1610612746,LAC,0,0.5909090909090909,0.5263157894736842,0.4782608695652174,0.3684210526315789
0022100694,2022-01-21,1610612744,GSW,W,22021,1610612745,HOU,1,0.7111111111111111,0.8260869565217391,0.30434782608695654,0.2692307692307692
0022100692,2022-01-21,1610612743,DEN,L,22021,1610612763,MEM,0,0.5348837209302325,0.6,0.6595744680851063,0.6666666666666666
0022100685,2022-01-21,1610612753,ORL,L,22021,1610612747,LAL,0,0.17391304347826086,0.1111111111111111,0.4888888888888889,0.3888888888888889
0022100684,2022-01-21,1610612766,CHA,W,22021,1610612760,OKC,1,0.5555555555555556,0.6666666666666666,0.3181818181818182,0.2727272727272727
0022100693,2022-01-21,1610612762,UTA,W,22021,1610612765,DET,1,0.6444444444444445,0.6086956521739131,0.25,0.17391304347826086
0022100688,2022-01-21,1610612738,BOS,L,22021,1610612757,POR,0,0.5,0.625,0.4090909090909091,0.21052631578947367
0022100687,2022-01-21,1610612737,ATL,W,22021,1610612748,MIA,1,0.4318181818181818,0.47619047619047616,0.6444444444444445,0.56
0022100690,2022-01-21,1610612749,MIL,W,22021,1610612741,CHI,1,0.5957446808510638,0.6521739130434783,0.6511627906976745,0.5714285714285714
0022100691,2022-01-21,1610612759,SAS,L,22021,1610612751,BKN,0,0.37777777777777777,0.4090909090909091,0.6363636363636364,0.7619047619047619
0022100697,2022-01-22,1610612756,PHX,W,22021,1610612754,IND,1,0.7954545454545454,0.7727272727272727,0.3695652173913043,0.22727272727272727
0022100695,2022-01-22,1610612739,CLE,W,22021,1610612760,OKC,1,0.5869565217391305,0.5714285714285714,0.3111111111111111,0.2608695652173913
0022100696,2022-01-22,1610612749,MIL,W,22021,1610612758,SAC,1,0.6041666666666666,0.6666666666666666,0.3829787234042553,0.3157894736842105
0022100705,2022-01-23,1610612742,DAL,W,22021,1610612763,MEM,1,0.5652173913043478,0.6086956521739131,0.6666666666666666,0.6818181818181818
0022100698,2022-01-23,1610612752,NYK,W,22021,1610612746,LAC,1,0.4782608695652174,0.44,0.48936170212765956,0.4
0022100702,2022-01-23,1610612761,TOR,L,22021,1610612757,POR,0,0.5116279069767442,0.5217391304347826,0.4222222222222222,0.25
0022100704,2022-01-23,1610612759,SAS,L,22021,1610612755,PHI,0,0.3695652173913043,0.391304347826087,0.5777777777777777,0.64
0022100707,2022-01-23,1610612743,DEN,W,22021,1610612765,DET,1,0.5227272727272727,0.5714285714285714,0.24444444444444444,0.16666666666666666
0022100699,2022-01-23,1610612764,WAS,L,22021,1610612738,BOS,0,0.5,0.5652173913043478,0.48936170212765956,0.36363636363636365
0022100703,2022-01-23,1610612766,CHA,L,22021,1610612737,ATL,0,0.5652173913043478,0.6842105263157895,0.4444444444444444,0.391304347826087
0022100708,2022-01-23,1610612744,GSW,W,22021,1610612762,UTA,1,0.717391304347826,0.8333333333333334,0.6521739130434783,0.6818181818181818
0022100706,2022-01-23,1610612750,MIN,W,22021,1610612751,BKN,1,0.4888888888888889,0.5454545454545454,0.6444444444444445,0.7727272727272727
0022100701,2022-01-23,1610612753,ORL,W,22021,1610612741,CHI,1,0.1702127659574468,0.10526315789473684,0.6363636363636364,0.5454545454545454
0022100700,2022-01-23,1610612748,MIA,W,22021,1610612747,LAL,1,0.6304347826086957,0.75,0.5,0.42105263157894735
0022100712,2022-01-24,1610612740,NOP,W,22021,1610612754,IND,1,0.37777777777777777,0.47619047619047616,0.3617021276595745,0.21739130434782608
0022100730,2022-01-24,1610612760,OKC,L,22021,1610612741,CHI,0,0.30434782608695654,0.36363636363636365,0.6222222222222222,0.5217391304347826
0022100713,2022-01-24,1610612756,PHX,W,22021,1610612762,UTA,1,0.8,0.782608695652174,0.6382978723404256,0.6521739130434783
0022100709,2022-01-24,1610612739,CLE,W,22021,1610612752,NYK,1,0.5957446808510638,0.5909090909090909,0.48936170212765956,0.5238095238095238
0022100714,2022-01-25,1610612765,DET,L,22021,1610612743,DEN,0,0.2391304347826087,0.3333333333333333,0.5333333333333333,0.4782608695652174
0022100721,2022-01-25,1610612757,POR,L,22021,1610612750,MIN,0,0.43478260869565216,0.56,0.5,0.43478260869565216
0022100720,2022-01-25,1610612744,GSW,W,22021,1610612742,DAL,1,0.723404255319149,0.84,0.574468085106383,0.5217391304347826
0022100719,2022-01-25,1610612745,HOU,L,22021,1610612759,SAS,0,0.2978723404255319,0.35,0.3617021276595745,0.34782608695652173
0022100716,2022-01-25,1610612764,WAS,L,22021,1610612746,LAC,0,0.48936170212765956,0.5416666666666666,0.4791666666666667,0.38095238095238093
0022100454,2022-01-25,1610612755,PHI,W,22021,1610612740,NOP,1,0.5869565217391305,0.5,0.391304347826087,0.2916666666666667
0022100717,2022-01-25,1610612738,BOS,W,22021,1610612758,SAC,1,0.5,0.6,0.375,0.3
0022100718,2022-01-25,1610612751,BKN,L,22021,1610612747,LAL,0,0.6304347826086957,0.5217391304347826,0.48936170212765956,0.4
0022100715,2022-01-25,1610612761,TOR,W,22021,1610612766,CHA,1,0.5,0.5,0.5531914893617021,0.48148148148148145
0022100732,2022-01-26,1610612757,POR,L,22021,1610612742,DAL,0,0.425531914893617,0.5384615384615384,0.5625,0.5
0022100723,2022-01-26,1610612754,IND,L,22021,1610612766,CHA,0,0.3541666666666667,0.5,0.5416666666666666,0.4642857142857143
0022100453,2022-01-26,1610612751,BKN,L,22021,1610612743,DEN,0,0.6170212765957447,0.5,0.5434782608695652,0.5
0022100731,2022-01-26,1610612762,UTA,L,22021,1610612756,PHX,0,0.625,0.625,0.8043478260869565,0.8181818181818182
0022100724,2022-01-26,1610612753,ORL,L,22021,1610612746,LAC,0,0.1875,0.15,0.4897959183673469,0.4090909090909091
0022100725,2022-01-26,1610612737,ATL,W,22021,1610612758,SAC,1,0.45652173913043476,0.5,0.3673469387755102,0.2857142857142857
0022100727,2022-01-26,1610612748,MIA,W,22021,1610612752,NYK,1,0.6382978723404256,0.7619047619047619,0.4791666666666667,0.5
0022100728,2022-01-26,1610612759,SAS,L,22021,1610612763,MEM,0,0.375,0.375,0.6530612244897959,0.6521739130434783
0022100472,2022-01-26,1610612741,CHI,W,22021,1610612761,TOR,1,0.6304347826086957,0.7272727272727273,0.5111111111111111,0.5
0022100722,2022-01-26,1610612739,CLE,W,22021,1610612749,MIL,1,0.6041666666666666,0.6086956521739131,0.6122448979591837,0.5416666666666666
0022100733,2022-01-27,1610612755,PHI,W,22021,1610612747,LAL,1,0.5957446808510638,0.5238095238095238,0.5,0.42857142857142855
0022100734,2022-01-27,1610612744,GSW,W,22021,1610612750,MIN,1,0.7291666666666666,0.8461538461538461,0.5106382978723404,0.4583333333333333
0022100737,2022-01-28,1610612737,ATL,W,22021,1610612738,BOS,1,0.46808510638297873,0.5217391304347826,0.5102040816326531,0.391304347826087
0022100739,2022-01-28,1610612745,HOU,L,22021,1610612757,POR,0,0.2916666666666667,0.3333333333333333,0.4166666666666667,0.2857142857142857
0022100736,2022-01-28,1610612753,ORL,W,22021,1610612765,DET,1,0.1836734693877551,0.14285714285714285,0.23404255319148937,0.16
0022100742,2022-01-28,1610612759,SAS,W,22021,1610612741,CHI,1,0.3673469387755102,0.36,0.6382978723404256,0.5416666666666666
0022100744,2022-01-28,1610612749,MIL,W,22021,1610612752,NYK,1,0.6,0.68,0.46938775510204084,0.4782608695652174
0022100743,2022-01-28,1610612756,PHX,W,22021,1610612750,MIN,1,0.8085106382978723,0.7916666666666666,0.5,0.44
0022100729,2022-01-28,1610612740,NOP,L,22021,1610612743,DEN,0,0.3829787234042553,0.5,0.5531914893617021,0.52
0022100741,2022-01-28,1610612760,OKC,L,22021,1610612754,IND,0,0.2978723404255319,0.34782608695652173,0.3469387755102041,0.20833333333333334
0022100740,2022-01-28,1610612763,MEM,W,22021,1610612762,UTA,1,0.66,0.6538461538461539,0.6122448979591837,0.625
0022100735,2022-01-28,1610612766,CHA,W,22021,1610612747,LAL,1,0.5510204081632653,0.65,0.4897959183673469,0.4090909090909091
0022100738,2022-01-28,1610612748,MIA,W,22021,1610612746,LAC,1,0.6458333333333334,0.7727272727272727,0.5,0.43478260869565216
0022100750,2022-01-29,1610612744,GSW,W,22021,1610612751,BKN,1,0.7346938775510204,0.8518518518518519,0.6041666666666666,0.7391304347826086
0022100747,2022-01-29,1610612755,PHI,W,22021,1610612758,SAC,1,0.6041666666666666,0.5454545454545454,0.36,0.2727272727272727
0022100745,2022-01-29,1610612740,NOP,L,22021,1610612738,BOS,0,0.375,0.4782608695652174,0.5,0.375
0022100749,2022-01-29,1610612763,MEM,W,22021,1610612764,WAS,1,0.6666666666666666,0.6666666666666666,0.4791666666666667,0.43478260869565216
0022100748,2022-01-29,1610612748,MIA,L,22021,1610612761,TOR,0,0.6530612244897959,0.782608695652174,0.5,0.47619047619047616
0022100746,2022-01-29,1610612742,DAL,W,22021,1610612754,IND,1,0.5714285714285714,0.625,0.36,0.24
0022100758,2022-01-30,1610612756,PHX,W,22021,1610612759,SAS,1,0.8125,0.8,0.38,0.375
0022100755,2022-01-30,1610612753,ORL,W,22021,1610612742,DAL,1,0.2,0.18181818181818182,0.58,0.52
0022100752,2022-01-30,1610612766,CHA,L,22021,1610612746,LAC,0,0.56,0.6666666666666666,0.49019607843137253,0.4166666666666667
0022100751,2022-01-30,1610612737,ATL,W,22021,1610612747,LAL,1,0.4791666666666667,0.5416666666666666,0.48,0.391304347826087
0022100754,2022-01-30,1610612765,DET,W,22021,1610612739,CLE,1,0.22916666666666666,0.3181818181818182,0.6122448979591837,0.6
0022100756,2022-01-30,1610612749,MIL,L,22021,1610612743,DEN,0,0.6078431372549019,0.6923076923076923,0.5625,0.5384615384615384
0022100753,2022-01-30,1610612741,CHI,W,22021,1610612757,POR,1,0.625,0.7391304347826086,0.42857142857142855,0.3181818181818182
0022100757,2022-01-30,1610612750,MIN,W,22021,1610612762,UTA,1,0.4897959183673469,0.5652173913043478,0.6,0.6
0022100761,2022-01-31,1610612755,PHI,W,22021,1610612763,MEM,1,0.6122448979591837,0.5652173913043478,0.6730769230769231,0.6666666666666666
0022100767,2022-01-31,1610612737,ATL,L,22021,1610612761,TOR,0,0.4897959183673469,0.56,0.5106382978723404,0.5
0022100762,2022-01-31,1610612738,BOS,W,22021,1610612748,MIA,1,0.5098039215686274,0.6153846153846154,0.64,0.5384615384615384
0022100764,2022-01-31,1610612745,HOU,L,22021,1610612744,GSW,0,0.2857142857142857,0.3181818181818182,0.74,0.5909090909090909
0022100765,2022-01-31,1610612760,OKC,W,22021,1610612757,POR,1,0.2916666666666667,0.3333333333333333,0.42,0.30434782608695654
0022100760,2022-01-31,1610612754,IND,W,22021,1610612746,LAC,1,0.35294117647058826,0.48,0.5,0.44
0022100759,2022-01-31,1610612739,CLE,W,22021,1610612740,NOP,1,0.6,0.625,0.3673469387755102,0.28
0022100763,2022-01-31,1610612752,NYK,W,22021,1610612758,SAC,1,0.46,0.46153846153846156,0.35294117647058826,0.2608695652173913
0022100770,2022-02-01,1610612750,MIN,W,22021,1610612743,DEN,1,0.5,0.5833333333333334,0.5714285714285714,0.5555555555555556
0022100784,2022-02-01,1610612761,TOR,W,22021,1610612748,MIA,1,0.5208333333333334,0.52,0.6274509803921569,0.5185185185185185
0022100768,2022-02-01,1610612749,MIL,W,22021,1610612764,WAS,1,0.5961538461538461,0.6666666666666666,0.46938775510204084,0.4166666666666667
0022100769,2022-02-01,1610612741,CHI,W,22021,1610612753,ORL,1,0.6326530612244898,0.75,0.21568627450980393,0.21428571428571427
0022100772,2022-02-01,1610612756,PHX,W,22021,1610612751,BKN,1,0.8163265306122449,0.8076923076923077,0.5918367346938775,0.7083333333333334
0022100766,2022-02-01,1610612765,DET,L,22021,1610612740,NOP,0,0.24489795918367346,0.34782608695652173,0.36,0.2692307692307692
0022100771,2022-02-01,1610612759,SAS,L,22021,1610612744,GSW,0,0.37254901960784315,0.38461538461538464,0.7450980392156863,0.6086956521739131
0022100780,2022-02-02,1610612758,SAC,W,22021,1610612751,BKN,1,0.34615384615384615,0.42857142857142855,0.58,0.68
0022100773,2022-02-02,1610612754,IND,L,22021,1610612753,ORL,0,0.36538461538461536,0.5,0.21153846153846154,0.20689655172413793
0022100776,2022-02-02,1610612752,NYK,L,22021,1610612763,MEM,0,0.47058823529411764,0.48148148148148145,0.660377358490566,0.64
0022100779,2022-02-02,1610612762,UTA,W,22021,1610612743,DEN,1,0.5882352941176471,0.6,0.56,0.5357142857142857
0022100775,2022-02-02,1610612738,BOS,W,22021,1610612766,CHA,1,0.5192307692307693,0.6296296296296297,0.5490196078431373,0.4827586206896552
0022100777,2022-02-02,1610612745,HOU,W,22021,1610612739,CLE,1,0.28,0.30434782608695654,0.6078431372549019,0.5769230769230769
0022100781,2022-02-02,1610612747,LAL,W,22021,1610612757,POR,1,0.47058823529411764,0.5555555555555556,0.4117647058823529,0.2916666666666667
0022100774,2022-02-02,1610612755,PHI,L,22021,1610612764,WAS,0,0.62,0.5833333333333334,0.46,0.4
0022100778,2022-02-02,1610612742,DAL,L,22021,1610612760,OKC,0,0.5686274509803921,0.64,0.30612244897959184,0.25
0022100785,2022-02-03,1610612744,GSW,W,22021,1610612758,SAC,1,0.75,0.8571428571428571,0.3584905660377358,0.25
0022100783,2022-02-03,1610612737,ATL,W,22021,1610612756,PHX,1,0.48,0.5384615384615384,0.82,0.8260869565217391
0022100430,2022-02-03,1610612761,TOR,W,22021,1610612741,CHI,1,0.5306122448979592,0.5384615384615384,0.64,0.52
0022100521,2022-02-03,1610612759,SAS,L,22021,1610612748,MIA,0,0.36538461538461536,0.37037037037037035,0.6153846153846154,0.5
0022100786,2022-02-03,1610612746,LAC,W,22021,1610612747,LAL,1,0.49056603773584906,0.5555555555555556,0.4807692307692308,0.375
0022100782,2022-02-03,1610612765,DET,L,22021,1610612750,MIN,0,0.24,0.3333333333333333,0.5098039215686274,0.4230769230769231
0022100788,2022-02-04,1610612765,DET,L,22021,1610612738,BOS,0,0.23529411764705882,0.32,0.5283018867924528,0.4
0022100792,2022-02-04,1610612759,SAS,W,22021,1610612745,HOU,1,0.3584905660377358,0.35714285714285715,0.29411764705882354,0.25925925925925924
0022100787,2022-02-04,1610612766,CHA,L,22021,1610612739,CLE,0,0.5384615384615384,0.6363636363636364,0.5961538461538461,0.5555555555555556
0022100791,2022-02-04,1610612742,DAL,W,22021,1610612755,PHI,1,0.5576923076923077,0.6153846153846154,0.6078431372549019,0.6538461538461539
0022100793,2022-02-04,1610612762,UTA,W,22021,1610612751,BKN,1,0.5961538461538461,0.6153846153846154,0.5686274509803921,0.6538461538461539
0022100795,2022-02-04,1610612757,POR,L,22021,1610612760,OKC,0,0.40384615384615385,0.5185185185185185,0.32,0.28
0022100789,2022-02-04,1610612754,IND,L,22021,1610612741,CHI,0,0.3584905660377358,0.48148148148148145,0.6274509803921569,0.5
0022100794,2022-02-04,1610612743,DEN,L,22021,1610612740,NOP,0,0.5490196078431373,0.5909090909090909,0.37254901960784315,0.2962962962962963
0022100790,2022-02-04,1610612761,TOR,W,22021,1610612737,ATL,1,0.54,0.5555555555555556,0.49019607843137253,0.4166666666666667
0022100800,2022-02-05,1610612757,POR,L,22021,1610612749,MIL,0,0.39622641509433965,0.5,0.6037735849056604,0.52
0022100797,2022-02-05,1610612766,CHA,L,22021,1610612748,MIA,0,0.5283018867924528,0.6086956521739131,0.6226415094339622,0.5172413793103449
0022100796,2022-02-05,1610612753,ORL,L,22021,1610612763,MEM,0,0.22641509433962265,0.21739130434782608,0.6666666666666666,0.6538461538461539
0022100801,2022-02-05,1610612758,SAC,W,22021,1610612760,OKC,1,0.35185185185185186,0.4482758620689655,0.3333333333333333,0.3076923076923077
0022100799,2022-02-05,1610612747,LAL,W,22021,1610612752,NYK,1,0.4716981132075472,0.5714285714285714,0.46153846153846156,0.4583333333333333
0022100798,2022-02-05,1610612764,WAS,L,22021,1610612756,PHX,0,0.47058823529411764,0.52,0.803921568627451,0.7916666666666666
0022100806,2022-02-06,1610612753,ORL,L,22021,1610612738,BOS,0,0.2222222222222222,0.20833333333333334,0.5370370370370371,0.4230769230769231
0022100809,2022-02-06,1610612746,LAC,L,22021,1610612749,MIL,0,0.5,0.5714285714285714,0.6111111111111112,0.5384615384615384
0022100803,2022-02-06,1610612750,MIN,W,22021,1610612765,DET,1,0.5192307692307693,0.6,0.23076923076923078,0.15384615384615385
0022100802,2022-02-06,1610612741,CHI,L,22021,1610612755,PHI,0,0.6346153846153846,0.76,0.5961538461538461,0.6296296296296297
0022100804,2022-02-06,1610612743,DEN,W,22021,1610612751,BKN,1,0.5384615384615384,0.5652173913043478,0.5576923076923077,0.6296296296296297
0022100808,2022-02-06,1610612745,HOU,L,22021,1610612740,NOP,0,0.28846153846153844,0.3333333333333333,0.38461538461538464,0.32142857142857145
0022100805,2022-02-06,1610612739,CLE,W,22021,1610612754,IND,1,0.6037735849056604,0.64,0.35185185185185186,0.23076923076923078
0022100807,2022-02-06,1610612742,DAL,W,22021,1610612737,ATL,1,0.5660377358490566,0.6296296296296297,0.4807692307692308,0.4
0022100811,2022-02-07,1610612764,WAS,L,22021,1610612748,MIA,0,0.46153846153846156,0.5,0.6296296296296297,0.5333333333333333
0022100810,2022-02-07,1610612766,CHA,L,22021,1610612761,TOR,0,0.5185185185185185,0.5833333333333334,0.5490196078431373,0.5217391304347826
0022100813,2022-02-07,1610612760,OKC,L,22021,1610612744,GSW,0,0.3269230769230769,0.36,0.7547169811320755,0.625
0022100812,2022-02-07,1610612741,CHI,L,22021,1610612756,PHX,0,0.6226415094339622,0.7307692307692307,0.8076923076923077,0.8
0022100814,2022-02-07,1610612762,UTA,W,22021,1610612752,NYK,1,0.6037735849056604,0.6296296296296297,0.4528301886792453,0.44
0022100824,2022-02-08,1610612758,SAC,L,22021,1610612750,MIN,0,0.36363636363636365,0.4666666666666667,0.5283018867924528,0.4444444444444444
0022100819,2022-02-08,1610612740,NOP,W,22021,1610612745,HOU,1,0.39622641509433965,0.4583333333333333,0.2830188679245283,0.25
0022100822,2022-02-08,1610612747,LAL,L,22021,1610612749,MIL,0,0.48148148148148145,0.5862068965517241,0.6181818181818182,0.5555555555555556
0022100820,2022-02-08,1610612742,DAL,W,22021,1610612765,DET,1,0.5740740740740741,0.6428571428571429,0.22641509433962265,0.14814814814814814
0022100818,2022-02-08,1610612763,MEM,W,22021,1610612746,LAC,1,0.6727272727272727,0.6785714285714286,0.4909090909090909,0.4230769230769231
0022100817,2022-02-08,1610612751,BKN,L,22021,1610612738,BOS,0,0.5471698113207547,0.48,0.5454545454545454,0.4444444444444444
0022100816,2022-02-08,1610612737,ATL,W,22021,1610612754,IND,1,0.4716981132075472,0.5555555555555556,0.34545454545454546,0.2222222222222222
0022100815,2022-02-08,1610612755,PHI,L,22021,1610612756,PHX,0,0.6037735849056604,0.56,0.8113207547169812,0.8076923076923077
0022100823,2022-02-08,1610612757,POR,L,22021,1610612753,ORL,0,0.3888888888888889,0.4827586206896552,0.21818181818181817,0.23333333333333334
0022100821,2022-02-08,1610612743,DEN,W,22021,1610612752,NYK,1,0.5471698113207547,0.5833333333333334,0.4444444444444444,0.4230769230769231
0022100825,2022-02-09,1610612739,CLE,W,22021,1610612759,SAS,1,0.6111111111111112,0.6538461538461539,0.37037037037037035,0.36
0022100829,2022-02-09,1610612757,POR,W,22021,1610612747,LAL,1,0.38181818181818183,0.4666666666666667,0.4727272727272727,0.36
0022100826,2022-02-09,1610612766,CHA,L,22021,1610612741,CHI,0,0.509090909090909,0.56,0.6111111111111112,0.5185185185185185
0022100830,2022-02-09,1610612758,SAC,W,22021,1610612750,MIN,1,0.35714285714285715,0.45161290322580644,0.5370370370370371,0.4642857142857143
0022100827,2022-02-09,1610612760,OKC,L,22021,1610612761,TOR,0,0.32075471698113206,0.34615384615384615,0.5576923076923077,0.5416666666666666
0022100828,2022-02-09,1610612762,UTA,W,22021,1610612744,GSW,1,0.6111111111111112,0.6428571428571429,0.7592592592592593,0.64
0022100833,2022-02-10,1610612740,NOP,L,22021,1610612748,MIA,0,0.4074074074074074,0.48,0.6363636363636364,0.5483870967741935
0022100835,2022-02-10,1610612742,DAL,W,22021,1610612746,LAC,1,0.5818181818181818,0.6551724137931034,0.48214285714285715,0.4074074074074074
0022100837,2022-02-10,1610612744,GSW,L,22021,1610612752,NYK,0,0.7454545454545455,0.8620689655172413,0.43636363636363634,0.4074074074074074
0022100836,2022-02-10,1610612756,PHX,W,22021,1610612749,MIL,1,0.8148148148148148,0.8148148148148148,0.625,0.5714285714285714
0022100831,2022-02-10,1610612765,DET,L,22021,1610612763,MEM,0,0.2222222222222222,0.3076923076923077,0.6785714285714286,0.6666666666666666
0022100834,2022-02-10,1610612745,HOU,L,22021,1610612761,TOR,0,0.2777777777777778,0.32,0.5660377358490566,0.56
0022100832,2022-02-10,1610612764,WAS,W,22021,1610612751,BKN,1,0.4528301886792453,0.48148148148148145,0.5370370370370371,0.6071428571428571
0022100838,2022-02-11,1610612765,DET,L,22021,1610612766,CHA,0,0.21818181818181817,0.2962962962962963,0.5,0.4666666666666667
0022100840,2022-02-11,1610612755,PHI,W,22021,1610612760,OKC,1,0.5925925925925926,0.5384615384615384,0.3148148148148148,0.2962962962962963
0022100839,2022-02-11,1610612754,IND,L,22021,1610612739,CLE,0,0.3392857142857143,0.4642857142857143,0.6181818181818182,0.5714285714285714
0022100841,2022-02-11,1610612737,ATL,L,22021,1610612759,SAS,0,0.48148148148148145,0.5714285714285714,0.36363636363636365,0.34615384615384615
0022100842,2022-02-11,1610612738,BOS,W,22021,1610612743,DEN,1,0.5535714285714286,0.6428571428571429,0.5555555555555556,0.5172413793103449
0022100843,2022-02-11,1610612741,CHI,W,22021,1610612750,MIN,1,0.6181818181818182,0.7037037037037037,0.5272727272727272,0.4482758620689655
0022100844,2022-02-11,1610612762,UTA,W,22021,1610612753,ORL,1,0.6181818181818182,0.6551724137931034,0.23214285714285715,0.25806451612903225
0022100854,2022-02-12,1610612744,GSW,W,22021,1610612747,LAL,1,0.7321428571428571,0.8333333333333334,0.4642857142857143,0.34615384615384615
0022100846,2022-02-12,1610612766,CHA,L,22021,1610612763,MEM,0,0.5087719298245614,0.5384615384615384,0.6842105263157895,0.6785714285714286
0022100849,2022-02-12,1610612755,PHI,W,22021,1610612739,CLE,1,0.6,0.5555555555555556,0.625,0.5862068965517241
0022100847,2022-02-12,1610612764,WAS,L,22021,1610612758,SAC,0,0.46296296296296297,0.5,0.3684210526315789,0.24
0022100853,2022-02-12,1610612742,DAL,L,22021,1610612746,LAC,0,0.5892857142857143,0.6666666666666666,0.47368421052631576,0.39285714285714285
0022100852,2022-02-12,1610612741,CHI,W,22021,1610612760,OKC,1,0.625,0.7142857142857143,0.3090909090909091,0.2857142857142857
0022100848,2022-02-12,1610612740,NOP,L,22021,1610612759,SAS,0,0.4,0.46153846153846156,0.375,0.37037037037037035
0022100845,2022-02-12,1610612757,POR,W,22021,1610612752,NYK,1,0.39285714285714285,0.4838709677419355,0.44642857142857145,0.42857142857142855
0022100850,2022-02-12,1610612761,TOR,L,22021,1610612743,DEN,0,0.5740740740740741,0.5714285714285714,0.5454545454545454,0.5
0022100855,2022-02-12,1610612756,PHX,W,22021,1610612753,ORL,1,0.8181818181818182,0.8214285714285714,0.22807017543859648,0.25
0022100851,2022-02-12,1610612748,MIA,W,22021,1610612751,BKN,1,0.6428571428571429,0.75,0.5272727272727272,0.5862068965517241
0022100857,2022-02-13,1610612754,IND,L,22021,1610612750,MIN,0,0.3333333333333333,0.4482758620689655,0.5178571428571429,0.43333333333333335
0022100856,2022-02-13,1610612738,BOS,W,22021,1610612737,ATL,1,0.5614035087719298,0.6551724137931034,0.4727272727272727,0.38461538461538464
0022100860,2022-02-14,1610612752,NYK,L,22021,1610612760,OKC,0,0.43859649122807015,0.4642857142857143,0.30357142857142855,0.27586206896551724
0022100864,2022-02-14,1610612743,DEN,W,22021,1610612753,ORL,1,0.5535714285714286,0.6,0.22413793103448276,0.24242424242424243
0022100861,2022-02-14,1610612741,CHI,W,22021,1610612759,SAS,1,0.631578947368421,0.7241379310344828,0.38596491228070173,0.39285714285714285
0022100862,2022-02-14,1610612749,MIL,L,22021,1610612757,POR,0,0.6140350877192983,0.6785714285714286,0.40350877192982454,0.28
0022100858,2022-02-14,1610612764,WAS,W,22021,1610612765,DET,1,0.45454545454545453,0.4827586206896552,0.21428571428571427,0.14285714285714285
0022100859,2022-02-14,1610612751,BKN,W,22021,1610612758,SAC,1,0.5178571428571429,0.46153846153846156,0.3793103448275862,0.2692307692307692
0022100866,2022-02-14,1610612746,LAC,W,22021,1610612744,GSW,1,0.4827586206896552,0.5517241379310345,0.7368421052631579,0.6153846153846154
0022100865,2022-02-14,1610612762,UTA,W,22021,1610612745,HOU,1,0.625,0.6666666666666666,0.2727272727272727,0.2413793103448276
0022100863,2022-02-14,1610612740,NOP,W,22021,1610612761,TOR,1,0.39285714285714285,0.4444444444444444,0.5636363636363636,0.5769230769230769
0022100873,2022-02-15,1610612756,PHX,W,22021,1610612746,LAC,1,0.8214285714285714,0.8275862068965517,0.4915254237288136,0.41379310344827586
0022100869,2022-02-15,1610612755,PHI,L,22021,1610612738,BOS,0,0.6071428571428571,0.5714285714285714,0.5689655172413793,0.4642857142857143
0022100868,2022-02-15,1610612748,MIA,L,22021,1610612742,DAL,0,0.6491228070175439,0.76,0.5789473684210527,0.5
0022100872,2022-02-15,1610612740,NOP,L,22021,1610612763,MEM,0,0.40350877192982454,0.4642857142857143,0.6896551724137931,0.6896551724137931
0022100867,2022-02-15,1610612737,ATL,W,22021,1610612739,CLE,1,0.4642857142857143,0.5517241379310345,0.6140350877192983,0.5666666666666667
0022100870,2022-02-15,1610612749,MIL,W,22021,1610612754,IND,1,0.603448275862069,0.6551724137931034,0.3275862068965517,0.21428571428571427
0022100871,2022-02-15,1610612750,MIN,W,22021,1610612766,CHA,1,0.5263157894736842,0.6153846153846154,0.5,0.4838709677419355
0022100876,2022-02-16,1610612754,IND,W,22021,1610612764,WAS,1,0.3220338983050847,0.43333333333333335,0.4642857142857143,0.4230769230769231
0022100877,2022-02-16,1610612752,NYK,L,22021,1610612751,BKN,0,0.43103448275862066,0.4482758620689655,0.5263157894736842,0.5666666666666667
0022100879,2022-02-16,1610612763,MEM,L,22021,1610612757,POR,0,0.6949152542372882,0.6896551724137931,0.41379310344827586,0.3076923076923077
0022100875,2022-02-16,1610612738,BOS,L,22021,1610612765,DET,0,0.576271186440678,0.6666666666666666,0.21052631578947367,0.13793103448275862
0022100884,2022-02-16,1610612747,LAL,W,22021,1610612762,UTA,1,0.45614035087719296,0.5666666666666667,0.631578947368421,0.5769230769230769
0022100883,2022-02-16,1610612744,GSW,L,22021,1610612743,DEN,0,0.7241379310344828,0.8387096774193549,0.5614035087719298,0.5161290322580645
0022100882,2022-02-16,1610612756,PHX,W,22021,1610612745,HOU,1,0.8245614035087719,0.8333333333333334,0.26785714285714285,0.23333333333333334
0022100878,2022-02-16,1610612741,CHI,W,22021,1610612758,SAC,1,0.6379310344827587,0.7333333333333333,0.3728813559322034,0.25925925925925924
0022100881,2022-02-16,1610612760,OKC,L,22021,1610612759,SAS,0,0.3157894736842105,0.3333333333333333,0.3793103448275862,0.3793103448275862
0022100874,2022-02-16,1610612753,ORL,L,22021,1610612737,ATL,0,0.22033898305084745,0.2,0.47368421052631576,0.37037037037037035
0022100880,2022-02-16,1610612750,MIN,L,22021,1610612761,TOR,0,0.5344827586206896,0.6296296296296297,0.5535714285714286,0.5555555555555556
0022100885,2022-02-17,1610612766,CHA,L,22021,1610612748,MIA,0,0.4915254237288136,0.5185185185185185,0.6379310344827587,0.5625
0022100887,2022-02-17,1610612749,MIL,L,22021,1610612755,PHI,0,0.6101694915254238,0.6666666666666666,0.5964912280701754,0.6428571428571429
0022100888,2022-02-17,1610612746,LAC,W,22021,1610612745,HOU,1,0.48333333333333334,0.5666666666666667,0.2631578947368421,0.22580645161290322
0022100464,2022-02-17,1610612751,BKN,L,22021,1610612764,WAS,0,0.5344827586206896,0.48148148148148145,0.45614035087719296,0.4074074074074074
0022100886,2022-02-17,1610612740,NOP,L,22021,1610612742,DAL,0,0.39655172413793105,0.4482758620689655,0.5862068965517241,0.5185185185185185
0022100893,2022-02-24,1610612760,OKC,L,22021,1610612756,PHX,0,0.3103448275862069,0.32142857142857145,0.8275862068965517,0.8148148148148148
0022100895,2022-02-24,1610612758,SAC,L,22021,1610612743,DEN,0,0.36666666666666664,0.46875,0.5689655172413793,0.53125
0022100890,2022-02-24,1610612751,BKN,L,22021,1610612738,BOS,0,0.5254237288135594,0.4642857142857143,0.5666666666666667,0.4827586206896552
0022100891,2022-02-24,1610612741,CHI,W,22021,1610612737,ATL,1,0.6440677966101694,0.7419354838709677,0.4827586206896552,0.39285714285714285
0022100892,2022-02-24,1610612750,MIN,W,22021,1610612763,MEM,1,0.5254237288135594,0.6071428571428571,0.6833333333333333,0.7
0022100889,2022-02-24,1610612765,DET,W,22021,1610612739,CLE,1,0.22413793103448276,0.2857142857142857,0.603448275862069,0.5483870967741935
0022100894,2022-02-24,1610612757,POR,L,22021,1610612744,GSW,0,0.423728813559322,0.5,0.711864406779661,0.5925925925925926
0022100897,2022-02-25,1610612754,IND,L,22021,1610612760,OKC,0,0.3333333333333333,0.45161290322580644,0.3050847457627119,0.3
0022100896,2022-02-25,1610612766,CHA,W,22021,1610612761,TOR,1,0.48333333333333334,0.5,0.5614035087719298,0.5714285714285714
0022100902,2022-02-25,1610612756,PHX,L,22021,1610612740,NOP,0,0.8305084745762712,0.8387096774193549,0.3898305084745763,0.3448275862068966
0022100899,2022-02-25,1610612764,WAS,L,22021,1610612759,SAS,0,0.46551724137931033,0.5,0.3898305084745763,0.4
0022100901,2022-02-25,1610612750,MIN,L,22021,1610612755,PHI,0,0.5333333333333333,0.6206896551724138,0.603448275862069,0.6551724137931034
0022100904,2022-02-25,1610612747,LAL,L,22021,1610612746,LAC,0,0.46551724137931033,0.5806451612903226,0.4918032786885246,0.4
0022100903,2022-02-25,1610612762,UTA,W,22021,1610612742,DAL,1,0.6206896551724138,0.6774193548387096,0.5932203389830508,0.5357142857142857
0022100900,2022-02-25,1610612752,NYK,L,22021,1610612748,MIA,0,0.423728813559322,0.43333333333333335,0.6440677966101694,0.5757575757575758
0022100898,2022-02-25,1610612753,ORL,W,22021,1610612745,HOU,1,0.21666666666666667,0.19230769230769232,0.25862068965517243,0.21875
0022100911,2022-02-26,1610612743,DEN,W,22021,1610612758,SAC,1,0.576271186440678,0.6153846153846154,0.36065573770491804,0.25
0022100910,2022-02-26,1610612749,MIL,L,22021,1610612751,BKN,0,0.6,0.6451612903225806,0.5166666666666667,0.5806451612903226
0022100909,2022-02-26,1610612741,CHI,L,22021,1610612763,MEM,0,0.65,0.75,0.6721311475409836,0.6774193548387096
0022100907,2022-02-26,1610612739,CLE,W,22021,1610612764,WAS,1,0.5932203389830508,0.6666666666666666,0.4576271186440678,0.42857142857142855
0022100905,2022-02-26,1610612765,DET,L,22021,1610612738,BOS,0,0.23728813559322035,0.3103448275862069,0.5737704918032787,0.5
0022100908,2022-02-26,1610612748,MIA,W,22021,1610612759,SAS,1,0.65,0.7307692307692307,0.4,0.41935483870967744
0022100906,2022-02-26,1610612737,ATL,W,22021,1610612761,TOR,1,0.4745762711864407,0.5666666666666667,0.5517241379310345,0.5517241379310345
0022100912,2022-02-27,1610612752,NYK,L,22021,1610612755,PHI,0,0.4166666666666667,0.41935483870967744,0.6101694915254238,0.6666666666666666
0022100914,2022-02-27,1610612754,IND,W,22021,1610612738,BOS,1,0.32786885245901637,0.4375,0.5806451612903226,0.5161290322580645
0022100917,2022-02-27,1610612744,GSW,L,22021,1610612742,DAL,0,0.7166666666666667,0.8125,0.5833333333333334,0.5172413793103449
0022100915,2022-02-27,1610612766,CHA,L,22021,1610612765,DET,0,0.4918032786885246,0.5172413793103449,0.23333333333333334,0.16666666666666666
0022100919,2022-02-27,1610612747,LAL,L,22021,1610612740,NOP,0,0.4576271186440678,0.5625,0.4,0.36666666666666664
0022100918,2022-02-27,1610612757,POR,L,22021,1610612743,DEN,0,0.4166666666666667,0.48484848484848486,0.5833333333333334,0.5454545454545454
0022100916,2022-02-27,1610612745,HOU,L,22021,1610612746,LAC,0,0.2542372881355932,0.3076923076923077,0.5,0.41935483870967744
0022100913,2022-02-27,1610612756,PHX,L,22021,1610612762,UTA,0,0.8166666666666667,0.8125,0.6271186440677966,0.5555555555555556
0022100921,2022-02-28,1610612753,ORL,W,22021,1610612754,IND,1,0.22950819672131148,0.2222222222222222,0.3387096774193548,0.20689655172413793
0022100923,2022-02-28,1610612763,MEM,W,22021,1610612759,SAS,1,0.6774193548387096,0.6666666666666666,0.39344262295081966,0.40625
0022100925,2022-02-28,1610612760,OKC,L,22021,1610612758,SAC,0,0.31666666666666665,0.3103448275862069,0.3548387096774194,0.2413793103448276
0022100924,2022-02-28,1610612749,MIL,W,22021,1610612766,CHA,1,0.5901639344262295,0.625,0.4838709677419355,0.46875
0022100726,2022-02-28,1610612751,BKN,L,22021,1610612761,TOR,0,0.5245901639344263,0.4482758620689655,0.5423728813559322,0.5333333333333333
0022100922,2022-02-28,1610612748,MIA,W,22021,1610612741,CHI,1,0.6557377049180327,0.7407407407407407,0.639344262295082,0.5357142857142857
0022100920,2022-02-28,1610612739,CLE,L,22021,1610612750,MIN,0,0.6,0.6785714285714286,0.5245901639344263,0.45161290322580644
0022100930,2022-03-01,1610612750,MIN,W,22021,1610612744,GSW,1,0.532258064516129,0.6,0.7049180327868853,0.6071428571428571
0022100928,2022-03-01,1610612761,TOR,W,22021,1610612751,BKN,1,0.55,0.5517241379310345,0.5161290322580645,0.59375
0022100931,2022-03-01,1610612747,LAL,L,22021,1610612742,DAL,0,0.45,0.5454545454545454,0.5901639344262295,0.5333333333333333
0022100929,2022-03-01,1610612745,HOU,L,22021,1610612746,LAC,0,0.25,0.2962962962962963,0.5079365079365079,0.4375
0022100927,2022-03-01,1610612738,BOS,W,22021,1610612737,ATL,1,0.5714285714285714,0.6451612903225806,0.48333333333333334,0.3793103448275862
0022100926,2022-03-01,1610612764,WAS,W,22021,1610612765,DET,1,0.45,0.4838709677419355,0.2459016393442623,0.1935483870967742
0022100939,2022-03-02,1610612756,PHX,W,22021,1610612757,POR,1,0.8032786885245902,0.7878787878787878,0.4098360655737705,0.3333333333333333
0022100936,2022-03-02,1610612749,MIL,W,22021,1610612748,MIA,1,0.5967741935483871,0.6363636363636364,0.6612903225806451,0.5882352941176471
0022100938,2022-03-02,1610612743,DEN,L,22021,1610612760,OKC,0,0.5901639344262295,0.6296296296296297,0.3114754098360656,0.3225806451612903
0022100937,2022-03-02,1610612740,NOP,W,22021,1610612758,SAC,1,0.4098360655737705,0.43333333333333335,0.36507936507936506,0.26666666666666666
0022100935,2022-03-02,1610612745,HOU,L,22021,1610612762,UTA,0,0.2459016393442623,0.2857142857142857,0.6333333333333333,0.5714285714285714
0022100934,2022-03-02,1610612755,PHI,W,22021,1610612752,NYK,1,0.6166666666666667,0.5517241379310345,0.4098360655737705,0.41379310344827586
0022100933,2022-03-02,1610612753,ORL,L,22021,1610612754,IND,0,0.24193548387096775,0.25,0.3333333333333333,0.2
0022100932,2022-03-02,1610612739,CLE,L,22021,1610612766,CHA,0,0.5901639344262295,0.6551724137931034,0.47619047619047616,0.45454545454545453
0022100945,2022-03-03,1610612746,LAC,W,22021,1610612747,LAL,1,0.515625,0.5806451612903226,0.4426229508196721,0.3333333333333333
0022100710,2022-03-03,1610612737,ATL,W,22021,1610612741,CHI,1,0.47540983606557374,0.5806451612903226,0.6290322580645161,0.5172413793103449
0022100941,2022-03-03,1610612751,BKN,L,22021,1610612748,MIA,0,0.5079365079365079,0.43333333333333335,0.6507936507936508,0.5714285714285714
0022100944,2022-03-03,1610612759,SAS,L,22021,1610612758,SAC,0,0.3870967741935484,0.3793103448275862,0.359375,0.25806451612903225
0022100940,2022-03-03,1610612738,BOS,W,22021,1610612763,MEM,1,0.578125,0.65625,0.6825396825396826,0.6875
0022100943,2022-03-03,1610612742,DAL,W,22021,1610612744,GSW,1,0.5967741935483871,0.6451612903225806,0.6935483870967742,0.5862068965517241
0022100942,2022-03-03,1610612761,TOR,L,22021,1610612765,DET,0,0.5573770491803278,0.5666666666666667,0.24193548387096775,0.1875
0022100948,2022-03-04,1610612764,WAS,L,22021,1610612737,ATL,0,0.45901639344262296,0.5,0.4838709677419355,0.36666666666666664
0022100952,2022-03-04,1610612743,DEN,W,22021,1610612745,HOU,1,0.5806451612903226,0.6071428571428571,0.24193548387096775,0.21212121212121213
0022100953,2022-03-04,1610612756,PHX,W,22021,1610612752,NYK,1,0.8064516129032258,0.7941176470588235,0.4032258064516129,0.4
0022100458,2022-03-04,1610612761,TOR,L,22021,1610612753,ORL,0,0.5483870967741935,0.5483870967741935,0.23809523809523808,0.23529411764705882
0022100946,2022-03-04,1610612765,DET,W,22021,1610612754,IND,1,0.25396825396825395,0.3,0.34375,0.22580645161290322
0022100947,2022-03-04,1610612755,PHI,W,22021,1610612739,CLE,1,0.6229508196721312,0.5666666666666667,0.5806451612903226,0.53125
0022100951,2022-03-04,1610612760,OKC,L,22021,1610612750,MIN,0,0.3225806451612903,0.3,0.5396825396825397,0.46875
0022100949,2022-03-04,1610612741,CHI,L,22021,1610612749,MIL,0,0.6190476190476191,0.7272727272727273,0.6031746031746031,0.5517241379310345
0022100950,2022-03-04,1610612740,NOP,W,22021,1610612762,UTA,1,0.41935483870967744,0.45161290322580644,0.639344262295082,0.5862068965517241
0022100956,2022-03-05,1610612748,MIA,W,22021,1610612755,PHI,1,0.65625,0.75,0.6290322580645161,0.6774193548387096
0022100954,2022-03-05,1610612742,DAL,W,22021,1610612758,SAC,1,0.6031746031746031,0.65625,0.36923076923076925,0.28125
0022100958,2022-03-05,1610612750,MIN,W,22021,1610612757,POR,1,0.546875,0.6129032258064516,0.4032258064516129,0.32142857142857145
0022100959,2022-03-05,1610612747,LAL,W,22021,1610612744,GSW,1,0.43548387096774194,0.5294117647058824,0.6825396825396826,0.5666666666666667
0022100957,2022-03-05,1610612763,MEM,W,22021,1610612753,ORL,1,0.671875,0.6774193548387096,0.25,0.2571428571428571
0022100955,2022-03-05,1610612766,CHA,W,22021,1610612759,SAS,1,0.484375,0.5,0.38095238095238093,0.3939393939393939
0022100962,2022-03-06,1610612739,CLE,W,22021,1610612761,TOR,1,0.5714285714285714,0.6333333333333333,0.5396825396825397,0.5483870967741935
0022100965,2022-03-06,1610612760,OKC,L,22021,1610612762,UTA,0,0.31746031746031744,0.2903225806451613,0.6290322580645161,0.5666666666666667
0022100961,2022-03-06,1610612749,MIL,W,22021,1610612756,PHX,1,0.609375,0.6470588235294118,0.8095238095238095,0.8214285714285714
0022100960,2022-03-06,1610612738,BOS,W,22021,1610612751,BKN,1,0.5846153846153846,0.6666666666666666,0.5,0.5757575757575758
0022100966,2022-03-06,1610612746,LAC,L,22021,1610612752,NYK,0,0.5230769230769231,0.59375,0.3968253968253968,0.3870967741935484
0022100963,2022-03-06,1610612764,WAS,W,22021,1610612754,IND,1,0.45161290322580644,0.48484848484848486,0.3384615384615385,0.21875
0022100967,2022-03-06,1610612743,DEN,W,22021,1610612740,NOP,1,0.5873015873015873,0.6206896551724138,0.42857142857142855,0.3870967741935484
0022100964,2022-03-06,1610612745,HOU,W,22021,1610612763,MEM,1,0.23809523809523808,0.27586206896551724,0.676923076923077,0.6666666666666666
0022100970,2022-03-07,1610612748,MIA,W,22021,1610612745,HOU,1,0.6615384615384615,0.7586206896551724,0.25,0.20588235294117646
0022100974,2022-03-07,1610612758,SAC,L,22021,1610612752,NYK,0,0.36363636363636365,0.45454545454545453,0.40625,0.40625
0022100972,2022-03-07,1610612742,DAL,W,22021,1610612762,UTA,1,0.609375,0.6666666666666666,0.6349206349206349,0.5806451612903226
0022100973,2022-03-07,1610612759,SAS,W,22021,1610612747,LAL,1,0.375,0.36666666666666664,0.4444444444444444,0.32142857142857145
0022100969,2022-03-07,1610612755,PHI,W,22021,1610612741,CHI,1,0.6190476190476191,0.5806451612903226,0.609375,0.5
0022100971,2022-03-07,1610612750,MIN,W,22021,1610612757,POR,1,0.5538461538461539,0.625,0.3968253968253968,0.3103448275862069
0022100968,2022-03-07,1610612765,DET,W,22021,1610612737,ATL,1,0.265625,0.3225806451612903,0.49206349206349204,0.3870967741935484
0022100528,2022-03-07,1610612743,DEN,W,22021,1610612744,GSW,1,0.59375,0.6333333333333333,0.671875,0.5483870967741935
0022100976,2022-03-08,1610612754,IND,L,22021,1610612739,CLE,0,0.3333333333333333,0.45454545454545453,0.578125,0.5151515151515151
0022100978,2022-03-08,1610612763,MEM,W,22021,1610612740,NOP,1,0.6666666666666666,0.6875,0.421875,0.375
0022100977,2022-03-08,1610612753,ORL,L,22021,1610612756,PHX,0,0.24615384615384617,0.2413793103448276,0.796875,0.7931034482758621
0022100980,2022-03-08,1610612744,GSW,W,22021,1610612746,LAC,1,0.6615384615384615,0.7878787878787878,0.5151515151515151,0.45454545454545453
0022100975,2022-03-08,1610612766,CHA,L,22021,1610612751,BKN,0,0.49230769230769234,0.5161290322580645,0.49230769230769234,0.5588235294117647
0022100979,2022-03-08,1610612760,OKC,L,22021,1610612749,MIL,0,0.3125,0.28125,0.6153846153846154,0.5666666666666667
0022100988,2022-03-09,1610612742,DAL,L,22021,1610612752,NYK,0,0.6153846153846154,0.6764705882352942,0.4153846153846154,0.42424242424242425
0022100983,2022-03-09,1610612748,MIA,L,22021,1610612756,PHX,0,0.6666666666666666,0.7666666666666667,0.8,0.8
0022100987,2022-03-09,1610612740,NOP,L,22021,1610612753,ORL,0,0.4153846153846154,0.46875,0.24242424242424243,0.25
0022100986,2022-03-09,1610612750,MIN,W,22021,1610612760,OKC,1,0.5606060606060606,0.6363636363636364,0.3076923076923077,0.34375
0022100984,2022-03-09,1610612749,MIL,W,22021,1610612737,ATL,1,0.6212121212121212,0.6571428571428571,0.484375,0.375
0022100989,2022-03-09,1610612759,SAS,L,22021,1610612761,TOR,0,0.38461538461538464,0.3870967741935484,0.53125,0.53125
0022100992,2022-03-09,1610612746,LAC,W,22021,1610612764,WAS,1,0.5074626865671642,0.5757575757575758,0.4603174603174603,0.41379310344827586
0022100991,2022-03-09,1610612758,SAC,L,22021,1610612743,DEN,0,0.3582089552238806,0.4411764705882353,0.6,0.5588235294117647
0022100982,2022-03-09,1610612765,DET,L,22021,1610612741,CHI,0,0.27692307692307694,0.34375,0.6,0.4838709677419355
0022100985,2022-03-09,1610612745,HOU,W,22021,1610612747,LAL,1,0.24615384615384617,0.3,0.4375,0.3103448275862069
0022100990,2022-03-09,1610612762,UTA,W,22021,1610612757,POR,1,0.625,0.6875,0.390625,0.3
0022100981,2022-03-09,1610612766,CHA,L,22021,1610612738,BOS,0,0.48484848484848486,0.5,0.5909090909090909,0.5
0022100994,2022-03-10,1610612743,DEN,L,22021,1610612744,GSW,0,0.6060606060606061,0.6451612903225806,0.6666666666666666,0.53125
0022100993,2022-03-10,1610612755,PHI,L,22021,1610612751,BKN,0,0.625,0.59375,0.5,0.5714285714285714
0022100998,2022-03-11,1610612748,MIA,W,22021,1610612739,CLE,1,0.6567164179104478,0.7419354838709677,0.5846153846153846,0.5294117647058824
0022101004,2022-03-11,1610612747,LAL,W,22021,1610612764,WAS,1,0.4307692307692308,0.5428571428571428,0.453125,0.4
0022100999,2022-03-11,1610612745,HOU,L,22021,1610612742,DAL,0,0.25757575757575757,0.3225806451612903,0.6060606060606061,0.5483870967741935
0022101002,2022-03-11,1610612759,SAS,W,22021,1610612762,UTA,1,0.3787878787878788,0.375,0.6307692307692307,0.5625
0022101001,2022-03-11,1610612740,NOP,L,22021,1610612766,CHA,0,0.4090909090909091,0.45454545454545453,0.47761194029850745,0.47058823529411764
0022100996,2022-03-11,1610612737,ATL,W,22021,1610612746,LAC,1,0.47692307692307695,0.59375,0.5147058823529411,0.4411764705882353
0022101000,2022-03-11,1610612763,MEM,W,22021,1610612752,NYK,1,0.6716417910447762,0.696969696969697,0.42424242424242425,0.4411764705882353
0022100997,2022-03-11,1610612738,BOS,W,22021,1610612765,DET,1,0.5970149253731343,0.6764705882352942,0.2727272727272727,0.21212121212121213
0022101003,2022-03-11,1610612756,PHX,L,22021,1610612761,TOR,0,0.803030303030303,0.8,0.5384615384615384,0.5454545454545454
0022100995,2022-03-11,1610612753,ORL,W,22021,1610612750,MIN,1,0.2537313432835821,0.23333333333333334,0.5671641791044776,0.48484848484848486
0022101006,2022-03-12,1610612741,CHI,W,22021,1610612739,CLE,1,0.6060606060606061,0.7058823529411765,0.5757575757575758,0.5142857142857142
0022101011,2022-03-12,1610612757,POR,W,22021,1610612764,WAS,1,0.38461538461538464,0.47058823529411764,0.4461538461538462,0.3870967741935484
0022101010,2022-03-12,1610612762,UTA,W,22021,1610612758,SAC,1,0.6212121212121212,0.696969696969697,0.35294117647058826,0.2727272727272727
0022101009,2022-03-12,1610612743,DEN,L,22021,1610612761,TOR,0,0.5970149253731343,0.625,0.5454545454545454,0.5588235294117647
0022101008,2022-03-12,1610612744,GSW,W,22021,1610612749,MIL,1,0.6716417910447762,0.7941176470588235,0.6268656716417911,0.5806451612903226
0022101007,2022-03-12,1610612759,SAS,L,22021,1610612754,IND,0,0.3880597014925373,0.3939393939393939,0.3283582089552239,0.21212121212121213
0022101005,2022-03-12,1610612748,MIA,L,22021,1610612750,MIN,0,0.6617647058823529,0.75,0.5588235294117647,0.47058823529411764
0022101019,2022-03-13,1610612756,PHX,W,22021,1610612747,LAL,1,0.7910447761194029,0.7777777777777778,0.4393939393939394,0.3
0022101015,2022-03-13,1610612753,ORL,L,22021,1610612755,PHI,0,0.2647058823529412,0.25806451612903225,0.6153846153846154,0.65625
0022101013,2022-03-13,1610612765,DET,L,22021,1610612746,LAC,0,0.26865671641791045,0.3333333333333333,0.5072463768115942,0.42857142857142855
0022101014,2022-03-13,1610612738,BOS,L,22021,1610612742,DAL,0,0.6029411764705882,0.6857142857142857,0.6119402985074627,0.5625
0022101018,2022-03-13,1610612760,OKC,L,22021,1610612763,MEM,0,0.30303030303030304,0.2727272727272727,0.6764705882352942,0.6470588235294118
0022101012,2022-03-13,1610612751,BKN,W,22021,1610612752,NYK,1,0.5074626865671642,0.41935483870967744,0.417910447761194,0.42857142857142855
0022101017,2022-03-13,1610612740,NOP,W,22021,1610612745,HOU,1,0.40298507462686567,0.4411764705882353,0.2537313432835821,0.2
0022101016,2022-03-13,1610612737,ATL,W,22021,1610612754,IND,1,0.48484848484848486,0.6060606060606061,0.3382352941176471,0.23529411764705882
0022101023,2022-03-14,1610612760,OKC,L,22021,1610612766,CHA,0,0.29850746268656714,0.2647058823529412,0.4852941176470588,0.4857142857142857
0022101025,2022-03-14,1610612744,GSW,W,22021,1610612764,WAS,1,0.6764705882352942,0.8,0.4393939393939394,0.375
0022101027,2022-03-14,1610612762,UTA,L,22021,1610612749,MIL,0,0.6268656716417911,0.7058823529411765,0.6176470588235294,0.5625
0022101028,2022-03-14,1610612747,LAL,L,22021,1610612761,TOR,0,0.43283582089552236,0.5555555555555556,0.5522388059701493,0.5714285714285714
0022101020,2022-03-14,1610612739,CLE,W,22021,1610612746,LAC,1,0.5671641791044776,0.6451612903225806,0.5142857142857142,0.4444444444444444
0022101021,2022-03-14,1610612737,ATL,W,22021,1610612757,POR,1,0.4925373134328358,0.6176470588235294,0.3939393939393939,0.2903225806451613
0022101022,2022-03-14,1610612755,PHI,L,22021,1610612743,DEN,0,0.6212121212121212,0.5757575757575758,0.5882352941176471,0.5714285714285714
0022101026,2022-03-14,1610612758,SAC,W,22021,1610612741,CHI,1,0.34782608695652173,0.42857142857142855,0.6119402985074627,0.5
0022101024,2022-03-14,1610612759,SAS,L,22021,1610612750,MIN,0,0.38235294117647056,0.38235294117647056,0.5652173913043478,0.4857142857142857
0022101031,2022-03-15,1610612748,MIA,W,22021,1610612765,DET,1,0.6521739130434783,0.7272727272727273,0.2647058823529412,0.20588235294117646
0022101030,2022-03-15,1610612753,ORL,L,22021,1610612751,BKN,0,0.2608695652173913,0.25,0.5147058823529411,0.5833333333333334
0022101032,2022-03-15,1610612740,NOP,L,22021,1610612756,PHX,0,0.4117647058823529,0.45714285714285713,0.7941176470588235,0.8064516129032258
0022101029,2022-03-15,1610612754,IND,L,22021,1610612763,MEM,0,0.3333333333333333,0.4411764705882353,0.6811594202898551,0.6571428571428571
0022101042,2022-03-16,1610612744,GSW,L,22021,1610612738,BOS,0,0.6811594202898551,0.8055555555555556,0.5942028985507246,0.5151515151515151
0022101043,2022-03-16,1610612758,SAC,L,22021,1610612749,MIL,0,0.35714285714285715,0.4444444444444444,0.6231884057971014,0.5757575757575758
0022101040,2022-03-16,1610612759,SAS,W,22021,1610612760,OKC,1,0.37681159420289856,0.37142857142857144,0.29411764705882354,0.3333333333333333
0022101041,2022-03-16,1610612762,UTA,W,22021,1610612741,CHI,1,0.6176470588235294,0.6857142857142857,0.6029411764705882,0.48484848484848486
0022101036,2022-03-16,1610612751,BKN,L,22021,1610612742,DAL,0,0.5217391304347826,0.4375,0.6176470588235294,0.5757575757575758
0022101035,2022-03-16,1610612764,WAS,L,22021,1610612743,DEN,0,0.43283582089552236,0.5,0.5942028985507246,0.5833333333333334
0022101039,2022-03-16,1610612750,MIN,W,22021,1610612747,LAL,1,0.5714285714285714,0.6470588235294118,0.4264705882352941,0.2903225806451613
0022101037,2022-03-16,1610612752,NYK,W,22021,1610612757,POR,1,0.4117647058823529,0.40625,0.3880597014925373,0.28125
0022101034,2022-03-16,1610612739,CLE,L,22021,1610612755,PHI,0,0.5735294117647058,0.65625,0.6119402985074627,0.6666666666666666
0022101038,2022-03-16,1610612745,HOU,L,22021,1610612756,PHX,0,0.25,0.3125,0.7971014492753623,0.8125
0022101033,2022-03-16,1610612766,CHA,W,22021,1610612737,ATL,1,0.4927536231884058,0.48484848484848486,0.5,0.36363636363636365
0022101044,2022-03-16,1610612746,LAC,L,22021,1610612761,TOR,0,0.5070422535211268,0.5882352941176471,0.5588235294117647,0.5833333333333334
0022101045,2022-03-17,1610612753,ORL,L,22021,1610612765,DET,0,0.2571428571428571,0.24242424242424243,0.2608695652173913,0.2
0022101049,2022-03-18,1610612739,CLE,W,22021,1610612743,DEN,1,0.5652173913043478,0.6363636363636364,0.6,0.5945945945945946
0022101054,2022-03-18,1610612759,SAS,L,22021,1610612740,NOP,0,0.38571428571428573,0.3888888888888889,0.4057971014492754,0.36363636363636365
0022101057,2022-03-18,1610612758,SAC,L,22021,1610612738,BOS,0,0.352112676056338,0.43243243243243246,0.6,0.5294117647058824
0022101048,2022-03-18,1610612751,BKN,W,22021,1610612757,POR,1,0.5142857142857142,0.42424242424242425,0.38235294117647056,0.2727272727272727
0022101047,2022-03-18,1610612737,ATL,W,22021,1610612763,MEM,1,0.4927536231884058,0.6285714285714286,0.6857142857142857,0.6666666666666666
0022101053,2022-03-18,1610612745,HOU,L,22021,1610612754,IND,0,0.2463768115942029,0.30303030303030304,0.32857142857142857,0.22857142857142856
0022101051,2022-03-18,1610612761,TOR,L,22021,1610612747,LAL,0,0.5652173913043478,0.53125,0.42028985507246375,0.28125
0022101055,2022-03-18,1610612762,UTA,W,22021,1610612746,LAC,1,0.6231884057971014,0.6944444444444444,0.5,0.43243243243243246
0022101052,2022-03-18,1610612748,MIA,W,22021,1610612760,OKC,1,0.6571428571428571,0.7352941176470589,0.2898550724637681,0.3235294117647059
0022101046,2022-03-18,1610612755,PHI,W,22021,1610612742,DAL,1,0.6176470588235294,0.5588235294117647,0.6231884057971014,0.5882352941176471
0022101050,2022-03-18,1610612752,NYK,W,22021,1610612764,WAS,1,0.42028985507246375,0.42424242424242425,0.4264705882352941,0.36363636363636365
0022101056,2022-03-18,1610612756,PHX,W,22021,1610612741,CHI,1,0.8,0.7837837837837838,0.5942028985507246,0.47058823529411764
0022101061,2022-03-19,1610612764,WAS,W,22021,1610612747,LAL,1,0.42028985507246375,0.4857142857142857,0.42857142857142855,0.30303030303030304
0022101060,2022-03-19,1610612739,CLE,W,22021,1610612765,DET,1,0.5714285714285714,0.6470588235294118,0.2714285714285714,0.2222222222222222
0022101058,2022-03-19,1610612750,MIN,W,22021,1610612749,MIL,1,0.5774647887323944,0.6571428571428571,0.6285714285714286,0.5882352941176471
0022101059,2022-03-19,1610612766,CHA,W,22021,1610612742,DAL,1,0.5,0.5,0.6142857142857143,0.5714285714285714
0022101063,2022-03-20,1610612745,HOU,L,22021,1610612763,MEM,0,0.24285714285714285,0.29411764705882354,0.676056338028169,0.6486486486486487
0022101064,2022-03-20,1610612737,ATL,L,22021,1610612740,NOP,0,0.5,0.6388888888888888,0.4142857142857143,0.38235294117647056
0022101062,2022-03-20,1610612754,IND,W,22021,1610612757,POR,1,0.3380281690140845,0.42857142857142855,0.37681159420289856,0.2647058823529412
0022101070,2022-03-20,1610612744,GSW,L,22021,1610612759,SAS,0,0.6714285714285714,0.7837837837837838,0.38028169014084506,0.38235294117647056
0022101068,2022-03-20,1610612743,DEN,L,22021,1610612738,BOS,0,0.5915492957746479,0.6060606060606061,0.6056338028169014,0.5428571428571428
0022101069,2022-03-20,1610612755,PHI,L,22021,1610612761,TOR,0,0.6231884057971014,0.5714285714285714,0.5571428571428572,0.5945945945945946
0022101066,2022-03-20,1610612758,SAC,L,22021,1610612756,PHX,0,0.3472222222222222,0.42105263157894735,0.8028169014084507,0.8181818181818182
0022101067,2022-03-20,1610612752,NYK,L,22021,1610612762,UTA,0,0.42857142857142855,0.4411764705882353,0.6285714285714286,0.5454545454545454
0022101065,2022-03-20,1610612753,ORL,W,22021,1610612760,OKC,1,0.2535211267605634,0.23529411764705882,0.2857142857142857,0.3142857142857143
0022101071,2022-03-21,1610612766,CHA,W,22021,1610612740,NOP,1,0.5070422535211268,0.5142857142857142,0.4225352112676056,0.4
0022101074,2022-03-21,1610612755,PHI,W,22021,1610612748,MIA,1,0.6142857142857143,0.5555555555555556,0.6619718309859155,0.5833333333333334
0022101072,2022-03-21,1610612739,CLE,L,22021,1610612747,LAL,0,0.5774647887323944,0.6571428571428571,0.4225352112676056,0.29411764705882354
0022101073,2022-03-21,1610612765,DET,L,22021,1610612757,POR,0,0.2676056338028169,0.3235294117647059,0.37142857142857144,0.2571428571428571
0022101079,2022-03-21,1610612742,DAL,W,22021,1610612750,MIN,1,0.6056338028169014,0.6571428571428571,0.5833333333333334,0.5
0022101075,2022-03-21,1610612751,BKN,W,22021,1610612762,UTA,1,0.5211267605633803,0.4411764705882353,0.6338028169014085,0.5588235294117647
0022101077,2022-03-21,1610612745,HOU,W,22021,1610612764,WAS,1,0.23943661971830985,0.2857142857142857,0.42857142857142855,0.35294117647058826
0022101076,2022-03-21,1610612741,CHI,W,22021,1610612761,TOR,1,0.5857142857142857,0.7142857142857143,0.5633802816901409,0.6052631578947368
0022101078,2022-03-21,1610612760,OKC,L,22021,1610612738,BOS,0,0.28169014084507044,0.2571428571428571,0.6111111111111112,0.5555555555555556
0022101080,2022-03-22,1610612753,ORL,W,22021,1610612744,GSW,1,0.2638888888888889,0.2571428571428571,0.6619718309859155,0.5454545454545454
0022101083,2022-03-22,1610612743,DEN,W,22021,1610612746,LAC,1,0.5833333333333334,0.5882352941176471,0.4931506849315068,0.42105263157894735
0022101082,2022-03-22,1610612749,MIL,W,22021,1610612741,CHI,1,0.6197183098591549,0.6666666666666666,0.5915492957746479,0.45714285714285713
0022101081,2022-03-22,1610612752,NYK,L,22021,1610612737,ATL,0,0.4225352112676056,0.42857142857142855,0.49295774647887325,0.35294117647058826
0022101090,2022-03-23,1610612750,MIN,L,22021,1610612756,PHX,0,0.5753424657534246,0.6666666666666666,0.8055555555555556,0.8235294117647058
0022101084,2022-03-23,1610612766,CHA,L,22021,1610612752,NYK,0,0.5138888888888888,0.5277777777777778,0.4166666666666667,0.4166666666666667
0022101085,2022-03-23,1610612765,DET,W,22021,1610612737,ATL,1,0.2638888888888889,0.3142857142857143,0.5,0.37142857142857144
0022101092,2022-03-23,1610612742,DAL,W,22021,1610612745,HOU,1,0.6111111111111112,0.6666666666666666,0.25,0.19444444444444445
0022101094,2022-03-23,1610612757,POR,L,22021,1610612759,SAS,0,0.38028169014084506,0.4857142857142857,0.3888888888888889,0.4
0022101088,2022-03-23,1610612748,MIA,L,22021,1610612744,GSW,0,0.6527777777777778,0.7428571428571429,0.6527777777777778,0.5294117647058824
0022101093,2022-03-23,1610612747,LAL,L,22021,1610612755,PHI,0,0.4305555555555556,0.5405405405405406,0.6197183098591549,0.6764705882352942
0022101091,2022-03-23,1610612760,OKC,W,22021,1610612753,ORL,1,0.2777777777777778,0.25,0.273972602739726,0.2702702702702703
0022101087,2022-03-23,1610612738,BOS,W,22021,1610612762,UTA,1,0.6164383561643836,0.6666666666666666,0.625,0.5428571428571428
0022101089,2022-03-23,1610612763,MEM,W,22021,1610612751,BKN,1,0.6805555555555556,0.7058823529411765,0.5277777777777778,0.5945945945945946
0022101086,2022-03-23,1610612754,IND,L,22021,1610612758,SAC,0,0.3472222222222222,0.4444444444444444,0.3424657534246575,0.2647058823529412
0022101096,2022-03-24,1610612763,MEM,W,22021,1610612754,IND,1,0.684931506849315,0.7142857142857143,0.3424657534246575,0.25
0022101098,2022-03-24,1610612740,NOP,W,22021,1610612741,CHI,1,0.4166666666666667,0.4444444444444444,0.5833333333333334,0.4444444444444444
0022101095,2022-03-24,1610612761,TOR,W,22021,1610612739,CLE,1,0.5555555555555556,0.5151515151515151,0.5694444444444444,0.5
0022101097,2022-03-24,1610612749,MIL,W,22021,1610612764,WAS,1,0.625,0.6756756756756757,0.4225352112676056,0.34285714285714286
0022101099,2022-03-24,1610612743,DEN,L,22021,1610612756,PHX,0,0.589041095890411,0.6,0.8082191780821918,0.8285714285714286
0022101103,2022-03-25,1610612748,MIA,L,22021,1610612752,NYK,0,0.6438356164383562,0.7222222222222222,0.4246575342465753,0.43243243243243246
0022101105,2022-03-25,1610612757,POR,L,22021,1610612745,HOU,0,0.375,0.4722222222222222,0.2465753424657534,0.1891891891891892
0022101106,2022-03-25,1610612746,LAC,L,22021,1610612755,PHI,0,0.4864864864864865,0.5714285714285714,0.625,0.6857142857142857
0022101102,2022-03-25,1610612737,ATL,W,22021,1610612744,GSW,1,0.4931506849315068,0.6216216216216216,0.6575342465753424,0.5428571428571428
0022101104,2022-03-25,1610612750,MIN,W,22021,1610612742,DAL,1,0.5675675675675675,0.6486486486486487,0.6164383561643836,0.5555555555555556
0022101100,2022-03-25,1610612766,CHA,W,22021,1610612762,UTA,1,0.5068493150684932,0.5135135135135135,0.6164383561643836,0.5277777777777778
0022101101,2022-03-25,1610612765,DET,L,22021,1610612764,WAS,0,0.273972602739726,0.3333333333333333,0.4166666666666667,0.3333333333333333
0022101112,2022-03-26,1610612763,MEM,W,22021,1610612749,MIL,1,0.6891891891891891,0.7222222222222222,0.6301369863013698,0.5714285714285714
0022101107,2022-03-26,1610612740,NOP,L,22021,1610612759,SAS,0,0.4246575342465753,0.4594594594594595,0.3972602739726027,0.4166666666666667
0022101111,2022-03-26,1610612748,MIA,L,22021,1610612751,BKN,0,0.6351351351351351,0.7027027027027027,0.5205479452054794,0.5789473684210527
0022101110,2022-03-26,1610612739,CLE,L,22021,1610612741,CHI,0,0.5616438356164384,0.6388888888888888,0.5753424657534246,0.43243243243243246
0022101113,2022-03-26,1610612743,DEN,W,22021,1610612760,OKC,1,0.581081081081081,0.5833333333333334,0.2876712328767123,0.3055555555555556
0022101114,2022-03-26,1610612757,POR,L,22021,1610612745,HOU,0,0.3698630136986301,0.4594594594594595,0.25675675675675674,0.21052631578947367
0022101109,2022-03-26,1610612761,TOR,W,22021,1610612754,IND,1,0.5616438356164384,0.5294117647058824,0.33783783783783783,0.24324324324324326
0022101108,2022-03-26,1610612753,ORL,L,22021,1610612758,SAC,0,0.2702702702702703,0.2777777777777778,0.35135135135135137,0.2857142857142857
0022101120,2022-03-27,1610612751,BKN,L,22021,1610612766,CHA,0,0.527027027027027,0.45714285714285713,0.5135135135135135,0.5
0022101118,2022-03-27,1610612756,PHX,W,22021,1610612755,PHI,1,0.8108108108108109,0.7894736842105263,0.6301369863013698,0.6944444444444444
0022101121,2022-03-27,1610612742,DAL,W,22021,1610612762,UTA,1,0.6081081081081081,0.6756756756756757,0.6081081081081081,0.5135135135135135
0022101116,2022-03-27,1610612738,BOS,W,22021,1610612750,MIN,1,0.6216216216216216,0.6756756756756757,0.5733333333333334,0.4864864864864865
0022101115,2022-03-27,1610612765,DET,L,22021,1610612752,NYK,0,0.2702702702702703,0.32432432432432434,0.43243243243243246,0.4473684210526316
0022101119,2022-03-27,1610612740,NOP,W,22021,1610612747,LAL,1,0.4189189189189189,0.4473684210526316,0.4246575342465753,0.3142857142857143
0022101117,2022-03-27,1610612764,WAS,W,22021,1610612744,GSW,1,0.4246575342465753,0.5,0.6486486486486487,0.5277777777777778
0022101126,2022-03-28,1610612752,NYK,W,22021,1610612741,CHI,1,0.44,0.4166666666666667,0.581081081081081,0.4473684210526316
0022101129,2022-03-28,1610612763,MEM,W,22021,1610612744,GSW,1,0.6933333333333334,0.7297297297297297,0.64,0.5135135135135135
0022101125,2022-03-28,1610612748,MIA,W,22021,1610612758,SAC,1,0.6266666666666667,0.6842105263157895,0.36,0.3055555555555556
0022101130,2022-03-28,1610612757,POR,L,22021,1610612760,OKC,0,0.36486486486486486,0.4473684210526316,0.28378378378378377,0.2972972972972973
0022101122,2022-03-28,1610612766,CHA,L,22021,1610612743,DEN,0,0.52,0.5263157894736842,0.5866666666666667,0.5789473684210527
0022101127,2022-03-28,1610612761,TOR,W,22021,1610612738,BOS,1,0.5675675675675675,0.5428571428571428,0.6266666666666667,0.5675675675675675
0022101123,2022-03-28,1610612739,CLE,W,22021,1610612753,ORL,1,0.5540540540540541,0.6216216216216216,0.26666666666666666,0.2631578947368421
0022101124,2022-03-28,1610612754,IND,L,22021,1610612737,ATL,0,0.3333333333333333,0.43243243243243246,0.5,0.3611111111111111
0022101128,2022-03-28,1610612745,HOU,L,22021,1610612759,SAS,0,0.26666666666666666,0.3055555555555556,0.40540540540540543,0.43243243243243246
0022101135,2022-03-29,1610612746,LAC,W,22021,1610612762,UTA,1,0.48,0.5555555555555556,0.6,0.5
0022101132,2022-03-29,1610612764,WAS,L,22021,1610612741,CHI,0,0.43243243243243246,0.5135135135135135,0.5733333333333334,0.4358974358974359
0022101133,2022-03-29,1610612751,BKN,W,22021,1610612765,DET,1,0.52,0.4444444444444444,0.26666666666666666,0.21621621621621623
0022101134,2022-03-29,1610612742,DAL,W,22021,1610612747,LAL,1,0.6133333333333333,0.6842105263157895,0.4189189189189189,0.3055555555555556
0022101131,2022-03-29,1610612755,PHI,L,22021,1610612749,MIL,0,0.6216216216216216,0.5675675675675675,0.6216216216216216,0.5555555555555556
0022101145,2022-03-30,1610612744,GSW,L,22021,1610612756,PHX,0,0.631578947368421,0.7631578947368421,0.8133333333333334,0.8333333333333334
0022101142,2022-03-30,1610612745,HOU,L,22021,1610612758,SAC,0,0.2631578947368421,0.2972972972972973,0.35526315789473684,0.2972972972972973
0022101146,2022-03-30,1610612757,POR,L,22021,1610612740,NOP,0,0.36,0.4358974358974359,0.4266666666666667,0.3888888888888889
0022101140,2022-03-30,1610612752,NYK,L,22021,1610612766,CHA,0,0.4473684210526316,0.43243243243243246,0.5131578947368421,0.5135135135135135
0022101141,2022-03-30,1610612761,TOR,W,22021,1610612750,MIN,1,0.5733333333333334,0.5555555555555556,0.5657894736842105,0.47368421052631576
0022101136,2022-03-30,1610612739,CLE,L,22021,1610612742,DAL,0,0.56,0.631578947368421,0.618421052631579,0.5405405405405406
0022101138,2022-03-30,1610612764,WAS,W,22021,1610612753,ORL,1,0.4266666666666667,0.5,0.2631578947368421,0.2564102564102564
0022101144,2022-03-30,1610612759,SAS,L,22021,1610612763,MEM,0,0.41333333333333333,0.3783783783783784,0.6973684210526315,0.6578947368421053
0022101137,2022-03-30,1610612754,IND,L,22021,1610612743,DEN,0,0.32894736842105265,0.42105263157894735,0.5921052631578947,0.5897435897435898
0022101139,2022-03-30,1610612738,BOS,L,22021,1610612748,MIA,0,0.618421052631579,0.6842105263157895,0.631578947368421,0.5675675675675675
0022101143,2022-03-30,1610612760,OKC,L,22021,1610612737,ATL,0,0.29333333333333333,0.2702702702702703,0.5066666666666667,0.3783783783783784
0022101150,2022-03-31,1610612762,UTA,W,22021,1610612747,LAL,1,0.5921052631578947,0.7027027027027027,0.41333333333333333,0.2972972972972973
0022100452,2022-03-31,1610612737,ATL,W,22021,1610612739,CLE,1,0.5131578947368421,0.631578947368421,0.5526315789473685,0.4864864864864865
0022101149,2022-03-31,1610612741,CHI,W,22021,1610612746,LAC,1,0.5789473684210527,0.7222222222222222,0.4868421052631579,0.41025641025641024
0022101147,2022-03-31,1610612765,DET,W,22021,1610612755,PHI,1,0.2631578947368421,0.3157894736842105,0.6133333333333333,0.6756756756756757
0022101148,2022-03-31,1610612751,BKN,L,22021,1610612749,MIL,0,0.5263157894736842,0.4594594594594595,0.6266666666666667,0.5675675675675675
0022101159,2022-04-01,1610612743,DEN,L,22021,1610612750,MIN,0,0.5974025974025974,0.5945945945945946,0.5584415584415584,0.46153846153846156
0022101153,2022-04-01,1610612738,BOS,W,22021,1610612754,IND,1,0.6103896103896104,0.6666666666666666,0.3246753246753247,0.23684210526315788
0022101158,2022-04-01,1610612759,SAS,W,22021,1610612757,POR,1,0.40789473684210525,0.3684210526315789,0.35526315789473684,0.2777777777777778
0022101151,2022-04-01,1610612753,ORL,L,22021,1610612761,TOR,0,0.2597402597402597,0.2702702702702703,0.5789473684210527,0.5897435897435898
0022101152,2022-04-01,1610612764,WAS,W,22021,1610612742,DAL,1,0.4342105263157895,0.5128205128205128,0.6233766233766234,0.5526315789473685
0022101154,2022-04-01,1610612745,HOU,L,22021,1610612758,SAC,0,0.2597402597402597,0.2894736842105263,0.36363636363636365,0.3157894736842105
0022101155,2022-04-01,1610612763,MEM,W,22021,1610612756,PHX,1,0.7012987012987013,0.7368421052631579,0.8157894736842105,0.8378378378378378
0022101156,2022-04-01,1610612749,MIL,L,22021,1610612746,LAC,0,0.631578947368421,0.6842105263157895,0.4805194805194805,0.4
0022101157,2022-04-01,1610612760,OKC,L,22021,1610612765,DET,0,0.2894736842105263,0.2631578947368421,0.2727272727272727,0.21052631578947367
0022101160,2022-04-01,1610612747,LAL,L,22021,1610612740,NOP,0,0.40789473684210525,0.5263157894736842,0.4342105263157895,0.40540540540540543
0022101163,2022-04-02,1610612737,ATL,W,22021,1610612751,BKN,1,0.5194805194805194,0.6410256410256411,0.5194805194805194,0.5897435897435898
0022101161,2022-04-02,1610612755,PHI,W,22021,1610612766,CHA,1,0.6052631578947368,0.5526315789473685,0.5194805194805194,0.5263157894736842
0022101165,2022-04-02,1610612744,GSW,W,22021,1610612762,UTA,1,0.6233766233766234,0.7435897435897436,0.5974025974025974,0.48717948717948717
0022101162,2022-04-02,1610612752,NYK,L,22021,1610612739,CLE,0,0.44155844155844154,0.42105263157894735,0.5454545454545454,0.47368421052631576
0022101164,2022-04-02,1610612741,CHI,L,22021,1610612748,MIA,0,0.5844155844155844,0.7297297297297297,0.6363636363636364,0.5789473684210527
0022101170,2022-04-03,1610612739,CLE,L,22021,1610612755,PHI,0,0.5512820512820513,0.6153846153846154,0.6103896103896104,0.6578947368421053
0022101166,2022-04-03,1610612738,BOS,W,22021,1610612764,WAS,1,0.6153846153846154,0.675,0.44155844155844154,0.35135135135135137
0022101174,2022-04-03,1610612760,OKC,W,22021,1610612756,PHX,1,0.2857142857142857,0.2564102564102564,0.8051948051948052,0.8157894736842105
0022101171,2022-04-03,1610612753,ORL,L,22021,1610612752,NYK,0,0.2564102564102564,0.2631578947368421,0.4358974358974359,0.46153846153846156
0022101169,2022-04-03,1610612754,IND,L,22021,1610612765,DET,0,0.32051282051282054,0.41025641025641024,0.28205128205128205,0.23076923076923078
0022101168,2022-04-03,1610612747,LAL,L,22021,1610612743,DEN,0,0.4025974025974026,0.5128205128205128,0.5897435897435898,0.6
0022101177,2022-04-03,1610612746,LAC,W,22021,1610612740,NOP,1,0.48717948717948717,0.5675675675675675,0.44155844155844154,0.42105263157894735
0022101172,2022-04-03,1610612761,TOR,L,22021,1610612748,MIA,0,0.5844155844155844,0.5675675675675675,0.6410256410256411,0.5897435897435898
0022101176,2022-04-03,1610612758,SAC,L,22021,1610612744,GSW,0,0.3717948717948718,0.41025641025641024,0.6282051282051282,0.5
0022101167,2022-04-03,1610612749,MIL,L,22021,1610612742,DAL,0,0.6233766233766234,0.6666666666666666,0.6153846153846154,0.5384615384615384
0022101175,2022-04-03,1610612759,SAS,W,22021,1610612757,POR,1,0.4155844155844156,0.38461538461538464,0.35064935064935066,0.2702702702702703
0022101173,2022-04-03,1610612745,HOU,L,22021,1610612750,MIN,0,0.2564102564102564,0.28205128205128205,0.5641025641025641,0.475
0022101182,2022-04-05,1610612761,TOR,W,22021,1610612737,ATL,1,0.5769230769230769,0.5526315789473685,0.5256410256410257,0.39473684210526316
0022101185,2022-04-05,1610612760,OKC,W,22021,1610612757,POR,1,0.2948717948717949,0.275,0.34615384615384615,0.2631578947368421
0022101179,2022-04-05,1610612753,ORL,W,22021,1610612739,CLE,1,0.25316455696202533,0.2564102564102564,0.5443037974683544,0.48717948717948717
0022101188,2022-04-05,1610612758,SAC,L,22021,1610612740,NOP,0,0.3670886075949367,0.4,0.4358974358974359,0.41025641025641024
0022101180,2022-04-05,1610612751,BKN,W,22021,1610612745,HOU,1,0.5128205128205128,0.4473684210526316,0.25316455696202533,0.23076923076923078
0022101183,2022-04-05,1610612741,CHI,L,22021,1610612749,MIL,0,0.5769230769230769,0.7105263157894737,0.6153846153846154,0.5789473684210527
0022101186,2022-04-05,1610612743,DEN,L,22021,1610612759,SAS,0,0.5949367088607594,0.5789473684210527,0.4230769230769231,0.4473684210526316
0022101184,2022-04-05,1610612750,MIN,L,22021,1610612764,WAS,0,0.569620253164557,0.6578947368421053,0.4358974358974359,0.34210526315789475
0022101189,2022-04-05,1610612756,PHX,W,22021,1610612747,LAL,1,0.7948717948717948,0.7948717948717948,0.3974358974358974,0.2894736842105263
0022101181,2022-04-05,1610612748,MIA,W,22021,1610612766,CHA,1,0.6455696202531646,0.6923076923076923,0.5128205128205128,0.5128205128205128
0022101178,2022-04-05,1610612754,IND,L,22021,1610612755,PHI,0,0.31645569620253167,0.4,0.6153846153846154,0.6666666666666666
0022101187,2022-04-05,1610612762,UTA,W,22021,1610612763,MEM,1,0.5897435897435898,0.7105263157894737,0.7051282051282052,0.6666666666666666
0022101195,2022-04-06,1610612746,LAC,W,22021,1610612756,PHX,1,0.4936708860759494,0.5789473684210527,0.7974683544303798,0.7948717948717948
0022101193,2022-04-06,1610612741,CHI,L,22021,1610612738,BOS,0,0.569620253164557,0.6923076923076923,0.620253164556962,0.5526315789473685
0022101194,2022-04-06,1610612762,UTA,W,22021,1610612760,OKC,1,0.5949367088607594,0.717948717948718,0.3037974683544304,0.3157894736842105
0022101192,2022-04-06,1610612737,ATL,W,22021,1610612764,WAS,1,0.5189873417721519,0.65,0.4430379746835443,0.358974358974359
0022101191,2022-04-06,1610612752,NYK,L,22021,1610612751,BKN,0,0.4430379746835443,0.41025641025641024,0.5189873417721519,0.575
0022101190,2022-04-06,1610612765,DET,L,22021,1610612742,DAL,0,0.2911392405063291,0.3333333333333333,0.620253164556962,0.55
0022101198,2022-04-07,1610612749,MIL,W,22021,1610612738,BOS,1,0.620253164556962,0.65,0.625,0.5641025641025641
0022101201,2022-04-07,1610612743,DEN,W,22021,1610612763,MEM,1,0.5875,0.5641025641025641,0.6962025316455697,0.65
0022101196,2022-04-07,1610612766,CHA,W,22021,1610612753,ORL,1,0.5063291139240507,0.5128205128205128,0.2625,0.25
0022101202,2022-04-07,1610612744,GSW,W,22021,1610612747,LAL,1,0.6329113924050633,0.75,0.3924050632911392,0.28205128205128205
0022101197,2022-04-07,1610612761,TOR,W,22021,1610612755,PHI,1,0.5822784810126582,0.5641025641025641,0.620253164556962,0.675
0022101200,2022-04-07,1610612740,NOP,W,22021,1610612757,POR,1,0.4430379746835443,0.46153846153846156,0.34177215189873417,0.2564102564102564
0022101199,2022-04-07,1610612750,MIN,W,22021,1610612759,SAS,1,0.5625,0.6410256410256411,0.43037974683544306,0.46153846153846156
0022101203,2022-04-08,1610612765,DET,L,22021,1610612749,MIL,0,0.2875,0.325,0.625,0.5897435897435898
0022101204,2022-04-08,1610612764,WAS,L,22021,1610612752,NYK,0,0.4375,0.525,0.4375,0.475
0022101208,2022-04-08,1610612741,CHI,L,22021,1610612766,CHA,0,0.5625,0.675,0.5125,0.5
0022101211,2022-04-08,1610612747,LAL,W,22021,1610612760,OKC,1,0.3875,0.5,0.3,0.3076923076923077
0022101206,2022-04-08,1610612761,TOR,W,22021,1610612745,HOU,1,0.5875,0.575,0.25,0.225
0022101210,2022-04-08,1610612762,UTA,L,22021,1610612756,PHX,0,0.6,0.725,0.7875,0.775
0022101207,2022-04-08,1610612748,MIA,W,22021,1610612737,ATL,1,0.65,0.7,0.525,0.38461538461538464
0022101209,2022-04-08,1610612742,DAL,W,22021,1610612757,POR,1,0.625,0.6923076923076923,0.3375,0.25
0022101205,2022-04-08,1610612751,BKN,W,22021,1610612739,CLE,1,0.525,0.46153846153846156,0.5375,0.475
0022101212,2022-04-09,1610612746,LAC,W,22021,1610612758,SAC,1,0.5,0.5897435897435898,0.3625,0.3333333333333333
0022101214,2022-04-09,1610612755,PHI,W,22021,1610612754,IND,1,0.6125,0.5641025641025641,0.3125,0.23076923076923078
0022101215,2022-04-09,1610612759,SAS,L,22021,1610612744,GSW,0,0.425,0.4,0.6375,0.5128205128205128
0022101213,2022-04-09,1610612763,MEM,W,22021,1610612740,NOP,1,0.6875,0.7435897435897436,0.45,0.425
0022101218,2022-04-10,1610612739,CLE,W,22021,1610612749,MIL,1,0.5308641975308642,0.6,0.6296296296296297,0.6
0022101220,2022-04-10,1610612743,DEN,L,22021,1610612747,LAL,0,0.5925925925925926,0.575,0.3950617283950617,0.275
0022101217,2022-04-10,1610612766,CHA,W,22021,1610612764,WAS,1,0.5185185185185185,0.525,0.43209876543209874,0.35
0022101229,2022-04-10,1610612756,PHX,L,22021,1610612758,SAC,0,0.7901234567901234,0.8,0.35802469135802467,0.325
0022101226,2022-04-10,1610612752,NYK,W,22021,1610612761,TOR,1,0.4444444444444444,0.4,0.5925925925925926,0.6
0022101224,2022-04-10,1610612750,MIN,L,22021,1610612741,CHI,0,0.5679012345679012,0.65,0.5555555555555556,0.45
0022101216,2022-04-10,1610612751,BKN,W,22021,1610612754,IND,1,0.5308641975308642,0.475,0.30864197530864196,0.225
0022101219,2022-04-10,1610612742,DAL,W,22021,1610612759,SAS,1,0.6296296296296297,0.7,0.41975308641975306,0.45
0022101228,2022-04-10,1610612755,PHI,W,22021,1610612765,DET,1,0.6172839506172839,0.575,0.2839506172839506,0.25
0022101230,2022-04-10,1610612757,POR,L,22021,1610612762,UTA,0,0.3333333333333333,0.425,0.5925925925925926,0.475
0022101223,2022-04-10,1610612763,MEM,L,22021,1610612738,BOS,0,0.691358024691358,0.75,0.6172839506172839,0.55
0022101221,2022-04-10,1610612745,HOU,L,22021,1610612737,ATL,0,0.24691358024691357,0.275,0.5185185185185185,0.375
0022101227,2022-04-10,1610612753,ORL,W,22021,1610612748,MIA,1,0.25925925925925924,0.275,0.654320987654321,0.6
0022101225,2022-04-10,1610612740,NOP,L,22021,1610612744,GSW,0,0.4444444444444444,0.475,0.6419753086419753,0.525
0022101222,2022-04-10,1610612746,LAC,W,22021,1610612760,OKC,1,0.5061728395061729,0.6,0.2962962962962963,0.3
0022200002,2022-10-18,1610612744,GSW,W,22022,1610612747,LAL,1,0.5,0.5,0.5,0.5
0022200001,2022-10-18,1610612738,BOS,W,22022,1610612755,PHI,1,0.5,0.5,0.5,0.5
0022200003,2022-10-19,1610612765,DET,W,22022,1610612753,ORL,1,0.5,0.5,0.5,0.5
0022200005,2022-10-19,1610612737,ATL,W,22022,1610612745,HOU,1,0.5,0.5,0.5,0.5
0022200011,2022-10-19,1610612759,SAS,L,22022,1610612766,CHA,0,0.5,0.5,0.5,0.5
0022200007,2022-10-19,1610612748,MIA,L,22022,1610612741,CHI,0,0.5,0.5,0.5,0.5
0022200010,2022-10-19,1610612750,MIN,W,22022,1610612760,OKC,1,0.5,0.5,0.5,0.5
0022200013,2022-10-19,1610612756,PHX,W,22022,1610612742,DAL,1,0.5,0.5,0.5,0.5
0022200006,2022-10-19,1610612751,BKN,L,22022,1610612740,NOP,0,0.5,0.5,0.5,0.5
0022200012,2022-10-19,1610612762,UTA,W,22022,1610612743,DEN,1,0.5,0.5,0.5,0.5
0022200004,2022-10-19,1610612754,IND,L,22022,1610612764,WAS,0,0.5,0.5,0.5,0.5
0022200009,2022-10-19,1610612763,MEM,W,22022,1610612752,NYK,1,0.5,0.5,0.5,0.5
0022200008,2022-10-19,1610612761,TOR,W,22022,1610612739,CLE,1,0.5,0.5,0.5,0.5
0022200014,2022-10-19,1610612758,SAC,L,22022,1610612757,POR,0,0.5,0.5,0.5,0.5
0022200015,2022-10-20,1610612755,PHI,L,22022,1610612749,MIL,0,0.0,0.5,0.5,0.5
0022200016,2022-10-20,1610612747,LAL,L,22022,1610612746,LAC,0,0.0,0.5,0.5,0.5
0022200023,2022-10-21,1610612752,NYK,W,22022,1610612765,DET,1,0.0,0.5,1.0,0.5
0022200024,2022-10-21,1610612745,HOU,L,22022,1610612763,MEM,0,0.0,0.5,1.0,0.5
0022200022,2022-10-21,1610612748,MIA,L,22022,1610612738,BOS,0,0.0,0.0,1.0,0.5
0022200027,2022-10-21,1610612757,POR,W,22022,1610612756,PHX,1,1.0,0.5,1.0,0.5
0022200019,2022-10-21,1610612764,WAS,W,22022,1610612741,CHI,1,1.0,0.5,1.0,1.0
0022200026,2022-10-21,1610612744,GSW,L,22022,1610612743,DEN,0,1.0,1.0,0.0,0.0
0022200020,2022-10-21,1610612737,ATL,W,22022,1610612753,ORL,1,1.0,1.0,0.0,0.0
0022200021,2022-10-21,1610612751,BKN,W,22022,1610612761,TOR,1,0.0,0.0,1.0,0.5
0022200018,2022-10-21,1610612754,IND,L,22022,1610612759,SAS,0,0.0,0.0,0.0,0.5
0022200025,2022-10-21,1610612750,MIN,L,22022,1610612762,UTA,0,1.0,1.0,1.0,0.5
0022200017,2022-10-21,1610612766,CHA,L,22022,1610612740,NOP,0,1.0,0.5,1.0,1.0
0022200035,2022-10-22,1610612743,DEN,W,22022,1610612760,OKC,1,0.5,0.5,0.0,0.0
0022200034,2022-10-22,1610612742,DAL,W,22022,1610612763,MEM,1,0.0,0.5,1.0,1.0
0022200028,2022-10-22,1610612755,PHI,L,22022,1610612759,SAS,0,0.0,0.0,0.5,1.0
0022200031,2022-10-22,1610612748,MIA,W,22022,1610612761,TOR,1,0.0,0.0,0.5,0.0
0022200033,2022-10-22,1610612749,MIL,W,22022,1610612745,HOU,1,1.0,0.5,0.0,0.0
0022200032,2022-10-22,1610612741,CHI,L,22022,1610612739,CLE,0,0.5,0.5,0.0,0.0
0022200029,2022-10-22,1610612754,IND,W,22022,1610612765,DET,1,0.0,0.0,0.5,0.0
0022200030,2022-10-22,1610612753,ORL,L,22022,1610612738,BOS,0,0.0,0.5,1.0,1.0
0022200036,2022-10-22,1610612758,SAC,L,22022,1610612746,LAC,0,0.0,0.0,1.0,1.0
0022200041,2022-10-23,1610612760,OKC,L,22022,1610612750,MIN,0,0.0,0.5,0.5,0.5
0022200039,2022-10-23,1610612739,CLE,W,22022,1610612764,WAS,1,0.5,0.5,1.0,1.0
0022200042,2022-10-23,1610612744,GSW,W,22022,1610612758,SAC,1,0.5,0.5,0.0,0.5
0022200037,2022-10-23,1610612747,LAL,L,22022,1610612757,POR,0,0.0,0.0,1.0,1.0
0022200038,2022-10-23,1610612737,ATL,L,22022,1610612766,CHA,0,1.0,1.0,0.5,1.0
0022200040,2022-10-23,1610612740,NOP,L,22022,1610612762,UTA,0,1.0,0.5,1.0,1.0
0022200043,2022-10-23,1610612746,LAC,L,22022,1610612756,PHX,0,1.0,0.5,0.5,0.0
0022200048,2022-10-24,1610612745,HOU,W,22022,1610612762,UTA,1,0.0,0.0,1.0,1.0
0022200050,2022-10-24,1610612750,MIN,L,22022,1610612759,SAS,0,0.6666666666666666,0.5,0.6666666666666666,1.0
0022200044,2022-10-24,1610612755,PHI,W,22022,1610612754,IND,1,0.0,0.0,0.3333333333333333,0.5
0022200047,2022-10-24,1610612741,CHI,W,22022,1610612738,BOS,1,0.3333333333333333,0.0,1.0,1.0
0022200046,2022-10-24,1610612752,NYK,W,22022,1610612753,ORL,1,0.5,1.0,0.0,0.0
0022200045,2022-10-24,1610612748,MIA,L,22022,1610612761,TOR,0,0.3333333333333333,0.3333333333333333,0.3333333333333333,0.0
0022200051,2022-10-24,1610612757,POR,W,22022,1610612743,DEN,1,1.0,1.0,0.6666666666666666,0.5
0022200049,2022-10-24,1610612763,MEM,W,22022,1610612751,BKN,1,0.6666666666666666,1.0,0.5,0.5
0022200053,2022-10-25,1610612740,NOP,W,22022,1610612742,DAL,1,0.6666666666666666,0.0,0.5,0.0
0022200054,2022-10-25,1610612760,OKC,W,22022,1610612746,LAC,1,0.0,0.0,0.6666666666666666,1.0
0022200052,2022-10-25,1610612764,WAS,W,22022,1610612765,DET,1,0.6666666666666666,1.0,0.3333333333333333,0.0
0022200055,2022-10-25,1610612756,PHX,W,22022,1610612744,GSW,1,0.6666666666666666,1.0,0.6666666666666666,0.5
0022200062,2022-10-26,1610612750,MIN,W,22022,1610612759,SAS,1,0.5,0.3333333333333333,0.75,1.0
0022200056,2022-10-26,1610612739,CLE,W,22022,1610612753,ORL,1,0.6666666666666666,1.0,0.0,0.0
0022200060,2022-10-26,1610612749,MIL,W,22022,1610612751,BKN,1,1.0,1.0,0.3333333333333333,0.0
0022200064,2022-10-26,1610612743,DEN,W,22022,1610612747,LAL,1,0.5,1.0,0.0,0.0
0022200063,2022-10-26,1610612762,UTA,W,22022,1610612745,HOU,1,0.75,1.0,0.25,0.0
0022200061,2022-10-26,1610612741,CHI,W,22022,1610612754,IND,1,0.5,0.5,0.25,0.0
0022200057,2022-10-26,1610612765,DET,L,22022,1610612737,ATL,0,0.25,1.0,0.6666666666666666,0.5
0022200058,2022-10-26,1610612752,NYK,W,22022,1610612766,CHA,1,0.6666666666666666,1.0,0.6666666666666666,1.0
0022200065,2022-10-26,1610612757,POR,L,22022,1610612748,MIA,0,1.0,1.0,0.25,0.5
0022200059,2022-10-26,1610612761,TOR,W,22022,1610612755,PHI,1,0.5,1.0,0.25,0.0
0022200069,2022-10-27,1610612758,SAC,L,22022,1610612763,MEM,0,0.0,0.0,0.75,0.5
0022200066,2022-10-27,1610612751,BKN,L,22022,1610612742,DAL,0,0.25,0.5,0.3333333333333333,0.0
0022200067,2022-10-27,1610612760,OKC,W,22022,1610612746,LAC,1,0.25,0.5,0.5,0.6666666666666666
0022200068,2022-10-27,1610612744,GSW,W,22022,1610612748,MIA,1,0.5,0.6666666666666666,0.4,1.0
0022200073,2022-10-28,1610612761,TOR,L,22022,1610612755,PHI,0,0.6,1.0,0.2,0.0
0022200076,2022-10-28,1610612750,MIN,W,22022,1610612747,LAL,1,0.6,0.5,0.0,0.0
0022200071,2022-10-28,1610612753,ORL,W,22022,1610612766,CHA,1,0.0,0.0,0.5,0.6666666666666666
0022200079,2022-10-28,1610612756,PHX,W,22022,1610612740,NOP,1,0.75,1.0,0.75,1.0
0022200077,2022-10-28,1610612759,SAS,W,22022,1610612741,CHI,1,0.6,0.0,0.6,0.5
0022200072,2022-10-28,1610612738,BOS,L,22022,1610612739,CLE,0,0.75,1.0,0.75,0.5
0022200078,2022-10-28,1610612743,DEN,W,22022,1610612762,UTA,1,0.6,1.0,0.8,0.6666666666666666
0022200074,2022-10-28,1610612764,WAS,L,22022,1610612754,IND,0,0.75,1.0,0.2,0.0
0022200080,2022-10-28,1610612757,POR,W,22022,1610612745,HOU,1,0.8,0.6666666666666666,0.2,0.0
0022200075,2022-10-28,1610612749,MIL,W,22022,1610612752,NYK,1,1.0,1.0,0.75,0.0
0022200070,2022-10-28,1610612765,DET,L,22022,1610612737,ATL,0,0.2,0.5,0.75,1.0
0022200087,2022-10-29,1610612762,UTA,W,22022,1610612763,MEM,1,0.6666666666666666,1.0,0.8,0.6666666666666666
0022200084,2022-10-29,1610612741,CHI,L,22022,1610612755,PHI,0,0.5,0.6666666666666666,0.3333333333333333,0.3333333333333333
0022200083,2022-10-29,1610612751,BKN,L,22022,1610612754,IND,0,0.2,0.3333333333333333,0.3333333333333333,0.3333333333333333
0022200086,2022-10-29,1610612742,DAL,L,22022,1610612760,OKC,0,0.5,1.0,0.4,0.0
0022200081,2022-10-29,1610612758,SAC,W,22022,1610612748,MIA,1,0.0,0.0,0.3333333333333333,0.5
0022200085,2022-10-29,1610612749,MIL,W,22022,1610612737,ATL,1,1.0,1.0,0.8,1.0
0022200082,2022-10-29,1610612766,CHA,W,22022,1610612744,GSW,1,0.4,0.0,0.6,0.0
0022200088,2022-10-30,1610612746,LAC,L,22022,1610612740,NOP,0,0.4,0.0,0.6,0.6666666666666666
0022200089,2022-10-30,1610612738,BOS,W,22022,1610612764,WAS,1,0.6,0.5,0.6,0.5
0022200090,2022-10-30,1610612739,CLE,W,22022,1610612752,NYK,1,0.8,1.0,0.6,0.0
0022200094,2022-10-30,1610612756,PHX,W,22022,1610612745,HOU,1,0.8,1.0,0.16666666666666666,0.0
0022200095,2022-10-30,1610612747,LAL,W,22022,1610612743,DEN,1,0.0,0.0,0.6666666666666666,0.3333333333333333
0022200092,2022-10-30,1610612759,SAS,W,22022,1610612750,MIN,1,0.6666666666666666,0.5,0.6666666666666666,1.0
0022200093,2022-10-30,1610612742,DAL,W,22022,1610612753,ORL,1,0.4,0.5,0.16666666666666666,0.0
0022200091,2022-10-30,1610612765,DET,W,22022,1610612744,GSW,1,0.16666666666666666,0.3333333333333333,0.5,0.0
0022200101,2022-10-31,1610612762,UTA,W,22022,1610612763,MEM,1,0.7142857142857143,1.0,0.6666666666666666,0.5
0022200097,2022-10-31,1610612764,WAS,L,22022,1610612755,PHI,0,0.5,0.6666666666666666,0.42857142857142855,0.5
0022200098,2022-10-31,1610612751,BKN,W,22022,1610612754,IND,1,0.16666666666666666,0.25,0.42857142857142855,0.5
0022200100,2022-10-31,1610612749,MIL,W,22022,1610612765,DET,1,1.0,1.0,0.2857142857142857,0.0
0022200102,2022-10-31,1610612746,LAC,W,22022,1610612745,HOU,1,0.3333333333333333,0.0,0.14285714285714285,0.0
0022200099,2022-10-31,1610612761,TOR,W,22022,1610612737,ATL,1,0.5,0.6666666666666666,0.6666666666666666,0.6666666666666666
0022200096,2022-10-31,1610612766,CHA,L,22022,1610612758,SAC,0,0.5,0.5,0.2,0.0
0022200106,2022-11-01,1610612756,PHX,W,22022,1610612750,MIN,1,0.8333333333333334,1.0,0.5714285714285714,0.5
0022200105,2022-11-01,1610612760,OKC,W,22022,1610612753,ORL,1,0.5,0.6666666666666666,0.14285714285714285,0.0
0022200104,2022-11-01,1610612748,MIA,W,22022,1610612744,GSW,1,0.2857142857142857,0.25,0.42857142857142855,0.0
0022200103,2022-11-01,1610612751,BKN,L,22022,1610612741,CHI,0,0.2857142857142857,0.4,0.42857142857142855,0.3333333333333333
0022200117,2022-11-02,1610612747,LAL,W,22022,1610612740,NOP,1,0.16666666666666666,0.3333333333333333,0.6666666666666666,0.75
0022200113,2022-11-02,1610612749,MIL,W,22022,1610612765,DET,1,1.0,1.0,0.25,0.0
0022200116,2022-11-02,1610612757,POR,L,22022,1610612763,MEM,0,0.8333333333333334,0.75,0.5714285714285714,0.4
0022200114,2022-11-02,1610612759,SAS,L,22022,1610612761,TOR,0,0.7142857142857143,0.6666666666666666,0.5714285714285714,0.3333333333333333
0022200111,2022-11-02,1610612741,CHI,W,22022,1610612766,CHA,1,0.5,0.5,0.42857142857142855,0.5
0022200109,2022-11-02,1610612748,MIA,W,22022,1610612758,SAC,1,0.375,0.4,0.3333333333333333,0.5
0022200110,2022-11-02,1610612752,NYK,L,22022,1610612737,ATL,0,0.5,1.0,0.5714285714285714,0.5
0022200115,2022-11-02,1610612742,DAL,W,22022,1610612762,UTA,1,0.5,0.6666666666666666,0.75,0.5
0022200112,2022-11-02,1610612745,HOU,L,22022,1610612746,LAC,0,0.125,0.5,0.42857142857142855,0.5
0022200107,2022-11-02,1610612739,CLE,W,22022,1610612738,BOS,1,0.8333333333333334,1.0,0.6666666666666666,0.6666666666666666
0022200108,2022-11-02,1610612755,PHI,L,22022,1610612764,WAS,0,0.5,0.3333333333333333,0.42857142857142855,0.3333333333333333
0022200118,2022-11-03,1610612753,ORL,W,22022,1610612744,GSW,1,0.125,0.5,0.375,0.0
0022200119,2022-11-03,1610612760,OKC,L,22022,1610612743,DEN,0,0.5714285714285714,0.75,0.5714285714285714,0.25
0022200122,2022-11-04,1610612755,PHI,L,22022,1610612752,NYK,0,0.4444444444444444,0.25,0.42857142857142855,0.0
0022200130,2022-11-04,1610612756,PHX,L,22022,1610612757,POR,0,0.8571428571428571,1.0,0.7142857142857143,1.0
0022200129,2022-11-04,1610612750,MIN,L,22022,1610612749,MIL,0,0.5,0.6,1.0,1.0
0022200131,2022-11-04,1610612747,LAL,L,22022,1610612762,UTA,0,0.2857142857142857,0.5,0.6666666666666666,0.4
0022200127,2022-11-04,1610612742,DAL,W,22022,1610612761,TOR,1,0.5714285714285714,0.75,0.625,0.5
0022200120,2022-11-04,1610612765,DET,L,22022,1610612739,CLE,0,0.2222222222222222,0.5,0.8571428571428571,0.6666666666666666
0022200128,2022-11-04,1610612740,NOP,W,22022,1610612744,GSW,1,0.5714285714285714,0.5,0.3333333333333333,0.0
0022200124,2022-11-04,1610612738,BOS,W,22022,1610612741,CHI,1,0.5714285714285714,0.6666666666666666,0.5555555555555556,0.5
0022200123,2022-11-04,1610612764,WAS,L,22022,1610612751,BKN,0,0.5,0.5,0.25,0.0
0022200121,2022-11-04,1610612754,IND,W,22022,1610612748,MIA,1,0.375,0.3333333333333333,0.4444444444444444,0.3333333333333333
0022200125,2022-11-04,1610612763,MEM,W,22022,1610612766,CHA,1,0.625,1.0,0.375,0.4
0022200126,2022-11-04,1610612759,SAS,L,22022,1610612746,LAC,0,0.625,0.5,0.5,0.6
0022200135,2022-11-05,1610612752,NYK,L,22022,1610612738,BOS,0,0.5,0.75,0.625,0.5
0022200134,2022-11-05,1610612737,ATL,W,22022,1610612740,NOP,1,0.625,0.6666666666666666,0.625,0.6
0022200132,2022-11-05,1610612753,ORL,L,22022,1610612758,SAC,0,0.2222222222222222,0.6666666666666666,0.2857142857142857,0.3333333333333333
0022200137,2022-11-05,1610612750,MIN,W,22022,1610612745,HOU,1,0.4444444444444444,0.5,0.1111111111111111,0.0
0022200133,2022-11-05,1610612766,CHA,L,22022,1610612751,BKN,0,0.3333333333333333,0.3333333333333333,0.3333333333333333,0.3333333333333333
0022200136,2022-11-05,1610612749,MIL,W,22022,1610612760,OKC,1,1.0,1.0,0.5,0.3333333333333333
0022200139,2022-11-05,1610612756,PHX,W,22022,1610612757,POR,1,0.75,0.8333333333333334,0.75,1.0
0022200138,2022-11-05,1610612743,DEN,W,22022,1610612759,SAS,1,0.625,1.0,0.5555555555555556,0.75
0022200140,2022-11-06,1610612747,LAL,L,22022,1610612739,CLE,0,0.25,0.4,0.875,0.75
0022200143,2022-11-06,1610612746,LAC,L,22022,1610612762,UTA,0,0.5555555555555556,0.3333333333333333,0.7,0.5
0022200141,2022-11-06,1610612761,TOR,W,22022,1610612741,CHI,1,0.5555555555555556,0.75,0.5,0.4
0022200142,2022-11-06,1610612763,MEM,W,22022,1610612764,WAS,1,0.6666666666666666,1.0,0.4444444444444444,0.5
0022200154,2022-11-07,1610612759,SAS,L,22022,1610612743,DEN,0,0.5,0.4,0.6666666666666666,0.4
0022200151,2022-11-07,1610612741,CHI,W,22022,1610612761,TOR,1,0.45454545454545453,0.6,0.6,0.4
0022200150,2022-11-07,1610612748,MIA,L,22022,1610612757,POR,0,0.4,0.5,0.6666666666666666,0.75
0022200146,2022-11-07,1610612765,DET,W,22022,1610612760,OKC,1,0.2,0.4,0.4444444444444444,0.25
0022200145,2022-11-07,1610612753,ORL,L,22022,1610612745,HOU,0,0.2,0.5,0.1,0.0
0022200144,2022-11-07,1610612766,CHA,L,22022,1610612764,WAS,0,0.3,0.25,0.4,0.4
0022200149,2022-11-07,1610612737,ATL,W,22022,1610612749,MIL,1,0.6666666666666666,0.75,1.0,1.0
0022200152,2022-11-07,1610612763,MEM,L,22022,1610612738,BOS,0,0.7,1.0,0.6666666666666666,0.6
0022200147,2022-11-07,1610612754,IND,W,22022,1610612740,NOP,1,0.4444444444444444,0.5,0.5555555555555556,0.5
0022200148,2022-11-07,1610612755,PHI,W,22022,1610612756,PHX,1,0.4,0.2,0.7777777777777778,0.5
0022200153,2022-11-07,1610612750,MIN,L,22022,1610612752,NYK,0,0.5,0.5714285714285714,0.4444444444444444,0.25
0022200158,2022-11-07,1610612746,LAC,W,22022,1610612739,CLE,1,0.5,0.25,0.8888888888888888,0.8
0022200156,2022-11-07,1610612744,GSW,W,22022,1610612758,SAC,1,0.3,0.75,0.375,0.5
0022200155,2022-11-07,1610612742,DAL,W,22022,1610612751,BKN,1,0.625,0.8,0.4,0.5
0022200157,2022-11-07,1610612762,UTA,W,22022,1610612747,LAL,1,0.7272727272727273,1.0,0.2222222222222222,0.0
0022200169,2022-11-09,1610612759,SAS,L,22022,1610612763,MEM,0,0.45454545454545453,0.3333333333333333,0.6363636363636364,0.5
0022200168,2022-11-09,1610612760,OKC,L,22022,1610612749,MIL,0,0.4,0.6,0.9,0.6666666666666666
0022200171,2022-11-09,1610612758,SAC,W,22022,1610612739,CLE,1,0.3333333333333333,0.25,0.8,0.6666666666666666
0022200167,2022-11-09,1610612750,MIN,L,22022,1610612756,PHX,0,0.45454545454545453,0.5,0.7,0.3333333333333333
0022200160,2022-11-09,1610612754,IND,L,22022,1610612743,DEN,0,0.5,0.6,0.7,0.5
0022200162,2022-11-09,1610612737,ATL,L,22022,1610612762,UTA,0,0.7,0.8,0.75,0.5714285714285714
0022200166,2022-11-09,1610612741,CHI,L,22022,1610612740,NOP,0,0.5,0.6666666666666666,0.5,0.42857142857142855
0022200164,2022-11-09,1610612751,BKN,W,22022,1610612752,NYK,1,0.36363636363636365,0.3333333333333333,0.5,0.4
0022200159,2022-11-09,1610612766,CHA,L,22022,1610612757,POR,0,0.2727272727272727,0.2,0.7,0.8
0022200161,2022-11-09,1610612753,ORL,W,22022,1610612742,DAL,1,0.18181818181818182,0.4,0.6666666666666666,0.3333333333333333
0022200170,2022-11-09,1610612746,LAC,W,22022,1610612747,LAL,1,0.5454545454545454,0.4,0.2,0.0
0022200163,2022-11-09,1610612738,BOS,W,22022,1610612765,DET,1,0.7,0.75,0.2727272727272727,0.0
0022200165,2022-11-09,1610612761,TOR,W,22022,1610612745,HOU,1,0.5454545454545454,0.8,0.18181818181818182,0.125
0022200175,2022-11-10,1610612740,NOP,L,22022,1610612757,POR,0,0.5454545454545454,0.6666666666666666,0.7272727272727273,0.8333333333333334
0022200173,2022-11-10,1610612737,ATL,W,22022,1610612755,PHI,1,0.6363636363636364,0.6666666666666666,0.45454545454545453,0.6
0022200174,2022-11-10,1610612748,MIA,W,22022,1610612766,CHA,1,0.36363636363636365,0.42857142857142855,0.25,0.3333333333333333
0022200172,2022-11-10,1610612764,WAS,W,22022,1610612742,DAL,1,0.45454545454545453,0.4,0.6,0.25
0022200177,2022-11-11,1610612753,ORL,W,22022,1610612756,PHX,1,0.25,0.5,0.7272727272727273,0.5
0022200181,2022-11-11,1610612763,MEM,W,22022,1610612750,MIN,1,0.6666666666666666,0.8,0.4166666666666667,0.3333333333333333
0022200176,2022-11-11,1610612738,BOS,W,22022,1610612743,DEN,1,0.7272727272727273,0.8,0.7272727272727273,0.5714285714285714
0022200180,2022-11-11,1610612759,SAS,W,22022,1610612749,MIL,1,0.4166666666666667,0.2857142857142857,0.9090909090909091,0.75
0022200183,2022-11-11,1610612747,LAL,L,22022,1610612758,SAC,0,0.18181818181818182,0.3333333333333333,0.4,0.4
0022200182,2022-11-11,1610612744,GSW,W,22022,1610612739,CLE,1,0.36363636363636365,0.8,0.7272727272727273,0.5714285714285714
0022200179,2022-11-11,1610612760,OKC,W,22022,1610612761,TOR,1,0.36363636363636365,0.5,0.5833333333333334,0.3333333333333333
0022200178,2022-11-11,1610612752,NYK,W,22022,1610612765,DET,1,0.45454545454545453,0.6,0.25,0.0
0022200184,2022-11-12,1610612746,LAC,L,22022,1610612751,BKN,0,0.5833333333333334,0.5,0.4166666666666667,0.4
0022200191,2022-11-12,1610612740,NOP,W,22022,1610612745,HOU,1,0.5,0.5,0.16666666666666666,0.1111111111111111
0022200190,2022-11-12,1610612742,DAL,W,22022,1610612757,POR,1,0.5454545454545454,0.8333333333333334,0.75,0.8571428571428571
0022200187,2022-11-12,1610612754,IND,W,22022,1610612761,TOR,1,0.45454545454545453,0.5,0.5384615384615384,0.2857142857142857
0022200188,2022-11-12,1610612755,PHI,W,22022,1610612737,ATL,1,0.4166666666666667,0.3333333333333333,0.6666666666666666,0.6
0022200189,2022-11-12,1610612748,MIA,W,22022,1610612766,CHA,1,0.4166666666666667,0.5,0.23076923076923078,0.2857142857142857
0022200186,2022-11-12,1610612765,DET,L,22022,1610612738,BOS,0,0.23076923076923078,0.5,0.75,0.6666666666666666
0022200185,2022-11-12,1610612764,WAS,W,22022,1610612762,UTA,1,0.5,0.5,0.7692307692307693,0.625
0022200198,2022-11-13,1610612747,LAL,W,22022,1610612751,BKN,1,0.16666666666666666,0.2857142857142857,0.46153846153846156,0.5
0022200195,2022-11-13,1610612755,PHI,W,22022,1610612762,UTA,1,0.46153846153846156,0.42857142857142855,0.7142857142857143,0.5555555555555556
0022200196,2022-11-13,1610612741,CHI,L,22022,1610612743,DEN,0,0.46153846153846156,0.5714285714285714,0.6666666666666666,0.5
0022200194,2022-11-13,1610612764,WAS,W,22022,1610612763,MEM,1,0.5384615384615384,0.5714285714285714,0.6923076923076923,0.5714285714285714
0022200192,2022-11-13,1610612752,NYK,L,22022,1610612760,OKC,0,0.5,0.6666666666666666,0.4166666666666667,0.2
0022200193,2022-11-13,1610612739,CLE,L,22022,1610612750,MIN,0,0.6666666666666666,1.0,0.38461538461538464,0.25
0022200197,2022-11-13,1610612758,SAC,W,22022,1610612744,GSW,1,0.45454545454545453,0.4,0.4166666666666667,0.0
0022200204,2022-11-14,1610612749,MIL,L,22022,1610612737,ATL,0,0.8333333333333334,1.0,0.6153846153846154,0.5
0022200200,2022-11-14,1610612753,ORL,L,22022,1610612766,CHA,0,0.3076923076923077,0.5714285714285714,0.21428571428571427,0.25
0022200202,2022-11-14,1610612748,MIA,W,22022,1610612756,PHX,1,0.46153846153846156,0.5555555555555556,0.6666666666666666,0.4
0022200199,2022-11-14,1610612765,DET,L,22022,1610612761,TOR,0,0.21428571428571427,0.42857142857142855,0.5,0.25
0022200203,2022-11-14,1610612745,HOU,L,22022,1610612746,LAC,0,0.15384615384615385,0.3333333333333333,0.5384615384615384,0.6666666666666666
0022200205,2022-11-14,1610612744,GSW,W,22022,1610612759,SAS,1,0.38461538461538464,0.8333333333333334,0.46153846153846156,0.6
0022200201,2022-11-14,1610612738,BOS,W,22022,1610612760,OKC,1,0.7692307692307693,0.8333333333333334,0.46153846153846156,0.3333333333333333
0022200208,2022-11-15,1610612762,UTA,L,22022,1610612752,NYK,0,0.6666666666666666,1.0,0.46153846153846156,0.3333333333333333
0022200210,2022-11-15,1610612758,SAC,W,22022,1610612751,BKN,1,0.5,0.5,0.42857142857142855,0.42857142857142855
0022200207,2022-11-15,1610612742,DAL,W,22022,1610612746,LAC,1,0.5833333333333334,0.8571428571428571,0.5714285714285714,0.7142857142857143
0022200209,2022-11-15,1610612757,POR,W,22022,1610612759,SAS,1,0.6923076923076923,0.6,0.42857142857142855,0.5
0022200206,2022-11-15,1610612740,NOP,W,22022,1610612763,MEM,1,0.5384615384615384,0.6,0.6428571428571429,0.5
0022200218,2022-11-16,1610612742,DAL,L,22022,1610612745,HOU,0,0.6153846153846154,0.875,0.14285714285714285,0.1
0022200220,2022-11-16,1610612756,PHX,W,22022,1610612744,GSW,1,0.6153846153846154,0.8571428571428571,0.42857142857142855,0.0
0022200211,2022-11-16,1610612766,CHA,L,22022,1610612754,IND,0,0.26666666666666666,0.16666666666666666,0.5,0.4
0022200219,2022-11-16,1610612743,DEN,L,22022,1610612752,NYK,0,0.6923076923076923,1.0,0.5,0.42857142857142855
0022200212,2022-11-16,1610612753,ORL,L,22022,1610612750,MIN,0,0.2857142857142857,0.5,0.42857142857142855,0.4
0022200213,2022-11-16,1610612764,WAS,L,22022,1610612760,OKC,0,0.5714285714285714,0.625,0.42857142857142855,0.2857142857142857
0022200216,2022-11-16,1610612749,MIL,W,22022,1610612739,CLE,1,0.7692307692307693,0.875,0.6153846153846154,0.5
0022200214,2022-11-16,1610612737,ATL,L,22022,1610612738,BOS,0,0.6428571428571429,0.7142857142857143,0.7857142857142857,0.7142857142857143
0022200217,2022-11-16,1610612740,NOP,W,22022,1610612741,CHI,1,0.5714285714285714,0.6666666666666666,0.42857142857142855,0.3333333333333333
0022200215,2022-11-16,1610612761,TOR,W,22022,1610612748,MIA,1,0.5333333333333333,0.8333333333333334,0.5,0.25
0022200221,2022-11-17,1610612757,POR,L,22022,1610612751,BKN,0,0.7142857142857143,0.6666666666666666,0.4,0.375
0022200222,2022-11-17,1610612758,SAC,W,22022,1610612759,SAS,1,0.5384615384615384,0.5714285714285714,0.4,0.42857142857142855
0022200223,2022-11-17,1610612746,LAC,W,22022,1610612765,DET,1,0.5333333333333333,0.42857142857142855,0.2,0.0
0022200232,2022-11-18,1610612762,UTA,W,22022,1610612756,PHX,1,0.625,0.8333333333333334,0.6428571428571429,0.3333333333333333
0022200227,2022-11-18,1610612741,CHI,L,22022,1610612753,ORL,0,0.4,0.5,0.26666666666666666,0.0
0022200228,2022-11-18,1610612745,HOU,L,22022,1610612754,IND,0,0.2,0.25,0.5384615384615384,0.5
0022200226,2022-11-18,1610612755,PHI,W,22022,1610612749,MIL,1,0.5,0.5,0.7857142857142857,0.6
0022200229,2022-11-18,1610612763,MEM,W,22022,1610612760,OKC,1,0.6,0.8333333333333334,0.4666666666666667,0.375
0022200233,2022-11-18,1610612744,GSW,W,22022,1610612752,NYK,1,0.4,0.8571428571428571,0.5333333333333333,0.5
0022200234,2022-11-18,1610612747,LAL,W,22022,1610612765,DET,1,0.23076923076923078,0.375,0.1875,0.0
0022200224,2022-11-18,1610612764,WAS,W,22022,1610612748,MIA,1,0.5333333333333333,0.5555555555555556,0.4666666666666667,0.2
0022200230,2022-11-18,1610612742,DAL,W,22022,1610612743,DEN,1,0.5714285714285714,0.7777777777777778,0.6428571428571429,0.5555555555555556
0022200225,2022-11-18,1610612739,CLE,W,22022,1610612766,CHA,1,0.5714285714285714,0.8,0.25,0.3333333333333333
0022200231,2022-11-18,1610612740,NOP,L,22022,1610612738,BOS,0,0.6,0.7142857142857143,0.8,0.75
0022200238,2022-11-19,1610612757,POR,L,22022,1610612762,UTA,0,0.6666666666666666,0.5714285714285714,0.6470588235294118,0.5
0022200236,2022-11-19,1610612754,IND,W,22022,1610612753,ORL,1,0.5714285714285714,0.5714285714285714,0.3125,0.14285714285714285
0022200237,2022-11-19,1610612755,PHI,L,22022,1610612750,MIN,0,0.5333333333333333,0.5555555555555556,0.4666666666666667,0.5
0022200235,2022-11-19,1610612737,ATL,W,22022,1610612761,TOR,1,0.6,0.625,0.5625,0.3333333333333333
0022200239,2022-11-19,1610612746,LAC,W,22022,1610612759,SAS,1,0.5625,0.5,0.375,0.375
0022200247,2022-11-20,1610612747,LAL,W,22022,1610612759,SAS,1,0.2857142857142857,0.4444444444444444,0.35294117647058826,0.3333333333333333
0022200246,2022-11-20,1610612742,DAL,L,22022,1610612743,DEN,0,0.6,0.8,0.6,0.5
0022200244,2022-11-20,1610612739,CLE,W,22022,1610612748,MIA,1,0.6,0.8333333333333334,0.4375,0.16666666666666666
0022200241,2022-11-20,1610612764,WAS,W,22022,1610612766,CHA,1,0.5625,0.6,0.23529411764705882,0.3
0022200242,2022-11-20,1610612758,SAC,W,22022,1610612765,DET,1,0.5714285714285714,0.625,0.17647058823529413,0.0
0022200245,2022-11-20,1610612745,HOU,L,22022,1610612744,GSW,0,0.1875,0.2,0.4375,0.0
0022200240,2022-11-20,1610612756,PHX,W,22022,1610612752,NYK,1,0.6,0.875,0.5,0.4444444444444444
0022200243,2022-11-20,1610612751,BKN,W,22022,1610612763,MEM,1,0.4375,0.42857142857142855,0.625,0.4444444444444444
0022200252,2022-11-21,1610612750,MIN,W,22022,1610612748,MIA,1,0.5,0.4444444444444444,0.4117647058823529,0.14285714285714285
0022200255,2022-11-21,1610612746,LAC,W,22022,1610612762,UTA,1,0.5882352941176471,0.5555555555555556,0.6666666666666666,0.5454545454545454
0022200250,2022-11-21,1610612741,CHI,W,22022,1610612738,BOS,1,0.375,0.4444444444444444,0.8125,0.7777777777777778
0022200253,2022-11-21,1610612740,NOP,W,22022,1610612744,GSW,1,0.5625,0.625,0.47058823529411764,0.1111111111111111
0022200248,2022-11-21,1610612739,CLE,W,22022,1610612737,ATL,1,0.625,0.8571428571428571,0.625,0.5714285714285714
0022200254,2022-11-21,1610612760,OKC,L,22022,1610612752,NYK,0,0.4375,0.5714285714285714,0.47058823529411764,0.4
0022200249,2022-11-21,1610612754,IND,W,22022,1610612753,ORL,1,0.6,0.625,0.29411764705882354,0.125
0022200251,2022-11-21,1610612749,MIL,W,22022,1610612757,POR,1,0.7333333333333333,0.8888888888888888,0.625,0.75
0022200259,2022-11-22,1610612756,PHX,W,22022,1610612747,LAL,1,0.625,0.8888888888888888,0.3333333333333333,0.0
0022200257,2022-11-22,1610612763,MEM,L,22022,1610612758,SAC,0,0.5882352941176471,0.8571428571428571,0.6,0.5
0022200256,2022-11-22,1610612755,PHI,W,22022,1610612751,BKN,1,0.5,0.5,0.47058823529411764,0.4444444444444444
0022200258,2022-11-22,1610612743,DEN,L,22022,1610612765,DET,0,0.625,0.8,0.16666666666666666,0.0
0022200260,2022-11-23,1610612766,CHA,W,22022,1610612755,PHI,1,0.2222222222222222,0.14285714285714285,0.5294117647058824,0.5
0022200268,2022-11-23,1610612760,OKC,L,22022,1610612743,DEN,0,0.4117647058823529,0.5,0.5882352941176471,0.5454545454545454
0022200261,2022-11-23,1610612739,CLE,W,22022,1610612757,POR,1,0.6470588235294118,0.875,0.5882352941176471,0.6666666666666666
0022200262,2022-11-23,1610612754,IND,L,22022,1610612750,MIN,0,0.625,0.6666666666666666,0.5294117647058824,0.5714285714285714
0022200266,2022-11-23,1610612761,TOR,L,22022,1610612751,BKN,0,0.5294117647058824,0.8571428571428571,0.4444444444444444,0.4
0022200269,2022-11-23,1610612759,SAS,L,22022,1610612740,NOP,0,0.3333333333333333,0.375,0.5882352941176471,0.5
0022200271,2022-11-23,1610612744,GSW,W,22022,1610612746,LAC,1,0.4444444444444444,0.875,0.6111111111111112,0.625
0022200264,2022-11-23,1610612738,BOS,W,22022,1610612742,DAL,1,0.7647058823529411,0.8571428571428571,0.5625,0.2
0022200270,2022-11-23,1610612762,UTA,L,22022,1610612765,DET,0,0.631578947368421,0.8571428571428571,0.21052631578947367,0.09090909090909091
0022200263,2022-11-23,1610612737,ATL,W,22022,1610612758,SAC,1,0.5882352941176471,0.6666666666666666,0.625,0.5714285714285714
0022200267,2022-11-23,1610612749,MIL,L,22022,1610612741,CHI,0,0.75,0.9,0.4117647058823529,0.2857142857142857
0022200265,2022-11-23,1610612748,MIA,W,22022,1610612764,WAS,1,0.3888888888888889,0.6,0.5882352941176471,0.5
0022200275,2022-11-25,1610612738,BOS,W,22022,1610612758,SAC,1,0.7777777777777778,0.875,0.5882352941176471,0.5
0022200273,2022-11-25,1610612753,ORL,L,22022,1610612755,PHI,0,0.2777777777777778,0.4444444444444444,0.5,0.42857142857142855
0022200279,2022-11-25,1610612763,MEM,W,22022,1610612740,NOP,1,0.5555555555555556,0.75,0.6111111111111112,0.5555555555555556
0022200272,2022-11-25,1610612766,CHA,W,22022,1610612750,MIN,1,0.2631578947368421,0.25,0.5555555555555556,0.625
0022200280,2022-11-25,1610612749,MIL,W,22022,1610612739,CLE,1,0.7058823529411765,0.8181818181818182,0.6666666666666666,0.4444444444444444
0022200277,2022-11-25,1610612748,MIA,W,22022,1610612764,WAS,1,0.42105263157894735,0.6363636363636364,0.5555555555555556,0.42857142857142855
0022200278,2022-11-25,1610612745,HOU,W,22022,1610612737,ATL,1,0.17647058823529413,0.16666666666666666,0.6111111111111112,0.5
0022200283,2022-11-25,1610612756,PHX,W,22022,1610612765,DET,1,0.6470588235294118,0.9,0.25,0.16666666666666666
0022200276,2022-11-25,1610612754,IND,W,22022,1610612751,BKN,1,0.5882352941176471,0.6,0.47368421052631576,0.45454545454545453
0022200284,2022-11-25,1610612744,GSW,W,22022,1610612762,UTA,1,0.47368421052631576,0.8888888888888888,0.6,0.5
0022200274,2022-11-25,1610612752,NYK,L,22022,1610612757,POR,0,0.5,0.5714285714285714,0.5555555555555556,0.6
0022200282,2022-11-25,1610612759,SAS,L,22022,1610612747,LAL,0,0.3157894736842105,0.3333333333333333,0.3125,0.0
0022200285,2022-11-25,1610612746,LAC,L,22022,1610612743,DEN,0,0.5789473684210527,0.6,0.6111111111111112,0.5833333333333334
0022200281,2022-11-25,1610612760,OKC,W,22022,1610612741,CHI,1,0.3888888888888889,0.4444444444444444,0.4444444444444444,0.375
0022200289,2022-11-26,1610612756,PHX,W,22022,1610612762,UTA,1,0.6666666666666666,0.9090909090909091,0.5714285714285714,0.46153846153846156
0022200288,2022-11-26,1610612759,SAS,L,22022,1610612747,LAL,0,0.3,0.3,0.35294117647058826,0.14285714285714285
0022200287,2022-11-26,1610612745,HOU,W,22022,1610612760,OKC,1,0.2222222222222222,0.2857142857142857,0.42105263157894735,0.3333333333333333
0022200286,2022-11-26,1610612761,TOR,W,22022,1610612742,DAL,1,0.5,0.75,0.5294117647058824,0.16666666666666666
0022200298,2022-11-27,1610612749,MIL,W,22022,1610612742,DAL,1,0.7222222222222222,0.8333333333333334,0.5,0.14285714285714285
0022200296,2022-11-27,1610612752,NYK,L,22022,1610612763,MEM,0,0.47368421052631576,0.5,0.5789473684210527,0.4
0022200290,2022-11-27,1610612751,BKN,W,22022,1610612757,POR,1,0.45,0.5,0.5789473684210527,0.6363636363636364
0022200295,2022-11-27,1610612765,DET,L,22022,1610612739,CLE,0,0.23809523809523808,0.375,0.631578947368421,0.4
0022200293,2022-11-27,1610612737,ATL,L,22022,1610612748,MIA,0,0.5789473684210527,0.7,0.45,0.125
0022200292,2022-11-27,1610612746,LAC,W,22022,1610612754,IND,1,0.55,0.5454545454545454,0.6111111111111112,0.5714285714285714
0022200297,2022-11-27,1610612753,ORL,L,22022,1610612755,PHI,0,0.2631578947368421,0.4,0.5263157894736842,0.5
0022200291,2022-11-27,1610612750,MIN,L,22022,1610612744,GSW,0,0.5263157894736842,0.5,0.5,0.1
0022200294,2022-11-27,1610612738,BOS,W,22022,1610612764,WAS,1,0.7894736842105263,0.8888888888888888,0.5263157894736842,0.375
0022200304,2022-11-28,1610612740,NOP,W,22022,1610612760,OKC,1,0.5789473684210527,0.6666666666666666,0.4,0.3
0022200303,2022-11-28,1610612761,TOR,W,22022,1610612739,CLE,1,0.5263157894736842,0.7777777777777778,0.65,0.45454545454545453
0022200299,2022-11-28,1610612755,PHI,W,22022,1610612737,ATL,1,0.55,0.5454545454545454,0.55,0.4444444444444444
0022200306,2022-11-28,1610612762,UTA,L,22022,1610612741,CHI,0,0.5454545454545454,0.75,0.42105263157894735,0.3333333333333333
0022200308,2022-11-28,1610612747,LAL,L,22022,1610612754,IND,0,0.3888888888888889,0.5,0.5789473684210527,0.5
0022200300,2022-11-28,1610612764,WAS,W,22022,1610612750,MIN,1,0.5,0.6363636363636364,0.5,0.5555555555555556
0022200301,2022-11-28,1610612738,BOS,W,22022,1610612766,CHA,1,0.8,0.9,0.3,0.2727272727272727
0022200307,2022-11-28,1610612758,SAC,L,22022,1610612756,PHX,0,0.5555555555555556,0.6666666666666666,0.6842105263157895,0.2857142857142857
0022200305,2022-11-28,1610612743,DEN,W,22022,1610612745,HOU,1,0.631578947368421,0.6666666666666666,0.2631578947368421,0.18181818181818182
0022200302,2022-11-28,1610612751,BKN,W,22022,1610612753,ORL,1,0.47619047619047616,0.5555555555555556,0.25,0.1111111111111111
0022200311,2022-11-29,1610612757,POR,L,22022,1610612746,LAC,0,0.55,0.5,0.5714285714285714,0.5555555555555556
0022200309,2022-11-29,1610612765,DET,L,22022,1610612752,NYK,0,0.22727272727272727,0.3333333333333333,0.45,0.45454545454545453
0022200310,2022-11-29,1610612742,DAL,W,22022,1610612744,GSW,1,0.47368421052631576,0.7272727272727273,0.5238095238095238,0.18181818181818182
0022200315,2022-11-30,1610612751,BKN,W,22022,1610612764,WAS,1,0.5,0.6,0.5238095238095238,0.3333333333333333
0022200317,2022-11-30,1610612750,MIN,W,22022,1610612763,MEM,1,0.47619047619047616,0.45454545454545453,0.6,0.45454545454545453
0022200316,2022-11-30,1610612752,NYK,L,22022,1610612749,MIL,0,0.47619047619047616,0.4444444444444444,0.7368421052631579,0.5
0022200313,2022-11-30,1610612753,ORL,L,22022,1610612737,ATL,0,0.23809523809523808,0.36363636363636365,0.5238095238095238,0.4
0022200321,2022-11-30,1610612756,PHX,W,22022,1610612741,CHI,1,0.7,0.9166666666666666,0.45,0.4
0022200322,2022-11-30,1610612762,UTA,W,22022,1610612746,LAC,1,0.5217391304347826,0.6666666666666666,0.5909090909090909,0.6
0022200318,2022-11-30,1610612740,NOP,W,22022,1610612761,TOR,1,0.6,0.7,0.55,0.3
0022200323,2022-11-30,1610612758,SAC,W,22022,1610612754,IND,1,0.5263157894736842,0.6,0.6,0.5555555555555556
0022200314,2022-11-30,1610612738,BOS,W,22022,1610612748,MIA,1,0.8095238095238095,0.9090909090909091,0.47619047619047616,0.2222222222222222
0022200324,2022-11-30,1610612747,LAL,W,22022,1610612757,POR,1,0.3684210526315789,0.45454545454545453,0.5238095238095238,0.5833333333333334
0022200319,2022-11-30,1610612760,OKC,W,22022,1610612759,SAS,1,0.38095238095238093,0.5,0.2857142857142857,0.3
0022200320,2022-11-30,1610612743,DEN,W,22022,1610612745,HOU,1,0.65,0.7142857142857143,0.25,0.16666666666666666
0022200312,2022-11-30,1610612739,CLE,W,22022,1610612755,PHI,1,0.6190476190476191,0.8888888888888888,0.5714285714285714,0.5555555555555556
0022200325,2022-12-01,1610612765,DET,W,22022,1610612742,DAL,1,0.21739130434782608,0.3,0.5,0.125
0022200331,2022-12-02,1610612749,MIL,L,22022,1610612747,LAL,0,0.75,0.8461538461538461,0.4,0.25
0022200335,2022-12-02,1610612762,UTA,W,22022,1610612754,IND,1,0.5416666666666666,0.7,0.5714285714285714,0.5
0022200329,2022-12-02,1610612751,BKN,W,22022,1610612761,TOR,1,0.5217391304347826,0.6363636363636364,0.5238095238095238,0.2727272727272727
0022200330,2022-12-02,1610612739,CLE,W,22022,1610612753,ORL,1,0.6363636363636364,0.9,0.22727272727272727,0.1
0022200336,2022-12-02,1610612744,GSW,W,22022,1610612741,CHI,1,0.5,0.9,0.42857142857142855,0.36363636363636365
0022200334,2022-12-02,1610612756,PHX,L,22022,1610612745,HOU,0,0.7142857142857143,0.9230769230769231,0.23809523809523808,0.15384615384615385
0022200328,2022-12-02,1610612738,BOS,L,22022,1610612748,MIA,0,0.8181818181818182,0.9166666666666666,0.45454545454545453,0.2
0022200332,2022-12-02,1610612763,MEM,W,22022,1610612755,PHI,1,0.5714285714285714,0.7777777777777778,0.5454545454545454,0.5
0022200326,2022-12-02,1610612766,CHA,W,22022,1610612764,WAS,1,0.2857142857142857,0.3333333333333333,0.5,0.3
0022200327,2022-12-02,1610612737,ATL,W,22022,1610612743,DEN,1,0.5454545454545454,0.6363636363636364,0.6666666666666666,0.6153846153846154
0022200333,2022-12-02,1610612759,SAS,L,22022,1610612740,NOP,0,0.2727272727272727,0.2727272727272727,0.6190476190476191,0.5
0022200343,2022-12-03,1610612762,UTA,L,22022,1610612757,POR,0,0.56,0.7272727272727273,0.5,0.5384615384615384
0022200341,2022-12-03,1610612750,MIN,L,22022,1610612760,OKC,0,0.5,0.5,0.4090909090909091,0.2727272727272727
0022200340,2022-12-03,1610612761,TOR,W,22022,1610612753,ORL,1,0.5,0.8,0.21739130434782608,0.09090909090909091
0022200338,2022-12-03,1610612746,LAC,L,22022,1610612758,SAC,0,0.5652173913043478,0.5833333333333334,0.55,0.4444444444444444
0022200339,2022-12-03,1610612766,CHA,L,22022,1610612749,MIL,0,0.3181818181818182,0.4,0.7142857142857143,0.5714285714285714
0022200337,2022-12-03,1610612752,NYK,L,22022,1610612742,DAL,0,0.45454545454545453,0.4,0.47619047619047616,0.1111111111111111
0022200342,2022-12-03,1610612744,GSW,W,22022,1610612745,HOU,1,0.5217391304347826,0.9090909090909091,0.2727272727272727,0.21428571428571427
0022200351,2022-12-04,1610612757,POR,W,22022,1610612754,IND,1,0.5217391304347826,0.4444444444444444,0.5454545454545454,0.45454545454545453
0022200350,2022-12-04,1610612758,SAC,W,22022,1610612741,CHI,1,0.5714285714285714,0.6363636363636364,0.4090909090909091,0.3333333333333333
0022200347,2022-12-04,1610612765,DET,L,22022,1610612763,MEM,0,0.25,0.36363636363636365,0.5909090909090909,0.4166666666666667
0022200346,2022-12-04,1610612751,BKN,L,22022,1610612738,BOS,0,0.5416666666666666,0.6666666666666666,0.782608695652174,0.7
0022200344,2022-12-04,1610612740,NOP,W,22022,1610612743,DEN,1,0.6363636363636364,0.7272727272727273,0.6363636363636364,0.5714285714285714
0022200348,2022-12-04,1610612752,NYK,W,22022,1610612739,CLE,1,0.43478260869565216,0.36363636363636365,0.6521739130434783,0.4166666666666667
0022200345,2022-12-04,1610612759,SAS,L,22022,1610612756,PHX,0,0.2608695652173913,0.25,0.6818181818181818,0.375
0022200349,2022-12-04,1610612764,WAS,L,22022,1610612747,LAL,0,0.4782608695652174,0.6666666666666666,0.42857142857142855,0.3333333333333333
0022200352,2022-12-05,1610612766,CHA,L,22022,1610612746,LAC,0,0.30434782608695654,0.36363636363636365,0.5416666666666666,0.5454545454545454
0022200353,2022-12-05,1610612753,ORL,L,22022,1610612749,MIL,0,0.20833333333333334,0.3333333333333333,0.7272727272727273,0.625
0022200354,2022-12-05,1610612737,ATL,L,22022,1610612760,OKC,0,0.5652173913043478,0.6666666666666666,0.43478260869565216,0.3333333333333333
0022200357,2022-12-05,1610612763,MEM,W,22022,1610612748,MIA,1,0.6086956521739131,0.8,0.4782608695652174,0.2727272727272727
0022200358,2022-12-05,1610612742,DAL,W,22022,1610612756,PHX,1,0.5,0.75,0.6956521739130435,0.4444444444444444
0022200359,2022-12-05,1610612744,GSW,L,22022,1610612754,IND,0,0.5416666666666666,0.9166666666666666,0.5217391304347826,0.4166666666666667
0022200356,2022-12-05,1610612745,HOU,W,22022,1610612755,PHI,1,0.2608695652173913,0.375,0.5217391304347826,0.45454545454545453
0022200355,2022-12-05,1610612761,TOR,L,22022,1610612738,BOS,0,0.5217391304347826,0.8181818181818182,0.7916666666666666,0.7272727272727273
0022200362,2022-12-06,1610612743,DEN,L,22022,1610612742,DAL,0,0.6086956521739131,0.75,0.5217391304347826,0.2
0022200361,2022-12-06,1610612748,MIA,L,22022,1610612765,DET,0,0.4583333333333333,0.6666666666666666,0.24,0.15384615384615385
0022200360,2022-12-06,1610612739,CLE,W,22022,1610612747,LAL,1,0.625,0.9090909090909091,0.45454545454545453,0.4
0022200366,2022-12-07,1610612761,TOR,W,22022,1610612747,LAL,1,0.5,0.75,0.43478260869565216,0.36363636363636365
0022200367,2022-12-07,1610612741,CHI,W,22022,1610612764,WAS,1,0.391304347826087,0.5,0.4583333333333333,0.2727272727272727
0022200365,2022-12-07,1610612752,NYK,W,22022,1610612737,ATL,1,0.4583333333333333,0.4166666666666667,0.5416666666666666,0.45454545454545453
0022200368,2022-12-07,1610612763,MEM,W,22022,1610612760,OKC,1,0.625,0.8181818181818182,0.4583333333333333,0.38461538461538464
0022200372,2022-12-07,1610612762,UTA,W,22022,1610612744,GSW,1,0.5384615384615384,0.6666666666666666,0.52,0.16666666666666666
0022200373,2022-12-07,1610612756,PHX,L,22022,1610612738,BOS,0,0.6666666666666666,0.8571428571428571,0.8,0.75
0022200369,2022-12-07,1610612749,MIL,W,22022,1610612758,SAC,1,0.7391304347826086,0.7857142857142857,0.5909090909090909,0.5
0022200370,2022-12-07,1610612750,MIN,W,22022,1610612754,IND,1,0.4782608695652174,0.46153846153846156,0.5416666666666666,0.46153846153846156
0022200364,2022-12-07,1610612751,BKN,W,22022,1610612766,CHA,1,0.52,0.6153846153846154,0.2916666666666667,0.25
0022200363,2022-12-07,1610612753,ORL,W,22022,1610612746,LAC,1,0.2,0.3076923076923077,0.56,0.5833333333333334
0022200371,2022-12-07,1610612740,NOP,W,22022,1610612765,DET,1,0.6521739130434783,0.75,0.2692307692307692,0.21428571428571427
0022200375,2022-12-08,1610612759,SAS,W,22022,1610612745,HOU,1,0.25,0.23076923076923078,0.2916666666666667,0.2
0022200374,2022-12-08,1610612748,MIA,W,22022,1610612746,LAC,1,0.44,0.6153846153846154,0.5384615384615384,0.5384615384615384
0022200376,2022-12-08,1610612757,POR,L,22022,1610612743,DEN,0,0.5416666666666666,0.5,0.5833333333333334,0.5333333333333333
0022200386,2022-12-09,1610612742,DAL,L,22022,1610612749,MIL,0,0.5416666666666666,0.7692307692307693,0.75,0.6666666666666666
0022200379,2022-12-09,1610612753,ORL,W,22022,1610612761,TOR,1,0.23076923076923078,0.35714285714285715,0.52,0.25
0022200382,2022-12-09,1610612755,PHI,W,22022,1610612747,LAL,1,0.5,0.5833333333333334,0.4166666666666667,0.3333333333333333
0022200380,2022-12-09,1610612751,BKN,W,22022,1610612737,ATL,1,0.5384615384615384,0.6428571428571429,0.52,0.4166666666666667
0022200384,2022-12-09,1610612740,NOP,W,22022,1610612756,PHX,1,0.6666666666666666,0.7692307692307693,0.64,0.4
0022200378,2022-12-09,1610612754,IND,W,22022,1610612764,WAS,1,0.52,0.6363636363636364,0.44,0.25
0022200385,2022-12-09,1610612762,UTA,L,22022,1610612750,MIN,0,0.5555555555555556,0.6923076923076923,0.5,0.5
0022200381,2022-12-09,1610612739,CLE,L,22022,1610612758,SAC,0,0.64,0.9166666666666666,0.5652173913043478,0.45454545454545453
0022200377,2022-12-09,1610612766,CHA,L,22022,1610612752,NYK,0,0.28,0.3333333333333333,0.48,0.5
0022200383,2022-12-09,1610612763,MEM,W,22022,1610612765,DET,1,0.64,0.8333333333333334,0.25925925925925924,0.2
0022200393,2022-12-10,1610612743,DEN,W,22022,1610612762,UTA,1,0.6,0.6666666666666666,0.5357142857142857,0.42857142857142855
0022200392,2022-12-10,1610612744,GSW,W,22022,1610612738,BOS,1,0.5,0.8461538461538461,0.8076923076923077,0.7692307692307693
0022200390,2022-12-10,1610612739,CLE,W,22022,1610612760,OKC,1,0.6153846153846154,0.8461538461538461,0.44,0.35714285714285715
0022200387,2022-12-10,1610612748,MIA,L,22022,1610612759,SAS,0,0.46153846153846156,0.6428571428571429,0.28,0.2727272727272727
0022200394,2022-12-10,1610612757,POR,W,22022,1610612750,MIN,1,0.52,0.45454545454545453,0.52,0.5454545454545454
0022200391,2022-12-10,1610612741,CHI,W,22022,1610612742,DAL,1,0.4166666666666667,0.5454545454545454,0.52,0.2727272727272727
0022200389,2022-12-10,1610612764,WAS,L,22022,1610612746,LAC,0,0.4230769230769231,0.6153846153846154,0.5185185185185185,0.5
0022200388,2022-12-10,1610612754,IND,L,22022,1610612751,BKN,0,0.5384615384615384,0.6666666666666666,0.5555555555555556,0.4166666666666667
0022200396,2022-12-11,1610612765,DET,L,22022,1610612747,LAL,0,0.25,0.3333333333333333,0.4,0.3076923076923077
0022200397,2022-12-11,1610612752,NYK,W,22022,1610612758,SAC,1,0.5,0.46153846153846156,0.5833333333333334,0.5
0022200398,2022-12-11,1610612753,ORL,W,22022,1610612761,TOR,1,0.25925925925925924,0.4,0.5,0.23076923076923078
0022200401,2022-12-11,1610612745,HOU,W,22022,1610612749,MIL,1,0.28,0.4444444444444444,0.76,0.7
0022200399,2022-12-11,1610612755,PHI,W,22022,1610612766,CHA,1,0.52,0.6153846153846154,0.2692307692307692,0.23076923076923078
0022200395,2022-12-11,1610612740,NOP,W,22022,1610612756,PHX,1,0.68,0.7857142857142857,0.6153846153846154,0.36363636363636365
0022200400,2022-12-11,1610612737,ATL,W,22022,1610612741,CHI,1,0.5,0.6153846153846154,0.44,0.3076923076923077
0022200404,2022-12-12,1610612763,MEM,W,22022,1610612737,ATL,1,0.6538461538461539,0.8461538461538461,0.5185185185185185,0.38461538461538464
0022200402,2022-12-12,1610612754,IND,L,22022,1610612748,MIA,0,0.5185185185185185,0.6153846153846154,0.4444444444444444,0.25
0022200407,2022-12-12,1610612757,POR,W,22022,1610612750,MIN,1,0.5384615384615384,0.5,0.5,0.5
0022200405,2022-12-12,1610612742,DAL,W,22022,1610612760,OKC,1,0.5,0.7142857142857143,0.4230769230769231,0.3333333333333333
0022200406,2022-12-12,1610612759,SAS,W,22022,1610612739,CLE,1,0.3076923076923077,0.2857142857142857,0.6296296296296297,0.38461538461538464
0022200403,2022-12-12,1610612764,WAS,L,22022,1610612751,BKN,0,0.4074074074074074,0.5714285714285714,0.5714285714285714,0.46153846153846156
0022200408,2022-12-12,1610612746,LAC,W,22022,1610612738,BOS,1,0.5357142857142857,0.5384615384615384,0.7777777777777778,0.7142857142857143
0022200411,2022-12-13,1610612745,HOU,W,22022,1610612756,PHX,1,0.3076923076923077,0.5,0.5925925925925926,0.3333333333333333
0022200410,2022-12-13,1610612749,MIL,W,22022,1610612744,GSW,1,0.7307692307692307,0.8,0.5185185185185185,0.15384615384615385
0022200412,2022-12-13,1610612762,UTA,W,22022,1610612740,NOP,1,0.5172413793103449,0.6428571428571429,0.6923076923076923,0.5454545454545454
0022200413,2022-12-13,1610612747,LAL,L,22022,1610612738,BOS,0,0.4230769230769231,0.5,0.75,0.6666666666666666
0022200409,2022-12-13,1610612755,PHI,W,22022,1610612758,SAC,1,0.5384615384615384,0.6428571428571429,0.56,0.46153846153846156
0022200415,2022-12-14,1610612754,IND,W,22022,1610612744,GSW,1,0.5,0.5714285714285714,0.5,0.14285714285714285
0022200420,2022-12-14,1610612759,SAS,L,22022,1610612757,POR,0,0.3333333333333333,0.3333333333333333,0.5555555555555556,0.5714285714285714
0022200416,2022-12-14,1610612753,ORL,W,22022,1610612737,ATL,1,0.2857142857142857,0.4375,0.5,0.35714285714285715
0022200421,2022-12-14,1610612742,DAL,L,22022,1610612739,CLE,0,0.5185185185185185,0.7333333333333333,0.6071428571428571,0.35714285714285715
0022200414,2022-12-14,1610612766,CHA,L,22022,1610612765,DET,0,0.25925925925925924,0.3076923076923077,0.2413793103448276,0.1875
0022200418,2022-12-14,1610612741,CHI,L,22022,1610612752,NYK,0,0.4230769230769231,0.5833333333333334,0.5185185185185185,0.5384615384615384
0022200422,2022-12-14,1610612743,DEN,W,22022,1610612764,WAS,1,0.6153846153846154,0.7,0.39285714285714285,0.23076923076923078
0022200419,2022-12-14,1610612760,OKC,L,22022,1610612748,MIA,0,0.4074074074074074,0.5454545454545454,0.4642857142857143,0.3076923076923077
0022200423,2022-12-14,1610612746,LAC,W,22022,1610612750,MIN,1,0.5517241379310345,0.5714285714285714,0.48148148148148145,0.46153846153846156
0022200417,2022-12-14,1610612761,TOR,L,22022,1610612758,SAC,0,0.48148148148148145,0.7692307692307693,0.5384615384615384,0.42857142857142855
0022200425,2022-12-15,1610612763,MEM,W,22022,1610612749,MIL,1,0.6666666666666666,0.8571428571428571,0.7407407407407407,0.6363636363636364
0022200427,2022-12-15,1610612746,LAC,L,22022,1610612756,PHX,0,0.5666666666666667,0.6,0.5714285714285714,0.3076923076923077
0022200426,2022-12-15,1610612762,UTA,W,22022,1610612740,NOP,1,0.5333333333333333,0.6666666666666666,0.6666666666666666,0.5
0022200424,2022-12-15,1610612745,HOU,L,22022,1610612748,MIA,0,0.3333333333333333,0.5454545454545454,0.4827586206896552,0.35714285714285715
0022200428,2022-12-16,1610612766,CHA,L,22022,1610612737,ATL,0,0.25,0.2857142857142857,0.4827586206896552,0.3333333333333333
0022200436,2022-12-16,1610612742,DAL,W,22022,1610612757,POR,1,0.5,0.6875,0.5714285714285714,0.6
0022200431,2022-12-16,1610612739,CLE,W,22022,1610612754,IND,1,0.6206896551724138,0.8571428571428571,0.5172413793103449,0.42857142857142855
0022200437,2022-12-16,1610612747,LAL,W,22022,1610612743,DEN,1,0.4074074074074074,0.46153846153846156,0.6296296296296297,0.5625
0022200429,2022-12-16,1610612765,DET,L,22022,1610612758,SAC,0,0.26666666666666666,0.3076923076923077,0.5555555555555556,0.4666666666666667
0022200430,2022-12-16,1610612738,BOS,L,22022,1610612753,ORL,0,0.7586206896551724,0.8461538461538461,0.3103448275862069,0.08333333333333333
0022200435,2022-12-16,1610612760,OKC,L,22022,1610612750,MIN,0,0.39285714285714285,0.5,0.4642857142857143,0.42857142857142855
0022200433,2022-12-16,1610612761,TOR,L,22022,1610612751,BKN,0,0.4642857142857143,0.7142857142857143,0.5862068965517241,0.5
0022200432,2022-12-16,1610612755,PHI,W,22022,1610612744,GSW,1,0.5555555555555556,0.6666666666666666,0.4827586206896552,0.13333333333333333
0022200434,2022-12-16,1610612741,CHI,L,22022,1610612752,NYK,0,0.4074074074074074,0.5384615384615384,0.5357142857142857,0.5714285714285714
0022200443,2022-12-17,1610612760,OKC,W,22022,1610612763,MEM,1,0.3793103448275862,0.46153846153846156,0.6785714285714286,0.46153846153846156
0022200444,2022-12-17,1610612756,PHX,W,22022,1610612740,NOP,1,0.5862068965517241,0.8,0.6428571428571429,0.46153846153846156
0022200441,2022-12-17,1610612745,HOU,L,22022,1610612757,POR,0,0.32142857142857145,0.5,0.5517241379310345,0.5625
0022200438,2022-12-17,1610612746,LAC,W,22022,1610612764,WAS,1,0.5483870967741935,0.5625,0.3793103448275862,0.21428571428571427
0022200440,2022-12-17,1610612739,CLE,W,22022,1610612742,DAL,1,0.6333333333333333,0.8666666666666667,0.5172413793103449,0.25
0022200442,2022-12-17,1610612749,MIL,W,22022,1610612762,UTA,1,0.7142857142857143,0.8125,0.5483870967741935,0.4
0022200439,2022-12-17,1610612759,SAS,L,22022,1610612748,MIA,0,0.32142857142857145,0.3125,0.5,0.4
0022200449,2022-12-18,1610612750,MIN,W,22022,1610612741,CHI,1,0.4827586206896552,0.5,0.39285714285714285,0.2857142857142857
0022200448,2022-12-18,1610612761,TOR,L,22022,1610612744,GSW,0,0.4482758620689655,0.6666666666666666,0.4666666666666667,0.125
0022200445,2022-12-18,1610612738,BOS,L,22022,1610612753,ORL,0,0.7333333333333333,0.7857142857142857,0.3333333333333333,0.15384615384615385
0022200450,2022-12-18,1610612743,DEN,W,22022,1610612766,CHA,1,0.6071428571428571,0.7272727272727273,0.2413793103448276,0.21428571428571427
0022200451,2022-12-18,1610612747,LAL,W,22022,1610612764,WAS,1,0.42857142857142855,0.5,0.36666666666666664,0.2
0022200447,2022-12-18,1610612765,DET,L,22022,1610612751,BKN,0,0.25806451612903225,0.2857142857142857,0.6,0.5333333333333333
0022200446,2022-12-18,1610612754,IND,L,22022,1610612752,NYK,0,0.5,0.6,0.5517241379310345,0.6
0022200455,2022-12-19,1610612745,HOU,L,22022,1610612759,SAS,0,0.3103448275862069,0.46153846153846156,0.3103448275862069,0.3333333333333333
0022200459,2022-12-19,1610612756,PHX,W,22022,1610612747,LAL,1,0.6,0.8125,0.4482758620689655,0.35714285714285715
0022200460,2022-12-19,1610612758,SAC,L,22022,1610612766,CHA,0,0.5714285714285714,0.6666666666666666,0.23333333333333334,0.2
0022200454,2022-12-19,1610612737,ATL,W,22022,1610612753,ORL,1,0.5,0.6428571428571429,0.3548387096774194,0.21428571428571427
0022200453,2022-12-19,1610612755,PHI,W,22022,1610612761,TOR,1,0.5714285714285714,0.6875,0.43333333333333335,0.21428571428571427
0022200458,2022-12-19,1610612760,OKC,W,22022,1610612757,POR,1,0.4,0.5,0.5666666666666667,0.5882352941176471
0022200456,2022-12-19,1610612750,MIN,W,22022,1610612742,DAL,1,0.5,0.5333333333333333,0.5,0.23076923076923078
0022200452,2022-12-19,1610612739,CLE,W,22022,1610612762,UTA,1,0.6451612903225806,0.875,0.53125,0.375
0022200457,2022-12-19,1610612740,NOP,L,22022,1610612749,MIL,0,0.6206896551724138,0.8,0.7241379310344828,0.5833333333333334
0022200464,2022-12-20,1610612756,PHX,L,22022,1610612764,WAS,0,0.6129032258064516,0.8235294117647058,0.3548387096774194,0.1875
0022200465,2022-12-20,1610612743,DEN,W,22022,1610612763,MEM,1,0.6206896551724138,0.75,0.6551724137931034,0.42857142857142855
0022200463,2022-12-20,1610612752,NYK,W,22022,1610612744,GSW,1,0.5666666666666667,0.5,0.4838709677419355,0.17647058823529413
0022200462,2022-12-20,1610612748,MIA,L,22022,1610612741,CHI,0,0.5161290322580645,0.6,0.3793103448275862,0.26666666666666666
0022200461,2022-12-20,1610612765,DET,L,22022,1610612762,UTA,0,0.25,0.26666666666666666,0.5151515151515151,0.35294117647058826
0022200475,2022-12-21,1610612758,SAC,W,22022,1610612747,LAL,1,0.5517241379310345,0.6153846153846154,0.43333333333333335,0.3333333333333333
0022200474,2022-12-21,1610612760,OKC,W,22022,1610612757,POR,1,0.41935483870967744,0.5333333333333333,0.5483870967741935,0.5555555555555556
0022200471,2022-12-21,1610612752,NYK,L,22022,1610612761,TOR,0,0.5806451612903226,0.5333333333333333,0.41935483870967744,0.2
0022200472,2022-12-21,1610612745,HOU,L,22022,1610612753,ORL,0,0.3,0.42857142857142855,0.34375,0.2
0022200466,2022-12-21,1610612739,CLE,W,22022,1610612749,MIL,1,0.65625,0.8823529411764706,0.7333333333333333,0.6153846153846154
0022200468,2022-12-21,1610612737,ATL,L,22022,1610612741,CHI,0,0.5161290322580645,0.6666666666666666,0.4,0.3125
0022200473,2022-12-21,1610612750,MIN,L,22022,1610612742,DAL,0,0.5161290322580645,0.5625,0.4838709677419355,0.21428571428571427
0022200469,2022-12-21,1610612738,BOS,L,22022,1610612754,IND,0,0.7096774193548387,0.7333333333333333,0.4838709677419355,0.4
0022200476,2022-12-21,1610612746,LAC,W,22022,1610612766,CHA,1,0.5625,0.5882352941176471,0.25806451612903225,0.25
0022200470,2022-12-21,1610612751,BKN,W,22022,1610612744,GSW,1,0.6129032258064516,0.6666666666666666,0.46875,0.16666666666666666
0022200467,2022-12-21,1610612755,PHI,W,22022,1610612765,DET,1,0.5862068965517241,0.7058823529411765,0.24242424242424243,0.23529411764705882
0022200477,2022-12-22,1610612740,NOP,W,22022,1610612759,SAS,1,0.6,0.75,0.3333333333333333,0.38461538461538464
0022200478,2022-12-22,1610612762,UTA,W,22022,1610612764,WAS,1,0.5294117647058824,0.6875,0.375,0.23529411764705882
0022200488,2022-12-23,1610612760,OKC,L,22022,1610612740,NOP,0,0.4375,0.5625,0.6129032258064516,0.42857142857142855
0022200490,2022-12-23,1610612756,PHX,L,22022,1610612763,MEM,0,0.59375,0.7777777777777778,0.6333333333333333,0.4
0022200491,2022-12-23,1610612758,SAC,L,22022,1610612764,WAS,0,0.5666666666666667,0.6428571428571429,0.36363636363636365,0.2222222222222222
0022200486,2022-12-23,1610612748,MIA,L,22022,1610612754,IND,0,0.5,0.5625,0.5,0.4375
0022200479,2022-12-23,1610612753,ORL,W,22022,1610612759,SAS,1,0.36363636363636365,0.47058823529411764,0.3225806451612903,0.35714285714285715
0022200482,2022-12-23,1610612738,BOS,W,22022,1610612750,MIN,1,0.6875,0.6875,0.5,0.4666666666666667
0022200481,2022-12-23,1610612737,ATL,W,22022,1610612765,DET,1,0.5,0.625,0.23529411764705882,0.2222222222222222
0022200484,2022-12-23,1610612739,CLE,L,22022,1610612761,TOR,0,0.6666666666666666,0.8888888888888888,0.4375,0.25
0022200489,2022-12-23,1610612743,DEN,W,22022,1610612757,POR,1,0.6333333333333333,0.7692307692307693,0.53125,0.5263157894736842
0022200483,2022-12-23,1610612751,BKN,W,22022,1610612749,MIL,1,0.625,0.6875,0.7096774193548387,0.5714285714285714
0022200492,2022-12-23,1610612747,LAL,L,22022,1610612766,CHA,0,0.41935483870967744,0.5333333333333333,0.25,0.23529411764705882
0022200485,2022-12-23,1610612752,NYK,L,22022,1610612741,CHI,0,0.5625,0.5,0.41935483870967744,0.35294117647058826
0022200487,2022-12-23,1610612745,HOU,L,22022,1610612742,DAL,0,0.2903225806451613,0.4,0.5,0.26666666666666666
0022200480,2022-12-23,1610612755,PHI,W,22022,1610612746,LAC,1,0.6,0.7222222222222222,0.5757575757575758,0.5333333333333333
0022200493,2022-12-25,1610612752,NYK,L,22022,1610612755,PHI,0,0.5454545454545454,0.47058823529411764,0.6129032258064516,0.4166666666666667
0022200496,2022-12-25,1610612744,GSW,W,22022,1610612763,MEM,1,0.45454545454545453,0.8571428571428571,0.6451612903225806,0.4375
0022200495,2022-12-25,1610612738,BOS,W,22022,1610612749,MIL,1,0.696969696969697,0.7058823529411765,0.6875,0.5333333333333333
0022200497,2022-12-25,1610612743,DEN,W,22022,1610612756,PHX,1,0.6451612903225806,0.7857142857142857,0.5757575757575758,0.35714285714285715
0022200494,2022-12-25,1610612742,DAL,W,22022,1610612747,LAL,1,0.5151515151515151,0.7058823529411765,0.40625,0.3125
0022200502,2022-12-26,1610612740,NOP,W,22022,1610612754,IND,1,0.625,0.7647058823529411,0.5151515151515151,0.47058823529411764
0022200501,2022-12-26,1610612741,CHI,L,22022,1610612745,HOU,0,0.4375,0.5,0.28125,0.1875
0022200504,2022-12-26,1610612757,POR,W,22022,1610612766,CHA,1,0.5151515151515151,0.5384615384615384,0.2727272727272727,0.2777777777777778
0022200499,2022-12-26,1610612765,DET,L,22022,1610612746,LAC,0,0.22857142857142856,0.25,0.5588235294117647,0.5
0022200500,2022-12-26,1610612748,MIA,W,22022,1610612750,MIN,1,0.48484848484848486,0.5294117647058824,0.48484848484848486,0.4375
0022200503,2022-12-26,1610612759,SAS,W,22022,1610612762,UTA,1,0.3125,0.29411764705882354,0.5428571428571428,0.3888888888888889
0022200498,2022-12-26,1610612739,CLE,L,22022,1610612751,BKN,0,0.6470588235294118,0.8421052631578947,0.6363636363636364,0.5625
0022200508,2022-12-27,1610612754,IND,W,22022,1610612737,ATL,1,0.5,0.5625,0.5151515151515151,0.375
0022200505,2022-12-27,1610612753,ORL,L,22022,1610612747,LAL,0,0.38235294117647056,0.5,0.3939393939393939,0.29411764705882354
0022200509,2022-12-27,1610612761,TOR,L,22022,1610612746,LAC,0,0.45454545454545453,0.625,0.5714285714285714,0.5294117647058824
0022200513,2022-12-27,1610612744,GSW,W,22022,1610612766,CHA,1,0.47058823529411764,0.8666666666666667,0.2647058823529412,0.2631578947368421
0022200512,2022-12-27,1610612742,DAL,W,22022,1610612752,NYK,1,0.5294117647058824,0.7222222222222222,0.5294117647058824,0.625
0022200506,2022-12-27,1610612764,WAS,W,22022,1610612755,PHI,1,0.38235294117647056,0.5333333333333333,0.625,0.46153846153846156
0022200511,2022-12-27,1610612760,OKC,W,22022,1610612759,SAS,1,0.42424242424242425,0.5294117647058824,0.3333333333333333,0.3333333333333333
0022200510,2022-12-27,1610612763,MEM,L,22022,1610612756,PHX,0,0.625,0.8666666666666667,0.5588235294117647,0.3333333333333333
0022200514,2022-12-27,1610612758,SAC,L,22022,1610612743,DEN,0,0.5483870967741935,0.6,0.65625,0.5294117647058824
0022200507,2022-12-27,1610612738,BOS,W,22022,1610612745,HOU,1,0.7058823529411765,0.7222222222222222,0.30303030303030304,0.23529411764705882
0022200517,2022-12-28,1610612737,ATL,L,22022,1610612751,BKN,0,0.5,0.6470588235294118,0.6470588235294118,0.5882352941176471
0022200519,2022-12-28,1610612741,CHI,W,22022,1610612749,MIL,1,0.42424242424242425,0.4666666666666667,0.6666666666666666,0.5
0022200521,2022-12-28,1610612744,GSW,W,22022,1610612762,UTA,1,0.4857142857142857,0.875,0.5277777777777778,0.3684210526315789
0022200522,2022-12-28,1610612758,SAC,W,22022,1610612743,DEN,1,0.53125,0.5625,0.6666666666666666,0.5555555555555556
0022200518,2022-12-28,1610612748,MIA,W,22022,1610612747,LAL,1,0.5,0.5555555555555556,0.4117647058823529,0.3333333333333333
0022200520,2022-12-28,1610612740,NOP,W,22022,1610612750,MIN,1,0.6363636363636364,0.7777777777777778,0.47058823529411764,0.4117647058823529
0022200515,2022-12-28,1610612765,DET,W,22022,1610612753,ORL,1,0.2222222222222222,0.23529411764705882,0.37142857142857144,0.25
0022200516,2022-12-28,1610612764,WAS,W,22022,1610612756,PHX,1,0.4,0.5625,0.5714285714285714,0.375
0022200525,2022-12-29,1610612738,BOS,W,22022,1610612746,LAC,1,0.7142857142857143,0.7368421052631579,0.5833333333333334,0.5555555555555556
0022200523,2022-12-29,1610612766,CHA,W,22022,1610612760,OKC,1,0.2571428571428571,0.26666666666666666,0.4411764705882353,0.3125
0022200524,2022-12-29,1610612754,IND,W,22022,1610612739,CLE,1,0.5142857142857142,0.5882352941176471,0.6285714285714286,0.4
0022200527,2022-12-29,1610612759,SAS,W,22022,1610612752,NYK,1,0.3235294117647059,0.3333333333333333,0.5142857142857142,0.5882352941176471
0022200526,2022-12-29,1610612761,TOR,L,22022,1610612763,MEM,0,0.4411764705882353,0.5882352941176471,0.6060606060606061,0.4117647058823529
0022200528,2022-12-29,1610612742,DAL,W,22022,1610612745,HOU,1,0.5428571428571428,0.7368421052631579,0.29411764705882354,0.2222222222222222
0022200537,2022-12-30,1610612758,SAC,W,22022,1610612762,UTA,1,0.5454545454545454,0.5882352941176471,0.5135135135135135,0.35
0022200535,2022-12-30,1610612743,DEN,W,22022,1610612748,MIA,1,0.6470588235294118,0.8,0.5142857142857142,0.4375
0022200531,2022-12-30,1610612761,TOR,W,22022,1610612756,PHX,1,0.42857142857142855,0.5555555555555556,0.5555555555555556,0.35294117647058826
0022200534,2022-12-30,1610612740,NOP,W,22022,1610612755,PHI,1,0.6470588235294118,0.7894736842105263,0.6060606060606061,0.42857142857142855
0022200530,2022-12-30,1610612737,ATL,L,22022,1610612747,LAL,0,0.4857142857142857,0.6111111111111112,0.4,0.3157894736842105
0022200536,2022-12-30,1610612744,GSW,W,22022,1610612757,POR,1,0.5,0.8823529411764706,0.5294117647058824,0.5
0022200533,2022-12-30,1610612749,MIL,W,22022,1610612750,MIN,1,0.6470588235294118,0.8235294117647058,0.45714285714285713,0.3888888888888889
0022200529,2022-12-30,1610612753,ORL,L,22022,1610612764,WAS,0,0.3611111111111111,0.47368421052631576,0.4166666666666667,0.2631578947368421
0022200532,2022-12-30,1610612741,CHI,W,22022,1610612765,DET,1,0.4411764705882353,0.5,0.24324324324324326,0.21052631578947367
0022200542,2022-12-31,1610612759,SAS,L,22022,1610612742,DAL,0,0.34285714285714286,0.3684210526315789,0.5555555555555556,0.3125
0022200543,2022-12-31,1610612763,MEM,W,22022,1610612740,NOP,1,0.6176470588235294,0.8125,0.6571428571428571,0.4666666666666667
0022200546,2022-12-31,1610612762,UTA,L,22022,1610612748,MIA,0,0.5,0.7058823529411765,0.5,0.4117647058823529
0022200539,2022-12-31,1610612766,CHA,L,22022,1610612751,BKN,0,0.2777777777777778,0.3125,0.6571428571428571,0.6111111111111112
0022200538,2022-12-31,1610612754,IND,W,22022,1610612746,LAC,1,0.5277777777777778,0.6111111111111112,0.5675675675675675,0.5263157894736842
0022200540,2022-12-31,1610612741,CHI,L,22022,1610612739,CLE,0,0.45714285714285713,0.5294117647058824,0.6111111111111112,0.375
0022200545,2022-12-31,1610612760,OKC,L,22022,1610612755,PHI,0,0.42857142857142855,0.5555555555555556,0.5882352941176471,0.4
0022200544,2022-12-31,1610612750,MIN,L,22022,1610612765,DET,0,0.4444444444444444,0.5294117647058824,0.23684210526315788,0.2
0022200541,2022-12-31,1610612745,HOU,L,22022,1610612752,NYK,0,0.2857142857142857,0.375,0.5,0.5555555555555556
0022200547,2023-01-01,1610612763,MEM,W,22022,1610612758,SAC,1,0.6285714285714286,0.8235294117647058,0.5588235294117647,0.5
0022200549,2023-01-01,1610612743,DEN,W,22022,1610612738,BOS,1,0.6571428571428571,0.8125,0.7222222222222222,0.6875
0022200548,2023-01-01,1610612749,MIL,L,22022,1610612764,WAS,0,0.6571428571428571,0.8333333333333334,0.43243243243243246,0.3
0022200550,2023-01-02,1610612752,NYK,W,22022,1610612756,PHX,1,0.5135135135135135,0.4444444444444444,0.5405405405405406,0.3333333333333333
0022200553,2023-01-02,1610612754,IND,W,22022,1610612761,TOR,1,0.5405405405405406,0.631578947368421,0.4444444444444444,0.29411764705882354
0022200554,2023-01-02,1610612755,PHI,W,22022,1610612740,NOP,1,0.6,0.7368421052631579,0.6388888888888888,0.4375
0022200555,2023-01-02,1610612751,BKN,W,22022,1610612759,SAS,1,0.6666666666666666,0.7058823529411765,0.3333333333333333,0.3125
0022200552,2023-01-02,1610612739,CLE,W,22022,1610612741,CHI,1,0.6216216216216216,0.8,0.4444444444444444,0.3888888888888889
0022200551,2023-01-02,1610612766,CHA,L,22022,1610612747,LAL,0,0.2702702702702703,0.29411764705882354,0.4166666666666667,0.35
0022200558,2023-01-02,1610612744,GSW,W,22022,1610612737,ATL,1,0.5135135135135135,0.8888888888888888,0.4722222222222222,0.35294117647058826
0022200560,2023-01-02,1610612746,LAC,L,22022,1610612748,MIA,0,0.5526315789473685,0.6111111111111112,0.5135135135135135,0.4444444444444444
0022200556,2023-01-02,1610612745,HOU,L,22022,1610612742,DAL,0,0.2777777777777778,0.35294117647058826,0.5675675675675675,0.35294117647058826
0022200559,2023-01-02,1610612757,POR,W,22022,1610612765,DET,1,0.5142857142857142,0.5714285714285714,0.2564102564102564,0.23809523809523808
0022200557,2023-01-02,1610612750,MIN,W,22022,1610612743,DEN,1,0.43243243243243246,0.5,0.6666666666666666,0.5263157894736842
0022200563,2023-01-03,1610612762,UTA,L,22022,1610612758,SAC,0,0.48717948717948717,0.6666666666666666,0.5428571428571428,0.47058823529411764
0022200562,2023-01-03,1610612760,OKC,W,22022,1610612738,BOS,1,0.4166666666666667,0.5263157894736842,0.7027027027027027,0.6470588235294118
0022200561,2023-01-03,1610612749,MIL,W,22022,1610612764,WAS,1,0.6388888888888888,0.7894736842105263,0.4473684210526316,0.3333333333333333
0022200570,2023-01-04,1610612741,CHI,W,22022,1610612751,BKN,1,0.43243243243243246,0.5,0.6756756756756757,0.631578947368421
0022200573,2023-01-04,1610612744,GSW,L,22022,1610612765,DET,0,0.5263157894736842,0.8947368421052632,0.25,0.22727272727272727
0022200567,2023-01-04,1610612755,PHI,W,22022,1610612754,IND,1,0.6111111111111112,0.75,0.5526315789473685,0.4444444444444444
0022200564,2023-01-04,1610612766,CHA,L,22022,1610612763,MEM,0,0.2631578947368421,0.2777777777777778,0.6388888888888888,0.4444444444444444
0022200572,2023-01-04,1610612740,NOP,W,22022,1610612745,HOU,1,0.6216216216216216,0.8,0.2702702702702703,0.21052631578947367
0022200571,2023-01-04,1610612750,MIN,W,22022,1610612757,POR,1,0.4473684210526316,0.5263157894736842,0.5277777777777778,0.47619047619047616
0022200566,2023-01-04,1610612753,ORL,W,22022,1610612760,OKC,1,0.35135135135135137,0.45,0.43243243243243246,0.29411764705882354
0022200574,2023-01-04,1610612747,LAL,W,22022,1610612748,MIA,1,0.43243243243243246,0.5,0.5263157894736842,0.47368421052631576
0022200568,2023-01-04,1610612752,NYK,W,22022,1610612759,SAS,1,0.5263157894736842,0.47368421052631576,0.32432432432432434,0.29411764705882354
0022200565,2023-01-04,1610612739,CLE,W,22022,1610612756,PHX,1,0.631578947368421,0.8095238095238095,0.5263157894736842,0.3157894736842105
0022200569,2023-01-04,1610612761,TOR,L,22022,1610612749,MIL,0,0.43243243243243246,0.5789473684210527,0.6486486486486487,0.47058823529411764
0022200575,2023-01-04,1610612758,SAC,L,22022,1610612737,ATL,0,0.5555555555555556,0.6111111111111112,0.4594594594594595,0.3333333333333333
0022200577,2023-01-05,1610612742,DAL,L,22022,1610612738,BOS,0,0.5789473684210527,0.75,0.6842105263157895,0.6111111111111112
0022200576,2023-01-05,1610612753,ORL,L,22022,1610612763,MEM,0,0.3684210526315789,0.47619047619047616,0.6486486486486487,0.47368421052631576
0022200578,2023-01-05,1610612745,HOU,L,22022,1610612762,UTA,0,0.2631578947368421,0.3333333333333333,0.475,0.3333333333333333
0022200579,2023-01-05,1610612743,DEN,W,22022,1610612746,LAC,1,0.6486486486486487,0.8235294117647058,0.5384615384615384,0.5
0022200582,2023-01-06,1610612761,TOR,L,22022,1610612752,NYK,0,0.42105263157894735,0.55,0.5384615384615384,0.5789473684210527
0022200580,2023-01-06,1610612754,IND,W,22022,1610612757,POR,1,0.5384615384615384,0.65,0.5135135135135135,0.45454545454545453
0022200581,2023-01-06,1610612755,PHI,L,22022,1610612741,CHI,0,0.6216216216216216,0.7619047619047619,0.4473684210526316,0.3684210526315789
0022200590,2023-01-06,1610612747,LAL,W,22022,1610612737,ATL,1,0.4473684210526316,0.5294117647058824,0.47368421052631576,0.3684210526315789
0022200588,2023-01-06,1610612743,DEN,W,22022,1610612739,CLE,1,0.6578947368421053,0.8333333333333334,0.6410256410256411,0.4117647058823529
0022200587,2023-01-06,1610612750,MIN,W,22022,1610612746,LAC,1,0.46153846153846156,0.55,0.525,0.47619047619047616
0022200585,2023-01-06,1610612759,SAS,W,22022,1610612765,DET,1,0.3157894736842105,0.35,0.2682926829268293,0.2608695652173913
0022200584,2023-01-06,1610612760,OKC,W,22022,1610612764,WAS,1,0.42105263157894735,0.55,0.4358974358974359,0.3181818181818182
0022200589,2023-01-06,1610612756,PHX,L,22022,1610612748,MIA,0,0.5128205128205128,0.7368421052631579,0.5128205128205128,0.45
0022200586,2023-01-06,1610612740,NOP,L,22022,1610612751,BKN,0,0.631578947368421,0.8095238095238095,0.6578947368421053,0.6
0022200583,2023-01-06,1610612749,MIL,L,22022,1610612766,CHA,0,0.6578947368421053,0.8,0.2564102564102564,0.25
0022200593,2023-01-07,1610612742,DAL,W,22022,1610612740,NOP,1,0.5641025641025641,0.7142857142857143,0.6153846153846154,0.4117647058823529
0022200594,2023-01-07,1610612744,GSW,L,22022,1610612753,ORL,0,0.5128205128205128,0.85,0.358974358974359,0.23529411764705882
0022200591,2023-01-07,1610612759,SAS,L,22022,1610612738,BOS,0,0.3333333333333333,0.38095238095238093,0.6923076923076923,0.631578947368421
0022200592,2023-01-07,1610612741,CHI,W,22022,1610612762,UTA,1,0.46153846153846156,0.5263157894736842,0.4878048780487805,0.36363636363636365
0022200595,2023-01-07,1610612758,SAC,L,22022,1610612747,LAL,0,0.5405405405405406,0.5789473684210527,0.46153846153846156,0.38095238095238093
0022200596,2023-01-08,1610612765,DET,L,22022,1610612755,PHI,0,0.2619047619047619,0.2777777777777778,0.6052631578947368,0.4375
0022200602,2023-01-08,1610612760,OKC,W,22022,1610612742,DAL,1,0.4358974358974359,0.5714285714285714,0.575,0.3888888888888889
0022200597,2023-01-08,1610612761,TOR,W,22022,1610612757,POR,1,0.41025641025641024,0.5238095238095238,0.5,0.43478260869565216
0022200598,2023-01-08,1610612754,IND,W,22022,1610612766,CHA,1,0.55,0.6666666666666666,0.275,0.2857142857142857
0022200604,2023-01-08,1610612746,LAC,L,22022,1610612737,ATL,0,0.5121951219512195,0.5789473684210527,0.46153846153846156,0.35
0022200601,2023-01-08,1610612745,HOU,L,22022,1610612750,MIN,0,0.2564102564102564,0.3157894736842105,0.475,0.3684210526315789
0022200599,2023-01-08,1610612748,MIA,L,22022,1610612751,BKN,0,0.525,0.5789473684210527,0.6666666666666666,0.6190476190476191
0022200603,2023-01-08,1610612756,PHX,L,22022,1610612739,CLE,0,0.5,0.7,0.625,0.3888888888888889
0022200600,2023-01-08,1610612763,MEM,W,22022,1610612762,UTA,1,0.6578947368421053,0.8333333333333334,0.47619047619047616,0.34782608695652173
0022200609,2023-01-09,1610612743,DEN,W,22022,1610612747,LAL,1,0.6666666666666666,0.8421052631578947,0.475,0.4090909090909091
0022200606,2023-01-09,1610612738,BOS,W,22022,1610612741,CHI,1,0.7,0.75,0.475,0.4
0022200607,2023-01-09,1610612752,NYK,L,22022,1610612749,MIL,0,0.55,0.5,0.6410256410256411,0.5
0022200605,2023-01-09,1610612764,WAS,L,22022,1610612740,NOP,0,0.425,0.5882352941176471,0.6,0.3888888888888889
0022200610,2023-01-09,1610612758,SAC,W,22022,1610612753,ORL,1,0.5263157894736842,0.55,0.375,0.2777777777777778
0022200608,2023-01-09,1610612763,MEM,W,22022,1610612759,SAS,1,0.6666666666666666,0.8421052631578947,0.325,0.2777777777777778
0022200611,2023-01-10,1610612748,MIA,W,22022,1610612760,OKC,1,0.5121951219512195,0.55,0.45,0.2777777777777778
0022200616,2023-01-10,1610612757,POR,L,22022,1610612753,ORL,0,0.48717948717948717,0.6,0.36585365853658536,0.2631578947368421
0022200614,2023-01-10,1610612762,UTA,W,22022,1610612739,CLE,1,0.46511627906976744,0.631578947368421,0.6341463414634146,0.42105263157894735
0022200613,2023-01-10,1610612761,TOR,W,22022,1610612766,CHA,1,0.425,0.5454545454545454,0.2682926829268293,0.2727272727272727
0022200612,2023-01-10,1610612755,PHI,W,22022,1610612765,DET,1,0.6153846153846154,0.7272727272727273,0.2558139534883721,0.25
0022200617,2023-01-10,1610612746,LAC,W,22022,1610612742,DAL,1,0.5,0.55,0.5609756097560976,0.3684210526315789
0022200615,2023-01-10,1610612744,GSW,L,22022,1610612756,PHX,0,0.5,0.8095238095238095,0.4878048780487805,0.3
0022200624,2023-01-11,1610612743,DEN,W,22022,1610612756,PHX,1,0.675,0.85,0.5,0.3333333333333333
0022200623,2023-01-11,1610612763,MEM,W,22022,1610612759,SAS,1,0.675,0.85,0.3170731707317073,0.2631578947368421
0022200621,2023-01-11,1610612738,BOS,W,22022,1610612740,NOP,1,0.7073170731707317,0.7619047619047619,0.6097560975609756,0.42105263157894735
0022200620,2023-01-11,1610612737,ATL,L,22022,1610612749,MIL,0,0.475,0.5789473684210527,0.65,0.5263157894736842
0022200618,2023-01-11,1610612765,DET,W,22022,1610612750,MIN,1,0.25,0.2631578947368421,0.4878048780487805,0.4
0022200625,2023-01-11,1610612758,SAC,W,22022,1610612745,HOU,1,0.5384615384615384,0.5714285714285714,0.25,0.2
0022200622,2023-01-11,1610612752,NYK,W,22022,1610612754,IND,1,0.5365853658536586,0.47619047619047616,0.5609756097560976,0.42105263157894735
0022200619,2023-01-11,1610612764,WAS,W,22022,1610612741,CHI,1,0.4146341463414634,0.5555555555555556,0.4634146341463415,0.38095238095238093
0022200626,2023-01-12,1610612755,PHI,L,22022,1610612760,OKC,0,0.625,0.7391304347826086,0.43902439024390244,0.2631578947368421
0022200627,2023-01-12,1610612751,BKN,L,22022,1610612738,BOS,0,0.675,0.7222222222222222,0.7142857142857143,0.65
0022200630,2023-01-12,1610612747,LAL,L,22022,1610612742,DAL,0,0.4634146341463415,0.5555555555555556,0.5476190476190477,0.35
0022200629,2023-01-12,1610612761,TOR,W,22022,1610612766,CHA,1,0.43902439024390244,0.5652173913043478,0.2619047619047619,0.2608695652173913
0022200628,2023-01-12,1610612748,MIA,W,22022,1610612749,MIL,1,0.5238095238095238,0.5714285714285714,0.6585365853658537,0.55
0022200631,2023-01-12,1610612757,POR,L,22022,1610612739,CLE,0,0.475,0.5625,0.6190476190476191,0.4
0022200638,2023-01-13,1610612762,UTA,W,22022,1610612753,ORL,1,0.4772727272727273,0.65,0.38095238095238093,0.3
0022200640,2023-01-13,1610612758,SAC,W,22022,1610612745,HOU,1,0.55,0.5909090909090909,0.24390243902439024,0.19047619047619047
0022200633,2023-01-13,1610612754,IND,L,22022,1610612737,ATL,0,0.5476190476190477,0.6818181818181818,0.4634146341463415,0.38095238095238093
0022200632,2023-01-13,1610612765,DET,L,22022,1610612740,NOP,0,0.26666666666666666,0.3,0.5952380952380952,0.4
0022200634,2023-01-13,1610612764,WAS,L,22022,1610612752,NYK,0,0.42857142857142855,0.5789473684210527,0.5476190476190477,0.6
0022200636,2023-01-13,1610612741,CHI,L,22022,1610612760,OKC,0,0.4523809523809524,0.55,0.4523809523809524,0.3
0022200639,2023-01-13,1610612746,LAC,L,22022,1610612743,DEN,0,0.5116279069767442,0.5714285714285714,0.6829268292682927,0.5
0022200635,2023-01-13,1610612759,SAS,L,22022,1610612744,GSW,0,0.30952380952380953,0.36363636363636365,0.4878048780487805,0.15789473684210525
0022200637,2023-01-13,1610612750,MIN,W,22022,1610612756,PHX,1,0.47619047619047616,0.5714285714285714,0.4883720930232558,0.3181818181818182
0022200646,2023-01-14,1610612762,UTA,L,22022,1610612755,PHI,0,0.4888888888888889,0.6666666666666666,0.6097560975609756,0.47058823529411764
0022200643,2023-01-14,1610612754,IND,L,22022,1610612763,MEM,0,0.5348837209302325,0.6521739130434783,0.6829268292682927,0.5
0022200647,2023-01-14,1610612757,POR,W,22022,1610612742,DAL,1,0.4634146341463415,0.5294117647058824,0.5581395348837209,0.38095238095238093
0022200641,2023-01-14,1610612748,MIA,W,22022,1610612749,MIL,1,0.5348837209302325,0.5909090909090909,0.6428571428571429,0.5238095238095238
0022200644,2023-01-14,1610612761,TOR,L,22022,1610612737,ATL,0,0.4523809523809524,0.5833333333333334,0.47619047619047616,0.4090909090909091
0022200642,2023-01-14,1610612766,CHA,L,22022,1610612738,BOS,0,0.2558139534883721,0.2631578947368421,0.7209302325581395,0.6666666666666666
0022200645,2023-01-14,1610612750,MIN,W,22022,1610612739,CLE,1,0.4883720930232558,0.5909090909090909,0.627906976744186,0.42857142857142855
0022200654,2023-01-15,1610612757,POR,W,22022,1610612742,DAL,1,0.47619047619047616,0.5555555555555556,0.5454545454545454,0.36363636363636365
0022200651,2023-01-15,1610612751,BKN,L,22022,1610612760,OKC,0,0.6585365853658537,0.6842105263157895,0.46511627906976744,0.3333333333333333
0022200648,2023-01-15,1610612765,DET,L,22022,1610612752,NYK,0,0.2608695652173913,0.2857142857142857,0.5581395348837209,0.6190476190476191
0022200653,2023-01-15,1610612743,DEN,W,22022,1610612753,ORL,1,0.6904761904761905,0.8571428571428571,0.37209302325581395,0.2857142857142857
0022200655,2023-01-15,1610612747,LAL,L,22022,1610612755,PHI,0,0.4523809523809524,0.5263157894736842,0.6190476190476191,0.5
0022200652,2023-01-15,1610612759,SAS,L,22022,1610612758,SAC,0,0.3023255813953488,0.34782608695652173,0.5609756097560976,0.5
0022200650,2023-01-15,1610612741,CHI,W,22022,1610612744,GSW,1,0.4418604651162791,0.5238095238095238,0.5,0.2
0022200649,2023-01-15,1610612746,LAC,W,22022,1610612745,HOU,1,0.5,0.5454545454545454,0.23809523809523808,0.18181818181818182
0022200656,2023-01-16,1610612766,CHA,L,22022,1610612738,BOS,0,0.25,0.25,0.7272727272727273,0.6818181818181818
0022200664,2023-01-16,1610612747,LAL,W,22022,1610612745,HOU,1,0.4418604651162791,0.5,0.23255813953488372,0.17391304347826086
0022200663,2023-01-16,1610612763,MEM,W,22022,1610612756,PHX,1,0.6904761904761905,0.8571428571428571,0.4772727272727273,0.30434782608695654
0022200660,2023-01-16,1610612764,WAS,L,22022,1610612744,GSW,0,0.4186046511627907,0.55,0.4883720930232558,0.19047619047619047
0022200661,2023-01-16,1610612737,ATL,W,22022,1610612748,MIA,1,0.4883720930232558,0.55,0.5454545454545454,0.47619047619047616
0022200658,2023-01-16,1610612739,CLE,W,22022,1610612740,NOP,1,0.6136363636363636,0.8181818181818182,0.6046511627906976,0.42857142857142855
0022200659,2023-01-16,1610612752,NYK,L,22022,1610612761,TOR,0,0.5681818181818182,0.5,0.4418604651162791,0.2777777777777778
0022200662,2023-01-16,1610612750,MIN,L,22022,1610612762,UTA,0,0.5,0.6086956521739131,0.4782608695652174,0.3333333333333333
0022200657,2023-01-16,1610612749,MIL,W,22022,1610612754,IND,1,0.627906976744186,0.7619047619047619,0.5227272727272727,0.4
0022200667,2023-01-17,1610612743,DEN,W,22022,1610612757,POR,1,0.6976744186046512,0.8636363636363636,0.4883720930232558,0.4166666666666667
0022200668,2023-01-17,1610612746,LAC,L,22022,1610612755,PHI,0,0.5111111111111111,0.5652173913043478,0.627906976744186,0.5263157894736842
0022200666,2023-01-17,1610612759,SAS,W,22022,1610612751,BKN,1,0.29545454545454547,0.3333333333333333,0.6428571428571429,0.6363636363636364
0022200665,2023-01-17,1610612749,MIL,W,22022,1610612761,TOR,1,0.6363636363636364,0.7727272727272727,0.45454545454545453,0.3157894736842105
0022200672,2023-01-18,1610612763,MEM,W,22022,1610612739,CLE,1,0.6976744186046512,0.8636363636363636,0.6222222222222222,0.4090909090909091
0022200669,2023-01-18,1610612752,NYK,L,22022,1610612764,WAS,0,0.5555555555555556,0.4782608695652174,0.4090909090909091,0.30434782608695654
0022200676,2023-01-18,1610612743,DEN,W,22022,1610612750,MIN,1,0.7045454545454546,0.8695652173913043,0.4888888888888889,0.38095238095238093
0022200675,2023-01-18,1610612762,UTA,W,22022,1610612746,LAC,1,0.48936170212765956,0.6363636363636364,0.5,0.45454545454545453
0022200674,2023-01-18,1610612760,OKC,W,22022,1610612754,IND,1,0.4772727272727273,0.5909090909090909,0.5111111111111111,0.38095238095238093
0022200673,2023-01-18,1610612740,NOP,L,22022,1610612748,MIA,0,0.5909090909090909,0.7727272727272727,0.5333333333333333,0.45454545454545453
0022200671,2023-01-18,1610612745,HOU,L,22022,1610612766,CHA,0,0.22727272727272727,0.3,0.24444444444444444,0.25
0022200670,2023-01-18,1610612742,DAL,L,22022,1610612737,ATL,0,0.5333333333333333,0.7272727272727273,0.5,0.43478260869565216
0022200677,2023-01-18,1610612747,LAL,L,22022,1610612758,SAC,0,0.45454545454545453,0.5238095238095238,0.5714285714285714,0.5263157894736842
0022200679,2023-01-19,1610612738,BOS,W,22022,1610612744,GSW,1,0.7333333333333333,0.7727272727272727,0.5,0.22727272727272727
0022200678,2023-01-19,1610612765,DET,L,22022,1610612741,CHI,0,0.2553191489361702,0.2727272727272727,0.45454545454545453,0.36363636363636365
0022200682,2023-01-19,1610612757,POR,L,22022,1610612755,PHI,0,0.4772727272727273,0.5789473684210527,0.6363636363636364,0.55
0022200680,2023-01-19,1610612750,MIN,W,22022,1610612761,TOR,1,0.4782608695652174,0.5833333333333334,0.4444444444444444,0.3
0022200681,2023-01-19,1610612756,PHX,W,22022,1610612751,BKN,1,0.4666666666666667,0.6666666666666666,0.627906976744186,0.6086956521739131
0022200684,2023-01-20,1610612737,ATL,W,22022,1610612752,NYK,1,0.5111111111111111,0.5714285714285714,0.5434782608695652,0.6363636363636364
0022200690,2023-01-20,1610612747,LAL,W,22022,1610612763,MEM,1,0.4444444444444444,0.5,0.7045454545454546,0.5238095238095238
0022200689,2023-01-20,1610612762,UTA,L,22022,1610612751,BKN,0,0.5,0.6521739130434783,0.6136363636363636,0.5833333333333334
0022200685,2023-01-20,1610612739,CLE,L,22022,1610612744,GSW,0,0.6086956521739131,0.8260869565217391,0.4888888888888889,0.21739130434782608
0022200688,2023-01-20,1610612743,DEN,W,22022,1610612754,IND,1,0.7111111111111111,0.875,0.5,0.36363636363636365
0022200683,2023-01-20,1610612753,ORL,W,22022,1610612740,NOP,1,0.36363636363636365,0.45454545454545453,0.5777777777777777,0.4090909090909091
0022200686,2023-01-20,1610612742,DAL,W,22022,1610612748,MIA,1,0.5217391304347826,0.6956521739130435,0.5434782608695652,0.4782608695652174
0022200687,2023-01-20,1610612759,SAS,L,22022,1610612746,LAC,0,0.3111111111111111,0.36,0.48936170212765956,0.43478260869565216
0022200691,2023-01-20,1610612758,SAC,W,22022,1610612760,OKC,1,0.5813953488372093,0.6086956521739131,0.4888888888888889,0.36363636363636365
0022200695,2023-01-21,1610612739,CLE,W,22022,1610612749,MIL,1,0.5957446808510638,0.7916666666666666,0.6444444444444445,0.5
0022200693,2023-01-21,1610612764,WAS,W,22022,1610612753,ORL,1,0.4222222222222222,0.5238095238095238,0.37777777777777777,0.2727272727272727
0022200694,2023-01-21,1610612737,ATL,L,22022,1610612766,CHA,0,0.5217391304347826,0.5909090909090909,0.2608695652173913,0.28
0022200697,2023-01-21,1610612756,PHX,W,22022,1610612754,IND,1,0.4782608695652174,0.6818181818181818,0.48936170212765956,0.34782608695652173
0022200692,2023-01-21,1610612761,TOR,L,22022,1610612738,BOS,0,0.43478260869565216,0.56,0.7391304347826086,0.6956521739130435
0022200696,2023-01-21,1610612750,MIN,W,22022,1610612745,HOU,1,0.48936170212765956,0.6,0.2222222222222222,0.16666666666666666
0022200698,2023-01-21,1610612758,SAC,L,22022,1610612755,PHI,0,0.5909090909090909,0.625,0.6444444444444445,0.5714285714285714
0022200703,2023-01-22,1610612756,PHX,W,22022,1610612763,MEM,1,0.48936170212765956,0.6956521739130435,0.6888888888888889,0.5
0022200705,2023-01-22,1610612757,POR,L,22022,1610612747,LAL,0,0.4666666666666667,0.55,0.45652173913043476,0.391304347826087
0022200701,2023-01-22,1610612742,DAL,L,22022,1610612746,LAC,0,0.5319148936170213,0.7083333333333334,0.5,0.4583333333333333
0022200699,2023-01-22,1610612748,MIA,W,22022,1610612740,NOP,1,0.5319148936170213,0.6086956521739131,0.5652173913043478,0.391304347826087
0022200702,2023-01-22,1610612743,DEN,L,22022,1610612760,OKC,0,0.717391304347826,0.88,0.4782608695652174,0.34782608695652173
0022200700,2023-01-22,1610612761,TOR,W,22022,1610612752,NYK,1,0.425531914893617,0.5384615384615384,0.5319148936170213,0.6086956521739131
0022200704,2023-01-22,1610612744,GSW,L,22022,1610612751,BKN,0,0.5,0.7727272727272727,0.6222222222222222,0.6
0022200711,2023-01-23,1610612757,POR,W,22022,1610612759,SAS,1,0.45652173913043476,0.5238095238095238,0.30434782608695654,0.25
0022200708,2023-01-23,1610612741,CHI,W,22022,1610612737,ATL,1,0.4666666666666667,0.5454545454545454,0.5106382978723404,0.4583333333333333
0022200709,2023-01-23,1610612745,HOU,W,22022,1610612750,MIN,1,0.21739130434782608,0.2857142857142857,0.5,0.36363636363636365
0022200706,2023-01-23,1610612765,DET,L,22022,1610612749,MIL,0,0.25,0.2608695652173913,0.6304347826086957,0.4782608695652174
0022200712,2023-01-23,1610612758,SAC,W,22022,1610612763,MEM,1,0.5777777777777777,0.6,0.6739130434782609,0.4782608695652174
0022200710,2023-01-23,1610612762,UTA,W,22022,1610612766,CHA,1,0.4897959183673469,0.625,0.2765957446808511,0.3076923076923077
0022200707,2023-01-23,1610612753,ORL,W,22022,1610612738,BOS,1,0.3695652173913043,0.4782608695652174,0.7446808510638298,0.7083333333333334
0022200717,2023-01-24,1610612742,DAL,L,22022,1610612764,WAS,0,0.5208333333333334,0.68,0.43478260869565216,0.3333333333333333
0022200713,2023-01-24,1610612754,IND,W,22022,1610612741,CHI,1,0.4791666666666667,0.625,0.4782608695652174,0.391304347826087
0022200714,2023-01-24,1610612748,MIA,W,22022,1610612738,BOS,1,0.5416666666666666,0.625,0.7291666666666666,0.68
0022200719,2023-01-24,1610612747,LAL,L,22022,1610612746,LAC,0,0.46808510638297873,0.5217391304347826,0.5102040816326531,0.48
0022200716,2023-01-24,1610612740,NOP,L,22022,1610612743,DEN,0,0.5531914893617021,0.7391304347826086,0.7021276595744681,0.5238095238095238
0022200718,2023-01-24,1610612756,PHX,W,22022,1610612766,CHA,1,0.5,0.7083333333333334,0.2708333333333333,0.2962962962962963
0022200715,2023-01-24,1610612752,NYK,W,22022,1610612739,CLE,1,0.5208333333333334,0.4583333333333333,0.6041666666666666,0.391304347826087
0022200728,2023-01-25,1610612758,SAC,L,22022,1610612761,TOR,0,0.5869565217391305,0.6153846153846154,0.4375,0.2857142857142857
0022200729,2023-01-25,1610612747,LAL,W,22022,1610612759,SAS,1,0.4583333333333333,0.5,0.2978723404255319,0.23809523809523808
0022200722,2023-01-25,1610612745,HOU,L,22022,1610612764,WAS,0,0.23404255319148937,0.3181818181818182,0.44680851063829785,0.36
0022200724,2023-01-25,1610612740,NOP,L,22022,1610612750,MIN,0,0.5416666666666666,0.7083333333333334,0.4897959183673469,0.34782608695652173
0022200727,2023-01-25,1610612757,POR,W,22022,1610612762,UTA,1,0.46808510638297873,0.5454545454545454,0.5,0.36
0022200720,2023-01-25,1610612753,ORL,W,22022,1610612754,IND,1,0.3829787234042553,0.5,0.4897959183673469,0.3333333333333333
0022200725,2023-01-25,1610612760,OKC,L,22022,1610612737,ATL,0,0.48936170212765956,0.6086956521739131,0.5,0.44
0022200726,2023-01-25,1610612744,GSW,W,22022,1610612763,MEM,1,0.48936170212765956,0.7391304347826086,0.6595744680851063,0.4583333333333333
0022200721,2023-01-25,1610612755,PHI,W,22022,1610612751,BKN,1,0.6521739130434783,0.7083333333333334,0.6304347826086957,0.6153846153846154
0022200723,2023-01-25,1610612749,MIL,W,22022,1610612743,DEN,1,0.6382978723404256,0.782608695652174,0.7083333333333334,0.5454545454545454
0022200734,2023-01-26,1610612756,PHX,L,22022,1610612742,DAL,0,0.5102040816326531,0.72,0.5102040816326531,0.34782608695652173
0022200731,2023-01-26,1610612751,BKN,L,22022,1610612765,DET,0,0.6170212765957447,0.65,0.24489795918367346,0.24
0022200732,2023-01-26,1610612766,CHA,W,22022,1610612741,CHI,1,0.2653061224489796,0.23809523809523808,0.46808510638297873,0.375
0022200735,2023-01-26,1610612746,LAC,W,22022,1610612759,SAS,1,0.52,0.5416666666666666,0.2916666666666667,0.22727272727272727
0022200730,2023-01-26,1610612738,BOS,L,22022,1610612752,NYK,0,0.7142857142857143,0.782608695652174,0.5306122448979592,0.5833333333333334
0022200733,2023-01-26,1610612745,HOU,L,22022,1610612739,CLE,0,0.22916666666666666,0.30434782608695654,0.5918367346938775,0.375
0022200739,2023-01-27,1610612760,OKC,W,22022,1610612739,CLE,1,0.4791666666666667,0.5833333333333334,0.6,0.4
0022200737,2023-01-27,1610612750,MIN,W,22022,1610612763,MEM,1,0.5,0.6153846153846154,0.6458333333333334,0.44
0022200736,2023-01-27,1610612754,IND,L,22022,1610612749,MIL,0,0.48,0.64,0.6458333333333334,0.5
0022200738,2023-01-27,1610612748,MIA,W,22022,1610612753,ORL,1,0.5510204081632653,0.64,0.3958333333333333,0.2608695652173913
0022200740,2023-01-27,1610612744,GSW,W,22022,1610612761,TOR,1,0.5,0.75,0.4489795918367347,0.3181818181818182
0022200749,2023-01-28,1610612738,BOS,W,22022,1610612747,LAL,1,0.7,0.75,0.46938775510204084,0.4166666666666667
0022200751,2023-01-28,1610612757,POR,L,22022,1610612761,TOR,0,0.4791666666666667,0.5652173913043478,0.44,0.30434782608695654
0022200746,2023-01-28,1610612750,MIN,W,22022,1610612758,SAC,1,0.5098039215686274,0.6296296296296297,0.574468085106383,0.55
0022200742,2023-01-28,1610612751,BKN,W,22022,1610612752,NYK,1,0.6041666666666666,0.6190476190476191,0.54,0.6
0022200750,2023-01-28,1610612762,UTA,W,22022,1610612742,DAL,1,0.49019607843137253,0.64,0.52,0.375
0022200741,2023-01-28,1610612755,PHI,W,22022,1610612743,DEN,1,0.6595744680851063,0.72,0.6938775510204082,0.5217391304347826
0022200748,2023-01-28,1610612759,SAS,L,22022,1610612756,PHX,0,0.2857142857142857,0.34615384615384615,0.5,0.2916666666666667
0022200743,2023-01-28,1610612765,DET,L,22022,1610612745,HOU,0,0.26,0.25,0.22448979591836735,0.16
0022200747,2023-01-28,1610612740,NOP,L,22022,1610612764,WAS,0,0.5306122448979592,0.68,0.4583333333333333,0.38461538461538464
0022200744,2023-01-28,1610612753,ORL,L,22022,1610612741,CHI,0,0.3877551020408163,0.52,0.4583333333333333,0.36
0022200745,2023-01-28,1610612737,ATL,L,22022,1610612746,LAC,0,0.5102040816326531,0.5652173913043478,0.5294117647058824,0.5
0022200755,2023-01-29,1610612749,MIL,W,22022,1610612740,NOP,1,0.6530612244897959,0.7916666666666666,0.52,0.375
0022200752,2023-01-29,1610612766,CHA,W,22022,1610612748,MIA,1,0.28,0.2727272727272727,0.56,0.4583333333333333
0022200753,2023-01-29,1610612763,MEM,W,22022,1610612754,IND,1,0.6326530612244898,0.8695652173913043,0.47058823529411764,0.32
0022200754,2023-01-29,1610612739,CLE,W,22022,1610612746,LAC,1,0.5882352941176471,0.8,0.5384615384615384,0.5185185185185185
0022200756,2023-01-30,1610612755,PHI,L,22022,1610612753,ORL,0,0.6666666666666666,0.7307692307692307,0.38,0.25
0022200761,2023-01-30,1610612742,DAL,W,22022,1610612765,DET,1,0.5098039215686274,0.6538461538461539,0.2549019607843137,0.2692307692307692
0022200763,2023-01-30,1610612757,POR,W,22022,1610612737,ATL,1,0.46938775510204084,0.5416666666666666,0.5,0.46153846153846156
0022200758,2023-01-30,1610612750,MIN,L,22022,1610612758,SAC,0,0.5192307692307693,0.6428571428571429,0.5625,0.5238095238095238
0022200762,2023-01-30,1610612756,PHX,W,22022,1610612761,TOR,1,0.5098039215686274,0.6923076923076923,0.45098039215686275,0.3333333333333333
0022200757,2023-01-30,1610612751,BKN,W,22022,1610612747,LAL,1,0.6122448979591837,0.6363636363636364,0.46,0.4
0022200760,2023-01-30,1610612759,SAS,L,22022,1610612764,WAS,0,0.28,0.3333333333333333,0.46938775510204084,0.4074074074074074
0022200759,2023-01-30,1610612760,OKC,L,22022,1610612744,GSW,0,0.4897959183673469,0.6,0.5102040816326531,0.25
0022200767,2023-01-31,1610612749,MIL,W,22022,1610612766,CHA,1,0.66,0.8,0.29411764705882354,0.2857142857142857
0022200768,2023-01-31,1610612743,DEN,W,22022,1610612740,NOP,1,0.68,0.8461538461538461,0.5098039215686274,0.36
0022200765,2023-01-31,1610612752,NYK,L,22022,1610612747,LAL,0,0.5294117647058824,0.48,0.45098039215686275,0.38461538461538464
0022200764,2023-01-31,1610612739,CLE,L,22022,1610612748,MIA,0,0.5961538461538461,0.8076923076923077,0.5490196078431373,0.44
0022200766,2023-01-31,1610612741,CHI,L,22022,1610612746,LAC,0,0.46938775510204084,0.5652173913043478,0.5283018867924528,0.5
0022200777,2023-02-01,1610612756,PHX,L,22022,1610612737,ATL,0,0.5192307692307693,0.7037037037037037,0.49019607843137253,0.4444444444444444
0022200771,2023-02-01,1610612763,MEM,L,22022,1610612757,POR,0,0.64,0.875,0.48,0.4
0022200776,2023-02-01,1610612762,UTA,W,22022,1610612761,TOR,1,0.5,0.6538461538461539,0.4423076923076923,0.32
0022200773,2023-02-01,1610612745,HOU,W,22022,1610612760,OKC,1,0.24,0.2916666666666667,0.48,0.375
0022200775,2023-02-01,1610612759,SAS,L,22022,1610612758,SAC,0,0.27450980392156865,0.32142857142857145,0.5714285714285714,0.5454545454545454
0022200772,2023-02-01,1610612738,BOS,W,22022,1610612751,BKN,1,0.7058823529411765,0.76,0.62,0.5925925925925926
0022200774,2023-02-01,1610612750,MIN,W,22022,1610612744,GSW,1,0.5094339622641509,0.6206896551724138,0.52,0.28
0022200770,2023-02-01,1610612755,PHI,W,22022,1610612753,ORL,1,0.6530612244897959,0.7037037037037037,0.39215686274509803,0.28
0022200778,2023-02-02,1610612754,IND,L,22022,1610612747,LAL,0,0.46153846153846156,0.6153846153846154,0.46153846153846156,0.4074074074074074
0022200781,2023-02-02,1610612741,CHI,W,22022,1610612766,CHA,1,0.46,0.5416666666666666,0.28846153846153844,0.27586206896551724
0022200784,2023-02-02,1610612749,MIL,W,22022,1610612746,LAC,1,0.6666666666666666,0.8076923076923077,0.5370370370370371,0.5172413793103449
0022200782,2023-02-02,1610612742,DAL,W,22022,1610612740,NOP,1,0.5192307692307693,0.6666666666666666,0.5,0.34615384615384615
0022200780,2023-02-02,1610612752,NYK,W,22022,1610612748,MIA,1,0.5192307692307693,0.46153846153846156,0.5576923076923077,0.46153846153846156
0022200783,2023-02-02,1610612743,DEN,W,22022,1610612744,GSW,1,0.6862745098039216,0.8518518518518519,0.5098039215686274,0.2692307692307692
0022200779,2023-02-02,1610612739,CLE,W,22022,1610612763,MEM,1,0.5849056603773585,0.7777777777777778,0.6274509803921569,0.4230769230769231
0022200788,2023-02-03,1610612738,BOS,L,22022,1610612756,PHX,0,0.7115384615384616,0.7692307692307693,0.5094339622641509,0.32
0022200790,2023-02-03,1610612750,MIN,L,22022,1610612753,ORL,0,0.5185185185185185,0.6333333333333333,0.38461538461538464,0.2692307692307692
0022200785,2023-02-03,1610612765,DET,W,22022,1610612766,CHA,1,0.25,0.24,0.2830188679245283,0.26666666666666666
0022200791,2023-02-03,1610612759,SAS,L,22022,1610612755,PHI,0,0.2692307692307692,0.3103448275862069,0.66,0.5909090909090909
0022200792,2023-02-03,1610612762,UTA,L,22022,1610612737,ATL,0,0.5094339622641509,0.6666666666666666,0.5,0.4642857142857143
0022200787,2023-02-03,1610612764,WAS,L,22022,1610612757,POR,0,0.48,0.5454545454545454,0.49019607843137253,0.4230769230769231
0022200789,2023-02-03,1610612745,HOU,L,22022,1610612761,TOR,0,0.2549019607843137,0.32,0.4339622641509434,0.3076923076923077
0022200786,2023-02-03,1610612754,IND,W,22022,1610612758,SAC,1,0.4528301886792453,0.5925925925925926,0.58,0.5652173913043478
0022200794,2023-02-04,1610612765,DET,L,22022,1610612756,PHX,0,0.2641509433962264,0.2692307692307692,0.5185185185185185,0.34615384615384615
0022200799,2023-02-04,1610612760,OKC,W,22022,1610612745,HOU,1,0.47058823529411764,0.5769230769230769,0.25,0.19230769230769232
0022200795,2023-02-04,1610612752,NYK,L,22022,1610612746,LAC,0,0.5283018867924528,0.48148148148148145,0.5272727272727272,0.5
0022200797,2023-02-04,1610612749,MIL,W,22022,1610612748,MIA,1,0.6730769230769231,0.8148148148148148,0.5471698113207547,0.4444444444444444
0022200793,2023-02-04,1610612751,BKN,W,22022,1610612764,WAS,1,0.6078431372549019,0.6521739130434783,0.47058823529411764,0.42857142857142855
0022200800,2023-02-04,1610612744,GSW,W,22022,1610612742,DAL,1,0.5,0.76,0.5283018867924528,0.36
0022200801,2023-02-04,1610612743,DEN,W,22022,1610612737,ATL,1,0.6923076923076923,0.8571428571428571,0.5094339622641509,0.4827586206896552
0022200798,2023-02-04,1610612740,NOP,W,22022,1610612747,LAL,1,0.49056603773584906,0.6538461538461539,0.4716981132075472,0.42857142857142855
0022200796,2023-02-04,1610612741,CHI,W,22022,1610612757,POR,1,0.47058823529411764,0.56,0.5,0.4444444444444444
0022200804,2023-02-05,1610612752,NYK,W,22022,1610612755,PHI,1,0.5185185185185185,0.4642857142857143,0.6666666666666666,0.6086956521739131
0022200803,2023-02-05,1610612754,IND,L,22022,1610612739,CLE,0,0.46296296296296297,0.6071428571428571,0.5925925925925926,0.38461538461538464
0022200807,2023-02-05,1610612740,NOP,W,22022,1610612758,SAC,1,0.5,0.6666666666666666,0.5686274509803921,0.5416666666666666
0022200806,2023-02-05,1610612750,MIN,W,22022,1610612743,DEN,1,0.509090909090909,0.6129032258064516,0.6981132075471698,0.5
0022200802,2023-02-05,1610612766,CHA,L,22022,1610612753,ORL,0,0.2777777777777778,0.30434782608695654,0.39622641509433965,0.2962962962962963
0022200805,2023-02-05,1610612763,MEM,L,22022,1610612761,TOR,0,0.6153846153846154,0.84,0.4444444444444444,0.3333333333333333
0022200808,2023-02-06,1610612765,DET,L,22022,1610612738,BOS,0,0.25925925925925924,0.25925925925925924,0.6981132075471698,0.6538461538461539
0022200814,2023-02-06,1610612744,GSW,W,22022,1610612760,OKC,1,0.5094339622641509,0.7692307692307693,0.4807692307692308,0.36
0022200810,2023-02-06,1610612751,BKN,L,22022,1610612746,LAC,0,0.6153846153846154,0.6666666666666666,0.5357142857142857,0.5161290322580645
0022200809,2023-02-06,1610612764,WAS,L,22022,1610612739,CLE,0,0.46153846153846156,0.5217391304347826,0.6,0.4074074074074074
0022200812,2023-02-06,1610612745,HOU,L,22022,1610612758,SAC,0,0.24528301886792453,0.3076923076923077,0.5576923076923077,0.52
0022200811,2023-02-06,1610612741,CHI,W,22022,1610612759,SAS,1,0.4807692307692308,0.5769230769230769,0.2641509433962264,0.21739130434782608
0022200813,2023-02-06,1610612762,UTA,L,22022,1610612742,DAL,0,0.5,0.6428571428571429,0.5185185185185185,0.34615384615384615
0022200815,2023-02-06,1610612757,POR,L,22022,1610612749,MIL,0,0.49056603773584906,0.56,0.6792452830188679,0.52
0022200817,2023-02-07,1610612751,BKN,L,22022,1610612756,PHX,0,0.6037735849056604,0.64,0.5272727272727272,0.37037037037037035
0022200820,2023-02-07,1610612743,DEN,W,22022,1610612750,MIN,1,0.6851851851851852,0.8620689655172413,0.5178571428571429,0.375
0022200818,2023-02-07,1610612740,NOP,W,22022,1610612737,ATL,1,0.509090909090909,0.6785714285714286,0.5,0.4666666666666667
0022200821,2023-02-07,1610612747,LAL,L,22022,1610612760,OKC,0,0.46296296296296297,0.52,0.4716981132075472,0.34615384615384615
0022200819,2023-02-07,1610612763,MEM,W,22022,1610612741,CHI,1,0.6037735849056604,0.8076923076923077,0.49056603773584906,0.38461538461538464
0022200816,2023-02-07,1610612753,ORL,L,22022,1610612752,NYK,0,0.4074074074074074,0.5,0.5272727272727272,0.5769230769230769
0022200829,2023-02-08,1610612746,LAC,L,22022,1610612742,DAL,0,0.543859649122807,0.56,0.5272727272727272,0.37037037037037035
0022200830,2023-02-08,1610612757,POR,W,22022,1610612744,GSW,1,0.48148148148148145,0.5384615384615384,0.5185185185185185,0.25925925925925924
0022200822,2023-02-08,1610612739,CLE,W,22022,1610612765,DET,1,0.6071428571428571,0.7857142857142857,0.2545454545454545,0.25925925925925924
0022200828,2023-02-08,1610612762,UTA,L,22022,1610612750,MIN,0,0.4909090909090909,0.6206896551724138,0.5087719298245614,0.36
0022200823,2023-02-08,1610612764,WAS,W,22022,1610612766,CHA,1,0.4528301886792453,0.5,0.2727272727272727,0.25806451612903225
0022200825,2023-02-08,1610612748,MIA,W,22022,1610612754,IND,1,0.5370370370370371,0.6538461538461539,0.45454545454545453,0.3076923076923077
0022200827,2023-02-08,1610612745,HOU,L,22022,1610612758,SAC,0,0.24074074074074073,0.2962962962962963,0.5660377358490566,0.5384615384615384
0022200824,2023-02-08,1610612738,BOS,W,22022,1610612755,PHI,1,0.7037037037037037,0.7407407407407407,0.6538461538461539,0.5833333333333334
0022200826,2023-02-08,1610612761,TOR,W,22022,1610612759,SAS,1,0.45454545454545453,0.5555555555555556,0.25925925925925924,0.20833333333333334
0022200833,2023-02-09,1610612751,BKN,W,22022,1610612741,CHI,1,0.5925925925925926,0.6153846153846154,0.48148148148148145,0.37037037037037035
0022200832,2023-02-09,1610612737,ATL,W,22022,1610612756,PHX,1,0.4909090909090909,0.5416666666666666,0.5357142857142857,0.39285714285714285
0022200831,2023-02-09,1610612753,ORL,W,22022,1610612743,DEN,1,0.4,0.48148148148148145,0.6909090909090909,0.48
0022200834,2023-02-09,1610612747,LAL,L,22022,1610612749,MIL,0,0.45454545454545453,0.5,0.6851851851851852,0.5384615384615384
0022200838,2023-02-10,1610612738,BOS,W,22022,1610612766,CHA,1,0.7090909090909091,0.75,0.26785714285714285,0.25
0022200836,2023-02-10,1610612754,IND,L,22022,1610612756,PHX,0,0.44642857142857145,0.5862068965517241,0.5263157894736842,0.3793103448275862
0022200839,2023-02-10,1610612761,TOR,L,22022,1610612762,UTA,0,0.4642857142857143,0.5714285714285714,0.48214285714285715,0.34615384615384615
0022200835,2023-02-10,1610612765,DET,W,22022,1610612759,SAS,1,0.25,0.25,0.2545454545454545,0.2
0022200841,2023-02-10,1610612763,MEM,W,22022,1610612750,MIN,1,0.6111111111111112,0.8148148148148148,0.5172413793103449,0.38461538461538464
0022200844,2023-02-10,1610612758,SAC,L,22022,1610612742,DAL,0,0.5740740740740741,0.5925925925925926,0.5357142857142857,0.39285714285714285
0022200837,2023-02-10,1610612755,PHI,W,22022,1610612752,NYK,1,0.6415094339622641,0.7142857142857143,0.5357142857142857,0.5925925925925926
0022200842,2023-02-10,1610612740,NOP,L,22022,1610612739,CLE,0,0.5178571428571429,0.6896551724137931,0.6140350877192983,0.42857142857142855
0022200840,2023-02-10,1610612748,MIA,W,22022,1610612745,HOU,1,0.5454545454545454,0.6666666666666666,0.23636363636363636,0.18518518518518517
0022200845,2023-02-10,1610612746,LAC,L,22022,1610612749,MIL,0,0.5344827586206896,0.5384615384615384,0.6909090909090909,0.5555555555555556
0022200843,2023-02-10,1610612757,POR,L,22022,1610612760,OKC,0,0.4909090909090909,0.5555555555555556,0.48148148148148145,0.37037037037037035
0022200854,2023-02-11,1610612758,SAC,W,22022,1610612742,DAL,1,0.5636363636363636,0.5714285714285714,0.543859649122807,0.41379310344827586
0022200852,2023-02-11,1610612739,CLE,W,22022,1610612741,CHI,1,0.6206896551724138,0.7931034482758621,0.4727272727272727,0.35714285714285715
0022200849,2023-02-11,1610612764,WAS,W,22022,1610612754,IND,1,0.46296296296296297,0.52,0.43859649122807015,0.2962962962962963
0022200853,2023-02-11,1610612744,GSW,L,22022,1610612747,LAL,0,0.509090909090909,0.7777777777777778,0.44642857142857145,0.41379310344827586
0022200847,2023-02-11,1610612766,CHA,L,22022,1610612743,DEN,0,0.2631578947368421,0.2916666666666667,0.6785714285714286,0.46153846153846156
0022200850,2023-02-11,1610612737,ATL,W,22022,1610612759,SAS,1,0.5,0.56,0.25,0.19230769230769232
0022200846,2023-02-11,1610612751,BKN,L,22022,1610612755,PHI,0,0.6,0.6296296296296297,0.6481481481481481,0.56
0022200848,2023-02-11,1610612753,ORL,L,22022,1610612748,MIA,0,0.4107142857142857,0.5,0.5535714285714286,0.42857142857142855
0022200851,2023-02-11,1610612752,NYK,W,22022,1610612762,UTA,1,0.5263157894736842,0.4827586206896552,0.49122807017543857,0.37037037037037035
0022200856,2023-02-12,1610612761,TOR,W,22022,1610612765,DET,1,0.45614035087719296,0.5517241379310345,0.2631578947368421,0.25
0022200855,2023-02-12,1610612738,BOS,W,22022,1610612763,MEM,1,0.7142857142857143,0.7586206896551724,0.6181818181818182,0.4074074074074074
0022200859,2023-02-13,1610612754,IND,L,22022,1610612762,UTA,0,0.43103448275862066,0.5666666666666667,0.4827586206896552,0.35714285714285715
0022200864,2023-02-13,1610612760,OKC,L,22022,1610612740,NOP,0,0.4909090909090909,0.5925925925925926,0.5087719298245614,0.3333333333333333
0022200865,2023-02-13,1610612742,DAL,L,22022,1610612750,MIN,0,0.5344827586206896,0.6785714285714286,0.5084745762711864,0.37037037037037035
0022200862,2023-02-13,1610612752,NYK,W,22022,1610612751,BKN,1,0.5344827586206896,0.5,0.5892857142857143,0.5714285714285714
0022200860,2023-02-13,1610612755,PHI,W,22022,1610612745,HOU,1,0.6545454545454545,0.7241379310344828,0.23214285714285715,0.17857142857142858
0022200857,2023-02-13,1610612766,CHA,W,22022,1610612737,ATL,1,0.25862068965517243,0.28,0.5087719298245614,0.45161290322580644
0022200858,2023-02-13,1610612739,CLE,W,22022,1610612759,SAS,1,0.6271186440677966,0.8,0.24561403508771928,0.18518518518518517
0022200867,2023-02-13,1610612757,POR,W,22022,1610612747,LAL,1,0.48214285714285715,0.5357142857142857,0.45614035087719296,0.43333333333333335
0022200863,2023-02-13,1610612741,CHI,L,22022,1610612753,ORL,0,0.4642857142857143,0.5925925925925926,0.40350877192982454,0.32142857142857145
0022200866,2023-02-13,1610612744,GSW,W,22022,1610612764,WAS,1,0.5,0.75,0.4727272727272727,0.41379310344827586
0022200861,2023-02-13,1610612748,MIA,L,22022,1610612743,DEN,0,0.5614035087719298,0.6785714285714286,0.6842105263157895,0.48148148148148145
0022200868,2023-02-14,1610612761,TOR,W,22022,1610612753,ORL,1,0.46551724137931033,0.5666666666666667,0.41379310344827586,0.3448275862068966
0022200871,2023-02-14,1610612746,LAC,W,22022,1610612744,GSW,1,0.5254237288135594,0.5185185185185185,0.5087719298245614,0.25
0022200870,2023-02-14,1610612756,PHX,W,22022,1610612758,SAC,1,0.5344827586206896,0.6785714285714286,0.5714285714285714,0.5555555555555556
0022200872,2023-02-14,1610612757,POR,L,22022,1610612764,WAS,0,0.49122807017543857,0.5517241379310345,0.4642857142857143,0.4
0022200869,2023-02-14,1610612749,MIL,W,22022,1610612738,BOS,1,0.6964285714285714,0.8214285714285714,0.7192982456140351,0.6666666666666666
0022200875,2023-02-15,1610612755,PHI,W,22022,1610612739,CLE,1,0.6607142857142857,0.7333333333333333,0.6333333333333333,0.4482758620689655
0022200876,2023-02-15,1610612737,ATL,L,22022,1610612752,NYK,0,0.5,0.5769230769230769,0.5423728813559322,0.5714285714285714
0022200878,2023-02-15,1610612751,BKN,W,22022,1610612748,MIA,1,0.5789473684210527,0.6071428571428571,0.5517241379310345,0.4482758620689655
0022200873,2023-02-15,1610612766,CHA,W,22022,1610612759,SAS,1,0.2711864406779661,0.3076923076923077,0.2413793103448276,0.17857142857142858
0022200881,2023-02-15,1610612743,DEN,W,22022,1610612742,DAL,1,0.6896551724137931,0.8666666666666667,0.5254237288135594,0.4
0022200880,2023-02-15,1610612760,OKC,W,22022,1610612745,HOU,1,0.48214285714285715,0.5714285714285714,0.22807017543859648,0.1724137931034483
0022200874,2023-02-15,1610612754,IND,W,22022,1610612741,CHI,1,0.423728813559322,0.5483870967741935,0.45614035087719296,0.3448275862068966
0022200877,2023-02-15,1610612738,BOS,W,22022,1610612765,DET,1,0.7068965517241379,0.7666666666666667,0.25862068965517243,0.2413793103448276
0022200882,2023-02-15,1610612747,LAL,W,22022,1610612740,NOP,1,0.4482758620689655,0.48148148148148145,0.5172413793103449,0.35714285714285715
0022200879,2023-02-15,1610612763,MEM,W,22022,1610612762,UTA,1,0.6071428571428571,0.8214285714285714,0.4915254237288136,0.3793103448275862
0022200884,2023-02-16,1610612750,MIN,L,22022,1610612764,WAS,0,0.5166666666666667,0.625,0.47368421052631576,0.41935483870967744
0022200885,2023-02-16,1610612756,PHX,L,22022,1610612746,LAC,0,0.5423728813559322,0.6896551724137931,0.5333333333333333,0.53125
0022200883,2023-02-16,1610612741,CHI,L,22022,1610612749,MIL,0,0.4482758620689655,0.5714285714285714,0.7017543859649122,0.5714285714285714
0022200893,2023-02-23,1610612747,LAL,W,22022,1610612744,GSW,1,0.4576271186440678,0.5,0.5,0.2413793103448276
0022200888,2023-02-23,1610612753,ORL,W,22022,1610612765,DET,1,0.4067796610169492,0.4827586206896552,0.2542372881355932,0.23333333333333334
0022200892,2023-02-23,1610612762,UTA,W,22022,1610612760,OKC,1,0.48333333333333334,0.6,0.49122807017543857,0.39285714285714285
0022200886,2023-02-23,1610612739,CLE,L,22022,1610612743,DEN,0,0.6229508196721312,0.8064516129032258,0.6949152542372882,0.5
0022200890,2023-02-23,1610612761,TOR,W,22022,1610612740,NOP,1,0.4745762711864407,0.5806451612903226,0.5084745762711864,0.3448275862068966
0022200894,2023-02-23,1610612758,SAC,W,22022,1610612757,POR,1,0.5614035087719298,0.5862068965517241,0.4827586206896552,0.42857142857142855
0022200887,2023-02-23,1610612754,IND,L,22022,1610612738,BOS,0,0.43333333333333335,0.5625,0.711864406779661,0.6428571428571429
0022200891,2023-02-23,1610612742,DAL,W,22022,1610612759,SAS,1,0.5166666666666667,0.6551724137931034,0.23728813559322035,0.1724137931034483
0022200889,2023-02-23,1610612755,PHI,W,22022,1610612763,MEM,1,0.6666666666666666,0.7419354838709677,0.6140350877192983,0.39285714285714285
0022200896,2023-02-24,1610612737,ATL,W,22022,1610612739,CLE,1,0.4915254237288136,0.5555555555555556,0.6129032258064516,0.43333333333333335
0022200899,2023-02-24,1610612756,PHX,W,22022,1610612760,OKC,1,0.5333333333333333,0.6666666666666666,0.4827586206896552,0.3793103448275862
0022200902,2023-02-24,1610612746,LAC,L,22022,1610612758,SAC,0,0.5409836065573771,0.5357142857142857,0.5689655172413793,0.5357142857142857
0022200897,2023-02-24,1610612749,MIL,W,22022,1610612748,MIA,1,0.7068965517241379,0.8275862068965517,0.5423728813559322,0.43333333333333335
0022200900,2023-02-24,1610612741,CHI,W,22022,1610612751,BKN,1,0.4406779661016949,0.5517241379310345,0.5862068965517241,0.5517241379310345
0022200898,2023-02-24,1610612750,MIN,L,22022,1610612766,CHA,0,0.5081967213114754,0.6060606060606061,0.2833333333333333,0.24242424242424243
0022200895,2023-02-24,1610612764,WAS,L,22022,1610612752,NYK,0,0.4827586206896552,0.5384615384615384,0.55,0.5862068965517241
0022200901,2023-02-24,1610612744,GSW,W,22022,1610612745,HOU,1,0.4915254237288136,0.7586206896551724,0.22413793103448276,0.16666666666666666
0022200903,2023-02-25,1610612765,DET,L,22022,1610612761,TOR,0,0.25,0.27586206896551724,0.48333333333333334,0.35714285714285715
0022200904,2023-02-25,1610612766,CHA,W,22022,1610612748,MIA,1,0.29508196721311475,0.3333333333333333,0.5333333333333333,0.41935483870967744
0022200905,2023-02-25,1610612753,ORL,L,22022,1610612754,IND,0,0.4166666666666667,0.5,0.4262295081967213,0.2857142857142857
0022200909,2023-02-25,1610612762,UTA,W,22022,1610612759,SAS,1,0.4918032786885246,0.6129032258064516,0.23333333333333334,0.16666666666666666
0022200907,2023-02-25,1610612763,MEM,W,22022,1610612743,DEN,1,0.603448275862069,0.8275862068965517,0.7,0.5172413793103449
0022200906,2023-02-25,1610612752,NYK,W,22022,1610612740,NOP,1,0.5573770491803278,0.5161290322580645,0.5,0.3333333333333333
0022200908,2023-02-25,1610612755,PHI,L,22022,1610612738,BOS,0,0.6724137931034483,0.75,0.7166666666666667,0.6551724137931034
0022200916,2023-02-26,1610612744,GSW,W,22022,1610612750,MIN,1,0.5,0.7666666666666667,0.5,0.39285714285714285
0022200912,2023-02-26,1610612741,CHI,W,22022,1610612764,WAS,1,0.45,0.5666666666666667,0.4745762711864407,0.4375
0022200911,2023-02-26,1610612737,ATL,W,22022,1610612751,BKN,1,0.5,0.5714285714285714,0.576271186440678,0.5333333333333333
0022200917,2023-02-26,1610612757,POR,W,22022,1610612745,HOU,1,0.4745762711864407,0.5333333333333333,0.22033898305084745,0.16129032258064516
0022200913,2023-02-26,1610612742,DAL,L,22022,1610612747,LAL,0,0.5245901639344263,0.6666666666666666,0.4666666666666667,0.41935483870967744
0022200915,2023-02-26,1610612760,OKC,L,22022,1610612758,SAC,0,0.4745762711864407,0.5862068965517241,0.576271186440678,0.5517241379310345
0022200910,2023-02-26,1610612749,MIL,W,22022,1610612756,PHX,1,0.711864406779661,0.8333333333333334,0.5409836065573771,0.4
0022200914,2023-02-26,1610612739,CLE,W,22022,1610612761,TOR,1,0.6031746031746031,0.78125,0.4918032786885246,0.3793103448275862
0022200918,2023-02-26,1610612743,DEN,W,22022,1610612746,LAC,1,0.6885245901639344,0.8709677419354839,0.532258064516129,0.5454545454545454
0022200921,2023-02-27,1610612752,NYK,W,22022,1610612738,BOS,1,0.5645161290322581,0.53125,0.7213114754098361,0.6666666666666666
0022200920,2023-02-27,1610612755,PHI,L,22022,1610612748,MIA,0,0.6610169491525424,0.7272727272727273,0.5245901639344263,0.40625
0022200922,2023-02-27,1610612740,NOP,L,22022,1610612753,ORL,0,0.4918032786885246,0.6666666666666666,0.4098360655737705,0.3333333333333333
0022200919,2023-02-27,1610612766,CHA,W,22022,1610612765,DET,1,0.3064516129032258,0.35714285714285715,0.2459016393442623,0.22580645161290322
0022200926,2023-02-28,1610612745,HOU,L,22022,1610612743,DEN,0,0.21666666666666667,0.2857142857142857,0.6935483870967742,0.5
0022200932,2023-02-28,1610612746,LAC,L,22022,1610612750,MIN,0,0.5238095238095238,0.5172413793103449,0.49206349206349204,0.3793103448275862
0022200924,2023-02-28,1610612751,BKN,L,22022,1610612749,MIL,0,0.5666666666666667,0.6206896551724138,0.7166666666666667,0.5862068965517241
0022200925,2023-02-28,1610612761,TOR,W,22022,1610612741,CHI,1,0.4838709677419355,0.59375,0.45901639344262296,0.3333333333333333
0022200923,2023-02-28,1610612737,ATL,L,22022,1610612764,WAS,0,0.5081967213114754,0.5862068965517241,0.4666666666666667,0.42424242424242425
0022200931,2023-02-28,1610612744,GSW,W,22022,1610612757,POR,1,0.5081967213114754,0.7741935483870968,0.48333333333333334,0.41379310344827586
0022200928,2023-02-28,1610612760,OKC,L,22022,1610612758,SAC,0,0.4666666666666667,0.5666666666666667,0.5833333333333334,0.5666666666666667
0022200929,2023-02-28,1610612742,DAL,L,22022,1610612754,IND,0,0.5161290322580645,0.6451612903225806,0.43548387096774194,0.3103448275862069
0022200927,2023-02-28,1610612763,MEM,W,22022,1610612747,LAL,1,0.6101694915254238,0.8333333333333334,0.47540983606557374,0.4375
0022200930,2023-02-28,1610612762,UTA,L,22022,1610612759,SAS,0,0.5,0.625,0.22950819672131148,0.16129032258064516
0022200933,2023-03-01,1610612766,CHA,L,22022,1610612756,PHX,0,0.31746031746031744,0.3793103448275862,0.532258064516129,0.3870967741935484
0022200936,2023-03-01,1610612748,MIA,L,22022,1610612755,PHI,0,0.532258064516129,0.6551724137931034,0.65,0.5769230769230769
0022200935,2023-03-01,1610612738,BOS,W,22022,1610612739,CLE,1,0.7096774193548387,0.7741935483870968,0.609375,0.41935483870967744
0022200941,2023-03-01,1610612757,POR,L,22022,1610612740,NOP,0,0.47540983606557374,0.5483870967741935,0.4838709677419355,0.3225806451612903
0022200940,2023-03-01,1610612760,OKC,L,22022,1610612747,LAL,0,0.45901639344262296,0.5483870967741935,0.46774193548387094,0.42424242424242425
0022200937,2023-03-01,1610612752,NYK,W,22022,1610612751,BKN,1,0.5714285714285714,0.5454545454545454,0.5573770491803278,0.5161290322580645
0022200938,2023-03-01,1610612745,HOU,L,22022,1610612763,MEM,0,0.21311475409836064,0.27586206896551724,0.6166666666666667,0.3793103448275862
0022200939,2023-03-01,1610612749,MIL,W,22022,1610612753,ORL,1,0.7213114754098361,0.8387096774193549,0.41935483870967744,0.3548387096774194
0022200934,2023-03-01,1610612765,DET,L,22022,1610612741,CHI,0,0.24193548387096775,0.26666666666666666,0.45161290322580644,0.3225806451612903
0022200945,2023-03-02,1610612744,GSW,W,22022,1610612746,LAC,1,0.5161290322580645,0.78125,0.515625,0.5294117647058824
0022200944,2023-03-02,1610612759,SAS,W,22022,1610612754,IND,1,0.24193548387096775,0.3,0.4444444444444444,0.3333333333333333
0022200943,2023-03-02,1610612742,DAL,W,22022,1610612755,PHI,1,0.5079365079365079,0.625,0.6557377049180327,0.5925925925925926
0022200942,2023-03-02,1610612764,WAS,W,22022,1610612761,TOR,1,0.47540983606557374,0.5185185185185185,0.49206349206349204,0.36666666666666664
0022200950,2023-03-03,1610612741,CHI,L,22022,1610612756,PHX,0,0.4603174603174603,0.5806451612903226,0.5396825396825397,0.40625
0022200952,2023-03-03,1610612743,DEN,W,22022,1610612763,MEM,1,0.6984126984126984,0.875,0.6229508196721312,0.4
0022200949,2023-03-03,1610612748,MIA,L,22022,1610612752,NYK,0,0.5238095238095238,0.6333333333333333,0.578125,0.6
0022200951,2023-03-03,1610612760,OKC,W,22022,1610612762,UTA,1,0.45161290322580644,0.53125,0.49206349206349204,0.36666666666666664
0022200955,2023-03-03,1610612747,LAL,L,22022,1610612750,MIN,0,0.47619047619047616,0.5172413793103449,0.5,0.4
0022200948,2023-03-03,1610612738,BOS,L,22022,1610612751,BKN,0,0.7142857142857143,0.78125,0.5483870967741935,0.5
0022200954,2023-03-03,1610612758,SAC,W,22022,1610612746,LAC,1,0.5901639344262295,0.6,0.5076923076923077,0.5142857142857142
0022200953,2023-03-03,1610612744,GSW,W,22022,1610612740,NOP,1,0.5238095238095238,0.7878787878787878,0.49206349206349204,0.34375
0022200947,2023-03-03,1610612737,ATL,W,22022,1610612757,POR,1,0.5,0.5666666666666667,0.46774193548387094,0.4
0022200946,2023-03-03,1610612766,CHA,L,22022,1610612753,ORL,0,0.3125,0.36666666666666664,0.4126984126984127,0.34375
0022200961,2023-03-04,1610612758,SAC,L,22022,1610612750,MIN,0,0.5967741935483871,0.6129032258064516,0.5076923076923077,0.41935483870967744
0022200959,2023-03-04,1610612759,SAS,L,22022,1610612745,HOU,0,0.25396825396825395,0.3225806451612903,0.20967741935483872,0.15625
0022200956,2023-03-04,1610612764,WAS,L,22022,1610612761,TOR,0,0.4838709677419355,0.5357142857142857,0.484375,0.3548387096774194
0022200957,2023-03-04,1610612739,CLE,W,22022,1610612765,DET,1,0.6,0.7878787878787878,0.23809523809523808,0.21875
0022200958,2023-03-04,1610612748,MIA,W,22022,1610612737,ATL,1,0.515625,0.6129032258064516,0.5079365079365079,0.4375
0022200960,2023-03-04,1610612749,MIL,L,22022,1610612755,PHI,0,0.7258064516129032,0.84375,0.6451612903225806,0.5714285714285714
0022200973,2023-03-05,1610612764,WAS,L,22022,1610612749,MIL,0,0.47619047619047616,0.5172413793103449,0.7142857142857143,0.6
0022200967,2023-03-05,1610612745,HOU,W,22022,1610612759,SAS,1,0.2222222222222222,0.26666666666666666,0.25,0.1875
0022200966,2023-03-05,1610612753,ORL,L,22022,1610612757,POR,0,0.421875,0.4838709677419355,0.4603174603174603,0.3870967741935484
0022200970,2023-03-05,1610612746,LAC,W,22022,1610612763,MEM,1,0.5,0.5,0.6129032258064516,0.3870967741935484
0022200964,2023-03-05,1610612747,LAL,W,22022,1610612744,GSW,1,0.46875,0.5,0.53125,0.23333333333333334
0022200963,2023-03-05,1610612741,CHI,L,22022,1610612754,IND,0,0.453125,0.5625,0.4375,0.3225806451612903
0022200968,2023-03-05,1610612760,OKC,W,22022,1610612762,UTA,1,0.4603174603174603,0.5454545454545454,0.484375,0.3548387096774194
0022200962,2023-03-05,1610612742,DAL,L,22022,1610612756,PHX,0,0.515625,0.6363636363636364,0.546875,0.42424242424242425
0022200965,2023-03-05,1610612751,BKN,W,22022,1610612766,CHA,1,0.5555555555555556,0.6,0.3076923076923077,0.2647058823529412
0022200969,2023-03-05,1610612738,BOS,L,22022,1610612752,NYK,0,0.703125,0.7575757575757576,0.5846153846153846,0.6129032258064516
0022200977,2023-03-06,1610612765,DET,L,22022,1610612757,POR,0,0.234375,0.25806451612903225,0.46875,0.40625
0022200972,2023-03-06,1610612754,IND,L,22022,1610612755,PHI,0,0.4461538461538462,0.5454545454545454,0.6507936507936508,0.5862068965517241
0022200971,2023-03-06,1610612739,CLE,W,22022,1610612738,BOS,1,0.6060606060606061,0.7941176470588235,0.6923076923076923,0.6451612903225806
0022200974,2023-03-06,1610612748,MIA,W,22022,1610612737,ATL,1,0.5230769230769231,0.625,0.5,0.42424242424242425
0022200975,2023-03-06,1610612743,DEN,W,22022,1610612761,TOR,1,0.703125,0.8787878787878788,0.49230769230769234,0.375
0022200976,2023-03-06,1610612758,SAC,W,22022,1610612740,NOP,1,0.5873015873015873,0.59375,0.484375,0.3333333333333333
0022200769,2023-03-07,1610612765,DET,L,22022,1610612764,WAS,0,0.23076923076923078,0.25,0.46875,0.4411764705882353
0022200979,2023-03-07,1610612752,NYK,L,22022,1610612766,CHA,0,0.5909090909090909,0.5588235294117647,0.30303030303030304,0.2571428571428571
0022200980,2023-03-07,1610612750,MIN,L,22022,1610612755,PHI,0,0.5151515151515151,0.5882352941176471,0.65625,0.6
0022200978,2023-03-07,1610612753,ORL,L,22022,1610612749,MIL,0,0.4153846153846154,0.46875,0.71875,0.6129032258064516
0022200984,2023-03-07,1610612747,LAL,W,22022,1610612763,MEM,1,0.47692307692307695,0.5161290322580645,0.6031746031746031,0.375
0022200981,2023-03-07,1610612745,HOU,L,22022,1610612751,BKN,0,0.234375,0.2903225806451613,0.5625,0.5151515151515151
0022200982,2023-03-07,1610612760,OKC,W,22022,1610612744,GSW,1,0.46875,0.5588235294117647,0.5230769230769231,0.22580645161290322
0022200983,2023-03-07,1610612742,DAL,W,22022,1610612762,UTA,1,0.5076923076923077,0.6176470588235294,0.47692307692307695,0.34375
0022200990,2023-03-08,1610612756,PHX,W,22022,1610612760,OKC,1,0.5538461538461539,0.6774193548387096,0.47692307692307695,0.36666666666666664
0022200987,2023-03-08,1610612748,MIA,L,22022,1610612739,CLE,0,0.5303030303030303,0.6363636363636364,0.6119402985074627,0.40625
0022200986,2023-03-08,1610612738,BOS,W,22022,1610612757,POR,1,0.6818181818181818,0.7352941176470589,0.47692307692307695,0.42424242424242425
0022200991,2023-03-08,1610612746,LAC,W,22022,1610612761,TOR,1,0.5074626865671642,0.5161290322580645,0.48484848484848486,0.36363636363636365
0022200988,2023-03-08,1610612740,NOP,W,22022,1610612742,DAL,1,0.47692307692307695,0.6451612903225806,0.5151515151515151,0.3870967741935484
0022200989,2023-03-08,1610612743,DEN,L,22022,1610612741,CHI,0,0.7076923076923077,0.8823529411764706,0.4461538461538462,0.34375
0022200985,2023-03-08,1610612764,WAS,L,22022,1610612737,ATL,0,0.47692307692307695,0.5,0.49230769230769234,0.4117647058823529
0022200997,2023-03-09,1610612758,SAC,W,22022,1610612752,NYK,1,0.59375,0.6060606060606061,0.582089552238806,0.625
0022200992,2023-03-09,1610612765,DET,L,22022,1610612766,CHA,0,0.22727272727272727,0.24242424242424243,0.31343283582089554,0.2777777777777778
0022200993,2023-03-09,1610612754,IND,W,22022,1610612745,HOU,1,0.4393939393939394,0.5294117647058824,0.23076923076923078,0.18181818181818182
0022200996,2023-03-09,1610612763,MEM,W,22022,1610612744,GSW,1,0.59375,0.8387096774193549,0.5151515151515151,0.21875
0022200994,2023-03-09,1610612753,ORL,L,22022,1610612762,UTA,0,0.4090909090909091,0.45454545454545453,0.4696969696969697,0.3333333333333333
0022200995,2023-03-09,1610612749,MIL,W,22022,1610612751,BKN,1,0.7230769230769231,0.8181818181818182,0.5692307692307692,0.5294117647058824
0022200999,2023-03-10,1610612764,WAS,L,22022,1610612737,ATL,0,0.4696969696969697,0.4838709677419355,0.5,0.42857142857142855
0022201001,2023-03-10,1610612750,MIN,L,22022,1610612751,BKN,0,0.5074626865671642,0.5714285714285714,0.5606060606060606,0.5142857142857142
0022201003,2023-03-10,1610612747,LAL,W,22022,1610612761,TOR,1,0.48484848484848486,0.53125,0.47761194029850745,0.35294117647058826
0022201000,2023-03-10,1610612748,MIA,W,22022,1610612739,CLE,1,0.5223880597014925,0.6176470588235294,0.6176470588235294,0.42424242424242425
0022201002,2023-03-10,1610612759,SAS,W,22022,1610612743,DEN,1,0.24615384615384617,0.3125,0.696969696969697,0.5161290322580645
0022200998,2023-03-10,1610612755,PHI,W,22022,1610612757,POR,1,0.6615384615384615,0.7058823529411765,0.4696969696969697,0.4117647058823529
0022201007,2023-03-11,1610612753,ORL,W,22022,1610612748,MIA,1,0.40298507462686567,0.4411764705882353,0.5294117647058824,0.42424242424242425
0022201005,2023-03-11,1610612766,CHA,L,22022,1610612762,UTA,0,0.3235294117647059,0.3548387096774194,0.47761194029850745,0.35294117647058826
0022201010,2023-03-11,1610612763,MEM,W,22022,1610612742,DAL,1,0.6,0.84375,0.5074626865671642,0.375
0022201012,2023-03-11,1610612744,GSW,W,22022,1610612749,MIL,1,0.5074626865671642,0.7941176470588235,0.7272727272727273,0.625
0022201011,2023-03-11,1610612740,NOP,L,22022,1610612760,OKC,0,0.48484848484848486,0.65625,0.4696969696969697,0.3548387096774194
0022201004,2023-03-11,1610612746,LAC,W,22022,1610612752,NYK,1,0.5147058823529411,0.53125,0.5735294117647058,0.6060606060606061
0022201008,2023-03-11,1610612737,ATL,L,22022,1610612738,BOS,0,0.5074626865671642,0.5806451612903226,0.6865671641791045,0.625
0022201013,2023-03-11,1610612756,PHX,L,22022,1610612758,SAC,0,0.5606060606060606,0.6875,0.6,0.5806451612903226
0022201006,2023-03-11,1610612765,DET,L,22022,1610612754,IND,0,0.22388059701492538,0.23529411764705882,0.44776119402985076,0.34375
0022201009,2023-03-11,1610612745,HOU,L,22022,1610612741,CHI,0,0.22727272727272727,0.28125,0.45454545454545453,0.36363636363636365
0022201017,2023-03-12,1610612740,NOP,W,22022,1610612757,POR,1,0.47761194029850745,0.6363636363636364,0.4626865671641791,0.4
0022201014,2023-03-12,1610612743,DEN,L,22022,1610612751,BKN,0,0.6865671641791045,0.8571428571428571,0.5671641791044776,0.5277777777777778
0022201019,2023-03-12,1610612747,LAL,L,22022,1610612752,NYK,0,0.4925373134328358,0.5454545454545454,0.5652173913043478,0.5882352941176471
0022201015,2023-03-12,1610612766,CHA,L,22022,1610612739,CLE,0,0.3188405797101449,0.34375,0.6086956521739131,0.4117647058823529
0022201018,2023-03-12,1610612759,SAS,L,22022,1610612760,OKC,0,0.25757575757575757,0.3333333333333333,0.47761194029850745,0.375
0022201016,2023-03-12,1610612755,PHI,W,22022,1610612764,WAS,1,0.6666666666666666,0.7142857142857143,0.4626865671641791,0.45714285714285713
0022201022,2023-03-13,1610612748,MIA,W,22022,1610612762,UTA,1,0.5217391304347826,0.6285714285714286,0.4852941176470588,0.37142857142857144
0022201020,2023-03-13,1610612765,DET,W,22022,1610612754,IND,1,0.22058823529411764,0.22857142857142856,0.45588235294117646,0.36363636363636365
0022201023,2023-03-13,1610612742,DAL,L,22022,1610612763,MEM,0,0.5,0.6285714285714286,0.6060606060606061,0.36363636363636365
0022201025,2023-03-13,1610612744,GSW,W,22022,1610612756,PHX,1,0.5147058823529411,0.8,0.5522388059701493,0.4411764705882353
0022201026,2023-03-13,1610612758,SAC,L,22022,1610612749,MIL,0,0.6060606060606061,0.6176470588235294,0.7164179104477612,0.6060606060606061
0022201024,2023-03-13,1610612745,HOU,W,22022,1610612738,BOS,1,0.22388059701492538,0.2727272727272727,0.6911764705882353,0.6363636363636364
0022201021,2023-03-13,1610612737,ATL,L,22022,1610612750,MIN,0,0.5,0.5625,0.5,0.4375
0022201034,2023-03-14,1610612757,POR,L,22022,1610612752,NYK,0,0.45588235294117646,0.53125,0.5714285714285714,0.6
0022201029,2023-03-14,1610612761,TOR,W,22022,1610612743,DEN,1,0.47058823529411764,0.6060606060606061,0.6764705882352942,0.5
0022201033,2023-03-14,1610612756,PHX,L,22022,1610612749,MIL,0,0.5441176470588235,0.6666666666666666,0.7205882352941176,0.6176470588235294
0022201030,2023-03-14,1610612740,NOP,L,22022,1610612747,LAL,0,0.4852941176470588,0.6470588235294118,0.4852941176470588,0.4411764705882353
0022201028,2023-03-14,1610612764,WAS,W,22022,1610612765,DET,1,0.45588235294117646,0.46875,0.2318840579710145,0.21212121212121213
0022201031,2023-03-14,1610612760,OKC,W,22022,1610612751,BKN,1,0.4852941176470588,0.5714285714285714,0.5735294117647058,0.5405405405405406
0022201032,2023-03-14,1610612759,SAS,W,22022,1610612753,ORL,1,0.2537313432835821,0.3235294117647059,0.4117647058823529,0.36363636363636365
0022201027,2023-03-14,1610612766,CHA,L,22022,1610612739,CLE,0,0.3142857142857143,0.3333333333333333,0.6142857142857143,0.42857142857142855
0022201040,2023-03-15,1610612759,SAS,L,22022,1610612742,DAL,0,0.2647058823529412,0.34285714285714286,0.4927536231884058,0.36363636363636365
0022201041,2023-03-15,1610612746,LAC,W,22022,1610612744,GSW,1,0.5217391304347826,0.5454545454545454,0.5217391304347826,0.21212121212121213
0022201037,2023-03-15,1610612741,CHI,L,22022,1610612758,SAC,0,0.4626865671641791,0.5454545454545454,0.5970149253731343,0.59375
0022201038,2023-03-15,1610612745,HOU,W,22022,1610612747,LAL,1,0.23529411764705882,0.29411764705882354,0.4927536231884058,0.45714285714285713
0022201035,2023-03-15,1610612739,CLE,L,22022,1610612755,PHI,0,0.6197183098591549,0.8,0.6716417910447762,0.6129032258064516
0022201039,2023-03-15,1610612750,MIN,L,22022,1610612738,BOS,0,0.5072463768115942,0.5555555555555556,0.6811594202898551,0.6176470588235294
0022201036,2023-03-15,1610612748,MIA,W,22022,1610612763,MEM,1,0.5285714285714286,0.6388888888888888,0.6119402985074627,0.38235294117647056
0022201045,2023-03-16,1610612749,MIL,L,22022,1610612754,IND,0,0.7246376811594203,0.8235294117647058,0.4492753623188406,0.35294117647058826
0022201046,2023-03-16,1610612756,PHX,W,22022,1610612753,ORL,1,0.5362318840579711,0.6470588235294118,0.4057971014492754,0.35294117647058826
0022201043,2023-03-16,1610612751,BKN,L,22022,1610612758,SAC,0,0.5652173913043478,0.6129032258064516,0.6029411764705882,0.6060606060606061
0022201044,2023-03-16,1610612761,TOR,W,22022,1610612760,OKC,1,0.4782608695652174,0.6176470588235294,0.4927536231884058,0.3939393939393939
0022201042,2023-03-16,1610612765,DET,L,22022,1610612743,DEN,0,0.22857142857142856,0.25,0.6666666666666666,0.48484848484848486
0022201047,2023-03-17,1610612766,CHA,L,22022,1610612755,PHI,0,0.30985915492957744,0.3235294117647059,0.6764705882352942,0.625
0022201051,2023-03-17,1610612745,HOU,W,22022,1610612740,NOP,1,0.2463768115942029,0.3142857142857143,0.4782608695652174,0.3235294117647059
0022201053,2023-03-17,1610612757,POR,L,22022,1610612738,BOS,0,0.4492753623188406,0.5151515151515151,0.6857142857142857,0.6285714285714286
0022201054,2023-03-17,1610612747,LAL,L,22022,1610612742,DAL,0,0.4857142857142857,0.5294117647058824,0.5,0.38235294117647056
0022201052,2023-03-17,1610612759,SAS,L,22022,1610612763,MEM,0,0.2608695652173913,0.3333333333333333,0.6029411764705882,0.37142857142857144
0022201050,2023-03-17,1610612741,CHI,W,22022,1610612750,MIN,1,0.45588235294117646,0.5294117647058824,0.5,0.45454545454545453
0022201048,2023-03-17,1610612737,ATL,W,22022,1610612744,GSW,1,0.4927536231884058,0.5454545454545454,0.5142857142857142,0.20588235294117646
0022201049,2023-03-17,1610612739,CLE,W,22022,1610612764,WAS,1,0.6111111111111112,0.7777777777777778,0.463768115942029,0.4444444444444444
0022201058,2023-03-18,1610612761,TOR,W,22022,1610612750,MIN,1,0.4857142857142857,0.6285714285714286,0.49295774647887325,0.4411764705882353
0022201059,2023-03-18,1610612764,WAS,L,22022,1610612758,SAC,0,0.45714285714285713,0.48484848484848486,0.6086956521739131,0.6176470588235294
0022201056,2023-03-18,1610612746,LAC,L,22022,1610612753,ORL,0,0.5285714285714286,0.5588235294117647,0.4,0.34285714285714286
0022201057,2023-03-18,1610612754,IND,L,22022,1610612755,PHI,0,0.45714285714285713,0.5428571428571428,0.6811594202898551,0.6363636363636364
0022201062,2023-03-18,1610612762,UTA,W,22022,1610612738,BOS,1,0.4782608695652174,0.6060606060606061,0.6901408450704225,0.6388888888888888
0022201061,2023-03-18,1610612763,MEM,W,22022,1610612744,GSW,1,0.6086956521739131,0.8484848484848485,0.5070422535211268,0.2
0022201055,2023-03-18,1610612752,NYK,W,22022,1610612743,DEN,1,0.5774647887323944,0.5428571428571428,0.6714285714285714,0.5
0022201060,2023-03-18,1610612741,CHI,W,22022,1610612748,MIA,1,0.463768115942029,0.5428571428571428,0.5352112676056338,0.4117647058823529
0022201068,2023-03-19,1610612749,MIL,W,22022,1610612761,TOR,1,0.7142857142857143,0.8,0.49295774647887325,0.34285714285714286
0022201070,2023-03-19,1610612747,LAL,W,22022,1610612753,ORL,1,0.4788732394366197,0.5142857142857142,0.4084507042253521,0.3611111111111111
0022201067,2023-03-19,1610612745,HOU,L,22022,1610612740,NOP,0,0.2571428571428571,0.3333333333333333,0.4714285714285714,0.3142857142857143
0022201066,2023-03-19,1610612765,DET,L,22022,1610612748,MIA,0,0.22535211267605634,0.24324324324324326,0.5277777777777778,0.4
0022201063,2023-03-19,1610612751,BKN,L,22022,1610612743,DEN,0,0.5571428571428572,0.59375,0.6619718309859155,0.4857142857142857
0022201064,2023-03-19,1610612760,OKC,W,22022,1610612756,PHX,1,0.4857142857142857,0.5833333333333334,0.5428571428571428,0.42857142857142855
0022201065,2023-03-19,1610612759,SAS,W,22022,1610612737,ATL,1,0.2571428571428571,0.32432432432432434,0.5,0.4444444444444444
0022201069,2023-03-19,1610612757,POR,L,22022,1610612746,LAC,0,0.44285714285714284,0.5,0.5211267605633803,0.5
0022201075,2023-03-20,1610612763,MEM,W,22022,1610612742,DAL,1,0.6142857142857143,0.8529411764705882,0.5070422535211268,0.4
0022201073,2023-03-20,1610612752,NYK,L,22022,1610612750,MIN,0,0.5833333333333334,0.5555555555555556,0.4861111111111111,0.42857142857142855
0022201076,2023-03-20,1610612762,UTA,W,22022,1610612758,SAC,1,0.4857142857142857,0.6176470588235294,0.6142857142857143,0.6285714285714286
0022201074,2023-03-20,1610612745,HOU,L,22022,1610612744,GSW,0,0.2535211267605634,0.32432432432432434,0.5,0.19444444444444445
0022201071,2023-03-20,1610612766,CHA,W,22022,1610612754,IND,1,0.3055555555555556,0.3142857142857143,0.4507042253521127,0.37142857142857144
0022201072,2023-03-20,1610612755,PHI,L,22022,1610612741,CHI,0,0.6857142857142857,0.7222222222222222,0.4714285714285714,0.38235294117647056
0022201080,2023-03-21,1610612740,NOP,W,22022,1610612759,SAS,1,0.4788732394366197,0.6285714285714286,0.2676056338028169,0.18181818181818182
0022201078,2023-03-21,1610612737,ATL,W,22022,1610612765,DET,1,0.49295774647887325,0.5588235294117647,0.2222222222222222,0.20588235294117646
0022201079,2023-03-21,1610612751,BKN,L,22022,1610612739,CLE,0,0.5492957746478874,0.5757575757575758,0.6164383561643836,0.4444444444444444
0022201081,2023-03-21,1610612758,SAC,L,22022,1610612738,BOS,0,0.6056338028169014,0.6,0.6805555555555556,0.6216216216216216
0022201077,2023-03-21,1610612753,ORL,W,22022,1610612764,WAS,1,0.4027777777777778,0.45714285714285713,0.4507042253521127,0.43243243243243246
0022201082,2023-03-21,1610612746,LAC,L,22022,1610612760,OKC,0,0.5277777777777778,0.5428571428571428,0.49295774647887325,0.38235294117647056
0022201090,2023-03-22,1610612750,MIN,W,22022,1610612737,ATL,1,0.4931506849315068,0.5405405405405406,0.5,0.43243243243243246
0022201083,2023-03-22,1610612764,WAS,L,22022,1610612743,DEN,0,0.4444444444444444,0.47058823529411764,0.6666666666666666,0.5
0022201084,2023-03-22,1610612748,MIA,W,22022,1610612752,NYK,1,0.5342465753424658,0.6486486486486487,0.5753424657534246,0.6111111111111112
0022201091,2023-03-22,1610612762,UTA,L,22022,1610612757,POR,0,0.49295774647887325,0.6285714285714286,0.43661971830985913,0.3888888888888889
0022201092,2023-03-22,1610612747,LAL,W,22022,1610612756,PHX,1,0.4861111111111111,0.5277777777777778,0.5352112676056338,0.4166666666666667
0022201085,2023-03-22,1610612761,TOR,L,22022,1610612754,IND,0,0.4861111111111111,0.6388888888888888,0.4444444444444444,0.3611111111111111
0022201089,2023-03-22,1610612749,MIL,W,22022,1610612759,SAS,1,0.7183098591549296,0.8055555555555556,0.2638888888888889,0.17647058823529413
0022201086,2023-03-22,1610612742,DAL,L,22022,1610612744,GSW,0,0.5,0.6111111111111112,0.5068493150684932,0.21621621621621623
0022201087,2023-03-22,1610612741,CHI,L,22022,1610612755,PHI,0,0.4788732394366197,0.5555555555555556,0.676056338028169,0.6470588235294118
0022201088,2023-03-22,1610612763,MEM,W,22022,1610612745,HOU,1,0.6197183098591549,0.8571428571428571,0.25,0.17647058823529413
0022201095,2023-03-23,1610612740,NOP,W,22022,1610612766,CHA,1,0.4861111111111111,0.6388888888888888,0.3150684931506849,0.2972972972972973
0022201096,2023-03-23,1610612746,LAC,W,22022,1610612760,OKC,1,0.5205479452054794,0.5277777777777778,0.5,0.4
0022201094,2023-03-23,1610612751,BKN,L,22022,1610612739,CLE,0,0.5416666666666666,0.5588235294117647,0.6216216216216216,0.4594594594594595
0022201093,2023-03-23,1610612753,ORL,W,22022,1610612752,NYK,1,0.410958904109589,0.4722222222222222,0.5675675675675675,0.5945945945945946
0022201099,2023-03-24,1610612761,TOR,W,22022,1610612765,DET,1,0.4794520547945205,0.6216216216216216,0.2191780821917808,0.2
0022201101,2023-03-24,1610612742,DAL,L,22022,1610612766,CHA,0,0.4931506849315068,0.5945945945945946,0.3108108108108108,0.2894736842105263
0022201102,2023-03-24,1610612762,UTA,L,22022,1610612749,MIL,0,0.4861111111111111,0.6111111111111112,0.7222222222222222,0.6285714285714286
0022201097,2023-03-24,1610612738,BOS,W,22022,1610612754,IND,1,0.684931506849315,0.7428571428571429,0.4520547945205479,0.3783783783783784
0022201105,2023-03-24,1610612758,SAC,W,22022,1610612756,PHX,1,0.5972222222222222,0.5833333333333334,0.5277777777777778,0.40540540540540543
0022201106,2023-03-24,1610612747,LAL,W,22022,1610612760,OKC,1,0.4931506849315068,0.5405405405405406,0.4931506849315068,0.3888888888888889
0022201100,2023-03-24,1610612763,MEM,W,22022,1610612745,HOU,1,0.625,0.8611111111111112,0.2465753424657534,0.17142857142857143
0022201104,2023-03-24,1610612757,POR,L,22022,1610612741,CHI,0,0.4444444444444444,0.4857142857142857,0.4722222222222222,0.4
0022201098,2023-03-24,1610612764,WAS,W,22022,1610612759,SAS,1,0.4383561643835616,0.45714285714285713,0.2602739726027397,0.17142857142857143
0022201103,2023-03-24,1610612744,GSW,W,22022,1610612755,PHI,1,0.5135135135135135,0.8055555555555556,0.6805555555555556,0.6571428571428571
0022201111,2023-03-25,1610612758,SAC,W,22022,1610612762,UTA,1,0.6027397260273972,0.5945945945945946,0.4794520547945205,0.3611111111111111
0022201112,2023-03-25,1610612746,LAC,L,22022,1610612740,NOP,0,0.527027027027027,0.5405405405405406,0.4931506849315068,0.3333333333333333
0022201107,2023-03-25,1610612737,ATL,W,22022,1610612754,IND,1,0.4931506849315068,0.5714285714285714,0.44594594594594594,0.3684210526315789
0022201109,2023-03-25,1610612743,DEN,W,22022,1610612749,MIL,1,0.6712328767123288,0.8333333333333334,0.726027397260274,0.6388888888888888
0022201110,2023-03-25,1610612756,PHX,W,22022,1610612755,PHI,1,0.5205479452054794,0.6571428571428571,0.6712328767123288,0.6388888888888888
0022201108,2023-03-25,1610612748,MIA,L,22022,1610612751,BKN,0,0.5405405405405406,0.6578947368421053,0.5342465753424658,0.5263157894736842
0022201113,2023-03-26,1610612766,CHA,W,22022,1610612742,DAL,1,0.32,0.3333333333333333,0.4864864864864865,0.3888888888888889
0022201121,2023-03-26,1610612744,GSW,L,22022,1610612750,MIN,0,0.52,0.8108108108108109,0.5,0.4444444444444444
0022201114,2023-03-26,1610612747,LAL,L,22022,1610612741,CHI,0,0.5,0.5526315789473685,0.4794520547945205,0.4166666666666667
0022201118,2023-03-26,1610612753,ORL,W,22022,1610612751,BKN,1,0.4189189189189189,0.4864864864864865,0.5405405405405406,0.5384615384615384
0022201115,2023-03-26,1610612737,ATL,L,22022,1610612763,MEM,0,0.5,0.5833333333333334,0.6301369863013698,0.3888888888888889
0022201116,2023-03-26,1610612738,BOS,W,22022,1610612759,SAS,1,0.6891891891891891,0.75,0.25675675675675674,0.16666666666666666
0022201119,2023-03-26,1610612761,TOR,W,22022,1610612764,WAS,1,0.4864864864864865,0.631578947368421,0.44594594594594594,0.42105263157894735
0022201120,2023-03-26,1610612757,POR,L,22022,1610612760,OKC,0,0.4383561643835616,0.4722222222222222,0.4864864864864865,0.3783783783783784
0022201117,2023-03-26,1610612739,CLE,W,22022,1610612745,HOU,1,0.6266666666666667,0.7837837837837838,0.24324324324324326,0.16666666666666666
0022201124,2023-03-27,1610612752,NYK,W,22022,1610612745,HOU,1,0.56,0.5405405405405406,0.24,0.16216216216216217
0022201127,2023-03-27,1610612757,POR,L,22022,1610612740,NOP,0,0.43243243243243246,0.4594594594594595,0.5,0.35135135135135137
0022201129,2023-03-27,1610612746,LAC,W,22022,1610612741,CHI,1,0.52,0.5263157894736842,0.4864864864864865,0.43243243243243246
0022201125,2023-03-27,1610612762,UTA,L,22022,1610612756,PHX,0,0.47297297297297297,0.5945945945945946,0.527027027027027,0.39473684210526316
0022201126,2023-03-27,1610612743,DEN,W,22022,1610612755,PHI,1,0.6756756756756757,0.8378378378378378,0.6621621621621622,0.6216216216216216
0022201128,2023-03-27,1610612758,SAC,L,22022,1610612750,MIN,0,0.6081081081081081,0.6052631578947368,0.5066666666666667,0.4594594594594595
0022201123,2023-03-27,1610612754,IND,L,22022,1610612742,DAL,0,0.44,0.5277777777777778,0.48,0.3783783783783784
0022201122,2023-03-27,1610612765,DET,L,22022,1610612749,MIL,0,0.21621621621621623,0.23684210526315788,0.7162162162162162,0.6216216216216216
0022201133,2023-03-28,1610612763,MEM,W,22022,1610612753,ORL,1,0.6351351351351351,0.8648648648648649,0.4266666666666667,0.35135135135135137
0022201134,2023-03-28,1610612760,OKC,L,22022,1610612766,CHA,0,0.49333333333333335,0.5945945945945946,0.32894736842105265,0.3076923076923077
0022201131,2023-03-28,1610612737,ATL,W,22022,1610612739,CLE,1,0.49333333333333335,0.5675675675675675,0.631578947368421,0.47368421052631576
0022201132,2023-03-28,1610612761,TOR,W,22022,1610612748,MIA,1,0.49333333333333335,0.6410256410256411,0.5333333333333333,0.4166666666666667
0022201135,2023-03-28,1610612744,GSW,W,22022,1610612740,NOP,1,0.5131578947368421,0.7894736842105263,0.5066666666666667,0.3684210526315789
0022201130,2023-03-28,1610612764,WAS,W,22022,1610612738,BOS,1,0.44,0.4722222222222222,0.6933333333333334,0.631578947368421
0022201139,2023-03-29,1610612755,PHI,W,22022,1610612742,DAL,1,0.6533333333333333,0.7027027027027027,0.4868421052631579,0.39473684210526316
0022201145,2023-03-29,1610612757,POR,L,22022,1610612758,SAC,0,0.4266666666666667,0.4473684210526316,0.6,0.6111111111111112
0022201142,2023-03-29,1610612760,OKC,W,22022,1610612765,DET,1,0.4868421052631579,0.5789473684210527,0.21333333333333335,0.19444444444444445
0022201143,2023-03-29,1610612759,SAS,L,22022,1610612762,UTA,0,0.25333333333333335,0.34210526315789475,0.4666666666666667,0.35135135135135137
0022201136,2023-03-29,1610612754,IND,L,22022,1610612749,MIL,0,0.4342105263157895,0.5135135135135135,0.72,0.631578947368421
0022201137,2023-03-29,1610612751,BKN,W,22022,1610612745,HOU,1,0.5333333333333333,0.5428571428571428,0.23684210526315788,0.15789473684210525
0022201144,2023-03-29,1610612756,PHX,W,22022,1610612750,MIN,1,0.5333333333333333,0.6666666666666666,0.5131578947368421,0.47368421052631576
0022201141,2023-03-29,1610612763,MEM,L,22022,1610612746,LAC,0,0.64,0.868421052631579,0.5263157894736842,0.5135135135135135
0022201140,2023-03-29,1610612741,CHI,L,22022,1610612747,LAL,0,0.48,0.5405405405405406,0.49333333333333335,0.4444444444444444
0022201138,2023-03-29,1610612752,NYK,W,22022,1610612748,MIA,1,0.5657894736842105,0.5526315789473685,0.5263157894736842,0.40540540540540543
0022201146,2023-03-30,1610612749,MIL,L,22022,1610612738,BOS,0,0.7236842105263158,0.8108108108108109,0.6842105263157895,0.6153846153846154
0022201147,2023-03-30,1610612743,DEN,L,22022,1610612740,NOP,0,0.68,0.8421052631578947,0.5,0.358974358974359
0022201151,2023-03-31,1610612764,WAS,L,22022,1610612753,ORL,0,0.4473684210526316,0.4864864864864865,0.42105263157894735,0.34210526315789475
0022201150,2023-03-31,1610612755,PHI,W,22022,1610612761,TOR,1,0.6578947368421053,0.7105263157894737,0.5,0.3333333333333333
0022201153,2023-03-31,1610612751,BKN,W,22022,1610612737,ATL,1,0.5394736842105263,0.5555555555555556,0.5,0.42105263157894735
0022201159,2023-03-31,1610612757,POR,L,22022,1610612758,SAC,0,0.42105263157894735,0.4358974358974359,0.6052631578947368,0.6216216216216216
0022201158,2023-03-31,1610612744,GSW,W,22022,1610612759,SAS,1,0.5194805194805194,0.7948717948717948,0.25,0.16216216216216217
0022201156,2023-03-31,1610612763,MEM,W,22022,1610612746,LAC,1,0.631578947368421,0.8461538461538461,0.5324675324675324,0.5263157894736842
0022201157,2023-03-31,1610612750,MIN,L,22022,1610612747,LAL,0,0.5064935064935064,0.5526315789473685,0.5,0.4594594594594595
0022201155,2023-03-31,1610612745,HOU,W,22022,1610612765,DET,1,0.23376623376623376,0.3157894736842105,0.21052631578947367,0.1891891891891892
0022201160,2023-03-31,1610612756,PHX,W,22022,1610612743,DEN,1,0.5394736842105263,0.6756756756756757,0.6710526315789473,0.5135135135135135
0022201148,2023-03-31,1610612766,CHA,L,22022,1610612741,CHI,0,0.33766233766233766,0.35135135135135137,0.47368421052631576,0.42105263157894735
0022201154,2023-03-31,1610612739,CLE,L,22022,1610612752,NYK,0,0.6233766233766234,0.7894736842105263,0.5714285714285714,0.5789473684210527
0022201152,2023-03-31,1610612738,BOS,W,22022,1610612762,UTA,1,0.6883116883116883,0.7567567567567568,0.47368421052631576,0.3684210526315789
0022201149,2023-03-31,1610612754,IND,W,22022,1610612760,OKC,1,0.42857142857142855,0.5,0.4935064935064935,0.39473684210526316
0022201161,2023-04-01,1610612748,MIA,W,22022,1610612742,DAL,1,0.5194805194805194,0.6410256410256411,0.4805194805194805,0.38461538461538464
0022201162,2023-04-01,1610612740,NOP,W,22022,1610612746,LAC,1,0.5064935064935064,0.6486486486486487,0.5256410256410257,0.5128205128205128
0022201166,2023-04-02,1610612750,MIN,L,22022,1610612757,POR,0,0.5,0.5384615384615384,0.4155844155844156,0.40540540540540543
0022201169,2023-04-02,1610612753,ORL,W,22022,1610612765,DET,1,0.42857142857142855,0.5,0.2077922077922078,0.18421052631578946
0022201171,2023-04-02,1610612745,HOU,L,22022,1610612747,LAL,0,0.24358974358974358,0.3333333333333333,0.5064935064935064,0.47368421052631576
0022201172,2023-04-02,1610612760,OKC,L,22022,1610612756,PHX,0,0.48717948717948717,0.5897435897435898,0.5454545454545454,0.41025641025641024
0022201164,2023-04-02,1610612751,BKN,W,22022,1610612762,UTA,1,0.5454545454545454,0.5675675675675675,0.4675324675324675,0.358974358974359
0022201175,2023-04-02,1610612743,DEN,W,22022,1610612744,GSW,1,0.6623376623376623,0.8205128205128205,0.5256410256410257,0.23684210526315788
0022201167,2023-04-02,1610612737,ATL,W,22022,1610612742,DAL,1,0.4935064935064935,0.5789473684210527,0.47435897435897434,0.375
0022201173,2023-04-02,1610612739,CLE,W,22022,1610612754,IND,1,0.6153846153846154,0.7692307692307693,0.4358974358974359,0.358974358974359
0022201170,2023-04-02,1610612758,SAC,L,22022,1610612759,SAS,0,0.6103896103896104,0.5897435897435898,0.24675324675324675,0.15789473684210525
0022201165,2023-04-02,1610612741,CHI,W,22022,1610612763,MEM,1,0.4805194805194805,0.5263157894736842,0.6363636363636364,0.40540540540540543
0022201168,2023-04-02,1610612752,NYK,W,22022,1610612764,WAS,1,0.5769230769230769,0.5641025641025641,0.44155844155844154,0.41025641025641024
0022201163,2023-04-02,1610612766,CHA,L,22022,1610612761,TOR,0,0.3333333333333333,0.34210526315789475,0.4935064935064935,0.32432432432432434
0022201174,2023-04-02,1610612749,MIL,W,22022,1610612755,PHI,1,0.7142857142857143,0.7894736842105263,0.6623376623376623,0.6052631578947368
0022201179,2023-04-04,1610612764,WAS,L,22022,1610612749,MIL,0,0.4358974358974359,0.47368421052631576,0.717948717948718,0.6410256410256411
0022201185,2023-04-04,1610612740,NOP,L,22022,1610612758,SAC,0,0.5128205128205128,0.6578947368421053,0.6025641025641025,0.631578947368421
0022201183,2023-04-04,1610612745,HOU,W,22022,1610612743,DEN,1,0.24050632911392406,0.325,0.6666666666666666,0.5
0022201184,2023-04-04,1610612763,MEM,W,22022,1610612757,POR,1,0.6282051282051282,0.85,0.4230769230769231,0.42105263157894735
0022201188,2023-04-04,1610612756,PHX,W,22022,1610612759,SAS,1,0.5512820512820513,0.6842105263157895,0.2564102564102564,0.1794871794871795
0022201186,2023-04-04,1610612762,UTA,L,22022,1610612747,LAL,0,0.46153846153846156,0.5789473684210527,0.5128205128205128,0.48717948717948717
0022201187,2023-04-04,1610612744,GSW,W,22022,1610612760,OKC,1,0.5189873417721519,0.8,0.4810126582278481,0.38461538461538464
0022201176,2023-04-04,1610612766,CHA,L,22022,1610612761,TOR,0,0.3291139240506329,0.3333333333333333,0.5,0.34210526315789475
0022201180,2023-04-04,1610612751,BKN,L,22022,1610612750,MIN,0,0.5512820512820513,0.5789473684210527,0.4936708860759494,0.46153846153846156
0022201181,2023-04-04,1610612755,PHI,W,22022,1610612738,BOS,1,0.6538461538461539,0.717948717948718,0.6923076923076923,0.625
0022201177,2023-04-04,1610612765,DET,L,22022,1610612748,MIA,0,0.20512820512820512,0.23076923076923078,0.5256410256410257,0.39473684210526316
0022201178,2023-04-04,1610612753,ORL,L,22022,1610612739,CLE,0,0.4358974358974359,0.5128205128205128,0.620253164556962,0.46153846153846156
0022201182,2023-04-04,1610612741,CHI,L,22022,1610612737,ATL,0,0.48717948717948717,0.5384615384615384,0.5,0.41025641025641024
0022201195,2023-04-05,1610612742,DAL,W,22022,1610612758,SAC,1,0.46835443037974683,0.5789473684210527,0.6075949367088608,0.6410256410256411
0022201196,2023-04-05,1610612746,LAC,W,22022,1610612747,LAL,1,0.5189873417721519,0.5384615384615384,0.5189873417721519,0.5
0022201190,2023-04-05,1610612754,IND,L,22022,1610612752,NYK,0,0.43037974683544306,0.5128205128205128,0.5822784810126582,0.5897435897435898
0022201189,2023-04-05,1610612765,DET,L,22022,1610612751,BKN,0,0.20253164556962025,0.225,0.5443037974683544,0.525
0022201191,2023-04-05,1610612737,ATL,W,22022,1610612764,WAS,1,0.5063291139240507,0.5897435897435898,0.43037974683544306,0.4
0022201192,2023-04-05,1610612738,BOS,W,22022,1610612761,TOR,1,0.6835443037974683,0.7631578947368421,0.5063291139240507,0.358974358974359
0022201193,2023-04-05,1610612749,MIL,W,22022,1610612741,CHI,1,0.7215189873417721,0.7948717948717948,0.4810126582278481,0.4358974358974359
0022201194,2023-04-05,1610612740,NOP,W,22022,1610612763,MEM,1,0.5063291139240507,0.6410256410256411,0.6329113924050633,0.39473684210526316
0022201200,2023-04-06,1610612762,UTA,L,22022,1610612760,OKC,0,0.45569620253164556,0.5641025641025641,0.475,0.375
0022201198,2023-04-06,1610612755,PHI,L,22022,1610612748,MIA,0,0.6582278481012658,0.725,0.5316455696202531,0.41025641025641024
0022201197,2023-04-06,1610612753,ORL,L,22022,1610612739,CLE,0,0.43037974683544306,0.5,0.625,0.475
0022201201,2023-04-06,1610612756,PHX,W,22022,1610612743,DEN,1,0.5569620253164557,0.6923076923076923,0.6582278481012658,0.48717948717948717
0022201199,2023-04-06,1610612759,SAS,W,22022,1610612757,POR,1,0.25316455696202533,0.3333333333333333,0.4177215189873418,0.41025641025641024
0022201206,2023-04-07,1610612738,BOS,W,22022,1610612761,TOR,1,0.6875,0.7692307692307693,0.5,0.35
0022201209,2023-04-07,1610612740,NOP,W,22022,1610612752,NYK,1,0.5125,0.65,0.5875,0.6
0022201212,2023-04-07,1610612747,LAL,W,22022,1610612756,PHX,1,0.5125,0.5384615384615384,0.5625,0.425
0022201204,2023-04-07,1610612764,WAS,W,22022,1610612748,MIA,1,0.425,0.46153846153846156,0.5375,0.425
0022201208,2023-04-07,1610612749,MIL,L,22022,1610612763,MEM,0,0.725,0.8,0.625,0.38461538461538464
0022201202,2023-04-07,1610612766,CHA,L,22022,1610612745,HOU,0,0.325,0.325,0.25,0.15384615384615385
0022201211,2023-04-07,1610612758,SAC,L,22022,1610612744,GSW,0,0.6,0.575,0.525,0.23076923076923078
0022201205,2023-04-07,1610612737,ATL,L,22022,1610612755,PHI,0,0.5125,0.6,0.65,0.5897435897435898
0022201210,2023-04-07,1610612742,DAL,L,22022,1610612741,CHI,0,0.475,0.5897435897435898,0.475,0.425
0022201203,2023-04-07,1610612754,IND,L,22022,1610612765,DET,0,0.425,0.5,0.2,0.1794871794871795
0022201207,2023-04-07,1610612751,BKN,W,22022,1610612753,ORL,1,0.55,0.5641025641025641,0.425,0.358974358974359
0022201215,2023-04-08,1610612746,LAC,W,22022,1610612757,POR,1,0.525,0.55,0.4125,0.4
0022201213,2023-04-08,1610612762,UTA,W,22022,1610612743,DEN,1,0.45,0.55,0.65,0.475
0022201214,2023-04-08,1610612759,SAS,L,22022,1610612750,MIN,0,0.2625,0.35,0.5,0.475
0022201226,2023-04-09,1610612760,OKC,W,22022,1610612763,MEM,1,0.48148148148148145,0.575,0.6296296296296297,0.4
0022201218,2023-04-09,1610612739,CLE,L,22022,1610612766,CHA,0,0.6296296296296297,0.775,0.32098765432098764,0.325
0022201217,2023-04-09,1610612751,BKN,L,22022,1610612755,PHI,0,0.5555555555555556,0.575,0.654320987654321,0.6
0022201227,2023-04-09,1610612743,DEN,W,22022,1610612758,SAC,1,0.6419753086419753,0.825,0.5925925925925926,0.625
0022201222,2023-04-09,1610612764,WAS,L,22022,1610612745,HOU,0,0.43209876543209874,0.475,0.25925925925925924,0.175
0022201229,2023-04-09,1610612756,PHX,L,22022,1610612746,LAC,0,0.5555555555555556,0.7,0.5308641975308642,0.5
0022201225,2023-04-09,1610612750,MIN,W,22022,1610612740,NOP,1,0.5061728395061729,0.525,0.5185185185185185,0.375
0022201223,2023-04-09,1610612741,CHI,W,22022,1610612765,DET,1,0.48148148148148145,0.525,0.20987654320987653,0.2
0022201228,2023-04-09,1610612747,LAL,W,22022,1610612762,UTA,1,0.5185185185185185,0.55,0.4567901234567901,0.35
0022201219,2023-04-09,1610612748,MIA,W,22022,1610612753,ORL,1,0.5308641975308642,0.65,0.41975308641975306,0.35
0022201216,2023-04-09,1610612738,BOS,W,22022,1610612737,ATL,1,0.691358024691358,0.775,0.5061728395061729,0.425
0022201220,2023-04-09,1610612752,NYK,L,22022,1610612754,IND,0,0.5802469135802469,0.575,0.41975308641975306,0.35
0022201230,2023-04-09,1610612757,POR,L,22022,1610612744,GSW,0,0.4074074074074074,0.425,0.5308641975308642,0.25
0022201224,2023-04-09,1610612742,DAL,L,22022,1610612759,SAS,0,0.4691358024691358,0.575,0.25925925925925924,0.175
0022201221,2023-04-09,1610612761,TOR,W,22022,1610612749,MIL,1,0.49382716049382713,0.65,0.7160493827160493,0.65
0022300062,2023-10-24,1610612744,GSW,L,22023,1610612756,PHX,0,0.5,0.5,0.5,0.5
0022300061,2023-10-24,1610612743,DEN,W,22023,1610612747,LAL,1,0.5,0.5,0.5,0.5
0022300063,2023-10-25,1610612766,CHA,W,22023,1610612737,ATL,1,0.5,0.5,0.5,0.5
0022300064,2023-10-25,1610612754,IND,W,22023,1610612764,WAS,1,0.5,0.5,0.5,0.5
0022300068,2023-10-25,1610612748,MIA,W,22023,1610612765,DET,1,0.5,0.5,0.5,0.5
0022300072,2023-10-25,1610612762,UTA,L,22023,1610612758,SAC,0,0.5,0.5,0.5,0.5
0022300069,2023-10-25,1610612761,TOR,W,22023,1610612750,MIN,1,0.5,0.5,0.5,0.5
0022300067,2023-10-25,1610612751,BKN,L,22023,1610612739,CLE,0,0.5,0.5,0.5,0.5
0022300065,2023-10-25,1610612752,NYK,L,22023,1610612738,BOS,0,0.5,0.5,0.5,0.5
0022300074,2023-10-25,1610612746,LAC,W,22023,1610612757,POR,1,0.5,0.5,0.5,0.5
0022300073,2023-10-25,1610612759,SAS,L,22023,1610612742,DAL,0,0.5,0.5,0.5,0.5
0022300070,2023-10-25,1610612741,CHI,L,22023,1610612760,OKC,0,0.5,0.5,0.5,0.5
0022300066,2023-10-25,1610612753,ORL,W,22023,1610612745,HOU,1,0.5,0.5,0.5,0.5
0022300071,2023-10-25,1610612763,MEM,L,22023,1610612740,NOP,0,0.5,0.5,0.5,0.5
0022300076,2023-10-26,1610612747,LAL,W,22023,1610612756,PHX,1,0.0,0.5,1.0,1.0
0022300075,2023-10-26,1610612749,MIL,W,22023,1610612755,PHI,1,0.5,0.5,0.5,0.5
0022300086,2023-10-27,1610612757,POR,L,22023,1610612753,ORL,0,0.0,0.5,1.0,0.5
0022300078,2023-10-27,1610612763,MEM,L,22023,1610612743,DEN,0,0.0,0.0,1.0,0.5
0022300082,2023-10-27,1610612741,CHI,W,22023,1610612761,TOR,1,0.0,0.0,1.0,0.5
0022300085,2023-10-27,1610612762,UTA,W,22023,1610612746,LAC,1,0.0,0.0,1.0,0.5
0022300081,2023-10-27,1610612739,CLE,L,22023,1610612760,OKC,0,1.0,0.5,1.0,1.0
0022300087,2023-10-27,1610612758,SAC,L,22023,1610612744,GSW,0,1.0,0.5,0.0,0.5
0022300077,2023-10-27,1610612766,CHA,L,22023,1610612765,DET,0,1.0,1.0,0.0,0.0
0022300084,2023-10-27,1610612742,DAL,W,22023,1610612751,BKN,1,1.0,0.5,0.0,0.5
0022300079,2023-10-27,1610612737,ATL,L,22023,1610612752,NYK,0,0.0,0.5,0.0,0.5
0022300080,2023-10-27,1610612738,BOS,W,22023,1610612748,MIA,1,1.0,0.5,1.0,0.5
0022300083,2023-10-27,1610612759,SAS,W,22023,1610612745,HOU,1,0.0,0.0,0.0,0.0
0022300091,2023-10-28,1610612739,CLE,L,22023,1610612754,IND,0,0.5,0.0,1.0,0.5
0022300088,2023-10-28,1610612765,DET,W,22023,1610612741,CHI,1,0.5,0.5,0.5,0.5
0022300093,2023-10-28,1610612750,MIN,W,22023,1610612748,MIA,1,0.0,0.5,0.5,0.0
0022300090,2023-10-28,1610612740,NOP,W,22023,1610612752,NYK,1,1.0,0.5,0.5,1.0
0022300092,2023-10-28,1610612761,TOR,L,22023,1610612755,PHI,0,0.5,1.0,0.0,0.0
0022300089,2023-10-28,1610612764,WAS,W,22023,1610612763,MEM,1,0.0,0.5,0.0,0.5
0022300094,2023-10-28,1610612756,PHX,W,22023,1610612762,UTA,1,0.5,0.5,0.5,0.5
0022300097,2023-10-29,1610612749,MIL,L,22023,1610612737,ATL,0,1.0,1.0,0.0,0.0
0022300098,2023-10-29,1610612755,PHI,W,22023,1610612757,POR,1,0.5,0.5,0.0,0.0
0022300096,2023-10-29,1610612745,HOU,L,22023,1610612744,GSW,0,0.0,0.5,0.5,1.0
0022300100,2023-10-29,1610612758,SAC,W,22023,1610612747,LAL,1,0.5,0.0,0.5,0.0
0022300095,2023-10-29,1610612760,OKC,L,22023,1610612743,DEN,0,1.0,0.5,1.0,1.0
0022300099,2023-10-29,1610612746,LAC,W,22023,1610612759,SAS,1,0.5,1.0,0.5,0.5
0022300111,2023-10-30,1610612747,LAL,W,22023,1610612753,ORL,1,0.3333333333333333,1.0,1.0,1.0
0022300110,2023-10-30,1610612743,DEN,W,22023,1610612762,UTA,1,1.0,1.0,0.3333333333333333,0.0
0022300108,2023-10-30,1610612740,NOP,L,22023,1610612744,GSW,0,1.0,1.0,0.6666666666666666,1.0
0022300109,2023-10-30,1610612760,OKC,W,22023,1610612765,DET,1,0.6666666666666666,0.0,0.6666666666666666,0.5
0022300104,2023-10-30,1610612737,ATL,W,22023,1610612750,MIN,1,0.3333333333333333,0.0,0.5,0.0
0022300105,2023-10-30,1610612761,TOR,L,22023,1610612757,POR,0,0.3333333333333333,0.5,0.0,0.0
0022300101,2023-10-30,1610612766,CHA,L,22023,1610612751,BKN,0,0.5,0.5,0.0,0.0
0022300107,2023-10-30,1610612749,MIL,W,22023,1610612748,MIA,1,0.5,0.5,0.3333333333333333,0.0
0022300102,2023-10-30,1610612754,IND,L,22023,1610612741,CHI,0,1.0,1.0,0.3333333333333333,0.0
0022300106,2023-10-30,1610612763,MEM,L,22023,1610612742,DAL,0,0.0,0.0,1.0,1.0
0022300103,2023-10-30,1610612764,WAS,L,22023,1610612738,BOS,0,0.5,1.0,1.0,1.0
0022300112,2023-10-31,1610612739,CLE,L,22023,1610612752,NYK,0,0.3333333333333333,0.0,0.3333333333333333,0.5
0022300113,2023-10-31,1610612756,PHX,L,22023,1610612759,SAS,0,0.6666666666666666,1.0,0.3333333333333333,0.0
0022300114,2023-10-31,1610612746,LAC,W,22023,1610612753,ORL,1,0.6666666666666666,1.0,0.6666666666666666,0.5
0022300124,2023-11-01,1610612742,DAL,W,22023,1610612741,CHI,1,1.0,1.0,0.5,0.5
0022300116,2023-11-01,1610612761,TOR,W,22023,1610612749,MIL,1,0.25,0.3333333333333333,0.6666666666666666,0.5
0022300125,2023-11-01,1610612762,UTA,W,22023,1610612763,MEM,1,0.25,0.5,0.0,0.0
0022300115,2023-11-01,1610612765,DET,L,22023,1610612757,POR,0,0.5,1.0,0.25,0.3333333333333333
0022300119,2023-11-01,1610612748,MIA,L,22023,1610612751,BKN,0,0.25,1.0,0.3333333333333333,0.5
0022300123,2023-11-01,1610612750,MIN,W,22023,1610612743,DEN,1,0.3333333333333333,1.0,1.0,1.0
0022300126,2023-11-01,1610612744,GSW,W,22023,1610612758,SAC,1,0.75,0.0,0.6666666666666666,1.0
0022300122,2023-11-01,1610612745,HOU,W,22023,1610612766,CHA,1,0.0,0.0,0.3333333333333333,0.5
0022300120,2023-11-01,1610612752,NYK,L,22023,1610612739,CLE,0,0.5,0.0,0.25,1.0
0022300121,2023-11-01,1610612760,OKC,L,22023,1610612740,NOP,0,0.75,0.5,0.6666666666666666,1.0
0022300118,2023-11-01,1610612738,BOS,W,22023,1610612754,IND,1,1.0,1.0,0.6666666666666666,1.0
0022300117,2023-11-01,1610612737,ATL,W,22023,1610612764,WAS,1,0.5,0.5,0.3333333333333333,0.0
0022300127,2023-11-01,1610612747,LAL,W,22023,1610612746,LAC,1,0.5,1.0,0.75,0.0
0022300131,2023-11-02,1610612756,PHX,L,22023,1610612759,SAS,0,0.5,0.5,0.5,0.5
0022300128,2023-11-02,1610612755,PHI,W,22023,1610612761,TOR,1,0.6666666666666666,1.0,0.4,0.0
0022300130,2023-11-02,1610612762,UTA,L,22023,1610612753,ORL,0,0.4,0.6666666666666666,0.5,0.3333333333333333
0022300129,2023-11-02,1610612740,NOP,W,22023,1610612765,DET,1,0.75,0.5,0.4,0.3333333333333333
0022300007,2023-11-03,1610612757,POR,W,22023,1610612763,MEM,1,0.4,0.0,0.0,0.0
0022300004,2023-11-03,1610612741,CHI,L,22023,1610612751,BKN,0,0.4,0.5,0.5,0.6666666666666666
0022300003,2023-11-03,1610612748,MIA,W,22023,1610612764,WAS,1,0.2,0.5,0.25,0.0
0022300005,2023-11-03,1610612760,OKC,L,22023,1610612744,GSW,0,0.6,0.3333333333333333,0.8,1.0
0022300002,2023-11-03,1610612749,MIL,W,22023,1610612752,NYK,1,0.5,0.6666666666666666,0.4,0.6666666666666666
0022300006,2023-11-03,1610612743,DEN,W,22023,1610612742,DAL,1,0.8,1.0,1.0,1.0
0022300001,2023-11-03,1610612754,IND,W,22023,1610612739,CLE,1,0.5,0.5,0.4,1.0
0022300139,2023-11-04,1610612743,DEN,W,22023,1610612741,CHI,1,0.8333333333333334,1.0,0.3333333333333333,0.3333333333333333
0022300133,2023-11-04,1610612754,IND,L,22023,1610612766,CHA,0,0.6,0.6666666666666666,0.25,0.0
0022300137,2023-11-04,1610612745,HOU,W,22023,1610612758,SAC,1,0.25,0.5,0.5,0.5
0022300132,2023-11-04,1610612755,PHI,W,22023,1610612756,PHX,1,0.75,1.0,0.4,0.5
0022300135,2023-11-04,1610612740,NOP,L,22023,1610612737,ATL,0,0.8,0.6666666666666666,0.6,0.5
0022300134,2023-11-04,1610612753,ORL,W,22023,1610612747,LAL,1,0.6,1.0,0.6,0.0
0022300136,2023-11-04,1610612751,BKN,L,22023,1610612738,BOS,0,0.6,0.0,1.0,1.0
0022300138,2023-11-04,1610612750,MIN,W,22023,1610612762,UTA,1,0.5,1.0,0.3333333333333333,0.0
0022300141,2023-11-05,1610612759,SAS,L,22023,1610612761,TOR,0,0.6,0.5,0.3333333333333333,0.0
0022300143,2023-11-05,1610612742,DAL,W,22023,1610612766,CHA,1,0.8,1.0,0.4,0.5
0022300144,2023-11-05,1610612757,POR,L,22023,1610612763,MEM,0,0.5,0.5,0.0,0.0
0022300140,2023-11-05,1610612765,DET,L,22023,1610612756,PHX,0,0.3333333333333333,0.5,0.3333333333333333,0.3333333333333333
0022300142,2023-11-05,1610612739,CLE,W,22023,1610612744,GSW,1,0.3333333333333333,0.0,0.8333333333333334,1.0
0022300148,2023-11-06,1610612755,PHI,W,22023,1610612764,WAS,1,0.8,1.0,0.2,0.0
0022300146,2023-11-06,1610612754,IND,W,22023,1610612759,SAS,1,0.5,0.5,0.5,0.6666666666666666
0022300147,2023-11-06,1610612753,ORL,L,22023,1610612742,DAL,0,0.6666666666666666,1.0,0.8333333333333334,0.6666666666666666
0022300152,2023-11-06,1610612741,CHI,W,22023,1610612762,UTA,1,0.2857142857142857,0.3333333333333333,0.2857142857142857,0.0
0022300154,2023-11-06,1610612750,MIN,W,22023,1610612738,BOS,1,0.6,1.0,1.0,1.0
0022300155,2023-11-06,1610612760,OKC,W,22023,1610612737,ATL,1,0.5,0.25,0.6666666666666666,0.6666666666666666
0022300156,2023-11-06,1610612743,DEN,W,22023,1610612740,NOP,1,0.8571428571428571,1.0,0.6666666666666666,1.0
0022300153,2023-11-06,1610612745,HOU,W,22023,1610612758,SAC,1,0.4,0.6666666666666666,0.4,0.3333333333333333
0022300150,2023-11-06,1610612748,MIA,W,22023,1610612747,LAL,1,0.3333333333333333,0.6666666666666666,0.5,0.0
0022300151,2023-11-06,1610612752,NYK,W,22023,1610612746,LAC,1,0.3333333333333333,0.0,0.6,0.0
0022300145,2023-11-06,1610612765,DET,L,22023,1610612744,GSW,0,0.2857142857142857,0.3333333333333333,0.7142857142857143,0.8
0022300149,2023-11-06,1610612751,BKN,L,22023,1610612749,MIL,0,0.5,0.0,0.6,0.0
0022300170,2023-11-08,1610612758,SAC,W,22023,1610612757,POR,1,0.3333333333333333,0.5,0.42857142857142855,0.5
0022300159,2023-11-08,1610612755,PHI,W,22023,1610612738,BOS,1,0.8333333333333334,1.0,0.8333333333333334,0.75
0022300161,2023-11-08,1610612752,NYK,W,22023,1610612759,SAS,1,0.42857142857142855,0.3333333333333333,0.42857142857142855,0.5
0022300165,2023-11-08,1610612749,MIL,W,22023,1610612765,DET,1,0.6666666666666666,0.75,0.25,0.25
0022300163,2023-11-08,1610612745,HOU,W,22023,1610612747,LAL,1,0.5,0.75,0.42857142857142855,0.0
0022300158,2023-11-08,1610612754,IND,W,22023,1610612762,UTA,1,0.5714285714285714,0.6,0.25,0.0
0022300160,2023-11-08,1610612751,BKN,W,22023,1610612746,LAC,1,0.42857142857142855,0.0,0.5,0.0
0022300157,2023-11-08,1610612766,CHA,L,22023,1610612764,WAS,0,0.3333333333333333,0.3333333333333333,0.16666666666666666,0.0
0022300167,2023-11-08,1610612760,OKC,W,22023,1610612739,CLE,1,0.5714285714285714,0.4,0.42857142857142855,0.6666666666666666
0022300169,2023-11-08,1610612743,DEN,W,22023,1610612744,GSW,1,0.875,1.0,0.75,0.8333333333333334
0022300168,2023-11-08,1610612742,DAL,L,22023,1610612761,TOR,0,0.8571428571428571,1.0,0.42857142857142855,0.3333333333333333
0022300164,2023-11-08,1610612763,MEM,L,22023,1610612748,MIA,0,0.14285714285714285,0.0,0.42857142857142855,0.0
0022300162,2023-11-08,1610612741,CHI,L,22023,1610612756,PHX,0,0.375,0.5,0.42857142857142855,0.5
0022300166,2023-11-08,1610612750,MIN,W,22023,1610612740,NOP,1,0.6666666666666666,1.0,0.5714285714285714,0.6666666666666666
0022300172,2023-11-09,1610612753,ORL,L,22023,1610612737,ATL,0,0.5714285714285714,0.6666666666666666,0.5714285714285714,0.5
0022300171,2023-11-09,1610612754,IND,W,22023,1610612749,MIL,1,0.625,0.6666666666666666,0.7142857142857143,0.5
0022300011,2023-11-10,1610612745,HOU,W,22023,1610612740,NOP,1,0.5714285714285714,0.8,0.5,0.5
0022300015,2023-11-10,1610612756,PHX,L,22023,1610612747,LAL,0,0.5,0.3333333333333333,0.375,0.0
0022300014,2023-11-10,1610612742,DAL,W,22023,1610612746,LAC,1,0.75,0.75,0.42857142857142855,0.0
0022300009,2023-11-10,1610612764,WAS,L,22023,1610612766,CHA,0,0.2857142857142857,0.5,0.2857142857142857,0.3333333333333333
0022300010,2023-11-10,1610612738,BOS,W,22023,1610612751,BKN,1,0.7142857142857143,1.0,0.5,0.75
0022300012,2023-11-10,1610612763,MEM,L,22023,1610612762,UTA,0,0.125,0.0,0.2222222222222222,0.0
0022300016,2023-11-10,1610612758,SAC,W,22023,1610612760,OKC,1,0.42857142857142855,0.6666666666666666,0.625,1.0
0022300013,2023-11-10,1610612759,SAS,L,22023,1610612750,MIN,0,0.375,0.3333333333333333,0.7142857142857143,0.0
0022300008,2023-11-10,1610612765,DET,L,22023,1610612755,PHI,0,0.2222222222222222,0.25,0.8571428571428571,0.5
0022300175,2023-11-11,1610612737,ATL,L,22023,1610612748,MIA,0,0.625,0.6666666666666666,0.5,0.25
0022300174,2023-11-11,1610612738,BOS,W,22023,1610612761,TOR,1,0.75,1.0,0.5,0.5
0022300176,2023-11-11,1610612744,GSW,L,22023,1610612739,CLE,0,0.6666666666666666,0.5,0.375,0.5
0022300173,2023-11-11,1610612753,ORL,W,22023,1610612749,MIL,1,0.5,0.5,0.625,0.3333333333333333
0022300186,2023-11-12,1610612744,GSW,L,22023,1610612750,MIN,0,0.6,0.3333333333333333,0.75,0.3333333333333333
0022300178,2023-11-12,1610612751,BKN,W,22023,1610612764,WAS,1,0.4444444444444444,0.25,0.25,0.2
0022300185,2023-11-12,1610612756,PHX,L,22023,1610612760,OKC,0,0.4444444444444444,0.25,0.5555555555555556,0.6666666666666666
0022300177,2023-11-12,1610612752,NYK,W,22023,1610612766,CHA,1,0.5,0.5,0.375,0.5
0022300187,2023-11-12,1610612747,LAL,W,22023,1610612757,POR,1,0.4444444444444444,1.0,0.375,0.4
0022300179,2023-11-12,1610612746,LAC,L,22023,1610612763,MEM,0,0.375,1.0,0.1111111111111111,0.25
0022300183,2023-11-12,1610612740,NOP,L,22023,1610612742,DAL,0,0.4444444444444444,0.5,0.7777777777777778,0.75
0022300180,2023-11-12,1610612755,PHI,W,22023,1610612754,IND,1,0.875,1.0,0.6666666666666666,0.5
0022300182,2023-11-12,1610612745,HOU,W,22023,1610612743,DEN,1,0.625,0.8333333333333334,0.8888888888888888,0.6666666666666666
0022300181,2023-11-12,1610612741,CHI,W,22023,1610612765,DET,1,0.3333333333333333,0.4,0.2,0.2
0022300184,2023-11-12,1610612759,SAS,L,22023,1610612748,MIA,0,0.3333333333333333,0.25,0.5555555555555556,0.4
0022300188,2023-11-13,1610612738,BOS,W,22023,1610612752,NYK,1,0.7777777777777778,1.0,0.5555555555555556,0.5
0022300191,2023-11-13,1610612758,SAC,W,22023,1610612739,CLE,1,0.5,0.75,0.4444444444444444,0.6
0022300189,2023-11-13,1610612761,TOR,W,22023,1610612764,WAS,1,0.4444444444444444,0.5,0.2222222222222222,0.16666666666666666
0022300190,2023-11-13,1610612749,MIL,W,22023,1610612741,CHI,1,0.5555555555555556,0.8,0.4,0.25
0022300020,2023-11-14,1610612751,BKN,W,22023,1610612753,ORL,1,0.5,0.4,0.5555555555555556,0.5
0022300019,2023-11-14,1610612755,PHI,L,22023,1610612754,IND,0,0.8888888888888888,1.0,0.6,0.3333333333333333
0022300026,2023-11-14,1610612747,LAL,W,22023,1610612763,MEM,1,0.5,1.0,0.2,0.4
0022300017,2023-11-14,1610612766,CHA,L,22023,1610612748,MIA,0,0.3333333333333333,0.25,0.6,0.5
0022300025,2023-11-14,1610612744,GSW,L,22023,1610612750,MIN,0,0.5454545454545454,0.25,0.7777777777777778,0.5
0022300024,2023-11-14,1610612743,DEN,W,22023,1610612746,LAC,1,0.8,1.0,0.3333333333333333,0.0
0022300022,2023-11-14,1610612740,NOP,W,22023,1610612742,DAL,1,0.4,0.4,0.8,0.8
0022300018,2023-11-14,1610612765,DET,L,22023,1610612737,ATL,0,0.18181818181818182,0.2,0.5555555555555556,0.6
0022300023,2023-11-14,1610612762,UTA,W,22023,1610612757,POR,1,0.3,0.5,0.3333333333333333,0.3333333333333333
0022300021,2023-11-14,1610612760,OKC,W,22023,1610612759,SAS,1,0.6,0.5,0.3,0.4
0022300196,2023-11-15,1610612741,CHI,L,22023,1610612753,ORL,0,0.36363636363636365,0.5,0.5,0.4
0022300197,2023-11-15,1610612756,PHX,W,22023,1610612750,MIN,1,0.4,0.2,0.8,0.6
0022300194,2023-11-15,1610612755,PHI,L,22023,1610612738,BOS,0,0.8,0.8571428571428571,0.8,0.6
0022300193,2023-11-15,1610612737,ATL,L,22023,1610612752,NYK,0,0.6,0.5,0.5,0.4
0022300199,2023-11-15,1610612757,POR,L,22023,1610612739,CLE,0,0.3,0.3333333333333333,0.4,0.5
0022300198,2023-11-15,1610612747,LAL,L,22023,1610612758,SAC,0,0.5454545454545454,1.0,0.5555555555555556,0.25
0022300195,2023-11-15,1610612761,TOR,L,22023,1610612749,MIL,0,0.5,0.6,0.6,0.25
0022300192,2023-11-15,1610612764,WAS,L,22023,1610612742,DAL,0,0.2,0.3333333333333333,0.7272727272727273,0.6666666666666666
0022300201,2023-11-16,1610612744,GSW,L,22023,1610612760,OKC,0,0.5,0.2,0.6363636363636364,0.75
0022300200,2023-11-16,1610612748,MIA,W,22023,1610612751,BKN,1,0.6363636363636364,0.75,0.5454545454545454,0.6
0022300029,2023-11-17,1610612737,ATL,L,22023,1610612755,PHI,0,0.5454545454545454,0.4,0.7272727272727273,0.6666666666666666
0022300034,2023-11-17,1610612740,NOP,W,22023,1610612743,DEN,1,0.45454545454545453,0.5,0.8181818181818182,0.5
0022300027,2023-11-17,1610612766,CHA,L,22023,1610612749,MIL,0,0.3,0.2,0.6363636363636364,0.4
0022300030,2023-11-17,1610612739,CLE,W,22023,1610612765,DET,1,0.45454545454545453,0.25,0.16666666666666666,0.16666666666666666
0022300028,2023-11-17,1610612764,WAS,L,22023,1610612752,NYK,0,0.18181818181818182,0.25,0.5454545454545454,0.5
0022300035,2023-11-17,1610612762,UTA,L,22023,1610612756,PHX,0,0.36363636363636365,0.6,0.45454545454545453,0.6
0022300037,2023-11-17,1610612746,LAC,W,22023,1610612745,HOU,1,0.3,0.75,0.6666666666666666,0.0
0022300032,2023-11-17,1610612759,SAS,L,22023,1610612758,SAC,0,0.2727272727272727,0.2,0.6,0.4
0022300036,2023-11-17,1610612757,POR,L,22023,1610612747,LAL,0,0.2727272727272727,0.25,0.5,0.16666666666666666
0022300033,2023-11-17,1610612741,CHI,L,22023,1610612753,ORL,0,0.3333333333333333,0.42857142857142855,0.5454545454545454,0.5
0022300031,2023-11-17,1610612761,TOR,L,22023,1610612738,BOS,0,0.45454545454545453,0.5,0.8181818181818182,0.6666666666666666
0022300203,2023-11-18,1610612740,NOP,L,22023,1610612750,MIN,0,0.5,0.5714285714285714,0.7272727272727273,0.5
0022300207,2023-11-18,1610612744,GSW,L,22023,1610612760,OKC,0,0.46153846153846156,0.16666666666666666,0.6666666666666666,0.8
0022300206,2023-11-18,1610612759,SAS,L,22023,1610612763,MEM,0,0.25,0.16666666666666666,0.18181818181818182,0.3333333333333333
0022300205,2023-11-18,1610612749,MIL,W,22023,1610612742,DAL,1,0.6666666666666666,0.8333333333333334,0.75,0.7142857142857143
0022300202,2023-11-18,1610612766,CHA,L,22023,1610612752,NYK,0,0.2727272727272727,0.16666666666666666,0.5833333333333334,0.5714285714285714
0022300204,2023-11-18,1610612741,CHI,W,22023,1610612748,MIA,1,0.3076923076923077,0.375,0.6666666666666666,0.5714285714285714
0022300212,2023-11-19,1610612742,DAL,L,22023,1610612758,SAC,0,0.6923076923076923,0.8,0.6363636363636364,0.5
0022300211,2023-11-19,1610612761,TOR,W,22023,1610612765,DET,1,0.4166666666666667,0.42857142857142855,0.15384615384615385,0.14285714285714285
0022300210,2023-11-19,1610612739,CLE,W,22023,1610612743,DEN,1,0.5,0.4,0.75,0.4
0022300208,2023-11-19,1610612751,BKN,L,22023,1610612755,PHI,0,0.5,0.5,0.75,0.75
0022300213,2023-11-19,1610612763,MEM,L,22023,1610612738,BOS,0,0.25,0.0,0.8333333333333334,0.7142857142857143
0022300216,2023-11-19,1610612747,LAL,W,22023,1610612745,HOU,1,0.5384615384615384,0.8333333333333334,0.6,0.0
0022300209,2023-11-19,1610612754,IND,L,22023,1610612753,ORL,0,0.6363636363636364,0.7142857142857143,0.5833333333333334,0.5714285714285714
0022300215,2023-11-19,1610612757,POR,L,22023,1610612760,OKC,0,0.25,0.2,0.6923076923076923,0.8333333333333334
0022300214,2023-11-19,1610612762,UTA,L,22023,1610612756,PHX,0,0.3333333333333333,0.5,0.5,0.6666666666666666
0022300221,2023-11-20,1610612750,MIN,W,22023,1610612752,NYK,1,0.75,1.0,0.6153846153846154,0.625
0022300220,2023-11-20,1610612741,CHI,L,22023,1610612748,MIA,0,0.35714285714285715,0.4444444444444444,0.6153846153846154,0.5
0022300218,2023-11-20,1610612765,DET,L,22023,1610612743,DEN,0,0.14285714285714285,0.16666666666666666,0.6923076923076923,0.3333333333333333
0022300222,2023-11-20,1610612740,NOP,W,22023,1610612758,SAC,1,0.46153846153846156,0.5,0.6666666666666666,0.5714285714285714
0022300217,2023-11-20,1610612766,CHA,W,22023,1610612738,BOS,1,0.25,0.14285714285714285,0.8461538461538461,0.75
0022300224,2023-11-20,1610612744,GSW,W,22023,1610612745,HOU,1,0.42857142857142855,0.14285714285714285,0.5454545454545454,0.0
0022300223,2023-11-20,1610612759,SAS,L,22023,1610612746,LAC,0,0.23076923076923078,0.14285714285714285,0.36363636363636365,0.0
0022300219,2023-11-20,1610612764,WAS,L,22023,1610612749,MIL,0,0.16666666666666666,0.2,0.6923076923076923,0.5
0022300039,2023-11-21,1610612737,ATL,L,22023,1610612754,IND,0,0.5,0.3333333333333333,0.5833333333333334,0.5
0022300040,2023-11-21,1610612755,PHI,L,22023,1610612739,CLE,0,0.7692307692307693,0.75,0.5384615384615384,0.5714285714285714
0022300038,2023-11-21,1610612753,ORL,W,22023,1610612761,TOR,1,0.6153846153846154,0.6,0.46153846153846156,0.4
0022300042,2023-11-21,1610612747,LAL,W,22023,1610612762,UTA,1,0.5714285714285714,0.8571428571428571,0.3076923076923077,0.16666666666666666
0022300041,2023-11-21,1610612756,PHX,W,22023,1610612757,POR,1,0.5384615384615384,0.3333333333333333,0.23076923076923078,0.2857142857142857
0022300234,2023-11-22,1610612760,OKC,W,22023,1610612741,CHI,1,0.7142857142857143,0.5714285714285714,0.3333333333333333,0.2
0022300226,2023-11-22,1610612753,ORL,W,22023,1610612743,DEN,1,0.6428571428571429,0.6666666666666666,0.7142857142857143,0.42857142857142855
0022300236,2023-11-22,1610612756,PHX,W,22023,1610612744,GSW,1,0.5714285714285714,0.42857142857142855,0.4666666666666667,0.7142857142857143
0022300232,2023-11-22,1610612750,MIN,W,22023,1610612755,PHI,1,0.7692307692307693,1.0,0.7142857142857143,0.8
0022300227,2023-11-22,1610612737,ATL,W,22023,1610612751,BKN,1,0.46153846153846156,0.2857142857142857,0.46153846153846156,0.5
0022300231,2023-11-22,1610612745,HOU,W,22023,1610612763,MEM,1,0.5,0.8571428571428571,0.23076923076923078,0.42857142857142855
0022300229,2023-11-22,1610612739,CLE,L,22023,1610612748,MIA,0,0.5714285714285714,0.5,0.6428571428571429,0.5555555555555556
0022300228,2023-11-22,1610612738,BOS,W,22023,1610612749,MIL,1,0.7857142857142857,1.0,0.7142857142857143,0.5714285714285714
0022300233,2023-11-22,1610612740,NOP,W,22023,1610612758,SAC,1,0.5,0.5555555555555556,0.6153846153846154,0.5
0022300237,2023-11-22,1610612757,POR,W,22023,1610612762,UTA,1,0.21428571428571427,0.16666666666666666,0.2857142857142857,0.14285714285714285
0022300235,2023-11-22,1610612759,SAS,L,22023,1610612746,LAC,0,0.21428571428571427,0.125,0.4166666666666667,0.14285714285714285
0022300230,2023-11-22,1610612754,IND,L,22023,1610612761,TOR,0,0.6153846153846154,0.625,0.42857142857142855,0.3333333333333333
0022300225,2023-11-22,1610612766,CHA,W,22023,1610612764,WAS,1,0.3076923076923077,0.25,0.15384615384615385,0.14285714285714285
0022300238,2023-11-22,1610612747,LAL,L,22023,1610612742,DAL,0,0.6,0.875,0.6428571428571429,0.625
0022300044,2023-11-24,1610612763,MEM,L,22023,1610612756,PHX,0,0.21428571428571427,0.0,0.6,0.7142857142857143
0022300052,2023-11-24,1610612746,LAC,L,22023,1610612740,NOP,0,0.46153846153846156,0.8,0.5333333333333333,0.4
0022300046,2023-11-24,1610612761,TOR,W,22023,1610612741,CHI,1,0.4666666666666667,0.5,0.3125,0.16666666666666666
0022300051,2023-11-24,1610612744,GSW,W,22023,1610612759,SAS,1,0.4375,0.25,0.2,0.3333333333333333
0022300045,2023-11-24,1610612752,NYK,W,22023,1610612748,MIA,1,0.5714285714285714,0.6,0.6666666666666666,0.6
0022300048,2023-11-24,1610612745,HOU,W,22023,1610612743,DEN,1,0.5384615384615384,0.875,0.6666666666666666,0.375
0022300049,2023-11-24,1610612749,MIL,W,22023,1610612764,WAS,1,0.6666666666666666,0.8571428571428571,0.14285714285714285,0.125
0022300050,2023-11-24,1610612750,MIN,L,22023,1610612758,SAC,0,0.7857142857142857,1.0,0.5714285714285714,0.4444444444444444
0022300043,2023-11-24,1610612753,ORL,W,22023,1610612738,BOS,1,0.6666666666666666,0.7142857142857143,0.8,0.6666666666666666
0022300047,2023-11-24,1610612754,IND,W,22023,1610612765,DET,1,0.5714285714285714,0.5555555555555556,0.13333333333333333,0.125
0022300243,2023-11-25,1610612762,UTA,W,22023,1610612740,NOP,1,0.26666666666666666,0.42857142857142855,0.5625,0.5
0022300242,2023-11-25,1610612739,CLE,L,22023,1610612747,LAL,0,0.5333333333333333,0.42857142857142855,0.5625,0.2857142857142857
0022300239,2023-11-25,1610612760,OKC,L,22023,1610612755,PHI,0,0.7333333333333333,0.625,0.6666666666666666,0.6666666666666666
0022300240,2023-11-25,1610612751,BKN,W,22023,1610612748,MIA,1,0.42857142857142855,0.42857142857142855,0.625,0.5454545454545454
0022300241,2023-11-25,1610612764,WAS,L,22023,1610612737,ATL,0,0.13333333333333333,0.16666666666666666,0.5,0.6666666666666666
0022300244,2023-11-25,1610612746,LAC,W,22023,1610612742,DAL,1,0.42857142857142855,0.6666666666666666,0.6666666666666666,0.6666666666666666
0022300249,2023-11-26,1610612763,MEM,L,22023,1610612750,MIN,0,0.2,0.0,0.7333333333333333,0.5714285714285714
0022300250,2023-11-26,1610612751,BKN,W,22023,1610612741,CHI,1,0.4666666666666667,0.5,0.29411764705882354,0.14285714285714285
0022300245,2023-11-26,1610612749,MIL,W,22023,1610612757,POR,1,0.6875,0.875,0.26666666666666666,0.25
0022300247,2023-11-26,1610612752,NYK,L,22023,1610612756,PHX,0,0.6,0.6666666666666666,0.625,0.75
0022300246,2023-11-26,1610612738,BOS,W,22023,1610612737,ATL,1,0.75,1.0,0.5333333333333333,0.7142857142857143
0022300251,2023-11-26,1610612739,CLE,W,22023,1610612761,TOR,1,0.5,0.375,0.5,0.42857142857142855
0022300252,2023-11-26,1610612743,DEN,W,22023,1610612759,SAS,1,0.625,1.0,0.1875,0.2857142857142857
0022300248,2023-11-26,1610612753,ORL,W,22023,1610612766,CHA,1,0.6875,0.75,0.35714285714285715,0.4
0022300256,2023-11-27,1610612762,UTA,W,22023,1610612740,NOP,1,0.3125,0.5,0.5294117647058824,0.42857142857142855
0022300255,2023-11-27,1610612755,PHI,W,22023,1610612747,LAL,1,0.6875,0.6666666666666666,0.5882352941176471,0.375
0022300253,2023-11-27,1610612765,DET,L,22023,1610612764,WAS,0,0.125,0.14285714285714285,0.125,0.1111111111111111
0022300257,2023-11-27,1610612746,LAC,L,22023,1610612743,DEN,0,0.4666666666666667,0.7142857142857143,0.6470588235294118,0.3333333333333333
0022300254,2023-11-27,1610612754,IND,L,22023,1610612757,POR,0,0.6,0.6,0.25,0.2222222222222222
0022300055,2023-11-28,1610612739,CLE,W,22023,1610612737,ATL,1,0.5294117647058824,0.4444444444444444,0.5,0.625
0022300058,2023-11-28,1610612750,MIN,W,22023,1610612760,OKC,1,0.75,0.875,0.6875,0.8571428571428571
0022300059,2023-11-28,1610612742,DAL,W,22023,1610612745,HOU,1,0.625,0.6666666666666666,0.5714285714285714,0.0
0022300060,2023-11-28,1610612758,SAC,W,22023,1610612744,GSW,1,0.6,0.8,0.47058823529411764,0.625
0022300054,2023-11-28,1610612751,BKN,W,22023,1610612761,TOR,1,0.5,0.5555555555555556,0.47058823529411764,0.375
0022300053,2023-11-28,1610612738,BOS,W,22023,1610612741,CHI,1,0.7647058823529411,1.0,0.2777777777777778,0.125
0022300057,2023-11-28,1610612752,NYK,W,22023,1610612766,CHA,1,0.5625,0.5714285714285714,0.3333333333333333,0.3333333333333333
0022300056,2023-11-28,1610612748,MIA,L,22023,1610612749,MIL,0,0.5882352941176471,0.8,0.7058823529411765,0.5
0022300260,2023-11-29,1610612761,TOR,W,22023,1610612756,PHX,1,0.4444444444444444,0.5555555555555556,0.6470588235294118,0.7777777777777778
0022300258,2023-11-29,1610612765,DET,L,22023,1610612747,LAL,0,0.11764705882352941,0.125,0.5555555555555556,0.3333333333333333
0022300262,2023-11-29,1610612740,NOP,W,22023,1610612755,PHI,1,0.5,0.6,0.7058823529411765,0.7142857142857143
0022300261,2023-11-29,1610612763,MEM,W,22023,1610612762,UTA,1,0.1875,0.0,0.35294117647058826,0.125
0022300264,2023-11-29,1610612758,SAC,L,22023,1610612746,LAC,0,0.625,0.8333333333333334,0.4375,0.25
0022300263,2023-11-29,1610612743,DEN,W,22023,1610612745,HOU,1,0.6666666666666666,1.0,0.5333333333333333,0.0
0022300259,2023-11-29,1610612753,ORL,W,22023,1610612764,WAS,1,0.7058823529411765,0.7777777777777778,0.17647058823529413,0.2
0022300266,2023-11-30,1610612751,BKN,L,22023,1610612766,CHA,0,0.5294117647058824,0.6,0.3125,0.2857142857142857
0022300270,2023-11-30,1610612750,MIN,W,22023,1610612762,UTA,1,0.7647058823529411,0.8888888888888888,0.3333333333333333,0.1111111111111111
0022300271,2023-11-30,1610612760,OKC,W,22023,1610612747,LAL,1,0.6470588235294118,0.5555555555555556,0.5789473684210527,0.4
0022300273,2023-11-30,1610612744,GSW,W,22023,1610612746,LAC,1,0.4444444444444444,0.3333333333333333,0.47058823529411764,0.3333333333333333
0022300265,2023-11-30,1610612739,CLE,L,22023,1610612757,POR,0,0.5555555555555556,0.5,0.29411764705882354,0.3
0022300267,2023-11-30,1610612748,MIA,W,22023,1610612754,IND,1,0.5555555555555556,0.6666666666666666,0.5625,0.6
0022300268,2023-11-30,1610612752,NYK,W,22023,1610612765,DET,1,0.5882352941176471,0.625,0.1111111111111111,0.1111111111111111
0022300269,2023-11-30,1610612741,CHI,W,22023,1610612749,MIL,1,0.2631578947368421,0.4,0.7222222222222222,0.5555555555555556
0022300272,2023-11-30,1610612759,SAS,L,22023,1610612737,ATL,0,0.17647058823529413,0.1111111111111111,0.47058823529411764,0.5555555555555556
0022300274,2023-12-01,1610612753,ORL,W,22023,1610612764,WAS,1,0.7222222222222222,0.8,0.16666666666666666,0.18181818181818182
0022300276,2023-12-01,1610612761,TOR,L,22023,1610612752,NYK,0,0.47368421052631576,0.6,0.6111111111111112,0.5555555555555556
0022300275,2023-12-01,1610612738,BOS,W,22023,1610612755,PHI,1,0.7777777777777778,1.0,0.6666666666666666,0.625
0022300278,2023-12-01,1610612740,NOP,W,22023,1610612759,SAS,1,0.5263157894736842,0.6363636363636364,0.16666666666666666,0.25
0022300277,2023-12-01,1610612742,DAL,L,22023,1610612763,MEM,0,0.6470588235294118,0.7142857142857143,0.23529411764705882,0.375
0022300279,2023-12-01,1610612756,PHX,L,22023,1610612743,DEN,0,0.6111111111111112,0.5,0.6842105263157895,0.4
0022300280,2023-12-02,1610612746,LAC,W,22023,1610612744,GSW,1,0.4444444444444444,0.625,0.47368421052631576,0.5555555555555556
0022300291,2023-12-02,1610612747,LAL,W,22023,1610612745,HOU,1,0.55,0.7777777777777778,0.5,0.0
0022300288,2023-12-02,1610612756,PHX,W,22023,1610612763,MEM,1,0.5789473684210527,0.4444444444444444,0.2777777777777778,0.4444444444444444
0022300285,2023-12-02,1610612741,CHI,W,22023,1610612740,NOP,1,0.3,0.45454545454545453,0.55,0.375
0022300283,2023-12-02,1610612765,DET,L,22023,1610612739,CLE,0,0.10526315789473684,0.1111111111111111,0.5263157894736842,0.625
0022300284,2023-12-02,1610612748,MIA,L,22023,1610612754,IND,0,0.5789473684210527,0.7142857142857143,0.5294117647058824,0.5
0022300286,2023-12-02,1610612749,MIL,W,22023,1610612737,ATL,1,0.6842105263157895,0.8888888888888888,0.5,0.6
0022300281,2023-12-02,1610612766,CHA,L,22023,1610612750,MIN,0,0.35294117647058826,0.3333333333333333,0.7777777777777778,0.625
0022300289,2023-12-02,1610612762,UTA,W,22023,1610612757,POR,1,0.3157894736842105,0.5555555555555556,0.3333333333333333,0.36363636363636365
0022300290,2023-12-02,1610612758,SAC,W,22023,1610612743,DEN,1,0.5882352941176471,0.7142857142857143,0.7,0.45454545454545453
0022300282,2023-12-02,1610612751,BKN,W,22023,1610612753,ORL,1,0.5,0.5454545454545454,0.7368421052631579,0.625
0022300287,2023-12-02,1610612742,DAL,L,22023,1610612760,OKC,0,0.6111111111111112,0.625,0.6666666666666666,0.75
0022301202,2023-12-04,1610612754,IND,W,22023,1610612738,BOS,1,0.5555555555555556,0.5454545454545454,0.7894736842105263,0.6
0022301204,2023-12-04,1610612758,SAC,L,22023,1610612740,NOP,0,0.6111111111111112,0.75,0.5238095238095238,0.3333333333333333
0022301203,2023-12-05,1610612747,LAL,W,22023,1610612756,PHX,1,0.5714285714285714,0.8,0.6,0.7
0022301201,2023-12-05,1610612749,MIL,W,22023,1610612752,NYK,1,0.7,0.9,0.631578947368421,0.6
0022301212,2023-12-06,1610612745,HOU,W,22023,1610612760,OKC,1,0.47058823529411764,0.8888888888888888,0.6842105263157895,0.7777777777777778
0022301207,2023-12-06,1610612761,TOR,L,22023,1610612748,MIA,0,0.45,0.5454545454545454,0.55,0.5
0022301214,2023-12-06,1610612744,GSW,W,22023,1610612757,POR,1,0.45,0.4,0.3157894736842105,0.3333333333333333
0022301206,2023-12-06,1610612765,DET,L,22023,1610612763,MEM,0,0.1,0.1,0.2631578947368421,0.4
0022301209,2023-12-06,1610612737,ATL,L,22023,1610612751,BKN,0,0.47368421052631576,0.375,0.5263157894736842,0.42857142857142855
0022301211,2023-12-06,1610612741,CHI,W,22023,1610612766,CHA,1,0.3333333333333333,0.5,0.3333333333333333,0.375
0022301210,2023-12-06,1610612750,MIN,W,22023,1610612759,SAS,1,0.7894736842105263,0.9,0.15789473684210525,0.2222222222222222
0022301213,2023-12-06,1610612742,DAL,W,22023,1610612762,UTA,1,0.5789473684210527,0.5555555555555556,0.35,0.1
0022301205,2023-12-06,1610612739,CLE,W,22023,1610612753,ORL,1,0.55,0.45454545454545453,0.7,0.5555555555555556
0022301208,2023-12-06,1610612764,WAS,L,22023,1610612755,PHI,0,0.15789473684210525,0.14285714285714285,0.631578947368421,0.5555555555555556
0022301215,2023-12-06,1610612746,LAC,W,22023,1610612743,DEN,1,0.47368421052631576,0.6666666666666666,0.6666666666666666,0.4166666666666667
0022301229,2023-12-07,1610612749,MIL,L,22023,1610612754,IND,0,0.7142857142857143,0.9090909090909091,0.5789473684210527,0.5714285714285714
0022301230,2023-12-07,1610612747,LAL,W,22023,1610612740,NOP,1,0.5909090909090909,0.8181818181818182,0.5454545454545454,0.4
0022301217,2023-12-08,1610612753,ORL,W,22023,1610612765,DET,1,0.6666666666666666,0.8181818181818182,0.09523809523809523,0.1
0022301221,2023-12-08,1610612763,MEM,L,22023,1610612750,MIN,0,0.3,0.1111111111111111,0.8,0.6666666666666666
0022301227,2023-12-08,1610612738,BOS,W,22023,1610612752,NYK,1,0.75,1.0,0.6,0.5454545454545454
0022301223,2023-12-08,1610612759,SAS,L,22023,1610612741,CHI,0,0.15,0.1,0.36363636363636365,0.1111111111111111
0022301218,2023-12-08,1610612755,PHI,W,22023,1610612737,ATL,1,0.65,0.7,0.45,0.5454545454545454
0022301225,2023-12-08,1610612762,UTA,L,22023,1610612746,LAC,0,0.3333333333333333,0.6,0.5,0.3
0022301228,2023-12-08,1610612756,PHX,L,22023,1610612758,SAC,0,0.5714285714285714,0.5,0.5789473684210527,0.5
0022301226,2023-12-08,1610612757,POR,L,22023,1610612742,DAL,0,0.3,0.2857142857142857,0.6,0.6
0022301219,2023-12-08,1610612751,BKN,W,22023,1610612764,WAS,1,0.55,0.5833333333333334,0.15,0.16666666666666666
0022301222,2023-12-08,1610612760,OKC,W,22023,1610612744,GSW,1,0.65,0.6,0.47619047619047616,0.5
0022301216,2023-12-08,1610612766,CHA,W,22023,1610612761,TOR,1,0.3157894736842105,0.3,0.42857142857142855,0.3333333333333333
0022301224,2023-12-08,1610612743,DEN,L,22023,1610612745,HOU,0,0.6363636363636364,1.0,0.5,0.0
0022301220,2023-12-08,1610612748,MIA,L,22023,1610612739,CLE,0,0.5714285714285714,0.625,0.5714285714285714,0.6666666666666666
0022300293,2023-12-11,1610612765,DET,L,22023,1610612754,IND,0,0.09090909090909091,0.09090909090909091,0.6,0.625
0022300304,2023-12-11,1610612746,LAC,W,22023,1610612757,POR,1,0.5238095238095238,0.7,0.2857142857142857,0.3076923076923077
0022300297,2023-12-11,1610612752,NYK,W,22023,1610612761,TOR,1,0.5714285714285714,0.6666666666666666,0.4090909090909091,0.3
0022300296,2023-12-11,1610612737,ATL,L,22023,1610612743,DEN,0,0.42857142857142855,0.3333333333333333,0.6086956521739131,0.38461538461538464
0022300302,2023-12-11,1610612760,OKC,W,22023,1610612762,UTA,1,0.6666666666666666,0.6363636363636364,0.3181818181818182,0.09090909090909091
0022300301,2023-12-11,1610612740,NOP,W,22023,1610612750,MIN,1,0.5217391304347826,0.6666666666666666,0.8095238095238095,0.7
0022300294,2023-12-11,1610612753,ORL,W,22023,1610612739,CLE,1,0.6818181818181818,0.8333333333333334,0.5909090909090909,0.7
0022300295,2023-12-11,1610612755,PHI,W,22023,1610612764,WAS,1,0.6666666666666666,0.7272727272727273,0.14285714285714285,0.15384615384615385
0022300303,2023-12-11,1610612758,SAC,W,22023,1610612751,BKN,1,0.6,0.6666666666666666,0.5714285714285714,0.5
0022300299,2023-12-11,1610612763,MEM,L,22023,1610612742,DAL,0,0.2857142857142857,0.1,0.6190476190476191,0.6363636363636364
0022300300,2023-12-11,1610612749,MIL,W,22023,1610612741,CHI,1,0.6818181818181818,0.8333333333333334,0.391304347826087,0.2
0022300292,2023-12-11,1610612766,CHA,L,22023,1610612748,MIA,0,0.35,0.36363636363636365,0.5454545454545454,0.5384615384615384
0022300298,2023-12-11,1610612745,HOU,W,22023,1610612759,SAS,1,0.5263157894736842,0.9,0.14285714285714285,0.2
0022300308,2023-12-12,1610612756,PHX,W,22023,1610612744,GSW,1,0.5454545454545454,0.45454545454545453,0.45454545454545453,0.45454545454545453
0022300306,2023-12-12,1610612742,DAL,W,22023,1610612747,LAL,1,0.6363636363636364,0.6,0.6086956521739131,0.36363636363636365
0022300309,2023-12-12,1610612746,LAC,W,22023,1610612758,SAC,1,0.5454545454545454,0.7272727272727273,0.6190476190476191,0.5454545454545454
0022300305,2023-12-12,1610612738,BOS,W,22023,1610612739,CLE,1,0.7619047619047619,1.0,0.5652173913043478,0.6363636363636364
0022300307,2023-12-12,1610612741,CHI,L,22023,1610612743,DEN,0,0.375,0.5384615384615384,0.625,0.42857142857142855
0022300317,2023-12-13,1610612756,PHX,L,22023,1610612751,BKN,0,0.5652173913043478,0.5,0.5454545454545454,0.4444444444444444
0022300314,2023-12-13,1610612745,HOU,W,22023,1610612763,MEM,1,0.55,0.9090909090909091,0.2727272727272727,0.45454545454545453
0022300310,2023-12-13,1610612765,DET,L,22023,1610612755,PHI,0,0.08695652173913043,0.08333333333333333,0.6818181818181818,0.6
0022300312,2023-12-13,1610612748,MIA,W,22023,1610612766,CHA,1,0.5652173913043478,0.5555555555555556,0.3333333333333333,0.3333333333333333
0022300318,2023-12-13,1610612762,UTA,W,22023,1610612752,NYK,1,0.30434782608695654,0.5454545454545454,0.5909090909090909,0.5
0022300313,2023-12-13,1610612761,TOR,W,22023,1610612737,ATL,1,0.391304347826087,0.5,0.4090909090909091,0.5
0022300315,2023-12-13,1610612749,MIL,W,22023,1610612754,IND,1,0.6956521739130435,0.8461538461538461,0.6190476190476191,0.6666666666666666
0022300316,2023-12-13,1610612759,SAS,L,22023,1610612747,LAL,0,0.13636363636363635,0.09090909090909091,0.5833333333333334,0.3333333333333333
0022300311,2023-12-13,1610612764,WAS,L,22023,1610612740,NOP,0,0.13636363636363635,0.125,0.5416666666666666,0.36363636363636365
0022300325,2023-12-14,1610612746,LAC,W,22023,1610612744,GSW,1,0.5652173913043478,0.75,0.43478260869565216,0.4166666666666667
0022300323,2023-12-14,1610612757,POR,L,22023,1610612762,UTA,0,0.2727272727272727,0.25,0.3333333333333333,0.08333333333333333
0022300324,2023-12-14,1610612758,SAC,W,22023,1610612760,OKC,1,0.5909090909090909,0.7,0.6818181818181818,0.7
0022300321,2023-12-14,1610612742,DAL,L,22023,1610612750,MIN,0,0.6521739130434783,0.6363636363636364,0.7727272727272727,0.6363636363636364
0022300319,2023-12-14,1610612738,BOS,W,22023,1610612739,CLE,1,0.7727272727272727,1.0,0.5416666666666666,0.5833333333333334
0022300320,2023-12-14,1610612748,MIA,L,22023,1610612741,CHI,0,0.5833333333333334,0.6,0.36,0.18181818181818182
0022300322,2023-12-14,1610612743,DEN,W,22023,1610612751,BKN,1,0.64,0.9,0.5652173913043478,0.5
0022300327,2023-12-15,1610612755,PHI,W,22023,1610612765,DET,1,0.6956521739130435,0.75,0.08333333333333333,0.09090909090909091
0022300332,2023-12-15,1610612763,MEM,L,22023,1610612745,HOU,0,0.2608695652173913,0.09090909090909091,0.5714285714285714,0.1111111111111111
0022300328,2023-12-15,1610612764,WAS,W,22023,1610612754,IND,1,0.13043478260869565,0.1111111111111111,0.5909090909090909,0.6
0022300331,2023-12-15,1610612759,SAS,W,22023,1610612747,LAL,1,0.13043478260869565,0.08333333333333333,0.6,0.38461538461538464
0022300326,2023-12-15,1610612766,CHA,L,22023,1610612740,NOP,0,0.3181818181818182,0.3333333333333333,0.56,0.4166666666666667
0022300329,2023-12-15,1610612738,BOS,W,22023,1610612753,ORL,1,0.782608695652174,1.0,0.6956521739130435,0.5
0022300330,2023-12-15,1610612761,TOR,L,22023,1610612737,ATL,0,0.4166666666666667,0.5384615384615384,0.391304347826087,0.46153846153846156
0022300333,2023-12-15,1610612756,PHX,L,22023,1610612752,NYK,0,0.5416666666666666,0.46153846153846156,0.5652173913043478,0.46153846153846156
0022300341,2023-12-16,1610612757,POR,L,22023,1610612742,DAL,0,0.2608695652173913,0.2222222222222222,0.625,0.6666666666666666
0022300334,2023-12-16,1610612749,MIL,W,22023,1610612765,DET,1,0.7083333333333334,0.8571428571428571,0.08,0.08333333333333333
0022300342,2023-12-16,1610612758,SAC,W,22023,1610612762,UTA,1,0.6086956521739131,0.7272727272727273,0.36,0.15384615384615385
0022300337,2023-12-16,1610612748,MIA,W,22023,1610612741,CHI,1,0.56,0.5454545454545454,0.38461538461538464,0.25
0022300338,2023-12-16,1610612750,MIN,W,22023,1610612754,IND,1,0.782608695652174,0.9090909090909091,0.5652173913043478,0.5454545454545454
0022300335,2023-12-16,1610612766,CHA,L,22023,1610612755,PHI,0,0.30434782608695654,0.3076923076923077,0.7083333333333334,0.6363636363636364
0022300336,2023-12-16,1610612739,CLE,W,22023,1610612737,ATL,1,0.52,0.5,0.4166666666666667,0.5
0022300339,2023-12-16,1610612744,GSW,W,22023,1610612751,BKN,1,0.4166666666666667,0.45454545454545453,0.5416666666666666,0.45454545454545453
0022300340,2023-12-16,1610612743,DEN,L,22023,1610612760,OKC,0,0.6538461538461539,0.9090909090909091,0.6521739130434783,0.6363636363636364
0022300343,2023-12-16,1610612746,LAC,W,22023,1610612752,NYK,1,0.5833333333333334,0.7692307692307693,0.5833333333333334,0.5
0022300347,2023-12-17,1610612756,PHX,W,22023,1610612764,WAS,1,0.52,0.42857142857142855,0.16666666666666666,0.14285714285714285
0022300345,2023-12-17,1610612759,SAS,L,22023,1610612740,NOP,0,0.16666666666666666,0.15384615384615385,0.5769230769230769,0.46153846153846156
0022300346,2023-12-17,1610612749,MIL,W,22023,1610612745,HOU,1,0.72,0.8666666666666667,0.5909090909090909,0.2
0022300344,2023-12-17,1610612738,BOS,W,22023,1610612753,ORL,1,0.7916666666666666,1.0,0.6666666666666666,0.45454545454545453
0022300348,2023-12-17,1610612757,POR,L,22023,1610612744,GSW,0,0.25,0.2,0.44,0.38461538461538464
0022300356,2023-12-18,1610612743,DEN,W,22023,1610612742,DAL,1,0.6296296296296297,0.8333333333333334,0.64,0.6923076923076923
0022300357,2023-12-18,1610612762,UTA,W,22023,1610612751,BKN,1,0.34615384615384615,0.5833333333333334,0.52,0.4166666666666667
0022300352,2023-12-18,1610612737,ATL,W,22023,1610612765,DET,1,0.4,0.3,0.07692307692307693,0.07692307692307693
0022300350,2023-12-18,1610612754,IND,L,22023,1610612746,LAC,0,0.5416666666666666,0.5833333333333334,0.6,0.36363636363636365
0022300349,2023-12-18,1610612739,CLE,W,22023,1610612745,HOU,1,0.5384615384615384,0.5384615384615384,0.5652173913043478,0.18181818181818182
0022300355,2023-12-18,1610612760,OKC,W,22023,1610612763,MEM,1,0.6666666666666666,0.6666666666666666,0.25,0.4166666666666667
0022300354,2023-12-18,1610612761,TOR,W,22023,1610612766,CHA,1,0.4,0.5,0.2916666666666667,0.3
0022300353,2023-12-18,1610612748,MIA,L,22023,1610612750,MIN,0,0.5769230769230769,0.5833333333333334,0.7916666666666666,0.6666666666666666
0022300351,2023-12-18,1610612755,PHI,L,22023,1610612741,CHI,0,0.72,0.7692307692307693,0.37037037037037035,0.23076923076923078
0022300358,2023-12-18,1610612758,SAC,W,22023,1610612764,WAS,1,0.625,0.75,0.16,0.13333333333333333
0022300359,2023-12-18,1610612747,LAL,L,22023,1610612752,NYK,0,0.5769230769230769,0.8333333333333334,0.56,0.4666666666666667
0022300362,2023-12-19,1610612744,GSW,W,22023,1610612738,BOS,1,0.46153846153846156,0.5,0.8,0.5454545454545454
0022300361,2023-12-19,1610612749,MIL,W,22023,1610612759,SAS,1,0.7307692307692307,0.875,0.16,0.18181818181818182
0022300363,2023-12-19,1610612757,POR,W,22023,1610612756,PHX,1,0.24,0.18181818181818182,0.5384615384615384,0.6363636363636364
0022300360,2023-12-19,1610612740,NOP,L,22023,1610612763,MEM,0,0.5925925925925926,0.6923076923076923,0.24,0.38461538461538464
0022300371,2023-12-20,1610612745,HOU,L,22023,1610612737,ATL,0,0.5416666666666666,0.9166666666666666,0.4230769230769231,0.4666666666666667
0022300367,2023-12-20,1610612755,PHI,W,22023,1610612750,MIN,1,0.6923076923076923,0.7142857142857143,0.8,0.6923076923076923
0022300372,2023-12-20,1610612742,DAL,L,22023,1610612746,LAC,0,0.6153846153846154,0.5833333333333334,0.6153846153846154,0.4166666666666667
0022300368,2023-12-20,1610612751,BKN,L,22023,1610612752,NYK,0,0.5,0.6153846153846154,0.5769230769230769,0.5
0022300370,2023-12-20,1610612741,CHI,W,22023,1610612747,LAL,1,0.39285714285714285,0.5,0.5555555555555556,0.35714285714285715
0022300365,2023-12-20,1610612754,IND,W,22023,1610612766,CHA,1,0.52,0.5384615384615384,0.28,0.2727272727272727
0022300369,2023-12-20,1610612761,TOR,L,22023,1610612743,DEN,0,0.4230769230769231,0.5333333333333333,0.6428571428571429,0.4666666666666667
0022300366,2023-12-20,1610612753,ORL,L,22023,1610612748,MIA,0,0.64,0.8461538461538461,0.5555555555555556,0.5714285714285714
0022300373,2023-12-20,1610612758,SAC,L,22023,1610612738,BOS,0,0.64,0.7692307692307693,0.7692307692307693,0.5
0022300364,2023-12-20,1610612739,CLE,W,22023,1610612762,UTA,1,0.5555555555555556,0.5714285714285714,0.37037037037037035,0.14285714285714285
0022300376,2023-12-21,1610612741,CHI,W,22023,1610612759,SAS,1,0.41379310344827586,0.5333333333333333,0.15384615384615385,0.16666666666666666
0022300375,2023-12-21,1610612739,CLE,L,22023,1610612740,NOP,0,0.5714285714285714,0.6,0.5714285714285714,0.5
0022300378,2023-12-21,1610612749,MIL,W,22023,1610612753,ORL,1,0.7407407407407407,0.8823529411764706,0.6153846153846154,0.4166666666666667
0022300380,2023-12-21,1610612750,MIN,W,22023,1610612747,LAL,1,0.7692307692307693,0.9166666666666666,0.5357142857142857,0.3333333333333333
0022300379,2023-12-21,1610612760,OKC,W,22023,1610612746,LAC,1,0.68,0.6923076923076923,0.6296296296296297,0.46153846153846156
0022300381,2023-12-21,1610612757,POR,L,22023,1610612764,WAS,0,0.2692307692307692,0.25,0.15384615384615385,0.125
0022300377,2023-12-21,1610612763,MEM,W,22023,1610612754,IND,1,0.2692307692307692,0.08333333333333333,0.5384615384615384,0.5
0022300374,2023-12-21,1610612765,DET,L,22023,1610612762,UTA,0,0.07407407407407407,0.07692307692307693,0.35714285714285715,0.13333333333333333
0022300385,2023-12-22,1610612745,HOU,W,22023,1610612742,DAL,1,0.52,0.8461538461538461,0.5925925925925926,0.6428571428571429
0022300387,2023-12-22,1610612758,SAC,W,22023,1610612756,PHX,1,0.6153846153846154,0.7142857142857143,0.5185185185185185,0.5833333333333334
0022300386,2023-12-22,1610612744,GSW,W,22023,1610612764,WAS,1,0.48148148148148145,0.5384615384615384,0.18518518518518517,0.17647058823529413
0022300384,2023-12-22,1610612748,MIA,W,22023,1610612737,ATL,1,0.5714285714285714,0.5384615384615384,0.4444444444444444,0.5
0022300382,2023-12-22,1610612755,PHI,W,22023,1610612761,TOR,1,0.7037037037037037,0.7333333333333333,0.4074074074074074,0.2727272727272727
0022300383,2023-12-22,1610612751,BKN,L,22023,1610612743,DEN,0,0.48148148148148145,0.5714285714285714,0.6551724137931034,0.5
0022300397,2023-12-23,1610612760,OKC,L,22023,1610612747,LAL,0,0.6923076923076923,0.7142857142857143,0.5172413793103449,0.3125
0022300393,2023-12-23,1610612737,ATL,L,22023,1610612763,MEM,0,0.42857142857142855,0.36363636363636365,0.2962962962962963,0.42857142857142855
0022300390,2023-12-23,1610612766,CHA,L,22023,1610612743,DEN,0,0.2692307692307692,0.2857142857142857,0.6666666666666666,0.5294117647058824
0022300389,2023-12-23,1610612746,LAC,L,22023,1610612738,BOS,0,0.6071428571428571,0.7857142857142857,0.7777777777777778,0.5384615384615384
0022300388,2023-12-23,1610612752,NYK,L,22023,1610612749,MIL,0,0.5925925925925926,0.7,0.75,0.5
0022300398,2023-12-23,1610612742,DAL,W,22023,1610612759,SAS,1,0.5714285714285714,0.5384615384615384,0.14814814814814814,0.15384615384615385
0022300400,2023-12-23,1610612758,SAC,L,22023,1610612750,MIN,0,0.6296296296296297,0.7333333333333333,0.7777777777777778,0.6428571428571429
0022300399,2023-12-23,1610612744,GSW,W,22023,1610612757,POR,1,0.5,0.5714285714285714,0.25925925925925924,0.2857142857142857
0022300392,2023-12-23,1610612740,NOP,L,22023,1610612745,HOU,0,0.5862068965517241,0.6428571428571429,0.5384615384615384,0.16666666666666666
0022300395,2023-12-23,1610612761,TOR,L,22023,1610612762,UTA,0,0.39285714285714285,0.5,0.3793103448275862,0.1875
0022300396,2023-12-23,1610612741,CHI,L,22023,1610612739,CLE,0,0.43333333333333335,0.5625,0.5517241379310345,0.5384615384615384
0022300394,2023-12-23,1610612751,BKN,W,22023,1610612765,DET,1,0.4642857142857143,0.5333333333333333,0.07142857142857142,0.07142857142857142
0022300391,2023-12-23,1610612754,IND,L,22023,1610612753,ORL,0,0.5185185185185185,0.5714285714285714,0.5925925925925926,0.38461538461538464
0022300402,2023-12-25,1610612743,DEN,W,22023,1610612744,GSW,1,0.6774193548387096,0.8461538461538461,0.5172413793103449,0.42857142857142855
0022300401,2023-12-25,1610612752,NYK,W,22023,1610612749,MIL,1,0.5714285714285714,0.6363636363636364,0.7586206896551724,0.5454545454545454
0022300403,2023-12-25,1610612747,LAL,L,22023,1610612738,BOS,0,0.5333333333333333,0.7692307692307693,0.7857142857142857,0.5714285714285714
0022300404,2023-12-25,1610612748,MIA,W,22023,1610612755,PHI,1,0.5862068965517241,0.5714285714285714,0.7142857142857143,0.6666666666666666
0022300405,2023-12-25,1610612756,PHX,L,22023,1610612742,DAL,0,0.5,0.4666666666666667,0.5862068965517241,0.6
0022300410,2023-12-26,1610612740,NOP,L,22023,1610612763,MEM,0,0.5666666666666667,0.6,0.32142857142857145,0.4666666666666667
0022300414,2023-12-26,1610612746,LAC,W,22023,1610612766,CHA,1,0.5862068965517241,0.7333333333333333,0.25925925925925924,0.25
0022300408,2023-12-26,1610612741,CHI,W,22023,1610612737,ATL,1,0.41935483870967744,0.5294117647058824,0.41379310344827586,0.47058823529411764
0022300413,2023-12-26,1610612757,POR,W,22023,1610612758,SAC,1,0.25,0.23076923076923078,0.6071428571428571,0.5
0022300412,2023-12-26,1610612759,SAS,L,22023,1610612762,UTA,0,0.14285714285714285,0.14285714285714285,0.4,0.23529411764705882
0022300411,2023-12-26,1610612760,OKC,W,22023,1610612750,MIN,1,0.6666666666666666,0.6666666666666666,0.7857142857142857,0.6666666666666666
0022300409,2023-12-26,1610612745,HOU,L,22023,1610612754,IND,0,0.5555555555555556,0.8571428571428571,0.5,0.46153846153846156
0022300407,2023-12-26,1610612764,WAS,L,22023,1610612753,ORL,0,0.17857142857142858,0.2,0.6071428571428571,0.42857142857142855
0022300406,2023-12-26,1610612765,DET,L,22023,1610612751,BKN,0,0.06896551724137931,0.07142857142857142,0.4827586206896552,0.38461538461538464
0022300418,2023-12-27,1610612745,HOU,L,22023,1610612756,PHX,0,0.5357142857142857,0.8,0.4827586206896552,0.5384615384615384
0022300417,2023-12-27,1610612751,BKN,L,22023,1610612749,MIL,0,0.5,0.5625,0.7333333333333333,0.5
0022300416,2023-12-27,1610612764,WAS,L,22023,1610612761,TOR,0,0.1724137931034483,0.18181818181818182,0.3793103448275862,0.25
0022300419,2023-12-27,1610612760,OKC,W,22023,1610612752,NYK,1,0.6785714285714286,0.6875,0.5862068965517241,0.5294117647058824
0022300420,2023-12-27,1610612742,DAL,L,22023,1610612739,CLE,0,0.6,0.5714285714285714,0.5666666666666667,0.5714285714285714
0022300415,2023-12-27,1610612753,ORL,L,22023,1610612755,PHI,0,0.6206896551724138,0.7857142857142857,0.6896551724137931,0.6153846153846154
0022300424,2023-12-28,1610612740,NOP,W,22023,1610612762,UTA,1,0.5483870967741935,0.5625,0.41935483870967744,0.2777777777777778
0022300428,2023-12-28,1610612747,LAL,W,22023,1610612766,CHA,1,0.5161290322580645,0.7142857142857143,0.25,0.23076923076923078
0022300423,2023-12-28,1610612750,MIN,W,22023,1610612742,DAL,1,0.7586206896551724,0.9230769230769231,0.5806451612903226,0.625
0022300425,2023-12-28,1610612743,DEN,W,22023,1610612763,MEM,1,0.6875,0.8571428571428571,0.3448275862068966,0.5
0022300426,2023-12-28,1610612744,GSW,L,22023,1610612748,MIA,0,0.5,0.6,0.6,0.6
0022300422,2023-12-28,1610612741,CHI,L,22023,1610612754,IND,0,0.4375,0.5555555555555556,0.5172413793103449,0.5
0022300427,2023-12-28,1610612757,POR,L,22023,1610612759,SAS,0,0.27586206896551724,0.2857142857142857,0.13793103448275862,0.14285714285714285
0022300421,2023-12-28,1610612738,BOS,W,22023,1610612765,DET,1,0.7931034482758621,1.0,0.06666666666666667,0.06666666666666667
0022300432,2023-12-29,1610612738,BOS,W,22023,1610612761,TOR,1,0.8,1.0,0.4,0.3076923076923077
0022300436,2023-12-29,1610612756,PHX,W,22023,1610612766,CHA,1,0.5,0.4375,0.2413793103448276,0.21428571428571427
0022300431,2023-12-29,1610612737,ATL,L,22023,1610612758,SAC,0,0.4,0.3333333333333333,0.5862068965517241,0.46153846153846156
0022300437,2023-12-29,1610612757,POR,W,22023,1610612759,SAS,1,0.26666666666666666,0.26666666666666666,0.16666666666666666,0.2
0022300435,2023-12-29,1610612743,DEN,L,22023,1610612760,OKC,0,0.696969696969697,0.8666666666666667,0.6896551724137931,0.6666666666666666
0022300430,2023-12-29,1610612764,WAS,W,22023,1610612751,BKN,1,0.16666666666666666,0.16666666666666666,0.4838709677419355,0.42857142857142855
0022300429,2023-12-29,1610612753,ORL,W,22023,1610612752,NYK,1,0.6,0.7333333333333333,0.5666666666666667,0.5
0022300438,2023-12-29,1610612746,LAC,W,22023,1610612763,MEM,1,0.6,0.75,0.3333333333333333,0.47058823529411764
0022300434,2023-12-29,1610612745,HOU,L,22023,1610612755,PHI,0,0.5172413793103449,0.75,0.7,0.6428571428571429
0022300433,2023-12-29,1610612739,CLE,L,22023,1610612749,MIL,0,0.5806451612903226,0.5625,0.7419354838709677,0.5384615384615384
0022300441,2023-12-30,1610612754,IND,W,22023,1610612752,NYK,1,0.5333333333333333,0.5333333333333333,0.5483870967741935,0.47368421052631576
0022300444,2023-12-30,1610612744,GSW,L,22023,1610612742,DAL,0,0.4838709677419355,0.5625,0.5625,0.5882352941176471
0022300443,2023-12-30,1610612750,MIN,W,22023,1610612747,LAL,1,0.7666666666666667,0.9285714285714286,0.53125,0.35294117647058826
0022300440,2023-12-30,1610612765,DET,W,22023,1610612761,TOR,1,0.06451612903225806,0.06666666666666667,0.3870967741935484,0.2857142857142857
0022300439,2023-12-30,1610612762,UTA,W,22023,1610612748,MIA,1,0.40625,0.6153846153846154,0.6129032258064516,0.625
0022300442,2023-12-30,1610612741,CHI,W,22023,1610612755,PHI,1,0.42424242424242425,0.5263157894736842,0.7096774193548387,0.6666666666666666
0022300448,2023-12-31,1610612759,SAS,L,22023,1610612738,BOS,0,0.16129032258064516,0.13333333333333333,0.8064516129032258,0.6
0022300445,2023-12-31,1610612764,WAS,L,22023,1610612737,ATL,0,0.1935483870967742,0.23076923076923078,0.3870967741935484,0.4444444444444444
0022300449,2023-12-31,1610612763,MEM,L,22023,1610612758,SAC,0,0.3225806451612903,0.15384615384615385,0.6,0.5
0022300447,2023-12-31,1610612760,OKC,W,22023,1610612751,BKN,1,0.7,0.7058823529411765,0.46875,0.4
0022300450,2023-12-31,1610612756,PHX,W,22023,1610612753,ORL,1,0.5161290322580645,0.47058823529411764,0.6129032258064516,0.4666666666666667
0022300446,2023-12-31,1610612740,NOP,W,22023,1610612747,LAL,1,0.5625,0.5882352941176471,0.5151515151515151,0.3333333333333333
0022300456,2024-01-01,1610612756,PHX,W,22023,1610612757,POR,1,0.53125,0.5,0.2903225806451613,0.26666666666666666
0022300457,2024-01-01,1610612762,UTA,W,22023,1610612742,DAL,1,0.42424242424242425,0.6428571428571429,0.5757575757575758,0.6111111111111112
0022300455,2024-01-01,1610612743,DEN,W,22023,1610612766,CHA,1,0.6764705882352942,0.8125,0.23333333333333334,0.2
0022300458,2024-01-01,1610612746,LAC,W,22023,1610612748,MIA,1,0.6129032258064516,0.7647058823529411,0.59375,0.5882352941176471
0022300451,2024-01-01,1610612752,NYK,W,22023,1610612750,MIN,1,0.53125,0.6666666666666666,0.7741935483870968,0.625
0022300454,2024-01-01,1610612749,MIL,L,22023,1610612754,IND,0,0.75,0.8888888888888888,0.5483870967741935,0.5333333333333333
0022300452,2024-01-01,1610612761,TOR,W,22023,1610612739,CLE,1,0.375,0.47058823529411764,0.5625,0.6
0022300453,2024-01-01,1610612745,HOU,W,22023,1610612765,DET,1,0.5,0.7058823529411765,0.09375,0.0625
0022300463,2024-01-02,1610612744,GSW,W,22023,1610612753,ORL,1,0.46875,0.5294117647058824,0.59375,0.4375
0022300460,2024-01-02,1610612763,MEM,W,22023,1610612759,SAS,1,0.3125,0.14285714285714285,0.15625,0.1875
0022300461,2024-01-02,1610612740,NOP,W,22023,1610612751,BKN,1,0.5757575757575758,0.6111111111111112,0.45454545454545453,0.375
0022300464,2024-01-02,1610612758,SAC,L,22023,1610612766,CHA,0,0.6129032258064516,0.6875,0.22580645161290322,0.1875
0022300459,2024-01-02,1610612755,PHI,W,22023,1610612741,CHI,1,0.6875,0.75,0.4411764705882353,0.2857142857142857
0022300462,2024-01-02,1610612760,OKC,W,22023,1610612738,BOS,1,0.7096774193548387,0.7222222222222222,0.8125,0.625
0022300473,2024-01-03,1610612756,PHX,L,22023,1610612746,LAC,0,0.5454545454545454,0.5263157894736842,0.625,0.42857142857142855
0022300469,2024-01-03,1610612745,HOU,W,22023,1610612751,BKN,1,0.5161290322580645,0.7222222222222222,0.4411764705882353,0.35294117647058826
0022300474,2024-01-03,1610612762,UTA,W,22023,1610612765,DET,1,0.4411764705882353,0.6666666666666666,0.09090909090909091,0.058823529411764705
0022300465,2024-01-03,1610612739,CLE,W,22023,1610612764,WAS,1,0.5454545454545454,0.5294117647058824,0.1875,0.16666666666666666
0022300471,2024-01-03,1610612750,MIN,L,22023,1610612740,NOP,0,0.75,0.9333333333333333,0.5882352941176471,0.5333333333333333
0022300468,2024-01-03,1610612752,NYK,W,22023,1610612741,CHI,1,0.5454545454545454,0.6923076923076923,0.42857142857142855,0.26666666666666666
0022300466,2024-01-03,1610612754,IND,W,22023,1610612749,MIL,1,0.5625,0.5625,0.7272727272727273,0.5714285714285714
0022300470,2024-01-03,1610612763,MEM,L,22023,1610612761,TOR,0,0.3333333333333333,0.2,0.3939393939393939,0.26666666666666666
0022300476,2024-01-03,1610612758,SAC,W,22023,1610612753,ORL,1,0.59375,0.6470588235294118,0.5757575757575758,0.4117647058823529
0022300472,2024-01-03,1610612742,DAL,W,22023,1610612757,POR,1,0.5588235294117647,0.5333333333333333,0.28125,0.25
0022300467,2024-01-03,1610612737,ATL,W,22023,1610612760,OKC,1,0.40625,0.3076923076923077,0.71875,0.6923076923076923
0022300475,2024-01-03,1610612747,LAL,L,22023,1610612748,MIA,0,0.5,0.7333333333333333,0.5757575757575758,0.5555555555555556
0022300478,2024-01-04,1610612744,GSW,L,22023,1610612743,DEN,0,0.48484848484848486,0.5555555555555556,0.6857142857142857,0.5555555555555556
0022300477,2024-01-04,1610612759,SAS,L,22023,1610612749,MIL,0,0.15151515151515152,0.125,0.7058823529411765,0.5333333333333333
0022300479,2024-01-05,1610612738,BOS,W,22023,1610612762,UTA,1,0.7878787878787878,1.0,0.45714285714285713,0.2631578947368421
0022300480,2024-01-05,1610612754,IND,W,22023,1610612737,ATL,1,0.5757575757575758,0.5882352941176471,0.42424242424242425,0.47368421052631576
0022300490,2024-01-05,1610612744,GSW,W,22023,1610612765,DET,1,0.47058823529411764,0.5263157894736842,0.08823529411764706,0.05555555555555555
0022300492,2024-01-05,1610612758,SAC,W,22023,1610612761,TOR,1,0.6060606060606061,0.6666666666666666,0.4117647058823529,0.3125
0022300481,2024-01-05,1610612751,BKN,W,22023,1610612760,OKC,1,0.42857142857142855,0.5294117647058824,0.696969696969697,0.6428571428571429
0022300491,2024-01-05,1610612747,LAL,L,22023,1610612763,MEM,0,0.4857142857142857,0.6875,0.3235294117647059,0.4444444444444444
0022300485,2024-01-05,1610612745,HOU,L,22023,1610612750,MIN,0,0.53125,0.7368421052631579,0.7272727272727273,0.5882352941176471
0022300483,2024-01-05,1610612755,PHI,L,22023,1610612752,NYK,0,0.696969696969697,0.7647058823529411,0.5588235294117647,0.45
0022300488,2024-01-05,1610612743,DEN,L,22023,1610612753,ORL,0,0.6944444444444444,0.8235294117647058,0.5588235294117647,0.3888888888888889
0022300489,2024-01-05,1610612756,PHX,W,22023,1610612748,MIA,1,0.5294117647058824,0.5,0.5882352941176471,0.5789473684210527
0022300486,2024-01-05,1610612740,NOP,L,22023,1610612746,LAC,0,0.6,0.631578947368421,0.6363636363636364,0.4666666666666667
0022300482,2024-01-05,1610612739,CLE,W,22023,1610612764,WAS,1,0.5588235294117647,0.5555555555555556,0.18181818181818182,0.15789473684210525
0022300484,2024-01-05,1610612741,CHI,W,22023,1610612766,CHA,1,0.4166666666666667,0.55,0.25,0.23529411764705882
0022300487,2024-01-05,1610612742,DAL,W,22023,1610612757,POR,1,0.5714285714285714,0.5625,0.2727272727272727,0.23529411764705882
0022300495,2024-01-06,1610612755,PHI,L,22023,1610612762,UTA,0,0.6764705882352942,0.7222222222222222,0.4444444444444444,0.25
0022300494,2024-01-06,1610612764,WAS,L,22023,1610612752,NYK,0,0.17647058823529413,0.21428571428571427,0.5714285714285714,0.47619047619047616
0022300493,2024-01-06,1610612754,IND,L,22023,1610612738,BOS,0,0.5882352941176471,0.6111111111111112,0.7941176470588235,0.5882352941176471
0022300496,2024-01-06,1610612745,HOU,W,22023,1610612749,MIL,1,0.5151515151515151,0.7,0.7142857142857143,0.5625
0022300497,2024-01-07,1610612739,CLE,W,22023,1610612759,SAS,1,0.5714285714285714,0.5789473684210527,0.14705882352941177,0.17647058823529413
0022300498,2024-01-07,1610612751,BKN,L,22023,1610612757,POR,0,0.4444444444444444,0.5555555555555556,0.2647058823529412,0.2222222222222222
0022300499,2024-01-07,1610612753,ORL,W,22023,1610612737,ATL,1,0.5714285714285714,0.75,0.4117647058823529,0.45
0022300503,2024-01-07,1610612756,PHX,L,22023,1610612763,MEM,0,0.5428571428571428,0.5238095238095238,0.34285714285714286,0.47368421052631576
0022300505,2024-01-07,1610612747,LAL,W,22023,1610612746,LAC,1,0.4722222222222222,0.6470588235294118,0.6470588235294118,0.5
0022300501,2024-01-07,1610612742,DAL,W,22023,1610612750,MIN,1,0.5833333333333334,0.5882352941176471,0.7352941176470589,0.6111111111111112
0022300502,2024-01-07,1610612743,DEN,W,22023,1610612765,DET,1,0.6756756756756757,0.7777777777777778,0.08571428571428572,0.05263157894736842
0022300504,2024-01-07,1610612744,GSW,L,22023,1610612761,TOR,0,0.4857142857142857,0.55,0.4,0.29411764705882354
0022300500,2024-01-07,1610612758,SAC,L,22023,1610612740,NOP,0,0.6176470588235294,0.6842105263157895,0.5833333333333334,0.5625
0022300509,2024-01-08,1610612748,MIA,W,22023,1610612745,HOU,1,0.5714285714285714,0.6,0.5294117647058824,0.23076923076923078
0022300506,2024-01-08,1610612766,CHA,L,22023,1610612741,CHI,0,0.24242424242424243,0.26666666666666666,0.43243243243243246,0.25
0022300510,2024-01-08,1610612749,MIL,L,22023,1610612762,UTA,0,0.6944444444444444,0.8421052631578947,0.4594594594594595,0.2857142857142857
0022300507,2024-01-08,1610612754,IND,W,22023,1610612738,BOS,1,0.5714285714285714,0.5789473684210527,0.8,0.6111111111111112
0022300508,2024-01-08,1610612764,WAS,L,22023,1610612760,OKC,0,0.17142857142857143,0.2,0.6764705882352942,0.6
0022300511,2024-01-08,1610612746,LAC,W,22023,1610612756,PHX,1,0.6285714285714286,0.7777777777777778,0.5277777777777778,0.5714285714285714
0022300516,2024-01-09,1610612747,LAL,W,22023,1610612761,TOR,1,0.4864864864864865,0.6666666666666666,0.4166666666666667,0.3333333333333333
0022300513,2024-01-09,1610612753,ORL,L,22023,1610612750,MIN,0,0.5833333333333334,0.7647058823529411,0.7142857142857143,0.5789473684210527
0022300514,2024-01-09,1610612752,NYK,W,22023,1610612757,POR,1,0.5833333333333334,0.7142857142857143,0.2857142857142857,0.2631578947368421
0022300515,2024-01-09,1610612742,DAL,L,22023,1610612763,MEM,0,0.5945945945945946,0.6111111111111112,0.3611111111111111,0.5
0022300512,2024-01-09,1610612765,DET,L,22023,1610612758,SAC,0,0.08333333333333333,0.125,0.6,0.5333333333333333
0022300517,2024-01-10,1610612738,BOS,W,22023,1610612750,MIN,1,0.7777777777777778,1.0,0.7222222222222222,0.6
0022300525,2024-01-10,1610612744,GSW,L,22023,1610612740,NOP,0,0.4722222222222222,0.5238095238095238,0.5945945945945946,0.5882352941176471
0022300518,2024-01-10,1610612766,CHA,L,22023,1610612758,SAC,0,0.23529411764705882,0.25,0.6111111111111112,0.5625
0022300524,2024-01-10,1610612762,UTA,W,22023,1610612743,DEN,1,0.47368421052631576,0.6875,0.6842105263157895,0.5789473684210527
0022300519,2024-01-10,1610612765,DET,L,22023,1610612759,SAS,0,0.08108108108108109,0.11764705882352941,0.14285714285714285,0.16666666666666666
0022300521,2024-01-10,1610612737,ATL,W,22023,1610612755,PHI,1,0.4,0.35714285714285715,0.6571428571428571,0.625
0022300520,2024-01-10,1610612754,IND,W,22023,1610612764,WAS,1,0.5833333333333334,0.6,0.16666666666666666,0.15
0022300522,2024-01-10,1610612748,MIA,L,22023,1610612760,OKC,0,0.5833333333333334,0.625,0.6857142857142857,0.625
0022300523,2024-01-10,1610612741,CHI,W,22023,1610612745,HOU,1,0.4473684210526316,0.5714285714285714,0.5142857142857142,0.21428571428571427
0022300526,2024-01-10,1610612746,LAC,W,22023,1610612761,TOR,1,0.6388888888888888,0.7894736842105263,0.40540540540540543,0.3157894736842105
0022300531,2024-01-11,1610612747,LAL,L,22023,1610612756,PHX,0,0.5,0.6842105263157895,0.5135135135135135,0.5333333333333333
0022300527,2024-01-11,1610612739,CLE,W,22023,1610612751,BKN,1,0.5833333333333334,0.6,0.43243243243243246,0.3333333333333333
0022300530,2024-01-11,1610612742,DAL,W,22023,1610612752,NYK,1,0.5789473684210527,0.5789473684210527,0.5945945945945946,0.5
0022300529,2024-01-11,1610612760,OKC,W,22023,1610612757,POR,1,0.6944444444444444,0.7368421052631579,0.2777777777777778,0.25
0022300528,2024-01-11,1610612749,MIL,W,22023,1610612738,BOS,1,0.6756756756756757,0.8,0.7837837837837838,0.5789473684210527
0022300540,2024-01-12,1610612762,UTA,W,22023,1610612761,TOR,1,0.48717948717948717,0.7058823529411765,0.39473684210526316,0.3
0022300537,2024-01-12,1610612763,MEM,L,22023,1610612746,LAC,0,0.3783783783783784,0.1875,0.6486486486486487,0.47058823529411764
0022300532,2024-01-12,1610612755,PHI,W,22023,1610612758,SAC,1,0.6388888888888888,0.6842105263157895,0.6216216216216216,0.5882352941176471
0022300534,2024-01-12,1610612765,DET,L,22023,1610612745,HOU,0,0.07894736842105263,0.1111111111111111,0.5,0.2
0022300535,2024-01-12,1610612748,MIA,W,22023,1610612753,ORL,1,0.5675675675675675,0.5882352941176471,0.5675675675675675,0.42105263157894735
0022300533,2024-01-12,1610612737,ATL,L,22023,1610612754,IND,0,0.4166666666666667,0.4,0.5945945945945946,0.5625
0022300536,2024-01-12,1610612741,CHI,L,22023,1610612744,GSW,0,0.46153846153846156,0.5909090909090909,0.4594594594594595,0.4
0022300538,2024-01-12,1610612750,MIN,W,22023,1610612757,POR,1,0.7027027027027027,0.875,0.2702702702702703,0.23809523809523808
0022300541,2024-01-12,1610612759,SAS,W,22023,1610612766,CHA,1,0.16666666666666666,0.11764705882352941,0.22857142857142856,0.2222222222222222
0022300539,2024-01-12,1610612743,DEN,W,22023,1610612740,NOP,1,0.6666666666666666,0.7894736842105263,0.6052631578947368,0.6111111111111112
0022300545,2024-01-13,1610612749,MIL,W,22023,1610612744,GSW,1,0.6842105263157895,0.8095238095238095,0.47368421052631576,0.4375
0022300544,2024-01-13,1610612763,MEM,L,22023,1610612752,NYK,0,0.3684210526315789,0.17647058823529413,0.5789473684210527,0.4782608695652174
0022300548,2024-01-13,1610612759,SAS,L,22023,1610612741,CHI,0,0.1891891891891892,0.16666666666666666,0.45,0.29411764705882354
0022300542,2024-01-13,1610612738,BOS,W,22023,1610612745,HOU,1,0.7631578947368421,1.0,0.5135135135135135,0.25
0022300543,2024-01-13,1610612737,ATL,L,22023,1610612764,WAS,0,0.40540540540540543,0.375,0.16216216216216217,0.14285714285714285
0022300547,2024-01-13,1610612742,DAL,L,22023,1610612740,NOP,0,0.5897435897435898,0.6,0.5897435897435898,0.5789473684210527
0022300546,2024-01-13,1610612760,OKC,W,22023,1610612753,ORL,1,0.7027027027027027,0.75,0.5526315789473685,0.4
0022300549,2024-01-13,1610612762,UTA,W,22023,1610612747,LAL,1,0.5,0.7222222222222222,0.48717948717948717,0.3157894736842105
0022300554,2024-01-14,1610612757,POR,L,22023,1610612756,PHX,0,0.2631578947368421,0.3125,0.5263157894736842,0.5625
0022300551,2024-01-14,1610612748,MIA,W,22023,1610612766,CHA,1,0.5789473684210527,0.6111111111111112,0.2222222222222222,0.21052631578947367
0022300553,2024-01-14,1610612750,MIN,W,22023,1610612746,LAC,1,0.7105263157894737,0.8823529411764706,0.6578947368421053,0.5
0022300552,2024-01-14,1610612749,MIL,W,22023,1610612758,SAC,1,0.6923076923076923,0.8181818181818182,0.6052631578947368,0.5555555555555556
0022300550,2024-01-14,1610612743,DEN,W,22023,1610612754,IND,1,0.675,0.8,0.6052631578947368,0.5882352941176471
0022300564,2024-01-15,1610612762,UTA,W,22023,1610612754,IND,1,0.5121951219512195,0.7368421052631579,0.5897435897435898,0.5555555555555556
0022300565,2024-01-15,1610612747,LAL,W,22023,1610612760,OKC,1,0.475,0.65,0.7105263157894737,0.6470588235294118
0022300557,2024-01-15,1610612752,NYK,L,22023,1610612753,ORL,0,0.5897435897435898,0.7333333333333333,0.5384615384615384,0.38095238095238093
0022300556,2024-01-15,1610612742,DAL,W,22023,1610612740,NOP,1,0.575,0.5714285714285714,0.6,0.6
0022300555,2024-01-15,1610612755,PHI,W,22023,1610612745,HOU,1,0.6486486486486487,0.7,0.5,0.23529411764705882
0022300558,2024-01-15,1610612764,WAS,L,22023,1610612765,DET,0,0.18421052631578946,0.1875,0.07692307692307693,0.05
0022300560,2024-01-15,1610612763,MEM,W,22023,1610612744,GSW,1,0.358974358974359,0.16666666666666666,0.46153846153846156,0.4117647058823529
0022300561,2024-01-15,1610612739,CLE,W,22023,1610612741,CHI,1,0.5945945945945946,0.6190476190476191,0.4634146341463415,0.3333333333333333
0022300559,2024-01-15,1610612737,ATL,W,22023,1610612759,SAS,1,0.39473684210526316,0.35294117647058826,0.18421052631578946,0.21052631578947367
0022300562,2024-01-15,1610612751,BKN,L,22023,1610612748,MIA,0,0.42105263157894735,0.5263157894736842,0.5897435897435898,0.55
0022300563,2024-01-15,1610612761,TOR,L,22023,1610612738,BOS,0,0.38461538461538464,0.5,0.7692307692307693,0.55
0022300567,2024-01-16,1610612756,PHX,W,22023,1610612758,SAC,1,0.5384615384615384,0.5,0.5897435897435898,0.5263157894736842
0022300568,2024-01-16,1610612746,LAC,W,22023,1610612760,OKC,1,0.6410256410256411,0.8,0.6923076923076923,0.6111111111111112
0022300566,2024-01-16,1610612755,PHI,W,22023,1610612743,DEN,1,0.6578947368421053,0.7142857142857143,0.6829268292682927,0.55
0022300577,2024-01-17,1610612747,LAL,W,22023,1610612742,DAL,1,0.4878048780487805,0.6666666666666666,0.5853658536585366,0.5789473684210527
0022300578,2024-01-17,1610612757,POR,W,22023,1610612751,BKN,1,0.2564102564102564,0.29411764705882354,0.41025641025641024,0.3157894736842105
0022300571,2024-01-17,1610612738,BOS,W,22023,1610612759,SAS,1,0.775,1.0,0.1794871794871795,0.2
0022300575,2024-01-17,1610612740,NOP,W,22023,1610612766,CHA,1,0.5853658536585366,0.6,0.21621621621621623,0.2
0022300573,2024-01-17,1610612752,NYK,W,22023,1610612745,HOU,1,0.575,0.6875,0.48717948717948717,0.2222222222222222
0022300574,2024-01-17,1610612761,TOR,W,22023,1610612748,MIA,1,0.375,0.47368421052631576,0.6,0.5714285714285714
0022300569,2024-01-17,1610612765,DET,L,22023,1610612750,MIN,0,0.1,0.10526315789473684,0.717948717948718,0.5714285714285714
0022300572,2024-01-17,1610612739,CLE,W,22023,1610612749,MIL,1,0.6052631578947368,0.6363636363636364,0.7,0.5294117647058824
0022300570,2024-01-17,1610612737,ATL,W,22023,1610612753,ORL,1,0.41025641025641024,0.3888888888888889,0.55,0.4090909090909091
0022300583,2024-01-18,1610612758,SAC,L,22023,1610612754,IND,0,0.575,0.65,0.575,0.5263157894736842
0022300579,2024-01-18,1610612752,NYK,W,22023,1610612764,WAS,1,0.5853658536585366,0.7058823529411765,0.1794871794871795,0.18181818181818182
0022300581,2024-01-18,1610612762,UTA,L,22023,1610612760,OKC,0,0.5238095238095238,0.75,0.675,0.5789473684210527
0022300582,2024-01-18,1610612750,MIN,W,22023,1610612763,MEM,1,0.725,0.8888888888888888,0.375,0.5238095238095238
0022300580,2024-01-18,1610612761,TOR,L,22023,1610612741,CHI,0,0.3902439024390244,0.5,0.4523809523809524,0.3157894736842105
0022300590,2024-01-19,1610612757,POR,W,22023,1610612754,IND,1,0.275,0.3333333333333333,0.5853658536585366,0.55
0022300591,2024-01-19,1610612747,LAL,L,22023,1610612751,BKN,0,0.5,0.6818181818181818,0.4,0.3
0022300587,2024-01-19,1610612748,MIA,L,22023,1610612737,ATL,0,0.5853658536585366,0.631578947368421,0.425,0.42857142857142855
0022300585,2024-01-19,1610612753,ORL,L,22023,1610612755,PHI,0,0.5365853658536586,0.7222222222222222,0.6666666666666666,0.5882352941176471
0022300588,2024-01-19,1610612740,NOP,L,22023,1610612756,PHX,0,0.5952380952380952,0.6190476190476191,0.55,0.5882352941176471
0022300584,2024-01-19,1610612766,CHA,W,22023,1610612759,SAS,1,0.21052631578947367,0.23529411764705882,0.175,0.19047619047619047
0022300586,2024-01-19,1610612738,BOS,L,22023,1610612743,DEN,0,0.7804878048780488,1.0,0.6666666666666666,0.5238095238095238
0022300593,2024-01-20,1610612766,CHA,L,22023,1610612755,PHI,0,0.23076923076923078,0.2777777777777778,0.675,0.6111111111111112
0022300592,2024-01-20,1610612765,DET,L,22023,1610612749,MIL,0,0.0975609756097561,0.1,0.6829268292682927,0.5
0022300598,2024-01-20,1610612745,HOU,W,22023,1610612762,UTA,1,0.475,0.7142857142857143,0.5116279069767442,0.3181818181818182
0022300597,2024-01-20,1610612741,CHI,W,22023,1610612763,MEM,1,0.46511627906976744,0.5652173913043478,0.36585365853658536,0.5
0022300596,2024-01-20,1610612752,NYK,W,22023,1610612761,TOR,1,0.5952380952380952,0.7222222222222222,0.38095238095238093,0.2857142857142857
0022300594,2024-01-20,1610612764,WAS,L,22023,1610612759,SAS,0,0.175,0.17647058823529413,0.17073170731707318,0.18181818181818182
0022300599,2024-01-20,1610612750,MIN,L,22023,1610612760,OKC,0,0.7317073170731707,0.8947368421052632,0.6829268292682927,0.6
0022300595,2024-01-20,1610612737,ATL,L,22023,1610612739,CLE,0,0.43902439024390244,0.42105263157894735,0.6153846153846154,0.5625
0022300600,2024-01-21,1610612746,LAC,W,22023,1610612751,BKN,1,0.65,0.8095238095238095,0.4146341463414634,0.3333333333333333
0022300604,2024-01-21,1610612756,PHX,W,22023,1610612754,IND,1,0.5609756097560976,0.5217391304347826,0.5714285714285714,0.5238095238095238
0022300605,2024-01-21,1610612747,LAL,W,22023,1610612757,POR,1,0.4883720930232558,0.6521739130434783,0.2926829268292683,0.22727272727272727
0022300602,2024-01-21,1610612764,WAS,L,22023,1610612743,DEN,0,0.17073170731707318,0.16666666666666666,0.6744186046511628,0.5454545454545454
0022300603,2024-01-21,1610612745,HOU,L,22023,1610612738,BOS,0,0.4878048780487805,0.7272727272727273,0.7619047619047619,0.5714285714285714
0022300601,2024-01-21,1610612753,ORL,W,22023,1610612748,MIA,1,0.5238095238095238,0.6842105263157895,0.5714285714285714,0.5454545454545454
0022300612,2024-01-22,1610612756,PHX,W,22023,1610612741,CHI,1,0.5714285714285714,0.5416666666666666,0.4772727272727273,0.35
0022300608,2024-01-22,1610612755,PHI,W,22023,1610612759,SAS,1,0.6829268292682927,0.7272727272727273,0.19047619047619047,0.21739130434782608
0022300609,2024-01-22,1610612761,TOR,L,22023,1610612763,MEM,0,0.37209302325581395,0.47619047619047616,0.35714285714285715,0.4782608695652174
0022300606,2024-01-22,1610612765,DET,L,22023,1610612749,MIL,0,0.09523809523809523,0.09523809523809523,0.6904761904761905,0.5263157894736842
0022300613,2024-01-22,1610612758,SAC,W,22023,1610612737,ATL,1,0.5609756097560976,0.6190476190476191,0.42857142857142855,0.45454545454545453
0022300607,2024-01-22,1610612753,ORL,L,22023,1610612739,CLE,0,0.5348837209302325,0.7,0.625,0.5882352941176471
0022300611,2024-01-22,1610612742,DAL,L,22023,1610612738,BOS,0,0.5714285714285714,0.5909090909090909,0.7674418604651163,0.5909090909090909
0022300610,2024-01-22,1610612750,MIN,L,22023,1610612766,CHA,0,0.7142857142857143,0.85,0.225,0.19047619047619047
0022300616,2024-01-23,1610612740,NOP,W,22023,1610612762,UTA,1,0.5813953488372093,0.5909090909090909,0.5,0.30434782608695654
0022300614,2024-01-23,1610612754,IND,L,22023,1610612743,DEN,0,0.5581395348837209,0.6190476190476191,0.6818181818181818,0.5652173913043478
0022300617,2024-01-23,1610612760,OKC,W,22023,1610612757,POR,1,0.6904761904761905,0.7619047619047619,0.2857142857142857,0.21739130434782608
0022300618,2024-01-23,1610612746,LAC,W,22023,1610612747,LAL,1,0.6585365853658537,0.8181818181818182,0.5,0.3
0022300615,2024-01-23,1610612751,BKN,L,22023,1610612752,NYK,0,0.40476190476190477,0.5,0.6046511627906976,0.5
0022300626,2024-01-24,1610612744,GSW,W,22023,1610612737,ATL,1,0.45,0.5,0.4186046511627907,0.43478260869565216
0022300624,2024-01-24,1610612749,MIL,W,22023,1610612739,CLE,1,0.6976744186046512,0.8260869565217391,0.6341463414634146,0.6111111111111112
0022300622,2024-01-24,1610612759,SAS,L,22023,1610612760,OKC,0,0.18604651162790697,0.15789473684210525,0.6976744186046512,0.6190476190476191
0022300620,2024-01-24,1610612764,WAS,L,22023,1610612750,MIN,0,0.16666666666666666,0.15789473684210525,0.6976744186046512,0.5909090909090909
0022300621,2024-01-24,1610612748,MIA,L,22023,1610612763,MEM,0,0.5581395348837209,0.6,0.37209302325581395,0.5
0022300625,2024-01-24,1610612742,DAL,L,22023,1610612756,PHX,0,0.5581395348837209,0.5652173913043478,0.5813953488372093,0.6111111111111112
0022300619,2024-01-24,1610612765,DET,W,22023,1610612766,CHA,1,0.09302325581395349,0.09090909090909091,0.24390243902439024,0.22727272727272727
0022300623,2024-01-24,1610612745,HOU,L,22023,1610612757,POR,0,0.47619047619047616,0.6956521739130435,0.27906976744186046,0.20833333333333334
0022300629,2024-01-25,1610612751,BKN,L,22023,1610612750,MIN,0,0.3953488372093023,0.47619047619047616,0.7045454545454546,0.6086956521739131
0022300627,2024-01-25,1610612754,IND,W,22023,1610612755,PHI,1,0.5454545454545454,0.5909090909090909,0.6904761904761905,0.631578947368421
0022300632,2024-01-25,1610612744,GSW,L,22023,1610612758,SAC,0,0.4634146341463415,0.5217391304347826,0.5714285714285714,0.5
0022300633,2024-01-25,1610612747,LAL,W,22023,1610612741,CHI,1,0.4888888888888889,0.6666666666666666,0.4666666666666667,0.3333333333333333
0022300631,2024-01-25,1610612752,NYK,W,22023,1610612743,DEN,1,0.6136363636363636,0.7368421052631579,0.6888888888888889,0.5833333333333334
0022300630,2024-01-25,1610612748,MIA,L,22023,1610612738,BOS,0,0.5454545454545454,0.5714285714285714,0.7727272727272727,0.6086956521739131
0022300628,2024-01-25,1610612764,WAS,L,22023,1610612762,UTA,0,0.16279069767441862,0.15,0.4888888888888889,0.2916666666666667
0022300638,2024-01-26,1610612763,MEM,W,22023,1610612753,ORL,1,0.38636363636363635,0.21052631578947367,0.5227272727272727,0.391304347826087
0022300640,2024-01-26,1610612740,NOP,L,22023,1610612760,OKC,0,0.5909090909090909,0.6086956521739131,0.7045454545454546,0.6363636363636364
0022300634,2024-01-26,1610612737,ATL,L,22023,1610612742,DAL,0,0.4090909090909091,0.4,0.5454545454545454,0.55
0022300639,2024-01-26,1610612749,MIL,L,22023,1610612739,CLE,0,0.7045454545454546,0.8333333333333334,0.6190476190476191,0.5789473684210527
0022300636,2024-01-26,1610612754,IND,W,22023,1610612756,PHX,1,0.5555555555555556,0.6086956521739131,0.5909090909090909,0.631578947368421
0022300637,2024-01-26,1610612761,TOR,L,22023,1610612746,LAC,0,0.36363636363636365,0.45454545454545453,0.6666666666666666,0.47368421052631576
0022300641,2024-01-26,1610612759,SAS,W,22023,1610612757,POR,1,0.18181818181818182,0.15,0.29545454545454547,0.24
0022300635,2024-01-26,1610612766,CHA,L,22023,1610612745,HOU,0,0.23809523809523808,0.2631578947368421,0.46511627906976744,0.21052631578947367
0022300649,2024-01-27,1610612759,SAS,W,22023,1610612750,MIN,1,0.2,0.19047619047619047,0.7111111111111111,0.625
0022300646,2024-01-27,1610612738,BOS,L,22023,1610612746,LAC,0,0.7777777777777778,0.9523809523809523,0.6744186046511628,0.5
0022300644,2024-01-27,1610612743,DEN,W,22023,1610612755,PHI,1,0.6739130434782609,0.8095238095238095,0.6744186046511628,0.6
0022300647,2024-01-27,1610612766,CHA,L,22023,1610612762,UTA,0,0.23255813953488372,0.25,0.5,0.32
0022300645,2024-01-27,1610612751,BKN,W,22023,1610612745,HOU,1,0.38636363636363635,0.45454545454545453,0.4772727272727273,0.25
0022300642,2024-01-27,1610612765,DET,L,22023,1610612764,WAS,0,0.11363636363636363,0.13043478260869565,0.1590909090909091,0.17391304347826086
0022300648,2024-01-27,1610612749,MIL,W,22023,1610612740,NOP,1,0.6888888888888889,0.8,0.5777777777777777,0.5714285714285714
0022300651,2024-01-27,1610612742,DAL,L,22023,1610612758,SAC,0,0.5555555555555556,0.5416666666666666,0.5813953488372093,0.5238095238095238
0022300650,2024-01-27,1610612744,GSW,L,22023,1610612747,LAL,0,0.4523809523809524,0.5,0.5,0.2857142857142857
0022300643,2024-01-27,1610612752,NYK,W,22023,1610612748,MIA,1,0.6222222222222222,0.75,0.5333333333333333,0.5217391304347826
0022300653,2024-01-28,1610612737,ATL,W,22023,1610612761,TOR,1,0.4,0.38095238095238093,0.35555555555555557,0.2727272727272727
0022300654,2024-01-28,1610612765,DET,W,22023,1610612760,OKC,1,0.1111111111111111,0.125,0.7111111111111111,0.6521739130434783
0022300656,2024-01-28,1610612757,POR,L,22023,1610612741,CHI,0,0.28888888888888886,0.3684210526315789,0.45652173913043476,0.3181818181818182
0022300652,2024-01-28,1610612754,IND,W,22023,1610612763,MEM,1,0.5652173913043478,0.625,0.4,0.52
0022300655,2024-01-28,1610612753,ORL,W,22023,1610612756,PHX,1,0.5111111111111111,0.6666666666666666,0.5777777777777777,0.6
0022300662,2024-01-29,1610612745,HOU,W,22023,1610612747,LAL,1,0.4666666666666667,0.6666666666666666,0.5106382978723404,0.3181818181818182
0022300658,2024-01-29,1610612739,CLE,W,22023,1610612746,LAC,1,0.627906976744186,0.6521739130434783,0.6818181818181818,0.5238095238095238
0022300668,2024-01-29,1610612757,POR,W,22023,1610612755,PHI,1,0.2826086956521739,0.35,0.6590909090909091,0.5714285714285714
0022300660,2024-01-29,1610612751,BKN,W,22023,1610612762,UTA,1,0.4,0.4782608695652174,0.5106382978723404,0.34615384615384615
0022300663,2024-01-29,1610612763,MEM,L,22023,1610612758,SAC,0,0.391304347826087,0.25,0.5909090909090909,0.5454545454545454
0022300665,2024-01-29,1610612759,SAS,L,22023,1610612764,WAS,0,0.21739130434782608,0.22727272727272727,0.17777777777777778,0.20833333333333334
0022300666,2024-01-29,1610612742,DAL,W,22023,1610612753,ORL,1,0.5434782608695652,0.52,0.5217391304347826,0.375
0022300661,2024-01-29,1610612748,MIA,L,22023,1610612756,PHX,0,0.5217391304347826,0.5454545454545454,0.5652173913043478,0.5714285714285714
0022300657,2024-01-29,1610612766,CHA,L,22023,1610612752,NYK,0,0.22727272727272727,0.23809523809523808,0.6304347826086957,0.52
0022300659,2024-01-29,1610612738,BOS,W,22023,1610612740,NOP,1,0.7608695652173914,0.9090909090909091,0.5652173913043478,0.5454545454545454
0022300664,2024-01-29,1610612760,OKC,L,22023,1610612750,MIN,0,0.6956521739130435,0.7727272727272727,0.6956521739130435,0.6
0022300667,2024-01-29,1610612743,DEN,W,22023,1610612749,MIL,1,0.6808510638297872,0.8181818181818182,0.6956521739130435,0.55
0022300673,2024-01-30,1610612744,GSW,W,22023,1610612755,PHI,1,0.4418604651162791,0.48,0.6444444444444445,0.5454545454545454
0022300669,2024-01-30,1610612737,ATL,W,22023,1610612747,LAL,1,0.41304347826086957,0.4090909090909091,0.5,0.30434782608695654
0022300670,2024-01-30,1610612738,BOS,W,22023,1610612754,IND,1,0.7659574468085106,0.9130434782608695,0.574468085106383,0.5
0022300671,2024-01-30,1610612752,NYK,W,22023,1610612762,UTA,1,0.6382978723404256,0.7619047619047619,0.5,0.3333333333333333
0022300672,2024-01-30,1610612741,CHI,L,22023,1610612761,TOR,0,0.46808510638297873,0.5833333333333334,0.34782608695652173,0.2608695652173913
0022300675,2024-01-31,1610612739,CLE,W,22023,1610612765,DET,1,0.6363636363636364,0.6666666666666666,0.13043478260869565,0.09523809523809523
0022300676,2024-01-31,1610612764,WAS,L,22023,1610612746,LAC,0,0.1956521739130435,0.14285714285714285,0.6666666666666666,0.5
0022300680,2024-01-31,1610612750,MIN,W,22023,1610612742,DAL,1,0.7021276595744681,0.8095238095238095,0.5531914893617021,0.5714285714285714
0022300678,2024-01-31,1610612748,MIA,W,22023,1610612758,SAC,1,0.5106382978723404,0.5217391304347826,0.6,0.5652173913043478
0022300681,2024-01-31,1610612759,SAS,L,22023,1610612753,ORL,0,0.2127659574468085,0.21739130434782608,0.5106382978723404,0.36
0022300674,2024-01-31,1610612766,CHA,L,22023,1610612741,CHI,0,0.2222222222222222,0.22727272727272727,0.4583333333333333,0.34782608695652173
0022300679,2024-01-31,1610612745,HOU,L,22023,1610612740,NOP,0,0.4782608695652174,0.68,0.5531914893617021,0.5217391304347826
0022300683,2024-01-31,1610612757,POR,W,22023,1610612749,MIL,1,0.2978723404255319,0.38095238095238093,0.6808510638297872,0.5238095238095238
0022300677,2024-01-31,1610612751,BKN,L,22023,1610612756,PHX,0,0.41304347826086957,0.5,0.574468085106383,0.5909090909090909
0022300682,2024-01-31,1610612760,OKC,W,22023,1610612743,DEN,1,0.6808510638297872,0.7391304347826086,0.6875,0.56
0022300685,2024-02-01,1610612752,NYK,W,22023,1610612754,IND,1,0.6458333333333334,0.7727272727272727,0.5625,0.4782608695652174
0022300687,2024-02-01,1610612763,MEM,L,22023,1610612739,CLE,0,0.3829787234042553,0.23809523809523808,0.6444444444444445,0.6
0022300686,2024-02-01,1610612762,UTA,L,22023,1610612755,PHI,0,0.4897959183673469,0.7142857142857143,0.6304347826086957,0.5217391304347826
0022300684,2024-02-01,1610612738,BOS,L,22023,1610612747,LAL,0,0.7708333333333334,0.9166666666666666,0.4897959183673469,0.2916666666666667
0022300694,2024-02-02,1610612750,MIN,L,22023,1610612753,ORL,0,0.7083333333333334,0.8181818181818182,0.5208333333333334,0.38461538461538464
0022300696,2024-02-02,1610612759,SAS,L,22023,1610612740,NOP,0,0.20833333333333334,0.20833333333333334,0.5625,0.5416666666666666
0022300697,2024-02-02,1610612743,DEN,W,22023,1610612757,POR,1,0.673469387755102,0.8260869565217391,0.3125,0.23076923076923078
0022300695,2024-02-02,1610612760,OKC,W,22023,1610612766,CHA,1,0.6875,0.75,0.21739130434782608,0.21739130434782608
0022300693,2024-02-02,1610612763,MEM,L,22023,1610612744,GSW,0,0.375,0.22727272727272727,0.45454545454545453,0.3888888888888889
0022300690,2024-02-02,1610612737,ATL,W,22023,1610612756,PHX,1,0.425531914893617,0.43478260869565216,0.5833333333333334,0.6086956521739131
0022300688,2024-02-02,1610612765,DET,L,22023,1610612746,LAC,0,0.1276595744680851,0.16,0.6739130434782609,0.5217391304347826
0022300692,2024-02-02,1610612745,HOU,W,22023,1610612761,TOR,1,0.46808510638297873,0.6538461538461539,0.3617021276595745,0.2916666666666667
0022300689,2024-02-02,1610612764,WAS,L,22023,1610612748,MIA,0,0.19148936170212766,0.13636363636363635,0.5208333333333334,0.5
0022300691,2024-02-02,1610612754,IND,L,22023,1610612758,SAC,0,0.5510204081632653,0.64,0.5869565217391305,0.5416666666666666
0022300703,2024-02-03,1610612759,SAS,L,22023,1610612739,CLE,0,0.20408163265306123,0.2,0.6521739130434783,0.6190476190476191
0022300700,2024-02-03,1610612741,CHI,L,22023,1610612758,SAC,0,0.46938775510204084,0.56,0.5957446808510638,0.56
0022300702,2024-02-03,1610612742,DAL,L,22023,1610612749,MIL,0,0.5416666666666666,0.5384615384615384,0.6666666666666666,0.5
0022300698,2024-02-03,1610612755,PHI,L,22023,1610612751,BKN,0,0.6382978723404256,0.7391304347826086,0.40425531914893614,0.3181818181818182
0022300701,2024-02-03,1610612752,NYK,L,22023,1610612747,LAL,0,0.6530612244897959,0.782608695652174,0.5,0.32
0022300699,2024-02-03,1610612737,ATL,W,22023,1610612744,GSW,1,0.4375,0.4583333333333333,0.4666666666666667,0.42105263157894735
0022300709,2024-02-04,1610612750,MIN,W,22023,1610612745,HOU,1,0.6938775510204082,0.782608695652174,0.4791666666666667,0.23809523809523808
0022300704,2024-02-04,1610612765,DET,L,22023,1610612753,ORL,0,0.125,0.15384615384615385,0.5306122448979592,0.4074074074074074
0022300708,2024-02-04,1610612748,MIA,L,22023,1610612746,LAC,0,0.5306122448979592,0.5416666666666666,0.6808510638297872,0.5416666666666666
0022300710,2024-02-04,1610612760,OKC,W,22023,1610612761,TOR,1,0.6938775510204082,0.76,0.3541666666666667,0.28
0022300705,2024-02-04,1610612764,WAS,L,22023,1610612756,PHX,0,0.1875,0.13043478260869565,0.5714285714285714,0.5833333333333334
0022300706,2024-02-04,1610612738,BOS,W,22023,1610612763,MEM,1,0.7551020408163265,0.88,0.3673469387755102,0.5
0022300711,2024-02-04,1610612762,UTA,W,22023,1610612749,MIL,1,0.48,0.6818181818181818,0.673469387755102,0.5217391304347826
0022300712,2024-02-04,1610612743,DEN,W,22023,1610612757,POR,1,0.68,0.8333333333333334,0.30612244897959184,0.2222222222222222
0022300707,2024-02-04,1610612766,CHA,L,22023,1610612754,IND,0,0.2127659574468085,0.21739130434782608,0.54,0.4583333333333333
0022300716,2024-02-05,1610612737,ATL,L,22023,1610612746,LAC,0,0.4489795918367347,0.48,0.6875,0.56
0022300715,2024-02-05,1610612755,PHI,L,22023,1610612742,DAL,0,0.625,0.7083333333333334,0.5306122448979592,0.5454545454545454
0022300718,2024-02-05,1610612740,NOP,W,22023,1610612761,TOR,1,0.5714285714285714,0.5833333333333334,0.3469387755102041,0.2692307692307692
0022300714,2024-02-05,1610612739,CLE,W,22023,1610612758,SAC,1,0.6595744680851063,0.68,0.6041666666666666,0.5769230769230769
0022300713,2024-02-05,1610612766,CHA,L,22023,1610612747,LAL,0,0.20833333333333334,0.20833333333333334,0.5098039215686274,0.34615384615384615
0022300717,2024-02-05,1610612751,BKN,L,22023,1610612744,GSW,0,0.4166666666666667,0.48,0.45652173913043476,0.4
0022300725,2024-02-06,1610612756,PHX,W,22023,1610612749,MIL,1,0.58,0.56,0.66,0.5
0022300722,2024-02-06,1610612752,NYK,W,22023,1610612763,MEM,1,0.64,0.75,0.36,0.48148148148148145
0022300720,2024-02-06,1610612751,BKN,L,22023,1610612742,DAL,0,0.40816326530612246,0.46153846153846156,0.54,0.5652173913043478
0022300721,2024-02-06,1610612748,MIA,W,22023,1610612753,ORL,1,0.52,0.52,0.54,0.42857142857142855
0022300719,2024-02-06,1610612754,IND,W,22023,1610612745,HOU,1,0.5490196078431373,0.6153846153846154,0.46938775510204084,0.22727272727272727
0022300724,2024-02-06,1610612762,UTA,W,22023,1610612760,OKC,1,0.49019607843137253,0.6956521739130435,0.7,0.625
0022300723,2024-02-06,1610612741,CHI,W,22023,1610612750,MIN,1,0.46,0.5384615384615384,0.7,0.6153846153846154
0022300731,2024-02-07,1610612746,LAC,L,22023,1610612740,NOP,0,0.6938775510204082,0.8260869565217391,0.58,0.56
0022300728,2024-02-07,1610612764,WAS,L,22023,1610612739,CLE,0,0.1836734693877551,0.125,0.6666666666666666,0.6363636363636364
0022300729,2024-02-07,1610612738,BOS,W,22023,1610612737,ATL,1,0.76,0.8846153846153846,0.44,0.4166666666666667
0022300730,2024-02-07,1610612748,MIA,W,22023,1610612759,SAS,1,0.5294117647058824,0.5384615384615384,0.2,0.20833333333333334
0022300726,2024-02-07,1610612766,CHA,L,22023,1610612761,TOR,0,0.20408163265306123,0.2,0.34,0.25925925925925924
0022300732,2024-02-07,1610612758,SAC,L,22023,1610612765,DET,0,0.5918367346938775,0.6363636363636364,0.12244897959183673,0.09090909090909091
0022300727,2024-02-07,1610612755,PHI,L,22023,1610612744,GSW,0,0.6122448979591837,0.68,0.46808510638297873,0.42857142857142855
0022300741,2024-02-08,1610612757,POR,L,22023,1610612765,DET,0,0.3,0.4090909090909091,0.14,0.13043478260869565
0022300736,2024-02-08,1610612752,NYK,L,22023,1610612742,DAL,0,0.6470588235294118,0.76,0.5490196078431373,0.5833333333333334
0022300734,2024-02-08,1610612753,ORL,W,22023,1610612759,SAS,1,0.5294117647058824,0.6818181818181818,0.19607843137254902,0.2
0022300739,2024-02-08,1610612756,PHX,W,22023,1610612762,UTA,1,0.5882352941176471,0.5769230769230769,0.5,0.32142857142857145
0022300738,2024-02-08,1610612749,MIL,L,22023,1610612750,MIN,0,0.6470588235294118,0.8076923076923077,0.6862745098039216,0.5925925925925926
0022300735,2024-02-08,1610612751,BKN,L,22023,1610612739,CLE,0,0.4,0.4444444444444444,0.673469387755102,0.6521739130434783
0022300737,2024-02-08,1610612763,MEM,L,22023,1610612741,CHI,0,0.35294117647058826,0.21739130434782608,0.47058823529411764,0.375
0022300733,2024-02-08,1610612754,IND,L,22023,1610612744,GSW,0,0.5576923076923077,0.6296296296296297,0.4791666666666667,0.45454545454545453
0022300740,2024-02-08,1610612747,LAL,L,22023,1610612743,DEN,0,0.5192307692307693,0.68,0.6862745098039216,0.5384615384615384
0022300744,2024-02-09,1610612761,TOR,W,22023,1610612745,HOU,1,0.35294117647058826,0.43478260869565216,0.46,0.21739130434782608
0022300745,2024-02-09,1610612749,MIL,W,22023,1610612766,CHA,1,0.6346153846153846,0.7777777777777778,0.2,0.20833333333333334
0022300746,2024-02-09,1610612758,SAC,W,22023,1610612743,DEN,1,0.58,0.6086956521739131,0.6923076923076923,0.5555555555555556
0022300747,2024-02-09,1610612747,LAL,W,22023,1610612740,NOP,1,0.5094339622641509,0.6538461538461539,0.5882352941176471,0.5769230769230769
0022300742,2024-02-09,1610612755,PHI,L,22023,1610612737,ATL,0,0.6,0.6538461538461539,0.43137254901960786,0.4
0022300743,2024-02-09,1610612738,BOS,W,22023,1610612764,WAS,1,0.7647058823529411,0.8888888888888888,0.18,0.24
0022300758,2024-02-10,1610612757,POR,L,22023,1610612740,NOP,0,0.29411764705882354,0.391304347826087,0.5769230769230769,0.5555555555555556
0022300752,2024-02-10,1610612753,ORL,W,22023,1610612741,CHI,1,0.5384615384615384,0.6956521739130435,0.4807692307692308,0.4
0022300755,2024-02-10,1610612752,NYK,L,22023,1610612754,IND,0,0.6346153846153846,0.7307692307692307,0.5471698113207547,0.48
0022300750,2024-02-10,1610612751,BKN,W,22023,1610612759,SAS,1,0.39215686274509803,0.42857142857142855,0.19230769230769232,0.19230769230769232
0022300756,2024-02-10,1610612761,TOR,L,22023,1610612739,CLE,0,0.36538461538461536,0.4583333333333333,0.68,0.6666666666666666
0022300748,2024-02-10,1610612742,DAL,W,22023,1610612760,OKC,1,0.5576923076923077,0.5185185185185185,0.6862745098039216,0.6
0022300757,2024-02-10,1610612744,GSW,W,22023,1610612756,PHX,1,0.4897959183673469,0.5,0.5961538461538461,0.6
0022300753,2024-02-10,1610612764,WAS,L,22023,1610612755,PHI,0,0.17647058823529413,0.12,0.5882352941176471,0.5416666666666666
0022300754,2024-02-10,1610612737,ATL,W,22023,1610612745,HOU,1,0.4423076923076923,0.46153846153846156,0.45098039215686275,0.20833333333333334
0022300749,2024-02-10,1610612746,LAC,W,22023,1610612765,DET,1,0.68,0.7916666666666666,0.1568627450980392,0.16666666666666666
0022300751,2024-02-10,1610612766,CHA,W,22023,1610612763,MEM,1,0.19607843137254902,0.19230769230769232,0.34615384615384615,0.4642857142857143
0022300759,2024-02-11,1610612748,MIA,L,22023,1610612738,BOS,0,0.5384615384615384,0.5555555555555556,0.7692307692307693,0.625
0022300760,2024-02-11,1610612760,OKC,W,22023,1610612758,SAC,1,0.6730769230769231,0.7692307692307693,0.5882352941176471,0.5555555555555556
0022300763,2024-02-12,1610612737,ATL,L,22023,1610612741,CHI,0,0.4528301886792453,0.48148148148148145,0.4716981132075472,0.38461538461538464
0022300768,2024-02-12,1610612742,DAL,W,22023,1610612764,WAS,1,0.5660377358490566,0.5357142857142857,0.17307692307692307,0.23076923076923078
0022300761,2024-02-12,1610612766,CHA,W,22023,1610612754,IND,1,0.21153846153846154,0.2222222222222222,0.5555555555555556,0.5
0022300770,2024-02-12,1610612746,LAC,L,22023,1610612750,MIN,0,0.6862745098039216,0.8,0.6923076923076923,0.6071428571428571
0022300764,2024-02-12,1610612761,TOR,L,22023,1610612759,SAS,0,0.3584905660377358,0.44,0.18867924528301888,0.18518518518518517
0022300765,2024-02-12,1610612745,HOU,W,22023,1610612752,NYK,1,0.4423076923076923,0.6666666666666666,0.6226415094339622,0.5384615384615384
0022300762,2024-02-12,1610612739,CLE,L,22023,1610612755,PHI,0,0.6862745098039216,0.6923076923076923,0.5961538461538461,0.56
0022300769,2024-02-12,1610612762,UTA,L,22023,1610612744,GSW,0,0.49056603773584906,0.7083333333333334,0.5,0.4782608695652174
0022300767,2024-02-12,1610612749,MIL,W,22023,1610612743,DEN,1,0.6415094339622641,0.7857142857142857,0.6792452830188679,0.5357142857142857
0022300766,2024-02-12,1610612763,MEM,L,22023,1610612740,NOP,0,0.33962264150943394,0.20833333333333334,0.5849056603773585,0.5714285714285714
0022300776,2024-02-13,1610612747,LAL,W,22023,1610612765,DET,1,0.5185185185185185,0.6666666666666666,0.15384615384615385,0.16
0022300775,2024-02-13,1610612757,POR,L,22023,1610612750,MIN,0,0.28846153846153844,0.375,0.6981132075471698,0.6206896551724138
0022300771,2024-02-13,1610612751,BKN,L,22023,1610612738,BOS,0,0.40384615384615385,0.4482758620689655,0.7735849056603774,0.64
0022300774,2024-02-13,1610612756,PHX,W,22023,1610612758,SAC,1,0.5849056603773585,0.5925925925925926,0.5769230769230769,0.5357142857142857
0022300773,2024-02-13,1610612749,MIL,L,22023,1610612748,MIA,0,0.6481481481481481,0.7931034482758621,0.5283018867924528,0.52
0022300772,2024-02-13,1610612753,ORL,L,22023,1610612760,OKC,0,0.5471698113207547,0.7083333333333334,0.6792452830188679,0.5769230769230769
0022300780,2024-02-14,1610612738,BOS,W,22023,1610612751,BKN,1,0.7777777777777778,0.8928571428571429,0.39622641509433965,0.34782608695652173
0022300787,2024-02-14,1610612756,PHX,W,22023,1610612765,DET,1,0.5925925925925926,0.6071428571428571,0.1509433962264151,0.15384615384615385
0022300785,2024-02-14,1610612742,DAL,W,22023,1610612759,SAS,1,0.5740740740740741,0.5517241379310345,0.2037037037037037,0.21428571428571427
0022300782,2024-02-14,1610612761,TOR,L,22023,1610612754,IND,0,0.35185185185185186,0.4230769230769231,0.5454545454545454,0.48148148148148145
0022300786,2024-02-14,1610612743,DEN,L,22023,1610612758,SAC,0,0.6666666666666666,0.84,0.5660377358490566,0.5172413793103449
0022300778,2024-02-14,1610612753,ORL,W,22023,1610612752,NYK,1,0.5370370370370371,0.68,0.6111111111111112,0.5185185185185185
0022300777,2024-02-14,1610612766,CHA,W,22023,1610612737,ATL,1,0.22641509433962265,0.25,0.4444444444444444,0.4230769230769231
0022300784,2024-02-14,1610612740,NOP,W,22023,1610612764,WAS,1,0.5925925925925926,0.6,0.16981132075471697,0.2222222222222222
0022300788,2024-02-14,1610612762,UTA,L,22023,1610612747,LAL,0,0.48148148148148145,0.68,0.5272727272727272,0.37037037037037035
0022300781,2024-02-14,1610612739,CLE,W,22023,1610612741,CHI,1,0.6730769230769231,0.6666666666666666,0.48148148148148145,0.4074074074074074
0022300789,2024-02-14,1610612744,GSW,L,22023,1610612746,LAC,0,0.5098039215686274,0.5185185185185185,0.6730769230769231,0.5769230769230769
0022300779,2024-02-14,1610612755,PHI,L,22023,1610612748,MIA,0,0.6037735849056604,0.6296296296296297,0.5370370370370371,0.5384615384615384
0022300783,2024-02-14,1610612763,MEM,W,22023,1610612745,HOU,1,0.3333333333333333,0.2,0.4528301886792453,0.2
0022300791,2024-02-15,1610612757,POR,L,22023,1610612750,MIN,0,0.2830188679245283,0.36,0.7037037037037037,0.6333333333333333
0022300576,2024-02-15,1610612762,UTA,L,22023,1610612744,GSW,0,0.4727272727272727,0.6538461538461539,0.5,0.5
0022300790,2024-02-15,1610612763,MEM,W,22023,1610612749,MIL,1,0.34545454545454546,0.23076923076923078,0.6363636363636364,0.48
0022300796,2024-02-22,1610612742,DAL,W,22023,1610612756,PHX,1,0.5818181818181818,0.5666666666666667,0.6,0.5769230769230769
0022300792,2024-02-22,1610612739,CLE,L,22023,1610612753,ORL,0,0.6792452830188679,0.6785714285714286,0.5454545454545454,0.41379310344827586
0022300794,2024-02-22,1610612755,PHI,L,22023,1610612752,NYK,0,0.5925925925925926,0.6071428571428571,0.6,0.5
0022300800,2024-02-22,1610612743,DEN,W,22023,1610612764,WAS,1,0.6545454545454545,0.8076923076923077,0.16666666666666666,0.21428571428571427
0022300793,2024-02-22,1610612754,IND,W,22023,1610612765,DET,1,0.5535714285714286,0.6071428571428571,0.14814814814814814,0.14814814814814814
0022300795,2024-02-22,1610612761,TOR,W,22023,1610612751,BKN,1,0.34545454545454546,0.4074074074074074,0.3888888888888889,0.3333333333333333
0022300798,2024-02-22,1610612740,NOP,W,22023,1610612745,HOU,1,0.6,0.6153846153846154,0.4444444444444444,0.19230769230769232
0022300803,2024-02-22,1610612758,SAC,W,22023,1610612759,SAS,1,0.5740740740740741,0.625,0.2,0.20689655172413793
0022300801,2024-02-22,1610612762,UTA,L,22023,1610612766,CHA,0,0.4642857142857143,0.6296296296296297,0.24074074074074073,0.2
0022300797,2024-02-22,1610612741,CHI,L,22023,1610612738,BOS,0,0.4727272727272727,0.5555555555555556,0.7818181818181819,0.6538461538461539
0022300799,2024-02-22,1610612760,OKC,W,22023,1610612746,LAC,1,0.6851851851851852,0.7777777777777778,0.6792452830188679,0.5925925925925926
0022300802,2024-02-22,1610612744,GSW,W,22023,1610612747,LAL,1,0.5094339622641509,0.5,0.5357142857142857,0.39285714285714285
0022300805,2024-02-23,1610612755,PHI,W,22023,1610612739,CLE,1,0.5818181818181818,0.5862068965517241,0.6666666666666666,0.68
0022300808,2024-02-23,1610612750,MIN,L,22023,1610612749,MIL,0,0.7090909090909091,0.7916666666666666,0.625,0.46153846153846156
0022300804,2024-02-23,1610612737,ATL,L,22023,1610612761,TOR,0,0.43636363636363634,0.4642857142857143,0.35714285714285715,0.2857142857142857
0022300812,2024-02-23,1610612757,POR,L,22023,1610612743,DEN,0,0.2777777777777778,0.34615384615384615,0.6607142857142857,0.5172413793103449
0022300813,2024-02-23,1610612747,LAL,W,22023,1610612759,SAS,1,0.5263157894736842,0.6785714285714286,0.19642857142857142,0.2
0022300809,2024-02-23,1610612760,OKC,W,22023,1610612764,WAS,1,0.6909090909090909,0.7857142857142857,0.16363636363636364,0.20689655172413793
0022300810,2024-02-23,1610612740,NOP,L,22023,1610612748,MIA,0,0.6071428571428571,0.6296296296296297,0.5454545454545454,0.5555555555555556
0022300807,2024-02-23,1610612763,MEM,L,22023,1610612746,LAC,0,0.35714285714285715,0.25925925925925924,0.6666666666666666,0.5714285714285714
0022300811,2024-02-23,1610612744,GSW,W,22023,1610612766,CHA,1,0.5185185185185185,0.5172413793103449,0.2545454545454545,0.23076923076923078
0022300806,2024-02-23,1610612745,HOU,W,22023,1610612756,PHX,1,0.43636363636363634,0.6785714285714286,0.5892857142857143,0.5555555555555556
0022300815,2024-02-24,1610612750,MIN,W,22023,1610612751,BKN,1,0.6964285714285714,0.76,0.38181818181818183,0.32
0022300814,2024-02-24,1610612765,DET,L,22023,1610612753,ORL,0,0.14545454545454545,0.14814814814814814,0.5535714285714286,0.43333333333333335
0022300816,2024-02-24,1610612752,NYK,L,22023,1610612738,BOS,0,0.6071428571428571,0.7037037037037037,0.7857142857142857,0.6666666666666666
0022300822,2024-02-25,1610612745,HOU,L,22023,1610612760,OKC,0,0.44642857142857145,0.6896551724137931,0.6964285714285714,0.5925925925925926
0022300826,2024-02-25,1610612757,POR,L,22023,1610612766,CHA,0,0.2727272727272727,0.3333333333333333,0.25,0.2222222222222222
0022300824,2024-02-25,1610612744,GSW,L,22023,1610612743,DEN,0,0.5272727272727272,0.5333333333333333,0.6666666666666666,0.5333333333333333
0022300820,2024-02-25,1610612764,WAS,L,22023,1610612739,CLE,0,0.16071428571428573,0.11538461538461539,0.6545454545454545,0.6538461538461539
0022300818,2024-02-25,1610612756,PHX,W,22023,1610612747,LAL,1,0.5789473684210527,0.6206896551724138,0.5344827586206896,0.3793103448275862
0022300817,2024-02-25,1610612755,PHI,L,22023,1610612749,MIL,0,0.5892857142857143,0.6,0.631578947368421,0.48148148148148145
0022300825,2024-02-25,1610612762,UTA,W,22023,1610612759,SAS,1,0.45614035087719296,0.6071428571428571,0.19298245614035087,0.1935483870967742
0022300823,2024-02-25,1610612740,NOP,L,22023,1610612741,CHI,0,0.5964912280701754,0.6071428571428571,0.4642857142857143,0.39285714285714285
0022300827,2024-02-25,1610612746,LAC,L,22023,1610612758,SAC,0,0.6727272727272727,0.7692307692307693,0.5818181818181818,0.5333333333333333
0022300819,2024-02-25,1610612754,IND,W,22023,1610612742,DAL,1,0.5614035087719298,0.6206896551724138,0.5892857142857143,0.6
0022300821,2024-02-25,1610612737,ATL,W,22023,1610612753,ORL,1,0.42857142857142855,0.4482758620689655,0.5614035087719298,0.45161290322580644
0022300830,2024-02-26,1610612763,MEM,L,22023,1610612751,BKN,0,0.3508771929824561,0.25,0.375,0.3076923076923077
0022300831,2024-02-26,1610612758,SAC,L,22023,1610612748,MIA,0,0.5892857142857143,0.64,0.5535714285714286,0.5714285714285714
0022300828,2024-02-26,1610612752,NYK,W,22023,1610612765,DET,1,0.5964912280701754,0.6785714285714286,0.14285714285714285,0.14285714285714285
0022300829,2024-02-26,1610612754,IND,L,22023,1610612761,TOR,0,0.5689655172413793,0.6333333333333333,0.3684210526315789,0.3103448275862069
0022300835,2024-02-27,1610612737,ATL,W,22023,1610612762,UTA,1,0.43859649122807015,0.4666666666666667,0.46551724137931033,0.3103448275862069
0022300838,2024-02-27,1610612750,MIN,W,22023,1610612759,SAS,1,0.7017543859649122,0.7692307692307693,0.1896551724137931,0.1875
0022300837,2024-02-27,1610612752,NYK,L,22023,1610612740,NOP,0,0.603448275862069,0.6896551724137931,0.5862068965517241,0.5862068965517241
0022300836,2024-02-27,1610612738,BOS,W,22023,1610612755,PHI,1,0.7894736842105263,0.896551724137931,0.5789473684210527,0.5769230769230769
0022300833,2024-02-27,1610612753,ORL,W,22023,1610612751,BKN,1,0.5517241379310345,0.6923076923076923,0.38596491228070173,0.3333333333333333
0022300839,2024-02-27,1610612741,CHI,L,22023,1610612765,DET,0,0.47368421052631576,0.5357142857142857,0.14035087719298245,0.13793103448275862
0022300841,2024-02-27,1610612760,OKC,W,22023,1610612745,HOU,1,0.7017543859649122,0.7931034482758621,0.43859649122807015,0.18518518518518517
0022300840,2024-02-27,1610612749,MIL,W,22023,1610612766,CHA,1,0.6379310344827587,0.7666666666666667,0.2631578947368421,0.25
0022300842,2024-02-27,1610612757,POR,L,22023,1610612748,MIA,0,0.26785714285714285,0.32142857142857145,0.5614035087719298,0.5862068965517241
0022300832,2024-02-27,1610612739,CLE,W,22023,1610612742,DAL,1,0.6607142857142857,0.6551724137931034,0.5789473684210527,0.5769230769230769
0022300834,2024-02-27,1610612764,WAS,L,22023,1610612744,GSW,0,0.15789473684210525,0.1111111111111111,0.5178571428571429,0.52
0022300847,2024-02-28,1610612743,DEN,W,22023,1610612758,SAC,1,0.6724137931034483,0.8148148148148148,0.5789473684210527,0.5483870967741935
0022300843,2024-02-28,1610612754,IND,W,22023,1610612740,NOP,1,0.559322033898305,0.6129032258064516,0.5932203389830508,0.6
0022300845,2024-02-28,1610612750,MIN,W,22023,1610612763,MEM,1,0.7068965517241379,0.7777777777777778,0.3448275862068966,0.4482758620689655
0022300846,2024-02-28,1610612741,CHI,W,22023,1610612739,CLE,1,0.46551724137931033,0.5172413793103449,0.6666666666666666,0.6666666666666666
0022300848,2024-02-28,1610612746,LAC,L,22023,1610612747,LAL,0,0.6607142857142857,0.7407407407407407,0.5254237288135594,0.36666666666666664
0022300844,2024-02-28,1610612761,TOR,L,22023,1610612742,DAL,0,0.3793103448275862,0.42857142857142855,0.5689655172413793,0.5555555555555556
0022300853,2024-02-29,1610612759,SAS,W,22023,1610612760,OKC,1,0.1864406779661017,0.19230769230769232,0.7068965517241379,0.6071428571428571
0022300856,2024-02-29,1610612747,LAL,W,22023,1610612764,WAS,1,0.5333333333333333,0.6896551724137931,0.15517241379310345,0.2
0022300851,2024-02-29,1610612751,BKN,W,22023,1610612737,ATL,1,0.3793103448275862,0.43333333333333335,0.4482758620689655,0.4074074074074074
0022300855,2024-02-29,1610612743,DEN,W,22023,1610612748,MIA,1,0.6779661016949152,0.8214285714285714,0.5689655172413793,0.6
0022300852,2024-02-29,1610612752,NYK,L,22023,1610612744,GSW,0,0.5932203389830508,0.6666666666666666,0.5263157894736842,0.5384615384615384
0022300849,2024-02-29,1610612766,CHA,L,22023,1610612749,MIL,0,0.25862068965517243,0.27586206896551724,0.6440677966101694,0.5
0022300850,2024-02-29,1610612753,ORL,W,22023,1610612762,UTA,1,0.559322033898305,0.7037037037037037,0.4576271186440678,0.3
0022300854,2024-02-29,1610612756,PHX,W,22023,1610612745,HOU,1,0.5862068965517241,0.6333333333333333,0.43103448275862066,0.17857142857142858
0022300858,2024-03-01,1610612755,PHI,W,22023,1610612766,CHA,1,0.5689655172413793,0.5806451612903226,0.2542372881355932,0.2413793103448276
0022300860,2024-03-01,1610612761,TOR,L,22023,1610612744,GSW,0,0.3728813559322034,0.41379310344827586,0.5344827586206896,0.5555555555555556
0022300863,2024-03-01,1610612740,NOP,W,22023,1610612754,IND,1,0.5833333333333334,0.5862068965517241,0.5666666666666667,0.5
0022300861,2024-03-01,1610612763,MEM,L,22023,1610612757,POR,0,0.3389830508474576,0.2413793103448276,0.2631578947368421,0.21428571428571427
0022300859,2024-03-01,1610612738,BOS,W,22023,1610612742,DAL,1,0.7931034482758621,0.9,0.576271186440678,0.5714285714285714
0022300857,2024-03-01,1610612765,DET,L,22023,1610612739,CLE,0,0.15517241379310345,0.14285714285714285,0.6551724137931034,0.6428571428571429
0022300865,2024-03-01,1610612746,LAC,W,22023,1610612764,WAS,1,0.6491228070175439,0.7142857142857143,0.15254237288135594,0.1935483870967742
0022300862,2024-03-01,1610612750,MIN,L,22023,1610612758,SAC,0,0.711864406779661,0.7857142857142857,0.5689655172413793,0.53125
0022300864,2024-03-01,1610612741,CHI,L,22023,1610612749,MIL,0,0.4745762711864407,0.5333333333333333,0.65,0.5172413793103449
0022300868,2024-03-02,1610612763,MEM,L,22023,1610612757,POR,0,0.3333333333333333,0.23333333333333334,0.27586206896551724,0.2413793103448276
0022300870,2024-03-02,1610612756,PHX,L,22023,1610612745,HOU,0,0.5932203389830508,0.6451612903225806,0.423728813559322,0.1724137931034483
0022300867,2024-03-02,1610612748,MIA,W,22023,1610612762,UTA,1,0.559322033898305,0.5357142857142857,0.45,0.2903225806451613
0022300866,2024-03-02,1610612751,BKN,W,22023,1610612737,ATL,1,0.3898305084745763,0.45161290322580644,0.4406779661016949,0.39285714285714285
0022300869,2024-03-02,1610612747,LAL,L,22023,1610612743,DEN,0,0.5409836065573771,0.7,0.6833333333333333,0.5483870967741935
0022300876,2024-03-03,1610612739,CLE,L,22023,1610612752,NYK,0,0.6610169491525424,0.6666666666666666,0.5833333333333334,0.5172413793103449
0022300877,2024-03-03,1610612759,SAS,W,22023,1610612754,IND,1,0.2,0.2222222222222222,0.5573770491803278,0.4827586206896552
0022300873,2024-03-03,1610612750,MIN,L,22023,1610612746,LAC,0,0.7,0.7586206896551724,0.6551724137931034,0.5862068965517241
0022300874,2024-03-03,1610612753,ORL,W,22023,1610612765,DET,1,0.5666666666666667,0.7142857142857143,0.15254237288135594,0.16666666666666666
0022300878,2024-03-03,1610612756,PHX,L,22023,1610612760,OKC,0,0.5833333333333334,0.625,0.6949152542372882,0.5862068965517241
0022300872,2024-03-03,1610612738,BOS,W,22023,1610612744,GSW,1,0.7966101694915254,0.9032258064516129,0.5423728813559322,0.5714285714285714
0022300871,2024-03-03,1610612742,DAL,L,22023,1610612755,PHI,0,0.5666666666666667,0.5806451612903226,0.576271186440678,0.5555555555555556
0022300875,2024-03-03,1610612761,TOR,W,22023,1610612766,CHA,1,0.36666666666666664,0.4,0.25,0.23333333333333334
0022300880,2024-03-04,1610612749,MIL,W,22023,1610612746,LAC,1,0.6557377049180327,0.7741935483870968,0.6610169491525424,0.6
0022300881,2024-03-04,1610612750,MIN,W,22023,1610612757,POR,1,0.6885245901639344,0.7333333333333333,0.288135593220339,0.26666666666666666
0022300884,2024-03-04,1610612747,LAL,W,22023,1610612760,OKC,1,0.532258064516129,0.6774193548387096,0.7,0.6
0022300882,2024-03-04,1610612762,UTA,W,22023,1610612764,WAS,1,0.4426229508196721,0.6206896551724138,0.15,0.1875
0022300883,2024-03-04,1610612758,SAC,L,22023,1610612741,CHI,0,0.576271186440678,0.6153846153846154,0.4666666666666667,0.41379310344827586
0022300879,2024-03-04,1610612751,BKN,L,22023,1610612763,MEM,0,0.4,0.46875,0.32786885245901637,0.43333333333333335
0022300890,2024-03-05,1610612761,TOR,L,22023,1610612740,NOP,0,0.3770491803278688,0.41935483870967744,0.5901639344262295,0.5806451612903226
0022300885,2024-03-05,1610612766,CHA,L,22023,1610612753,ORL,0,0.2459016393442623,0.26666666666666666,0.5737704918032787,0.4375
0022300893,2024-03-05,1610612743,DEN,L,22023,1610612756,PHX,0,0.6885245901639344,0.8275862068965517,0.5737704918032787,0.5357142857142857
0022300887,2024-03-05,1610612751,BKN,W,22023,1610612755,PHI,1,0.39344262295081966,0.45454545454545453,0.5833333333333334,0.5714285714285714
0022300888,2024-03-05,1610612748,MIA,W,22023,1610612765,DET,1,0.5666666666666667,0.5517241379310345,0.15,0.16129032258064516
0022300891,2024-03-05,1610612745,HOU,W,22023,1610612759,SAS,1,0.43333333333333335,0.6666666666666666,0.21311475409836064,0.18181818181818182
0022300886,2024-03-05,1610612739,CLE,W,22023,1610612738,BOS,1,0.65,0.6451612903225806,0.8,0.6785714285714286
0022300892,2024-03-05,1610612742,DAL,L,22023,1610612754,IND,0,0.5573770491803278,0.5625,0.5483870967741935,0.4666666666666667
0022300889,2024-03-05,1610612752,NYK,L,22023,1610612737,ATL,0,0.5901639344262295,0.6451612903225806,0.43333333333333335,0.3793103448275862
0022300894,2024-03-06,1610612764,WAS,L,22023,1610612753,ORL,0,0.14754098360655737,0.10714285714285714,0.5806451612903226,0.45454545454545453
0022300900,2024-03-06,1610612757,POR,L,22023,1610612760,OKC,0,0.2833333333333333,0.3103448275862069,0.6885245901639344,0.5806451612903226
0022300895,2024-03-06,1610612737,ATL,W,22023,1610612739,CLE,1,0.4426229508196721,0.4838709677419355,0.6557377049180327,0.6551724137931034
0022300901,2024-03-06,1610612747,LAL,L,22023,1610612758,SAC,0,0.5396825396825397,0.6875,0.5666666666666667,0.5454545454545454
0022300896,2024-03-06,1610612755,PHI,L,22023,1610612763,MEM,0,0.5737704918032787,0.59375,0.3387096774193548,0.45161290322580644
0022300899,2024-03-06,1610612744,GSW,W,22023,1610612749,MIL,1,0.5333333333333333,0.5161290322580645,0.6612903225806451,0.5333333333333333
0022300897,2024-03-06,1610612745,HOU,L,22023,1610612746,LAC,0,0.4426229508196721,0.6774193548387096,0.65,0.5806451612903226
0022300898,2024-03-06,1610612762,UTA,L,22023,1610612741,CHI,0,0.45161290322580644,0.6333333333333333,0.47540983606557374,0.43333333333333335
0022300907,2024-03-07,1610612744,GSW,L,22023,1610612741,CHI,0,0.5409836065573771,0.53125,0.4838709677419355,0.45161290322580644
0022300905,2024-03-07,1610612756,PHX,W,22023,1610612761,TOR,1,0.5806451612903226,0.6060606060606061,0.3709677419354839,0.3333333333333333
0022300904,2024-03-07,1610612742,DAL,W,22023,1610612748,MIA,1,0.5483870967741935,0.5454545454545454,0.5737704918032787,0.5806451612903226
0022300902,2024-03-07,1610612765,DET,W,22023,1610612751,BKN,1,0.14754098360655737,0.13793103448275862,0.4032258064516129,0.32142857142857145
0022300903,2024-03-07,1610612754,IND,L,22023,1610612750,MIN,0,0.5555555555555556,0.625,0.6935483870967742,0.6451612903225806
0022300908,2024-03-07,1610612758,SAC,W,22023,1610612759,SAS,1,0.5737704918032787,0.5925925925925926,0.20967741935483872,0.17647058823529413
0022300906,2024-03-07,1610612743,DEN,W,22023,1610612738,BOS,1,0.6774193548387096,0.8,0.7868852459016393,0.6551724137931034
0022300912,2024-03-08,1610612752,NYK,W,22023,1610612753,ORL,1,0.5806451612903226,0.625,0.5873015873015873,0.47058823529411764
0022300911,2024-03-08,1610612739,CLE,W,22023,1610612750,MIN,1,0.6451612903225806,0.65625,0.6984126984126984,0.65625
0022300914,2024-03-08,1610612760,OKC,W,22023,1610612748,MIA,1,0.6935483870967742,0.8,0.5645161290322581,0.5625
0022300913,2024-03-08,1610612763,MEM,L,22023,1610612737,ATL,0,0.3492063492063492,0.22580645161290322,0.45161290322580644,0.4
0022300915,2024-03-08,1610612747,LAL,W,22023,1610612749,MIL,1,0.53125,0.6666666666666666,0.6507936507936508,0.5161290322580645
0022300916,2024-03-08,1610612757,POR,L,22023,1610612745,HOU,0,0.2786885245901639,0.3,0.43548387096774194,0.2
0022300910,2024-03-08,1610612764,WAS,W,22023,1610612766,CHA,1,0.14516129032258066,0.10344827586206896,0.24193548387096775,0.22580645161290322
0022300909,2024-03-08,1610612755,PHI,L,22023,1610612740,NOP,0,0.5645161290322581,0.5757575757575758,0.5967741935483871,0.59375
0022300920,2024-03-09,1610612756,PHX,L,22023,1610612738,BOS,0,0.5873015873015873,0.6176470588235294,0.7741935483870968,0.6333333333333333
0022300921,2024-03-09,1610612744,GSW,L,22023,1610612759,SAS,0,0.532258064516129,0.5151515151515151,0.20634920634920634,0.17142857142857143
0022300919,2024-03-09,1610612765,DET,L,22023,1610612742,DAL,0,0.16129032258064516,0.16666666666666666,0.5555555555555556,0.5517241379310345
0022300923,2024-03-09,1610612757,POR,W,22023,1610612761,TOR,1,0.27419354838709675,0.2903225806451613,0.36507936507936506,0.3225806451612903
0022300918,2024-03-09,1610612766,CHA,W,22023,1610612751,BKN,1,0.23809523809523808,0.25806451612903225,0.3968253968253968,0.3103448275862069
0022300917,2024-03-09,1610612746,LAC,W,22023,1610612741,CHI,1,0.6557377049180327,0.7241379310344828,0.49206349206349204,0.46875
0022300922,2024-03-09,1610612743,DEN,W,22023,1610612762,UTA,1,0.6825396825396826,0.8064516129032258,0.4444444444444444,0.28125
0022300929,2024-03-10,1610612758,SAC,L,22023,1610612745,HOU,0,0.5806451612903226,0.6071428571428571,0.4444444444444444,0.22580645161290322
0022300926,2024-03-10,1610612748,MIA,L,22023,1610612764,WAS,0,0.5555555555555556,0.5666666666666667,0.15873015873015872,0.18181818181818182
0022300927,2024-03-10,1610612752,NYK,L,22023,1610612755,PHI,0,0.5873015873015873,0.6363636363636364,0.5555555555555556,0.5517241379310345
0022300925,2024-03-10,1610612737,ATL,L,22023,1610612740,NOP,0,0.4603174603174603,0.5,0.6031746031746031,0.6060606060606061
0022300928,2024-03-10,1610612753,ORL,L,22023,1610612754,IND,0,0.578125,0.7241379310344828,0.546875,0.4838709677419355
0022300931,2024-03-10,1610612760,OKC,W,22023,1610612763,MEM,1,0.6984126984126984,0.8064516129032258,0.34375,0.46875
0022300924,2024-03-10,1610612746,LAC,L,22023,1610612749,MIL,0,0.6612903225806451,0.7333333333333333,0.640625,0.5
0022300932,2024-03-10,1610612747,LAL,W,22023,1610612750,MIN,1,0.5384615384615384,0.6764705882352942,0.6875,0.6363636363636364
0022300930,2024-03-10,1610612739,CLE,L,22023,1610612751,BKN,0,0.6507936507936508,0.6666666666666666,0.390625,0.3
0022300933,2024-03-11,1610612765,DET,W,22023,1610612766,CHA,1,0.15873015873015872,0.16129032258064516,0.25,0.21875
0022300938,2024-03-11,1610612757,POR,L,22023,1610612738,BOS,0,0.2857142857142857,0.3125,0.7777777777777778,0.6451612903225806
0022300936,2024-03-11,1610612759,SAS,L,22023,1610612744,GSW,0,0.21875,0.25,0.5238095238095238,0.5517241379310345
0022300937,2024-03-11,1610612743,DEN,W,22023,1610612761,TOR,1,0.6875,0.8125,0.359375,0.3125
0022300935,2024-03-11,1610612741,CHI,L,22023,1610612742,DAL,0,0.484375,0.5161290322580645,0.5625,0.5666666666666667
0022300934,2024-03-11,1610612739,CLE,L,22023,1610612756,PHX,0,0.640625,0.6470588235294118,0.578125,0.5517241379310345
0022300945,2024-03-12,1610612758,SAC,W,22023,1610612749,MIL,1,0.5714285714285714,0.5862068965517241,0.6461538461538462,0.5151515151515151
0022300940,2024-03-12,1610612763,MEM,W,22023,1610612764,WAS,1,0.3384615384615385,0.21875,0.171875,0.20588235294117646
0022300944,2024-03-12,1610612746,LAC,L,22023,1610612750,MIN,0,0.6507936507936508,0.7096774193548387,0.676923076923077,0.6176470588235294
0022300942,2024-03-12,1610612759,SAS,L,22023,1610612745,HOU,0,0.2153846153846154,0.2413793103448276,0.453125,0.25
0022300941,2024-03-12,1610612760,OKC,L,22023,1610612754,IND,0,0.703125,0.8125,0.5538461538461539,0.5
0022300943,2024-03-12,1610612762,UTA,L,22023,1610612738,BOS,0,0.4375,0.6129032258064516,0.78125,0.65625
0022300939,2024-03-12,1610612752,NYK,W,22023,1610612755,PHI,1,0.578125,0.6176470588235294,0.5625,0.5666666666666667
0022300947,2024-03-13,1610612753,ORL,W,22023,1610612751,BKN,1,0.5692307692307692,0.7,0.4,0.3225806451612903
0022300949,2024-03-13,1610612748,MIA,L,22023,1610612743,DEN,0,0.546875,0.5483870967741935,0.6923076923076923,0.5625
0022300954,2024-03-13,1610612758,SAC,W,22023,1610612747,LAL,1,0.578125,0.6,0.5454545454545454,0.3870967741935484
0022300946,2024-03-13,1610612765,DET,W,22023,1610612761,TOR,1,0.171875,0.1875,0.35384615384615387,0.30303030303030304
0022300953,2024-03-13,1610612757,POR,W,22023,1610612737,ATL,1,0.28125,0.30303030303030304,0.453125,0.41935483870967744
0022300950,2024-03-13,1610612763,MEM,L,22023,1610612766,CHA,0,0.3484848484848485,0.24242424242424243,0.24615384615384617,0.21212121212121213
0022300951,2024-03-13,1610612740,NOP,L,22023,1610612739,CLE,0,0.609375,0.6,0.6307692307692307,0.6333333333333333
0022300948,2024-03-13,1610612754,IND,L,22023,1610612741,CHI,0,0.5606060606060606,0.6060606060606061,0.47692307692307695,0.45454545454545453
0022300952,2024-03-13,1610612742,DAL,W,22023,1610612744,GSW,1,0.5692307692307692,0.5588235294117647,0.53125,0.5666666666666667
0022300958,2024-03-14,1610612749,MIL,W,22023,1610612755,PHI,1,0.6363636363636364,0.78125,0.5538461538461539,0.5483870967741935
0022300960,2024-03-14,1610612757,POR,L,22023,1610612752,NYK,0,0.2923076923076923,0.3235294117647059,0.5846153846153846,0.5333333333333333
0022300955,2024-03-14,1610612738,BOS,W,22023,1610612756,PHX,1,0.7846153846153846,0.90625,0.5846153846153846,0.5666666666666667
0022300959,2024-03-14,1610612760,OKC,W,22023,1610612742,DAL,1,0.6923076923076923,0.7878787878787878,0.5757575757575758,0.5806451612903226
0022300956,2024-03-14,1610612741,CHI,L,22023,1610612746,LAC,0,0.48484848484848486,0.5,0.640625,0.59375
0022300957,2024-03-14,1610612745,HOU,W,22023,1610612764,WAS,1,0.46153846153846156,0.65625,0.16923076923076924,0.2
0022300966,2024-03-15,1610612762,UTA,W,22023,1610612737,ATL,1,0.4307692307692308,0.59375,0.4461538461538462,0.40625
0022300963,2024-03-15,1610612761,TOR,L,22023,1610612753,ORL,0,0.3484848484848485,0.40625,0.5757575757575758,0.45714285714285713
0022300964,2024-03-15,1610612740,NOP,W,22023,1610612746,LAC,1,0.6,0.5806451612903226,0.6461538461538462,0.6060606060606061
0022300962,2024-03-15,1610612765,DET,L,22023,1610612748,MIA,0,0.18461538461538463,0.21212121212121213,0.5384615384615384,0.5454545454545454
0022300961,2024-03-15,1610612766,CHA,L,22023,1610612756,PHX,0,0.25757575757575757,0.28125,0.5757575757575758,0.5483870967741935
0022300965,2024-03-15,1610612759,SAS,L,22023,1610612743,DEN,0,0.21212121212121213,0.23333333333333334,0.696969696969697,0.5757575757575758
0022300969,2024-03-16,1610612755,PHI,W,22023,1610612766,CHA,1,0.5454545454545454,0.5588235294117647,0.2537313432835821,0.23529411764705882
0022300972,2024-03-16,1610612763,MEM,L,22023,1610612760,OKC,0,0.34328358208955223,0.23529411764705882,0.696969696969697,0.59375
0022300973,2024-03-16,1610612747,LAL,L,22023,1610612744,GSW,0,0.5373134328358209,0.6857142857142857,0.5230769230769231,0.5483870967741935
0022300967,2024-03-16,1610612745,HOU,W,22023,1610612739,CLE,1,0.4696969696969697,0.6666666666666666,0.6363636363636364,0.6451612903225806
0022300970,2024-03-16,1610612740,NOP,W,22023,1610612757,POR,1,0.6060606060606061,0.59375,0.2878787878787879,0.25806451612903225
0022300974,2024-03-16,1610612762,UTA,L,22023,1610612750,MIN,0,0.4393939393939394,0.6060606060606061,0.6818181818181818,0.6285714285714286
0022300971,2024-03-16,1610612741,CHI,W,22023,1610612764,WAS,1,0.47761194029850745,0.48484848484848486,0.16666666666666666,0.19444444444444445
0022300968,2024-03-16,1610612754,IND,W,22023,1610612751,BKN,1,0.5522388059701493,0.5882352941176471,0.3939393939393939,0.3125
0022300975,2024-03-16,1610612758,SAC,L,22023,1610612752,NYK,0,0.5846153846153846,0.6129032258064516,0.5909090909090909,0.5483870967741935
0022300980,2024-03-17,1610612764,WAS,L,22023,1610612738,BOS,0,0.16417910447761194,0.13333333333333333,0.7878787878787878,0.6666666666666666
0022300977,2024-03-17,1610612765,DET,L,22023,1610612748,MIA,0,0.18181818181818182,0.20588235294117646,0.5454545454545454,0.5588235294117647
0022300976,2024-03-17,1610612749,MIL,W,22023,1610612756,PHX,1,0.6417910447761194,0.7878787878787878,0.582089552238806,0.5625
0022300982,2024-03-17,1610612746,LAC,L,22023,1610612737,ATL,0,0.6363636363636364,0.6875,0.4393939393939394,0.3939393939393939
0022300978,2024-03-17,1610612742,DAL,W,22023,1610612743,DEN,1,0.5671641791044776,0.5714285714285714,0.7014925373134329,0.5882352941176471
0022300979,2024-03-17,1610612753,ORL,W,22023,1610612761,TOR,1,0.582089552238806,0.7096774193548387,0.34328358208955223,0.29411764705882354
0022300981,2024-03-17,1610612759,SAS,W,22023,1610612751,BKN,1,0.208955223880597,0.22580645161290322,0.3880597014925373,0.30303030303030304
0022300983,2024-03-18,1610612754,IND,L,22023,1610612739,CLE,0,0.5588235294117647,0.6,0.6268656716417911,0.625
0022300990,2024-03-18,1610612747,LAL,W,22023,1610612737,ATL,1,0.5294117647058824,0.6666666666666666,0.44776119402985076,0.4117647058823529
0022300985,2024-03-18,1610612755,PHI,W,22023,1610612748,MIA,1,0.5522388059701493,0.5714285714285714,0.5522388059701493,0.5714285714285714
0022300984,2024-03-18,1610612738,BOS,W,22023,1610612765,DET,1,0.7910447761194029,0.9090909090909091,0.1791044776119403,0.15625
0022300986,2024-03-18,1610612741,CHI,W,22023,1610612757,POR,1,0.4852941176470588,0.5,0.2835820895522388,0.25
0022300988,2024-03-18,1610612744,GSW,L,22023,1610612752,NYK,0,0.5303030303030303,0.5,0.5970149253731343,0.5625
0022300989,2024-03-18,1610612758,SAC,W,22023,1610612763,MEM,1,0.5757575757575758,0.59375,0.3382352941176471,0.45454545454545453
0022300987,2024-03-18,1610612762,UTA,L,22023,1610612750,MIN,0,0.43283582089552236,0.5882352941176471,0.6865671641791045,0.6388888888888888
0022300991,2024-03-19,1610612753,ORL,W,22023,1610612766,CHA,1,0.5882352941176471,0.71875,0.25,0.22857142857142856
0022300993,2024-03-19,1610612751,BKN,L,22023,1610612740,NOP,0,0.38235294117647056,0.47058823529411764,0.6119402985074627,0.6176470588235294
0022300992,2024-03-19,1610612764,WAS,L,22023,1610612745,HOU,0,0.16176470588235295,0.12903225806451613,0.47761194029850745,0.2727272727272727
0022300995,2024-03-19,1610612750,MIN,L,22023,1610612743,DEN,0,0.6911764705882353,0.7419354838709677,0.6911764705882353,0.5714285714285714
0022300994,2024-03-19,1610612759,SAS,L,22023,1610612742,DAL,0,0.22058823529411764,0.25,0.5735294117647058,0.5625
0022300997,2024-03-20,1610612765,DET,L,22023,1610612754,IND,0,0.17647058823529413,0.2,0.5507246376811594,0.5151515151515151
0022300999,2024-03-20,1610612761,TOR,L,22023,1610612758,SAC,0,0.3382352941176471,0.3939393939393939,0.582089552238806,0.5588235294117647
0022301002,2024-03-20,1610612756,PHX,W,22023,1610612755,PHI,1,0.5735294117647058,0.6,0.5588235294117647,0.53125
0022301003,2024-03-20,1610612757,POR,L,22023,1610612746,LAC,0,0.27941176470588236,0.3142857142857143,0.6268656716417911,0.5882352941176471
0022300996,2024-03-20,1610612739,CLE,L,22023,1610612748,MIA,0,0.6323529411764706,0.6285714285714286,0.5441176470588235,0.5555555555555556
0022300998,2024-03-20,1610612738,BOS,W,22023,1610612749,MIL,1,0.7941176470588235,0.9117647058823529,0.6470588235294118,0.5
0022301001,2024-03-20,1610612744,GSW,W,22023,1610612763,MEM,1,0.5223880597014925,0.4857142857142857,0.3333333333333333,0.4411764705882353
0022301000,2024-03-20,1610612760,OKC,W,22023,1610612762,UTA,1,0.7014925373134329,0.7941176470588235,0.4264705882352941,0.2727272727272727
0022301005,2024-03-21,1610612764,WAS,W,22023,1610612758,SAC,1,0.15942028985507245,0.125,0.5882352941176471,0.5714285714285714
0022301007,2024-03-21,1610612749,MIL,W,22023,1610612751,BKN,1,0.6376811594202898,0.7941176470588235,0.37681159420289856,0.29411764705882354
0022301006,2024-03-21,1610612745,HOU,W,22023,1610612741,CHI,1,0.4852941176470588,0.6764705882352942,0.4927536231884058,0.47058823529411764
0022301004,2024-03-21,1610612753,ORL,W,22023,1610612740,NOP,1,0.5942028985507246,0.7272727272727273,0.6176470588235294,0.6285714285714286
0022301010,2024-03-21,1610612756,PHX,W,22023,1610612737,ATL,1,0.5797101449275363,0.6111111111111112,0.4411764705882353,0.4
0022301008,2024-03-21,1610612742,DAL,W,22023,1610612762,UTA,1,0.5797101449275363,0.5833333333333334,0.42028985507246375,0.2647058823529412
0022301009,2024-03-21,1610612743,DEN,W,22023,1610612752,NYK,1,0.6956521739130435,0.8181818181818182,0.6029411764705882,0.5757575757575758
0022301014,2024-03-22,1610612750,MIN,W,22023,1610612739,CLE,1,0.6811594202898551,0.71875,0.6231884057971014,0.6363636363636364
0022301011,2024-03-22,1610612765,DET,L,22023,1610612738,BOS,0,0.17391304347826086,0.19444444444444445,0.7971014492753623,0.6764705882352942
0022301017,2024-03-22,1610612757,POR,L,22023,1610612746,LAC,0,0.2753623188405797,0.3055555555555556,0.6323529411764706,0.6
0022301016,2024-03-22,1610612744,GSW,L,22023,1610612754,IND,0,0.5294117647058824,0.5,0.5571428571428572,0.5294117647058824
0022301015,2024-03-22,1610612759,SAS,L,22023,1610612763,MEM,0,0.21739130434782608,0.24242424242424243,0.32857142857142857,0.42857142857142855
0022301013,2024-03-22,1610612748,MIA,L,22023,1610612740,NOP,0,0.5507246376811594,0.53125,0.6086956521739131,0.6111111111111112
0022301018,2024-03-22,1610612747,LAL,W,22023,1610612755,PHI,1,0.5362318840579711,0.6756756756756757,0.5507246376811594,0.5151515151515151
0022301012,2024-03-22,1610612761,TOR,L,22023,1610612760,OKC,0,0.3333333333333333,0.38235294117647056,0.7058823529411765,0.6060606060606061
0022301019,2024-03-23,1610612752,NYK,W,22023,1610612751,BKN,1,0.5942028985507246,0.6285714285714286,0.37142857142857144,0.2857142857142857
0022301026,2024-03-23,1610612757,POR,L,22023,1610612743,DEN,0,0.2714285714285714,0.2972972972972973,0.7,0.5833333333333334
0022301025,2024-03-23,1610612759,SAS,L,22023,1610612756,PHX,0,0.21428571428571427,0.23529411764705882,0.5857142857142857,0.5454545454545454
0022301022,2024-03-23,1610612764,WAS,W,22023,1610612761,TOR,1,0.17142857142857143,0.15151515151515152,0.32857142857142857,0.2857142857142857
0022301024,2024-03-23,1610612745,HOU,W,22023,1610612762,UTA,1,0.4927536231884058,0.6857142857142857,0.4142857142857143,0.2571428571428571
0022301020,2024-03-23,1610612753,ORL,L,22023,1610612758,SAC,0,0.6,0.7352941176470589,0.5797101449275363,0.5555555555555556
0022301021,2024-03-23,1610612737,ATL,W,22023,1610612766,CHA,1,0.43478260869565216,0.48484848484848486,0.2463768115942029,0.2222222222222222
0022301023,2024-03-23,1610612741,CHI,L,22023,1610612738,BOS,0,0.4857142857142857,0.5142857142857142,0.8,0.6857142857142857
0022301029,2024-03-24,1610612748,MIA,W,22023,1610612739,CLE,1,0.5428571428571428,0.5151515151515151,0.6142857142857143,0.6176470588235294
0022301031,2024-03-24,1610612750,MIN,W,22023,1610612744,GSW,1,0.6857142857142857,0.7272727272727273,0.5217391304347826,0.5625
0022301032,2024-03-24,1610612747,LAL,W,22023,1610612754,IND,1,0.5428571428571428,0.6842105263157895,0.5633802816901409,0.5428571428571428
0022301027,2024-03-24,1610612765,DET,L,22023,1610612740,NOP,0,0.17142857142857143,0.1891891891891892,0.6142857142857143,0.6216216216216216
0022301030,2024-03-24,1610612749,MIL,W,22023,1610612760,OKC,1,0.6428571428571429,0.8,0.7101449275362319,0.6176470588235294
0022301028,2024-03-24,1610612746,LAC,L,22023,1610612755,PHI,0,0.6376811594202898,0.6666666666666666,0.5428571428571428,0.5
0022301033,2024-03-25,1610612739,CLE,W,22023,1610612766,CHA,1,0.6056338028169014,0.6111111111111112,0.24285714285714285,0.21621621621621623
0022301037,2024-03-25,1610612741,CHI,L,22023,1610612764,WAS,0,0.4788732394366197,0.5,0.18309859154929578,0.1891891891891892
0022301041,2024-03-25,1610612762,UTA,L,22023,1610612742,DAL,0,0.4084507042253521,0.5714285714285714,0.5857142857142857,0.5757575757575758
0022301038,2024-03-25,1610612745,HOU,W,22023,1610612757,POR,1,0.5,0.6944444444444444,0.2676056338028169,0.24242424242424243
0022301035,2024-03-25,1610612752,NYK,W,22023,1610612765,DET,1,0.6,0.6388888888888888,0.16901408450704225,0.15151515151515152
0022301039,2024-03-25,1610612759,SAS,W,22023,1610612756,PHX,1,0.2112676056338028,0.22857142857142856,0.5915492957746479,0.5588235294117647
0022301042,2024-03-25,1610612758,SAC,W,22023,1610612755,PHI,1,0.5857142857142857,0.6060606060606061,0.5492957746478874,0.5142857142857142
0022301034,2024-03-25,1610612737,ATL,W,22023,1610612738,BOS,1,0.44285714285714284,0.5,0.8028169014084507,0.6944444444444444
0022301043,2024-03-25,1610612746,LAC,L,22023,1610612754,IND,0,0.6285714285714286,0.6470588235294118,0.5555555555555556,0.5277777777777778
0022301036,2024-03-25,1610612761,TOR,L,22023,1610612751,BKN,0,0.323943661971831,0.37142857142857144,0.36619718309859156,0.2777777777777778
0022301040,2024-03-25,1610612743,DEN,W,22023,1610612763,MEM,1,0.704225352112676,0.8235294117647058,0.3380281690140845,0.4444444444444444
0022301044,2024-03-26,1610612748,MIA,L,22023,1610612744,GSW,0,0.5492957746478874,0.5294117647058824,0.5142857142857142,0.5454545454545454
0022301047,2024-03-26,1610612758,SAC,L,22023,1610612742,DAL,0,0.5915492957746479,0.6176470588235294,0.5915492957746479,0.5882352941176471
0022301046,2024-03-26,1610612740,NOP,L,22023,1610612760,OKC,0,0.6197183098591549,0.6060606060606061,0.7,0.6
0022301045,2024-03-26,1610612749,MIL,L,22023,1610612747,LAL,0,0.647887323943662,0.8055555555555556,0.5492957746478874,0.375
0022301059,2024-03-27,1610612743,DEN,L,22023,1610612756,PHX,0,0.7083333333333334,0.8285714285714286,0.5833333333333334,0.5428571428571428
0022301050,2024-03-27,1610612764,WAS,L,22023,1610612751,BKN,0,0.19444444444444445,0.17647058823529413,0.375,0.2972972972972973
0022301051,2024-03-27,1610612737,ATL,W,22023,1610612757,POR,1,0.4507042253521127,0.5142857142857142,0.2638888888888889,0.23529411764705882
0022301056,2024-03-27,1610612750,MIN,W,22023,1610612765,DET,1,0.6901408450704225,0.7352941176470589,0.16666666666666666,0.14705882352941177
0022301049,2024-03-27,1610612753,ORL,L,22023,1610612744,GSW,0,0.5915492957746479,0.7142857142857143,0.5211267605633803,0.5588235294117647
0022301048,2024-03-27,1610612766,CHA,W,22023,1610612739,CLE,1,0.23943661971830985,0.2727272727272727,0.6111111111111112,0.6
0022301057,2024-03-27,1610612760,OKC,L,22023,1610612745,HOU,0,0.704225352112676,0.8,0.5070422535211268,0.29411764705882354
0022301054,2024-03-27,1610612741,CHI,W,22023,1610612754,IND,1,0.4722222222222222,0.4864864864864865,0.5616438356164384,0.5405405405405406
0022301055,2024-03-27,1610612763,MEM,L,22023,1610612747,LAL,0,0.3333333333333333,0.22857142857142856,0.5555555555555556,0.3939393939393939
0022301058,2024-03-27,1610612762,UTA,L,22023,1610612759,SAS,0,0.4027777777777778,0.5555555555555556,0.2222222222222222,0.19444444444444445
0022301052,2024-03-27,1610612755,PHI,L,22023,1610612746,LAC,0,0.5416666666666666,0.5833333333333334,0.6197183098591549,0.6111111111111112
0022301053,2024-03-27,1610612761,TOR,L,22023,1610612752,NYK,0,0.3194444444444444,0.3611111111111111,0.6056338028169014,0.5588235294117647
0022301061,2024-03-28,1610612740,NOP,W,22023,1610612749,MIL,1,0.6111111111111112,0.5882352941176471,0.6388888888888888,0.4857142857142857
0022301060,2024-03-28,1610612737,ATL,W,22023,1610612738,BOS,1,0.4583333333333333,0.5277777777777778,0.7916666666666666,0.6756756756756757
0022301070,2024-03-29,1610612759,SAS,W,22023,1610612752,NYK,1,0.2328767123287671,0.25,0.6111111111111112,0.5714285714285714
0022301071,2024-03-29,1610612743,DEN,L,22023,1610612750,MIN,0,0.6986301369863014,0.8055555555555556,0.6944444444444444,0.6486486486486487
0022301073,2024-03-29,1610612758,SAC,L,22023,1610612742,DAL,0,0.5833333333333334,0.6,0.5972222222222222,0.6
0022301063,2024-03-29,1610612754,IND,W,22023,1610612747,LAL,1,0.5540540540540541,0.5833333333333334,0.5616438356164384,0.4117647058823529
0022301067,2024-03-29,1610612739,CLE,W,22023,1610612755,PHI,1,0.6027397260273972,0.6216216216216216,0.5342465753424658,0.5
0022301065,2024-03-29,1610612764,WAS,L,22023,1610612765,DET,0,0.1917808219178082,0.17142857142857143,0.1643835616438356,0.14285714285714285
0022301066,2024-03-29,1610612751,BKN,W,22023,1610612741,CHI,1,0.3835616438356164,0.45714285714285713,0.4794520547945205,0.45714285714285713
0022301064,2024-03-29,1610612753,ORL,L,22023,1610612746,LAC,0,0.5833333333333334,0.6944444444444444,0.625,0.6216216216216216
0022301069,2024-03-29,1610612760,OKC,W,22023,1610612756,PHX,1,0.6944444444444444,0.7777777777777778,0.589041095890411,0.5555555555555556
0022301072,2024-03-29,1610612762,UTA,L,22023,1610612745,HOU,0,0.3972602739726027,0.5405405405405406,0.5138888888888888,0.3142857142857143
0022301062,2024-03-29,1610612766,CHA,L,22023,1610612744,GSW,0,0.25,0.29411764705882354,0.5277777777777778,0.5714285714285714
0022301068,2024-03-29,1610612748,MIA,W,22023,1610612757,POR,1,0.5416666666666666,0.5142857142857142,0.2602739726027397,0.22857142857142856
0022301076,2024-03-30,1610612737,ATL,L,22023,1610612749,MIL,0,0.4657534246575342,0.5405405405405406,0.6301369863013698,0.4722222222222222
0022301075,2024-03-30,1610612753,ORL,W,22023,1610612763,MEM,1,0.5753424657534246,0.6756756756756757,0.3287671232876712,0.43243243243243246
0022301074,2024-03-30,1610612740,NOP,L,22023,1610612738,BOS,0,0.6164383561643836,0.6,0.7808219178082192,0.6578947368421053
0022301083,2024-03-31,1610612745,HOU,L,22023,1610612742,DAL,0,0.5205479452054794,0.7027027027027027,0.6027397260273972,0.6111111111111112
0022301085,2024-03-31,1610612759,SAS,L,22023,1610612744,GSW,0,0.24324324324324326,0.2702702702702703,0.5342465753424658,0.5833333333333334
0022301084,2024-03-31,1610612750,MIN,L,22023,1610612741,CHI,0,0.6986301369863014,0.7428571428571429,0.47297297297297297,0.4444444444444444
0022301080,2024-03-31,1610612761,TOR,L,22023,1610612755,PHI,0,0.3150684931506849,0.35135135135135137,0.527027027027027,0.4864864864864865
0022301079,2024-03-31,1610612766,CHA,L,22023,1610612746,LAC,0,0.2465753424657534,0.2857142857142857,0.6301369863013698,0.631578947368421
0022301081,2024-03-31,1610612764,WAS,L,22023,1610612748,MIA,0,0.1891891891891892,0.16666666666666666,0.547945205479452,0.5675675675675675
0022301086,2024-03-31,1610612758,SAC,W,22023,1610612762,UTA,1,0.5753424657534246,0.5833333333333334,0.3918918918918919,0.25
0022301078,2024-03-31,1610612751,BKN,L,22023,1610612747,LAL,0,0.3918918918918919,0.4722222222222222,0.5540540540540541,0.4
0022301082,2024-03-31,1610612752,NYK,L,22023,1610612760,OKC,0,0.6027397260273972,0.6486486486486487,0.6986301369863014,0.6111111111111112
0022301077,2024-03-31,1610612743,DEN,W,22023,1610612739,CLE,1,0.6891891891891891,0.7837837837837838,0.6081081081081081,0.5833333333333334
0022301091,2024-04-01,1610612741,CHI,L,22023,1610612737,ATL,0,0.48,0.5,0.4594594594594595,0.3888888888888889
0022301089,2024-04-01,1610612754,IND,W,22023,1610612751,BKN,1,0.56,0.5945945945945946,0.38666666666666666,0.3157894736842105
0022301087,2024-04-01,1610612766,CHA,L,22023,1610612738,BOS,0,0.24324324324324326,0.2777777777777778,0.7837837837837838,0.6666666666666666
0022301088,2024-04-01,1610612765,DET,L,22023,1610612763,MEM,0,0.17567567567567569,0.18421052631578946,0.32432432432432434,0.42105263157894735
0022301090,2024-04-01,1610612753,ORL,W,22023,1610612757,POR,1,0.581081081081081,0.6842105263157895,0.25675675675675674,0.2222222222222222
0022301092,2024-04-01,1610612740,NOP,L,22023,1610612756,PHX,0,0.6081081081081081,0.5833333333333334,0.581081081081081,0.5405405405405406
0022300589,2024-04-02,1610612744,GSW,W,22023,1610612742,DAL,1,0.5405405405405406,0.4864864864864865,0.6081081081081081,0.6216216216216216
0022301099,2024-04-02,1610612743,DEN,W,22023,1610612759,SAS,1,0.6933333333333334,0.7894736842105263,0.24,0.21621621621621623
0022301093,2024-04-02,1610612755,PHI,W,22023,1610612760,OKC,1,0.5333333333333333,0.5675675675675675,0.7027027027027027,0.6216216216216216
0022301101,2024-04-02,1610612758,SAC,W,22023,1610612746,LAC,1,0.581081081081081,0.5945945945945946,0.6351351351351351,0.6410256410256411
0022301094,2024-04-02,1610612761,TOR,L,22023,1610612747,LAL,0,0.3108108108108108,0.34210526315789475,0.56,0.4166666666666667
0022301095,2024-04-02,1610612764,WAS,W,22023,1610612749,MIL,1,0.18666666666666668,0.16216216216216217,0.6351351351351351,0.4864864864864865
0022301098,2024-04-02,1610612750,MIN,W,22023,1610612745,HOU,1,0.6891891891891891,0.7222222222222222,0.5135135135135135,0.3333333333333333
0022301096,2024-04-02,1610612748,MIA,W,22023,1610612752,NYK,1,0.5540540540540541,0.5277777777777778,0.5945945945945946,0.5555555555555556
0022301100,2024-04-02,1610612762,UTA,L,22023,1610612739,CLE,0,0.38666666666666666,0.5263157894736842,0.6,0.5675675675675675
0022301107,2024-04-03,1610612749,MIL,L,22023,1610612763,MEM,0,0.6266666666666667,0.7837837837837838,0.3333333333333333,0.4358974358974359
0022301108,2024-04-03,1610612750,MIN,W,22023,1610612761,TOR,1,0.6933333333333334,0.7297297297297297,0.30666666666666664,0.2777777777777778
0022301102,2024-04-03,1610612766,CHA,L,22023,1610612757,POR,0,0.24,0.2702702702702703,0.25333333333333335,0.21621621621621623
0022301103,2024-04-03,1610612764,WAS,L,22023,1610612747,LAL,0,0.19736842105263158,0.18421052631578946,0.5657894736842105,0.43243243243243246
0022301109,2024-04-03,1610612740,NOP,L,22023,1610612753,ORL,0,0.6,0.5675675675675675,0.5866666666666667,0.4722222222222222
0022301104,2024-04-03,1610612737,ATL,W,22023,1610612765,DET,1,0.4666666666666667,0.5263157894736842,0.17333333333333334,0.16666666666666666
0022301105,2024-04-03,1610612738,BOS,W,22023,1610612760,OKC,1,0.7866666666666666,0.9142857142857143,0.6933333333333334,0.6052631578947368
0022301110,2024-04-03,1610612756,PHX,W,22023,1610612739,CLE,1,0.5866666666666667,0.6216216216216216,0.6052631578947368,0.5789473684210527
0022301106,2024-04-03,1610612751,BKN,W,22023,1610612754,IND,1,0.3815789473684211,0.4594594594594595,0.5657894736842105,0.5263157894736842
0022301112,2024-04-04,1610612752,NYK,W,22023,1610612758,SAC,1,0.5866666666666667,0.631578947368421,0.5866666666666667,0.5675675675675675
0022301124,2024-04-04,1610612742,DAL,W,22023,1610612737,ATL,1,0.6,0.5945945945945946,0.47368421052631576,0.40540540540540543
0022301111,2024-04-04,1610612748,MIA,L,22023,1610612755,PHI,0,0.56,0.5405405405405406,0.5394736842105263,0.5
0022301114,2024-04-04,1610612746,LAC,W,22023,1610612743,DEN,1,0.6266666666666667,0.6285714285714286,0.6973684210526315,0.5945945945945946
0022301113,2024-04-04,1610612745,HOU,L,22023,1610612744,GSW,0,0.5066666666666667,0.6842105263157895,0.5466666666666666,0.5945945945945946
0022301097,2024-04-05,1610612742,DAL,W,22023,1610612744,GSW,1,0.6052631578947368,0.6052631578947368,0.5526315789473685,0.6052631578947368
0022301122,2024-04-05,1610612749,MIL,L,22023,1610612761,TOR,0,0.618421052631579,0.7631578947368421,0.3026315789473684,0.2702702702702703
0022301116,2024-04-05,1610612754,IND,W,22023,1610612760,OKC,1,0.5584415584415584,0.6052631578947368,0.6842105263157895,0.5897435897435898
0022301118,2024-04-05,1610612738,BOS,W,22023,1610612758,SAC,1,0.7894736842105263,0.9166666666666666,0.5789473684210527,0.5526315789473685
0022301126,2024-04-05,1610612746,LAC,W,22023,1610612762,UTA,1,0.631578947368421,0.6388888888888888,0.3815789473684211,0.24324324324324326
0022301115,2024-04-05,1610612766,CHA,W,22023,1610612753,ORL,1,0.23684210526315788,0.2631578947368421,0.5921052631578947,0.4864864864864865
0022301120,2024-04-05,1610612745,HOU,L,22023,1610612748,MIA,0,0.5,0.6666666666666666,0.5526315789473685,0.5789473684210527
0022301123,2024-04-05,1610612740,NOP,L,22023,1610612759,SAS,0,0.5921052631578947,0.5526315789473685,0.23684210526315788,0.21052631578947367
0022301121,2024-04-05,1610612763,MEM,W,22023,1610612765,DET,1,0.34210526315789475,0.2222222222222222,0.17105263157894737,0.16216216216216217
0022301119,2024-04-05,1610612741,CHI,W,22023,1610612752,NYK,1,0.47368421052631576,0.48717948717948717,0.5921052631578947,0.5405405405405406
0022301117,2024-04-05,1610612764,WAS,L,22023,1610612757,POR,0,0.19480519480519481,0.1794871794871795,0.2631578947368421,0.23684210526315788
0022301125,2024-04-05,1610612756,PHX,W,22023,1610612750,MIN,1,0.5921052631578947,0.631578947368421,0.6973684210526315,0.6578947368421053
0022301127,2024-04-06,1610612747,LAL,W,22023,1610612739,CLE,1,0.5714285714285714,0.6923076923076923,0.5974025974025974,0.5641025641025641
0022301130,2024-04-06,1610612743,DEN,W,22023,1610612737,ATL,1,0.6883116883116883,0.7948717948717948,0.4675324675324675,0.39473684210526316
0022301129,2024-04-06,1610612763,MEM,L,22023,1610612755,PHI,0,0.35064935064935066,0.24324324324324326,0.5454545454545454,0.5128205128205128
0022301128,2024-04-06,1610612751,BKN,W,22023,1610612765,DET,1,0.38961038961038963,0.47368421052631576,0.16883116883116883,0.15789473684210525
0022301141,2024-04-07,1610612751,BKN,L,22023,1610612758,SAC,0,0.3974358974358974,0.48717948717948717,0.5714285714285714,0.5384615384615384
0022301133,2024-04-07,1610612754,IND,W,22023,1610612748,MIA,1,0.5641025641025641,0.6153846153846154,0.5584415584415584,0.5897435897435898
0022301132,2024-04-07,1610612746,LAC,W,22023,1610612739,CLE,1,0.6363636363636364,0.6486486486486487,0.5897435897435898,0.55
0022301135,2024-04-07,1610612766,CHA,L,22023,1610612760,OKC,0,0.24675324675324675,0.28205128205128205,0.6753246753246753,0.575
0022301142,2024-04-07,1610612744,GSW,W,22023,1610612762,UTA,1,0.5454545454545454,0.5,0.37662337662337664,0.23684210526315788
0022301134,2024-04-07,1610612738,BOS,W,22023,1610612757,POR,1,0.7922077922077922,0.918918918918919,0.2727272727272727,0.2564102564102564
0022301138,2024-04-07,1610612756,PHX,L,22023,1610612740,NOP,0,0.5974025974025974,0.6410256410256411,0.5844155844155844,0.631578947368421
0022301140,2024-04-07,1610612759,SAS,L,22023,1610612755,PHI,0,0.24675324675324675,0.2631578947368421,0.5512820512820513,0.525
0022301143,2024-04-07,1610612747,LAL,L,22023,1610612750,MIN,0,0.5769230769230769,0.7,0.6883116883116883,0.6410256410256411
0022301137,2024-04-07,1610612761,TOR,W,22023,1610612764,WAS,1,0.3116883116883117,0.3333333333333333,0.19230769230769232,0.21052631578947367
0022301139,2024-04-07,1610612749,MIL,L,22023,1610612752,NYK,0,0.6103896103896104,0.7435897435897436,0.5844155844155844,0.5263157894736842
0022301136,2024-04-07,1610612753,ORL,W,22023,1610612741,CHI,1,0.5844155844155844,0.6923076923076923,0.4805194805194805,0.4594594594594595
0022301131,2024-04-07,1610612742,DAL,W,22023,1610612745,HOU,1,0.6103896103896104,0.6153846153846154,0.4935064935064935,0.32432432432432434
0022301157,2024-04-09,1610612757,POR,L,22023,1610612740,NOP,0,0.2692307692307692,0.2894736842105263,0.5897435897435898,0.6410256410256411
0022301155,2024-04-09,1610612747,LAL,L,22023,1610612744,GSW,0,0.569620253164557,0.6829268292682927,0.5512820512820513,0.5897435897435898
0022301144,2024-04-09,1610612766,CHA,L,22023,1610612742,DAL,0,0.24358974358974358,0.275,0.6153846153846154,0.6052631578947368
0022301147,2024-04-09,1610612737,ATL,L,22023,1610612748,MIA,0,0.46153846153846156,0.5384615384615384,0.5512820512820513,0.575
0022301149,2024-04-09,1610612741,CHI,L,22023,1610612752,NYK,0,0.47435897435897434,0.5,0.5897435897435898,0.5384615384615384
0022301145,2024-04-09,1610612755,PHI,W,22023,1610612765,DET,1,0.5569620253164557,0.5789473684210527,0.16666666666666666,0.15384615384615385
0022301156,2024-04-09,1610612756,PHX,L,22023,1610612746,LAC,0,0.5897435897435898,0.625,0.6410256410256411,0.625
0022301152,2024-04-09,1610612750,MIN,W,22023,1610612764,WAS,1,0.6923076923076923,0.7368421052631579,0.189873417721519,0.20512820512820512
0022301150,2024-04-09,1610612745,HOU,W,22023,1610612753,ORL,1,0.48717948717948717,0.65,0.5897435897435898,0.47368421052631576
0022301151,2024-04-09,1610612763,MEM,L,22023,1610612759,SAS,0,0.34615384615384615,0.23684210526315788,0.24358974358974358,0.23076923076923078
0022301153,2024-04-09,1610612760,OKC,W,22023,1610612758,SAC,1,0.6794871794871795,0.7837837837837838,0.5769230769230769,0.55
0022301148,2024-04-09,1610612749,MIL,W,22023,1610612738,BOS,1,0.6025641025641025,0.725,0.7948717948717948,0.675
0022301146,2024-04-09,1610612761,TOR,L,22023,1610612754,IND,0,0.32051282051282054,0.35,0.569620253164557,0.5128205128205128
0022301154,2024-04-09,1610612762,UTA,L,22023,1610612743,DEN,0,0.3717948717948718,0.5128205128205128,0.6923076923076923,0.5789473684210527
0022301158,2024-04-10,1610612739,CLE,W,22023,1610612763,MEM,1,0.5822784810126582,0.631578947368421,0.34177215189873417,0.45
0022301165,2024-04-10,1610612746,LAC,L,22023,1610612756,PHX,0,0.6455696202531646,0.6578947368421053,0.5822784810126582,0.5526315789473685
0022301159,2024-04-10,1610612737,ATL,L,22023,1610612766,CHA,0,0.45569620253164556,0.525,0.24050632911392406,0.21052631578947367
0022301162,2024-04-10,1610612749,MIL,W,22023,1610612753,ORL,1,0.6075949367088608,0.7317073170731707,0.5822784810126582,0.46153846153846156
0022301160,2024-04-10,1610612751,BKN,W,22023,1610612761,TOR,1,0.3924050632911392,0.475,0.31645569620253167,0.2894736842105263
0022301164,2024-04-10,1610612743,DEN,W,22023,1610612750,MIN,1,0.6962025316455697,0.8,0.6962025316455697,0.65
0022301161,2024-04-10,1610612748,MIA,L,22023,1610612742,DAL,0,0.5569620253164557,0.5263157894736842,0.620253164556962,0.6153846153846154
0022301163,2024-04-10,1610612760,OKC,W,22023,1610612759,SAS,1,0.6835443037974683,0.7894736842105263,0.25316455696202533,0.25
0022301169,2024-04-11,1610612757,POR,L,22023,1610612744,GSW,0,0.26582278481012656,0.28205128205128205,0.5569620253164557,0.6
0022301167,2024-04-11,1610612738,BOS,L,22023,1610612752,NYK,0,0.7848101265822784,0.9210526315789473,0.5949367088607594,0.55
0022301166,2024-04-11,1610612765,DET,L,22023,1610612741,CHI,0,0.16455696202531644,0.1794871794871795,0.46835443037974683,0.4473684210526316
0022301170,2024-04-11,1610612758,SAC,L,22023,1610612740,NOP,0,0.569620253164557,0.6052631578947368,0.5949367088607594,0.65
0022301168,2024-04-11,1610612762,UTA,W,22023,1610612745,HOU,1,0.3670886075949367,0.5,0.4936708860759494,0.3157894736842105
0022301173,2024-04-12,1610612738,BOS,W,22023,1610612766,CHA,1,0.775,0.8974358974358975,0.25,0.23076923076923078
0022301177,2024-04-12,1610612763,MEM,L,22023,1610612747,LAL,0,0.3375,0.23076923076923078,0.5625,0.4473684210526316
0022301171,2024-04-12,1610612755,PHI,W,22023,1610612753,ORL,1,0.5625,0.5897435897435898,0.575,0.45
0022301178,2024-04-12,1610612750,MIN,W,22023,1610612737,ATL,1,0.6875,0.7435897435897436,0.45,0.38461538461538464
0022301184,2024-04-12,1610612746,LAC,L,22023,1610612762,UTA,0,0.6375,0.6410256410256411,0.375,0.23076923076923078
0022301174,2024-04-12,1610612739,CLE,W,22023,1610612754,IND,1,0.5875,0.6410256410256411,0.575,0.525
0022301172,2024-04-12,1610612764,WAS,L,22023,1610612741,CHI,0,0.1875,0.175,0.475,0.46153846153846156
0022301183,2024-04-12,1610612757,POR,L,22023,1610612745,HOU,0,0.2625,0.275,0.4875,0.3076923076923077
0022301179,2024-04-12,1610612760,OKC,W,22023,1610612749,MIL,1,0.6875,0.7948717948717948,0.6125,0.47368421052631576
0022301182,2024-04-12,1610612744,GSW,L,22023,1610612740,NOP,0,0.5625,0.5128205128205128,0.6,0.6585365853658537
0022301185,2024-04-12,1610612758,SAC,L,22023,1610612756,PHX,0,0.5625,0.5897435897435898,0.5875,0.5641025641025641
0022301176,2024-04-12,1610612748,MIA,W,22023,1610612761,TOR,1,0.55,0.5128205128205128,0.3125,0.28205128205128205
0022301175,2024-04-12,1610612752,NYK,W,22023,1610612751,BKN,1,0.6,0.6410256410256411,0.4,0.3076923076923077
0022301180,2024-04-12,1610612759,SAS,W,22023,1610612743,DEN,1,0.25,0.2564102564102564,0.7,0.5897435897435898
0022301181,2024-04-12,1610612742,DAL,L,22023,1610612765,DET,0,0.625,0.625,0.1625,0.15
0022301188,2024-04-14,1610612754,IND,W,22023,1610612737,ATL,1,0.5679012345679012,0.625,0.4444444444444444,0.375
0022301195,2024-04-14,1610612740,NOP,L,22023,1610612747,LAL,0,0.6049382716049383,0.5384615384615384,0.5679012345679012,0.46153846153846156
0022301196,2024-04-14,1610612760,OKC,W,22023,1610612742,DAL,1,0.691358024691358,0.8,0.6172839506172839,0.625
0022301187,2024-04-14,1610612739,CLE,L,22023,1610612766,CHA,0,0.5925925925925926,0.65,0.24691358024691357,0.225
0022301186,2024-04-14,1610612738,BOS,W,22023,1610612764,WAS,1,0.7777777777777778,0.9,0.18518518518518517,0.2
0022301190,2024-04-14,1610612752,NYK,W,22023,1610612741,CHI,1,0.6049382716049383,0.65,0.48148148148148145,0.475
0022301200,2024-04-14,1610612758,SAC,W,22023,1610612757,POR,1,0.5555555555555556,0.575,0.25925925925925924,0.25
0022301199,2024-04-14,1610612746,LAC,L,22023,1610612745,HOU,0,0.6296296296296297,0.625,0.49382716049382713,0.325
0022301193,2024-04-14,1610612763,MEM,L,22023,1610612743,DEN,0,0.3333333333333333,0.225,0.691358024691358,0.575
0022301189,2024-04-14,1610612748,MIA,W,22023,1610612761,TOR,1,0.5555555555555556,0.525,0.30864197530864196,0.275
0022301198,2024-04-14,1610612744,GSW,W,22023,1610612762,UTA,1,0.5555555555555556,0.5,0.38271604938271603,0.25
0022301194,2024-04-14,1610612750,MIN,L,22023,1610612756,PHX,0,0.691358024691358,0.75,0.5925925925925926,0.575
0022301192,2024-04-14,1610612755,PHI,W,22023,1610612751,BKN,1,0.5679012345679012,0.6,0.3950617283950617,0.3
0022301191,2024-04-14,1610612753,ORL,W,22023,1610612749,MIL,1,0.5679012345679012,0.7,0.6049382716049383,0.46153846153846156
0022301197,2024-04-14,1610612759,SAS,W,22023,1610612765,DET,1,0.25925925925925924,0.275,0.1728395061728395,0.17073170731707318
