PLAYER_ID,PLAYER_NAME,TEAM_ABBREVIATION,SEASON,Cluster,Tier,GP,MIN,PTS,REB,AST,STL,BLK,TOV,FG_PCT,FG3_PCT,FT_PCT,TS_PCT,EFG_PCT,USG_PCT,PIE,OFF_RATING,DEF_RATING,NET_RATING,AST_TO,OREB_PCT,DREB_PCT,AST_PCT,REB_PCT,INV_DEF_RATING,Scorer_Score,Playmaker_Score,Rebounder_Score,Defensive Player_Score
2062,A.J. Guyton,CHI,2000-01,Playmaker,Average,33,628.5383333333333,198,36,64,9,5,24,0.406,0.391,0.833,0.495,0.477,0.167,0.071,92.0,102.9,-11.0,2.67,0.016,0.046,0.198,0.03,22.5,-0.72091840696819,0.04164456221231655,-1.3224536590361835,-0.43858397904147806
243,Aaron McKie,PHI,2000-01,Playmaker,Very Good,76,2390.7266666666665,878,311,377,106,8,203,0.473,0.312,0.768,0.549,0.511,0.186,0.119,102.7,95.5,7.3,1.86,0.015,0.115,0.264,0.066,29.900000000000006,0.21729898075329998,1.5641530662087315,-0.13414699355974158,1.0316052133503166
1541,Alvin Williams,TOR,2000-01,Playmaker,Very Good,82,2391.286666666667,802,212,407,123,26,103,0.43,0.306,0.752,0.483,0.452,0.172,0.102,104.3,100.9,3.5,3.95,0.02,0.068,0.267,0.043,24.5,-0.3173524763270039,1.6913967658836309,-0.6898435223502508,1.0725874900896109
1889,Andre Miller,CLE,2000-01,Playmaker,Elite,82,2846.5316666666668,1296,360,657,119,28,265,0.452,0.266,0.833,0.541,0.461,0.228,0.142,101.4,102.2,-0.8,2.48,0.034,0.093,0.389,0.064,23.200000000000003,0.7804591912880007,3.2966733033280997,-0.0296107515695036,0.9749958887781548
1853,Anthony Carter,MIA,2000-01,Playmaker,Very Good,72,1633.555,461,180,268,73,10,119,0.406,0.15,0.631,0.439,0.413,0.185,0.087,95.2,93.5,1.7,2.25,0.03,0.084,0.305,0.057,31.900000000000006,-0.7196695881156058,1.3933904988054664,-0.5963964767620156,0.8274245144911728
924,Anthony Goldwire,DEN,2000-01,Playmaker,Average,20,200.045,82,12,34,9,0,15,0.375,0.265,0.765,0.469,0.431,0.215,0.082,99.0,103.3,-4.3,2.27,0.004,0.059,0.276,0.029,22.10000000000001,-0.601844485224771,0.36943078266571244,-1.3988743993488304,-0.5126731690766412
1533,Anthony Johnson,CLE,2000-01,Playmaker,Average,53,510.66833333333335,130,44,78,23,6,34,0.349,0.2,0.697,0.39,0.352,0.171,0.05,89.5,98.6,-9.1,2.29,0.019,0.071,0.266,0.044,26.80000000000001,-1.341015907337158,0.475160667499424,-1.1228714701013371,-0.030762331189176706
952,Antoine Walker,BOS,2000-01,Playmaker,Very Good,81,3393.445,1892,719,445,138,49,301,0.413,0.367,0.716,0.505,0.478,0.289,0.138,101.5,103.4,-2.0,1.48,0.045,0.179,0.261,0.11,22.0,1.4509820572167031,1.7975191161229818,1.5089762579816246,1.3138229186112014
1498,Antonio Daniels,SAS,2000-01,Playmaker,Very Good,79,2062.608333333333,745,163,304,61,14,109,0.468,0.404,0.776,0.567,0.531,0.17,0.106,104.1,99.8,4.3,2.79,0.014,0.065,0.246,0.041,25.60000000000001,0.10717411145333515,1.1944178396495277,-0.8453383815592099,0.37340356243185374
422,Avery Johnson,SAS,2000-01,Playmaker,Very Good,55,1288.3966666666668,310,85,237,33,4,60,0.447,0.167,0.683,0.475,0.448,0.14,0.085,102.3,95.2,7.2,3.95,0.018,0.048,0.302,0.034,30.200000000000003,-0.952153466405751,1.2624671078082286,-1.1414794912178636,0.2523822653561057
1884,Baron Davis,CHH,2000-01,Playmaker,Elite,82,3189.1266666666666,1131,408,598,170,36,226,0.427,0.31,0.677,0.512,0.472,0.189,0.115,100.9,96.5,4.4,2.65,0.04,0.088,0.319,0.064,28.900000000000006,0.21016226717266293,2.686335781865936,0.0977514204464297,1.9192667584388083
902,Bimbo Coles,CLE,2000-01,Playmaker,Very Good,47,802.515,232,48,138,27,6,59,0.381,0.125,0.857,0.44,0.385,0.184,0.063,93.7,103.7,-10.0,2.34,0.012,0.052,0.309,0.032,21.700000000000003,-0.88641563933803,0.9375012402411607,-1.2651338074228395,-0.2889657221883926
682,Bob Sura,GSW,2000-01,Playmaker,Very Good,53,1682.26,586,227,242,54,8,160,0.39,0.273,0.714,0.487,0.435,0.191,0.076,95.4,106.1,-10.7,1.51,0.029,0.11,0.232,0.066,19.30000000000001,-0.311161341542759,0.887629830975714,-0.3570307945876249,-0.12998521496663093
699,Brent Barry,SEA,2000-01,Playmaker,Average,67,1780.8233333333333,589,211,225,80,14,86,0.494,0.476,0.816,0.66,0.63,0.132,0.111,106.2,103.8,2.4,2.62,0.02,0.1,0.19,0.061,21.60000000000001,0.24822742650177365,0.5891336384294398,-0.46318312344967083,0.3352507580617703
1510,Brevin Knight,ATL,2000-01,Playmaker,Very Good,53,1461.455,333,168,311,101,4,91,0.375,0.1,0.818,0.416,0.376,0.144,0.086,95.1,103.3,-8.2,3.42,0.015,0.1,0.321,0.057,22.10000000000001,-1.2436197486710538,1.6414996790246876,-0.6282370197659989,0.481042077260347
216,Brian Shaw,LAL,2000-01,Playmaker,Very Good,80,1831.02,421,304,258,49,27,97,0.399,0.311,0.797,0.479,0.45,0.13,0.088,104.7,103.3,1.4,2.66,0.026,0.137,0.206,0.083,22.10000000000001,-0.9224406108194781,0.8004459054252782,0.06385347953416652,0.17495287653879435
1724,Bryce Drew,CHI,2000-01,Playmaker,Average,48,1303.49,302,69,185,32,3,68,0.379,0.381,0.737,0.45,0.44,0.141,0.05,97.2,103.8,-6.6,2.72,0.009,0.046,0.231,0.027,21.60000000000001,-1.0935405808594216,0.6722697722675155,-1.2731111286892702,-0.2733867670110004
369,Charlie Ward,NYK,2000-01,Playmaker,Very Good,61,1494.6066666666666,433,159,273,70,10,112,0.416,0.383,0.8,0.536,0.505,0.164,0.105,103.0,96.5,6.5,2.44,0.023,0.089,0.297,0.057,28.900000000000006,-0.3389908699047563,1.36684772873782,-0.6521174270189865,0.6200764005277294
1497,Chauncey Billups,MIN,2000-01,Playmaker,Very Good,77,1793.3116666666667,713,158,260,51,11,111,0.422,0.376,0.842,0.538,0.485,0.194,0.091,103.0,101.7,1.3,2.34,0.019,0.073,0.229,0.046,23.700000000000003,0.09398036530820825,0.9370113147730511,-0.794907002954135,0.12780365844546163
164,Chris Childs,TOR,2000-01,Playmaker,Very Good,77,1853.9033333333332,362,202,355,59,15,156,0.403,0.302,0.845,0.494,0.451,0.132,0.078,96.1,95.0,1.1,2.28,0.014,0.097,0.32,0.057,30.400000000000006,-0.8645843906228349,1.7977884438726544,-0.5380221479213795,0.6448207407959146
1914,Chris Herren,BOS,2000-01,Playmaker,Average,25,408.27166666666665,83,21,56,14,0,20,0.302,0.291,0.75,0.41,0.385,0.13,0.03,103.2,103.1,0.1,2.8,0.01,0.043,0.204,0.026,22.30000000000001,-1.5606989477137236,0.04591295164311365,-1.4132129550098838,-0.4491154193751809
43,Chris Whitney,WAS,2000-01,Playmaker,Very Good,59,1533.2616666666668,558,106,248,55,3,103,0.387,0.375,0.894,0.537,0.486,0.177,0.085,98.6,106.6,-8.0,2.41,0.008,0.066,0.273,0.036,18.80000000000001,-0.14796345040254008,1.14003176564135,-1.0602792323515324,-0.1995885095684329
1088,Chucky Atkins,DET,2000-01,Playmaker,Very Good,81,2364.028333333333,971,173,330,67,5,149,0.399,0.357,0.692,0.481,0.463,0.21,0.079,100.5,101.6,-1.1,2.21,0.011,0.059,0.234,0.035,23.80000000000001,0.07126493917101089,1.222677974011316,-0.895242521550639,0.2387561489449682
724,Cory Alexander,ORL,2000-01,Playmaker,Average,26,223.43833333333333,52,25,36,16,0,25,0.321,0.25,0.667,0.407,0.357,0.163,0.05,84.6,96.4,-11.8,1.44,0.0,0.114,0.273,0.056,29.0,-1.3586312650811632,0.35993720530563733,-1.020409811534814,-0.03473637066689047
1800,Damon Jones,VAN,2000-01,Playmaker,Very Good,71,1415.665,461,124,224,36,1,76,0.409,0.364,0.712,0.525,0.51,0.164,0.099,95.7,103.7,-8.0,2.95,0.011,0.076,0.276,0.044,21.700000000000003,-0.3816915980453091,1.0685721339099832,-0.9106011834081149,-0.2463007757589478
757,Damon Stoudamire,POR,2000-01,Playmaker,Very Good,82,2652.83,1066,303,468,106,8,191,0.434,0.374,0.831,0.519,0.478,0.206,0.11,105.6,98.6,6.9,2.45,0.028,0.089,0.275,0.059,26.80000000000001,0.3277585351235511,1.9607991632256032,-0.2445516023618259,0.849465720696859
344,Dana Barros,DET,2000-01,Playmaker,Average,60,1082.6766666666667,478,94,110,30,2,60,0.444,0.419,0.85,0.534,0.498,0.195,0.111,95.6,99.1,-3.4,1.83,0.005,0.079,0.187,0.041,26.30000000000001,-0.09103929638864701,0.14911617635578728,-1.028421503832114,-0.028079984158034515
353,Darrell Armstrong,ORL,2000-01,Playmaker,Elite,75,2774.2316666666666,1189,343,524,135,13,200,0.412,0.355,0.884,0.535,0.484,0.203,0.136,104.9,100.7,4.1,2.62,0.032,0.09,0.299,0.06,24.700000000000003,0.48597898677155804,2.30168555731456,-0.12567680471053455,1.0771477483193117
2128,David Vanterpool,WAS,2000-01,Playmaker,Average,22,410.14,122,37,66,23,3,37,0.418,0.0,0.6,0.462,0.418,0.176,0.061,99.5,99.4,0.1,1.78,0.036,0.058,0.254,0.047,26.0,-0.8985200818837527,0.3635925316123578,-1.1032261572729531,-0.10811846323799701
133,David Wesley,CHH,2000-01,Playmaker,Very Good,82,3105.4416666666666,1414,224,361,128,16,171,0.422,0.376,0.799,0.509,0.461,0.223,0.097,99.4,97.7,1.7,2.11,0.021,0.052,0.214,0.036,27.700000000000003,0.6459911964252266,1.2243953383054575,-0.7471805594790296,1.2112346249088535
1760,Derrick Dial,SAS,2000-01,Playmaker,Average,33,204.3383333333333,86,38,21,4,6,12,0.434,0.2,0.571,0.466,0.446,0.226,0.079,107.2,101.7,5.5,1.75,0.066,0.129,0.154,0.099,23.700000000000003,-0.5355871953979476,-0.3637589113845871,-0.43811075484591255,-0.40976771967056197
96,Detlef Schrempf,POR,2000-01,Playmaker,Average,26,395.635,104,78,44,7,3,28,0.411,0.375,0.852,0.487,0.426,0.158,0.078,101.5,105.8,-4.4,1.57,0.047,0.158,0.182,0.104,19.60000000000001,-0.9003310347481897,-0.12183171759312453,-0.2682773399759001,-0.649930190567804
77,Doug Overton,NJN,2000-01,Playmaker,Average,21,475.85,125,39,72,8,0,31,0.374,0.306,0.625,0.428,0.414,0.165,0.053,97.5,105.2,-7.7,2.32,0.008,0.073,0.246,0.041,20.200000000000003,-1.1712781686838891,0.3407294528670496,-1.1743573259337043,-0.6346684146090084
2067,Eddie House,MIA,2000-01,Playmaker,Average,50,544.805,251,42,52,13,0,35,0.421,0.345,0.686,0.478,0.46,0.25,0.073,96.3,96.6,-0.3,1.49,0.009,0.07,0.192,0.039,28.80000000000001,-0.17229561769145238,-0.03621765366524604,-1.1918764987920691,-0.07757139449172608
386,Elliot Perry,PHX,2000-01,Playmaker,Average,49,498.50166666666667,147,46,79,22,1,38,0.464,0.2,0.727,0.491,0.468,0.161,0.091,99.8,95.6,4.2,2.08,0.019,0.074,0.248,0.047,29.80000000000001,-0.8244900396815211,0.377722598793252,-1.0793457500199657,0.08455301100565642
727,Eric Snow,PHI,2000-01,Playmaker,Very Good,50,1743.375,491,166,369,77,7,124,0.418,0.263,0.792,0.488,0.424,0.158,0.111,100.3,94.4,5.9,2.98,0.015,0.08,0.337,0.048,31.0,-0.6155288619754166,1.9448042290789829,-0.7482006656754522,0.7856383666906505
697,Fred Hoiberg,CHI,2000-01,Playmaker,Very Good,74,2245.1266666666666,673,308,263,98,12,74,0.439,0.414,0.866,0.598,0.544,0.129,0.116,96.9,105.6,-8.7,3.55,0.009,0.141,0.2,0.072,19.80000000000001,-0.06764475398755931,0.7851384420274663,-0.06566920348265576,0.3957619478561356
56,Gary Payton,SEA,2000-01,Playmaker,Elite,79,3244.13,1823,361,642,127,26,209,0.456,0.375,0.766,0.522,0.488,0.265,0.148,103.8,104.2,-0.4,3.07,0.023,0.089,0.364,0.056,21.200000000000003,1.3227293268286375,3.101036600120095,-0.12887460742328072,0.9201425141795001
45,George McCloud,DEN,2000-01,Playmaker,Very Good,76,2002.7966666666664,729,224,279,53,27,117,0.382,0.329,0.84,0.496,0.44,0.185,0.082,101.5,107.0,-5.5,2.38,0.027,0.084,0.223,0.055,18.400000000000006,-0.20050211087167,0.9732195298879749,-0.5051271276901039,-0.0009939693911175478
458,Howard Eisley,DAL,2000-01,Playmaker,Very Good,82,2429.29,741,197,295,99,12,102,0.393,0.398,0.825,0.507,0.472,0.152,0.073,104.2,101.0,3.2,2.89,0.01,0.071,0.183,0.041,24.400000000000006,-0.3705313335860474,0.8073884576486978,-0.7551235097145905,0.676394816022159
375,Isaiah Rider,LAL,2000-01,Playmaker,Average,67,1205.71,507,156,111,27,7,98,0.426,0.37,0.855,0.499,0.462,0.221,0.081,104.0,105.2,-1.2,1.13,0.036,0.093,0.155,0.064,20.200000000000003,-0.07990721078648218,-0.02696903903922576,-0.5708999826372201,-0.3669802707595739
1521,Jacque Vaughn,UTA,2000-01,Playmaker,Very Good,82,1626.2183333333332,498,150,323,48,3,129,0.433,0.385,0.78,0.535,0.471,0.163,0.105,97.1,101.5,-4.3,2.5,0.012,0.088,0.343,0.049,23.900000000000006,-0.3051542076107831,1.8092443482609264,-0.7779150687094163,0.027530792615846306
147,Jalen Rose,IND,2000-01,Playmaker,Very Good,72,2947.5466666666666,1478,359,435,65,43,211,0.457,0.339,0.828,0.53,0.48,0.254,0.133,100.3,100.7,-0.4,2.06,0.013,0.106,0.288,0.061,24.700000000000003,1.0391479323029613,1.9123988429423642,-0.07048309306720979,0.655376262729652
2037,Jamal Crawford,CHI,2000-01,Playmaker,Average,61,1046.621666666667,282,89,141,43,14,85,0.352,0.35,0.794,0.442,0.419,0.174,0.064,91.1,103.5,-12.4,1.66,0.009,0.082,0.235,0.044,21.900000000000006,-0.9121279409909683,0.5328339674243004,-1.0034694338363996,-0.030493268140920755
469,Jamal Mashburn,CHH,2000-01,Playmaker,Very Good,76,2992.005,1528,576,411,85,13,211,0.413,0.356,0.766,0.493,0.45,0.264,0.138,99.6,97.0,2.6,1.95,0.03,0.163,0.262,0.096,28.400000000000006,0.9368613600363874,1.678027264498398,0.9511879602519657,0.7764718990868746
467,Jason Kidd,PHX,2000-01,Playmaker,Elite,77,3067.173333333333,1299,494,753,166,23,286,0.411,0.297,0.814,0.51,0.443,0.222,0.162,98.4,96.3,2.2,2.63,0.029,0.134,0.419,0.08,29.10000000000001,0.5614561234172797,3.81845327032009,0.5297764475165283,1.7580452096555188
1891,Jason Terry,ATL,2000-01,Playmaker,Very Good,82,3090.56,1619,269,403,104,12,239,0.436,0.395,0.846,0.531,0.481,0.248,0.115,97.1,102.3,-5.2,1.69,0.013,0.073,0.236,0.043,23.10000000000001,1.102624575490043,1.5025307472118437,-0.5386009430813301,0.6518205531493656
1715,Jason Williams,SAC,2000-01,Playmaker,Very Good,77,2289.596666666667,720,185,416,94,9,160,0.407,0.315,0.789,0.498,0.478,0.165,0.083,105.2,100.5,4.6,2.6,0.008,0.068,0.256,0.039,24.900000000000006,-0.34196702013864283,1.662719801100586,-0.8124433613279345,0.6236129468461331
976,Jeff McInnis,LAC,2000-01,Playmaker,Very Good,81,2828.945,1046,220,447,75,7,113,0.463,0.361,0.807,0.521,0.491,0.179,0.106,99.7,104.8,-5.1,3.96,0.015,0.063,0.27,0.039,20.60000000000001,0.12711761315744396,1.8554373787819134,-0.7195751108996499,0.15386702029920035
754,Jim Jackson,CLE,2000-01,Playmaker,Average,56,1690.2183333333332,643,224,163,53,10,130,0.378,0.325,0.822,0.455,0.399,0.219,0.074,94.5,102.3,-7.8,1.25,0.031,0.106,0.176,0.067,23.10000000000001,-0.24804351311642725,0.2823456297556259,-0.35225127603394035,0.10315611528931175
180,John Crotty,UTA,2000-01,Playmaker,Average,31,264.495,65,28,35,6,0,20,0.338,0.571,0.895,0.443,0.369,0.155,0.042,99.6,97.1,2.5,1.75,0.05,0.061,0.211,0.056,28.30000000000001,-1.2019888821910127,0.007963007218430684,-1.012449675783818,-0.17947827258466087
304,John Stockton,UTA,2000-01,Playmaker,Elite,82,2395.218333333333,944,227,713,132,21,203,0.504,0.462,0.817,0.61,0.551,0.178,0.161,110.9,98.1,12.8,3.51,0.026,0.077,0.452,0.052,27.30000000000001,0.5551006620882263,3.856648177478828,-0.535385954853149,1.2797655266576633
468,Jon Barry,SAC,2000-01,Playmaker,Average,62,1009.325,316,94,130,28,6,53,0.404,0.348,0.877,0.55,0.494,0.146,0.095,99.0,95.5,3.4,2.45,0.015,0.072,0.207,0.044,29.900000000000006,-0.4750884652364004,0.3350630695008972,-0.9902025409180732,0.20318397615584058
72,Kenny Anderson,BOS,2000-01,Playmaker,Average,33,849.9383333333334,246,73,134,44,2,52,0.388,0.333,0.831,0.476,0.412,0.161,0.082,98.8,102.7,-3.9,2.58,0.018,0.07,0.261,0.043,22.700000000000003,-0.83885933848125,0.6531351148757807,-1.0586631454797244,-0.09453773319987724
1563,Kevin Ollie,PHI,2000-01,Playmaker,Average,70,924.85,216,95,146,30,1,49,0.396,0.333,0.708,0.467,0.398,0.136,0.081,94.4,96.4,-2.0,2.98,0.018,0.087,0.268,0.052,29.0,-1.0949636838640586,0.7366149840882605,-0.8856319278969657,0.12044017447254918
2039,Keyon Dooling,LAC,2000-01,Playmaker,Average,76,1240.0666666666666,449,89,177,41,11,94,0.409,0.35,0.698,0.509,0.448,0.195,0.084,98.8,98.9,0.0,1.88,0.007,0.063,0.253,0.036,26.5,-0.25489102047248086,0.7664206150569883,-1.105386668273842,0.18870311920094926
2064,Khalid El-Amin,CHI,2000-01,Playmaker,Very Good,50,935.335,314,81,145,48,2,54,0.37,0.333,0.778,0.458,0.415,0.191,0.082,92.7,102.0,-9.3,2.69,0.021,0.07,0.288,0.044,23.400000000000006,-0.6731224008414337,0.8452883594642666,-1.024696462505722,-0.0119640089119775
1885,Lamar Odom,LAC,2000-01,Playmaker,Very Good,76,2829.8766666666666,1304,592,392,74,122,264,0.46,0.316,0.679,0.536,0.498,0.24,0.139,100.7,102.5,-1.9,1.48,0.041,0.17,0.246,0.107,22.900000000000006,0.8454864865008368,1.5182306760152953,1.1337782149420934,1.4421497703280846
1919,Laron Profit,WAS,2000-01,Playmaker,Average,35,604.475,152,64,89,36,11,46,0.394,0.269,0.733,0.47,0.419,0.148,0.074,101.8,106.8,-4.9,1.93,0.031,0.079,0.224,0.055,18.60000000000001,-1.0361188221134547,0.27969583197862113,-0.9296677010765483,-0.3272656283816801
1716,Larry Hughes,GSW,2000-01,Playmaker,Average,50,1842.9,823,276,223,96,29,152,0.383,0.187,0.766,0.449,0.391,0.243,0.086,97.8,104.4,-6.6,1.47,0.037,0.109,0.2,0.072,21.0,0.02314964691931709,0.6379507891339355,-0.15057731815994463,0.6175417200911472
51,Mahmoud Abdul-Rauf,VAN,2000-01,Playmaker,Average,41,485.1716666666667,266,25,76,9,1,26,0.488,0.286,0.759,0.514,0.496,0.262,0.108,99.2,100.6,-1.5,2.92,0.01,0.042,0.285,0.026,24.80000000000001,0.1321987043488785,0.5745366982181744,-1.402599440675223,-0.34391808243991157
349,Mark Jackson,NYK,2000-01,Playmaker,Elite,83,2581.8316666666665,631,305,661,84,7,175,0.419,0.338,0.777,0.505,0.479,0.14,0.121,101.1,100.3,0.8,3.78,0.024,0.094,0.396,0.059,25.10000000000001,-0.5491385732509105,3.3507156419618735,-0.23924484519449538,0.5115153244667693
2043,Mateen Cleaves,DET,2000-01,Playmaker,Very Good,78,1265.7883333333334,422,132,207,49,1,139,0.4,0.294,0.708,0.458,0.406,0.198,0.067,91.0,94.5,-3.5,1.49,0.019,0.079,0.281,0.049,30.900000000000006,-0.5439949417668232,1.034105648104819,-0.8256758832153912,0.4289399528945312
688,Michael Curry,DET,2000-01,Playmaker,Average,68,1490.0,356,121,132,27,3,61,0.455,0.444,0.849,0.507,0.461,0.122,0.046,97.4,101.5,-4.1,2.16,0.014,0.068,0.138,0.04,23.900000000000006,-0.8677881342229868,-0.04519562796371497,-0.969519936377832,-0.19005782908870436
1722,Michael Dickerson,VAN,2000-01,Playmaker,Average,70,2619.6783333333333,1142,229,233,62,27,162,0.417,0.374,0.763,0.501,0.459,0.224,0.072,98.3,104.3,-6.1,1.44,0.028,0.062,0.157,0.045,21.10000000000001,0.41141887944495376,0.4331886089558773,-0.6192567778185806,0.250895919687347
1710,Mike Bibby,VAN,2000-01,Playmaker,Elite,82,3190.425,1301,304,685,107,12,248,0.454,0.379,0.761,0.525,0.5,0.209,0.124,98.3,104.7,-6.4,2.76,0.015,0.082,0.376,0.049,20.700000000000003,0.553495197482909,3.326675166999647,-0.36929476682496354,0.5418934218454948
2130,Mike Penberthy,LAL,2000-01,Playmaker,Average,53,846.6183333333333,267,63,71,22,2,34,0.414,0.396,0.903,0.567,0.538,0.136,0.073,102.0,103.6,-1.6,2.09,0.011,0.058,0.129,0.035,21.80000000000001,-0.48643146808961024,-0.3202156786406044,-1.1871141657538193,-0.3753669253872916
1960,Milt Palacio,BOS,2000-01,Playmaker,Average,58,1141.6583333333333,342,102,151,48,0,80,0.472,0.333,0.848,0.556,0.494,0.15,0.093,97.0,97.5,-0.5,1.89,0.022,0.07,0.234,0.045,27.900000000000006,-0.3927514475392455,0.5640132273127662,-0.9562358579440708,0.23219710080463904
983,Moochie Norris,HOU,2000-01,Playmaker,Very Good,82,1651.638333333333,544,198,283,69,2,107,0.446,0.281,0.778,0.546,0.476,0.166,0.119,105.0,101.7,3.3,2.64,0.028,0.093,0.284,0.061,23.700000000000003,-0.18712701233097553,1.3306151486072786,-0.49767704503731947,0.22325101530742375
302,Mookie Blaylock,GSW,2000-01,Playmaker,Elite,69,2352.903333333333,760,272,462,163,20,128,0.396,0.324,0.697,0.455,0.441,0.172,0.11,96.1,103.2,-7.0,3.61,0.027,0.088,0.32,0.055,22.200000000000003,-0.507731745130738,2.191515415362849,-0.3777649556741707,1.2912014709897972
89,Nick Van Exel,DEN,2000-01,Playmaker,Elite,71,2686.366666666667,1259,241,600,61,18,165,0.414,0.377,0.819,0.515,0.474,0.232,0.128,103.9,105.1,-1.1,3.64,0.016,0.071,0.383,0.043,20.30000000000001,0.6344026678052985,3.053224977945315,-0.6128955434239578,0.10247364068178044
1747,Rafer Alston,MIL,2000-01,Playmaker,Very Good,37,286.6083333333333,77,31,68,13,0,20,0.357,0.267,0.692,0.429,0.405,0.17,0.09,95.0,100.0,-5.0,3.4,0.014,0.104,0.386,0.056,25.400000000000006,-1.1635733708815075,1.1124821544661088,-1.0044895400328222,-0.2773372896600352
1594,Rick Brunson,NYK,2000-01,Playmaker,Average,22,206.605,46,21,31,8,1,17,0.333,0.143,0.533,0.38,0.352,0.158,0.042,91.9,94.4,-2.5,1.82,0.022,0.081,0.287,0.05,31.0,-1.553934046462601,0.42018589538278694,-1.1074612516975568,0.009999539928691773
296,Rick Fox,LAL,2000-01,Playmaker,Average,82,2293.563333333333,787,325,262,70,29,136,0.444,0.393,0.779,0.562,0.536,0.16,0.088,107.9,101.2,6.7,1.93,0.035,0.103,0.168,0.07,24.200000000000003,0.03566986492872868,0.6016938439877766,-0.04604107616970646,0.5361612438534451
123,Robert Pack,DEN,2000-01,Playmaker,Very Good,74,1261.445,479,137,293,65,1,135,0.425,0.387,0.766,0.493,0.439,0.209,0.101,98.1,102.8,-4.7,2.17,0.022,0.083,0.375,0.052,22.60000000000001,-0.22225038286175633,1.8786185153081292,-0.774190027383024,0.107057956996651
393,Rod Strickland,POR,2000-01,Playmaker,Very Good,54,1372.335,498,140,303,53,5,107,0.424,0.235,0.751,0.493,0.429,0.202,0.127,96.4,102.2,-5.8,2.83,0.028,0.078,0.385,0.053,23.200000000000003,-0.25979192760971226,1.9715919618806843,-0.7534902373273479,0.05844426277889906
208,Sam Cassell,MIL,2000-01,Playmaker,Elite,76,2710.6666666666665,1381,290,580,88,8,220,0.474,0.306,0.858,0.542,0.488,0.242,0.134,107.1,103.3,3.7,2.64,0.017,0.087,0.346,0.053,22.10000000000001,0.9499611355863178,2.7717779781066123,-0.3554834497775563,0.3868142150745819
937,Scottie Pippen,POR,2000-01,Playmaker,Very Good,64,2130.8616666666667,721,333,294,94,35,154,0.451,0.344,0.739,0.541,0.505,0.176,0.108,106.0,100.6,5.5,1.91,0.036,0.127,0.212,0.083,24.80000000000001,-0.014866511788512471,0.9666207130389592,0.14080145846045955,0.8807915434210688
1742,Shammond Williams,SEA,2000-01,Playmaker,Average,69,1239.2233333333334,467,132,190,31,4,82,0.438,0.459,0.875,0.569,0.52,0.175,0.105,102.9,103.2,-0.4,2.32,0.028,0.079,0.242,0.054,22.200000000000003,-0.04526780883407525,0.7524624155632962,-0.7619776116919899,-0.2383778609165386
428,Sherman Douglas,NJN,2000-01,Playmaker,Average,59,1089.8283333333334,338,74,144,36,4,79,0.403,0.2,0.748,0.478,0.416,0.182,0.069,94.7,99.8,-5.0,1.82,0.02,0.052,0.243,0.036,25.60000000000001,-0.607348441008048,0.5888142680706532,-1.1451873470288212,0.013194848943330081
950,Stephon Marbury,NJN,2000-01,Playmaker,Elite,67,2558.3116666666665,1598,205,506,79,5,197,0.441,0.328,0.79,0.54,0.484,0.288,0.149,99.6,104.8,-5.2,2.57,0.02,0.061,0.389,0.04,20.60000000000001,1.4317575563209246,2.7410399136550216,-0.7466361353499487,0.17507754404630305
1883,Steve Francis,HOU,2000-01,Playmaker,Elite,80,3193.963333333333,1591,553,517,141,31,265,0.451,0.396,0.817,0.563,0.506,0.238,0.139,105.8,102.5,3.3,1.95,0.063,0.115,0.278,0.089,22.900000000000006,1.1921887432412743,2.15795699802493,0.8009826726949022,1.2156718629153844
70,Steve Kerr,SAS,2000-01,Playmaker,Average,55,652.2583333333333,181,35,57,16,1,21,0.421,0.429,0.933,0.546,0.525,0.128,0.071,101.3,102.9,-1.7,2.71,0.01,0.045,0.143,0.028,22.5,-0.7270823929850917,-0.29308421046449906,-1.3505863462292096,-0.40652429448558464
959,Steve Nash,DAL,2000-01,Playmaker,Elite,70,2386.6266666666666,1092,223,509,72,5,205,0.487,0.406,0.895,0.603,0.544,0.205,0.133,107.9,100.9,7.0,2.48,0.021,0.071,0.335,0.047,24.5,0.8194609662998212,2.4487257075365063,-0.6096977407112116,0.33169123617117896
210,Terrell Brandon,MIN,2000-01,Playmaker,Elite,78,2822.05,1250,298,583,161,21,155,0.451,0.363,0.871,0.507,0.465,0.217,0.137,104.3,101.9,2.5,3.76,0.021,0.087,0.326,0.054,23.5,0.472364806834273,2.6704639853752825,-0.3215167668035538,1.3569772866805991
345,Terry Porter,SAS,2000-01,Playmaker,Very Good,80,1679.055,573,201,251,52,11,104,0.448,0.424,0.793,0.583,0.547,0.162,0.122,104.0,92.3,11.7,2.41,0.015,0.1,0.248,0.06,33.10000000000001,0.016053217926397505,1.010629506235434,-0.5024565635910039,0.690458966849098
896,Tim Hardaway,MIA,2000-01,Playmaker,Elite,77,2613.9266666666667,1150,204,483,90,6,189,0.392,0.366,0.801,0.513,0.482,0.239,0.123,100.9,96.8,4.2,2.56,0.011,0.072,0.344,0.041,28.60000000000001,0.5956057362945709,2.4036126131699658,-0.7365498596289336,0.7692074007668275
389,Toni Kukoc,ATL,2000-01,Playmaker,Average,65,1597.8016666666667,721,259,199,48,11,111,0.473,0.446,0.631,0.553,0.533,0.212,0.122,104.9,100.3,4.6,1.79,0.045,0.122,0.207,0.085,25.10000000000001,0.3172812769585642,0.5889617707422377,-0.030069248121410347,0.17897611469982974
696,Travis Best,IND,2000-01,Playmaker,Elite,77,2456.33,918,222,473,110,11,127,0.44,0.381,0.827,0.517,0.464,0.19,0.122,101.2,98.5,2.8,3.72,0.016,0.074,0.34,0.046,26.900000000000006,0.09246570779650848,2.344345086606914,-0.6250907735995572,0.9271390319642743
1607,Troy Hudson,ORL,2000-01,Playmaker,Very Good,75,1005.1383333333332,357,105,162,37,3,92,0.336,0.202,0.817,0.427,0.366,0.209,0.069,95.9,100.6,-4.6,1.76,0.036,0.065,0.269,0.05,24.80000000000001,-0.6875879418997952,0.80110769858059,-0.8845774506696734,-0.03356499216103237
1731,Tyronn Lue,LAL,2000-01,Playmaker,Average,38,467.65,130,32,45,19,0,27,0.427,0.324,0.792,0.51,0.474,0.144,0.055,99.1,104.9,-5.7,1.67,0.01,0.056,0.157,0.033,20.5,-0.8525645787653606,-0.258593359643717,-1.2948482104568035,-0.5030670197727264
721,Tyus Edney,IND,2000-01,Playmaker,Very Good,24,260.77166666666665,106,24,54,17,0,25,0.385,0.167,0.897,0.49,0.39,0.217,0.118,92.1,100.7,-8.7,2.16,0.018,0.069,0.378,0.044,24.700000000000003,-0.4498276864810878,1.0160252492740351,-1.1759390417746427,-0.27702011044143937
219,Vinny Del Negro,PHX,2000-01,Playmaker,Average,65,919.53,254,82,126,26,3,34,0.453,0.077,0.932,0.501,0.455,0.13,0.083,99.0,101.4,-2.3,3.71,0.013,0.081,0.213,0.045,24.0,-0.9170866859577318,0.35405022422104754,-1.0093034296173764,-0.19454372452206636
1907,Vonteego Cummings,GSW,2000-01,Playmaker,Very Good,66,1495.3633333333332,483,137,227,67,14,91,0.344,0.336,0.681,0.425,0.391,0.18,0.059,93.3,105.7,-12.4,2.49,0.026,0.067,0.253,0.044,19.700000000000003,-0.8204522287758098,0.9504051811739018,-0.8761072618204664,0.08891915726965988
1895,William Avery,MIN,2000-01,Playmaker,Average,55,460.4433333333333,154,29,75,13,4,45,0.382,0.271,0.778,0.482,0.438,0.192,0.059,92.8,97.3,-4.5,1.67,0.011,0.051,0.286,0.031,28.10000000000001,-0.6439648789882588,0.5764746602307534,-1.32828765481716,-0.07822981101408799
2062,A.J. Guyton,CHI,2001-02,Playmaker,Average,45,603.93,244,44,81,10,7,37,0.361,0.374,0.815,0.477,0.455,0.217,0.083,97.9,101.7,-3.9,2.19,0.019,0.057,0.248,0.037,23.700000000000003,-0.42463710453913617,0.3850819814379285,-1.212049050234099,-0.3374820780376179
243,Aaron McKie,PHI,2001-02,Playmaker,Average,48,1469.013333333333,587,192,179,56,14,93,0.449,0.398,0.787,0.54,0.501,0.196,0.128,98.8,95.3,3.5,1.92,0.018,0.112,0.22,0.066,30.10000000000001,0.02919163644708561,0.5883974376493963,-0.4498990450159096,0.5859927854630557
1541,Alvin Williams,TOR,2001-02,Playmaker,Very Good,82,2932.87,971,281,468,135,26,150,0.415,0.321,0.736,0.47,0.447,0.181,0.098,101.4,101.8,-0.5,3.12,0.019,0.077,0.262,0.048,23.60000000000001,-0.20392193892312227,1.8877696698716793,-0.4430621285539453,1.1440446378048021
1889,Andre Miller,CLE,2001-02,Playmaker,Elite,81,3019.3316666666665,1335,379,882,126,34,245,0.454,0.253,0.817,0.538,0.464,0.225,0.148,105.5,107.5,-1.9,3.6,0.037,0.092,0.484,0.065,17.900000000000006,0.7694699448237937,4.658280917671346,0.033543095824817015,0.7968304356024101
358,Anfernee Hardaway,PHX,2001-02,Playmaker,Very Good,80,2464.873333333333,959,350,324,122,32,189,0.418,0.277,0.81,0.472,0.43,0.214,0.098,100.7,102.0,-1.2,1.71,0.039,0.104,0.211,0.071,23.400000000000006,0.04043525442472321,1.07139379937419,0.033033042726605594,1.0583007686152814
1853,Anthony Carter,MIA,2001-02,Playmaker,Very Good,46,1050.4883333333332,198,117,214,50,3,72,0.342,0.053,0.528,0.359,0.344,0.156,0.08,90.5,99.6,-9.2,2.97,0.019,0.096,0.347,0.057,25.80000000000001,-1.5790286332260388,1.4306286074657237,-0.763559327532928,0.15988740108652535
324,Anthony Peeler,MIN,2001-02,Playmaker,Average,82,2060.391666666667,737,206,177,61,11,76,0.421,0.392,0.862,0.519,0.502,0.17,0.081,105.5,105.5,0.0,2.33,0.018,0.083,0.135,0.051,19.900000000000006,-0.17303681772388593,0.10353752153675538,-0.6038465594148001,0.008149522640471413
952,Antoine Walker,BOS,2001-02,Playmaker,Very Good,81,3406.435,1794,714,407,122,38,251,0.394,0.344,0.741,0.49,0.46,0.275,0.126,102.8,99.7,3.1,1.62,0.043,0.165,0.224,0.103,25.700000000000003,1.192059669970167,1.44983767248219,1.4065317849305359,1.2541413052475725
1498,Antonio Daniels,SAS,2001-02,Playmaker,Average,82,2169.815,753,176,228,48,12,70,0.44,0.291,0.752,0.534,0.486,0.162,0.097,104.4,98.1,6.4,3.26,0.011,0.068,0.176,0.041,27.30000000000001,-0.1342992482926814,0.5215255657076133,-0.8108444599715614,0.31835386381180814
422,Avery Johnson,DAL,2001-02,Playmaker,Very Good,68,1353.5183333333334,535,69,286,40,9,76,0.479,0.0,0.742,0.531,0.479,0.196,0.111,103.2,108.8,-5.6,3.76,0.01,0.041,0.356,0.026,16.60000000000001,-0.059765933824793414,1.7461252626883341,-1.2858507829939505,-0.4235644547335826
1884,Baron Davis,CHH,2001-02,Playmaker,Elite,82,3319.765,1484,349,698,172,47,246,0.417,0.356,0.58,0.498,0.48,0.234,0.121,104.3,102.0,2.3,2.84,0.028,0.078,0.364,0.053,23.400000000000006,0.714104026124046,3.3070993141710376,-0.19893411334130495,1.728130875576966
902,Bimbo Coles,CLE,2001-02,Playmaker,Average,47,693.685,149,55,107,13,4,31,0.384,0.2,0.892,0.459,0.397,0.128,0.064,92.6,108.2,-15.6,3.45,0.018,0.066,0.269,0.041,17.200000000000003,-1.2475848084236596,0.5987246758519854,-1.1319032685950599,-0.7186557690536662
682,Bob Sura,GSW,2001-02,Playmaker,Very Good,78,1783.746666666667,778,256,275,88,17,133,0.424,0.316,0.72,0.53,0.459,0.206,0.116,100.4,105.2,-4.8,2.07,0.047,0.094,0.263,0.07,20.200000000000003,0.1829605410205595,1.1832068979953108,-0.2291241984426106,0.36623750850817943
699,Brent Barry,SEA,2001-02,Playmaker,Very Good,81,3038.235,1164,441,426,147,37,165,0.508,0.424,0.846,0.652,0.611,0.157,0.136,108.2,104.5,3.7,2.58,0.02,0.13,0.209,0.076,20.900000000000006,0.8001598242205538,1.4354870075828587,0.33818876536354736,1.221035474464686
85,Brent Price,SAC,2001-02,Playmaker,Average,20,88.695,31,8,9,3,1,10,0.333,0.267,0.692,0.474,0.407,0.178,0.017,81.9,102.0,-20.1,0.9,0.037,0.035,0.164,0.036,23.400000000000006,-0.880893236109423,-0.35173867390347396,-1.3203103335507296,-0.48834280513908707
1510,Brevin Knight,MEM,2001-02,Playmaker,Elite,53,1149.3166666666666,371,109,302,79,7,111,0.422,0.25,0.757,0.482,0.425,0.191,0.113,94.8,100.8,-6.1,2.72,0.01,0.087,0.447,0.049,24.60000000000001,-0.4947960428724083,2.316206777323214,-0.8867035906396925,0.4303311722504583
216,Brian Shaw,LAL,2001-02,Playmaker,Average,58,628.1316666666667,169,112,89,25,3,32,0.353,0.33,0.692,0.458,0.436,0.15,0.098,105.9,97.5,8.3,2.78,0.028,0.143,0.207,0.084,27.900000000000006,-1.07782876057667,0.18419572528502823,-0.4328555542248864,0.024238145232682085
1724,Bryce Drew,CHH,2001-02,Playmaker,Average,61,771.6733333333333,210,72,101,32,2,33,0.429,0.425,0.793,0.539,0.514,0.13,0.093,99.2,97.4,1.8,3.06,0.019,0.075,0.209,0.047,28.0,-0.7315508632549635,0.2395873278229219,-1.0103579068446684,0.092525689302743
2306,Carlos Arroyo,DEN,2001-02,Playmaker,Average,37,369.9383333333333,111,40,70,11,1,23,0.441,0.0,0.722,0.467,0.441,0.165,0.103,92.8,97.8,-5.0,3.04,0.03,0.078,0.323,0.053,27.60000000000001,-0.9583903418273682,0.7659293770109998,-1.0188280956938756,-0.15868226642468075
369,Charlie Ward,NYK,2001-02,Playmaker,Very Good,63,1057.48,326,127,203,68,14,75,0.373,0.323,0.81,0.496,0.46,0.177,0.123,95.7,95.8,-0.1,2.71,0.014,0.104,0.339,0.06,29.60000000000001,-0.5496889868638711,1.345210776240665,-0.6988065787822344,0.6809518031980475
1497,Chauncey Billups,MIN,2001-02,Playmaker,Very Good,82,2355.935,1027,226,450,66,17,138,0.423,0.394,0.885,0.555,0.498,0.202,0.117,107.6,104.3,3.4,3.26,0.015,0.083,0.296,0.049,21.10000000000001,0.4761831018223466,2.012535439456776,-0.5762582963508551,0.19116673140986948
164,Chris Childs,TOR,2001-02,Playmaker,Very Good,69,1578.878333333333,285,154,351,56,5,123,0.328,0.275,0.817,0.435,0.383,0.13,0.076,96.9,97.9,-1.0,2.85,0.011,0.09,0.352,0.05,27.5,-1.272088458444762,1.9628345853006524,-0.7545619000700748,0.3421734543066957
43,Chris Whitney,WAS,2001-02,Playmaker,Very Good,82,2171.1316666666667,833,152,314,72,6,85,0.418,0.406,0.88,0.568,0.518,0.167,0.098,104.1,105.3,-1.2,3.69,0.005,0.07,0.229,0.037,20.10000000000001,0.15439130745301702,1.1357146461793175,-0.9254841631982492,0.08328812995644073
1088,Chucky Atkins,DET,2001-02,Playmaker,Very Good,79,2280.545,957,158,263,72,11,128,0.466,0.411,0.692,0.568,0.553,0.196,0.094,102.1,101.2,0.9,2.05,0.014,0.058,0.204,0.037,24.200000000000003,0.45610775485036764,0.8076090553671351,-0.9095638916962576,0.3747696176747635
1800,Damon Jones,DET,2001-02,Playmaker,Average,67,1088.7,340,103,140,23,1,61,0.401,0.371,0.729,0.548,0.523,0.156,0.083,103.1,98.1,4.9,2.3,0.013,0.081,0.21,0.049,27.30000000000001,-0.39601114263722254,0.3887129427290315,-0.9026238621416842,-0.05197231367978805
757,Damon Stoudamire,POR,2001-02,Playmaker,Very Good,75,2793.278333333333,1016,292,490,67,7,149,0.402,0.353,0.888,0.506,0.459,0.184,0.102,106.0,101.8,4.1,3.29,0.029,0.08,0.28,0.054,23.60000000000001,0.05632251248934095,2.0698406389916313,-0.33743703830554544,0.24724014194121255
344,Dana Barros,DET,2001-02,Playmaker,Average,29,586.0733333333334,193,57,77,14,2,33,0.385,0.338,0.778,0.473,0.448,0.186,0.08,99.9,99.6,0.3,2.33,0.002,0.097,0.221,0.051,25.80000000000001,-0.711220788860928,0.21868657610581027,-0.9991999683809265,-0.2232391286957769
353,Darrell Armstrong,ORL,2001-02,Playmaker,Very Good,82,2733.3216666666667,1015,319,453,157,10,175,0.42,0.349,0.888,0.553,0.504,0.172,0.11,106.7,103.1,3.6,2.59,0.029,0.087,0.249,0.058,22.30000000000001,0.23647978030657368,1.759544806682681,-0.2148371993278617,1.1337341208341511
133,David Wesley,CHH,2001-02,Playmaker,Average,67,2490.366666666667,951,143,236,74,15,119,0.4,0.332,0.734,0.479,0.447,0.2,0.067,102.0,103.2,-1.2,1.98,0.017,0.039,0.163,0.028,22.200000000000003,-0.027797932511640866,0.4779336029323955,-1.0640214591933594,0.3184528494646724
2052,DeShawn Stevenson,UTA,2001-02,Playmaker,Average,67,1131.1933333333334,325,131,116,29,24,68,0.385,0.08,0.698,0.412,0.388,0.182,0.054,99.4,105.2,-5.8,1.71,0.04,0.083,0.171,0.061,20.200000000000003,-0.9940807664901393,0.0813118709311413,-0.6754534101428931,-0.17426065683071715
2352,Dean Oliver,GSW,2001-02,Playmaker,Average,20,138.97,42,8,21,3,0,11,0.37,0.154,0.667,0.42,0.391,0.18,0.035,91.2,103.4,-12.2,1.91,0.0,0.058,0.25,0.027,22.0,-1.1670665886710017,0.17553580876746683,-1.4349672222928522,-0.5807168142114636
1507,Derek Anderson,POR,2001-02,Playmaker,Average,70,1855.9366666666667,757,189,216,68,8,87,0.403,0.373,0.856,0.537,0.472,0.19,0.104,105.0,99.7,5.3,2.48,0.026,0.081,0.188,0.053,25.700000000000003,0.09071145384334145,0.5447811098585609,-0.6234746867277493,0.3911037864865521
1863,Earl Boykins,LAC,2001-02,Playmaker,Very Good,68,761.745,280,54,145,20,2,44,0.4,0.31,0.77,0.464,0.424,0.196,0.09,103.3,103.4,-0.1,3.3,0.034,0.036,0.309,0.035,22.0,-0.6267338369822967,0.9632590794975285,-1.2109945730068068,-0.38433871625401567
2109,Eddie Gill,MEM,2001-02,Playmaker,Average,23,381.01666666666665,116,28,49,11,3,34,0.424,0.318,0.795,0.531,0.462,0.172,0.065,87.5,106.8,-19.3,1.44,0.018,0.06,0.262,0.039,18.60000000000001,-0.5376189057537043,0.34597900581194524,-1.2290237989633832,-0.6672394138640586
1023,Emanual Davis,ATL,2001-02,Playmaker,Average,28,775.0166666666667,185,74,68,27,5,52,0.354,0.341,0.889,0.449,0.427,0.147,0.039,95.7,105.2,-9.5,1.31,0.024,0.071,0.145,0.047,20.200000000000003,-1.1397096496855605,-0.24137229924894366,-1.005051149677338,-0.3872151987657189
727,Eric Snow,PHI,2001-02,Playmaker,Very Good,61,2225.258333333333,738,215,400,95,9,138,0.442,0.111,0.806,0.51,0.445,0.176,0.11,101.7,96.8,4.9,2.9,0.016,0.081,0.301,0.049,28.60000000000001,-0.17985060222931984,1.8566391400144489,-0.6054454607711732,0.8513666074676046
1065,Erick Strickland,BOS,2001-02,Playmaker,Average,79,1640.0316666666668,606,213,184,56,1,94,0.389,0.385,0.845,0.545,0.487,0.175,0.095,98.0,100.1,-2.1,1.96,0.013,0.115,0.198,0.064,25.30000000000001,-0.08224897618873611,0.48320752089290864,-0.4196574033682994,0.17244331318550069
56,Gary Payton,SEA,2001-02,Playmaker,Elite,82,3297.143333333333,1815,396,737,131,26,209,0.467,0.314,0.797,0.526,0.49,0.266,0.16,107.0,103.8,3.2,3.53,0.025,0.097,0.391,0.062,21.60000000000001,1.3471507622496264,3.6022839157849953,0.040431568833085796,0.9850898359525493
45,George McCloud,DEN,2001-02,Playmaker,Average,69,1831.861666666667,604,251,204,58,19,144,0.358,0.27,0.81,0.466,0.41,0.187,0.066,97.0,106.7,-9.7,1.42,0.034,0.106,0.187,0.068,18.700000000000003,-0.44753084928346915,0.4950071606555845,-0.2678703999702976,-0.012500464209287456
2240,Gilbert Arenas,GSW,2001-02,Playmaker,Average,47,1152.145,511,132,174,69,11,97,0.453,0.345,0.775,0.562,0.504,0.193,0.104,100.8,106.1,-5.3,1.79,0.032,0.075,0.241,0.053,19.30000000000001,0.07820866790105709,0.6879697010709668,-0.7747172659966701,0.0557876211172657
21,Greg Anthony,MIL,2001-02,Playmaker,Very Good,60,1513.0316666666668,474,132,282,77,5,94,0.385,0.294,0.659,0.46,0.436,0.182,0.089,95.9,104.7,-8.8,3.0,0.015,0.075,0.31,0.044,20.700000000000003,-0.6121878379423802,1.4729944439927884,-0.8893741547387928,0.16023028567462907
458,Howard Eisley,NYK,2001-02,Playmaker,Average,39,610.205,171,49,100,24,3,53,0.337,0.241,0.796,0.435,0.377,0.191,0.069,96.9,97.4,-0.4,1.89,0.016,0.064,0.292,0.041,28.0,-0.9077500307345957,0.7021728632987135,-1.1478235400970516,0.019752249799320037
93,Hubert Davis,WAS,2001-02,Playmaker,Average,51,1231.765,365,77,107,28,3,44,0.448,0.452,0.762,0.544,0.535,0.14,0.077,101.2,103.6,-2.4,2.43,0.006,0.057,0.144,0.032,21.80000000000001,-0.5179802771842865,-0.10348199101266842,-1.1881858284965465,-0.3030812837543475
1521,Jacque Vaughn,ATL,2001-02,Playmaker,Very Good,82,1855.4983333333328,540,168,349,64,2,111,0.47,0.444,0.825,0.547,0.498,0.148,0.097,97.5,104.5,-7.0,3.14,0.01,0.085,0.316,0.047,20.900000000000006,-0.3160627490133164,1.7532396825989558,-0.7556335628128019,0.006931110477257067
2224,Jamaal Tinsley,IND,2001-02,Playmaker,Elite,80,2443.415,751,298,647,138,40,270,0.38,0.24,0.704,0.446,0.408,0.201,0.095,103.5,102.4,1.1,2.4,0.032,0.088,0.409,0.06,23.0,-0.3533859314734473,3.372229456803061,-0.24507884097547206,1.2815204176330512
2037,Jamal Crawford,CHI,2001-02,Playmaker,Average,23,481.705,214,34,55,18,5,32,0.476,0.448,0.769,0.555,0.545,0.214,0.098,99.4,112.0,-12.7,1.72,0.011,0.063,0.204,0.037,13.400000000000006,-0.022265194882521506,0.0422332603207754,-1.2385828360707518,-0.8799992555471436
467,Jason Kidd,NJN,2001-02,Playmaker,Elite,82,3056.0216666666665,1208,595,808,175,20,286,0.391,0.321,0.814,0.484,0.442,0.217,0.156,104.0,98.5,5.5,2.83,0.042,0.148,0.407,0.095,26.900000000000006,0.310573219043411,3.9534244530296876,0.9888624990369257,1.6916847989822026
1891,Jason Terry,ATL,2001-02,Playmaker,Very Good,78,2967.53,1504,270,444,144,13,181,0.43,0.387,0.835,0.549,0.5,0.231,0.127,101.5,104.8,-3.3,2.45,0.014,0.079,0.261,0.046,20.60000000000001,0.9981599048964472,1.7938394248006435,-0.49772860158362386,0.9295058470611591
1715,Jason Williams,MEM,2001-02,Playmaker,Elite,65,2237.6466666666665,959,195,519,111,7,214,0.382,0.295,0.792,0.466,0.446,0.244,0.108,97.2,104.8,-7.7,2.43,0.01,0.077,0.393,0.043,20.60000000000001,0.2257444991394292,2.8113465141850877,-0.7349509582725606,0.5268760860784301
976,Jeff McInnis,LAC,2001-02,Playmaker,Very Good,81,3031.7033333333334,1184,213,500,63,6,147,0.413,0.321,0.836,0.486,0.446,0.2,0.092,103.7,105.1,-1.4,3.4,0.015,0.055,0.277,0.035,20.30000000000001,0.18025252199386435,2.089784592210262,-0.7891073782040279,0.0017867985215340072
711,Jerry Stackhouse,DET,2001-02,Playmaker,Very Good,76,2685.998333333333,1629,315,403,77,37,266,0.397,0.287,0.858,0.518,0.43,0.314,0.131,102.1,100.3,1.9,1.52,0.03,0.09,0.288,0.06,25.10000000000001,1.51865991041997,1.7946487206275394,-0.19997140505316233,0.7425097039907614
2343,Joe Crispin,PHX,2001-02,Playmaker,Average,21,154.45833333333334,79,11,26,5,0,10,0.382,0.385,0.923,0.536,0.493,0.233,0.112,97.7,101.9,-4.2,2.6,0.012,0.058,0.277,0.034,23.5,-0.08916432928930818,0.3456109054219236,-1.3378295064090944,-0.4718620757605858
180,John Crotty,UTA,2001-02,Playmaker,Very Good,41,799.4516666666667,284,75,141,19,1,51,0.471,0.449,0.864,0.599,0.546,0.158,0.115,102.1,99.5,2.6,2.76,0.021,0.074,0.313,0.047,25.900000000000006,-0.13016017235278135,0.9710109275478443,-1.0023977710936727,-0.1756743105023398
304,John Stockton,UTA,2001-02,Playmaker,Elite,82,2569.665,1102,263,674,152,24,208,0.517,0.321,0.857,0.601,0.534,0.189,0.166,105.3,101.7,3.6,3.24,0.025,0.088,0.442,0.056,23.700000000000003,0.6981096701823172,3.6569636825584633,-0.38890570862247786,1.30582834725491
468,Jon Barry,DET,2001-02,Playmaker,Very Good,82,1989.3016666666667,739,234,274,94,20,111,0.488,0.469,0.931,0.644,0.603,0.157,0.134,103.2,99.3,3.8,2.47,0.023,0.099,0.233,0.062,26.10000000000001,0.44793123862493367,1.0109976066254558,-0.38941576172068915,0.8054106609393341
72,Kenny Anderson,BOS,2001-02,Playmaker,Very Good,76,2427.47,731,275,403,141,10,119,0.436,0.273,0.742,0.472,0.442,0.164,0.096,102.7,97.3,5.4,3.39,0.023,0.089,0.267,0.056,28.10000000000001,-0.49001080522115187,1.6766780005942779,-0.35706516561849455,1.308729429108275
2261,Kenny Satterfield,DEN,2001-02,Playmaker,Very Good,36,559.8583333333333,189,52,108,31,1,53,0.367,0.259,0.783,0.431,0.384,0.214,0.084,97.1,101.9,-4.8,2.04,0.029,0.07,0.335,0.048,23.5,-0.749268407294403,0.9731694872788609,-1.0506858242132937,-0.19234917536140306
1563,Kevin Ollie,IND,2001-02,Playmaker,Very Good,81,1724.36,462,184,291,62,2,106,0.388,0.5,0.824,0.51,0.39,0.148,0.107,95.6,100.3,-4.7,2.75,0.015,0.094,0.293,0.055,25.10000000000001,-0.5838612051816349,1.4106115592002397,-0.611262271036715,0.23297801980854407
1885,Lamar Odom,LAC,2001-02,Playmaker,Very Good,29,999.47,379,176,171,23,36,97,0.419,0.19,0.656,0.473,0.442,0.224,0.109,99.0,99.4,-0.4,1.76,0.031,0.131,0.294,0.084,26.0,-0.2989087691187632,0.974666253854565,-0.2630393248703087,0.2257578488633963
1716,Larry Hughes,GSW,2001-02,Playmaker,Very Good,73,2045.8116666666667,895,245,316,113,23,171,0.423,0.194,0.737,0.484,0.435,0.217,0.098,102.1,107.3,-5.2,1.85,0.036,0.077,0.251,0.056,18.10000000000001,0.08485360341945188,1.266662402192173,-0.4366665231284529,0.5625915483804579
349,Mark Jackson,NYK,2001-02,Playmaker,Elite,82,2364.035,686,309,605,74,1,150,0.439,0.405,0.791,0.536,0.506,0.153,0.121,101.7,107.9,-6.2,4.03,0.024,0.111,0.405,0.067,17.5,-0.23706549289087622,3.195211807925186,-0.12671409642239181,-0.09933861931100517
2043,Mateen Cleaves,SAC,2001-02,Playmaker,Average,32,154.655,70,8,25,7,0,27,0.441,0.25,0.889,0.486,0.456,0.243,0.063,91.4,104.3,-13.0,0.93,0.006,0.038,0.253,0.023,21.10000000000001,-0.3083266591600007,0.20710753406157173,-1.4859258395115733,-0.5921505700027676
893,Michael Jordan,WAS,2001-02,Playmaker,Very Good,60,2089.0016666666666,1375,339,310,85,26,162,0.416,0.189,0.79,0.468,0.42,0.356,0.143,105.3,105.7,-0.3,1.91,0.024,0.145,0.295,0.083,19.700000000000003,1.3570715183401516,1.4917610009945015,0.1567217299624512,0.39683325819614507
1710,Mike Bibby,SAC,2001-02,Playmaker,Very Good,80,2657.33,1098,222,403,87,15,134,0.453,0.37,0.803,0.513,0.479,0.195,0.097,107.2,99.5,7.7,3.01,0.014,0.064,0.227,0.04,25.900000000000006,0.23600478101497183,1.4519718671975888,-0.7015286994276391,0.6705428653458873
1960,Milt Palacio,PHX,2001-02,Playmaker,Average,69,790.4116666666666,231,73,83,30,4,40,0.383,0.317,0.73,0.468,0.414,0.165,0.068,94.6,100.3,-5.6,2.08,0.014,0.082,0.189,0.047,25.10000000000001,-0.8661349338200809,0.06099981732248852,-1.0077045282610033,-0.07835066621129283
983,Moochie Norris,HOU,2001-02,Playmaker,Very Good,82,2246.39,665,246,403,81,4,156,0.398,0.269,0.751,0.471,0.426,0.176,0.093,101.9,106.5,-4.7,2.58,0.032,0.08,0.302,0.056,18.900000000000006,-0.45547838614425745,1.8732958673163809,-0.43401314454478757,0.08579985833569988
302,Mookie Blaylock,GSW,2001-02,Playmaker,Very Good,35,599.6616666666666,119,52,114,24,4,37,0.342,0.357,0.5,0.398,0.394,0.135,0.096,93.1,99.9,-6.8,3.08,0.013,0.076,0.33,0.043,25.5,-1.5667456102815105,0.9671593685383042,-1.1143840957366953,-0.11701697382136393
89,Nick Van Exel,DAL,2001-02,Playmaker,Elite,72,2497.7,1322,254,478,44,11,156,0.409,0.34,0.801,0.495,0.457,0.264,0.125,104.2,107.0,-2.8,3.06,0.011,0.091,0.339,0.049,18.400000000000006,0.799739752510113,2.3571258898836884,-0.5019636960082273,-0.25612565988508534
1747,Rafer Alston,MIL,2001-02,Playmaker,Very Good,50,596.1966666666667,177,72,143,32,2,40,0.346,0.38,0.621,0.434,0.416,0.191,0.104,97.5,102.6,-5.2,3.58,0.017,0.103,0.41,0.06,22.80000000000001,-0.9091406733469345,1.523282683679492,-0.8447424008838247,-0.2129986209546697
1594,Rick Brunson,POR,2001-02,Playmaker,Very Good,59,519.8116666666666,125,69,114,25,2,47,0.402,0.545,0.707,0.481,0.429,0.152,0.085,100.0,102.7,-2.7,2.43,0.048,0.088,0.336,0.068,22.700000000000003,-0.9634150167838422,1.0008652885478075,-0.750785302197378,-0.291403629027804
296,Rick Fox,LAL,2001-02,Playmaker,Average,82,2290.2883333333334,645,389,283,67,21,132,0.421,0.313,0.824,0.502,0.475,0.15,0.077,108.6,102.5,6.2,2.14,0.039,0.127,0.174,0.084,22.900000000000006,-0.48299027617136675,0.7126732817663836,0.3021303134503954,0.3477563654495759
393,Rod Strickland,MIA,2001-02,Playmaker,Elite,76,2291.125,794,232,463,82,11,159,0.443,0.308,0.766,0.495,0.448,0.198,0.126,100.2,98.2,2.0,2.91,0.023,0.081,0.347,0.053,27.200000000000003,-0.06417869967695884,2.3468717467279525,-0.5093794076301424,0.6546472722063905
1500,Ron Mercer,IND,2001-02,Playmaker,Average,53,1717.8466666666666,735,178,128,32,13,88,0.397,0.29,0.798,0.439,0.408,0.242,0.071,92.0,102.6,-10.6,1.45,0.028,0.078,0.154,0.052,22.80000000000001,-0.10480730316088864,0.029968060105607534,-0.6654015054527477,-0.10170651692087192
1601,Rusty LaRue,UTA,2001-02,Playmaker,Average,33,539.93,193,49,71,17,7,43,0.395,0.34,0.857,0.482,0.441,0.194,0.068,97.8,103.8,-6.0,1.65,0.021,0.073,0.234,0.046,21.60000000000001,-0.6011991065230503,0.2696379215257047,-1.0841252685736502,-0.38833735507338935
208,Sam Cassell,MIL,2001-02,Playmaker,Elite,74,2606.616666666667,1461,312,493,90,12,177,0.463,0.348,0.86,0.545,0.492,0.266,0.14,106.9,104.4,2.4,2.79,0.022,0.095,0.324,0.061,21.0,1.2004972282746385,2.328056459695004,-0.19519188649947783,0.3833766544090426
937,Scottie Pippen,POR,2001-02,Playmaker,Very Good,62,1998.9283333333333,659,321,363,101,35,171,0.411,0.305,0.774,0.497,0.456,0.186,0.102,105.3,102.5,2.8,2.12,0.039,0.131,0.283,0.083,22.900000000000006,-0.2379445178241729,1.6193728010594228,0.10896091545647622,0.8416872013951971
1742,Shammond Williams,SEA,2001-02,Playmaker,Average,50,602.7983333333333,221,63,83,21,2,35,0.42,0.373,0.795,0.526,0.492,0.185,0.102,102.6,105.0,-2.4,2.37,0.028,0.082,0.225,0.055,20.400000000000006,-0.39531968210105345,0.26323533737950877,-0.9323210796602136,-0.46798483339490754
950,Stephon Marbury,PHX,2001-02,Playmaker,Elite,82,3186.4733333333334,1674,266,666,77,13,284,0.442,0.286,0.781,0.519,0.467,0.262,0.123,101.8,103.1,-1.3,2.35,0.023,0.061,0.355,0.041,22.30000000000001,1.176164081203714,3.1387903118419587,-0.5720403874416864,0.33517747777841383
1883,Steve Francis,HOU,2001-02,Playmaker,Very Good,57,2340.68,1234,401,362,71,25,221,0.417,0.324,0.773,0.517,0.451,0.278,0.127,104.2,105.7,-1.5,1.64,0.045,0.128,0.281,0.087,19.700000000000003,0.9645511918773663,1.6044578030672505,0.3721898193684195,0.2416567130567054
959,Steve Nash,DAL,2001-02,Playmaker,Elite,82,2837.9483333333333,1466,254,634,53,4,229,0.483,0.455,0.887,0.602,0.554,0.223,0.136,110.7,105.2,5.5,2.77,0.018,0.07,0.355,0.045,20.200000000000003,1.2152218077133599,3.0210401895271337,-0.5529223132269486,-0.12793722637268115
210,Terrell Brandon,MIN,2001-02,Playmaker,Very Good,32,964.1883333333334,397,93,264,52,6,43,0.425,0.174,0.988,0.494,0.43,0.196,0.149,107.4,100.4,7.0,6.14,0.017,0.075,0.387,0.047,25.0,-0.3708333258954683,1.8393193069793263,-0.9546369565876976,0.1639587789327641
345,Terry Porter,SAS,2001-02,Playmaker,Very Good,72,1289.435,399,164,205,45,16,85,0.424,0.415,0.819,0.558,0.516,0.152,0.114,107.0,92.6,14.4,2.41,0.01,0.11,0.25,0.063,32.80000000000001,-0.3255699218981812,0.852599012077708,-0.5624126082725782,0.6508903437814265
2357,Tierre Brown,HOU,2001-02,Playmaker,Very Good,40,401.6216666666666,123,42,70,19,3,40,0.426,0.333,0.75,0.483,0.443,0.184,0.088,85.5,102.7,-17.2,1.75,0.026,0.081,0.341,0.051,22.700000000000003,-0.7191668161832759,0.8670471370395101,-1.0390006471359057,-0.34345434265460306
896,Tim Hardaway,DEN,2001-02,Playmaker,Very Good,68,1600.0666666666666,652,124,278,57,10,111,0.365,0.347,0.794,0.492,0.464,0.213,0.087,104.8,105.7,-0.9,2.5,0.009,0.069,0.283,0.038,19.700000000000003,-0.07392722562184954,1.30659903866067,-0.9870391092361968,-0.055164328125749534
389,Toni Kukoc,ATL,2001-02,Playmaker,Average,59,1495.585,584,218,209,48,17,113,0.419,0.31,0.712,0.511,0.471,0.202,0.104,102.2,104.1,-1.9,1.85,0.029,0.121,0.234,0.075,21.30000000000001,-0.09485746783666109,0.7774353240083857,-0.2662543130984898,0.016413133530155315
2225,Tony Parker,SAS,2001-02,Playmaker,Very Good,77,2271.1783333333333,705,197,334,89,7,151,0.419,0.323,0.675,0.497,0.467,0.175,0.081,103.2,99.2,4.0,2.21,0.016,0.071,0.237,0.045,26.200000000000003,-0.2852969696734223,1.2542496993054206,-0.7041648924958694,0.6279522817127815
1892,Trajan Langdon,CLE,2001-02,Playmaker,Average,44,476.70166666666665,209,55,60,13,5,40,0.398,0.365,0.913,0.533,0.474,0.211,0.098,96.6,95.6,0.9,1.5,0.026,0.089,0.221,0.057,29.80000000000001,-0.17361818219070468,0.1561318236260597,-0.9280687997201753,0.031770600573139
696,Travis Best,CHI,2001-02,Playmaker,Very Good,74,1750.118333333333,581,151,324,89,7,99,0.44,0.356,0.897,0.511,0.46,0.174,0.101,100.8,104.6,-3.8,3.27,0.012,0.078,0.301,0.045,20.80000000000001,-0.30199441243325476,1.5769825995167406,-0.8262203073444723,0.3106770364454681
1607,Troy Hudson,ORL,2001-02,Playmaker,Very Good,81,1857.9116666666664,950,145,255,57,6,163,0.434,0.353,0.876,0.526,0.475,0.249,0.103,101.8,103.7,-1.9,1.56,0.016,0.061,0.236,0.039,21.700000000000003,0.5989087412302353,0.9579364315057802,-0.9185785046745456,0.021875165960965486
1731,Tyronn Lue,WAS,2001-02,Playmaker,Very Good,71,1462.1083333333331,555,122,246,49,0,96,0.427,0.447,0.762,0.507,0.488,0.199,0.102,99.4,100.0,-0.7,2.56,0.01,0.072,0.293,0.041,25.400000000000006,-0.1606023778594465,1.2450254496950177,-0.9541269034894864,0.09567177611919453
1907,Vonteego Cummings,PHI,2001-02,Playmaker,Average,58,495.1133333333333,192,52,60,18,5,36,0.417,0.261,0.75,0.477,0.449,0.205,0.077,91.3,102.3,-11.0,1.67,0.028,0.081,0.23,0.054,23.10000000000001,-0.5499826337599062,0.20669070364031478,-0.9742478983852121,-0.31007890756696865
2226,Will Solomon,MEM,2001-02,Playmaker,Average,62,883.1916666666667,321,68,92,35,7,62,0.341,0.284,0.671,0.442,0.411,0.208,0.05,94.7,100.5,-5.7,1.48,0.013,0.063,0.189,0.037,24.900000000000006,-0.6351067424669304,0.09411703922353293,-1.1483679642261326,-0.007942394520416193
1895,William Avery,MIN,2001-02,Playmaker,Average,28,260.3566666666667,71,24,36,7,0,19,0.289,0.171,0.684,0.361,0.322,0.195,0.038,95.3,98.1,-2.7,1.89,0.015,0.073,0.217,0.044,27.30000000000001,-1.373680674638346,0.04534861855027239,-1.1759390417746427,-0.22787158469585153
1541,Alvin Williams,TOR,2002-03,Playmaker,Very Good,78,2642.346666666667,1027,245,416,111,21,128,0.438,0.329,0.782,0.508,0.464,0.193,0.11,101.2,106.2,-5.0,3.25,0.02,0.077,0.266,0.047,19.200000000000003,0.14157456172230104,1.718896334449758,-0.5513234118705755,0.5862640370521415
1889,Andre Miller,LAC,2002-03,Playmaker,Elite,80,2913.228333333333,1088,316,537,99,11,206,0.406,0.213,0.795,0.495,0.419,0.199,0.103,101.1,105.9,-4.8,2.61,0.029,0.079,0.309,0.054,19.5,0.15515956830892583,2.4056980778541295,-0.27375595229757876,0.3783794442765236
358,Anfernee Hardaway,PHX,2002-03,Playmaker,Average,58,1776.82,615,258,235,66,26,145,0.447,0.356,0.794,0.499,0.469,0.19,0.095,100.6,99.6,1.0,1.62,0.038,0.108,0.21,0.073,25.80000000000001,-0.2289580701567316,0.738283618351167,-0.1855984783612393,0.5583708801701844
1853,Anthony Carter,MIA,2002-03,Playmaker,Very Good,49,913.4633333333334,199,83,203,45,5,81,0.356,0.0,0.66,0.39,0.356,0.169,0.075,93.1,100.5,-7.4,2.51,0.013,0.081,0.366,0.047,24.900000000000006,-1.305897595178125,1.49688741628343,-0.9811707424243504,0.07543630685655811
324,Anthony Peeler,MIN,2002-03,Playmaker,Average,82,2243.258333333333,630,241,244,72,13,82,0.414,0.41,0.78,0.499,0.485,0.142,0.073,104.4,103.2,1.3,2.98,0.018,0.086,0.158,0.054,22.200000000000003,-0.5695239752693867,0.4792828668365155,-0.47275934607247455,0.27749519558190344
952,Antoine Walker,BOS,2002-03,Playmaker,Very Good,78,3235.3683333333333,1570,563,373,116,31,260,0.388,0.323,0.615,0.467,0.449,0.275,0.105,101.7,101.0,0.7,1.43,0.03,0.148,0.226,0.087,24.400000000000006,0.8990189766088239,1.3359634741925237,0.8020371499221943,1.04476980203184
422,Avery Johnson,DAL,2002-03,Playmaker,Average,48,427.13,156,31,64,15,1,29,0.42,0.0,0.769,0.467,0.42,0.205,0.082,93.7,98.2,-4.5,2.21,0.023,0.047,0.264,0.035,27.200000000000003,-0.6331193573270643,0.41240968231685365,-1.2720222804311083,-0.14073868469123432
1884,Baron Davis,NOH,2002-03,Playmaker,Very Good,50,1893.03,856,186,320,91,22,140,0.416,0.35,0.71,0.5,0.478,0.24,0.114,103.9,98.8,5.1,2.29,0.03,0.071,0.302,0.05,26.60000000000001,0.31658046180389515,1.5678814875623046,-0.669653785392786,0.8239388376552945
902,Bimbo Coles,BOS,2002-03,Playmaker,Average,35,689.8016666666666,154,59,72,17,4,28,0.333,0.219,0.833,0.413,0.354,0.138,0.047,90.2,98.0,-7.8,2.57,0.015,0.071,0.181,0.042,27.400000000000006,-1.433780908440171,-0.024418013902570285,-1.1085500999557185,-0.07791263179549228
682,Bob Sura,GSW,2002-03,Playmaker,Average,55,1130.08,401,167,177,45,2,82,0.412,0.329,0.696,0.51,0.454,0.181,0.089,104.9,105.1,-0.2,2.16,0.051,0.091,0.247,0.072,20.30000000000001,-0.38627538189252947,0.732714695047485,-0.4397955837794598,-0.22518759038037095
699,Brent Barry,SEA,2002-03,Playmaker,Very Good,75,2482.15,774,301,384,113,15,142,0.458,0.403,0.795,0.597,0.56,0.146,0.11,103.1,102.7,0.4,2.7,0.02,0.11,0.241,0.064,22.700000000000003,0.12392194700591912,1.460704878762003,-0.18616008800575495,0.7519233415835891
1510,Brevin Knight,MEM,2002-03,Playmaker,Very Good,55,928.2966666666666,216,81,233,69,2,94,0.425,0.25,0.541,0.442,0.43,0.161,0.08,93.8,98.3,-4.5,2.48,0.016,0.073,0.403,0.044,27.10000000000001,-1.0548900373199597,1.815131329345516,-1.024696462505722,0.4230169104757328
216,Brian Shaw,LAL,2002-03,Playmaker,Average,72,897.6683333333333,250,119,103,32,13,54,0.387,0.349,0.667,0.467,0.46,0.155,0.083,95.5,100.2,-4.6,1.91,0.021,0.11,0.189,0.064,25.200000000000003,-0.9313554609636266,0.13459364376925387,-0.6690749902328355,0.0393047031979337
2306,Carlos Arroyo,UTA,2002-03,Playmaker,Average,44,283.8933333333333,121,26,53,12,1,30,0.459,0.429,0.818,0.51,0.472,0.229,0.097,96.9,100.7,-3.8,1.77,0.042,0.054,0.319,0.048,24.700000000000003,-0.23681394368194844,0.6809040111915803,-1.119673667388591,-0.3187094611299266
369,Charlie Ward,NYK,2002-03,Playmaker,Very Good,66,1467.255,472,177,306,78,11,95,0.399,0.378,0.774,0.54,0.521,0.163,0.113,104.0,101.5,2.5,3.22,0.017,0.108,0.326,0.062,23.900000000000006,-0.29531639882226524,1.6511894890875827,-0.54065834098961,0.4193113927897845
1497,Chauncey Billups,DET,2002-03,Playmaker,Very Good,74,2330.205,1199,273,287,63,15,134,0.421,0.392,0.878,0.582,0.506,0.237,0.148,103.2,98.9,4.2,2.14,0.017,0.109,0.238,0.063,26.5,1.0108110677971225,1.0869218604904392,-0.273194342653063,0.45712295985610196
168,Chris Mills,GSW,2002-03,Playmaker,Average,21,264.015,101,50,22,7,3,10,0.368,0.28,0.889,0.443,0.401,0.202,0.075,104.8,103.8,1.0,2.2,0.069,0.12,0.138,0.094,21.60000000000001,-0.8319648636256932,-0.4499616734209244,-0.46996848336533076,-0.5324208404687988
43,Chris Whitney,ORL,2002-03,Playmaker,Average,51,1050.3,355,67,145,29,2,71,0.355,0.305,0.826,0.468,0.427,0.187,0.066,90.5,101.2,-10.6,2.04,0.003,0.066,0.245,0.032,24.200000000000003,-0.6156618608730993,0.603729266062826,-1.2147196143331993,-0.16182616470030242
1088,Chucky Atkins,DET,2002-03,Playmaker,Average,65,1397.9016666666666,462,96,175,27,4,77,0.361,0.355,0.816,0.475,0.454,0.187,0.068,99.3,94.3,5.0,2.27,0.015,0.056,0.22,0.035,31.10000000000001,-0.4984761717625427,0.5736786723600432,-1.0995526724928653,0.2430932952707868
2402,Dajuan Wagner,CLE,2002-03,Playmaker,Average,47,1384.9083333333333,629,82,130,38,7,85,0.369,0.316,0.8,0.466,0.414,0.235,0.06,96.2,105.9,-9.7,1.53,0.014,0.044,0.169,0.028,19.5,-0.07811898690257675,0.12159224277404258,-1.2258775527969414,-0.2941335509727946
757,Damon Stoudamire,POR,2002-03,Playmaker,Very Good,59,1314.0383333333334,409,155,204,39,6,82,0.376,0.386,0.791,0.46,0.429,0.184,0.088,104.3,99.7,4.6,2.49,0.032,0.092,0.246,0.062,25.700000000000003,-0.6444215543745894,0.8264487074157009,-0.5990326698302461,0.07038933326936088
2424,Dan Dickau,ATL,2002-03,Playmaker,Average,50,518.12,183,43,85,14,2,53,0.412,0.361,0.808,0.504,0.476,0.196,0.06,95.2,109.0,-13.8,1.6,0.017,0.069,0.292,0.042,16.400000000000006,-0.46798383525479476,0.6469774934636394,-1.151004157294363,-0.7755330741611014
353,Darrell Armstrong,ORL,2002-03,Playmaker,Very Good,82,2349.31,769,295,323,135,13,160,0.409,0.336,0.878,0.53,0.47,0.162,0.1,103.1,102.8,0.3,2.02,0.038,0.09,0.219,0.063,22.60000000000001,-0.1456310101956842,1.1126553347311896,-0.21482001381242694,0.9537629307153569
1507,Derek Anderson,POR,2002-03,Playmaker,Very Good,76,2553.095,1057,264,325,90,16,128,0.427,0.35,0.859,0.556,0.496,0.189,0.111,104.6,99.9,4.7,2.54,0.022,0.086,0.204,0.055,25.5,0.40836883913969974,1.0357499173521076,-0.39899198434349287,0.6882425481440942
965,Derek Fisher,LAL,2002-03,Playmaker,Average,82,2829.0333333333333,863,239,298,93,15,94,0.437,0.401,0.8,0.52,0.492,0.143,0.078,107.8,103.1,4.6,3.17,0.014,0.07,0.157,0.042,22.30000000000001,-0.2741075318635005,0.6723685449078647,-0.6309419548959686,0.5211942127975498
1863,Earl Boykins,GSW,2002-03,Playmaker,Very Good,68,1321.535,600,88,221,38,4,73,0.429,0.377,0.865,0.543,0.46,0.2,0.114,106.2,103.7,2.5,3.03,0.026,0.038,0.278,0.032,21.700000000000003,0.08500110942433992,1.068768366612803,-1.1589986640762284,-0.19522565787310633
2248,Earl Watson,MEM,2002-03,Playmaker,Very Good,79,1361.9616666666666,433,164,225,89,14,88,0.435,0.341,0.721,0.505,0.474,0.169,0.103,96.4,97.1,-0.7,2.56,0.034,0.089,0.277,0.061,28.30000000000001,-0.47963208186287254,1.077869478567239,-0.5878919168819389,0.822159347338245
1023,Emanual Davis,ATL,2002-03,Playmaker,Average,24,340.14666666666665,88,43,36,12,2,25,0.364,0.241,0.773,0.45,0.403,0.161,0.071,89.6,98.4,-8.8,1.44,0.016,0.103,0.188,0.062,27.0,-1.101456810957724,-0.11756332816232723,-0.8962110712007572,-0.17345624451299826
727,Eric Snow,PHI,2002-03,Playmaker,Elite,82,3108.895,1054,301,544,133,11,194,0.452,0.219,0.858,0.546,0.456,0.165,0.111,102.1,100.1,2.0,2.8,0.023,0.08,0.278,0.051,25.30000000000001,0.17333846077471535,2.2573086637280633,-0.35177559396659885,1.071442899466245
1065,Erick Strickland,IND,2002-03,Playmaker,Very Good,71,1277.638333333333,458,145,209,38,7,98,0.429,0.388,0.805,0.547,0.511,0.181,0.105,100.0,98.1,1.9,2.13,0.018,0.092,0.279,0.056,27.30000000000001,-0.13362105329003574,1.030229724079661,-0.7020043814949806,0.16415291441332613
2421,Frank Williams,NYK,2002-03,Playmaker,Very Good,21,167.415,28,18,34,7,2,17,0.273,0.375,0.667,0.393,0.364,0.144,0.048,86.0,109.8,-23.8,2.0,0.017,0.1,0.374,0.056,15.600000000000009,-1.5950735055005782,0.9199608094876006,-1.0389834616204707,-0.8950663547688867
56,Gary Payton,MIL,2002-03,Playmaker,Elite,80,3209.615,1634,334,663,133,20,187,0.454,0.297,0.71,0.504,0.472,0.256,0.14,104.4,105.1,-0.7,3.55,0.024,0.084,0.366,0.053,20.30000000000001,1.0176321885108288,3.189545424559033,-0.23873479209628412,0.8687267002463847
2240,Gilbert Arenas,GSW,2002-03,Playmaker,Elite,82,2867.895,1497,386,514,124,17,290,0.431,0.348,0.791,0.54,0.478,0.242,0.116,106.6,108.0,-1.4,1.77,0.032,0.095,0.294,0.063,17.400000000000006,1.0221793392590577,2.2368003774165905,0.026637437301113287,0.5747334841488021
255,Grant Hill,ORL,2002-03,Playmaker,Average,29,840.79,421,206,122,28,13,84,0.492,0.25,0.819,0.568,0.493,0.241,0.158,107.0,103.8,3.3,1.45,0.049,0.199,0.241,0.125,21.60000000000001,0.39899362035121255,0.4966257523093769,0.3388878591315417,-0.21365757873352287
458,Howard Eisley,NYK,2002-03,Playmaker,Very Good,82,2244.7366666666667,744,186,444,71,9,149,0.417,0.389,0.848,0.552,0.521,0.169,0.093,103.1,104.7,-1.5,2.98,0.011,0.077,0.308,0.043,20.700000000000003,0.01336943741867446,2.057869131541753,-0.7588313655255481,0.1385319640570476
2452,J.R. Bremer,BOS,2002-03,Playmaker,Average,64,1500.9383333333333,528,145,164,38,3,59,0.369,0.353,0.766,0.515,0.477,0.178,0.087,99.4,102.2,-2.7,2.78,0.012,0.088,0.19,0.049,23.200000000000003,-0.288063232746018,0.36467246776680545,-0.7911819616277427,-0.11721110930192506
1521,Jacque Vaughn,ORL,2002-03,Playmaker,Average,80,1689.7966666666666,473,118,232,64,2,97,0.448,0.235,0.776,0.508,0.457,0.147,0.066,102.0,102.1,-0.2,2.39,0.015,0.057,0.213,0.036,23.30000000000001,-0.5946841214023569,0.7440975043889039,-1.028438689347549,0.14794233059606354
147,Jalen Rose,CHI,2002-03,Playmaker,Very Good,82,3351.891666666667,1816,351,395,72,23,285,0.406,0.37,0.854,0.508,0.448,0.27,0.098,99.3,105.1,-5.9,1.39,0.02,0.082,0.209,0.051,20.30000000000001,1.2742381877923457,1.3214165765903725,-0.21910666478333501,0.2670359530185743
2224,Jamaal Tinsley,IND,2002-03,Playmaker,Elite,73,2237.988333333333,566,260,548,125,18,192,0.396,0.277,0.714,0.468,0.437,0.157,0.099,102.9,99.6,3.3,2.85,0.026,0.089,0.378,0.057,25.80000000000001,-0.6831138982132984,2.8337927625091393,-0.3841261900687934,1.0887515815060083
2037,Jamal Crawford,CHI,2002-03,Playmaker,Very Good,80,1987.9183333333333,858,185,334,77,25,134,0.413,0.355,0.806,0.496,0.467,0.219,0.111,100.2,101.0,-0.9,2.49,0.01,0.08,0.28,0.045,24.400000000000006,0.14142249150590244,1.4958087927068617,-0.7360054354998529,0.5799718634192392
469,Jamal Mashburn,NOH,2002-03,Playmaker,Very Good,82,3325.806666666667,1772,498,462,83,17,230,0.422,0.389,0.848,0.507,0.46,0.265,0.137,103.1,100.5,2.6,2.01,0.02,0.134,0.259,0.076,24.900000000000006,1.2001876882730176,1.848838561932898,0.4894313446324682,0.590577666549282
467,Jason Kidd,NJN,2002-03,Playmaker,Elite,80,2988.5583333333334,1495,504,711,179,25,296,0.414,0.341,0.841,0.526,0.465,0.248,0.174,104.7,96.4,8.2,2.4,0.037,0.13,0.407,0.084,29.0,0.984614426945634,3.5964943947628756,0.6072688505719023,1.9071023883547682
1891,Jason Terry,ATL,2002-03,Playmaker,Elite,81,3083.8483333333334,1395,279,600,126,14,249,0.428,0.371,0.887,0.549,0.498,0.22,0.127,100.5,103.2,-2.6,2.41,0.013,0.075,0.338,0.045,22.200000000000003,0.8390293686327771,2.8004305778740397,-0.48658784863531673,0.8471262582538205
1715,Jason Williams,MEM,2002-03,Playmaker,Elite,76,2405.093333333333,919,212,631,91,10,168,0.388,0.354,0.84,0.501,0.471,0.197,0.112,105.5,108.7,-3.1,3.76,0.011,0.077,0.398,0.044,16.700000000000003,0.052949651937391984,3.25156020896156,-0.6771038680455705,0.12085798662834858
2398,Jay Williams,CHI,2002-03,Playmaker,Very Good,75,1961.19,714,195,350,86,17,171,0.399,0.322,0.64,0.472,0.446,0.206,0.082,96.0,105.6,-9.6,2.05,0.014,0.083,0.297,0.049,19.80000000000001,-0.19481009035793947,1.6501839605578665,-0.6585130324444788,0.32201291261175496
976,Jeff McInnis,POR,2002-03,Playmaker,Average,75,1312.256666666667,432,97,170,21,2,75,0.444,0.171,0.746,0.477,0.452,0.176,0.067,96.8,103.4,-6.6,2.27,0.017,0.061,0.222,0.038,22.0,-0.5892008700162946,0.5665155224181864,-1.0586803309951591,-0.37397735331570375
1983,Jermaine Jackson,ATL,2002-03,Playmaker,Average,53,554.6816666666666,121,57,74,19,6,34,0.364,0.1,0.727,0.451,0.368,0.138,0.059,91.4,102.6,-11.2,2.18,0.035,0.07,0.228,0.052,22.80000000000001,-1.2403124474886373,0.24697107548321606,-0.9864603140762462,-0.30722648314043477
2412,Jiri Welsch,GSW,2002-03,Playmaker,Average,37,229.95333333333332,61,28,27,8,2,19,0.253,0.25,0.759,0.348,0.26,0.188,0.006,101.4,100.4,1.0,1.42,0.05,0.062,0.171,0.056,25.0,-1.5064635090392422,-0.24618065675696452,-1.012449675783818,-0.33241104636525115
304,John Stockton,UTA,2002-03,Playmaker,Elite,82,2273.43,884,201,629,137,16,182,0.483,0.363,0.826,0.577,0.505,0.185,0.154,106.6,100.9,5.7,3.46,0.025,0.069,0.444,0.048,24.5,0.3743964059512815,3.502612879723076,-0.6553324152471675,1.1164719311952525
468,Jon Barry,DET,2002-03,Playmaker,Very Good,80,1476.5883333333334,555,180,206,63,14,81,0.45,0.407,0.86,0.593,0.553,0.169,0.136,105.2,94.7,10.4,2.54,0.023,0.104,0.242,0.063,30.700000000000003,0.11149127363180418,0.8113374767207084,-0.5199585509339338,0.6937751310609404
2454,Junior Harrington,DEN,2002-03,Playmaker,Very Good,82,2000.345,418,250,277,80,15,157,0.362,0.25,0.652,0.405,0.369,0.15,0.052,89.2,96.3,-7.1,1.76,0.022,0.114,0.234,0.065,29.10000000000001,-1.2012920953183375,1.0276543339273878,-0.3087427414680038,0.786028284936112
252,Karl Malone,UTA,2002-03,Playmaker,Very Good,81,2934.75,1667,628,379,136,31,210,0.462,0.214,0.763,0.534,0.463,0.272,0.164,106.1,103.0,3.1,1.8,0.043,0.18,0.236,0.114,22.400000000000006,1.3300839023637736,1.4142181554757254,1.3184774240868056,1.1344877106990734
72,Kenny Anderson,NOH,2002-03,Playmaker,Very Good,61,1134.685,372,132,198,58,5,75,0.427,0.143,0.789,0.457,0.428,0.191,0.105,96.6,98.8,-2.2,2.64,0.027,0.091,0.3,0.058,26.60000000000001,-0.6370132990050635,1.1077238395672016,-0.7110189944732686,0.31001697263876776
2261,Kenny Satterfield,PHI,2002-03,Playmaker,Average,39,498.68666666666667,132,43,68,20,2,43,0.301,0.179,0.68,0.34,0.314,0.206,0.034,87.4,95.3,-7.9,1.58,0.029,0.062,0.256,0.043,30.10000000000001,-1.3692335473506247,0.38218722092686885,-1.1382645029896827,0.09157415164695563
1563,Kevin Ollie,SEA,2002-03,Playmaker,Very Good,82,1900.33,534,182,291,69,5,72,0.451,0.333,0.753,0.514,0.454,0.147,0.103,103.7,99.2,4.5,4.04,0.014,0.083,0.252,0.05,26.200000000000003,-0.5163888193528477,1.1802877724686336,-0.680267299727447,0.4004900949403977
2039,Keyon Dooling,LAC,2002-03,Playmaker,Average,55,969.825,350,72,89,24,6,60,0.389,0.36,0.772,0.494,0.465,0.193,0.059,96.2,102.5,-6.3,1.48,0.01,0.065,0.168,0.038,22.900000000000006,-0.42668877187866266,-0.03489275477674361,-1.125014795586791,-0.24954420094392513
1885,Lamar Odom,LAC,2002-03,Playmaker,Average,49,1678.165,714,326,178,42,41,140,0.439,0.326,0.777,0.519,0.473,0.219,0.101,101.8,107.8,-6.0,1.27,0.035,0.16,0.184,0.097,17.60000000000001,0.16908037799945977,0.3824822262700378,0.30058296864032674,-0.020328205709135422
84,Latrell Sprewell,NYK,2002-03,Playmaker,Very Good,74,2857.635,1215,285,332,102,22,172,0.403,0.372,0.794,0.497,0.462,0.225,0.095,104.0,105.3,-1.3,1.93,0.016,0.089,0.196,0.052,20.10000000000001,0.44851308871352785,1.0165665299291378,-0.38148999700056296,0.5560084421549593
283,Lindsey Hunter,TOR,2002-03,Playmaker,Average,29,672.4133333333333,280,59,71,35,5,57,0.351,0.318,0.723,0.434,0.407,0.253,0.068,91.2,102.8,-11.6,1.25,0.021,0.07,0.217,0.044,22.60000000000001,-0.38099244539224086,0.17413781483211171,-1.083070791346358,-0.16331307514041693
349,Mark Jackson,UTA,2002-03,Playmaker,Elite,82,1468.8533333333332,382,176,375,48,3,152,0.398,0.284,0.763,0.473,0.435,0.17,0.115,96.3,97.3,-1.0,2.47,0.025,0.097,0.437,0.063,28.10000000000001,-0.6920513537979197,2.5286477105047354,-0.5305720652685949,0.27430042782375724
2060,Marko Jaric,LAC,2002-03,Playmaker,Average,66,1383.6583333333333,490,160,193,97,11,103,0.401,0.319,0.752,0.498,0.461,0.195,0.097,102.5,101.2,1.2,1.87,0.027,0.091,0.237,0.059,24.200000000000003,-0.2882168125008564,0.7354132228557249,-0.6239847398259606,0.6338036911325621
1710,Mike Bibby,SAC,2002-03,Playmaker,Very Good,55,1834.8016666666667,875,147,285,72,8,127,0.47,0.409,0.861,0.559,0.51,0.215,0.111,107.1,98.1,9.0,2.24,0.019,0.055,0.231,0.038,27.30000000000001,0.48460487584974093,1.0402389045013423,-0.9260114018118953,0.5265567183190044
2229,Mike James,MIA,2002-03,Playmaker,Very Good,78,1722.93,607,149,246,64,5,108,0.373,0.294,0.732,0.469,0.43,0.202,0.082,96.2,98.0,-1.8,2.28,0.015,0.075,0.266,0.044,27.400000000000006,-0.3184075629155519,1.093348809652253,-0.8442667188164831,0.4191888903082413
2366,Mike Wilks,MIN,2002-03,Playmaker,Average,46,689.7216666666667,147,71,92,27,4,28,0.338,0.286,0.787,0.436,0.372,0.134,0.065,94.5,96.1,-1.6,3.29,0.031,0.075,0.22,0.054,29.30000000000001,-1.3366075465602536,0.268264292605967,-0.9238337052955717,0.13733488018168236
1960,Milt Palacio,CLE,2002-03,Playmaker,Very Good,80,1974.1433333333332,397,235,259,68,16,131,0.418,0.216,0.747,0.466,0.428,0.122,0.064,92.0,103.5,-11.5,1.98,0.023,0.096,0.211,0.058,21.900000000000006,-1.0726400123285957,0.8322138634222027,-0.437721000355745,0.24877573332302272
983,Moochie Norris,HOU,2002-03,Playmaker,Average,82,1375.925,357,159,196,55,4,86,0.406,0.244,0.684,0.47,0.423,0.157,0.092,99.0,100.1,-1.1,2.28,0.029,0.089,0.239,0.06,25.30000000000001,-0.8223989525346912,0.7576876034925741,-0.6138984641049456,0.19243434225640632
89,Nick Van Exel,DAL,2002-03,Playmaker,Very Good,73,2033.0716666666667,910,208,312,43,4,122,0.412,0.378,0.761,0.509,0.483,0.226,0.103,109.6,103.7,5.9,2.56,0.017,0.084,0.252,0.051,21.700000000000003,0.3044935810384483,1.2575612902377373,-0.5985398022474696,-0.14341884318154666
1747,Rafer Alston,TOR,2002-03,Playmaker,Very Good,47,982.4716666666668,366,107,192,38,15,86,0.415,0.392,0.685,0.51,0.491,0.201,0.094,96.1,102.9,-6.8,2.23,0.021,0.086,0.348,0.053,22.5,-0.26510595321546887,1.355293051709199,-0.8410517305883021,-0.03692981379970672
296,Rick Fox,LAL,2002-03,Playmaker,Average,76,2183.346666666667,681,323,253,69,14,121,0.422,0.375,0.754,0.523,0.506,0.155,0.081,106.4,103.1,3.2,2.09,0.029,0.117,0.171,0.073,22.30000000000001,-0.3003582440541971,0.585429582091484,-0.013128870422996292,0.262404038274991
1729,Ricky Davis,CLE,2002-03,Playmaker,Very Good,79,3137.023333333333,1626,390,436,125,36,277,0.41,0.363,0.748,0.485,0.435,0.265,0.109,95.4,105.2,-9.8,1.57,0.03,0.093,0.258,0.061,20.200000000000003,0.9691141477873124,1.7475489342171857,0.011771643026413814,0.941839753284099
123,Robert Pack,NOH,2002-03,Playmaker,Very Good,28,438.01166666666666,145,51,81,25,0,40,0.403,0.0,0.745,0.473,0.403,0.199,0.096,95.4,103.9,-8.5,2.03,0.025,0.093,0.333,0.059,21.5,-0.6506696707464136,0.8625825149058931,-0.9132030054454758,-0.38214416709335225
393,Rod Strickland,MIN,2002-03,Playmaker,Very Good,47,955.74,320,95,215,46,6,76,0.432,0.091,0.738,0.492,0.433,0.188,0.121,100.6,98.9,1.7,2.83,0.021,0.077,0.351,0.05,26.5,-0.4963607225566819,1.4567789121277308,-0.9111112365063262,0.18992261387714635
208,Sam Cassell,MIL,2002-03,Playmaker,Very Good,78,2698.5516666666667,1536,342,450,88,14,177,0.47,0.362,0.861,0.565,0.495,0.258,0.141,106.3,108.5,-2.2,2.54,0.022,0.109,0.293,0.065,16.900000000000006,1.3103702656893652,1.9956824794520243,-0.06463191177079827,0.14199468883560354
937,Scottie Pippen,POR,2002-03,Playmaker,Very Good,64,1912.34,689,278,285,105,25,164,0.444,0.286,0.818,0.52,0.476,0.195,0.108,106.3,98.4,7.9,1.74,0.032,0.118,0.234,0.076,27.0,-0.018922378634736208,1.057091864506094,-0.09431194377389285,1.0228521808206799
1742,Shammond Williams,DEN,2002-03,Playmaker,Very Good,78,1876.34,627,171,266,77,6,114,0.394,0.356,0.765,0.503,0.474,0.172,0.093,95.5,98.4,-2.9,2.33,0.012,0.079,0.252,0.044,27.0,-0.3292028153240541,1.0882954894101768,-0.785892389975847,0.5405022024895677
2470,Smush Parker,CLE,2002-03,Playmaker,Average,66,1101.361666666667,408,119,162,48,12,133,0.402,0.322,0.831,0.523,0.459,0.197,0.073,96.0,105.4,-9.4,1.22,0.025,0.084,0.239,0.054,20.0,-0.18977165570770504,0.632578098533073,-0.7964715332796384,-0.1105552640495613
2049,Speedy Claxton,SAS,2002-03,Playmaker,Average,30,469.255,173,56,75,22,7,35,0.462,0.0,0.684,0.509,0.462,0.196,0.106,101.0,100.9,0.1,2.14,0.05,0.076,0.292,0.063,24.5,-0.4466076435589818,0.6101805802402568,-0.8489774953084281,-0.16614198273827277
950,Stephon Marbury,PHX,2002-03,Playmaker,Elite,81,3248.3683333333333,1806,263,654,108,20,263,0.439,0.301,0.803,0.52,0.468,0.273,0.136,103.6,101.8,1.8,2.49,0.016,0.065,0.357,0.04,23.60000000000001,1.357598579099195,3.1058693226437333,-0.5927401774973626,0.8035830544519448
1883,Steve Francis,HOU,2002-03,Playmaker,Very Good,81,3321.548333333333,1703,499,502,141,41,299,0.435,0.354,0.8,0.541,0.468,0.257,0.137,103.2,100.4,2.7,1.68,0.049,0.102,0.278,0.076,25.0,1.2862607863581323,2.102761628189856,0.4920847232161334,1.4402313205500648
959,Steve Nash,DAL,2002-03,Playmaker,Elite,82,2712.373333333333,1457,234,598,85,6,192,0.465,0.413,0.909,0.576,0.515,0.236,0.146,111.2,101.3,9.9,3.11,0.023,0.062,0.351,0.043,24.10000000000001,1.1552417928974696,2.866100688583287,-0.6314691935096147,0.4530045483525062
389,Toni Kukoc,MIL,2002-03,Playmaker,Very Good,63,1701.64,730,266,230,81,29,122,0.432,0.361,0.706,0.551,0.514,0.21,0.12,108.5,100.9,7.6,1.89,0.041,0.119,0.225,0.081,24.5,0.29769558081009184,0.8041499617632342,-0.06245421525447462,0.667762638689727
2225,Tony Parker,SAS,2002-03,Playmaker,Very Good,82,2780.1466666666665,1269,216,432,71,4,198,0.464,0.337,0.755,0.542,0.503,0.225,0.115,105.3,96.8,8.5,2.18,0.013,0.064,0.268,0.04,28.60000000000001,0.7447442601414994,1.7890067022770049,-0.7174489709296307,0.5521065769327556
145,Tracy Murray,LAL,2002-03,Playmaker,Average,32,188.89333333333332,61,23,12,5,3,14,0.324,0.211,0.778,0.407,0.38,0.193,0.024,95.5,107.6,-12.2,0.86,0.024,0.099,0.103,0.059,17.80000000000001,-1.1325264627656573,-0.6833764533664102,-0.9874976057881035,-0.7764113315335321
696,Travis Best,MIA,2002-03,Playmaker,Very Good,72,1804.585,603,147,255,44,7,106,0.396,0.33,0.854,0.473,0.427,0.191,0.079,94.5,101.2,-6.7,2.41,0.014,0.071,0.253,0.042,24.200000000000003,-0.37894731653980046,1.053436538199373,-0.8750527845931741,0.044181599389739236
1607,Troy Hudson,MIN,2002-03,Playmaker,Very Good,79,2601.795,1123,183,452,60,7,182,0.428,0.365,0.9,0.531,0.479,0.21,0.095,105.8,103.3,2.5,2.48,0.016,0.053,0.261,0.035,22.10000000000001,0.4667563869190369,1.8232769553793498,-0.8687087357139862,0.08657858879877517
1731,Tyronn Lue,WAS,2002-03,Playmaker,Very Good,75,1987.385,647,149,263,47,1,77,0.433,0.341,0.875,0.523,0.485,0.162,0.087,101.3,103.0,-1.7,3.42,0.012,0.066,0.223,0.039,22.400000000000006,-0.2736339332818301,0.9143444687305625,-0.9079649903398845,-0.09119751090286454
947,Allen Iverson,PHI,2003-04,Playmaker,Very Good,48,2046.8416666666667,1266,178,324,115,5,209,0.387,0.286,0.745,0.478,0.412,0.339,0.127,98.1,100.6,-2.5,1.55,0.017,0.069,0.325,0.043,24.80000000000001,1.211193451716196,1.7118062795547542,-0.7800583941948703,0.7948562450334437
1541,Alvin Williams,TOR,2003-04,Playmaker,Very Good,56,1736.96,494,150,224,55,10,78,0.405,0.292,0.776,0.463,0.431,0.168,0.084,93.7,100.1,-6.5,2.87,0.011,0.078,0.237,0.044,25.30000000000001,-0.6830989996012757,0.8494836538482112,-0.8416133402328179,0.2531391262748415
1889,Andre Miller,DEN,2003-04,Playmaker,Elite,82,2847.3233333333333,1214,366,501,142,25,215,0.457,0.185,0.832,0.541,0.463,0.204,0.127,104.0,101.1,3.0,2.33,0.045,0.085,0.283,0.065,24.30000000000001,0.5456334093439915,2.1271702035421036,-0.0009508257628316197,1.2475849869045652
1533,Anthony Johnson,IND,2003-04,Playmaker,Average,73,1603.4183333333333,450,130,202,64,8,75,0.406,0.336,0.798,0.497,0.456,0.152,0.08,97.6,98.4,-0.8,2.69,0.018,0.069,0.231,0.043,27.0,-0.6375610347382205,0.734824524747266,-0.9074205662108036,0.42603941229765757
1498,Antonio Daniels,SEA,2003-04,Playmaker,Very Good,71,1515.8183333333334,571,142,298,45,6,61,0.47,0.362,0.842,0.596,0.523,0.161,0.14,107.2,106.1,1.2,4.89,0.016,0.079,0.324,0.048,19.30000000000001,0.08161840863211527,1.610516651839042,-0.8118817516834188,-0.2434724094175834
422,Avery Johnson,GSW,2003-04,Playmaker,Very Good,46,636.9633333333334,212,33,111,26,3,51,0.402,0.0,0.667,0.454,0.402,0.207,0.081,95.8,101.4,-5.6,2.18,0.005,0.048,0.311,0.027,24.0,-0.6524220236563228,0.8493848812078619,-1.3686327577012203,-0.19454372452206636
1884,Baron Davis,NOH,2003-04,Playmaker,Elite,67,2686.9766666666665,1532,287,501,158,27,215,0.395,0.321,0.673,0.492,0.462,0.295,0.136,102.5,98.9,3.5,2.33,0.024,0.084,0.363,0.053,26.5,1.1609633635551277,2.576582470335482,-0.36344358552855216,1.5628620070326058
902,Bimbo Coles,MIA,2003-04,Playmaker,Average,22,168.16166666666666,28,10,15,3,0,9,0.353,0.0,0.667,0.382,0.353,0.124,-0.013,85.5,101.9,-16.4,1.67,0.012,0.052,0.163,0.031,23.5,-1.8043760450156654,-0.33527817930436155,-1.3787018479068005,-0.4925848016372098
682,Bob Sura,ATL,2003-04,Playmaker,Very Good,80,1657.3133333333333,596,326,233,62,14,105,0.416,0.266,0.757,0.51,0.438,0.187,0.117,101.2,100.9,0.3,2.22,0.061,0.138,0.24,0.1,24.5,-0.2017284478238406,0.8994538357540073,0.33880193155436766,0.31913478281571234
699,Brent Barry,SEA,2003-04,Playmaker,Very Good,59,1802.4833333333331,635,204,342,85,16,139,0.504,0.452,0.827,0.668,0.637,0.152,0.124,107.2,106.8,0.4,2.46,0.012,0.104,0.29,0.059,18.60000000000001,0.4735502082676109,1.58142285663474,-0.5072360821446884,0.23102847561096732
1510,Brevin Knight,MIL,2003-04,Playmaker,Very Good,56,1033.295,261,112,204,84,1,72,0.427,0.25,0.754,0.475,0.431,0.153,0.105,94.8,100.3,-5.5,2.83,0.014,0.101,0.343,0.057,25.10000000000001,-0.8923234972229427,1.3713610809026724,-0.7768262204512544,0.4508105404483342
2306,Carlos Arroyo,UTA,2003-04,Playmaker,Very Good,71,2002.5216666666668,897,185,355,63,5,156,0.441,0.325,0.804,0.517,0.466,0.233,0.122,102.5,103.5,-0.9,2.28,0.021,0.079,0.329,0.05,21.900000000000006,0.39210230899723575,1.8483473238869093,-0.6723071639764513,0.08567681459766525
369,Charlie Ward,SAS,2003-04,Playmaker,Very Good,71,1252.805,424,144,215,64,11,96,0.41,0.408,0.741,0.528,0.518,0.18,0.114,94.1,96.5,-2.4,2.24,0.01,0.105,0.303,0.057,28.900000000000006,-0.2740937868812909,1.1871315520517038,-0.6919181057739656,0.5680256869009304
1497,Chauncey Billups,DET,2003-04,Playmaker,Very Good,78,2772.2966666666666,1318,276,446,84,8,189,0.394,0.388,0.878,0.55,0.459,0.229,0.137,101.1,93.8,7.3,2.36,0.013,0.087,0.289,0.051,31.60000000000001,0.8551027756730399,1.9584931008230022,-0.4181100585582308,0.9035381762916085
185,Chris Webber,SAC,2003-04,Playmaker,Average,23,832.9016666666666,430,200,105,31,20,60,0.413,0.2,0.711,0.456,0.414,0.286,0.112,101.9,102.7,-0.8,1.75,0.058,0.18,0.227,0.119,22.700000000000003,0.09454159894345578,0.3554238531407852,0.24652966180146818,-0.04712109934262695
1088,Chucky Atkins,BOS,2003-04,Playmaker,Very Good,64,1539.02,538,93,223,45,2,92,0.397,0.336,0.753,0.511,0.48,0.18,0.089,99.2,96.9,2.3,2.42,0.006,0.053,0.248,0.03,28.5,-0.2890809241105796,0.9075981492099625,-1.1712110797672626,0.2566007450255494
1800,Damon Jones,MIL,2003-04,Playmaker,Elite,82,2009.1516666666664,573,170,478,30,4,103,0.401,0.359,0.764,0.516,0.494,0.145,0.105,104.9,104.9,0.0,4.64,0.008,0.077,0.363,0.042,20.5,-0.4914699027398441,2.491949569921702,-0.8140250771688728,-0.34862217143900515
757,Damon Stoudamire,POR,2003-04,Playmaker,Very Good,82,3122.8483333333334,1099,308,500,99,9,180,0.401,0.365,0.876,0.508,0.477,0.187,0.101,101.2,103.4,-2.2,2.78,0.017,0.086,0.268,0.052,22.0,0.14957439241909815,2.039225712196007,-0.3204622895762616,0.5050312038941349
2424,Dan Dickau,POR,2003-04,Playmaker,Average,43,291.1033333333333,95,26,38,17,0,26,0.378,0.333,0.786,0.456,0.429,0.193,0.047,94.3,97.9,-3.6,1.46,0.023,0.067,0.226,0.044,27.5,-0.8278481251615065,0.10326688120920396,-1.1706322846073123,-0.11250702030283237
1507,Derek Anderson,POR,2003-04,Playmaker,Average,51,1812.8316666666667,694,182,228,66,3,90,0.376,0.305,0.824,0.499,0.44,0.202,0.101,102.0,99.8,2.2,2.53,0.015,0.088,0.211,0.052,25.60000000000001,-0.0841415197799013,0.7181434324297163,-0.6547879911180865,0.3139182730896157
77,Doug Overton,LAC,2003-04,Playmaker,Average,61,1036.11,224,86,138,26,2,58,0.404,0.13,0.742,0.433,0.41,0.135,0.053,100.7,105.2,-4.6,2.38,0.016,0.067,0.215,0.042,20.200000000000003,-1.290911205362281,0.4094418267589412,-1.0369088781967561,-0.42792895371324846
2548,Dwyane Wade,MIA,2003-04,Playmaker,Very Good,61,2135.85,991,247,275,86,34,196,0.465,0.302,0.747,0.53,0.475,0.242,0.118,101.2,98.9,2.2,1.4,0.04,0.078,0.241,0.059,26.5,0.6001026177901078,1.059618524627132,-0.39314080304708143,0.8876661234956543
1863,Earl Boykins,DEN,2003-04,Playmaker,Very Good,82,1838.3316666666667,839,143,295,51,3,100,0.419,0.322,0.877,0.501,0.455,0.219,0.117,100.5,100.6,-0.1,2.95,0.022,0.055,0.285,0.038,24.80000000000001,0.15630834281636186,1.380389097810255,-0.9366249161465565,0.11149408897533475
2248,Earl Watson,MEM,2003-04,Playmaker,Elite,81,1673.0,460,178,402,91,19,146,0.371,0.245,0.652,0.438,0.399,0.181,0.1,99.2,92.6,6.5,2.75,0.03,0.079,0.393,0.054,32.80000000000001,-0.7553902015072399,2.3808226294715107,-0.639922196843387,1.1578654309529932
2109,Eddie Gill,POR,2003-04,Playmaker,Average,22,153.23166666666663,50,17,16,9,1,12,0.417,0.375,0.85,0.558,0.458,0.176,0.092,91.5,101.8,-10.2,1.33,0.032,0.096,0.219,0.065,23.60000000000001,-0.40155932951943213,-0.01700990122665852,-0.9269799514620134,-0.4144236924993148
2067,Eddie House,LAC,2003-04,Playmaker,Average,60,1181.215,409,138,148,65,4,63,0.359,0.375,0.8,0.436,0.415,0.198,0.082,98.1,106.7,-8.6,2.35,0.023,0.098,0.228,0.059,18.700000000000003,-0.6791556743356386,0.5192682333362478,-0.6823590686665967,-0.09173288368719179
727,Eric Snow,PHI,2003-04,Playmaker,Elite,82,2976.185,844,281,563,97,6,187,0.413,0.111,0.797,0.494,0.414,0.163,0.1,97.8,99.8,-2.0,3.01,0.022,0.077,0.323,0.05,25.60000000000001,-0.2900556615460809,2.5800171989237657,-0.4175828199445846,0.6654729161865033
1065,Erick Strickland,MIL,2003-04,Playmaker,Average,43,572.96,231,71,90,26,2,54,0.403,0.439,0.863,0.529,0.477,0.209,0.091,106.5,101.8,4.6,1.67,0.023,0.102,0.248,0.063,23.60000000000001,-0.1952640146321487,0.41819920333897287,-0.8091768165534491,-0.22816305854493946
2421,Frank Williams,NYK,2003-04,Playmaker,Average,56,712.6433333333333,219,53,121,25,6,63,0.385,0.3,0.854,0.478,0.428,0.196,0.079,99.5,93.8,5.7,1.92,0.013,0.062,0.277,0.039,31.60000000000001,-0.5906784149803169,0.695181581044059,-1.162689334371751,0.27198283492505926
56,Gary Payton,LAL,2003-04,Playmaker,Very Good,82,2836.045,1199,342,449,96,19,151,0.471,0.333,0.714,0.528,0.498,0.2,0.121,105.2,99.9,5.4,2.97,0.025,0.092,0.259,0.059,25.5,0.4312062764775808,1.8010025747425005,-0.14106983759888012,0.7807631177831834
2240,Gilbert Arenas,WAS,2003-04,Playmaker,Very Good,55,2066.5116666666668,1078,254,275,103,12,226,0.392,0.375,0.748,0.512,0.46,0.265,0.1,99.5,104.1,-4.6,1.22,0.025,0.097,0.244,0.06,21.30000000000001,0.7282980106819679,1.0764714846318835,-0.36182749865674424,0.5357007751219492
458,Howard Eisley,PHX,2003-04,Playmaker,Very Good,67,1459.4183333333333,460,129,273,56,5,98,0.368,0.319,0.854,0.469,0.426,0.184,0.086,96.8,102.5,-5.8,2.79,0.014,0.076,0.31,0.045,22.900000000000006,-0.5561851330344166,1.439877222091744,-0.8845946361851084,0.07190194907898427
2452,J.R. Bremer,GSW,2003-04,Playmaker,Average,36,438.3183333333333,118,36,51,18,4,24,0.272,0.257,0.65,0.354,0.332,0.187,0.033,93.0,98.5,-5.5,2.13,0.018,0.062,0.193,0.039,26.900000000000006,-1.4383732847808954,-0.03427969165266709,-1.2077967702940609,-0.09692860638193153
1521,Jacque Vaughn,ATL,2003-04,Playmaker,Very Good,71,1265.0566666666666,270,116,195,44,2,84,0.386,0.15,0.779,0.44,0.392,0.137,0.061,92.3,101.6,-9.3,2.32,0.01,0.083,0.256,0.047,23.80000000000001,-1.20307463695711,0.8495080188638289,-0.8936092491633962,-0.02990759064542392
147,Jalen Rose,TOR,2003-04,Playmaker,Very Good,66,2511.9466666666667,1022,266,329,51,22,208,0.402,0.342,0.81,0.485,0.439,0.232,0.089,97.9,100.5,-2.6,1.58,0.014,0.093,0.236,0.054,24.900000000000006,0.291964284913757,1.230233589358812,-0.40642488148084266,0.30960137253866266
2224,Jamaal Tinsley,IND,2003-04,Playmaker,Very Good,52,1376.065,432,136,303,84,17,110,0.414,0.372,0.731,0.541,0.518,0.17,0.113,105.5,92.8,12.6,2.75,0.021,0.082,0.356,0.051,32.60000000000001,-0.2672014454375594,1.8086800151680846,-0.7895830602713696,1.053350027368764
2037,Jamal Crawford,CHI,2003-04,Playmaker,Very Good,80,2813.71,1383,283,405,111,29,193,0.386,0.317,0.833,0.486,0.449,0.252,0.111,95.9,101.7,-5.7,2.1,0.015,0.083,0.27,0.048,23.700000000000003,0.704426226748944,1.7008903432437061,-0.4377553713866147,0.9315997867994832
2457,Jannero Pargo,CHI,2003-04,Playmaker,Average,31,477.2116666666666,207,37,70,13,6,47,0.407,0.355,0.852,0.491,0.462,0.232,0.077,94.9,101.0,-6.2,1.49,0.016,0.061,0.268,0.038,24.400000000000006,-0.2614668772111371,0.4569584435905522,-1.2178830460150758,-0.27538718069110263
467,Jason Kidd,NJN,2003-04,Playmaker,Elite,67,2463.9533333333334,1036,428,618,122,14,214,0.384,0.321,0.827,0.485,0.433,0.235,0.157,101.6,93.9,7.8,2.89,0.035,0.143,0.422,0.089,31.5,0.32402181615065523,3.3385479018091755,0.46931034973674257,1.3520992844609465
1891,Jason Terry,ATL,2003-04,Playmaker,Very Good,81,3013.248333333333,1359,336,437,124,16,229,0.417,0.347,0.827,0.519,0.478,0.226,0.111,100.6,104.7,-4.1,1.91,0.017,0.094,0.261,0.056,20.700000000000003,0.6854648134001599,1.7680815855442757,-0.19520907201491264,0.7585064478090878
1715,Jason Williams,MEM,2003-04,Playmaker,Elite,72,2111.235,782,147,492,92,5,136,0.407,0.33,0.837,0.517,0.491,0.183,0.115,105.2,105.3,-0.1,3.62,0.012,0.058,0.365,0.035,20.10000000000001,-0.0568539213658683,2.5547005551042723,-0.9642303647259362,0.28039792471960695
976,Jeff McInnis,CLE,2003-04,Playmaker,Very Good,70,2377.4366666666665,828,176,430,72,6,120,0.447,0.362,0.797,0.511,0.478,0.176,0.097,103.8,103.9,-0.1,3.58,0.014,0.062,0.29,0.038,21.5,-0.1092296621732108,1.9052356930005072,-0.8490634228856023,0.16554467502574383
711,Jerry Stackhouse,WAS,2003-04,Playmaker,Average,26,774.885,362,94,103,24,3,88,0.399,0.354,0.806,0.494,0.435,0.25,0.085,100.1,110.3,-10.2,1.17,0.021,0.105,0.24,0.062,15.100000000000009,-0.0007675070309016707,0.4210939638500325,-0.7608887634338279,-0.7381830583392626
2207,Joe Johnson,PHX,2003-04,Playmaker,Very Good,82,3333.8683333333333,1367,385,362,93,26,199,0.43,0.305,0.75,0.491,0.462,0.214,0.095,100.7,103.9,-3.2,1.82,0.024,0.091,0.187,0.058,21.5,0.4432972064096614,1.0763983895850306,-0.039714212805953386,0.585482576791745
468,Jon Barry,DEN,2003-04,Playmaker,Average,57,1090.2716666666668,351,123,147,57,8,53,0.404,0.37,0.845,0.535,0.49,0.147,0.108,98.7,98.8,0.0,2.77,0.021,0.089,0.217,0.054,26.60000000000001,-0.5282908136009711,0.45379435532982004,-0.7858580189449773,0.3300080017096734
2693,Keith McLeod,MIN,2003-04,Playmaker,Average,33,385.295,88,34,59,16,1,29,0.329,0.1,0.767,0.436,0.335,0.158,0.059,88.2,95.6,-7.4,2.03,0.014,0.073,0.258,0.045,29.80000000000001,-1.2034637639867822,0.3603053056956589,-1.1366656016333097,0.022384833375784785
72,Kenny Anderson,IND,2003-04,Playmaker,Average,44,909.9733333333334,262,81,125,26,5,50,0.441,0.25,0.729,0.473,0.443,0.164,0.076,99.8,95.9,3.9,2.5,0.021,0.072,0.229,0.046,29.5,-0.8225121179886633,0.44025298625738496,-0.9992171538963612,0.14884191625634272
1563,Kevin Ollie,CLE,2003-04,Playmaker,Very Good,82,1390.5316666666668,341,170,234,51,8,81,0.37,0.444,0.835,0.51,0.377,0.134,0.098,97.3,98.0,-0.7,2.89,0.017,0.103,0.276,0.06,27.400000000000006,-0.7736069748187914,1.105369047133366,-0.5847112996846275,0.3148435641194037
2039,Keyon Dooling,LAC,2003-04,Playmaker,Average,58,1131.736666666667,360,79,130,45,6,65,0.389,0.174,0.83,0.458,0.401,0.179,0.056,98.2,105.1,-6.9,2.0,0.015,0.055,0.198,0.035,20.30000000000001,-0.7277953347550215,0.28450418948664224,-1.144660108415175,-0.18471773436808084
2550,Kirk Hinrich,CHI,2003-04,Playmaker,Elite,76,2709.268333333333,915,259,517,101,21,204,0.386,0.39,0.804,0.51,0.474,0.182,0.093,96.5,100.8,-4.3,2.53,0.015,0.079,0.32,0.046,24.60000000000001,-0.008284348931337948,2.3938984380914534,-0.5269157660039419,0.7999256529363362
2544,LeBron James,CLE,2003-04,Playmaker,Very Good,79,3126.865,1654,432,465,130,58,273,0.417,0.29,0.754,0.488,0.438,0.276,0.123,101.4,103.4,-2.0,1.7,0.031,0.104,0.268,0.067,22.0,1.0869842291905245,1.9104365159141679,0.1996514693684373,1.3219891911323585
2557,Luke Ridnour,SEA,2003-04,Playmaker,Very Good,69,1112.7166666666667,382,108,163,52,7,80,0.414,0.338,0.823,0.496,0.453,0.187,0.087,96.0,103.5,-7.5,2.04,0.03,0.07,0.266,0.049,21.900000000000006,-0.43609982604495423,0.7879344298981766,-0.8893569692233578,-0.008063249717620994
2575,Luke Walton,LAL,2003-04,Playmaker,Average,72,717.955,174,127,113,28,8,44,0.425,0.333,0.705,0.505,0.467,0.135,0.099,101.1,97.9,3.2,2.57,0.054,0.13,0.246,0.091,27.5,-0.9153060453622169,0.49159679708291854,-0.3038772953371453,0.08240768404317911
349,Mark Jackson,HOU,2003-04,Playmaker,Very Good,42,578.8766666666667,103,70,119,17,1,53,0.34,0.171,0.718,0.44,0.375,0.139,0.078,96.5,96.7,-0.2,2.25,0.019,0.109,0.336,0.066,28.700000000000003,-1.3088655444233248,1.0192637451594988,-0.7736112322230735,-0.03188394624035662
2060,Marko Jaric,LAC,2003-04,Playmaker,Very Good,58,1760.2383333333332,495,175,281,93,20,115,0.388,0.34,0.733,0.475,0.441,0.157,0.083,103.1,105.8,-2.7,2.44,0.025,0.078,0.258,0.051,19.60000000000001,-0.6942927189463992,1.1771967792547544,-0.6861012955084238,0.4131439101792555
2605,Marquis Daniels,DAL,2003-04,Playmaker,Average,56,1033.9666666666667,477,146,116,53,12,44,0.494,0.306,0.769,0.536,0.507,0.203,0.11,108.9,108.7,0.3,2.64,0.063,0.078,0.168,0.071,16.700000000000003,-0.021761516400496644,0.0644589109263896,-0.508256188341111,-0.2526388770213599
1710,Mike Bibby,SAC,2003-04,Playmaker,Very Good,82,2982.3783333333336,1506,277,444,112,18,175,0.45,0.392,0.815,0.564,0.514,0.227,0.115,109.8,103.9,5.9,2.54,0.024,0.069,0.241,0.047,21.5,1.0560833175411217,1.681486358102299,-0.46641529719328667,0.7014087605950916
2229,Mike James,DET,2003-04,Playmaker,Very Good,81,2196.608333333333,753,234,339,96,3,124,0.414,0.377,0.811,0.528,0.495,0.171,0.106,100.1,98.9,1.2,2.73,0.013,0.093,0.254,0.054,26.5,-0.10272012692908233,1.3681482626107049,-0.49133299615813153,0.6776383687835256
2034,Mike Miller,MEM,2003-04,Playmaker,Average,65,1764.545,722,216,232,59,14,107,0.438,0.372,0.723,0.532,0.503,0.195,0.094,105.5,102.4,3.1,2.17,0.024,0.102,0.21,0.062,23.0,0.07348597054245336,0.7272445443841522,-0.4371765762266641,0.1999186814265227
1960,Milt Palacio,TOR,2003-04,Playmaker,Very Good,59,1207.1883333333333,257,102,184,41,11,87,0.349,0.154,0.662,0.392,0.356,0.164,0.062,89.2,96.3,-7.2,2.11,0.013,0.074,0.285,0.044,29.10000000000001,-1.2892382950557237,0.9719433610307073,-0.9689755122487511,0.34146527432965645
2590,Mo Williams,UTA,2003-04,Playmaker,Average,57,772.9516666666667,284,72,76,28,2,51,0.38,0.256,0.786,0.433,0.396,0.218,0.059,93.6,98.2,-4.6,1.49,0.03,0.07,0.196,0.049,27.200000000000003,-0.6400422581198363,0.0745655514105413,-0.9848785982353079,0.004076497509893325
983,Moochie Norris,NYK,2003-04,Playmaker,Average,66,844.2783333333333,234,65,121,44,5,64,0.369,0.345,0.761,0.471,0.415,0.173,0.087,95.4,97.2,-1.8,1.89,0.013,0.07,0.258,0.041,28.200000000000003,-0.7882550219025327,0.5884461676806315,-1.105369482758407,0.25896537158160443
89,Nick Van Exel,GSW,2003-04,Playmaker,Very Good,39,1257.1866666666667,490,104,206,20,2,78,0.39,0.307,0.707,0.469,0.438,0.215,0.085,100.3,107.5,-7.1,2.64,0.013,0.072,0.281,0.042,17.900000000000006,-0.3076157210887475,1.0304259567824807,-0.989148063690781,-0.6252328839569758
1718,Paul Pierce,BOS,2003-04,Playmaker,Very Good,80,3099.795,1836,522,410,131,52,303,0.402,0.299,0.819,0.517,0.441,0.299,0.137,100.8,102.0,-1.2,1.35,0.023,0.144,0.249,0.084,23.400000000000006,1.5524129721154487,1.6013180798221356,0.6550296650778773,1.3539023151215392
1747,Rafer Alston,MIA,2003-04,Playmaker,Very Good,82,2584.78,838,226,372,114,18,128,0.376,0.371,0.769,0.509,0.481,0.171,0.096,100.1,98.8,1.3,2.91,0.01,0.081,0.252,0.045,26.60000000000001,-0.15005565558299225,1.4783427695780333,-0.6272169135695764,1.0217803292241792
2221,Raul Lopez,UTA,2003-04,Playmaker,Very Good,82,1622.225,572,155,305,62,2,174,0.431,0.294,0.863,0.503,0.456,0.21,0.102,96.4,97.5,-1.1,1.75,0.016,0.088,0.364,0.052,27.900000000000006,-0.0906876881230209,1.860980624492099,-0.7264292128770491,0.39749110994715114
1594,Rick Brunson,CHI,2003-04,Playmaker,Very Good,40,406.9766666666667,118,37,82,25,3,33,0.381,0.478,0.871,0.497,0.433,0.16,0.092,94.9,101.1,-6.2,2.48,0.021,0.077,0.331,0.047,24.30000000000001,-0.818418623549885,0.8550268995583968,-1.1032261572729531,-0.18727868494552682
296,Rick Fox,LAL,2003-04,Playmaker,Average,38,846.22,183,102,98,29,4,48,0.392,0.246,0.733,0.459,0.433,0.131,0.046,105.1,100.9,4.2,2.04,0.035,0.086,0.161,0.061,24.5,-1.2011042985526423,-0.041099106220119835,-0.7524013890691861,-0.12396483417930677
1729,Ricky Davis,BOS,2003-04,Playmaker,Average,79,2474.313333333333,1140,358,259,96,22,189,0.469,0.371,0.718,0.533,0.497,0.224,0.112,99.6,103.7,-4.1,1.37,0.032,0.112,0.188,0.073,21.700000000000003,0.5929377400639247,0.7030078367191064,0.07973938000528843,0.5878477446042915
123,Robert Pack,NJN,2003-04,Playmaker,Average,26,214.885,49,18,27,12,1,16,0.423,0.0,0.833,0.448,0.423,0.151,0.076,75.8,92.6,-16.8,1.69,0.019,0.067,0.262,0.043,32.80000000000001,-1.214221512342789,0.26502579672050336,-1.2045989675813147,0.1572034067710447
393,Rod Strickland,TOR,2003-04,Playmaker,Very Good,61,1201.61,382,155,244,35,11,85,0.425,0.278,0.735,0.482,0.439,0.179,0.106,99.6,106.1,-6.5,2.87,0.028,0.105,0.326,0.065,19.30000000000001,-0.574709189395704,1.4230486271026102,-0.5608137069162051,-0.2964987187853401
1934,Rodney Buford,SAC,2003-04,Playmaker,Average,22,138.085,41,15,7,6,1,4,0.339,0.0,0.5,0.35,0.339,0.191,0.03,80.4,107.3,-26.9,1.75,0.039,0.063,0.097,0.051,18.10000000000001,-1.487489969075197,-0.7354808299876048,-1.1106418688948683,-0.7686584940865148
208,Sam Cassell,MIN,2003-04,Playmaker,Elite,81,2847.9966666666664,1603,271,592,102,18,220,0.488,0.398,0.873,0.566,0.517,0.264,0.151,107.1,97.3,9.8,2.69,0.017,0.077,0.354,0.048,28.10000000000001,1.4083276727022682,2.8608755006540094,-0.46959591439059806,0.9855759865386897
937,Scottie Pippen,CHI,2003-04,Playmaker,Average,23,411.1166666666667,136,68,50,21,9,29,0.379,0.271,0.63,0.448,0.425,0.192,0.087,85.3,107.0,-21.7,1.72,0.045,0.12,0.226,0.081,18.400000000000006,-0.8513417906464972,0.14742317707726316,-0.5878231748201995,-0.5146719354724049
1742,Shammond Williams,NOH,2003-04,Playmaker,Average,53,760.6216666666667,255,60,116,37,2,47,0.375,0.3,0.879,0.495,0.44,0.178,0.088,94.9,102.3,-7.4,2.47,0.012,0.068,0.279,0.039,23.10000000000001,-0.5992876151532288,0.6880184311022021,-1.1441156842860942,-0.1435654037482594
2049,Speedy Claxton,GSW,2003-04,Playmaker,Very Good,60,1594.5216666666668,634,156,267,97,9,102,0.427,0.182,0.813,0.509,0.431,0.205,0.112,103.0,99.6,3.4,2.62,0.024,0.077,0.28,0.05,25.80000000000001,-0.04827364746349796,1.2492694741101977,-0.7492551429027443,0.7075762432056214
950,Stephon Marbury,NYK,2003-04,Playmaker,Elite,81,3254.543333333333,1639,263,719,129,9,249,0.431,0.318,0.817,0.519,0.463,0.251,0.137,102.0,103.8,-1.8,2.89,0.018,0.063,0.385,0.04,21.60000000000001,1.0703985658862833,3.5023435519734036,-0.5927401774973626,0.7923702220236924
2581,Steve Blake,WAS,2003-04,Playmaker,Very Good,75,1387.243333333333,444,117,209,57,7,128,0.386,0.371,0.821,0.509,0.478,0.178,0.078,95.6,99.2,-3.6,1.63,0.013,0.074,0.26,0.042,26.200000000000003,-0.3829449602247637,0.9234943107162336,-0.9546541421031325,0.2963886676867995
1883,Steve Francis,HOU,2003-04,Playmaker,Very Good,79,3196.4216666666666,1310,433,493,139,35,294,0.403,0.292,0.775,0.501,0.436,0.235,0.111,100.0,97.0,3.0,1.68,0.039,0.097,0.276,0.07,28.400000000000006,0.6130972026792741,2.0584090996189772,0.2405238108661435,1.5585697058233148
959,Steve Nash,DAL,2003-04,Playmaker,Elite,78,2615.365,1128,232,687,67,8,209,0.47,0.405,0.916,0.59,0.531,0.188,0.126,111.4,106.9,4.5,3.29,0.022,0.066,0.37,0.044,18.5,0.6466461621140142,3.3003286296348207,-0.6240362963722651,-0.0422912368081785
2551,T.J. Ford,MIL,2003-04,Playmaker,Very Good,55,1484.0883333333334,391,177,356,60,3,139,0.384,0.238,0.816,0.443,0.391,0.174,0.093,100.9,100.7,0.2,2.56,0.024,0.094,0.375,0.059,24.700000000000003,-0.8278051712324465,2.11043906861544,-0.5788773039036509,0.1988708879151914
2447,Tamar Slay,NJN,2003-04,Playmaker,Average,22,158.82666666666665,53,25,14,7,1,11,0.35,0.333,0.5,0.401,0.383,0.214,0.038,91.0,106.0,-15.0,1.27,0.063,0.106,0.169,0.084,19.400000000000006,-1.0188707480836445,-0.30525195061719645,-0.6636994910037656,-0.6819160535838497
389,Toni Kukoc,MIL,2003-04,Playmaker,Average,73,1514.6716666666666,616,271,200,59,21,110,0.417,0.292,0.729,0.519,0.465,0.209,0.118,103.5,102.2,1.3,1.82,0.041,0.14,0.23,0.091,23.200000000000003,0.025202962048893458,0.7218474887676722,0.07820922071065464,0.28249186445793106
2225,Tony Parker,SAS,2003-04,Playmaker,Very Good,75,2578.985,1099,237,411,61,7,179,0.447,0.312,0.702,0.516,0.48,0.222,0.115,102.3,94.1,8.3,2.3,0.017,0.076,0.278,0.047,31.30000000000001,0.4515315542915384,1.7679097178570737,-0.5725504405398978,0.6374829621925109
696,Travis Best,DAL,2003-04,Playmaker,Average,61,762.1766666666666,171,68,112,31,4,33,0.372,0.15,0.87,0.445,0.381,0.126,0.067,104.2,96.7,7.5,3.39,0.021,0.067,0.209,0.043,28.700000000000003,-1.326406002890848,0.28006393236864285,-1.0719300383980508,0.14352752690522808
1607,Troy Hudson,MIN,2003-04,Playmaker,Average,29,505.46,218,35,70,7,0,34,0.386,0.403,0.818,0.492,0.461,0.232,0.082,97.1,102.0,-4.8,2.06,0.008,0.06,0.252,0.035,23.400000000000006,-0.2478167027597973,0.3670759902318765,-1.2614087660964473,-0.45701481738891186
1731,Tyronn Lue,ORL,2003-04,Playmaker,Very Good,76,2336.0583333333334,799,187,317,61,5,124,0.433,0.383,0.771,0.518,0.489,0.17,0.079,100.7,110.0,-9.3,2.56,0.011,0.071,0.225,0.04,15.400000000000006,-0.13404312016069217,1.1242831068066634,-0.7943969498559237,-0.3169512991007253
1713,Vince Carter,TOR,2003-04,Playmaker,Very Good,73,2786.52,1645,349,348,88,65,224,0.417,0.383,0.806,0.501,0.449,0.315,0.131,98.4,98.5,-0.1,1.55,0.035,0.092,0.262,0.063,26.900000000000006,1.4403206599478373,1.4462067111910872,-0.07153757029450197,1.245532103487328
124,Vlade Divac,SAC,2003-04,Playmaker,Very Good,81,2313.24,800,463,432,57,77,173,0.47,0.154,0.654,0.511,0.472,0.187,0.101,111.2,103.7,7.5,2.5,0.063,0.144,0.273,0.105,21.700000000000003,-0.048896529553254464,1.817094968951591,0.7660130690399121,0.7402151101791148
2565,Zoran Planinic,NJN,2003-04,Playmaker,Average,49,466.7433333333333,153,55,68,13,3,36,0.411,0.281,0.633,0.492,0.446,0.19,0.067,88.4,97.0,-8.5,1.89,0.032,0.096,0.274,0.063,28.400000000000006,-0.602151630022897,0.4833049809553791,-0.8516308738920935,-0.07072087250230992
947,Allen Iverson,PHI,2004-05,Playmaker,Elite,75,3176.088333333333,2302,299,596,180,9,344,0.424,0.308,0.835,0.532,0.453,0.344,0.161,103.3,103.2,0.2,1.73,0.016,0.079,0.361,0.047,22.200000000000003,2.303653110224262,2.9149178392877833,-0.4080409683526506,1.356052536907302
2857,Andre Barrett,ORL,2004-05,Playmaker,Average,38,476.95666666666665,118,40,69,19,1,27,0.363,0.269,0.737,0.446,0.419,0.145,0.056,100.6,98.5,2.1,2.56,0.023,0.06,0.227,0.041,26.900000000000006,-1.2198202008462586,0.22295496553660754,-1.1717039473500392,-0.11691963545283723
1889,Andre Miller,DEN,2004-05,Playmaker,Elite,82,2849.3,1113,338,569,121,8,220,0.477,0.154,0.838,0.541,0.48,0.194,0.122,105.7,102.3,3.4,2.59,0.037,0.084,0.315,0.061,23.10000000000001,0.3995925465983076,2.557154120178457,-0.12620404332418061,0.7874938670883784
358,Anfernee Hardaway,NYK,2004-05,Playmaker,Average,37,895.2883333333333,269,89,74,28,3,50,0.423,0.3,0.739,0.48,0.452,0.165,0.058,100.9,105.8,-4.9,1.48,0.022,0.086,0.141,0.053,19.60000000000001,-0.7701208399843619,-0.24176476465458296,-0.888812545094277,-0.4323415688632533
1853,Anthony Carter,MIN,2004-05,Playmaker,Very Good,66,715.855,181,69,161,35,18,62,0.407,0.118,0.686,0.454,0.412,0.166,0.082,100.3,98.4,1.9,2.6,0.018,0.079,0.355,0.049,27.0,-0.974917405177082,1.2805461940611333,-0.9928387339863036,0.22673452711733666
924,Anthony Goldwire,MIL,2004-05,Playmaker,Average,33,530.34,172,59,78,15,0,15,0.419,0.4,0.839,0.575,0.537,0.143,0.108,102.1,109.4,-7.3,5.2,0.02,0.096,0.252,0.058,16.0,-0.4579569525307101,0.39651352081058266,-0.9047156310808337,-0.8089085092487357
1533,Anthony Johnson,IND,2004-05,Playmaker,Very Good,63,1756.1733333333334,532,179,302,59,15,96,0.445,0.38,0.752,0.526,0.49,0.164,0.108,103.4,102.6,0.8,3.15,0.02,0.086,0.309,0.054,22.80000000000001,-0.32477248769161293,1.5409706171046365,-0.6372688182597217,0.19828521041969538
324,Anthony Peeler,WAS,2004-05,Playmaker,Average,40,526.8783333333333,153,65,57,18,2,28,0.373,0.385,0.889,0.484,0.457,0.153,0.075,97.7,108.2,-10.5,2.04,0.024,0.103,0.18,0.06,17.200000000000003,-0.9187497560240141,-0.08523103707256155,-0.8633160509694817,-0.6870838823682517
2766,Antonio Burks,MEM,2004-05,Playmaker,Average,24,217.41166666666663,73,12,28,13,1,12,0.467,0.273,0.737,0.534,0.492,0.177,0.09,93.4,99.8,-6.3,2.33,0.005,0.057,0.252,0.03,25.60000000000001,-0.5148732908876442,0.21252895469366923,-1.3861347450441501,-0.2554688906470621
1498,Antonio Daniels,SEA,2004-05,Playmaker,Very Good,75,2025.9416666666664,843,169,309,51,3,78,0.438,0.297,0.816,0.557,0.478,0.185,0.133,110.9,106.2,4.7,3.96,0.01,0.077,0.261,0.044,19.200000000000003,0.2304785756998494,1.2970810962849777,-0.7911991471431775,-0.21753209130188011
1884,Baron Davis,GSW,2004-05,Playmaker,Elite,46,1581.7966666666666,885,175,362,81,14,131,0.387,0.333,0.761,0.515,0.465,0.273,0.134,109.8,107.6,2.1,2.76,0.019,0.09,0.391,0.053,17.80000000000001,0.6648327319851522,2.222399669908145,-0.6606219868990633,0.12234435581197266
2757,Beno Udrih,SAS,2004-05,Playmaker,Average,80,1155.2,471,83,150,41,10,77,0.444,0.408,0.753,0.549,0.518,0.198,0.099,102.3,97.2,5.1,1.95,0.014,0.058,0.233,0.037,28.200000000000003,0.011637150321043612,0.5547158826555106,-1.1085672854711532,0.2784686027820313
2774,Bernard Robinson,CHA,2004-05,Playmaker,Average,31,328.9533333333333,93,48,30,11,4,20,0.444,0.375,0.692,0.503,0.463,0.142,0.066,89.5,103.4,-13.8,1.5,0.039,0.102,0.169,0.069,22.0,-0.9339108067851786,-0.24637688945978417,-0.7937665981496687,-0.457356054692678
682,Bob Sura,HOU,2004-05,Playmaker,Very Good,61,1925.2916666666667,626,337,317,65,7,147,0.427,0.355,0.75,0.533,0.481,0.174,0.108,105.3,101.1,4.3,2.16,0.043,0.137,0.266,0.091,24.30000000000001,-0.1437569140498493,1.35460689353827,0.25333220723256294,0.26764568859924065
2564,Boris Diaw,ATL,2004-05,Playmaker,Average,66,1194.013333333333,314,170,149,37,18,87,0.422,0.18,0.74,0.479,0.437,0.153,0.072,96.4,103.1,-6.7,1.71,0.044,0.105,0.202,0.073,22.30000000000001,-0.8312324590322303,0.37688893795073825,-0.4190957937237837,-0.028689719738700936
1510,Brevin Knight,CHA,2004-05,Playmaker,Elite,66,1946.475,666,170,591,131,5,147,0.422,0.15,0.852,0.495,0.425,0.18,0.131,102.1,105.3,-3.3,4.02,0.01,0.082,0.462,0.044,20.10000000000001,-0.2882544400934108,3.4639023695027316,-0.7885457685595123,0.6844910793137724
2306,Carlos Arroyo,DET,2004-05,Playmaker,Very Good,70,1443.175,461,104,280,44,4,107,0.389,0.267,0.799,0.466,0.399,0.187,0.078,99.5,106.4,-7.0,2.62,0.018,0.059,0.332,0.037,19.0,-0.5506551465174185,1.589223434716291,-1.0528463352141826,-0.2916951028768919
1497,Chauncey Billups,DET,2004-05,Playmaker,Very Good,80,2873.86,1316,271,464,81,9,180,0.442,0.426,0.898,0.609,0.533,0.203,0.138,104.7,98.3,6.4,2.58,0.018,0.078,0.277,0.048,27.10000000000001,1.0006625800887219,1.9573157046060847,-0.46959591439059806,0.6181755137569837
2768,Chris Duhon,CHI,2004-05,Playmaker,Very Good,82,2171.7633333333333,487,213,398,82,3,119,0.352,0.355,0.731,0.471,0.449,0.13,0.08,100.2,96.6,3.5,3.34,0.01,0.088,0.28,0.049,28.80000000000001,-0.9205850709474818,1.7313090373365108,-0.6107522179385038,0.6677150402610149
1088,Chucky Atkins,LAL,2004-05,Playmaker,Very Good,82,2911.81,1115,197,358,73,2,151,0.426,0.387,0.803,0.558,0.523,0.177,0.081,107.8,110.4,-2.6,2.37,0.011,0.055,0.201,0.033,15.0,0.3737847648117321,1.1403267709845188,-0.8570407441520329,-0.24646920587000098
1800,Damon Jones,MIA,2004-05,Playmaker,Very Good,82,2577.776666666666,955,231,351,44,5,98,0.456,0.432,0.791,0.625,0.611,0.15,0.109,111.0,102.9,8.1,3.58,0.006,0.082,0.201,0.046,22.5,0.4438228455741329,1.114568931728151,-0.6012103663465697,-0.07593627620056036
757,Damon Stoudamire,POR,2004-05,Playmaker,Very Good,81,2769.293333333333,1277,310,458,86,2,164,0.392,0.369,0.915,0.51,0.47,0.23,0.113,103.1,107.3,-4.2,2.79,0.021,0.091,0.283,0.057,18.10000000000001,0.6041547034344563,1.9689434766815581,-0.25145726088552955,0.07036800498151259
2424,Dan Dickau,NOH,2004-05,Playmaker,Very Good,71,2080.135,887,180,347,76,4,145,0.405,0.347,0.833,0.518,0.461,0.219,0.102,98.7,106.6,-7.8,2.39,0.016,0.075,0.309,0.045,18.80000000000001,0.2881216069820128,1.7065567266098585,-0.7492723284181793,0.02811757613919028
353,Darrell Armstrong,DAL,2004-05,Playmaker,Very Good,66,986.8533333333334,264,115,178,45,8,67,0.321,0.252,0.853,0.43,0.372,0.165,0.078,98.6,101.3,-2.7,2.66,0.034,0.083,0.295,0.058,24.10000000000001,-1.0596033947716146,1.0060417464458502,-0.7561264303955783,0.058784958826173773
133,David Wesley,HOU,2004-05,Playmaker,Average,80,2777.405,948,228,265,96,9,113,0.398,0.375,0.857,0.513,0.468,0.168,0.075,102.7,102.8,-0.1,2.35,0.014,0.071,0.159,0.042,22.60000000000001,-0.0698205744780563,0.5621740379405363,-0.6601291193162867,0.5091999201089012
2052,DeShawn Stevenson,ORL,2004-05,Playmaker,Average,55,1080.705,429,102,69,16,9,57,0.408,0.373,0.554,0.456,0.438,0.206,0.049,98.7,105.9,-7.2,1.21,0.034,0.06,0.105,0.047,19.5,-0.49181811513532336,-0.46239874132329445,-0.9307565493347102,-0.5018486076095121
1507,Derek Anderson,POR,2004-05,Playmaker,Average,47,1237.1416666666669,432,128,143,36,4,70,0.389,0.384,0.805,0.503,0.463,0.182,0.081,99.6,104.3,-4.7,2.04,0.02,0.084,0.194,0.052,21.10000000000001,-0.39662203636332816,0.30986956333737076,-0.7980704346360115,-0.25120118877943143
965,Derek Fisher,GSW,2004-05,Playmaker,Very Good,74,2221.7,877,218,301,76,4,129,0.393,0.371,0.862,0.519,0.465,0.189,0.093,102.0,103.4,-1.4,2.33,0.016,0.079,0.222,0.046,22.0,0.06701319193737543,1.0485550856444994,-0.6357042879342183,0.2161325362975978
2734,Devin Harris,DAL,2004-05,Playmaker,Average,76,1176.67,436,102,169,77,19,82,0.429,0.336,0.757,0.53,0.489,0.18,0.086,100.6,102.0,-1.5,2.06,0.024,0.063,0.229,0.043,23.400000000000006,-0.2540049272956707,0.6021594044402687,-0.9817151665534314,0.46051240435130153
2548,Dwyane Wade,MIA,2004-05,Playmaker,Elite,77,2977.568333333333,1854,397,520,121,82,321,0.478,0.289,0.762,0.561,0.483,0.302,0.153,109.8,103.2,6.5,1.62,0.04,0.095,0.303,0.069,22.200000000000003,1.8389266919924472,2.3094374053648754,0.13226252754951318,1.4833069957711924
1863,Earl Boykins,DEN,2004-05,Playmaker,Very Good,82,2167.1,1015,143,372,78,12,121,0.413,0.337,0.921,0.53,0.447,0.214,0.123,103.1,101.9,1.2,3.07,0.017,0.05,0.293,0.033,23.5,0.4124366943495747,1.7086665563096395,-1.0003231876699579,0.4059269867730557
2248,Earl Watson,MEM,2004-05,Playmaker,Very Good,80,1814.3216666666667,615,164,359,83,19,167,0.426,0.319,0.659,0.5,0.473,0.2,0.102,101.9,97.1,4.8,2.15,0.021,0.074,0.353,0.048,28.30000000000001,-0.1500357133107729,1.9978897692142759,-0.7535074228427827,0.8105784897237361
2067,Eddie House,SAC,2004-05,Playmaker,Average,68,884.1416666666667,397,83,96,44,6,35,0.451,0.454,0.852,0.525,0.511,0.204,0.105,103.6,107.6,-4.1,2.74,0.018,0.083,0.18,0.049,17.80000000000001,-0.1350258471009527,0.05827692449863092,-0.9556914338149898,-0.3419657849301492
1065,Erick Strickland,MIL,2004-05,Playmaker,Average,62,1011.2616666666668,301,103,115,30,1,64,0.375,0.253,0.813,0.453,0.41,0.179,0.056,101.0,105.4,-4.5,1.8,0.011,0.096,0.193,0.054,20.0,-0.7989308027385443,0.20122055297698202,-0.8389255906182829,-0.4083519009729739
2436,Flip Murray,SEA,2004-05,Playmaker,Average,49,879.1333333333333,345,98,65,30,11,57,0.361,0.253,0.738,0.433,0.394,0.239,0.062,101.9,110.3,-8.4,1.14,0.017,0.1,0.139,0.058,15.100000000000009,-0.4423220499346672,-0.28611729322546164,-0.801233866317888,-0.5950751686848107
56,Gary Payton,BOS,2004-05,Playmaker,Very Good,77,2550.625,873,236,469,88,12,148,0.468,0.326,0.761,0.537,0.497,0.168,0.104,108.0,107.2,0.8,3.17,0.02,0.075,0.279,0.048,18.200000000000003,0.013314124505785313,1.9869494678876105,-0.5624641648188827,0.19814083839381166
458,Howard Eisley,UTA,2004-05,Playmaker,Very Good,74,1429.01,415,90,250,45,9,111,0.398,0.262,0.795,0.47,0.431,0.178,0.069,100.5,107.1,-6.6,2.25,0.011,0.059,0.299,0.035,18.30000000000001,-0.62684219114464,1.2934501349938743,-1.115472943994857,-0.2718746924578684
1521,Jacque Vaughn,NJN,2004-05,Playmaker,Average,71,1400.02,373,107,135,41,1,62,0.449,0.333,0.835,0.511,0.457,0.14,0.064,96.7,101.6,-5.0,2.18,0.012,0.068,0.169,0.04,23.80000000000001,-0.7008897804155962,0.1399906993857339,-1.0066672365491458,-0.07110914346343226
2224,Jamaal Tinsley,IND,2004-05,Playmaker,Very Good,40,1300.8216666666667,616,160,257,81,12,134,0.418,0.372,0.744,0.518,0.473,0.255,0.128,106.0,102.4,3.6,1.92,0.021,0.108,0.35,0.065,23.0,0.3562276008058862,1.6057082943310208,-0.5475468139978787,0.40763373806324027
2037,Jamal Crawford,NYK,2004-05,Playmaker,Very Good,70,2684.635,1241,203,302,92,19,148,0.398,0.361,0.843,0.521,0.483,0.221,0.097,104.4,108.0,-3.7,2.04,0.012,0.067,0.19,0.039,17.400000000000006,0.5752019015423158,0.8724698702494864,-0.7646825468219596,0.26340479812896517
2749,Jameer Nelson,ORL,2004-05,Playmaker,Very Good,79,1614.9766666666667,689,193,237,78,3,117,0.455,0.312,0.682,0.51,0.49,0.209,0.094,101.3,104.1,-2.8,2.03,0.032,0.085,0.244,0.058,21.30000000000001,0.0263890082402569,0.9366432143830292,-0.5491629008696867,0.18560952563649802
2457,Jannero Pargo,CHI,2004-05,Playmaker,Average,32,450.35833333333335,204,47,76,16,1,45,0.385,0.348,0.739,0.457,0.439,0.258,0.073,99.6,99.9,-0.3,1.69,0.025,0.072,0.315,0.049,25.5,-0.26769402122098757,0.7430662982656915,-1.0512130628269398,-0.2302602693370769
2078,Jason Hart,CHA,2004-05,Playmaker,Very Good,74,1888.125,706,203,367,99,14,102,0.449,0.368,0.785,0.534,0.479,0.178,0.13,95.7,104.3,-8.6,3.6,0.009,0.105,0.335,0.054,21.10000000000001,-0.05106553505344596,1.9262095397644723,-0.5735877322517551,0.5027393163649457
467,Jason Kidd,NJN,2004-05,Playmaker,Elite,66,2449.7166666666667,951,488,545,123,9,167,0.398,0.36,0.74,0.506,0.473,0.206,0.159,104.8,100.0,4.8,3.26,0.039,0.169,0.368,0.103,25.400000000000006,0.17049843734389994,2.7665771551929517,0.8068682250221834,0.9534698095819305
1891,Jason Terry,DAL,2004-05,Playmaker,Very Good,80,2397.898333333333,993,188,429,109,15,147,0.501,0.42,0.844,0.606,0.57,0.177,0.12,111.0,101.8,9.2,2.92,0.017,0.061,0.278,0.039,23.60000000000001,0.5602463328671811,1.8341441616591625,-0.8044832255769387,0.763357097374894
1715,Jason Williams,MEM,2004-05,Playmaker,Very Good,71,1949.9516666666664,719,122,399,75,5,130,0.413,0.324,0.792,0.522,0.496,0.189,0.109,105.2,103.3,1.8,3.07,0.01,0.055,0.339,0.032,22.10000000000001,-0.029775730664439642,2.0664302754189654,-1.068783792231609,0.22176410486730913
976,Jeff McInnis,CLE,2004-05,Playmaker,Very Good,76,2650.693333333333,975,157,391,56,1,117,0.412,0.345,0.813,0.495,0.462,0.183,0.082,105.6,105.4,0.3,3.34,0.012,0.05,0.237,0.03,20.0,-0.043457974003260125,1.4639921046787019,-1.001394850412685,-0.1389564645768636
754,Jim Jackson,PHX,2004-05,Playmaker,Average,64,1995.763333333333,672,269,183,35,5,115,0.426,0.414,0.931,0.553,0.531,0.16,0.084,101.6,101.2,0.4,1.59,0.017,0.11,0.147,0.066,24.200000000000003,-0.09872008804062454,0.19302750948979164,-0.24558889407368323,-0.06930559506121318
2422,John Salmons,PHI,2004-05,Playmaker,Average,58,985.3216666666668,236,121,114,40,13,51,0.405,0.341,0.729,0.511,0.479,0.125,0.077,95.0,99.5,-4.5,2.24,0.012,0.109,0.193,0.06,25.900000000000006,-0.9094944150243863,0.19754086165464374,-0.7147268502842261,0.1633238792390812
2413,Juan Dixon,WAS,2004-05,Playmaker,Average,63,1053.513333333333,507,119,111,43,4,68,0.416,0.327,0.897,0.518,0.47,0.228,0.097,102.8,106.7,-3.9,1.63,0.029,0.085,0.19,0.056,18.700000000000003,0.07996935151280159,0.16964882768287728,-0.7709922246702778,-0.3196828683300544
2454,Junior Harrington,NOH,2004-05,Playmaker,Average,29,543.8133333333334,163,63,62,25,5,41,0.36,0.316,0.829,0.421,0.376,0.204,0.055,89.3,99.3,-10.0,1.51,0.024,0.097,0.23,0.06,26.10000000000001,-0.8983984621878864,0.21405008628499134,-0.8686228081368121,-0.061285341850277376
2693,Keith McLeod,UTA,2004-05,Playmaker,Very Good,53,1381.6366666666668,416,113,236,63,12,99,0.35,0.25,0.767,0.44,0.373,0.188,0.074,101.2,105.2,-4.1,2.38,0.015,0.074,0.282,0.044,20.200000000000003,-0.7244423076467834,1.1464343497875455,-0.939788347828433,0.056616115035018406
72,Kenny Anderson,LAC,2004-05,Playmaker,Average,43,743.6683333333333,203,88,103,33,0,49,0.423,0.462,0.73,0.467,0.438,0.155,0.066,95.0,106.3,-11.3,2.1,0.031,0.1,0.22,0.063,19.10000000000001,-0.9652494607538058,0.30874089715168795,-0.7640693806311394,-0.4402644837056624
2039,Keyon Dooling,MIA,2004-05,Playmaker,Average,74,1184.4483333333333,382,90,132,39,11,65,0.403,0.253,0.78,0.486,0.43,0.18,0.071,99.8,98.3,1.5,2.03,0.01,0.065,0.187,0.039,27.10000000000001,-0.5445185625210678,0.23006938544722916,-1.0645143267761359,0.20323319835402745
2550,Kirk Hinrich,CHI,2004-05,Playmaker,Elite,77,2797.4666666666667,1206,304,494,122,21,176,0.397,0.355,0.792,0.495,0.461,0.221,0.12,99.7,99.5,0.2,2.81,0.011,0.097,0.318,0.054,25.900000000000006,0.4013057476656719,2.298030231007839,-0.3055964953015621,1.0938953522052401
1919,Laron Profit,WAS,2004-05,Playmaker,Average,42,419.9866666666667,136,76,37,16,5,27,0.438,0.286,0.64,0.489,0.469,0.168,0.076,98.7,102.6,-3.9,1.37,0.055,0.131,0.151,0.091,22.80000000000001,-0.7926143758850666,-0.3217368102319265,-0.43919960310407447,-0.34842803595844307
2544,LeBron James,CLE,2004-05,Playmaker,Elite,80,3383.968333333333,2175,588,577,177,52,262,0.472,0.351,0.75,0.554,0.504,0.292,0.19,106.2,104.1,2.1,2.2,0.033,0.147,0.324,0.089,21.30000000000001,1.9571879250086484,2.6371505307714185,0.8938509231231869,1.7071401926799332
2571,Leandro Barbosa,PHX,2004-05,Playmaker,Average,63,1084.888333333333,442,130,126,30,7,87,0.475,0.367,0.797,0.575,0.547,0.184,0.083,101.5,103.6,-2.2,1.45,0.029,0.08,0.187,0.056,21.80000000000001,0.03689302366776881,0.20799123751319956,-0.7418050602499597,-0.24188870186543351
2763,Lionel Chalmers,LAC,2004-05,Playmaker,Average,36,424.3616666666667,111,31,51,13,0,24,0.336,0.245,0.625,0.409,0.384,0.174,0.049,96.3,101.0,-4.7,2.13,0.01,0.064,0.211,0.037,24.400000000000006,-1.2241231029976414,0.066838068375843,-1.2465429718217478,-0.3360919647095377
2557,Luke Ridnour,SEA,2004-05,Playmaker,Elite,82,2573.95,824,204,483,94,23,149,0.405,0.376,0.883,0.504,0.45,0.17,0.1,107.9,108.2,-0.3,3.24,0.022,0.063,0.304,0.042,17.200000000000003,-0.19605990370408613,2.1789064797732767,-0.7238102053242533,0.3128464450079785
2575,Luke Walton,LAL,2004-05,Playmaker,Average,61,762.13,198,142,93,26,11,58,0.411,0.262,0.708,0.492,0.456,0.148,0.078,98.4,105.4,-7.0,1.6,0.069,0.115,0.2,0.091,20.0,-0.8771601747983433,0.1595909172299608,-0.26407661658216613,-0.3486227126954964
2060,Marko Jaric,LAC,2004-05,Playmaker,Very Good,50,1662.0166666666669,493,161,303,84,17,98,0.414,0.371,0.72,0.5,0.475,0.164,0.103,105.2,103.5,1.7,3.09,0.014,0.089,0.287,0.053,21.900000000000006,-0.5015532372950806,1.4210619350587956,-0.6977692870703771,0.42467500433908617
1710,Mike Bibby,SAC,2004-05,Playmaker,Elite,80,3090.7116666666666,1571,332,541,124,30,203,0.443,0.36,0.775,0.543,0.495,0.234,0.12,108.9,106.0,3.0,2.67,0.025,0.08,0.277,0.053,19.400000000000006,1.0341331122983135,2.240651936426131,-0.24404154926361465,0.8237698662877501
2229,Mike James,HOU,2004-05,Playmaker,Very Good,74,1857.8066666666664,871,208,263,65,6,106,0.441,0.386,0.752,0.534,0.507,0.226,0.114,106.1,101.4,4.7,2.48,0.019,0.093,0.253,0.056,24.0,0.41930717776627824,1.0828740687780793,-0.5348415307240681,0.2399018220813167
2366,Mike Wilks,SAS,2004-05,Playmaker,Average,48,269.085,81,25,33,14,1,14,0.416,0.313,0.75,0.482,0.448,0.164,0.079,89.1,105.0,-15.8,2.36,0.014,0.081,0.234,0.047,20.400000000000006,-0.9015822488042682,0.12980965127685057,-1.1350667002769366,-0.5506318379661636
1960,Milt Palacio,TOR,2004-05,Playmaker,Very Good,80,1528.3283333333334,467,134,279,48,13,104,0.446,0.167,0.742,0.507,0.449,0.167,0.088,105.4,105.5,0.0,2.68,0.018,0.072,0.296,0.045,19.900000000000006,-0.45831890990839846,1.3833082233369325,-0.871327743266782,-0.1063132675514387
2590,Mo Williams,MIL,2004-05,Playmaker,Elite,80,2261.56,814,244,484,74,11,196,0.438,0.323,0.85,0.504,0.46,0.197,0.097,105.6,107.4,-1.8,2.47,0.022,0.089,0.339,0.055,18.0,-0.005618377284008306,2.3792040378177184,-0.4520595560167984,0.031213358244471374
89,Nick Van Exel,POR,2004-05,Playmaker,Very Good,53,1618.0583333333334,586,161,227,44,0,92,0.381,0.389,0.784,0.494,0.471,0.192,0.094,101.1,103.6,-2.4,2.47,0.013,0.087,0.231,0.05,21.80000000000001,-0.2638181060603993,0.8268168078057228,-0.7359882499844179,-0.16765186875057406
1747,Rafer Alston,TOR,2004-05,Playmaker,Elite,80,2722.86,1136,279,514,118,7,170,0.414,0.357,0.74,0.522,0.485,0.208,0.11,104.7,106.1,-1.4,3.02,0.015,0.09,0.314,0.052,19.30000000000001,0.41003253307936705,2.3491534441149353,-0.3974102685025546,0.5230245490822605
2221,Raul Lopez,UTA,2004-05,Playmaker,Very Good,31,516.6066666666667,161,39,123,22,3,47,0.422,0.444,0.818,0.538,0.496,0.175,0.085,106.1,99.6,6.5,2.62,0.015,0.07,0.363,0.043,25.80000000000001,-0.44318300421590046,1.185659150491617,-1.1488780173243438,-0.13023076118620888
1888,Richard Hamilton,DET,2004-05,Playmaker,Very Good,76,2936.595,1424,295,372,77,13,217,0.44,0.305,0.858,0.528,0.455,0.245,0.11,105.7,97.8,7.8,1.71,0.026,0.076,0.226,0.052,27.60000000000001,0.922886479006646,1.3322837828701852,-0.3549562111639102,0.6465772555407773
1594,Rick Brunson,LAC,2004-05,Playmaker,Very Good,80,1935.631666666667,437,187,410,82,7,125,0.376,0.369,0.77,0.46,0.43,0.141,0.096,102.5,103.8,-1.3,3.28,0.013,0.086,0.332,0.05,21.60000000000001,-0.9390101130533752,2.067583306620266,-0.6670004068091206,0.28515123591688646
2767,Royal Ivey,ATL,2004-05,Playmaker,Average,62,813.5316666666666,220,84,103,39,7,58,0.429,0.333,0.701,0.484,0.437,0.15,0.046,95.4,98.3,-2.9,1.78,0.023,0.086,0.197,0.054,27.10000000000001,-0.8923942237927314,0.17953487044859173,-0.8893397837079231,0.16276334234173737
208,Sam Cassell,MIN,2004-05,Playmaker,Very Good,59,1524.1966666666667,799,157,301,36,14,109,0.464,0.262,0.865,0.529,0.484,0.255,0.121,106.8,102.8,4.0,2.76,0.017,0.083,0.336,0.051,22.60000000000001,0.5510907535363923,1.6889675658250636,-0.7338621100143987,-0.06189453617445232
2756,Sasha Vujacic,LAL,2004-05,Playmaker,Average,35,402.43666666666667,101,62,51,12,2,15,0.282,0.27,0.947,0.403,0.355,0.149,0.057,105.2,103.6,1.6,3.4,0.03,0.126,0.185,0.075,21.80000000000001,-1.4486518611386074,-0.07922091833200495,-0.6801813721502731,-0.47898055477041096
2742,Sebastian Telfair,POR,2004-05,Playmaker,Very Good,68,1330.14,460,104,224,35,4,125,0.393,0.246,0.789,0.471,0.413,0.208,0.067,99.9,106.6,-6.6,1.79,0.008,0.069,0.28,0.04,18.80000000000001,-0.36905849108514577,1.0910427472496522,-1.0146273723001418,-0.3966983043315991
2733,Shaun Livingston,LAC,2004-05,Playmaker,Very Good,30,820.0233333333333,222,89,151,32,11,75,0.414,0.0,0.746,0.461,0.414,0.172,0.076,101.9,103.2,-1.3,2.01,0.03,0.082,0.287,0.057,22.200000000000003,-0.8614046531730869,0.8617488540633791,-0.8378539278755558,-0.15719424995671902
2049,Speedy Claxton,NOH,2004-05,Playmaker,Very Good,62,1873.52,712,184,374,109,8,119,0.421,0.18,0.736,0.493,0.43,0.197,0.109,98.6,103.8,-5.2,3.14,0.019,0.084,0.33,0.049,21.60000000000001,-0.14206846654633323,1.9238791123462538,-0.6877001968647968,0.5750254992543812
950,Stephon Marbury,NYK,2004-05,Playmaker,Elite,82,3294.5116666666668,1781,248,668,122,6,233,0.462,0.354,0.834,0.575,0.506,0.243,0.144,106.8,107.5,-0.7,2.87,0.015,0.064,0.344,0.039,17.900000000000006,1.4344198850179886,3.0843555078025453,-0.6452805105570221,0.4720959917631318
2581,Steve Blake,WAS,2004-05,Playmaker,Average,44,647.8133333333334,191,71,69,13,0,39,0.328,0.387,0.805,0.468,0.425,0.165,0.058,98.4,106.6,-8.1,1.77,0.026,0.084,0.18,0.054,18.80000000000001,-0.8949808910883185,-0.0410747412045023,-0.9238337052955717,-0.6651181449867517
1883,Steve Francis,ORL,2004-05,Playmaker,Elite,78,2974.8566666666666,1663,450,547,112,28,317,0.423,0.299,0.823,0.521,0.438,0.28,0.128,104.4,105.1,-0.7,1.73,0.044,0.107,0.315,0.076,20.30000000000001,1.3114351925181893,2.476200911087015,0.3620691726165348,0.7320777905664143
959,Steve Nash,PHX,2004-05,Playmaker,Elite,75,2568.613333333333,1165,249,861,74,6,245,0.502,0.431,0.887,0.606,0.557,0.201,0.145,118.6,105.7,12.9,3.51,0.023,0.069,0.46,0.047,19.700000000000003,0.8599755186647249,4.44618371986423,-0.5407098975359144,0.08050898581326328
120,Steven Smith,MIA,2004-05,Playmaker,Average,50,745.0766666666667,314,65,71,14,7,27,0.411,0.39,0.863,0.554,0.494,0.181,0.089,101.1,105.4,-4.3,2.63,0.019,0.074,0.161,0.044,20.0,-0.19744374603766982,-0.1404507719232531,-1.0671505198443665,-0.5134289239675297
2357,Tierre Brown,LAL,2004-05,Playmaker,Average,76,1057.8916666666669,333,93,155,32,1,74,0.356,0.361,0.787,0.437,0.394,0.193,0.069,100.2,104.6,-4.4,2.09,0.02,0.069,0.248,0.044,20.80000000000001,-0.7648478672644078,0.6573791392909603,-0.9928559195017386,-0.3406254350567474
389,Toni Kukoc,MIL,2004-05,Playmaker,Average,53,1100.256666666667,296,160,160,39,13,64,0.41,0.362,0.721,0.523,0.492,0.143,0.095,104.0,103.9,0.1,2.5,0.03,0.118,0.228,0.075,21.5,-0.6658463675330449,0.5634245292043071,-0.4201502709510758,-0.10555805391704237
2225,Tony Parker,SAS,2004-05,Playmaker,Elite,80,2735.79,1331,298,490,98,4,215,0.482,0.276,0.65,0.528,0.501,0.247,0.138,105.9,96.6,9.3,2.28,0.018,0.095,0.323,0.056,28.80000000000001,0.8704605924866704,2.311399732393072,-0.2960374581941932,0.8436143112770784
1503,Tracy McGrady,HOU,2004-05,Playmaker,Very Good,78,3191.008333333333,2003,484,448,135,52,201,0.431,0.326,0.774,0.526,0.473,0.304,0.161,105.6,101.0,4.6,2.23,0.023,0.131,0.276,0.078,24.400000000000006,1.7609050798552026,1.8928229901137552,0.4777633530705149,1.4541024419242898
696,Travis Best,NJN,2004-05,Playmaker,Average,76,1457.118333333333,514,107,143,66,9,67,0.42,0.306,0.885,0.508,0.449,0.18,0.084,95.6,102.4,-6.8,2.13,0.013,0.066,0.183,0.039,23.0,-0.3235411070792456,0.2480753766532812,-1.0194068908538263,0.22186090197934363
1607,Troy Hudson,MIN,2004-05,Playmaker,Very Good,79,1744.6516666666666,691,105,283,27,6,113,0.401,0.345,0.778,0.491,0.468,0.214,0.077,105.9,106.1,-0.2,2.5,0.012,0.049,0.265,0.031,19.30000000000001,-0.044199471423553884,1.2238797352438515,-1.126630882458599,-0.42997694230719824
1731,Tyronn Lue,ATL,2004-05,Playmaker,Very Good,70,2008.88,787,149,322,33,0,105,0.451,0.355,0.861,0.542,0.493,0.187,0.097,100.0,111.5,-11.5,3.07,0.007,0.073,0.275,0.039,13.900000000000006,0.11897215661437667,1.4235642301642164,-0.9079649903398845,-0.7457887939630758
2584,Willie Green,PHI,2004-05,Playmaker,Average,57,1067.42,437,133,100,34,6,75,0.366,0.286,0.776,0.457,0.402,0.226,0.063,95.6,100.7,-5.2,1.33,0.02,0.106,0.172,0.062,24.700000000000003,-0.33392174619233295,0.02805446310864612,-0.6574069986708821,-0.040172156471701324
947,Allen Iverson,PHI,2005-06,Playmaker,Elite,72,3103.188333333333,2377,232,532,140,10,248,0.447,0.323,0.814,0.543,0.467,0.35,0.163,106.7,106.5,0.1,2.15,0.015,0.062,0.331,0.039,18.900000000000006,2.4645550707165573,2.5108879946106173,-0.6877345678956666,0.7578250557145392
1889,Andre Miller,DEN,2005-06,Playmaker,Elite,82,2937.17,1126,351,674,106,18,256,0.463,0.185,0.738,0.532,0.466,0.202,0.117,106.2,103.6,2.5,2.63,0.034,0.088,0.355,0.062,21.80000000000001,0.416073513402022,3.1682278424206647,-0.07897046743185171,0.6568669854800714
1853,Anthony Carter,MIN,2005-06,Playmaker,Average,45,589.0016666666667,150,62,101,24,9,40,0.387,0.267,0.727,0.465,0.401,0.157,0.077,99.1,101.9,-2.8,2.53,0.016,0.091,0.277,0.054,23.5,-1.0002644624106927,0.6215877545972937,-0.9477141125485593,-0.1839390039050064
1533,Anthony Johnson,IND,2005-06,Playmaker,Very Good,75,1980.645,691,168,324,63,22,115,0.443,0.329,0.752,0.52,0.485,0.181,0.104,103.4,100.4,3.1,2.82,0.017,0.068,0.279,0.044,25.0,-0.11996682967206225,1.4533942261485617,-0.7938525257268427,0.4398131953033557
2766,Antonio Burks,MEM,2005-06,Playmaker,Average,57,570.1916666666667,113,37,76,20,0,36,0.354,0.167,0.435,0.367,0.358,0.155,0.04,92.3,95.3,-3.0,2.11,0.008,0.06,0.24,0.035,30.10000000000001,-1.6019064848647864,0.32174229814689925,-1.2561020089291166,0.07133922364081065
1498,Antonio Daniels,WAS,2005-06,Playmaker,Very Good,80,2283.1833333333334,767,172,284,52,8,89,0.418,0.228,0.845,0.55,0.439,0.153,0.1,108.3,105.6,2.7,3.19,0.009,0.072,0.196,0.04,19.80000000000001,-0.0986069225866526,0.839941346456901,-0.8341976286109029,-0.12133060331850352
1884,Baron Davis,GSW,2005-06,Playmaker,Elite,54,1971.2483333333328,967,236,480,89,14,159,0.389,0.315,0.675,0.489,0.448,0.258,0.127,105.5,104.9,0.7,3.02,0.022,0.098,0.412,0.059,20.5,0.4655037721530269,2.7745739659773223,-0.4223279674673995,0.36387288195212436
2757,Beno Udrih,SAS,2005-06,Playmaker,Average,55,586.3333333333334,275,52,92,14,2,53,0.455,0.343,0.78,0.539,0.506,0.242,0.097,103.0,99.1,3.9,1.74,0.033,0.063,0.273,0.048,26.30000000000001,0.13521780851182502,0.5659999193565803,-1.0506858242132937,-0.19386179117102556
1517,Bobby Jackson,MEM,2005-06,Playmaker,Average,71,1775.4416666666666,808,223,195,61,1,101,0.382,0.389,0.733,0.497,0.469,0.244,0.102,103.5,98.2,5.4,1.93,0.027,0.109,0.205,0.068,27.200000000000003,0.2940946327316403,0.5630076987830501,-0.34216500031292535,0.3358840104711147
2564,Boris Diaw,PHX,2005-06,Playmaker,Very Good,81,2873.92,1080,558,503,58,85,189,0.526,0.267,0.731,0.564,0.531,0.177,0.116,110.9,102.3,8.7,2.66,0.058,0.134,0.245,0.097,23.10000000000001,0.38284976941747034,1.9210587594599255,0.9161668000506711,0.9137727302113107
1510,Brevin Knight,CHA,2005-06,Playmaker,Elite,69,2351.065,871,223,610,157,4,164,0.399,0.231,0.803,0.478,0.401,0.2,0.126,101.0,105.9,-4.9,3.72,0.014,0.087,0.412,0.048,19.5,-0.09120738325069049,3.2529338378812973,-0.5969580864065314,0.9085162466771082
2306,Carlos Arroyo,ORL,2005-06,Playmaker,Very Good,77,1194.185,449,130,232,38,4,83,0.444,0.35,0.774,0.512,0.454,0.199,0.113,103.3,101.2,2.1,2.8,0.029,0.082,0.32,0.056,24.200000000000003,-0.20845648360740376,1.3451864112250473,-0.7418050602499597,-0.04833897024934993
2294,Charlie Bell,MIL,2005-06,Playmaker,Average,59,1282.503333333333,494,120,130,59,5,41,0.439,0.423,0.708,0.55,0.526,0.173,0.091,104.5,103.4,1.1,3.17,0.017,0.083,0.165,0.049,22.0,-0.1490709396556059,0.09912162943437365,-0.8575164262193745,0.050106830349367436
1497,Chauncey Billups,DET,2005-06,Playmaker,Elite,81,2924.556666666667,1495,252,699,71,8,170,0.418,0.433,0.894,0.602,0.509,0.225,0.162,111.3,100.5,10.8,4.11,0.015,0.077,0.392,0.046,24.900000000000006,1.2507760908615089,3.468073298871059,-0.5454894160895989,0.37518413526188604
2768,Chris Duhon,CHI,2005-06,Playmaker,Very Good,74,2154.4816666666666,647,220,373,70,3,117,0.4,0.36,0.818,0.538,0.493,0.149,0.103,101.2,102.4,-1.2,3.19,0.013,0.091,0.269,0.052,23.0,-0.2830371570796127,1.5775225675939646,-0.553959604938806,0.20260156971415622
101108,Chris Paul,NOK,2005-06,Playmaker,Elite,78,2808.475,1258,400,611,175,6,183,0.43,0.282,0.847,0.546,0.456,0.216,0.161,101.4,104.5,-3.2,3.34,0.022,0.131,0.378,0.074,20.900000000000006,0.6937974281239861,3.0656133158164502,0.2039209348239104,1.197512252642172
1088,Chucky Atkins,MEM,2005-06,Playmaker,Average,71,1712.9816666666666,678,120,198,43,2,87,0.394,0.354,0.791,0.526,0.479,0.197,0.08,103.8,102.7,1.1,2.28,0.014,0.059,0.206,0.037,22.700000000000003,0.022091164460622075,0.5796644260849821,-1.010392277875538,-0.10489909613818915
1800,Damon Jones,CLE,2005-06,Playmaker,Average,82,2088.5583333333334,552,133,169,37,1,55,0.387,0.377,0.64,0.538,0.53,0.121,0.06,106.6,104.4,2.1,3.07,0.007,0.06,0.124,0.033,21.0,-0.5565198033931525,0.01230580427395965,-1.0268569735066106,-0.2770676853552878
757,Damon Stoudamire,MEM,2005-06,Playmaker,Average,27,861.6833333333333,317,95,128,19,1,55,0.397,0.346,0.855,0.504,0.46,0.201,0.102,104.9,100.1,4.9,2.33,0.028,0.088,0.263,0.058,25.30000000000001,-0.33474746808450667,0.6422922736115856,-0.8091940020688838,-0.210927115532041
353,Darrell Armstrong,DAL,2005-06,Playmaker,Average,62,622.105,130,81,86,27,3,58,0.336,0.229,0.786,0.444,0.379,0.143,0.051,100.3,101.6,-1.3,1.48,0.031,0.104,0.216,0.069,23.80000000000001,-1.237242450199613,0.22371553133226849,-0.7062051048887145,-0.1959332965936543
239,Darrick Martin,TOR,2005-06,Playmaker,Average,40,338.97,102,20,57,17,0,15,0.351,0.4,0.75,0.474,0.433,0.166,0.063,111.7,103.1,8.6,3.8,0.007,0.059,0.247,0.033,22.30000000000001,-0.9175374467303622,0.2911517363668928,-1.326688753460787,-0.418031330560245
133,David Wesley,HOU,2005-06,Playmaker,Average,71,2371.693333333333,702,178,204,59,6,120,0.403,0.365,0.807,0.546,0.491,0.149,0.062,100.2,101.8,-1.6,1.7,0.011,0.066,0.147,0.039,23.60000000000001,-0.19763367621519023,0.27030102725889527,-0.8310170114135915,0.15423177443164454
2753,Delonte West,BOS,2005-06,Playmaker,Very Good,71,2417.6383333333333,836,289,329,84,46,133,0.487,0.385,0.851,0.574,0.548,0.162,0.103,107.2,105.9,1.3,2.47,0.026,0.1,0.213,0.064,19.5,0.1542575611418895,1.1010275626557158,-0.21800063100973827,0.5770702403093829
1507,Derek Anderson,MIA,2005-06,Playmaker,Average,43,1046.8133333333333,349,143,101,23,6,54,0.356,0.299,0.838,0.496,0.422,0.182,0.083,101.4,103.3,-1.9,1.87,0.022,0.12,0.165,0.073,22.10000000000001,-0.4965001511129423,-0.007589418913436119,-0.4907370154827462,-0.3069093039218389
965,Derek Fisher,GSW,2005-06,Playmaker,Very Good,82,2589.431666666667,1089,211,352,125,8,156,0.41,0.397,0.833,0.536,0.476,0.198,0.1,102.7,103.2,-0.5,2.26,0.013,0.069,0.23,0.04,22.200000000000003,0.3829792194818464,1.281160569763089,-0.7307158638479571,0.7760601112970734
101114,Deron Williams,UTA,2005-06,Playmaker,Very Good,80,2306.633333333333,864,194,359,60,17,145,0.421,0.416,0.704,0.5,0.478,0.198,0.086,103.9,105.6,-1.7,2.48,0.016,0.073,0.274,0.044,19.80000000000001,0.014889406555329257,1.5540951557558151,-0.7248646825515456,0.05261747621564467
2734,Devin Harris,DAL,2005-06,Playmaker,Average,56,1274.465,554,125,177,53,16,84,0.469,0.238,0.716,0.544,0.475,0.211,0.118,106.4,99.8,6.5,2.11,0.022,0.079,0.247,0.051,25.60000000000001,0.1380710974761636,0.732714695047485,-0.8187702246916877,0.3107475869315033
2548,Dwyane Wade,MIA,2005-06,Playmaker,Elite,75,2892.383333333333,2040,430,503,146,58,268,0.495,0.171,0.783,0.577,0.499,0.318,0.186,110.5,102.1,8.4,1.88,0.04,0.112,0.312,0.078,23.30000000000001,2.1816686855603575,2.29744153289938,0.3344809095525899,1.5641520757097034
1863,Earl Boykins,DEN,2005-06,Playmaker,Very Good,60,1542.445,756,81,230,48,4,83,0.41,0.346,0.874,0.513,0.457,0.229,0.107,103.6,105.9,-2.3,2.77,0.013,0.041,0.254,0.026,19.5,0.23826823655904672,0.9670619084758336,-1.2540102399899673,-0.2208723135988928
2248,Earl Watson,SEA,2005-06,Playmaker,Very Good,70,1577.66,623,158,289,68,10,136,0.43,0.404,0.676,0.558,0.538,0.193,0.096,106.9,102.0,4.9,2.13,0.016,0.083,0.289,0.05,23.400000000000006,0.1361072034418245,1.3807815632158944,-0.7439483857354137,0.2762029618788414
2436,Flip Murray,CLE,2005-06,Playmaker,Average,76,2111.7833333333333,851,153,197,68,11,135,0.418,0.262,0.711,0.487,0.442,0.216,0.072,104.1,106.4,-2.3,1.46,0.016,0.059,0.16,0.038,19.0,0.06295517696777542,0.31757268135645145,-0.9100911303099037,0.027799855664102313
56,Gary Payton,MIA,2005-06,Playmaker,Average,81,2304.8716666666664,626,233,257,71,10,102,0.42,0.287,0.794,0.52,0.481,0.139,0.082,104.3,101.7,2.6,2.52,0.015,0.087,0.176,0.052,23.700000000000003,-0.47430175693516174,0.6282366140554231,-0.5194656833511574,0.3249134532086278
458,Howard Eisley,DEN,2005-06,Playmaker,Average,32,394.365,101,33,69,11,2,21,0.33,0.31,0.833,0.445,0.393,0.151,0.072,93.8,101.8,-7.9,3.29,0.008,0.081,0.294,0.044,23.60000000000001,-1.1938743765018034,0.5993377389760617,-1.1520586345216552,-0.38358350261961843
1521,Jacque Vaughn,NJN,2005-06,Playmaker,Average,80,1234.3116666666667,274,91,123,42,1,52,0.437,0.167,0.728,0.488,0.439,0.124,0.051,91.4,98.1,-6.8,2.37,0.014,0.063,0.182,0.038,27.30000000000001,-1.0209145703431117,0.16886389687159858,-1.0746006024971508,0.14489358214813872
2224,Jamaal Tinsley,IND,2005-06,Playmaker,Very Good,42,1121.9633333333334,390,133,211,49,6,109,0.409,0.229,0.637,0.458,0.43,0.219,0.093,100.8,100.2,0.6,1.94,0.032,0.087,0.336,0.06,25.200000000000003,-0.4133415842303066,1.3577953468146196,-0.6828863072802428,0.14462562512772892
2037,Jamal Crawford,NYK,2005-06,Playmaker,Very Good,79,2555.4483333333333,1128,248,301,87,15,175,0.416,0.345,0.826,0.544,0.474,0.209,0.115,102.5,108.6,-6.1,1.72,0.015,0.092,0.212,0.053,16.80000000000001,0.5373696201466961,0.9923785522953271,-0.46692535029149795,0.1358753223954142
2749,Jameer Nelson,ORL,2005-06,Playmaker,Very Good,62,1784.0166666666669,905,180,302,70,9,148,0.483,0.424,0.779,0.567,0.531,0.244,0.128,107.2,105.4,1.8,2.04,0.025,0.084,0.297,0.055,20.0,0.7642736132873282,1.4735587770856298,-0.6218757853713761,0.08704232858408369
2457,Jannero Pargo,CHI,2005-06,Playmaker,Average,57,645.73,274,61,94,24,2,61,0.373,0.379,0.81,0.455,0.44,0.239,0.079,95.5,95.8,-0.3,1.54,0.012,0.079,0.266,0.045,29.60000000000001,-0.3677378276291507,0.5340357286568362,-1.0650243798743473,0.10364226587545211
101127,Jarrett Jack,POR,2005-06,Playmaker,Very Good,79,1598.8116666666667,526,160,219,41,2,102,0.442,0.263,0.8,0.528,0.465,0.173,0.095,94.7,107.5,-12.8,2.15,0.012,0.093,0.249,0.052,17.900000000000006,-0.25177997029765403,0.8984970372555267,-0.7131623199587226,-0.40764426225242517
467,Jason Kidd,NJN,2005-06,Playmaker,Elite,80,2975.3966666666665,1065,580,672,150,29,192,0.404,0.352,0.795,0.526,0.481,0.184,0.158,105.3,101.0,4.3,3.5,0.03,0.174,0.369,0.101,24.400000000000006,0.20600953419442125,3.2395156064648294,1.0254997461100284,1.3768212139283007
1715,Jason Williams,MIA,2005-06,Playmaker,Very Good,59,1873.8033333333333,728,139,287,53,5,100,0.442,0.372,0.867,0.561,0.531,0.181,0.106,108.2,102.4,5.9,2.87,0.004,0.07,0.234,0.039,23.0,0.14113466510661046,1.0644512471507706,-0.9344987761765373,0.04669332776899837
976,Jeff McInnis,NJN,2005-06,Playmaker,Average,28,486.025,149,50,52,11,2,29,0.441,0.188,0.69,0.478,0.451,0.175,0.073,93.1,111.4,-18.3,1.79,0.024,0.087,0.212,0.055,14.0,-0.7948889635508397,0.07613541303309845,-0.9668150012478622,-0.9476283830948434
711,Jerry Stackhouse,DAL,2005-06,Playmaker,Average,55,1525.1833333333334,715,153,160,37,10,121,0.401,0.277,0.882,0.511,0.431,0.242,0.099,105.9,101.6,4.3,1.32,0.022,0.082,0.186,0.053,23.80000000000001,0.2924323247903535,0.32748308913778346,-0.7189963157396992,-0.021497419189027256
2207,Joe Johnson,ATL,2005-06,Playmaker,Elite,82,3339.66,1653,335,536,103,31,267,0.453,0.356,0.791,0.537,0.499,0.241,0.125,104.0,110.1,-6.1,2.01,0.03,0.078,0.29,0.053,15.300000000000011,1.1102054819331226,2.295282973168364,-0.23608141351261883,0.3754045408833117
2422,John Salmons,PHI,2005-06,Playmaker,Average,82,2059.366666666667,619,220,223,73,13,125,0.42,0.299,0.775,0.508,0.445,0.159,0.069,102.1,106.2,-4.1,1.78,0.024,0.087,0.172,0.055,19.200000000000003,-0.4015505926012286,0.480656495756253,-0.5157406420247651,0.11159253337170771
468,Jon Barry,HOU,2005-06,Playmaker,Average,20,342.24666666666667,86,31,26,13,1,22,0.385,0.375,0.828,0.553,0.477,0.133,0.062,99.2,107.3,-8.0,1.18,0.003,0.09,0.129,0.047,18.10000000000001,-0.7189663777574425,-0.4858017881458264,-1.1191464287749449,-0.6961289535183313
101181,Jose Calderon,TOR,2005-06,Playmaker,Very Good,64,1486.7416666666666,349,141,288,42,4,101,0.423,0.163,0.848,0.495,0.434,0.138,0.085,105.1,108.3,-3.2,2.85,0.021,0.079,0.301,0.05,17.10000000000001,-0.8243188981464069,1.4445137119125628,-0.7890558216577235,-0.4240517113475701
2693,Keith McLeod,UTA,2005-06,Playmaker,Average,66,1232.0583333333334,370,78,151,42,9,76,0.353,0.293,0.797,0.464,0.388,0.18,0.056,98.7,103.9,-5.1,1.99,0.01,0.064,0.219,0.036,21.5,-0.6789581461581768,0.4797484272890076,-1.1345738326941601,-0.11494382111439666
2550,Kirk Hinrich,CHI,2005-06,Playmaker,Elite,81,2954.6866666666665,1284,288,514,94,21,188,0.418,0.37,0.815,0.528,0.477,0.212,0.115,103.4,103.4,0.0,2.73,0.01,0.087,0.289,0.049,22.0,0.5803497204446466,2.2087121107420042,-0.4117488241636079,0.5746339572394455
1716,Larry Hughes,CLE,2005-06,Playmaker,Average,36,1281.1483333333333,558,161,131,53,21,99,0.409,0.368,0.756,0.504,0.439,0.234,0.086,108.5,107.0,1.5,1.32,0.021,0.111,0.174,0.066,18.400000000000006,0.08062533257979254,0.15336020077096688,-0.5321537811095332,-0.06169875340955269
283,Lindsey Hunter,DET,2005-06,Playmaker,Average,30,353.245,87,40,62,19,1,20,0.37,0.256,0.5,0.427,0.425,0.157,0.076,96.2,91.0,5.2,3.1,0.028,0.088,0.283,0.057,34.400000000000006,-1.2629632208059967,0.5117857130356043,-0.9678694784751545,0.32374042741843195
2739,Luke Jackson,CLE,2005-06,Playmaker,Average,36,315.3233333333333,96,40,25,11,2,31,0.341,0.333,0.788,0.482,0.412,0.176,0.047,97.3,103.1,-5.9,0.81,0.049,0.083,0.137,0.065,22.30000000000001,-0.802919230056618,-0.4445402527888268,-0.8659522440377121,-0.4599645801839716
2557,Luke Ridnour,SEA,2005-06,Playmaker,Elite,79,2625.0066666666667,910,235,550,123,22,162,0.418,0.289,0.877,0.506,0.445,0.177,0.102,109.5,113.9,-4.4,3.4,0.018,0.078,0.312,0.047,11.5,-0.07136264872185764,2.4703870250492788,-0.5778571977072283,0.2683068584337873
2575,Luke Walton,LAL,2005-06,Playmaker,Average,69,1332.6633333333334,345,247,156,41,15,78,0.412,0.327,0.75,0.477,0.439,0.148,0.086,103.6,101.6,1.9,2.0,0.067,0.125,0.189,0.095,23.80000000000001,-0.856914324876187,0.32961728385318206,0.06548675192140922,0.0705353525795831
2556,Marcus Banks,MIN,2005-06,Playmaker,Very Good,58,1496.0283333333334,578,135,220,54,11,119,0.468,0.349,0.803,0.543,0.491,0.199,0.094,100.1,103.7,-3.6,1.85,0.017,0.077,0.251,0.048,21.700000000000003,0.06181535086247081,0.9134120352476993,-0.8304554017690757,0.0413783971613923
2060,Marko Jaric,MIN,2005-06,Playmaker,Very Good,75,2101.6383333333333,587,233,293,108,21,127,0.399,0.301,0.688,0.468,0.435,0.169,0.082,101.6,101.0,0.6,2.31,0.031,0.085,0.223,0.058,24.400000000000006,-0.5801239858754127,1.0247352084007104,-0.44302775752307555,0.8607042584946192
2043,Mateen Cleaves,SEA,2005-06,Playmaker,Average,27,230.475,73,14,42,3,2,14,0.352,0.25,0.792,0.448,0.38,0.18,0.054,98.3,106.3,-8.0,3.0,0.008,0.055,0.318,0.03,19.10000000000001,-0.9846199581160325,0.634809753310942,-1.3808279878768195,-0.7308704438488755
1710,Mike Bibby,SAC,2005-06,Playmaker,Very Good,82,3166.766666666667,1728,240,444,82,10,199,0.432,0.386,0.849,0.554,0.501,0.249,0.117,106.5,103.9,2.6,2.23,0.01,0.067,0.244,0.039,21.5,1.3200536237695415,1.6983393181070505,-0.6665075392263443,0.30962816042115326
2399,Mike Dunleavy,GSW,2005-06,Playmaker,Average,81,2577.53,932,399,237,60,32,120,0.406,0.285,0.778,0.503,0.451,0.178,0.089,103.7,104.3,-0.7,1.98,0.029,0.125,0.147,0.076,21.10000000000001,-0.06532949876771194,0.39173084089605803,0.22674686484960568,0.28076051382608574
2229,Mike James,TOR,2005-06,Playmaker,Very Good,79,2924.57,1604,262,460,72,3,206,0.469,0.442,0.837,0.583,0.538,0.245,0.125,108.6,110.9,-2.3,2.23,0.016,0.084,0.276,0.049,14.5,1.36715777785531,1.9369792859818142,-0.48073666733890513,-0.2760904423299917
1960,Milt Palacio,UTA,2005-06,Playmaker,Very Good,71,1375.635,441,134,190,47,14,110,0.424,0.063,0.653,0.47,0.426,0.192,0.081,98.9,102.0,-3.0,1.73,0.013,0.091,0.257,0.052,23.400000000000006,-0.5056055700195476,0.8367272155870548,-0.7821501631340199,0.09908419618658086
2590,Mo Williams,MIL,2005-06,Playmaker,Very Good,58,1531.205,703,143,230,52,7,105,0.424,0.382,0.85,0.518,0.483,0.224,0.1,103.1,106.2,-3.1,2.19,0.019,0.082,0.259,0.049,19.200000000000003,0.19203261386981207,0.9951501751504199,-0.7964887187950731,-0.1667008723512781
983,Moochie Norris,NOK,2005-06,Playmaker,Average,45,423.6333333333333,125,54,50,20,1,33,0.411,0.286,0.69,0.479,0.429,0.178,0.071,95.2,101.3,-6.1,1.52,0.029,0.106,0.215,0.067,24.10000000000001,-0.7845175555161924,0.08562899039317362,-0.8033256352570375,-0.2710713626531323
101126,Nate Robinson,NYK,2005-06,Playmaker,Average,72,1543.6516666666666,670,167,147,59,1,114,0.407,0.397,0.752,0.512,0.458,0.222,0.071,102.4,104.4,-2.0,1.29,0.039,0.076,0.17,0.058,21.0,0.11928851777939248,0.18976464858871037,-0.6181507440449838,-0.04911770071242524
89,Nick Van Exel,SAS,2005-06,Playmaker,Average,65,986.0233333333332,355,91,123,16,3,57,0.397,0.357,0.683,0.492,0.477,0.199,0.089,97.4,97.5,-0.2,2.16,0.006,0.089,0.22,0.048,27.900000000000006,-0.39059520723925134,0.38233472359845333,-0.9472040594503479,-0.06901412121212543
1747,Rafer Alston,HOU,2005-06,Playmaker,Very Good,63,2431.2,761,255,425,101,15,157,0.379,0.327,0.692,0.475,0.449,0.185,0.094,100.2,102.1,-2.0,2.71,0.015,0.092,0.3,0.054,23.30000000000001,-0.2974936053111436,1.9430137697379881,-0.4356120459011607,0.662839791353548
101109,Raymond Felton,CHA,2005-06,Playmaker,Very Good,80,2405.708333333333,948,265,446,102,8,182,0.391,0.358,0.725,0.483,0.446,0.21,0.097,102.3,104.9,-2.6,2.45,0.031,0.086,0.298,0.057,20.5,0.06611358614692324,2.009051980837257,-0.370859297150467,0.43786581613174436
1594,Rick Brunson,HOU,2005-06,Playmaker,Average,27,246.93,54,22,35,8,1,22,0.389,0.385,0.583,0.455,0.435,0.154,0.053,93.1,100.9,-7.7,1.59,0.005,0.083,0.243,0.047,24.5,-1.1486315680732229,0.18772791393578198,-1.1430268360279323,-0.37190584789307496
1729,Ricky Davis,MIN,2005-06,Playmaker,Very Good,78,3206.8816666666667,1516,351,394,91,17,213,0.448,0.302,0.797,0.521,0.476,0.236,0.112,103.9,104.8,-0.8,1.85,0.022,0.09,0.211,0.057,20.60000000000001,0.8833250887265254,1.3289721919378688,-0.14266873895525317,0.42082346734291654
2767,Royal Ivey,ATL,2005-06,Playmaker,Average,73,977.6283333333332,260,96,74,24,7,23,0.439,0.4,0.727,0.467,0.447,0.137,0.037,99.0,105.6,-6.6,3.22,0.032,0.078,0.119,0.053,19.80000000000001,-1.0559126488046588,-0.3653531380227619,-0.8702388950086202,-0.4215662295943103
208,Sam Cassell,LAC,2005-06,Playmaker,Elite,78,2652.76,1345,287,491,74,11,175,0.443,0.368,0.863,0.534,0.475,0.244,0.126,106.0,102.1,3.9,2.81,0.016,0.091,0.31,0.055,23.30000000000001,0.8929004485529851,2.2420499303614863,-0.3379642769191915,0.34261313600683563
101180,Sarunas Jasikevicius,IND,2005-06,Playmaker,Very Good,75,1557.2833333333333,547,153,227,40,4,116,0.396,0.364,0.91,0.561,0.497,0.171,0.104,98.8,97.8,1.0,1.96,0.012,0.084,0.257,0.049,27.60000000000001,-0.06259811217554863,0.9728757945135706,-0.7699549329584203,0.17214965079558298
2742,Sebastian Telfair,POR,2005-06,Playmaker,Very Good,68,1641.1666666666667,643,120,247,66,6,115,0.394,0.352,0.743,0.491,0.444,0.217,0.081,97.2,107.3,-10.1,2.15,0.012,0.067,0.273,0.039,18.10000000000001,-0.056853173952423765,1.1363520743190119,-0.9849129692661776,-0.09638939777243598
2733,Shaun Livingston,LAC,2005-06,Playmaker,Very Good,61,1525.3566666666666,352,183,273,46,32,111,0.427,0.125,0.688,0.46,0.428,0.148,0.075,99.3,100.9,-1.6,2.46,0.028,0.092,0.283,0.061,24.5,-0.949064397798011,1.2882005820489788,-0.5374777237922986,0.33546732785802685
2049,Speedy Claxton,NOK,2005-06,Playmaker,Very Good,71,2018.881666666667,871,193,339,108,6,154,0.413,0.27,0.769,0.497,0.425,0.234,0.115,103.5,102.2,1.3,2.2,0.02,0.081,0.306,0.05,23.200000000000003,0.26632219478573044,1.6602662360264007,-0.651080135307129,0.638436688389128
950,Stephon Marbury,NYK,2005-06,Playmaker,Very Good,60,2193.4166666666665,977,175,382,63,4,157,0.451,0.317,0.755,0.532,0.472,0.216,0.12,103.3,109.9,-6.6,2.43,0.012,0.072,0.305,0.042,15.5,0.41110907147857473,1.812875309552029,-0.8007581842505465,-0.300470569722224
2581,Steve Blake,POR,2005-06,Playmaker,Very Good,68,1781.2183333333332,560,146,306,42,5,83,0.438,0.413,0.791,0.549,0.519,0.153,0.099,101.3,112.4,-11.1,3.69,0.015,0.074,0.277,0.044,13.0,-0.25360228765235665,1.3759244756766384,-0.8522268545674789,-0.6548284150474585
1883,Steve Francis,NYK,2005-06,Playmaker,Very Good,70,2393.345,1005,290,345,74,17,214,0.435,0.301,0.787,0.534,0.452,0.222,0.109,102.2,107.7,-5.5,1.61,0.034,0.096,0.257,0.066,17.700000000000003,0.4866592063575205,1.4070793705494862,-0.1898679438167124,0.0742917397480559
959,Steve Nash,PHX,2005-06,Playmaker,Elite,79,2795.8866666666668,1489,333,826,61,12,276,0.512,0.439,0.921,0.632,0.583,0.227,0.166,112.3,104.1,8.2,2.99,0.018,0.099,0.435,0.06,21.30000000000001,1.432616247477184,4.17695319020946,-0.15221059054718733,0.10052353171284788
2551,T.J. Ford,MIL,2005-06,Playmaker,Very Good,72,2557.36,878,311,473,104,7,219,0.416,0.337,0.754,0.489,0.438,0.197,0.099,104.8,104.4,0.4,2.16,0.025,0.105,0.298,0.064,21.0,-0.04522788869344511,2.1084036465403906,-0.15962630216910217,0.4778484155300471
389,Toni Kukoc,MIL,2005-06,Playmaker,Average,65,1017.7666666666668,317,150,139,33,17,66,0.389,0.306,0.714,0.491,0.465,0.169,0.082,104.3,107.0,-2.7,2.11,0.026,0.133,0.209,0.077,18.400000000000006,-0.643330864776804,0.37941559807177605,-0.42120474817836806,-0.3093958681880815
2225,Tony Parker,SAS,2005-06,Playmaker,Elite,80,2714.69,1510,261,460,83,4,249,0.548,0.306,0.707,0.584,0.553,0.266,0.154,107.7,97.5,10.1,1.85,0.016,0.082,0.311,0.051,27.900000000000006,1.458817437828633,2.133597152703917,-0.45791073731320997,0.6353146596578468
2239,Trenton Hassell,MIN,2005-06,Playmaker,Average,77,2514.2116666666666,710,216,203,43,29,124,0.464,0.304,0.744,0.512,0.47,0.153,0.058,102.1,104.0,-1.9,1.64,0.036,0.055,0.129,0.046,21.400000000000006,-0.3569787873917208,0.16550357590804693,-0.6410110451015488,0.09189135438041583
1607,Troy Hudson,MIN,2005-06,Playmaker,Average,36,799.5966666666667,342,44,106,12,4,40,0.381,0.396,0.923,0.48,0.441,0.229,0.088,101.5,103.8,-2.4,2.65,0.011,0.046,0.239,0.028,21.60000000000001,-0.24896611585216957,0.42651538448213006,-1.326705938976222,-0.4704965617741666
1731,Tyronn Lue,ATL,2005-06,Playmaker,Average,51,1233.7916666666667,560,82,157,26,3,75,0.459,0.457,0.855,0.585,0.529,0.199,0.104,104.2,109.0,-4.8,2.09,0.011,0.06,0.225,0.035,16.400000000000006,0.2889711905998907,0.5355324952325407,-1.136699972664179,-0.6410792548982855
702,Voshon Lenard,POR,2005-06,Playmaker,Average,26,457.72333333333336,191,47,41,21,4,31,0.393,0.321,0.516,0.467,0.458,0.228,0.073,97.8,102.4,-4.7,1.32,0.011,0.099,0.155,0.054,23.0,-0.43950805723757264,-0.2845474316029045,-0.9875147913035385,-0.2949877502600561
200747,Adam Morrison,CHA,2006-07,Playmaker,Average,78,2325.83,917,230,163,28,6,130,0.376,0.337,0.71,0.45,0.422,0.216,0.051,99.5,105.6,-6.1,1.25,0.023,0.081,0.121,0.051,19.80000000000001,-0.1009978330348873,-0.02662530366482166,-0.5401654734068335,-0.390238241844135
947,Allen Iverson,DEN,2006-07,Playmaker,Elite,65,2761.2716666666665,1709,193,468,123,13,268,0.442,0.315,0.795,0.54,0.466,0.288,0.133,104.6,104.9,-0.2,1.75,0.008,0.061,0.302,0.035,20.5,1.511805087740284,2.112475803268368,-0.8421749498773334,0.7060417578516577
2738,Andre Iguodala,PHI,2006-07,Playmaker,Very Good,76,3061.5616666666665,1386,434,432,152,33,261,0.447,0.31,0.82,0.562,0.471,0.224,0.13,102.2,105.6,-3.5,1.66,0.027,0.124,0.242,0.076,19.80000000000001,0.9361489271382452,1.6429477155691568,0.31961511527789044,1.1677422905895032
1889,Andre Miller,PHI,2006-07,Playmaker,Elite,80,2965.87,1075,352,625,110,10,222,0.466,0.143,0.784,0.52,0.469,0.189,0.116,105.7,106.2,-0.5,2.82,0.035,0.088,0.329,0.062,19.200000000000003,0.21551821661772597,2.8418639809182418,-0.07631708884818639,0.4646105700800318
1533,Anthony Johnson,ATL,2006-07,Playmaker,Very Good,67,1300.361666666667,355,101,201,33,3,76,0.414,0.342,0.754,0.48,0.45,0.156,0.065,100.9,105.7,-4.8,2.64,0.018,0.065,0.249,0.042,19.700000000000003,-0.7739863704366968,0.8322625934534379,-0.997108199441777,-0.3746592866667437
1498,Antonio Daniels,WAS,2006-07,Playmaker,Very Good,80,1761.0233333333333,571,151,290,39,9,69,0.442,0.302,0.832,0.572,0.467,0.141,0.111,107.6,107.9,-0.4,4.2,0.01,0.08,0.261,0.044,17.5,-0.20201210151644042,1.2271669611605505,-0.8389599616491525,-0.3810466101273427
1884,Baron Davis,GSW,2006-07,Playmaker,Elite,63,2220.92,1264,276,509,135,29,193,0.439,0.304,0.745,0.53,0.48,0.263,0.141,109.2,103.9,5.3,2.64,0.023,0.101,0.356,0.062,21.5,0.9507063994969361,2.5666964275697675,-0.2779738612067475,1.051012212210064
2757,Beno Udrih,SAS,2006-07,Playmaker,Average,73,948.0883333333334,340,82,122,27,1,56,0.369,0.287,0.883,0.459,0.417,0.205,0.072,101.2,101.4,-0.2,2.18,0.012,0.078,0.22,0.045,24.0,-0.546168243513767,0.3786550322761151,-1.0093034296173764,-0.2044172895898995
1517,Bobby Jackson,NOK,2006-07,Playmaker,Average,56,1329.5966666666666,592,178,141,50,6,78,0.394,0.327,0.774,0.5,0.446,0.224,0.101,103.0,101.7,1.3,1.81,0.031,0.103,0.179,0.067,23.700000000000003,0.009069430804112452,0.21824538066893573,-0.4743066908825432,0.06685497549178705
2564,Boris Diaw,PHX,2006-07,Playmaker,Very Good,73,2267.518333333333,709,317,352,28,38,154,0.538,0.333,0.683,0.57,0.551,0.153,0.09,110.6,105.3,5.3,2.29,0.045,0.099,0.219,0.073,20.10000000000001,-0.02608283657410852,1.2193663830789994,-0.029049141924987948,-0.04885299123096365
200750,Brandon Roy,POR,2006-07,Playmaker,Average,57,2014.506666666667,955,250,230,67,10,116,0.456,0.377,0.838,0.548,0.492,0.225,0.121,104.6,109.5,-4.9,1.98,0.03,0.107,0.202,0.067,15.900000000000006,0.5526087128012812,0.6749439350601378,-0.2832634328586432,-0.17481846393073977
1510,Brevin Knight,CHA,2006-07,Playmaker,Very Good,45,1272.79,408,115,296,67,3,95,0.419,0.056,0.805,0.487,0.42,0.179,0.11,100.4,103.5,-3.1,3.12,0.011,0.085,0.378,0.047,21.900000000000006,-0.5273716361584774,1.9065105492798957,-0.8962626277470616,0.10688733834476793
101139,CJ Miles,UTA,2006-07,Playmaker,Average,37,372.4716666666667,101,35,25,11,4,28,0.345,0.219,0.609,0.4,0.375,0.177,-0.004,99.9,107.9,-8.1,0.89,0.028,0.068,0.097,0.047,17.5,-1.2608309719448554,-0.669246386185516,-1.1085329144402838,-0.7217520924154396
2306,Carlos Arroyo,ORL,2006-07,Playmaker,Very Good,72,1303.8583333333331,552,134,202,39,2,90,0.425,0.275,0.795,0.501,0.439,0.222,0.111,101.0,99.6,1.4,2.24,0.027,0.084,0.286,0.056,25.80000000000001,-0.028699954390227544,1.0437954581677134,-0.7311915459152987,0.03579494476202153
2294,Charlie Bell,MIL,2006-07,Playmaker,Average,82,2847.931666666667,1110,238,247,97,4,104,0.437,0.352,0.78,0.53,0.503,0.181,0.079,105.0,109.5,-4.5,2.38,0.02,0.068,0.137,0.044,15.900000000000006,0.2393699347384711,0.37235122077026855,-0.6081160248702734,0.07531764020018317
1497,Chauncey Billups,DET,2006-07,Playmaker,Elite,70,2533.468333333333,1191,237,502,84,17,140,0.427,0.345,0.883,0.591,0.494,0.212,0.146,110.5,103.0,7.5,3.59,0.01,0.089,0.321,0.05,22.400000000000006,0.8734876505581847,2.3443207215912967,-0.5343314776258569,0.4540523418638374
2768,Chris Duhon,CHI,2006-07,Playmaker,Very Good,78,1905.66,558,169,310,69,6,105,0.408,0.359,0.752,0.529,0.499,0.145,0.095,101.5,96.6,4.9,2.95,0.012,0.077,0.252,0.045,28.80000000000001,-0.4279591660819652,1.2502019075930608,-0.7784594928384972,0.5633697140721775
101108,Chris Paul,NOK,2006-07,Playmaker,Elite,64,2352.735,1104,280,569,118,3,161,0.437,0.35,0.818,0.537,0.466,0.223,0.15,106.7,107.8,-1.1,3.53,0.022,0.104,0.397,0.061,17.60000000000001,0.5825260412684703,3.0178016936416703,-0.2801000011767667,0.3826717454858158
200809,Chris Quinn,MIA,2006-07,Playmaker,Average,42,407.90833333333336,141,30,65,15,0,21,0.366,0.351,0.676,0.479,0.443,0.194,0.088,99.2,97.8,1.4,3.1,0.015,0.062,0.289,0.038,27.60000000000001,-0.6558514595794827,0.5565307070121225,-1.2364566961007328,-0.12735427867450552
1088,Chucky Atkins,MEM,2006-07,Playmaker,Very Good,75,2063.938333333333,988,139,346,50,4,127,0.434,0.379,0.81,0.58,0.515,0.21,0.109,107.9,110.8,-3.0,2.72,0.009,0.061,0.276,0.035,14.600000000000009,0.6495605550648831,1.517494475235252,-0.9854573933952584,-0.488047495464831
1800,Damon Jones,CLE,2006-07,Playmaker,Average,60,1172.8216666666667,393,66,94,16,2,36,0.386,0.385,0.682,0.525,0.511,0.148,0.069,105.1,102.5,2.7,2.61,0.007,0.051,0.128,0.028,22.900000000000006,-0.5478574384307278,-0.24120043156174148,-1.268331610135586,-0.37290496046271077
757,Damon Stoudamire,MEM,2006-07,Playmaker,Very Good,62,1501.4216666666666,467,139,299,47,2,101,0.391,0.337,0.795,0.493,0.459,0.168,0.087,102.4,110.5,-8.1,2.96,0.022,0.08,0.313,0.05,14.900000000000006,-0.5310439346801026,1.5524021564772905,-0.794362578825054,-0.5217401097710613
2424,Dan Dickau,POR,2006-07,Playmaker,Average,50,444.195,166,43,70,14,1,27,0.358,0.262,0.792,0.476,0.411,0.2,0.08,105.3,99.4,5.9,2.59,0.017,0.091,0.259,0.053,26.0,-0.6110524525085269,0.4063995635762971,-1.0108679599428798,-0.2216056576889495
101137,Daniel Ewing,LAC,2006-07,Playmaker,Average,61,711.905,179,73,90,32,4,50,0.404,0.318,0.778,0.495,0.447,0.152,0.076,99.9,95.6,4.3,1.8,0.014,0.091,0.215,0.055,29.80000000000001,-0.8444274676356791,0.23281664328670434,-0.9057872938235608,0.2185190323979933
353,Darrell Armstrong,IND,2006-07,Playmaker,Very Good,81,1275.34,457,135,191,70,6,76,0.414,0.336,0.785,0.547,0.509,0.167,0.112,99.5,101.9,-2.4,2.51,0.027,0.085,0.25,0.055,23.5,-0.2368289511224794,0.8010833335649723,-0.7412778216363136,0.2623312992481251
239,Darrick Martin,TOR,2006-07,Playmaker,Very Good,31,219.75333333333333,94,12,43,3,0,12,0.351,0.351,0.714,0.455,0.42,0.217,0.071,97.2,101.5,-4.3,3.58,0.008,0.047,0.347,0.026,23.900000000000006,-0.658595240751665,0.80140139134588,-1.4370933622628712,-0.4690829316174084
200786,David Noel,MIL,2006-07,Playmaker,Average,68,791.7116666666667,184,123,65,25,9,40,0.367,0.321,0.86,0.47,0.415,0.131,0.053,101.3,110.7,-9.3,1.63,0.052,0.109,0.122,0.08,14.700000000000003,-1.1374902513926177,-0.38161739991905463,-0.4546270070232896,-0.6906187814023168
2052,DeShawn Stevenson,WAS,2006-07,Playmaker,Average,82,2419.3716666666664,920,216,218,65,19,119,0.461,0.404,0.704,0.542,0.51,0.173,0.076,108.4,110.0,-1.7,1.83,0.022,0.07,0.139,0.045,15.400000000000006,0.11239821563052872,0.27687547909229326,-0.6537506994062292,-0.13386135130446222
200793,Dee Brown,UTA,2006-07,Playmaker,Average,49,449.53333333333336,94,40,83,22,7,31,0.327,0.214,0.649,0.411,0.357,0.135,0.061,101.9,100.3,1.6,2.68,0.018,0.078,0.269,0.046,25.10000000000001,-1.5104463629406915,0.5104120841158669,-1.1080056758266377,-0.13088917770857075
2753,Delonte West,BOS,2006-07,Playmaker,Very Good,69,2218.985,845,208,304,74,34,140,0.427,0.365,0.853,0.526,0.472,0.19,0.099,101.1,106.7,-5.6,2.17,0.015,0.085,0.237,0.05,18.700000000000003,0.09127966160514504,1.1438589596352726,-0.6112794565521499,0.30504330284979136
1507,Derek Anderson,CHA,2006-07,Playmaker,Average,50,1190.375,399,113,133,52,7,56,0.429,0.355,0.877,0.586,0.52,0.148,0.089,105.6,104.2,1.3,2.38,0.026,0.076,0.174,0.05,21.200000000000003,-0.19476083648345047,0.1607195834156434,-0.8633504220003512,-0.04919152225227297
965,Derek Fisher,UTA,2006-07,Playmaker,Average,82,2286.8683333333333,826,149,274,83,6,120,0.382,0.308,0.853,0.51,0.418,0.177,0.069,107.6,103.5,4.1,2.28,0.014,0.057,0.183,0.035,21.900000000000006,-0.10906901417485872,0.7301149398795943,-0.9589236075586056,0.3030215373669765
101114,Deron Williams,UTA,2006-07,Playmaker,Elite,80,2949.701666666667,1297,267,745,78,13,246,0.456,0.322,0.767,0.535,0.494,0.221,0.124,109.3,106.4,2.9,3.03,0.015,0.082,0.404,0.049,19.0,0.695631748553891,3.704750939717626,-0.4674697744205788,0.1516484130533667
2734,Devin Harris,DAL,2006-07,Playmaker,Very Good,80,2081.365,813,196,296,96,21,146,0.492,0.28,0.824,0.574,0.504,0.187,0.103,111.0,96.2,14.8,2.03,0.024,0.074,0.22,0.051,29.200000000000003,0.3206831873211133,1.0189213223629736,-0.6303803452514529,1.0183903434724881
101182,Donell Taylor,WAS,2006-07,Playmaker,Average,47,368.61,126,53,45,17,3,25,0.4,0.176,0.524,0.422,0.411,0.209,0.079,89.0,100.1,-11.1,1.8,0.034,0.109,0.236,0.069,25.30000000000001,-0.8827610261367397,0.18520125381474406,-0.7804997052313423,-0.21141491340251975
2548,Dwyane Wade,MIA,2006-07,Playmaker,Elite,51,1930.621666666667,1397,239,384,107,62,216,0.491,0.266,0.807,0.583,0.502,0.333,0.195,106.1,104.1,2.0,1.78,0.029,0.096,0.378,0.064,21.30000000000001,1.862082370653961,2.2303233856456632,-0.35066956019300216,1.0830194270288231
1863,Earl Boykins,MIL,2006-07,Playmaker,Very Good,66,2031.16,961,139,291,56,2,120,0.42,0.397,0.898,0.548,0.482,0.209,0.109,102.4,108.4,-6.0,2.43,0.023,0.044,0.241,0.033,17.0,0.4398078933621021,1.118493585784544,-1.010936702004619,-0.3051030257222988
2248,Earl Watson,SEA,2006-07,Playmaker,Very Good,77,2151.8966666666665,726,185,437,99,23,167,0.383,0.329,0.735,0.483,0.45,0.191,0.091,105.4,107.8,-2.4,2.62,0.016,0.074,0.318,0.045,17.60000000000001,-0.23307063591422525,2.088287825634558,-0.7360054354998529,0.38815512971933946
2436,Flip Murray,DET,2006-07,Playmaker,Average,69,1476.7966666666666,465,113,187,49,13,90,0.404,0.289,0.725,0.474,0.432,0.183,0.071,103.2,101.6,1.6,2.08,0.018,0.061,0.207,0.039,23.80000000000001,-0.531312189427353,0.5448054748741784,-1.0034866193518346,0.13319132807993356
2410,Fred Jones,POR,2006-07,Playmaker,Average,63,1319.445,412,115,108,48,16,67,0.385,0.305,0.833,0.501,0.439,0.164,0.059,98.6,107.1,-8.5,1.61,0.018,0.074,0.134,0.045,18.30000000000001,-0.5542487645606873,-0.15597883303950233,-0.9217419363564222,-0.1699683556214249
56,Gary Payton,MIA,2006-07,Playmaker,Average,68,1502.7916666666667,358,132,201,43,3,66,0.393,0.26,0.667,0.458,0.437,0.144,0.066,99.2,105.9,-6.7,3.05,0.013,0.078,0.217,0.046,19.5,-0.985454504870278,0.6524976867360865,-0.8638948461294321,-0.282796592293525
2045,Hedo Turkoglu,ORL,2006-07,Playmaker,Average,73,2268.045,970,293,233,70,16,143,0.419,0.388,0.781,0.528,0.485,0.213,0.096,105.6,102.6,3.1,1.63,0.028,0.11,0.171,0.07,22.80000000000001,0.3612294379533199,0.5118357556447186,-0.13094919084699533,0.32237766674419915
200826,J.J. Barea,DAL,2006-07,Playmaker,Average,33,191.295,78,25,24,1,1,14,0.359,0.286,0.667,0.44,0.397,0.231,0.06,93.8,104.5,-10.7,1.71,0.036,0.096,0.24,0.065,20.900000000000006,-0.653409917796839,0.13039834938530936,-0.9057529227926913,-0.6559522186394674
1521,Jacque Vaughn,SAS,2006-07,Playmaker,Average,64,759.995,192,68,131,24,2,40,0.425,0.5,0.754,0.491,0.428,0.146,0.082,105.5,94.4,11.1,3.28,0.012,0.076,0.27,0.047,31.0,-0.9018455687198301,0.6926549209230211,-1.0209714211793295,0.18589881094475524
2224,Jamaal Tinsley,IND,2006-07,Playmaker,Elite,72,2242.7616666666668,925,240,494,117,25,200,0.389,0.316,0.72,0.465,0.424,0.234,0.108,101.2,104.0,-2.8,2.47,0.026,0.084,0.379,0.054,21.400000000000006,0.12230307861546878,2.64070708443779,-0.4754127246561399,0.8181623558032091
2037,Jamal Crawford,NYK,2006-07,Playmaker,Very Good,59,2197.87,1039,189,259,57,8,162,0.4,0.32,0.838,0.517,0.458,0.232,0.099,105.2,108.1,-3.0,1.6,0.021,0.068,0.203,0.045,17.30000000000001,0.48718497523514076,0.7872726367428649,-0.7253919211651917,-0.21641047625070023
2749,Jameer Nelson,ORL,2006-07,Playmaker,Very Good,77,2330.603333333333,1000,236,330,73,5,184,0.43,0.335,0.828,0.514,0.467,0.223,0.095,103.4,103.5,-0.1,1.79,0.023,0.084,0.242,0.054,21.900000000000006,0.37602321971183983,1.2676192006906537,-0.48602623899080094,0.18929044398078462
2457,Jannero Pargo,NOK,2006-07,Playmaker,Average,82,1710.1016666666667,751,180,203,53,4,122,0.409,0.388,0.852,0.504,0.467,0.23,0.102,97.9,100.7,-2.8,1.66,0.012,0.096,0.218,0.053,24.700000000000003,0.19052514814168528,0.6654747227156803,-0.6473550939807369,0.1364588113500804
101127,Jarrett Jack,POR,2006-07,Playmaker,Very Good,79,2650.74,946,208,417,86,9,187,0.454,0.35,0.871,0.571,0.499,0.175,0.103,102.7,108.8,-6.1,2.23,0.007,0.081,0.265,0.043,16.60000000000001,0.3115976018582188,1.7169583724371793,-0.700457036684912,0.053058240428766425
2078,Jason Hart,LAC,2006-07,Playmaker,Average,36,845.245,249,98,103,44,1,38,0.446,0.241,0.894,0.509,0.462,0.153,0.084,104.1,105.7,-1.7,2.71,0.018,0.109,0.195,0.063,19.700000000000003,-0.7065810535158823,0.16829956377875727,-0.7375355947944866,-0.28091922235145744
467,Jason Kidd,NJN,2006-07,Playmaker,Elite,80,2932.93,1041,655,736,127,23,213,0.406,0.343,0.778,0.516,0.475,0.188,0.16,105.8,104.9,0.9,3.46,0.048,0.186,0.405,0.117,20.5,0.16080852606508775,3.677251371151499,1.428337608759809,0.8486618496356306
1891,Jason Terry,DAL,2006-07,Playmaker,Very Good,81,2846.116666666667,1350,231,422,81,17,152,0.484,0.438,0.804,0.587,0.56,0.211,0.127,112.3,102.0,10.3,2.78,0.016,0.072,0.244,0.044,23.400000000000006,0.9579597038247929,1.6173861090156088,-0.6266896749559303,0.48172292809840417
1715,Jason Williams,MIA,2006-07,Playmaker,Very Good,61,1865.1166666666663,664,141,322,58,1,100,0.413,0.339,0.913,0.54,0.501,0.176,0.112,103.6,103.6,0.1,3.22,0.011,0.066,0.275,0.039,21.80000000000001,-0.061689537098325496,1.4235642301642164,-0.9291920190092067,-0.01247532361113444
976,Jeff McInnis,CHA,2006-07,Playmaker,Average,38,702.4583333333334,165,62,124,14,0,42,0.392,0.125,0.688,0.423,0.395,0.154,0.058,100.0,106.5,-6.5,2.95,0.021,0.074,0.276,0.047,18.900000000000006,-1.2515451951362464,0.7006030016761565,-1.0368916926813214,-0.6488813145434899
2422,John Salmons,SAC,2006-07,Playmaker,Average,79,2134.4733333333334,671,264,254,73,27,119,0.456,0.357,0.779,0.553,0.495,0.152,0.091,102.8,106.7,-4.0,2.13,0.023,0.104,0.196,0.064,18.700000000000003,-0.15800509348703787,0.729550606786753,-0.2843350956013702,0.22385969188997176
200770,Jordan Farmar,LAL,2006-07,Playmaker,Average,72,1089.73,320,119,137,44,7,73,0.422,0.328,0.711,0.515,0.498,0.158,0.085,103.2,102.6,0.7,1.88,0.021,0.092,0.204,0.057,22.80000000000001,-0.5844718518276217,0.34396794875251335,-0.7582525703655975,-0.038074945679563856
101181,Jose Calderon,TOR,2006-07,Playmaker,Elite,77,1613.6266666666668,668,134,387,63,5,110,0.521,0.333,0.818,0.588,0.546,0.19,0.134,106.0,104.7,1.3,3.52,0.014,0.076,0.397,0.045,20.700000000000003,0.3181235452528098,2.3480978729761057,-0.871327743266782,0.015171204538262012
2454,Junior Harrington,MEM,2006-07,Playmaker,Average,29,542.955,152,68,89,21,5,52,0.416,0.269,0.674,0.483,0.442,0.169,0.055,102.1,104.4,-2.4,1.71,0.024,0.11,0.246,0.068,21.0,-0.8080607281288797,0.4032842053468001,-0.7534386807810434,-0.40237963635598867
2693,Keith McLeod,IND,2006-07,Playmaker,Average,48,717.8866666666667,231,43,90,24,5,46,0.388,0.356,0.885,0.52,0.431,0.16,0.067,104.1,104.5,-0.5,1.96,0.006,0.056,0.184,0.031,20.900000000000006,-0.6054254616079012,0.05866938990427023,-1.2911403546458464,-0.3771710150460028
1563,Kevin Ollie,PHI,2006-07,Playmaker,Average,53,919.0166666666668,199,74,130,21,1,47,0.433,0.0,0.822,0.481,0.433,0.129,0.066,96.7,105.0,-8.2,2.77,0.01,0.078,0.229,0.044,20.400000000000006,-1.0784210833173864,0.45865144286907633,-1.0432701125913788,-0.47810229739798
2550,Kirk Hinrich,CHI,2006-07,Playmaker,Elite,80,2838.998333333333,1327,274,500,100,23,191,0.448,0.415,0.835,0.559,0.514,0.213,0.124,104.7,98.7,6.0,2.62,0.011,0.086,0.291,0.049,26.700000000000003,0.7959232288521488,2.1684317388991032,-0.4488961243349218,0.9331840356081246
2544,LeBron James,CLE,2006-07,Playmaker,Very Good,78,3190.29,2132,526,470,125,55,250,0.476,0.319,0.698,0.552,0.507,0.303,0.181,105.6,99.9,5.7,1.88,0.026,0.147,0.281,0.084,25.5,1.9952687512478666,2.001864465879783,0.6656431794125384,1.4454713471048404
283,Lindsey Hunter,DET,2006-07,Playmaker,Average,52,744.585,256,47,93,34,7,35,0.385,0.319,0.909,0.495,0.463,0.179,0.083,97.7,102.4,-4.7,2.66,0.012,0.054,0.225,0.033,23.0,-0.5912459841571845,0.3000322506028915,-1.2550475317018246,-0.12993764005278338
101150,Lou Williams,PHI,2006-07,Playmaker,Average,61,688.4216666666666,262,70,110,22,1,46,0.441,0.324,0.696,0.521,0.469,0.191,0.109,100.7,96.4,4.3,2.39,0.025,0.081,0.264,0.053,29.0,-0.35041736452795175,0.581675483144414,-0.9392267381839173,0.037549270966053726
2557,Luke Ridnour,SEA,2006-07,Playmaker,Very Good,71,2091.076666666667,779,164,368,83,19,156,0.433,0.353,0.805,0.509,0.468,0.196,0.088,104.8,108.3,-3.6,2.36,0.014,0.069,0.276,0.041,17.10000000000001,-0.009591390945182299,1.5984476843266937,-0.8426850029755447,0.15252612916930716
2575,Luke Walton,LAL,2006-07,Playmaker,Average,60,1982.01,684,302,257,60,21,118,0.474,0.387,0.745,0.551,0.517,0.164,0.099,107.0,106.8,0.2,2.18,0.046,0.11,0.194,0.079,18.60000000000001,-0.0722194450079485,0.7293543740839332,0.007588105148114727,0.02258172216853153
2696,Lynn Greer,MIL,2006-07,Playmaker,Average,41,431.775,167,27,53,17,1,18,0.433,0.346,0.844,0.538,0.496,0.18,0.089,103.4,105.1,-1.7,2.94,0.005,0.059,0.205,0.032,20.30000000000001,-0.4022537003039727,0.0404915310110161,-1.3208547576798102,-0.5254232166561776
2556,Marcus Banks,PHX,2006-07,Playmaker,Average,45,502.8,221,38,60,23,3,40,0.429,0.172,0.8,0.497,0.441,0.232,0.065,95.2,107.6,-12.4,1.5,0.019,0.058,0.223,0.038,17.80000000000001,-0.2170655749518072,0.16736713029589417,-1.2152296674314105,-0.5899067986439174
200766,Marcus Williams,NJN,2006-07,Playmaker,Very Good,79,1314.5116666666668,534,163,260,29,2,142,0.395,0.282,0.847,0.474,0.439,0.24,0.099,98.9,100.9,-2.0,1.83,0.024,0.102,0.346,0.064,24.5,-0.06428543547235344,1.5942767549583667,-0.5523263325515633,-0.14419976218545183
200776,Mardy Collins,NYK,2006-07,Playmaker,Average,52,777.0866666666667,235,104,83,32,3,57,0.382,0.277,0.585,0.445,0.41,0.184,0.062,97.2,103.9,-6.7,1.46,0.037,0.105,0.188,0.071,21.5,-0.85566451153004,0.055382163987571315,-0.6196980888550526,-0.27926223451595117
1710,Mike Bibby,SAC,2006-07,Playmaker,Very Good,82,2783.866666666667,1403,263,388,88,6,197,0.404,0.36,0.83,0.532,0.478,0.237,0.106,105.4,106.2,-0.9,1.97,0.014,0.084,0.235,0.048,19.200000000000003,0.8720486397364117,1.4417177240418526,-0.49082294305992025,0.19619072942487906
2229,Mike James,MIN,2006-07,Playmaker,Very Good,82,2069.0733333333333,828,163,297,55,7,129,0.423,0.372,0.837,0.529,0.48,0.202,0.085,101.7,107.2,-5.4,2.3,0.013,0.069,0.232,0.042,18.200000000000003,0.18401852314592856,1.0900128537043186,-0.8325987272545297,-0.19437145858584484
2366,Mike Wilks,SEA,2006-07,Playmaker,Average,47,533.7633333333333,170,54,79,15,4,31,0.468,0.333,0.786,0.533,0.486,0.162,0.088,105.8,103.5,2.3,2.55,0.03,0.078,0.238,0.054,21.900000000000006,-0.5604466116798187,0.3215460654440796,-0.9689411412178814,-0.42178607044438016
2590,Mo Williams,MIL,2006-07,Playmaker,Very Good,68,2471.688333333333,1174,329,416,85,6,203,0.446,0.346,0.855,0.519,0.484,0.239,0.111,107.0,108.9,-1.8,2.05,0.023,0.119,0.266,0.07,16.5,0.6472185278709603,1.718896334449758,-0.03542756183504536,0.006469017976286184
101145,Monta Ellis,GSW,2006-07,Playmaker,Very Good,77,2637.91,1272,243,319,132,21,221,0.475,0.273,0.763,0.545,0.495,0.221,0.094,106.2,105.6,0.6,1.44,0.023,0.068,0.185,0.045,19.80000000000001,0.734778387286987,0.9069363560546507,-0.5821094776472667,0.8391054637863942
1747,Rafer Alston,HOU,2006-07,Playmaker,Very Good,82,3040.2466666666664,1088,282,444,129,10,170,0.375,0.363,0.734,0.496,0.47,0.19,0.09,105.8,98.2,7.6,2.61,0.01,0.083,0.232,0.047,27.200000000000003,0.0949927659324545,1.6309274780880438,-0.4531484042749603,1.131513866303979
200765,Rajon Rondo,BOS,2006-07,Playmaker,Very Good,78,1830.9383333333333,501,292,297,128,8,137,0.418,0.207,0.647,0.472,0.424,0.162,0.1,101.3,99.7,1.6,2.17,0.041,0.129,0.26,0.083,25.700000000000003,-0.6705160236421949,1.247307147082001,0.032012936530183195,1.0127855627852682
200751,Randy Foye,MIN,2006-07,Playmaker,Average,82,1879.3333333333333,832,218,232,53,21,152,0.434,0.368,0.854,0.536,0.483,0.224,0.095,101.1,105.5,-4.4,1.53,0.028,0.095,0.216,0.061,19.900000000000006,0.3879764777062187,0.7609504643936555,-0.4446094733640139,0.026433259164701153
101109,Raymond Felton,CHA,2006-07,Playmaker,Elite,78,2832.2316666666666,1093,267,545,118,10,230,0.384,0.33,0.797,0.481,0.434,0.215,0.1,103.1,105.3,-2.2,2.37,0.018,0.081,0.314,0.049,20.10000000000001,0.19584751916082768,2.4632238751074214,-0.4674697744205788,0.6003806811310799
1729,Ricky Davis,MIN,2006-07,Playmaker,Very Good,81,3021.425,1374,315,385,80,23,210,0.465,0.397,0.839,0.566,0.521,0.215,0.11,101.9,105.8,-4.0,1.83,0.02,0.088,0.215,0.055,19.60000000000001,0.8844809461890253,1.3183255833764933,-0.2636696765765637,0.3087985839904179
2427,Roger Mason Jr.,WAS,2006-07,Playmaker,Average,62,492.3783333333333,165,45,35,13,6,19,0.33,0.324,0.875,0.443,0.422,0.179,0.032,99.5,106.0,-6.5,1.84,0.013,0.084,0.115,0.045,19.400000000000006,-0.9541824194762967,-0.5313317129336232,-1.1074784372129916,-0.5691605559386155
208,Sam Cassell,LAC,2006-07,Playmaker,Very Good,58,1407.3366666666666,714,167,270,28,8,101,0.418,0.294,0.879,0.506,0.443,0.253,0.125,103.9,101.8,2.1,2.67,0.02,0.101,0.34,0.06,23.60000000000001,0.34364879755349803,1.5973677481722464,-0.5926714354356234,-0.1467355486498804
101180,Sarunas Jasikevicius,GSW,2006-07,Playmaker,Very Good,63,972.565,386,69,172,26,1,90,0.398,0.338,0.905,0.531,0.466,0.195,0.096,96.9,102.8,-5.8,1.91,0.015,0.056,0.31,0.035,22.60000000000001,-0.17453760671331686,1.068228398535579,-1.1711938942518278,-0.29703519759751457
2742,Sebastian Telfair,BOS,2006-07,Playmaker,Average,78,1577.9033333333334,479,108,218,43,11,98,0.371,0.289,0.818,0.458,0.41,0.173,0.054,102.6,104.1,-1.5,2.22,0.011,0.061,0.223,0.036,21.30000000000001,-0.6859015042680453,0.7487583592253404,-1.0549724751842018,-0.0960984651798395
200771,Sergio Rodriguez,POR,2006-07,Playmaker,Very Good,67,861.7866666666666,247,91,218,35,2,77,0.423,0.282,0.808,0.493,0.473,0.171,0.11,99.6,106.6,-7.0,2.83,0.024,0.093,0.416,0.056,18.80000000000001,-0.667735253462394,1.8329654528643653,-0.8452868250129055,-0.41693323233774415
1742,Shammond Williams,LAL,2006-07,Playmaker,Average,30,344.9783333333333,94,40,31,12,0,13,0.407,0.4,0.667,0.53,0.523,0.134,0.08,100.0,104.3,-4.3,2.38,0.032,0.088,0.15,0.059,21.10000000000001,-0.8373800368986691,-0.34943261150087335,-0.9423901698657939,-0.5403437553112079
2733,Shaun Livingston,LAC,2006-07,Playmaker,Very Good,54,1611.4133333333334,503,184,274,59,29,108,0.463,0.313,0.707,0.503,0.469,0.17,0.096,102.8,107.1,-4.3,2.54,0.038,0.082,0.283,0.06,18.30000000000001,-0.43326624698426724,1.291880273371317,-0.5475639995133137,0.0755336687399492
2049,Speedy Claxton,ATL,2006-07,Playmaker,Very Good,42,1053.9816666666666,221,81,185,72,4,75,0.327,0.214,0.55,0.363,0.338,0.163,0.046,95.8,101.5,-5.7,2.47,0.011,0.071,0.291,0.04,23.900000000000006,-1.488328688536135,1.0093289723625491,-1.075655079724443,0.28632096713840527
1536,Stephen Jackson,GSW,2006-07,Playmaker,Average,75,2478.5116666666668,1161,222,287,84,34,183,0.433,0.322,0.813,0.54,0.486,0.217,0.092,105.8,103.0,2.8,1.57,0.024,0.066,0.183,0.045,22.400000000000006,0.5968612465974018,0.7779509270699918,-0.6378304279042375,0.6260492299160704
950,Stephon Marbury,NYK,2006-07,Playmaker,Very Good,74,2748.035,1210,213,403,71,10,179,0.415,0.357,0.769,0.539,0.48,0.213,0.101,105.1,108.6,-3.4,2.25,0.014,0.068,0.249,0.041,16.80000000000001,0.5971980797910647,1.5755602405657678,-0.7126694523759461,-0.08049380463293937
2581,Steve Blake,DEN,2006-07,Playmaker,Very Good,82,2224.3216666666667,528,169,408,61,8,129,0.411,0.322,0.672,0.491,0.476,0.131,0.074,105.8,106.6,-0.8,3.16,0.01,0.068,0.26,0.039,18.80000000000001,-0.7693467586317105,1.6557528838615487,-0.854897418666579,-0.08683301192319864
1883,Steve Francis,NYK,2006-07,Playmaker,Average,44,1237.1766666666667,497,157,170,41,12,100,0.408,0.378,0.829,0.57,0.469,0.192,0.1,104.6,105.9,-1.3,1.7,0.028,0.107,0.223,0.068,19.5,0.10653239041343059,0.5721331757531036,-0.5172879868348337,-0.21246214214249615
959,Steve Nash,PHX,2006-07,Playmaker,Elite,76,2682.435,1412,269,884,57,6,287,0.532,0.455,0.899,0.654,0.613,0.223,0.165,116.7,105.4,11.3,3.08,0.013,0.085,0.468,0.052,20.0,1.4735916479351114,4.575757846957348,-0.4239440543392074,-0.07800778162318904
2551,T.J. Ford,TOR,2006-07,Playmaker,Elite,75,2242.891666666667,1047,236,595,101,8,231,0.436,0.304,0.819,0.508,0.447,0.258,0.129,103.7,102.9,0.8,2.58,0.025,0.083,0.448,0.055,22.5,0.6318288745384169,3.399973988103244,-0.4732865846861206,0.5450138032924375
2225,Tony Parker,SAS,2006-07,Playmaker,Very Good,77,2498.9066666666668,1429,250,420,82,6,191,0.52,0.395,0.783,0.572,0.527,0.272,0.155,109.0,98.3,10.6,2.2,0.015,0.09,0.307,0.054,27.10000000000001,1.3757168323155888,1.9639388864707177,-0.4488789388194871,0.5981844846860781
1503,Tracy McGrady,HOU,2006-07,Playmaker,Elite,71,2538.9533333333334,1747,378,458,92,36,213,0.431,0.331,0.707,0.515,0.474,0.34,0.161,107.0,99.3,7.7,2.15,0.023,0.127,0.353,0.075,26.10000000000001,1.7769354094263463,2.362179210125764,0.15828626028795456,0.9465673591118705
101143,Travis Diener,ORL,2006-07,Playmaker,Average,26,288.2583333333333,98,18,35,4,0,13,0.425,0.36,0.8,0.566,0.538,0.152,0.08,103.3,103.5,-0.2,2.69,0.011,0.053,0.21,0.033,21.900000000000006,-0.4968954607210739,0.0023453538835134236,-1.3319955106281176,-0.5762309187781015
1607,Troy Hudson,MIN,2006-07,Playmaker,Average,34,554.13,202,48,73,14,2,40,0.379,0.35,0.813,0.483,0.451,0.205,0.086,97.4,104.0,-6.6,1.83,0.016,0.077,0.227,0.046,21.400000000000006,-0.5084659272274,0.2376737308259606,-1.0867786471573155,-0.48175969891358844
1731,Tyronn Lue,ATL,2006-07,Playmaker,Very Good,56,1487.855,636,104,201,24,0,85,0.416,0.348,0.883,0.534,0.469,0.206,0.099,102.5,109.2,-6.7,2.36,0.013,0.063,0.242,0.037,16.200000000000003,0.1034275375286139,0.7929390201090172,-1.0528463352141826,-0.7039053077940277
2779,Vassilis Spanoulis,HOU,2006-07,Playmaker,Average,31,271.9033333333333,85,22,28,7,1,29,0.319,0.172,0.81,0.47,0.354,0.2,0.03,90.3,96.6,-6.3,0.97,0.019,0.063,0.207,0.041,28.80000000000001,-0.7037707331921549,-0.040265445377606124,-1.2194647618560142,-0.1296221081185253
201166,Aaron Brooks,HOU,2007-08,Playmaker,Average,51,608.11,264,56,87,13,5,44,0.413,0.33,0.857,0.535,0.493,0.216,0.088,100.9,102.3,-1.3,1.98,0.022,0.075,0.249,0.048,23.10000000000001,-0.08591750822003696,0.4127777827068754,-1.0400723098786326,-0.3618857222585284
201151,Acie Law,ATL,2007-08,Playmaker,Average,56,865.36,235,57,113,29,0,56,0.401,0.206,0.792,0.455,0.416,0.159,0.054,99.0,106.6,-7.6,2.02,0.014,0.054,0.218,0.034,18.80000000000001,-0.9815012011127555,0.3343025037052362,-1.2157740915604915,-0.4993363379737608
947,Allen Iverson,DEN,2007-08,Playmaker,Elite,82,3423.806666666667,2164,243,586,160,12,245,0.458,0.345,0.809,0.567,0.488,0.263,0.136,109.7,104.7,5.1,2.39,0.013,0.054,0.271,0.034,20.700000000000003,1.8112892775275364,2.37253212592185,-0.7222456749987499,1.0910456575760277
1889,Andre Miller,PHI,2007-08,Playmaker,Elite,82,3015.8766666666666,1398,324,565,105,6,206,0.492,0.088,0.772,0.537,0.494,0.226,0.13,104.9,106.0,-1.1,2.74,0.032,0.081,0.318,0.056,19.400000000000006,0.8165052733830319,2.559288314893856,-0.22704961501889595,0.3840848343860826
101261,Andre Owens,IND,2007-08,Playmaker,Average,31,391.9933333333333,123,47,47,13,3,24,0.374,0.45,0.735,0.504,0.458,0.159,0.07,99.3,100.5,-1.2,1.96,0.033,0.081,0.18,0.058,24.900000000000006,-0.7821106075376726,-0.12202795029594418,-0.9365561740848172,-0.27636223517556885
1853,Anthony Carter,DEN,2007-08,Playmaker,Very Good,70,1959.7333333333331,545,200,388,107,28,124,0.458,0.349,0.753,0.531,0.505,0.137,0.085,107.2,106.7,0.5,3.13,0.014,0.082,0.266,0.049,18.700000000000003,-0.4844628863037006,1.615864977424287,-0.6452461395261524,0.5862634957956501
1533,Anthony Johnson,SAC,2007-08,Playmaker,Very Good,69,1530.335,387,137,262,52,9,84,0.437,0.452,0.814,0.517,0.496,0.134,0.083,100.6,104.5,-3.8,3.12,0.015,0.078,0.268,0.047,20.900000000000006,-0.7004113705422967,1.1634591774794996,-0.8378882989064255,-0.04658299676097851
1498,Antonio Daniels,WAS,2007-08,Playmaker,Very Good,71,2160.705,597,203,340,69,2,91,0.459,0.23,0.776,0.549,0.478,0.132,0.099,107.5,107.6,0.0,3.74,0.011,0.091,0.239,0.049,17.80000000000001,-0.3806499005303436,1.2875631539092847,-0.6372860037751565,-0.12340156748464087
1884,Baron Davis,GSW,2007-08,Playmaker,Elite,82,3196.2116666666666,1791,385,623,191,43,232,0.426,0.33,0.75,0.523,0.483,0.253,0.122,111.5,108.1,3.5,2.69,0.028,0.09,0.291,0.058,17.30000000000001,1.2175243124445612,2.6210337715467102,-0.039714212805953386,1.5261233975906372
2757,Beno Udrih,SAC,2007-08,Playmaker,Very Good,65,2079.5033333333336,834,217,282,56,10,148,0.463,0.387,0.85,0.54,0.501,0.195,0.097,105.7,106.3,-0.6,1.91,0.017,0.09,0.222,0.054,19.10000000000001,0.1999949405141143,0.9786409505200724,-0.5364404320804412,-0.1007784960937627
2564,Boris Diaw,PHX,2007-08,Playmaker,Very Good,82,2307.575,725,378,317,61,39,155,0.477,0.317,0.744,0.516,0.487,0.164,0.089,108.3,104.5,3.8,2.05,0.046,0.114,0.196,0.083,20.900000000000006,-0.2427661058981112,0.9613711600940638,0.260203494725397,0.35019318977600467
200750,Brandon Roy,POR,2007-08,Playmaker,Very Good,74,2792.0,1416,348,430,79,16,136,0.454,0.34,0.753,0.531,0.485,0.247,0.134,107.3,106.5,0.8,3.16,0.03,0.1,0.272,0.065,18.900000000000006,0.9489108602893986,1.8041179329719972,-0.04871164026880659,0.1864867004959463
1510,Brevin Knight,LAC,2007-08,Playmaker,Very Good,74,1673.9183333333333,338,142,328,100,11,71,0.404,0.0,0.873,0.453,0.404,0.121,0.085,95.9,106.0,-10.0,4.62,0.009,0.079,0.323,0.044,19.400000000000006,-1.1968362519970526,1.7152897381742727,-0.86284036890214,0.38286533970988557
201228,C.J. Watson,GSW,2007-08,Playmaker,Average,32,367.9016666666666,118,32,35,15,0,18,0.426,0.346,0.793,0.519,0.47,0.148,0.07,105.1,105.1,-0.1,1.94,0.032,0.049,0.139,0.04,20.30000000000001,-0.7804786118653079,-0.3965080328956097,-1.2056706303240416,-0.556263406535874
2306,Carlos Arroyo,ORL,2007-08,Playmaker,Very Good,62,1268.9566666666667,430,113,219,26,2,77,0.451,0.345,0.853,0.547,0.493,0.169,0.097,110.3,105.8,4.5,2.84,0.008,0.081,0.272,0.046,19.60000000000001,-0.24165900814986294,1.027703063958623,-0.9143090392190725,-0.4631817587429497
2406,Caron Butler,WAS,2007-08,Playmaker,Very Good,58,2313.82,1180,388,284,128,20,150,0.466,0.357,0.901,0.558,0.501,0.236,0.136,110.7,106.8,3.9,1.89,0.041,0.138,0.21,0.088,18.60000000000001,0.8525678871685848,0.918588493145742,0.35043555208545113,0.7170369379706707
2294,Charlie Bell,MIL,2007-08,Playmaker,Average,68,1628.245,514,167,210,52,2,76,0.381,0.341,0.805,0.49,0.457,0.164,0.079,102.1,109.3,-7.2,2.76,0.019,0.089,0.208,0.052,16.10000000000001,-0.5435844717550005,0.6350560286228758,-0.6945886698730657,-0.39942768502009834
1497,Chauncey Billups,DET,2007-08,Playmaker,Elite,78,2522.2116666666666,1324,212,529,101,17,160,0.448,0.401,0.918,0.619,0.526,0.227,0.159,112.2,101.4,10.8,3.31,0.017,0.073,0.341,0.045,24.0,1.239298703112236,2.556025453992775,-0.6643642137408903,0.7242029918943441
2768,Chris Duhon,CHI,2007-08,Playmaker,Very Good,66,1489.861666666667,385,116,263,48,2,71,0.387,0.348,0.813,0.508,0.465,0.131,0.086,100.9,102.8,-1.9,3.7,0.012,0.066,0.273,0.039,22.60000000000001,-0.7752729404218942,1.1952271354764241,-0.9955264836008386,-0.05896774895157938
101108,Chris Paul,NOH,2007-08,Playmaker,Elite,80,3005.588333333333,1684,321,925,217,4,201,0.488,0.369,0.851,0.576,0.524,0.251,0.182,113.3,105.3,8.0,4.6,0.021,0.092,0.5,0.056,20.10000000000001,1.4287498313597944,4.906390097890569,-0.2350097507698918,1.565450828005526
200809,Chris Quinn,MIA,2007-08,Playmaker,Average,60,1339.6083333333331,465,118,178,46,4,55,0.424,0.403,0.867,0.559,0.509,0.168,0.1,100.2,107.9,-7.7,3.24,0.009,0.086,0.234,0.048,17.5,-0.1551288431735999,0.6633648930158993,-0.8755628376913855,-0.3591043895745218
1088,Chucky Atkins,DEN,2007-08,Playmaker,Average,24,351.61333333333334,113,31,47,9,1,10,0.344,0.316,0.444,0.449,0.447,0.161,0.059,102.8,106.2,-3.4,4.7,0.008,0.075,0.212,0.041,19.200000000000003,-1.0891456238676502,0.05773695642140714,-1.1955843546030267,-0.6729442627171265
201199,DJ Strawberry,PHX,2007-08,Playmaker,Average,33,270.22333333333336,73,28,30,12,6,11,0.315,0.24,0.474,0.364,0.348,0.178,0.023,97.3,105.6,-8.3,2.73,0.032,0.065,0.165,0.049,19.80000000000001,-1.479533963260964,-0.26884750279945313,-1.10162725591658,-0.556020048857126
2863,Damien Wilkins,SEA,2007-08,Playmaker,Average,76,1843.45,698,245,150,62,19,89,0.403,0.323,0.736,0.474,0.44,0.189,0.073,97.3,108.8,-11.5,1.69,0.037,0.094,0.129,0.065,16.60000000000001,-0.31936159595383856,-0.029520064175881267,-0.3220096343863302,-0.09443983005999478
1800,Damon Jones,CLE,2007-08,Playmaker,Average,67,1336.1066666666666,437,72,126,19,1,36,0.416,0.417,0.714,0.582,0.574,0.137,0.078,105.2,104.5,0.7,3.5,0.004,0.053,0.154,0.027,20.900000000000006,-0.2707526245966451,0.022608677460931002,-1.2651509929382745,-0.46944768574985263
757,Damon Stoudamire,SAS,2007-08,Playmaker,Average,60,1037.305,317,118,165,30,2,80,0.356,0.336,0.794,0.45,0.43,0.187,0.067,99.9,105.3,-5.4,2.06,0.02,0.097,0.244,0.059,20.10000000000001,-0.7459811719242652,0.6717054391746741,-0.7354266403399022,-0.3923589694649506
2424,Dan Dickau,LAC,2007-08,Playmaker,Very Good,67,1039.5566666666666,352,97,172,32,3,55,0.419,0.333,0.829,0.53,0.48,0.168,0.089,102.8,105.9,-3.2,3.13,0.013,0.088,0.273,0.049,19.5,-0.4024272223310305,0.8603752251436417,-0.9185441336436759,-0.39677158461495626
353,Darrell Armstrong,NJN,2007-08,Playmaker,Average,50,548.4783333333334,123,67,73,28,2,41,0.364,0.333,0.667,0.499,0.468,0.134,0.065,93.3,103.4,-10.1,1.78,0.033,0.092,0.225,0.063,22.0,-0.9937103401590054,0.22643842415612614,-0.8197903308881102,-0.30144781274752014
2052,DeShawn Stevenson,WAS,2007-08,Playmaker,Average,82,2564.075,917,235,252,65,15,102,0.386,0.383,0.797,0.529,0.487,0.172,0.08,109.5,107.3,2.3,2.47,0.014,0.083,0.152,0.047,18.10000000000001,0.028586316137604467,0.4750144774057183,-0.5778571977072283,-0.01569358468309522
2753,Delonte West,CLE,2007-08,Playmaker,Very Good,61,1533.5616666666667,507,193,229,59,29,117,0.413,0.356,0.736,0.492,0.463,0.179,0.095,99.6,102.1,-2.6,1.96,0.019,0.102,0.242,0.061,23.30000000000001,-0.42739021090671697,0.8959703771344887,-0.5109439379556459,0.369307043987462
1507,Derek Anderson,CHA,2007-08,Playmaker,Average,28,396.145,141,52,44,12,1,25,0.376,0.365,0.737,0.497,0.452,0.185,0.074,91.3,104.2,-13.0,1.76,0.021,0.113,0.215,0.065,21.200000000000003,-0.6188201465121881,0.06355084245914405,-0.8341117010337287,-0.5243508238031857
965,Derek Fisher,LAL,2007-08,Playmaker,Average,82,2248.9266666666667,956,170,239,86,3,90,0.436,0.406,0.883,0.556,0.508,0.182,0.083,110.8,104.3,6.5,2.66,0.011,0.063,0.157,0.038,21.10000000000001,0.2842894225870309,0.4552667568899069,-0.8649836943875939,0.2567494941330928
101114,Deron Williams,UTA,2007-08,Playmaker,Elite,82,3058.931666666667,1545,243,862,90,23,279,0.507,0.395,0.803,0.595,0.544,0.229,0.146,113.2,106.0,7.2,3.09,0.013,0.073,0.427,0.044,19.400000000000006,1.2760927122861385,4.264480851134299,-0.594849131951947,0.4006612783636365
2484,Devin Brown,CLE,2007-08,Playmaker,Average,78,1762.44,586,263,175,52,7,99,0.409,0.308,0.754,0.494,0.451,0.174,0.083,101.9,103.3,-1.4,1.77,0.036,0.118,0.166,0.075,22.10000000000001,-0.39558678321849094,0.2703253922745129,-0.1468522768335523,0.003687685292279678
2734,Devin Harris,NJN,2007-08,Playmaker,Very Good,64,2022.385,946,173,369,90,10,161,0.463,0.335,0.824,0.573,0.504,0.221,0.113,110.1,105.9,4.2,2.29,0.015,0.073,0.288,0.045,19.5,0.6597748492229351,1.6695392156680384,-0.7678459785038361,0.27500971382864364
2548,Dwyane Wade,MIA,2007-08,Playmaker,Very Good,51,1953.9633333333331,1254,214,354,87,37,224,0.469,0.286,0.758,0.549,0.48,0.317,0.139,102.7,109.4,-6.7,1.58,0.025,0.094,0.336,0.059,16.0,1.4474341295030662,1.8839912059089916,-0.4807022963080356,0.31145579042340704
1863,Earl Boykins,CHA,2007-08,Playmaker,Average,36,576.71,185,34,96,13,0,41,0.355,0.318,0.831,0.467,0.395,0.183,0.073,100.9,109.0,-8.1,2.34,0.016,0.045,0.27,0.03,16.400000000000006,-0.7732566437230372,0.5638657246411817,-1.327760416203514,-0.8061293651055582
2248,Earl Watson,SEA,2007-08,Playmaker,Elite,78,2269.0616666666665,838,225,531,69,11,175,0.454,0.371,0.766,0.517,0.487,0.185,0.104,99.3,108.5,-9.2,3.03,0.018,0.078,0.359,0.048,16.900000000000006,-0.00182861706165884,2.664502596665961,-0.5916513292392008,-0.08522359900154079
2436,Flip Murray,IND,2007-08,Playmaker,Average,42,873.3183333333334,396,83,144,38,4,84,0.42,0.317,0.694,0.483,0.447,0.246,0.089,105.7,107.9,-2.2,1.71,0.026,0.064,0.266,0.046,17.5,-0.0684232698385725,0.7180202947737496,-0.9939103967290307,-0.4419952930810173
2410,Fred Jones,NYK,2007-08,Playmaker,Average,70,1756.5466666666666,532,170,166,48,18,78,0.421,0.385,0.746,0.546,0.507,0.142,0.071,102.3,109.6,-7.3,2.13,0.017,0.085,0.15,0.049,15.800000000000011,-0.37147236905556896,0.14732571701479277,-0.7248474970361107,-0.29662011523903625
1761,Greg Buckner,MIN,2007-08,Playmaker,Average,31,519.5216666666666,124,65,39,21,2,29,0.385,0.3,0.864,0.489,0.449,0.13,0.046,100.9,114.7,-13.9,1.34,0.019,0.125,0.109,0.066,10.700000000000003,-1.0794464815103977,-0.5503188676537736,-0.7868781251413999,-1.0379051813750826
2045,Hedo Turkoglu,ORL,2007-08,Playmaker,Very Good,82,3026.201666666667,1602,471,409,74,25,246,0.456,0.4,0.829,0.576,0.524,0.246,0.124,111.6,104.5,7.1,1.66,0.03,0.125,0.224,0.08,20.900000000000006,1.3330132086382152,1.4571970551268667,0.46874874009222695,0.3432464119310445
200826,J.J. Barea,DAL,2007-08,Playmaker,Average,44,459.83166666666665,191,47,58,14,1,35,0.418,0.389,0.8,0.515,0.479,0.214,0.086,103.0,97.2,5.8,1.66,0.009,0.097,0.216,0.052,28.200000000000003,-0.2675530684147367,0.12068417430679701,-1.012994099912899,-0.09234537258004376
1521,Jacque Vaughn,SAS,2007-08,Playmaker,Average,74,1139.2383333333332,306,74,159,23,1,54,0.428,0.3,0.763,0.481,0.433,0.152,0.065,98.6,97.2,1.4,2.94,0.012,0.056,0.232,0.034,28.200000000000003,-0.8328870601450671,0.5822154512216378,-1.1706666556381817,0.0009068938647636878
2224,Jamaal Tinsley,IND,2007-08,Playmaker,Very Good,39,1293.2333333333331,464,141,326,66,10,130,0.38,0.284,0.72,0.458,0.423,0.208,0.095,104.0,103.9,0.1,2.51,0.018,0.09,0.368,0.053,21.5,-0.4405018659917897,1.9607247556008716,-0.7508368587436827,0.14384635340816235
2037,Jamal Crawford,NYK,2007-08,Playmaker,Very Good,80,3189.608333333333,1645,207,398,81,17,192,0.41,0.356,0.864,0.528,0.473,0.241,0.103,104.6,110.0,-5.4,2.07,0.011,0.056,0.217,0.033,15.400000000000006,1.052978464656305,1.377396877236725,-0.8305069583153801,0.0116855277023837
2749,Jameer Nelson,ORL,2007-08,Playmaker,Very Good,69,1960.805,755,243,383,63,4,141,0.469,0.416,0.828,0.564,0.522,0.183,0.111,109.7,103.9,5.9,2.72,0.015,0.106,0.299,0.063,21.5,0.19239925899907048,1.7828490808648638,-0.35279570016302136,0.05205748057479137
2457,Jannero Pargo,NOH,2007-08,Playmaker,Average,80,1497.3983333333333,644,130,192,50,5,93,0.39,0.349,0.877,0.468,0.439,0.237,0.078,105.2,103.0,2.2,2.06,0.018,0.074,0.211,0.045,22.400000000000006,-0.041225716393161894,0.5856745448255387,-0.881941257601443,-0.019643566075638625
101127,Jarrett Jack,POR,2007-08,Playmaker,Very Good,82,2229.41,814,234,313,61,1,178,0.431,0.342,0.867,0.558,0.483,0.187,0.104,102.1,105.8,-3.7,1.76,0.014,0.091,0.24,0.053,19.60000000000001,0.22992375701162845,1.1938291415410687,-0.5040726504628118,-0.11065151990510445
2078,Jason Hart,UTA,2007-08,Playmaker,Average,57,605.75,165,55,86,30,3,28,0.322,0.355,0.844,0.413,0.353,0.157,0.056,102.0,98.5,3.6,3.07,0.008,0.087,0.208,0.046,26.900000000000006,-1.2867591109689756,0.17877430465293062,-1.0682049970716585,0.01729028487473916
467,Jason Kidd,DAL,2007-08,Playmaker,Elite,80,2905.515,864,600,806,136,26,266,0.385,0.381,0.818,0.499,0.46,0.172,0.142,105.9,105.7,0.2,3.03,0.033,0.178,0.424,0.105,19.700000000000003,-0.1811606633200442,4.0415651770786045,1.129525935002055,0.9252627680500538
1715,Jason Williams,MIA,2007-08,Playmaker,Very Good,67,1886.2333333333331,588,130,307,83,5,91,0.384,0.353,0.863,0.502,0.472,0.163,0.088,98.2,109.6,-11.4,3.37,0.007,0.069,0.255,0.037,15.800000000000011,-0.42892949844220585,1.2560157936307976,-0.9838584920388853,-0.06549944443806133
711,Jerry Stackhouse,DAL,2007-08,Playmaker,Average,58,1412.3583333333331,618,133,145,28,10,86,0.405,0.326,0.892,0.523,0.462,0.212,0.086,105.9,103.9,2.0,1.69,0.024,0.069,0.171,0.048,21.5,0.07147685091561844,0.18802291927895107,-0.8357621589364064,-0.24988543824769124
2207,Joe Johnson,ATL,2007-08,Playmaker,Very Good,82,3342.793333333333,1779,367,474,84,18,223,0.432,0.381,0.834,0.535,0.489,0.253,0.121,106.2,106.7,-0.5,2.13,0.026,0.088,0.251,0.057,18.700000000000003,1.2774809596949832,1.8480536311216191,-0.10021468161660874,0.24677750818375035
200770,Jordan Farmar,LAL,2007-08,Playmaker,Average,82,1689.888333333333,749,183,225,77,5,108,0.461,0.371,0.679,0.563,0.552,0.197,0.106,109.4,101.2,8.2,2.08,0.024,0.081,0.209,0.053,24.200000000000003,0.2848415781069983,0.6958690517928671,-0.639394958229741,0.3658716483478881
101181,Jose Calderon,TOR,2007-08,Playmaker,Elite,82,2483.515,922,236,678,87,6,126,0.519,0.429,0.908,0.607,0.575,0.164,0.143,110.4,106.4,3.9,5.38,0.015,0.089,0.42,0.051,19.0,0.41959602808223445,3.5480940744796374,-0.5242452019048419,0.1740784314766665
2413,Juan Dixon,DET,2007-08,Playmaker,Average,53,668.1366666666667,263,75,97,21,2,54,0.411,0.417,0.808,0.488,0.469,0.216,0.082,105.5,98.3,7.1,1.8,0.022,0.094,0.23,0.057,27.10000000000001,-0.35536285867274264,0.3428392825668307,-0.8750012280468698,-0.07432851056324015
2039,Keyon Dooling,ORL,2007-08,Playmaker,Average,72,1334.2233333333334,581,101,133,36,5,61,0.468,0.338,0.845,0.572,0.494,0.191,0.102,104.5,100.6,3.9,2.18,0.006,0.068,0.177,0.039,24.80000000000001,0.17122349101754,0.1775725434203951,-1.0353271623558178,-0.02369142709319923
2550,Kirk Hinrich,CHI,2007-08,Playmaker,Very Good,75,2379.508333333333,862,244,452,87,19,157,0.414,0.35,0.831,0.501,0.467,0.187,0.096,102.6,105.1,-2.5,2.88,0.011,0.094,0.303,0.051,20.30000000000001,-0.06136065781323082,2.0592183954458734,-0.5030181732355197,0.3819865410809633
200768,Kyle Lowry,MEM,2007-08,Playmaker,Very Good,82,2088.983333333333,791,250,296,92,22,127,0.432,0.257,0.698,0.531,0.463,0.182,0.094,102.1,106.3,-4.3,2.33,0.019,0.1,0.224,0.059,19.10000000000001,0.02236144379118922,1.0413919357026424,-0.38518066729608563,0.3936401377223373
2544,LeBron James,CLE,2007-08,Playmaker,Elite,75,3026.798333333333,2250,592,539,138,81,255,0.484,0.315,0.712,0.568,0.518,0.328,0.199,107.2,105.5,1.7,2.11,0.043,0.158,0.352,0.099,19.900000000000006,2.3548569560388186,2.6546165539002464,1.031860980504651,1.5141969491055673
283,Lindsey Hunter,DET,2007-08,Playmaker,Average,24,215.25833333333333,58,13,33,13,2,13,0.344,0.269,0.778,0.427,0.398,0.176,0.048,102.6,97.2,5.4,2.54,0.02,0.045,0.237,0.032,28.200000000000003,-1.1447873806030389,0.14666261128160213,-1.3580020578511243,-0.09258927151528318
101150,Lou Williams,PHI,2007-08,Playmaker,Very Good,80,1862.0266666666664,920,167,253,81,13,125,0.424,0.359,0.783,0.523,0.461,0.236,0.111,103.7,103.4,0.3,2.02,0.022,0.071,0.236,0.046,22.0,0.46495539783493417,0.9505770488611037,-0.7710265957011474,0.35899652701681023
2557,Luke Ridnour,SEA,2007-08,Playmaker,Very Good,61,1223.0016666666668,393,94,241,37,14,80,0.399,0.296,0.857,0.482,0.428,0.17,0.081,99.9,105.9,-6.0,3.01,0.01,0.063,0.296,0.037,19.5,-0.6326608897259843,1.2434799530880782,-1.0793801210508354,-0.2336726658895989
2575,Luke Walton,LAL,2007-08,Playmaker,Average,74,1729.47,535,291,218,60,18,100,0.45,0.333,0.706,0.509,0.479,0.156,0.087,108.1,102.1,6.0,2.18,0.049,0.113,0.182,0.082,23.30000000000001,-0.47837101285496836,0.518434572493734,0.016619903641837602,0.26837630289197617
200766,Marcus Williams,NJN,2007-08,Playmaker,Very Good,53,853.8366666666667,313,101,140,25,3,75,0.379,0.38,0.787,0.499,0.471,0.207,0.087,100.9,111.7,-10.8,1.87,0.017,0.109,0.285,0.062,13.700000000000003,-0.3222968524381724,0.8100369428478236,-0.742315113348171,-0.8100782404702546
200776,Mardy Collins,NYK,2007-08,Playmaker,Average,46,633.795,145,75,89,24,8,56,0.326,0.25,0.605,0.378,0.349,0.171,0.041,97.9,107.6,-9.7,1.59,0.028,0.089,0.221,0.057,17.80000000000001,-1.3988091077924627,0.26284287197386946,-0.8750012280468698,-0.5289581156902429
2060,Marko Jaric,MIN,2007-08,Playmaker,Very Good,75,2188.5066666666667,621,222,311,97,32,128,0.43,0.362,0.742,0.518,0.473,0.148,0.08,100.8,109.3,-8.4,2.43,0.017,0.091,0.213,0.052,16.10000000000001,-0.4234582354197947,1.034793118853627,-0.5486528477714754,0.3703575672961145
1710,Mike Bibby,ATL,2007-08,Playmaker,Very Good,48,1573.245,667,160,290,54,4,119,0.411,0.375,0.78,0.515,0.488,0.214,0.095,110.0,110.9,-0.9,2.44,0.011,0.093,0.281,0.052,14.5,0.07571382307729063,1.339520027858895,-0.7131623199587226,-0.452477511216534
201144,Mike Conley,MEM,2007-08,Playmaker,Very Good,53,1381.3366666666666,498,139,222,44,2,89,0.428,0.33,0.732,0.502,0.462,0.186,0.081,104.5,115.1,-10.6,2.49,0.015,0.089,0.247,0.051,10.300000000000011,-0.3254618148159569,0.898300804552707,-0.7816229245203739,-0.8230957038137086
2590,Mo Williams,MIL,2007-08,Playmaker,Very Good,66,2410.0866666666666,1137,230,419,78,10,182,0.48,0.385,0.856,0.566,0.528,0.222,0.119,103.8,111.0,-7.2,2.3,0.016,0.086,0.299,0.05,14.400000000000006,0.7648120238250867,1.9153179684690416,-0.5529051277115138,-0.14897548418356232
101126,Nate Robinson,NYK,2007-08,Playmaker,Average,72,1882.84,913,222,212,60,1,103,0.423,0.332,0.786,0.526,0.485,0.226,0.098,104.6,109.0,-4.4,2.06,0.027,0.098,0.189,0.061,16.400000000000006,0.403855143277332,0.535679997904125,-0.4339959590293528,-0.3090278430018248
1747,Rafer Alston,HOU,2007-08,Playmaker,Very Good,74,2525.9283333333333,969,260,392,98,18,160,0.394,0.351,0.715,0.492,0.471,0.202,0.099,105.8,99.3,6.4,2.45,0.011,0.089,0.246,0.05,26.10000000000001,0.07415168302121093,1.5182306760152953,-0.47330377020155545,0.8266211846864367
200765,Rajon Rondo,BOS,2007-08,Playmaker,Very Good,77,2305.7233333333334,814,322,393,129,13,147,0.492,0.263,0.611,0.515,0.496,0.186,0.113,110.8,97.1,13.7,2.67,0.039,0.105,0.263,0.074,28.30000000000001,-0.02325078176341187,1.6174104740312263,-0.0030425947019812327,1.22649640086765
200751,Randy Foye,MIN,2007-08,Playmaker,Average,39,1258.73,510,128,164,36,3,79,0.429,0.412,0.815,0.52,0.495,0.203,0.083,103.9,109.7,-5.8,2.08,0.011,0.099,0.202,0.054,15.700000000000003,-0.08944418089539204,0.43208430778581225,-0.7725911260266509,-0.5785938980498181
101109,Raymond Felton,CHA,2007-08,Playmaker,Elite,79,2972.1716666666666,1140,236,583,96,12,213,0.413,0.28,0.8,0.5,0.441,0.204,0.098,103.8,107.4,-3.7,2.74,0.013,0.069,0.318,0.041,18.0,0.25784940409219886,2.625522758695945,-0.6516417449516447,0.2692808068904065
1888,Richard Hamilton,DET,2007-08,Playmaker,Very Good,72,2424.238333333333,1244,235,299,73,10,132,0.484,0.44,0.833,0.552,0.515,0.242,0.117,110.6,102.3,8.2,2.27,0.033,0.07,0.215,0.051,23.10000000000001,0.9083390939683486,1.0018721296554023,-0.5268985804885071,0.31038337405555044
1729,Ricky Davis,MIA,2007-08,Playmaker,Average,82,2963.393333333333,1130,353,276,87,14,191,0.433,0.405,0.787,0.534,0.502,0.196,0.09,98.4,108.9,-10.5,1.45,0.019,0.108,0.167,0.063,16.5,0.3864702891479641,0.6475918691655952,-0.06092405595984085,0.10813145587749029
201155,Rodney Stuckey,DET,2007-08,Playmaker,Average,57,1080.8733333333332,436,129,160,49,6,78,0.401,0.188,0.814,0.484,0.404,0.225,0.104,103.5,99.8,3.7,2.05,0.031,0.094,0.258,0.062,25.60000000000001,-0.1875898997188671,0.7319541292518239,-0.6680205130055432,0.1681274951475303
2767,Royal Ivey,MIL,2007-08,Playmaker,Average,75,1436.7216666666666,418,118,160,45,7,75,0.394,0.327,0.726,0.487,0.44,0.157,0.047,101.1,109.7,-8.6,2.13,0.027,0.063,0.176,0.044,15.700000000000003,-0.6812107522568631,0.27130655578861107,-0.9265214549101066,-0.44487177559272056
208,Sam Cassell,BOS,2007-08,Playmaker,Very Good,55,1273.3733333333332,616,136,214,37,6,97,0.438,0.303,0.882,0.517,0.46,0.246,0.112,102.2,105.6,-3.4,2.21,0.014,0.094,0.298,0.054,19.80000000000001,0.28462572602426595,1.1553635940547795,-0.7513640973573287,-0.29698597539932764
2742,Sebastian Telfair,MIN,2007-08,Playmaker,Very Good,60,1932.743333333333,556,135,355,59,11,111,0.401,0.281,0.743,0.462,0.43,0.165,0.069,99.6,109.9,-10.3,3.2,0.008,0.066,0.282,0.036,15.5,-0.6660667482310972,1.5843176171457993,-0.9833312534252393,-0.27109377345396407
200771,Sergio Rodriguez,POR,2007-08,Playmaker,Very Good,72,627.91,180,58,123,24,0,53,0.352,0.293,0.658,0.423,0.395,0.195,0.068,95.1,103.2,-8.2,2.32,0.021,0.072,0.35,0.046,22.200000000000003,-0.9405881965227821,1.1126296571376928,-1.0602448613206628,-0.35137725749701226
2470,Smush Parker,LAC,2007-08,Playmaker,Average,28,592.4333333333333,165,51,84,24,6,44,0.348,0.231,0.679,0.42,0.397,0.185,0.053,96.3,103.7,-7.3,1.91,0.007,0.078,0.249,0.043,21.700000000000003,-1.0417628597494788,0.40173870873986056,-1.1170374743203606,-0.32004981100332835
950,Stephon Marbury,NYK,2007-08,Playmaker,Average,24,804.9883333333333,333,59,113,21,2,48,0.419,0.378,0.716,0.527,0.472,0.198,0.088,99.4,109.5,-10.1,2.35,0.02,0.054,0.244,0.037,15.900000000000006,-0.21366719871101425,0.4803614904130841,-1.17224837147912,-0.732380871117669
2581,Steve Blake,POR,2007-08,Playmaker,Very Good,81,2424.29,692,195,413,55,4,113,0.408,0.406,0.766,0.518,0.502,0.15,0.088,107.3,105.6,1.7,3.65,0.014,0.071,0.261,0.042,19.80000000000001,-0.3576156971399962,1.6797689938081573,-0.7476906125772409,-0.1307163705158578
959,Steve Nash,PHX,2007-08,Playmaker,Elite,81,2779.865,1371,282,898,53,5,295,0.504,0.47,0.906,0.641,0.597,0.213,0.15,116.3,106.9,9.4,3.04,0.012,0.086,0.447,0.053,18.5,1.2964917504583156,4.509302805436821,-0.37671047844687855,-0.21770270995376317
2551,T.J. Ford,TOR,2007-08,Playmaker,Elite,51,1199.4416666666666,617,100,313,54,0,102,0.469,0.294,0.88,0.533,0.484,0.256,0.135,105.5,104.8,0.6,3.07,0.02,0.066,0.434,0.043,20.60000000000001,0.45003227484054764,2.283653888515011,-0.9870219237207619,-0.13454384942685796
2419,Tayshaun Prince,DET,2007-08,Playmaker,Average,82,2693.855,1080,398,268,42,33,91,0.448,0.363,0.768,0.516,0.476,0.199,0.113,110.7,100.7,10.0,2.95,0.043,0.115,0.165,0.078,24.700000000000003,0.269458637109342,0.6069190319170545,0.24957279487530104,0.3158902751177523
1501,Tim Thomas,LAC,2007-08,Playmaker,Average,63,1939.7283333333328,780,323,171,40,29,98,0.413,0.306,0.752,0.505,0.472,0.204,0.086,99.4,105.2,-5.8,1.74,0.033,0.14,0.154,0.087,20.200000000000003,0.026823469690932928,0.18819478696615305,0.16522628984252782,-0.009698344493923225
2225,Tony Parker,SAS,2007-08,Playmaker,Very Good,69,2312.366666666667,1295,221,411,55,8,164,0.494,0.258,0.715,0.542,0.502,0.281,0.144,108.0,100.3,7.7,2.51,0.014,0.086,0.327,0.051,25.10000000000001,1.1734411279688055,2.0431747312680177,-0.5640458806598211,0.2211532632587957
1503,Tracy McGrady,HOU,2007-08,Playmaker,Very Good,66,2439.9933333333333,1427,339,387,68,30,160,0.419,0.292,0.684,0.487,0.452,0.3,0.138,105.9,100.4,5.5,2.42,0.017,0.119,0.294,0.068,25.0,1.0932574550348237,1.769479579479631,-0.03437308460775318,0.5725597220194957
101143,Travis Diener,IND,2007-08,Playmaker,Very Good,66,1356.24,456,115,251,35,4,55,0.37,0.318,0.901,0.494,0.456,0.163,0.084,105.5,107.1,-1.6,4.56,0.018,0.066,0.282,0.041,18.30000000000001,-0.5698614470479856,1.2016297196226196,-0.9727005535751433,-0.42607564185635033
1731,Tyronn Lue,DAL,2007-08,Playmaker,Average,50,736.27,290,54,74,11,1,27,0.447,0.453,0.781,0.543,0.524,0.183,0.08,103.2,104.2,-1.0,2.74,0.013,0.066,0.177,0.04,21.200000000000003,-0.2630032544982546,-0.039529244597562685,-1.1472963014834057,-0.5347121867414976
1713,Vince Carter,NJN,2007-08,Playmaker,Very Good,76,2959.0033333333336,1622,453,389,93,33,181,0.456,0.359,0.816,0.55,0.494,0.25,0.132,104.0,106.1,-2.1,2.15,0.039,0.118,0.242,0.079,19.30000000000001,1.2280621742627522,1.4847209887086115,0.4082482712815716,0.5270445397043477
201166,Aaron Brooks,HOU,2008-09,Playmaker,Average,80,1998.17,894,157,238,46,8,125,0.404,0.366,0.866,0.521,0.476,0.226,0.085,107.7,103.8,3.9,1.9,0.018,0.063,0.201,0.041,21.60000000000001,0.3615656325620469,0.6987638123039268,-0.8612586530612016,-0.07774036585927067
201151,Acie Law,ATL,2008-09,Playmaker,Average,55,559.5233333333333,162,58,86,11,3,29,0.374,0.31,0.817,0.49,0.406,0.157,0.089,98.6,99.3,-0.6,2.97,0.011,0.087,0.257,0.051,26.10000000000001,-0.8486722701658603,0.454039318063875,-0.9965465897972612,-0.22657935099278945
200747,Adam Morrison,LAL,2008-09,Playmaker,Average,52,711.0516666666666,209,80,41,9,4,32,0.359,0.333,0.739,0.448,0.43,0.173,0.036,98.8,106.9,-8.1,1.28,0.027,0.093,0.101,0.06,18.5,-0.9377870778543936,-0.5879007116884348,-0.8235153722145026,-0.6837201432425609
947,Allen Iverson,DET,2008-09,Playmaker,Very Good,57,2092.43,995,173,283,88,6,146,0.417,0.283,0.781,0.504,0.434,0.258,0.111,102.1,103.6,-1.5,1.94,0.015,0.072,0.238,0.044,21.80000000000001,0.5714589852794102,1.0722030952010861,-0.7805856328085163,0.34895288455358625
2738,Andre Iguodala,PHI,2008-09,Playmaker,Very Good,82,3268.97,1541,471,434,131,36,222,0.473,0.307,0.724,0.56,0.507,0.221,0.135,106.3,104.2,2.1,1.95,0.029,0.123,0.221,0.076,21.200000000000003,1.0145304929545018,1.5323363781805717,0.4177901228735057,1.0627626059634732
1889,Andre Miller,PHI,2008-09,Playmaker,Elite,82,2976.225,1337,368,534,109,14,199,0.473,0.283,0.826,0.548,0.48,0.215,0.131,106.3,104.8,1.6,2.68,0.043,0.088,0.298,0.065,20.60000000000001,0.754882784069566,2.332864817203025,0.004355931404498969,0.5769756082233138
1853,Anthony Carter,DEN,2008-09,Playmaker,Very Good,78,1786.5766666666666,412,205,364,96,13,155,0.433,0.239,0.731,0.49,0.46,0.138,0.089,105.6,103.0,2.6,2.35,0.023,0.088,0.303,0.057,22.400000000000006,-0.8074741964618051,1.7354055590801059,-0.5300620121703836,0.5379188411112906
1533,Anthony Johnson,ORL,2008-09,Playmaker,Average,80,1481.0216666666668,421,147,200,46,5,82,0.404,0.391,0.753,0.505,0.472,0.153,0.082,103.5,99.9,3.7,2.44,0.02,0.079,0.223,0.05,25.5,-0.6054135820727586,0.6825239154232516,-0.7731355501557318,0.12105047482457125
1515,Anthony Parker,TOR,2008-09,Playmaker,Average,80,2636.47,857,317,269,100,15,114,0.426,0.39,0.834,0.524,0.488,0.161,0.085,105.6,107.4,-1.8,2.36,0.018,0.107,0.157,0.063,18.0,-0.12379560348534668,0.5656574965600549,-0.15644568497179084,0.3410786506528718
101194,Anthony Roberson,CHI,2008-09,Playmaker,Average,29,275.78333333333336,119,22,20,10,1,8,0.367,0.321,1.0,0.487,0.475,0.2,0.066,96.7,107.6,-10.9,2.5,0.019,0.06,0.124,0.038,17.80000000000001,-0.5820535540703871,-0.5359682027544422,-1.257683724770055,-0.7448394448481176
1498,Antonio Daniels,NOH,2008-09,Playmaker,Very Good,74,1020.7983333333332,300,77,177,26,1,62,0.419,0.367,0.8,0.536,0.466,0.162,0.093,99.5,111.6,-12.1,2.85,0.005,0.083,0.3,0.042,13.800000000000011,-0.4495446419503231,1.030450321798098,-1.0607892854497436,-0.814076338033137
1884,Baron Davis,LAC,2008-09,Playmaker,Elite,65,2248.3483333333334,968,238,501,108,35,193,0.37,0.302,0.757,0.46,0.422,0.246,0.097,101.0,108.9,-7.9,2.6,0.02,0.09,0.365,0.054,16.5,0.21257058643801274,2.5878177770053163,-0.4807194818234704,0.5381868216465638
2757,Beno Udrih,SAC,2008-09,Playmaker,Very Good,73,2270.06,800,220,342,81,12,158,0.461,0.31,0.82,0.525,0.486,0.18,0.082,105.2,113.0,-7.8,2.16,0.021,0.08,0.237,0.05,12.400000000000006,-0.020094397167580953,1.2836872298841269,-0.5794389135481666,-0.21516581746148655
201628,Bobby Brown,MIN,2008-09,Playmaker,Average,68,931.4816666666668,361,52,117,21,3,63,0.392,0.346,0.791,0.476,0.454,0.206,0.054,99.7,109.8,-10.1,1.86,0.015,0.044,0.214,0.029,15.600000000000009,-0.4265055184398383,0.3265506556549203,-1.2927392560022195,-0.7398898096294472
1517,Bobby Jackson,SAC,2008-09,Playmaker,Average,71,1484.125,532,200,143,62,4,66,0.398,0.305,0.851,0.502,0.46,0.175,0.089,103.5,110.0,-6.5,2.17,0.029,0.11,0.16,0.069,15.400000000000006,-0.3814680538456776,0.11886934995018496,-0.39045305343254644,-0.3167074001654859
2564,Boris Diaw,CHA,2008-09,Playmaker,Very Good,81,2753.79,1072,432,333,61,53,215,0.507,0.414,0.687,0.565,0.549,0.196,0.111,105.3,103.6,1.7,1.55,0.047,0.12,0.208,0.084,21.80000000000001,0.5218872733888272,1.0876580612704827,0.41622559254800234,0.5447168933635725
1510,Brevin Knight,UTA,2008-09,Playmaker,Very Good,74,937.6283333333332,180,88,190,68,4,66,0.349,0.0,0.75,0.414,0.349,0.131,0.083,97.7,93.8,3.9,2.88,0.014,0.083,0.307,0.049,31.60000000000001,-1.460556874463611,1.1176098823329161,-0.9424245408966634,0.6972865132663274
201228,C.J. Watson,GSW,2008-09,Playmaker,Average,77,1883.11,730,192,206,96,4,92,0.457,0.4,0.87,0.564,0.5,0.165,0.093,107.6,109.8,-2.2,2.24,0.02,0.079,0.165,0.05,15.600000000000009,0.04260185854833054,0.378778169932082,-0.6537335138907943,0.04732987474702066
2294,Charlie Bell,MIL,2008-09,Playmaker,Average,70,1782.5283333333334,587,134,151,50,7,76,0.414,0.363,0.825,0.525,0.497,0.157,0.067,102.9,105.6,-2.7,1.99,0.017,0.063,0.137,0.039,19.80000000000001,-0.3420702071007296,0.019100853825794874,-0.9477656690948637,-0.1521707931981999
1497,Chauncey Billups,DEN,2008-09,Playmaker,Elite,79,2788.465,1400,239,506,93,18,177,0.418,0.408,0.913,0.592,0.501,0.216,0.132,111.6,106.3,5.3,2.86,0.012,0.076,0.287,0.045,19.10000000000001,1.0592072417446543,2.168039273493464,-0.5927229919819278,0.3635316446483592
201604,Chris Douglas-Roberts,NJN,2008-09,Playmaker,Average,44,584.5416666666666,216,50,52,12,7,31,0.46,0.25,0.823,0.531,0.469,0.186,0.085,105.7,102.0,3.7,1.68,0.026,0.065,0.152,0.045,23.400000000000006,-0.36301726368237236,-0.26092378706193525,-1.0942115442946654,-0.33438575467584447
2768,Chris Duhon,NYK,2008-09,Playmaker,Elite,79,2906.295,880,246,566,72,7,221,0.421,0.391,0.856,0.569,0.515,0.145,0.088,106.3,109.6,-3.3,2.56,0.015,0.07,0.279,0.042,15.800000000000011,0.03295223803032532,2.3438795261544225,-0.6123683048103117,-0.1592395087533476
101108,Chris Paul,NOH,2008-09,Playmaker,Elite,78,3002.0916666666667,1781,432,861,216,10,231,0.503,0.364,0.868,0.599,0.528,0.271,0.212,111.1,104.6,6.5,3.73,0.025,0.128,0.512,0.077,20.80000000000001,1.7766142516812515,4.738301693279926,0.3270480124152402,1.6569225216203016
200809,Chris Quinn,MIA,2008-09,Playmaker,Average,66,962.1866666666666,339,75,132,24,2,33,0.408,0.409,0.81,0.539,0.505,0.167,0.09,104.5,104.5,0.0,4.0,0.008,0.074,0.229,0.04,20.900000000000006,-0.36766481468437595,0.46601082551375284,-1.0915753512264348,-0.40752340705522033
1088,Chucky Atkins,OKC,2008-09,Playmaker,Average,33,412.315,98,24,59,10,2,23,0.301,0.263,0.938,0.408,0.367,0.152,0.044,97.5,104.4,-7.0,2.57,0.013,0.044,0.224,0.029,21.0,-1.400266180727838,0.16930509230847313,-1.3670338563448472,-0.5467070206866376
201571,D.J. Augustin,CHA,2008-09,Playmaker,Very Good,72,1907.9333333333332,850,133,250,42,2,119,0.43,0.439,0.893,0.587,0.517,0.204,0.112,103.8,104.6,-0.7,2.1,0.009,0.065,0.237,0.037,20.80000000000001,0.546141863521454,0.9451556282290061,-0.9758983562878896,-0.22689434167055547
2052,DeShawn Stevenson,WAS,2008-09,Playmaker,Average,32,886.1616666666666,211,76,98,21,2,32,0.312,0.271,0.533,0.41,0.387,0.146,0.044,102.3,112.1,-9.8,3.06,0.012,0.079,0.164,0.044,13.300000000000011,-1.3512641714259483,-0.024246146215368136,-1.0379633554240484,-0.8851430262463754
965,Derek Fisher,LAL,2008-09,Playmaker,Average,82,2440.7966666666666,814,188,261,95,6,72,0.424,0.397,0.846,0.546,0.512,0.146,0.075,114.0,102.9,11.1,3.63,0.011,0.066,0.146,0.039,22.5,-0.13882644205714026,0.47442577929725926,-0.8044832255769387,0.4626106976564209
101114,Deron Williams,UTA,2008-09,Playmaker,Elite,68,2505.18,1322,195,725,73,20,228,0.471,0.31,0.849,0.573,0.506,0.244,0.149,112.0,108.4,3.7,3.18,0.01,0.072,0.457,0.041,17.0,1.099297935024152,3.9288927400214737,-0.7604302668819212,0.05315449628430955
201565,Derrick Rose,CHI,2008-09,Playmaker,Elite,81,3000.048333333333,1361,317,512,66,18,202,0.475,0.222,0.788,0.516,0.482,0.222,0.113,106.9,108.6,-1.8,2.53,0.033,0.076,0.283,0.054,16.80000000000001,0.6404725743984946,2.1676468080878246,-0.2711025737139135,-0.05136090729991886
2734,Devin Harris,NJN,2008-09,Playmaker,Elite,69,2494.266666666667,1470,231,476,114,13,212,0.438,0.291,0.82,0.563,0.469,0.274,0.138,108.0,109.7,-1.7,2.25,0.012,0.086,0.332,0.048,15.700000000000003,1.368467076821039,2.310442933894591,-0.5757310577372091,0.33076705116923816
2548,Dwyane Wade,MIA,2008-09,Playmaker,Elite,79,3048.0416666666665,2386,398,589,173,106,272,0.491,0.317,0.765,0.574,0.516,0.352,0.195,109.1,105.4,3.6,2.17,0.031,0.107,0.377,0.069,20.0,2.6629299975103953,2.9790424533900906,0.13491590613317844,2.135656719528248
2248,Earl Watson,OKC,2008-09,Playmaker,Very Good,68,1776.4666666666667,448,183,391,50,11,156,0.384,0.235,0.755,0.448,0.406,0.161,0.075,100.6,107.8,-7.2,2.51,0.021,0.088,0.335,0.053,17.60000000000001,-0.8532782679487348,2.0145221315005903,-0.639394958229741,-0.24096122229481565
2410,Fred Jones,LAC,2008-09,Playmaker,Average,52,1495.0383333333334,378,126,188,53,11,66,0.407,0.367,0.815,0.536,0.492,0.127,0.067,103.0,111.3,-8.3,2.85,0.016,0.072,0.189,0.043,14.100000000000009,-0.6495118975291044,0.44736740616800663,-0.9180340805454648,-0.4155184961531388
201609,Goran Dragic,PHX,2008-09,Playmaker,Average,55,728.2416666666667,246,103,111,29,3,73,0.393,0.37,0.769,0.487,0.438,0.189,0.067,106.1,106.1,0.0,1.52,0.047,0.103,0.222,0.075,19.30000000000001,-0.5709929424514554,0.3494137344002286,-0.5713928502199966,-0.439606608439792
2045,Hedo Turkoglu,ORL,2008-09,Playmaker,Very Good,77,2815.105,1294,410,375,64,19,204,0.413,0.356,0.807,0.541,0.478,0.227,0.115,108.6,99.5,9.1,1.84,0.017,0.125,0.223,0.073,25.900000000000006,0.7716964113602504,1.3264698968324484,0.21771506635588286,0.4727013737770028
200826,J.J. Barea,DAL,2008-09,Playmaker,Very Good,79,1600.33,617,177,269,37,5,105,0.442,0.357,0.753,0.516,0.491,0.2,0.096,105.6,105.6,0.0,2.56,0.024,0.091,0.272,0.058,19.80000000000001,-0.057112836206169616,1.2116876300755364,-0.591616958208331,-0.30710343940240015
1521,Jacque Vaughn,SAS,2008-09,Playmaker,Average,30,291.79833333333335,65,22,55,6,0,15,0.32,1.0,0.889,0.392,0.327,0.161,0.062,91.4,97.6,-6.2,3.67,0.014,0.063,0.316,0.039,27.80000000000001,-1.4496603361362794,0.6714104338315052,-1.2449440704653747,-0.2088556101094122
2037,Jamal Crawford,GSW,2008-09,Playmaker,Average,65,2478.305,1280,193,288,57,13,148,0.41,0.36,0.872,0.545,0.479,0.222,0.094,109.0,113.2,-4.1,1.95,0.009,0.066,0.177,0.038,12.200000000000003,0.747868060804973,0.7479246983828266,-0.8039559869632926,-0.46547199898780117
2749,Jameer Nelson,ORL,2008-09,Playmaker,Very Good,42,1309.18,702,145,226,51,3,83,0.503,0.453,0.887,0.612,0.58,0.225,0.142,113.1,98.8,14.2,2.72,0.016,0.091,0.292,0.055,26.60000000000001,0.7360803500444435,1.1658139699133352,-0.7147440357996608,0.2172525040644392
101127,Jarrett Jack,IND,2008-09,Playmaker,Very Good,82,2716.451666666667,1074,276,338,88,17,184,0.453,0.353,0.852,0.554,0.498,0.181,0.09,107.2,107.4,-0.2,1.84,0.016,0.084,0.184,0.05,18.0,0.35062944205884444,0.9712328378441606,-0.430849712862911,0.2369772233992736
2078,Jason Hart,DEN,2008-09,Playmaker,Average,39,347.545,78,46,48,12,4,22,0.319,0.0,0.783,0.375,0.319,0.159,0.05,86.4,106.6,-20.2,2.18,0.034,0.099,0.268,0.065,18.80000000000001,-1.5521244795965448,0.37600523449911033,-0.8500319725357204,-0.6350096519127736
467,Jason Kidd,DAL,2008-09,Playmaker,Elite,81,2886.035,731,500,702,160,39,185,0.416,0.406,0.819,0.55,0.522,0.132,0.126,110.6,105.0,5.6,3.79,0.031,0.146,0.336,0.089,20.400000000000006,-0.27829840747917317,3.164523786082709,0.6603536077606426,1.346590783144135
201159,Javaris Crittenton,WAS,2008-09,Playmaker,Average,63,1174.0683333333334,317,166,150,40,6,82,0.46,0.133,0.576,0.487,0.463,0.152,0.068,102.5,111.3,-8.8,1.83,0.05,0.102,0.202,0.075,14.100000000000009,-0.7906492046808551,0.3805686292730765,-0.4042299994490842,-0.6008035343665566
201573,Jerryd Bayless,POR,2008-09,Playmaker,Average,53,654.75,228,57,78,16,2,56,0.365,0.259,0.806,0.487,0.384,0.198,0.049,104.3,106.9,-2.6,1.39,0.013,0.081,0.202,0.046,18.5,-0.5180892846431164,0.11563085406472126,-1.062898239904328,-0.6314255306805224
2207,Joe Johnson,ATL,2008-09,Playmaker,Very Good,79,3124.383333333333,1688,346,455,84,19,195,0.437,0.36,0.826,0.534,0.489,0.262,0.123,109.5,107.0,2.5,2.33,0.022,0.095,0.256,0.058,18.400000000000006,1.272023209286214,1.8062277626717784,-0.1431959775688992,0.23926856967197227
200770,Jordan Farmar,LAL,2008-09,Playmaker,Average,65,1191.8733333333332,416,117,155,57,10,87,0.391,0.336,0.584,0.466,0.45,0.189,0.065,102.7,101.5,1.1,1.78,0.018,0.078,0.194,0.048,23.900000000000006,-0.5684658843155089,0.35402585920543,-0.8782162162750508,0.19160530708216142
101181,Jose Calderon,TOR,2008-09,Playmaker,Elite,68,2332.943333333333,873,194,607,74,7,143,0.497,0.406,0.981,0.613,0.561,0.165,0.132,106.9,109.6,-2.7,4.24,0.007,0.08,0.403,0.044,15.800000000000011,0.42588542970842863,3.1913358839000283,-0.7248646825515456,-0.13851678287672373
2413,Juan Dixon,WAS,2008-09,Playmaker,Average,50,815.8933333333333,261,67,118,35,6,70,0.395,0.333,0.872,0.478,0.443,0.189,0.064,100.6,108.9,-8.4,1.69,0.01,0.073,0.232,0.042,16.5,-0.6116335342990364,0.43134810700576875,-1.0873230712863964,-0.5115991289393106
2416,Kareem Rush,PHI,2008-09,Playmaker,Average,25,198.84833333333333,54,15,15,5,1,10,0.345,0.303,1.0,0.452,0.431,0.147,0.043,102.9,108.1,-5.2,1.5,0.0,0.082,0.111,0.039,17.30000000000001,-1.2170275511313153,-0.6273961527200576,-1.2635177205510317,-0.8260235970644286
1563,Kevin Ollie,MIN,2008-09,Playmaker,Average,50,849.975,202,75,117,19,4,34,0.407,0.0,0.833,0.525,0.407,0.122,0.067,101.4,108.1,-6.7,3.44,0.015,0.082,0.218,0.047,17.30000000000001,-0.875929418059361,0.34902126899458924,-1.0023977710936727,-0.6506121239188439
2039,Keyon Dooling,NJN,2008-09,Playmaker,Very Good,77,2073.563333333333,748,155,270,71,8,105,0.436,0.421,0.825,0.562,0.519,0.172,0.095,103.7,109.8,-6.1,2.57,0.012,0.069,0.224,0.04,15.600000000000009,0.0953908413642579,0.9457199613218477,-0.8793050645332126,-0.17123434269848767
2550,Kirk Hinrich,CHI,2008-09,Playmaker,Average,51,1338.54,503,123,197,66,19,87,0.437,0.408,0.791,0.551,0.519,0.177,0.093,109.2,101.7,7.5,2.26,0.012,0.079,0.225,0.046,23.700000000000003,-0.10758113481032427,0.6827201481260713,-0.8877752533824197,0.36416381454472085
200768,Kyle Lowry,HOU,2008-09,Playmaker,Very Good,77,1679.243333333333,584,189,275,69,17,117,0.435,0.255,0.801,0.547,0.464,0.176,0.108,99.5,104.7,-5.3,2.35,0.016,0.104,0.268,0.06,20.700000000000003,-0.07935869821677943,1.211295164669897,-0.5342971065949873,0.19874895020500394
2544,LeBron James,CLE,2008-09,Playmaker,Elite,81,3054.063333333333,2304,613,587,137,93,241,0.489,0.344,0.78,0.591,0.53,0.33,0.226,114.0,99.4,14.6,2.44,0.037,0.168,0.365,0.104,26.0,2.5399432951388294,2.9042712307264074,1.1512802022850233,1.9836486720060906
283,Lindsey Hunter,CHI,2008-09,Playmaker,Average,28,265.5283333333333,73,12,37,20,1,19,0.329,0.333,0.6,0.433,0.427,0.171,0.05,95.7,104.0,-8.3,1.95,0.007,0.041,0.245,0.023,21.400000000000006,-1.136267339733695,0.20632260325029306,-1.4753123251769122,-0.4297089852867894
101150,Lou Williams,PHI,2008-09,Playmaker,Very Good,81,1919.2816666666668,1039,165,242,85,14,151,0.398,0.286,0.79,0.513,0.435,0.266,0.109,105.2,107.6,-2.3,1.6,0.019,0.073,0.227,0.045,17.80000000000001,0.7132112206123492,0.8595415643011278,-0.7890730071731584,0.16378980756522038
2557,Luke Ridnour,MIL,2008-09,Playmaker,Very Good,72,2033.0866666666664,688,218,365,92,16,128,0.403,0.35,0.869,0.5,0.447,0.179,0.097,103.1,104.8,-1.7,2.85,0.016,0.102,0.288,0.057,20.60000000000001,-0.2511219646473462,1.6548204503786854,-0.49556809058273504,0.42106736627815594
2575,Luke Walton,LAL,2008-09,Playmaker,Average,65,1166.245,326,180,177,32,10,69,0.436,0.298,0.719,0.491,0.464,0.149,0.078,110.1,100.8,9.3,2.57,0.048,0.104,0.204,0.077,24.60000000000001,-0.783250165678219,0.49115560164604405,-0.3416033906684097,-0.026300493840985057
101129,Luther Head,MIA,2008-09,Playmaker,Average,32,497.42333333333335,149,52,58,17,2,25,0.382,0.37,0.792,0.482,0.451,0.166,0.073,100.4,108.1,-7.7,2.32,0.013,0.103,0.196,0.057,17.30000000000001,-0.8379031573195874,0.008331107608452515,-0.936028935471171,-0.6915697778016128
2556,Marcus Banks,TOR,2008-09,Playmaker,Average,22,205.79666666666665,56,18,28,11,2,14,0.368,0.158,0.611,0.431,0.395,0.169,0.054,86.6,109.5,-22.9,2.0,0.005,0.088,0.252,0.043,15.900000000000006,-1.1746029081065217,0.21252895469366923,-1.2045989675813147,-0.8359945005007884
200776,Mardy Collins,LAC,2008-09,Playmaker,Average,48,889.7683333333333,251,107,111,31,10,58,0.425,0.419,0.609,0.47,0.451,0.16,0.064,101.7,106.0,-4.3,1.91,0.035,0.086,0.193,0.06,19.400000000000006,-0.8768792931025056,0.18650178768762896,-0.75187415045554,-0.3421861670367105
201596,Mario Chalmers,MIA,2008-09,Playmaker,Very Good,82,2625.843333333333,818,228,403,160,8,165,0.42,0.367,0.767,0.548,0.506,0.16,0.087,105.9,105.2,0.7,2.44,0.015,0.08,0.231,0.047,20.200000000000003,-0.022020025024429662,1.4744424805372578,-0.5964308477928852,1.0211984640389862
1710,Mike Bibby,ATL,2008-09,Playmaker,Very Good,79,2739.855,1176,278,392,98,11,128,0.435,0.39,0.789,0.544,0.518,0.201,0.11,108.6,107.7,0.8,3.06,0.014,0.092,0.235,0.053,17.700000000000003,0.5134209123538741,1.4564364893312056,-0.3873239927815396,0.26225966624910724
201144,Mike Conley,MEM,2008-09,Playmaker,Very Good,82,2508.195,895,276,354,90,8,143,0.442,0.406,0.817,0.548,0.503,0.176,0.109,101.9,108.1,-6.3,2.48,0.011,0.108,0.239,0.059,17.30000000000001,0.1506361557463423,1.3390788324220204,-0.3161928241207884,0.12551450071359366
2229,Mike James,WAS,2008-09,Playmaker,Average,61,1648.4333333333334,531,133,201,44,6,94,0.383,0.375,0.829,0.483,0.45,0.175,0.063,100.8,111.1,-10.4,2.14,0.015,0.072,0.192,0.042,14.300000000000011,-0.4908223906262983,0.5120563533631558,-0.912200084764488,-0.5476071476034082
2034,Mike Miller,MIN,2008-09,Playmaker,Very Good,73,2356.245,722,483,326,30,31,145,0.482,0.378,0.732,0.588,0.559,0.141,0.113,104.8,110.3,-5.4,2.25,0.03,0.188,0.212,0.105,15.100000000000009,-0.0016380335876520584,1.0843708353537838,0.8190806407132176,-0.3927258886233602
201446,Mike Taylor,LAC,2008-09,Playmaker,Average,51,770.485,289,87,106,36,0,73,0.412,0.325,0.691,0.477,0.436,0.22,0.065,98.5,107.0,-8.4,1.45,0.029,0.085,0.231,0.057,18.400000000000006,-0.37022395641935363,0.3815741578027923,-0.8431606850428863,-0.4503086674253785
101126,Nate Robinson,NYK,2008-09,Playmaker,Very Good,74,2208.57,1272,290,301,95,6,139,0.437,0.325,0.841,0.549,0.498,0.249,0.118,107.7,107.3,0.4,2.17,0.042,0.087,0.228,0.064,18.10000000000001,0.9626220298987606,1.082261005654003,-0.215347252426073,0.20409012743861013
200763,Quincy Douby,TOR,2008-09,Playmaker,Average,27,300.615,115,32,25,5,5,13,0.382,0.304,0.895,0.486,0.445,0.189,0.068,101.7,106.1,-4.5,1.92,0.02,0.088,0.135,0.053,19.30000000000001,-0.6711809887075079,-0.4557755594586613,-1.0400551243631977,-0.6680443909531334
1747,Rafer Alston,ORL,2008-09,Playmaker,Very Good,77,2446.665,900,227,406,108,10,140,0.385,0.338,0.75,0.494,0.454,0.195,0.096,106.3,102.3,4.0,2.9,0.014,0.078,0.271,0.047,23.10000000000001,-0.015415895311718941,1.7101876879009617,-0.5990842263765506,0.6730310768964682
200765,Rajon Rondo,BOS,2008-09,Playmaker,Elite,80,2642.19,953,416,659,149,11,209,0.505,0.313,0.642,0.543,0.514,0.189,0.142,111.0,101.1,9.9,3.15,0.044,0.123,0.377,0.085,24.30000000000001,0.25904137960881396,3.2366208459537695,0.3865111895140382,1.1784700314297334
201196,Ramon Sessions,MIL,2008-09,Playmaker,Elite,79,2172.648333333333,977,269,452,83,7,152,0.445,0.176,0.794,0.525,0.449,0.218,0.133,105.5,106.4,-0.9,2.97,0.029,0.102,0.346,0.064,19.0,0.38572728218923036,2.300777488847314,-0.2710682026830438,0.1427504437264913
200751,Randy Foye,MIN,2008-09,Playmaker,Very Good,70,2494.26,1139,214,303,72,26,150,0.407,0.36,0.846,0.517,0.463,0.224,0.085,106.6,110.5,-3.9,2.02,0.014,0.078,0.197,0.045,14.900000000000006,0.5007360118910273,0.9154731349162453,-0.6590574565735597,-0.019886900239522293
101109,Raymond Felton,CHA,2008-09,Playmaker,Elite,82,3086.298333333333,1162,310,553,126,30,228,0.408,0.285,0.805,0.483,0.435,0.215,0.107,103.3,103.3,-0.1,2.43,0.019,0.09,0.306,0.054,22.10000000000001,0.2570418678536864,2.44772017900679,-0.2896762237995705,1.003130214798031
1888,Richard Hamilton,DET,2008-09,Playmaker,Very Good,67,2278.97,1225,207,297,40,4,133,0.447,0.368,0.848,0.529,0.48,0.264,0.109,105.4,105.4,0.0,2.23,0.02,0.076,0.235,0.048,20.0,0.9241845370221684,1.1068658137090703,-0.6394121437451757,-0.27438587958063704
1729,Ricky Davis,LAC,2008-09,Playmaker,Average,36,785.215,232,60,82,19,5,39,0.339,0.315,0.861,0.445,0.41,0.17,0.045,96.8,111.6,-14.8,2.1,0.011,0.068,0.169,0.038,13.800000000000011,-0.9603147072258954,-0.055032940698194255,-1.1568553385907745,-0.8461360225890303
201155,Rodney Stuckey,DET,2008-09,Playmaker,Very Good,79,2516.585,1058,275,387,78,11,173,0.439,0.295,0.803,0.508,0.452,0.227,0.101,104.6,106.1,-1.5,2.24,0.029,0.087,0.26,0.058,19.30000000000001,0.41282656879269136,1.5784793660924452,-0.3315858570091339,0.14903988756207312
101146,Roko Ukic,TOR,2008-09,Playmaker,Very Good,72,889.535,301,75,153,30,2,60,0.38,0.177,0.733,0.43,0.397,0.201,0.068,97.2,102.1,-4.8,2.55,0.03,0.053,0.285,0.041,23.30000000000001,-0.7693835299823117,0.8578729300382211,-1.0788356969217543,-0.20434400930654226
101179,Ronnie Price,UTA,2008-09,Playmaker,Average,52,737.9083333333333,207,69,108,39,5,61,0.379,0.311,0.756,0.465,0.426,0.173,0.061,103.3,106.6,-3.4,1.77,0.018,0.081,0.221,0.05,18.80000000000001,-0.8420312602740396,0.3327570070982966,-0.9800990796816234,-0.3451353885752788
201566,Russell Westbrook,OKC,2008-09,Playmaker,Very Good,82,2668.035,1256,399,435,110,16,274,0.398,0.271,0.815,0.489,0.414,0.253,0.101,101.8,106.7,-4.9,1.59,0.067,0.085,0.273,0.076,18.700000000000003,0.6373134030943514,1.828134042918606,0.22674686484960568,0.49593801657371567
201606,Sean Singletary,CHA,2008-09,Playmaker,Average,37,302.9716666666667,90,35,29,11,0,23,0.365,0.4,0.857,0.478,0.424,0.176,0.046,91.3,101.5,-10.2,1.26,0.035,0.087,0.174,0.061,23.900000000000006,-0.8301162684571516,-0.2219683141075364,-0.9301777541747597,-0.3861920281109128
2742,Sebastian Telfair,MIN,2008-09,Playmaker,Very Good,75,2094.498333333333,738,127,343,73,12,146,0.383,0.346,0.819,0.481,0.435,0.193,0.067,107.2,108.9,-1.7,2.35,0.015,0.048,0.254,0.031,16.5,-0.22121095701022606,1.3828670279000579,-1.068256553617963,-0.05716255326502188
200771,Sergio Rodriguez,POR,2008-09,Playmaker,Very Good,80,1224.99,356,130,286,54,2,119,0.392,0.325,0.792,0.491,0.448,0.18,0.09,104.0,104.5,-0.5,2.4,0.038,0.078,0.365,0.058,20.900000000000006,-0.5346807537325499,1.796684142702589,-0.7163257516405991,-0.09668251890586228
1536,Stephen Jackson,GSW,2008-09,Playmaker,Very Good,59,2339.0583333333334,1223,303,381,88,31,229,0.414,0.338,0.826,0.53,0.466,0.253,0.107,108.8,111.8,-3.0,1.66,0.03,0.098,0.254,0.064,13.600000000000009,0.8479344726536083,1.5226952981489121,-0.1808533308384244,0.12010114922447812
950,Stephon Marbury,BOS,2008-09,Playmaker,Average,23,414.0133333333333,88,28,75,10,3,37,0.342,0.24,0.462,0.377,0.369,0.169,0.041,100.0,103.9,-3.9,2.03,0.005,0.061,0.274,0.035,21.5,-1.4602730972309523,0.509062820211747,-1.2799824161821043,-0.5072122191588139
2581,Steve Blake,POR,2008-09,Playmaker,Very Good,69,2188.028333333333,757,173,348,69,4,108,0.428,0.427,0.84,0.557,0.536,0.166,0.098,114.7,105.2,9.4,3.22,0.014,0.075,0.243,0.043,20.200000000000003,0.029370608350708722,1.3394712978276597,-0.7933252871131966,0.03784458064030983
959,Steve Nash,PHX,2008-09,Playmaker,Elite,74,2483.983333333333,1160,223,717,55,10,248,0.503,0.439,0.933,0.615,0.566,0.207,0.137,114.9,110.7,4.2,2.89,0.009,0.079,0.403,0.047,14.700000000000003,0.9517504922153955,3.5961019293572374,-0.6096977407112116,-0.36966042924988624
2551,T.J. Ford,IND,2008-09,Playmaker,Very Good,74,2257.931666666667,1106,259,392,89,16,180,0.452,0.337,0.872,0.533,0.472,0.231,0.115,106.0,107.2,-1.2,2.18,0.025,0.089,0.278,0.056,18.200000000000003,0.6196620508362917,1.6979955827326467,-0.399519222957139,0.24897205734441366
2225,Tony Parker,SAS,2008-09,Playmaker,Elite,72,2455.705,1581,223,496,67,4,186,0.506,0.292,0.782,0.556,0.513,0.313,0.154,110.7,104.1,6.6,2.67,0.012,0.085,0.371,0.049,21.30000000000001,1.6939906553315758,2.603125240403129,-0.584218432101851,0.08175199731813926
1503,Tracy McGrady,HOU,2008-09,Playmaker,Average,35,1181.4283333333333,545,154,175,42,15,69,0.388,0.376,0.801,0.492,0.433,0.242,0.121,105.2,102.4,2.8,2.54,0.017,0.113,0.256,0.066,23.0,0.06120381855142898,0.7759141924170635,-0.5507274311951902,0.03389297547829232
101143,Travis Diener,IND,2008-09,Playmaker,Average,55,719.1316666666667,206,86,122,26,5,21,0.413,0.39,0.8,0.555,0.542,0.124,0.103,105.8,106.2,-0.4,5.81,0.009,0.108,0.242,0.059,19.200000000000003,-0.6868777721266266,0.502243405644294,-0.8203347550171911,-0.4563312367535335
1731,Tyronn Lue,ORL,2008-09,Playmaker,Average,44,520.9566666666667,183,46,60,8,0,23,0.438,0.435,0.737,0.537,0.522,0.165,0.08,98.1,99.5,-1.5,2.61,0.011,0.077,0.206,0.043,25.900000000000006,-0.5062400845643283,0.07186702360230118,-1.1303043672386868,-0.29976676682684356
1713,Vince Carter,NJN,2008-09,Playmaker,Very Good,80,2946.193333333333,1662,410,376,82,38,166,0.437,0.385,0.817,0.545,0.493,0.264,0.124,108.2,110.2,-2.0,2.27,0.026,0.121,0.23,0.073,15.200000000000003,1.3308071994188555,1.3694731614992073,0.21771506635588286,0.22276269969531792
101198,Will Bynum,DET,2008-09,Playmaker,Very Good,57,802.6566666666666,410,75,157,34,2,76,0.456,0.158,0.798,0.52,0.461,0.271,0.119,107.5,105.0,2.5,2.07,0.025,0.076,0.343,0.05,20.400000000000006,0.3362337063090264,1.1984155887527739,-0.9641788081796318,-0.3332871151968523
2226,Will Solomon,SAC,2008-09,Playmaker,Very Good,53,711.9016666666666,263,64,133,27,4,54,0.429,0.326,0.735,0.506,0.486,0.202,0.086,98.6,106.6,-8.0,2.46,0.018,0.078,0.32,0.049,18.80000000000001,-0.35493395592714005,0.9808969703135588,-1.00610562690463,-0.47958920783809456
2584,Willie Green,PHI,2008-09,Playmaker,Average,81,1827.6416666666669,685,126,158,53,13,64,0.435,0.317,0.729,0.493,0.473,0.187,0.065,105.3,104.5,0.8,2.47,0.017,0.056,0.137,0.036,20.900000000000006,-0.23474430834577786,0.044858693082162754,-1.0072116606782269,0.004248222189623545
201985,AJ Price,IND,2009-10,Playmaker,Average,56,865.3116666666666,410,88,106,35,3,59,0.41,0.345,0.8,0.53,0.494,0.219,0.103,103.2,99.3,3.9,1.8,0.013,0.085,0.198,0.049,26.10000000000001,0.012744000989173188,0.1961915977505238,-0.9424245408966634,0.022093359526696926
201166,Aaron Brooks,HOU,2009-10,Playmaker,Very Good,82,2919.423333333333,1604,215,434,69,14,232,0.432,0.398,0.822,0.549,0.511,0.254,0.103,106.6,106.4,0.2,1.87,0.018,0.057,0.253,0.037,19.0,1.2386458855468245,1.7121012848979231,-0.7583213124273368,0.06851361061163182
200747,Adam Morrison,LAL,2009-10,Playmaker,Average,31,240.92333333333332,74,32,18,3,2,10,0.376,0.238,0.625,0.418,0.406,0.178,0.047,98.1,106.5,-8.3,1.8,0.039,0.094,0.121,0.065,18.900000000000006,-1.170065859390237,-0.5601805454038704,-0.8871792727070342,-0.7426213788587761
947,Allen Iverson,PHI,2009-10,Playmaker,Average,28,864.3233333333334,385,79,113,19,2,64,0.43,0.36,0.794,0.515,0.445,0.225,0.092,101.9,105.2,-3.3,1.77,0.019,0.075,0.209,0.047,20.200000000000003,-0.047124872956061735,0.2837436236909811,-0.9917842567590116,-0.500458494281432
2738,Andre Iguodala,PHI,2009-10,Playmaker,Very Good,82,3192.6783333333333,1401,529,472,141,55,218,0.443,0.31,0.733,0.535,0.485,0.215,0.128,104.1,108.2,-4.1,2.17,0.027,0.151,0.238,0.088,17.200000000000003,0.7267083450652781,1.7676647551230187,0.7245619323822553,1.1235893512069601
1889,Andre Miller,POR,2009-10,Playmaker,Very Good,82,2499.688333333333,1146,266,445,93,9,173,0.445,0.2,0.821,0.53,0.454,0.235,0.124,110.5,104.0,6.5,2.57,0.036,0.081,0.296,0.059,21.400000000000006,0.6606373277541594,1.9941369828450846,-0.3427266099574412,0.4076102212345622
1853,Anthony Carter,DEN,2009-10,Playmaker,Average,54,858.795,180,89,160,39,13,58,0.42,0.27,0.846,0.482,0.467,0.125,0.079,104.0,105.5,-1.5,2.76,0.021,0.086,0.264,0.054,19.900000000000006,-1.1156873050745784,0.7656600492613274,-0.8760728907895967,-0.19956553399624613
1533,Anthony Johnson,ORL,2009-10,Playmaker,Average,31,406.025,130,48,63,11,1,26,0.441,0.333,0.95,0.543,0.5,0.16,0.093,107.6,104.9,2.7,2.42,0.021,0.098,0.249,0.061,20.5,-0.5467581710509885,0.32446519097075693,-0.895683832587111,-0.5758404592761495
1884,Baron Davis,LAC,2009-10,Playmaker,Elite,75,2522.6916666666666,1145,266,598,126,43,211,0.406,0.277,0.821,0.501,0.446,0.237,0.116,103.7,107.6,-3.9,2.83,0.021,0.086,0.385,0.054,17.80000000000001,0.5087485930764709,3.057100901970473,-0.40642488148084266,0.8820121441251129
2757,Beno Udrih,SAC,2009-10,Playmaker,Very Good,79,2476.5583333333334,1023,219,372,89,10,136,0.493,0.377,0.837,0.566,0.538,0.181,0.112,103.9,108.3,-4.4,2.74,0.015,0.076,0.239,0.045,17.10000000000001,0.3824612809727344,1.4053132762241092,-0.6457905636552334,0.12363713077152604
201628,Bobby Brown,LAC,2009-10,Playmaker,Average,45,519.075,215,38,88,15,1,46,0.371,0.265,0.867,0.441,0.426,0.248,0.067,98.8,107.8,-8.9,1.91,0.017,0.058,0.289,0.037,17.60000000000001,-0.42444678285679777,0.6411636074259026,-1.227969321736091,-0.7047835651664586
2564,Boris Diaw,CHA,2009-10,Playmaker,Very Good,82,2906.168333333333,925,424,325,60,57,178,0.483,0.32,0.769,0.552,0.525,0.161,0.093,104.7,101.7,3.0,1.83,0.049,0.105,0.185,0.078,23.700000000000003,0.08533353754274219,0.9290145039886804,0.31856063805059825,0.6864592690316051
201943,Brandon Jennings,MIL,2009-10,Playmaker,Very Good,82,2670.721666666667,1270,282,470,105,18,200,0.371,0.374,0.817,0.475,0.431,0.256,0.105,103.9,101.5,2.5,2.35,0.018,0.095,0.298,0.054,23.900000000000006,0.5893254274952074,2.097364572573376,-0.3639708241421982,0.7698904401457144
2306,Carlos Arroyo,MIA,2009-10,Playmaker,Very Good,72,1584.54,439,130,225,36,6,54,0.475,0.28,0.844,0.529,0.484,0.14,0.093,102.5,100.7,1.9,4.17,0.018,0.069,0.23,0.044,24.700000000000003,-0.5503782992766638,0.813839771826129,-0.8946809119061233,-0.019449430595077494
1497,Chauncey Billups,DEN,2009-10,Playmaker,Very Good,73,2489.596666666667,1427,228,409,82,9,177,0.418,0.386,0.91,0.601,0.499,0.239,0.138,111.6,107.1,4.5,2.31,0.01,0.082,0.27,0.047,18.30000000000001,1.2985071762036684,1.7156091085330594,-0.5964308477928852,0.11149573625967323
2768,Chris Duhon,NYK,2009-10,Playmaker,Very Good,67,2071.825,494,178,378,59,3,110,0.373,0.349,0.716,0.501,0.472,0.13,0.077,106.5,110.0,-3.5,3.44,0.014,0.078,0.258,0.045,15.400000000000006,-0.7440109423483063,1.5341268375215662,-0.7545790855855098,-0.35790895298349423
101108,Chris Paul,NOH,2009-10,Playmaker,Elite,45,1712.388333333333,841,191,480,96,8,112,0.493,0.409,0.847,0.584,0.534,0.223,0.167,107.9,107.3,0.6,4.29,0.012,0.105,0.456,0.058,18.10000000000001,0.6615880737508072,3.021750712713681,-0.5544696580370172,0.23468641838306717
200809,Chris Quinn,NJN,2009-10,Playmaker,Average,25,223.3766666666667,56,16,29,9,1,10,0.357,0.313,1.0,0.477,0.446,0.142,0.072,93.7,102.4,-8.8,2.9,0.005,0.069,0.232,0.038,23.0,-1.1092492585252343,0.10385557931766298,-1.2736039962720467,-0.44967649752901684
1088,Chucky Atkins,DET,2009-10,Playmaker,Average,40,643.7966666666666,161,29,91,17,0,32,0.363,0.301,0.926,0.477,0.433,0.137,0.054,101.5,106.3,-4.8,2.84,0.008,0.045,0.22,0.024,19.10000000000001,-1.0701310310178025,0.26458460128362876,-1.4174652349499222,-0.6060462907186533
201571,D.J. Augustin,CHA,2009-10,Playmaker,Average,80,1472.493333333333,508,97,193,45,5,74,0.386,0.393,0.779,0.516,0.467,0.172,0.083,100.4,100.0,0.4,2.61,0.008,0.06,0.232,0.034,25.400000000000006,-0.3406915675635929,0.7073249561811388,-1.1096389482138804,0.10481364438130936
201954,Darren Collison,NOH,2009-10,Playmaker,Very Good,76,2109.1316666666667,946,192,432,78,4,202,0.477,0.4,0.851,0.546,0.506,0.227,0.115,105.2,108.8,-3.6,2.14,0.02,0.077,0.323,0.048,16.60000000000001,0.5493242641394557,2.097977635697452,-0.6792128225001549,-0.08041998309309166
2753,Delonte West,CLE,2009-10,Playmaker,Average,60,1500.0716666666667,528,169,196,55,28,90,0.445,0.325,0.81,0.53,0.474,0.18,0.104,108.0,101.0,7.0,2.18,0.021,0.093,0.21,0.059,24.400000000000006,-0.18765922557872425,0.5947756567799745,-0.6001043325729731,0.3823742707855942
101114,Deron Williams,UTA,2009-10,Playmaker,Elite,76,2801.5,1419,303,798,96,16,252,0.469,0.371,0.801,0.574,0.515,0.237,0.146,112.5,104.3,8.2,3.17,0.02,0.093,0.429,0.058,21.10000000000001,1.1237235431518335,4.040215913174484,-0.2572912566665061,0.49189015555615506
201565,Derrick Rose,CHI,2009-10,Playmaker,Very Good,78,2870.95,1619,293,469,57,27,217,0.489,0.267,0.766,0.532,0.495,0.268,0.137,103.2,103.6,-0.4,2.16,0.023,0.076,0.297,0.05,21.80000000000001,1.2547517529793857,2.0880672279161203,-0.38574227694060126,0.24021737753043926
2734,Devin Harris,NJN,2009-10,Playmaker,Elite,64,2220.641666666667,1080,203,423,79,18,181,0.403,0.276,0.798,0.512,0.437,0.247,0.104,100.7,111.5,-10.8,2.34,0.011,0.088,0.332,0.047,13.900000000000006,0.5979716313872881,2.115419293810663,-0.6627653123845172,-0.08705174674542149
2548,Dwyane Wade,MIA,2009-10,Playmaker,Elite,77,2792.435,2045,373,501,142,82,252,0.476,0.3,0.761,0.562,0.5,0.337,0.178,110.1,103.8,6.3,1.99,0.041,0.098,0.334,0.07,21.60000000000001,2.2386005464027012,2.4136705236228826,0.08132109584622688,1.665642812446042
1863,Earl Boykins,WAS,2009-10,Playmaker,Very Good,67,1117.0233333333333,440,75,171,24,3,69,0.427,0.317,0.865,0.498,0.45,0.2,0.1,97.8,109.2,-11.5,2.48,0.015,0.055,0.269,0.034,16.200000000000003,-0.2876718487644613,0.8342249204816345,-1.1680132770545164,-0.6735529157848101
2248,Earl Watson,IND,2009-10,Playmaker,Very Good,79,2322.0316666666668,619,240,399,104,16,175,0.426,0.288,0.71,0.517,0.476,0.146,0.079,103.6,105.5,-2.0,2.28,0.023,0.077,0.257,0.05,19.900000000000006,-0.44525903361445796,1.6057827019557527,-0.526371341874861,0.5042754490032473
201953,Eric Maynor,OKC,2009-10,Playmaker,Very Good,81,1269.493333333333,382,129,266,40,10,85,0.418,0.31,0.722,0.478,0.448,0.168,0.1,99.9,97.9,2.0,3.13,0.018,0.084,0.339,0.052,27.5,-0.6781046369137244,1.5770313295479759,-0.7954170560523462,0.2269789673090674
101128,Francisco Garcia,SAC,2009-10,Playmaker,Average,25,575.4083333333333,202,66,45,10,19,21,0.466,0.39,0.882,0.55,0.531,0.156,0.083,104.6,106.3,-1.7,2.14,0.018,0.098,0.119,0.057,19.10000000000001,-0.4840946228074933,-0.4720641863705717,-0.8988816352998572,-0.48634401522845905
2240,Gilbert Arenas,WAS,2009-10,Playmaker,Very Good,32,1168.513333333333,722,133,230,41,9,117,0.411,0.348,0.739,0.511,0.462,0.305,0.126,104.0,107.3,-3.3,1.97,0.014,0.1,0.351,0.056,18.10000000000001,0.7586707373656155,1.5119742819628048,-0.733844924498964,-0.3250710792210168
201609,Goran Dragic,PHX,2009-10,Playmaker,Very Good,80,1442.2283333333332,635,171,241,48,8,126,0.452,0.394,0.736,0.566,0.527,0.206,0.105,109.2,106.2,3.0,1.91,0.028,0.091,0.264,0.06,19.200000000000003,0.28566754707929015,1.063715046370727,-0.5820579211009622,-0.1980288601014533
2045,Hedo Turkoglu,TOR,2009-10,Playmaker,Very Good,74,2271.5533333333333,835,343,304,55,32,125,0.409,0.374,0.774,0.54,0.49,0.18,0.088,109.8,112.9,-3.1,2.43,0.02,0.135,0.199,0.078,12.5,0.09090885848074388,0.930388132908418,0.10363697277371081,-0.2763365062911966
200826,J.J. Barea,DAL,2009-10,Playmaker,Very Good,78,1545.5633333333333,596,146,258,35,6,102,0.44,0.357,0.844,0.526,0.493,0.196,0.095,104.5,106.3,-1.8,2.53,0.012,0.086,0.269,0.05,19.10000000000001,-0.044363530003603414,1.1543580655250638,-0.7757889287393971,-0.3588369738106034
2224,Jamaal Tinsley,MEM,2009-10,Playmaker,Average,38,588.7716666666666,133,66,108,33,5,63,0.371,0.179,0.815,0.438,0.396,0.153,0.062,104.1,104.7,-0.5,1.71,0.019,0.093,0.251,0.056,20.700000000000003,-1.196179399976558,0.5012866071458134,-0.9116212896045375,-0.2956696836110961
2749,Jameer Nelson,ORL,2009-10,Playmaker,Very Good,65,1860.0516666666667,818,194,353,48,2,139,0.449,0.381,0.845,0.54,0.51,0.222,0.118,109.6,100.9,8.7,2.54,0.015,0.092,0.323,0.055,24.5,0.3861095733439565,1.8072820212327296,-0.5847284852000623,0.052666133642474966
2457,Jannero Pargo,CHI,2009-10,Playmaker,Average,63,828.5233333333333,344,78,89,29,2,50,0.346,0.275,0.933,0.429,0.396,0.236,0.062,98.9,102.8,-3.9,1.78,0.011,0.085,0.182,0.047,22.60000000000001,-0.4878747898696863,0.04375439191209751,-0.9944376353426768,-0.25583364477950615
101127,Jarrett Jack,TOR,2009-10,Playmaker,Very Good,82,2243.44,931,222,413,60,6,163,0.481,0.412,0.842,0.599,0.542,0.185,0.11,109.1,111.9,-2.8,2.53,0.014,0.088,0.277,0.052,13.5,0.5340762021980989,1.769651447166833,-0.5486528477714754,-0.4288290806300199
467,Jason Kidd,DAL,2009-10,Playmaker,Elite,80,2880.89,824,445,724,145,35,195,0.423,0.425,0.808,0.577,0.554,0.143,0.133,107.9,103.6,4.3,3.71,0.018,0.138,0.361,0.079,21.80000000000001,0.023667223346711563,3.3859183285470813,0.38702124261224935,1.2329570281264697
1891,Jason Terry,DAL,2009-10,Playmaker,Very Good,77,2539.5016666666666,1280,140,292,94,17,109,0.438,0.365,0.866,0.552,0.503,0.224,0.106,107.3,104.2,3.1,2.68,0.008,0.048,0.194,0.028,21.200000000000003,0.8025317783516709,0.8581435703657726,-1.0719815949443552,0.4871603611875536
1715,Jason Williams,ORL,2009-10,Playmaker,Very Good,82,1702.9183333333333,493,126,298,53,3,87,0.444,0.38,0.756,0.555,0.542,0.14,0.1,110.0,102.8,7.2,3.43,0.004,0.067,0.265,0.037,22.60000000000001,-0.3627803156976071,1.2790751050789255,-0.9944720063735464,0.002956529743052827
201952,Jeff Teague,ATL,2009-10,Playmaker,Average,71,718.4983333333333,228,67,122,34,11,50,0.396,0.219,0.837,0.459,0.412,0.174,0.077,100.8,103.3,-2.6,2.44,0.007,0.091,0.258,0.047,22.10000000000001,-0.8538718678593232,0.5921258590029698,-1.0236247997629948,-0.14234699158504507
201573,Jerryd Bayless,POR,2009-10,Playmaker,Average,74,1304.24,630,120,172,26,5,94,0.414,0.315,0.831,0.534,0.444,0.24,0.093,105.4,105.6,-0.2,1.83,0.015,0.084,0.226,0.049,19.80000000000001,0.3479970341258845,0.5963455184025318,-0.8575164262193745,-0.42107843172383147
2207,Joe Johnson,ATL,2009-10,Playmaker,Very Good,76,2885.775,1619,353,369,82,5,145,0.458,0.369,0.818,0.538,0.505,0.264,0.126,112.9,106.6,6.2,2.54,0.027,0.102,0.216,0.064,18.80000000000001,1.259775041937479,1.2650681755539983,-0.048184401655160525,0.1004032177721344
201938,Jonny Flynn,MIN,2009-10,Playmaker,Very Good,81,2339.4166666666665,1094,191,356,82,2,233,0.417,0.358,0.826,0.511,0.457,0.24,0.087,99.5,112.5,-13.0,1.53,0.01,0.076,0.245,0.041,12.900000000000006,0.5511068057782278,1.3801441350762005,-0.7710437812165822,-0.27660175702914863
101181,Jose Calderon,TOR,2009-10,Playmaker,Very Good,68,1817.2666666666669,699,142,404,47,7,99,0.482,0.398,0.798,0.569,0.542,0.173,0.109,111.1,112.5,-1.4,4.08,0.013,0.067,0.334,0.041,12.900000000000006,0.10739777919302589,2.0567404653560706,-0.9010593318161808,-0.5886621398547037
201950,Jrue Holiday,PHI,2009-10,Playmaker,Very Good,73,1766.7616666666668,587,191,280,79,18,156,0.442,0.39,0.756,0.526,0.502,0.18,0.079,104.5,108.7,-4.2,1.79,0.033,0.083,0.239,0.058,16.700000000000003,-0.16798158341837163,1.0667816745689886,-0.5544696580370172,0.07746134339318554
2039,Keyon Dooling,NJN,2009-10,Playmaker,Average,53,970.52,364,54,135,34,0,59,0.398,0.376,0.77,0.519,0.489,0.194,0.077,98.1,102.6,-4.5,2.29,0.009,0.049,0.248,0.029,22.80000000000001,-0.2663337997060795,0.583785312844195,-1.2874324988348889,-0.21251082308419086
2550,Kirk Hinrich,CHI,2009-10,Playmaker,Very Good,74,2481.4816666666666,805,260,330,85,24,113,0.409,0.371,0.752,0.501,0.478,0.162,0.083,101.3,103.3,-1.9,2.92,0.01,0.094,0.203,0.052,22.10000000000001,-0.2854781985289298,1.0485307206288819,-0.4478244615921949,0.5176095503088065
200768,Kyle Lowry,HOU,2009-10,Playmaker,Very Good,68,1651.2283333333332,620,247,305,60,9,116,0.397,0.272,0.827,0.536,0.436,0.179,0.108,107.0,103.2,3.8,2.63,0.053,0.099,0.281,0.075,22.200000000000003,-0.09432878871066945,1.394715397693969,-0.18930633417219672,0.11268898430987014
1716,Larry Hughes,CHA,2009-10,Playmaker,Average,45,1114.5233333333333,411,142,137,52,15,75,0.355,0.309,0.832,0.472,0.411,0.201,0.084,102.3,105.6,-3.3,1.83,0.02,0.114,0.196,0.065,19.80000000000001,-0.44992062698653107,0.29902672207317565,-0.5953076285038537,-0.050508355296995856
2544,LeBron James,CLE,2009-10,Playmaker,Elite,76,2965.73,2258,554,651,125,77,261,0.503,0.333,0.767,0.604,0.545,0.328,0.218,114.0,103.0,11.0,2.49,0.027,0.165,0.398,0.099,22.400000000000006,2.566457450785147,3.3251540354083255,0.9310325943253706,1.4859160625189782
101150,Lou Williams,PHI,2009-10,Playmaker,Very Good,64,1911.9766666666667,898,187,268,80,15,106,0.47,0.34,0.824,0.576,0.521,0.208,0.117,105.9,108.5,-2.7,2.53,0.014,0.09,0.219,0.052,16.900000000000006,0.5471460422723737,0.9102723120025848,-0.6415210981997601,0.06922124933218059
2557,Luke Ridnour,MIL,2009-10,Playmaker,Very Good,82,1758.575,852,143,324,54,7,106,0.478,0.381,0.907,0.57,0.528,0.214,0.127,103.4,102.3,1.0,3.06,0.013,0.072,0.314,0.041,23.10000000000001,0.5235908665844843,1.6500120928706647,-0.8984059532325155,0.08316508621840611
2575,Luke Walton,LAL,2009-10,Playmaker,Average,29,271.7733333333333,69,38,40,10,1,12,0.357,0.412,0.5,0.402,0.399,0.157,0.072,100.2,109.2,-9.0,3.33,0.04,0.096,0.223,0.067,16.200000000000003,-1.4188823066410645,0.09377330384912885,-0.845779692595682,-0.8388469249273222
1938,Manu Ginobili,SAS,2009-10,Playmaker,Very Good,75,2149.826666666667,1237,284,370,103,24,154,0.441,0.377,0.87,0.584,0.514,0.247,0.15,110.8,102.6,8.2,2.4,0.033,0.104,0.273,0.068,22.80000000000001,1.1228546202504812,1.5889541069666187,-0.1803089067093434,0.7452423557330734
200766,Marcus Williams,MEM,2009-10,Playmaker,Very Good,62,872.3616666666667,269,93,161,32,1,74,0.384,0.296,0.673,0.456,0.428,0.18,0.084,100.4,107.8,-7.4,2.18,0.015,0.093,0.274,0.054,17.60000000000001,-0.7975344778810726,0.825516273932838,-0.8654593764549356,-0.5286403952151558
200776,Mardy Collins,LAC,2009-10,Playmaker,Average,43,470.3433333333333,111,50,44,23,1,32,0.367,0.235,0.619,0.404,0.383,0.162,0.037,95.5,105.3,-9.8,1.38,0.029,0.083,0.151,0.055,20.10000000000001,-1.3405565687825742,-0.29597897097555864,-0.9668150012478622,-0.4750059740362067
201596,Mario Chalmers,MIA,2009-10,Playmaker,Very Good,73,1806.86,521,135,246,91,12,123,0.401,0.318,0.745,0.519,0.483,0.16,0.072,102.6,102.4,0.2,2.0,0.014,0.063,0.217,0.039,23.0,-0.40200980761575317,0.8180837962413086,-0.9451122905111984,0.5112473674463596
714,Michael Finley,BOS,2009-10,Playmaker,Average,46,709.045,202,71,43,10,6,21,0.44,0.39,0.533,0.53,0.527,0.137,0.066,107.4,108.3,-0.9,2.05,0.009,0.096,0.09,0.053,17.10000000000001,-0.7375345060814125,-0.6423355157278479,-0.9365733596002521,-0.735380397367407
1710,Mike Bibby,ATL,2009-10,Playmaker,Very Good,80,2194.543333333333,730,184,310,67,3,90,0.416,0.389,0.861,0.538,0.514,0.16,0.082,110.8,103.7,7.2,3.44,0.01,0.078,0.204,0.044,21.700000000000003,-0.14265649304029698,0.9805545475170336,-0.7513984683881983,0.09513640333486724
201144,Mike Conley,MEM,2009-10,Playmaker,Very Good,80,2568.498333333333,959,191,425,109,12,170,0.445,0.387,0.743,0.526,0.494,0.184,0.089,109.1,108.8,0.3,2.5,0.012,0.068,0.245,0.039,16.60000000000001,0.12956774743359165,1.6340428363175408,-0.7965230898259429,0.3217219800191585
2034,Mike Miller,WAS,2009-10,Playmaker,Average,54,1804.8966666666668,586,336,212,39,12,115,0.501,0.48,0.824,0.623,0.596,0.146,0.109,104.4,108.9,-4.4,1.84,0.033,0.165,0.178,0.099,16.5,0.13700188911213843,0.4738858112200355,0.3525960630863401,-0.40944889316762767
1630,Mikki Moore,GSW,2009-10,Playmaker,Average,23,405.735,115,69,36,5,13,21,0.6,0.0,0.636,0.606,0.6,0.121,0.065,94.6,109.1,-14.5,1.71,0.062,0.113,0.131,0.086,16.30000000000001,-0.4828694247735854,-0.43776956825260926,-0.521471524713133,-0.7633687040770609
2590,Mo Williams,CLE,2009-10,Playmaker,Very Good,69,2358.958333333333,1092,206,368,70,21,173,0.442,0.429,0.894,0.58,0.535,0.214,0.109,109.0,104.2,4.8,2.13,0.013,0.078,0.247,0.047,21.200000000000003,0.7538419722196544,1.435535737614094,-0.6548051766335213,0.2789575066803572
101126,Nate Robinson,BOS,2009-10,Playmaker,Average,56,1115.8516666666667,567,110,163,49,5,73,0.436,0.39,0.746,0.543,0.524,0.234,0.105,103.2,107.1,-3.9,2.23,0.025,0.075,0.249,0.049,18.30000000000001,0.3100995848655501,0.6924343232045836,-0.8840502120560273,-0.2708990967169107
1747,Rafer Alston,MIA,2009-10,Playmaker,Average,52,1420.47,427,129,176,50,10,95,0.348,0.345,0.728,0.443,0.413,0.183,0.059,99.3,103.9,-4.5,1.85,0.009,0.085,0.2,0.046,21.5,-0.7359594711119867,0.46500529698403703,-0.871854981880428,-0.021935453604828643
200765,Rajon Rondo,BOS,2009-10,Playmaker,Elite,81,2963.06,1110,360,794,189,11,246,0.508,0.213,0.621,0.54,0.517,0.198,0.143,107.1,102.4,4.7,3.23,0.038,0.091,0.425,0.065,23.0,0.42099349185796897,4.003026534545462,-0.016871097264823276,1.5165434713978565
201196,Ramon Sessions,MIN,2009-10,Playmaker,Very Good,82,1731.955,674,214,258,55,5,137,0.456,0.067,0.717,0.513,0.457,0.195,0.093,99.4,105.6,-6.1,1.88,0.032,0.09,0.236,0.061,19.80000000000001,-0.06976236602834655,0.9689755054727951,-0.455222987698675,-0.12059890651278528
200751,Randy Foye,WAS,2009-10,Playmaker,Very Good,70,1667.1866666666667,704,130,228,33,10,94,0.414,0.346,0.89,0.516,0.464,0.208,0.091,100.3,107.9,-7.6,2.43,0.01,0.071,0.234,0.04,17.5,0.06419097736695432,0.8473494591328128,-0.9456395291248445,-0.43309732375414184
101109,Raymond Felton,CHA,2009-10,Playmaker,Very Good,80,2642.84,968,288,446,123,22,168,0.459,0.385,0.763,0.525,0.494,0.189,0.113,104.6,101.5,3.1,2.65,0.022,0.095,0.283,0.058,23.900000000000006,0.1669429619380627,1.9247871808134989,-0.29709193542148526,0.9968648290476194
1888,Richard Hamilton,DET,2009-10,Playmaker,Average,46,1552.415,831,122,202,30,3,115,0.409,0.297,0.846,0.505,0.437,0.271,0.092,103.9,109.4,-5.5,1.76,0.019,0.066,0.229,0.041,16.0,0.5540743635186101,0.7235892180774316,-0.9541269034894864,-0.6231356731648391
1729,Ricky Davis,LAC,2009-10,Playmaker,Average,36,498.82666666666665,158,57,39,11,3,29,0.434,0.381,0.581,0.504,0.49,0.169,0.062,97.4,109.1,-11.6,1.34,0.021,0.103,0.128,0.061,16.30000000000001,-0.6836655742845804,-0.44358345429034624,-0.8718034253341236,-0.8023751664779145
201155,Rodney Stuckey,DET,2009-10,Playmaker,Very Good,73,2498.613333333333,1215,281,348,101,12,163,0.405,0.228,0.833,0.479,0.413,0.26,0.105,104.4,106.8,-2.4,2.13,0.027,0.097,0.246,0.06,18.60000000000001,0.6018143093190321,1.3563242578324113,-0.29018627689778176,0.35634042661166815
2427,Roger Mason Jr.,SAS,2009-10,Playmaker,Average,79,1514.5833333333333,501,162,137,30,14,59,0.389,0.333,0.794,0.49,0.478,0.166,0.075,105.0,102.8,2.2,2.32,0.007,0.1,0.14,0.054,22.60000000000001,-0.5383184437385009,-0.015561864682189168,-0.6823762541820315,-0.12406271380432395
101179,Ronnie Price,UTA,2009-10,Playmaker,Average,60,805.9216666666666,255,74,123,40,13,56,0.405,0.286,0.695,0.476,0.442,0.175,0.064,99.8,98.0,1.7,2.2,0.036,0.059,0.236,0.047,27.400000000000006,-0.729882249195159,0.47221717695712895,-1.005051149677338,0.251455891813335
201566,Russell Westbrook,OKC,2009-10,Playmaker,Elite,82,2812.583333333333,1322,401,652,108,34,268,0.418,0.221,0.78,0.491,0.428,0.25,0.12,108.9,104.6,4.3,2.43,0.052,0.091,0.367,0.072,20.80000000000001,0.6743828587990771,3.1546864733482294,0.18109500479821505,0.7807144603563531
2562,Sasha Pavlovic,MIN,2009-10,Playmaker,Average,71,876.8,263,117,58,23,6,53,0.363,0.297,0.385,0.422,0.422,0.173,0.038,93.7,108.7,-15.0,1.09,0.013,0.118,0.105,0.064,16.700000000000003,-1.047500976809209,-0.5028753458690154,-0.674381747400166,-0.6241845491891531
2742,Sebastian Telfair,CLE,2009-10,Playmaker,Very Good,43,659.2416666666667,208,45,126,24,5,50,0.413,0.232,0.784,0.479,0.445,0.188,0.077,97.9,105.9,-8.1,2.52,0.008,0.065,0.313,0.037,19.5,-0.6514573735412151,0.9158155577127703,-1.209395671650434,-0.4594275601153068
200771,Sergio Rodriguez,NYK,2009-10,Playmaker,Very Good,66,1047.7266666666667,434,89,212,50,5,114,0.476,0.352,0.731,0.554,0.521,0.209,0.098,105.4,107.6,-2.2,1.86,0.024,0.063,0.307,0.044,17.80000000000001,0.09406762356851862,1.198563091424358,-1.0034694338363996,-0.2899150713033501
2733,Shaun Livingston,WAS,2009-10,Playmaker,Average,36,795.4133333333333,250,78,130,17,11,58,0.517,0.0,0.875,0.563,0.517,0.16,0.093,105.8,105.7,0.1,2.24,0.022,0.084,0.246,0.053,19.700000000000003,-0.34586957519478706,0.5541515495626691,-0.9179997095145951,-0.4595013816551545
201939,Stephen Curry,GSW,2009-10,Playmaker,Very Good,80,2896.213333333333,1399,356,472,152,19,243,0.462,0.437,0.885,0.568,0.535,0.215,0.107,107.5,110.2,-2.7,1.94,0.017,0.106,0.241,0.061,15.200000000000003,0.9139447418868228,1.7845177151277705,-0.07844322881820565,0.7558262893187755
2581,Steve Blake,LAC,2009-10,Playmaker,Very Good,80,2158.79,586,187,380,58,6,128,0.416,0.395,0.75,0.539,0.527,0.143,0.088,104.1,107.8,-3.6,2.97,0.01,0.082,0.272,0.046,17.60000000000001,-0.365232598097131,1.6201333668550841,-0.7179590240278418,-0.2086576388036828
959,Steve Nash,PHX,2009-10,Playmaker,Elite,81,2659.99,1333,268,892,42,12,295,0.507,0.426,0.938,0.615,0.57,0.223,0.155,116.1,109.4,6.7,3.02,0.014,0.082,0.483,0.051,16.0,1.193636970429938,4.689460177559813,-0.439337087227553,-0.4077421418774432
202178,Sundiata Gaines,UTA,2009-10,Playmaker,Average,32,217.115,106,29,39,12,0,14,0.463,0.269,0.5,0.518,0.506,0.222,0.133,101.6,97.3,4.2,2.79,0.027,0.11,0.289,0.067,28.10000000000001,-0.25313426248731075,0.4608587326313275,-0.8696600998486694,-0.12906102996468993
2551,T.J. Ford,IND,2009-10,Playmaker,Very Good,47,1188.935,484,149,180,44,11,90,0.445,0.16,0.77,0.507,0.455,0.207,0.096,98.6,106.0,-7.5,2.0,0.034,0.091,0.254,0.062,19.400000000000006,-0.153240095495861,0.7830773423589203,-0.6149529413322377,-0.1973709848355828
2419,Tayshaun Prince,DET,2009-10,Playmaker,Average,49,1663.735,661,248,161,34,22,60,0.486,0.37,0.714,0.53,0.509,0.19,0.11,105.9,110.6,-4.7,2.68,0.044,0.122,0.165,0.081,14.800000000000011,-0.018541597018450016,0.21319206042685995,-0.11021502976044961,-0.45996401541261583
201944,Terrence Williams,NJN,2009-10,Playmaker,Average,78,1763.5216666666668,656,348,223,43,10,124,0.401,0.31,0.715,0.459,0.425,0.213,0.099,98.1,105.9,-7.7,1.8,0.026,0.18,0.224,0.101,19.5,-0.2597213245799827,0.772774469171949,0.4099159146996841,-0.21197434427201733
2225,Tony Parker,SAS,2009-10,Playmaker,Very Good,56,1727.986666666667,894,135,317,29,8,149,0.487,0.294,0.756,0.542,0.494,0.255,0.116,108.7,102.4,6.4,2.13,0.004,0.075,0.304,0.041,23.0,0.6939278726819246,1.5680777202651246,-0.9196329819018377,-0.17162699074127052
1503,Tracy McGrady,NYK,2009-10,Playmaker,Average,30,672.4683333333334,245,94,99,15,14,44,0.387,0.25,0.746,0.466,0.421,0.205,0.078,107.6,116.4,-8.8,2.25,0.034,0.114,0.22,0.073,9.0,-0.5746546386078101,0.2940221318623349,-0.6207525660823447,-1.0785467385522383
201951,Ty Lawson,DEN,2009-10,Playmaker,Average,65,1317.4366666666667,542,124,203,48,2,82,0.515,0.41,0.757,0.6,0.559,0.174,0.11,110.3,104.1,6.3,2.48,0.033,0.062,0.233,0.048,21.30000000000001,0.17874150125934016,0.7497395227394388,-0.8596425661893938,-0.13534882651593255
201936,Tyreke Evans,SAC,2009-10,Playmaker,Very Good,72,2676.58,1450,380,414,109,26,216,0.458,0.255,0.748,0.529,0.473,0.261,0.131,102.2,108.4,-6.2,1.92,0.024,0.122,0.268,0.071,17.0,1.0644816004629896,1.722772258474916,0.11263440023656393,0.4868683460819743
101198,Will Bynum,DET,2009-10,Playmaker,Very Good,63,1666.4833333333331,628,142,283,55,7,115,0.444,0.218,0.798,0.513,0.455,0.199,0.093,103.4,112.9,-9.5,2.46,0.015,0.081,0.284,0.046,12.5,-0.07365328862946609,1.3306151486072786,-0.8373610602927793,-0.5292731063680097
2584,Willie Green,PHI,2009-10,Playmaker,Average,73,1553.4266666666667,638,129,152,32,11,67,0.457,0.346,0.833,0.538,0.5,0.19,0.084,103.2,107.8,-4.6,2.27,0.013,0.075,0.164,0.043,17.60000000000001,0.010612267172909069,0.1744571851908983,-0.9100739447944689,-0.4274657551844305
201985,AJ Price,IND,2010-11,Playmaker,Average,50,795.1466666666666,323,72,111,29,1,53,0.356,0.275,0.667,0.454,0.42,0.223,0.075,104.4,102.2,2.2,2.09,0.019,0.073,0.233,0.045,23.200000000000003,-0.4552467792075487,0.41120792108431814,-1.0358372154540292,-0.23069830375287748
201166,Aaron Brooks,PHX,2010-11,Playmaker,Very Good,59,1284.131666666667,634,78,233,34,3,99,0.375,0.297,0.886,0.489,0.434,0.251,0.078,106.8,113.4,-6.6,2.35,0.015,0.046,0.289,0.03,12.0,0.17411780344458005,1.1747188491649514,-1.211011758522242,-0.8167089216096016
201151,Acie Law,GSW,2010-11,Playmaker,Average,51,725.8783333333333,215,63,84,32,0,43,0.435,0.167,0.734,0.502,0.452,0.156,0.07,99.0,107.8,-8.7,1.95,0.017,0.072,0.182,0.044,17.60000000000001,-0.7491614244188902,0.02535593530040617,-1.072457277011697,-0.5387578592182282
2738,Andre Iguodala,PHI,2010-11,Playmaker,Very Good,67,2468.688333333333,945,387,422,101,38,138,0.445,0.337,0.693,0.53,0.486,0.191,0.126,105.3,101.9,3.4,3.06,0.026,0.136,0.261,0.081,23.5,0.1935851816503753,1.7128862157092017,0.2586045933690239,0.9072923984341159
1889,Andre Miller,POR,2010-11,Playmaker,Elite,81,2649.72,1029,302,566,114,12,197,0.46,0.108,0.853,0.529,0.462,0.203,0.126,109.5,104.9,4.6,2.87,0.04,0.087,0.348,0.063,20.5,0.3362899404831608,2.7314976062637113,-0.19624636372677,0.6026720274037778
1853,Anthony Carter,NYK,2010-11,Playmaker,Average,33,463.2966666666667,110,51,69,27,6,39,0.425,0.3,1.0,0.502,0.481,0.14,0.073,103.3,102.3,0.9,1.77,0.015,0.096,0.234,0.056,23.10000000000001,-0.9420097752774286,0.2622785388810282,-0.9514219683595166,-0.20670917711908873
1515,Anthony Parker,CLE,2010-11,Playmaker,Average,72,2091.18,600,218,218,67,10,80,0.399,0.379,0.779,0.505,0.476,0.144,0.076,100.9,108.4,-7.5,2.73,0.016,0.091,0.164,0.053,17.0,-0.5422122618764412,0.41731681246522395,-0.5465267078014563,-0.1101883213762873
202356,Armon Johnson,POR,2010-11,Playmaker,Average,38,277.43666666666667,110,36,45,5,1,38,0.455,0.417,0.591,0.497,0.48,0.228,0.077,92.7,94.4,-1.7,1.18,0.037,0.093,0.3,0.063,31.0,-0.3263950346285202,0.5447310672494466,-0.9020450669817337,-0.021084548886244114
1884,Baron Davis,CLE,2010-11,Playmaker,Elite,58,1649.2883333333334,760,156,391,78,28,146,0.417,0.339,0.771,0.506,0.475,0.24,0.116,108.6,109.3,-0.7,2.68,0.021,0.077,0.388,0.049,16.10000000000001,0.28165538157557174,2.312257758251204,-0.7619947972074246,0.13302181545589764
202386,Ben Uzoh,NJN,2010-11,Playmaker,Average,42,437.5783333333333,158,61,69,13,8,25,0.424,0.375,0.589,0.468,0.434,0.199,0.097,95.1,103.3,-8.2,2.76,0.067,0.074,0.278,0.07,22.10000000000001,-0.6698824156471083,0.5094552856173864,-0.7465330222573396,-0.3902880052988133
2757,Beno Udrih,SAC,2010-11,Playmaker,Very Good,79,2733.5133333333333,1086,265,386,94,9,141,0.5,0.357,0.864,0.587,0.539,0.164,0.114,102.0,107.6,-5.6,2.74,0.014,0.086,0.219,0.049,17.80000000000001,0.4235137288305193,1.3444758880385004,-0.47277653158790933,0.2064547539946652
2564,Boris Diaw,CHA,2010-11,Playmaker,Very Good,82,2778.275,924,414,337,74,46,166,0.492,0.345,0.683,0.558,0.543,0.166,0.1,102.8,107.3,-4.5,2.03,0.04,0.118,0.203,0.079,18.10000000000001,0.15552001614817512,1.0742885598852498,0.3047665065186258,0.3912000658569605
1802,Brad Miller,HOU,2010-11,Playmaker,Average,60,1015.4266666666666,382,222,145,28,21,54,0.446,0.374,0.83,0.566,0.514,0.167,0.119,106.3,104.5,1.8,2.69,0.043,0.178,0.22,0.11,20.900000000000006,-0.18228193315151067,0.4632879326898952,0.19024710189998173,-0.17384613924359468
201943,Brandon Jennings,MIL,2010-11,Playmaker,Very Good,63,2168.64,1019,234,305,95,21,146,0.39,0.323,0.809,0.493,0.443,0.246,0.113,100.0,101.6,-1.6,2.09,0.019,0.095,0.261,0.055,23.80000000000001,0.4380278766399726,1.2823623309956245,-0.4785933418534512,0.6907537352668628
200750,Brandon Roy,POR,2010-11,Playmaker,Average,47,1309.71,573,121,129,37,12,55,0.4,0.333,0.848,0.491,0.436,0.225,0.095,107.1,104.5,2.6,2.35,0.022,0.081,0.168,0.05,20.900000000000006,-0.04876974265713215,0.11229489811678708,-0.842123393331029,-0.17165104882643997
201228,C.J. Watson,CHI,2010-11,Playmaker,Very Good,82,1090.7333333333331,405,94,186,55,11,73,0.371,0.393,0.742,0.466,0.426,0.212,0.104,99.3,92.6,6.7,2.55,0.015,0.073,0.303,0.044,32.80000000000001,-0.4080274350844908,1.080420503703894,-0.9902025409180732,0.7039166531491832
2306,Carlos Arroyo,BOS,2010-11,Playmaker,Average,64,1184.755,310,103,125,21,1,60,0.44,0.449,0.83,0.528,0.496,0.137,0.066,104.8,100.7,4.1,2.08,0.019,0.069,0.16,0.046,24.700000000000003,-0.67108549386232,0.05263490614809614,-0.9408428250557251,-0.22545719468511916
1497,Chauncey Billups,NYK,2010-11,Playmaker,Very Good,72,2310.143333333333,1208,190,387,71,14,177,0.427,0.402,0.916,0.617,0.519,0.221,0.122,112.0,109.1,2.9,2.19,0.011,0.071,0.266,0.042,16.30000000000001,1.1002874622431675,1.6121852861019486,-0.7609575054955673,-0.06940128614540059
101108,Chris Paul,NOH,2010-11,Playmaker,Elite,80,2879.643333333333,1268,327,782,188,5,177,0.463,0.388,0.878,0.578,0.502,0.206,0.169,107.8,103.4,4.4,4.42,0.014,0.112,0.441,0.062,22.0,0.8107652552800436,4.048752692036079,-0.14265155343981833,1.386722649391607
200809,Chris Quinn,SAS,2010-11,Playmaker,Average,41,292.055,81,25,42,5,1,12,0.363,0.297,0.5,0.428,0.423,0.164,0.051,101.8,109.3,-7.5,3.5,0.011,0.076,0.236,0.043,16.10000000000001,-1.210329203743289,0.17416217984772925,-1.1860253174956576,-0.8965292071238319
201571,D.J. Augustin,CHA,2010-11,Playmaker,Elite,82,2757.095,1178,225,498,54,3,155,0.416,0.333,0.906,0.541,0.474,0.205,0.111,103.6,108.7,-5.2,3.21,0.015,0.073,0.306,0.043,16.700000000000003,0.5269925298669161,2.245337156278185,-0.6553496007626023,-0.33333469011070077
200789,Daniel Gibson,CLE,2010-11,Playmaker,Average,67,1865.0316666666668,780,177,201,48,21,80,0.4,0.403,0.822,0.533,0.489,0.193,0.088,102.3,107.8,-5.5,2.51,0.013,0.085,0.185,0.048,17.60000000000001,0.10638918065529546,0.4727327800187352,-0.7190135012551341,-0.16050930814071426
201954,Darren Collison,IND,2010-11,Playmaker,Very Good,79,2360.135,1039,225,403,87,14,194,0.457,0.331,0.871,0.534,0.481,0.212,0.112,104.2,106.7,-2.6,2.08,0.017,0.076,0.28,0.047,18.700000000000003,0.43797344939213817,1.749707493948202,-0.6043909835438811,0.23739174098639607
2753,Delonte West,BOS,2010-11,Playmaker,Average,24,453.1433333333333,135,37,64,20,10,30,0.458,0.364,0.867,0.533,0.508,0.167,0.105,92.3,102.4,-10.1,2.13,0.015,0.074,0.268,0.046,23.0,-0.5490844139678345,0.4348802956565226,-1.1159658115776334,-0.24464432917993292
101114,Deron Williams,NJN,2010-11,Playmaker,Elite,65,2464.911666666667,1309,260,667,79,15,230,0.439,0.331,0.845,0.566,0.493,0.253,0.144,108.0,110.3,-2.3,2.9,0.017,0.094,0.448,0.055,15.100000000000009,1.1157845840729992,3.664911763311599,-0.409605498678154,-0.04689852869523584
201565,Derrick Rose,CHI,2010-11,Playmaker,Elite,81,3025.8366666666666,2026,330,623,85,51,278,0.445,0.332,0.858,0.55,0.485,0.314,0.165,109.1,100.7,8.5,2.24,0.028,0.082,0.372,0.056,24.700000000000003,1.9879171947896108,3.0760636916750057,-0.2111293435169043,0.9435432335204709
2734,Devin Harris,UTA,2010-11,Playmaker,Elite,71,2253.78,1079,169,503,70,7,207,0.422,0.322,0.833,0.545,0.458,0.245,0.121,105.1,110.2,-5.1,2.43,0.008,0.072,0.373,0.04,15.200000000000003,0.7712882130118626,2.6401183863293305,-0.8421577643618987,-0.2152150396596735
1863,Earl Boykins,MIL,2010-11,Playmaker,Very Good,57,861.7683333333333,408,55,141,38,3,52,0.443,0.38,0.841,0.526,0.482,0.235,0.136,100.3,97.2,3.1,2.71,0.018,0.048,0.301,0.033,28.200000000000003,0.10555927134487803,0.9035990875288376,-1.2338205030325025,0.17656226594558774
2248,Earl Watson,UTA,2010-11,Playmaker,Very Good,80,1567.35,343,182,278,61,17,116,0.41,0.336,0.671,0.5,0.469,0.135,0.075,105.8,105.3,0.6,2.4,0.036,0.091,0.26,0.063,20.10000000000001,-0.8220195569167856,1.177393011957574,-0.5146517937666033,0.08060524166880723
202339,Eric Bledsoe,LAC,2010-11,Playmaker,Very Good,81,1840.5333333333333,543,223,289,92,26,194,0.424,0.276,0.744,0.499,0.457,0.175,0.083,99.7,106.1,-6.4,1.49,0.038,0.086,0.254,0.062,19.30000000000001,-0.3906880242046356,1.1841636964937914,-0.4186029261410072,0.4458609287445281
201953,Eric Maynor,OKC,2010-11,Playmaker,Very Good,82,1199.635,348,121,238,35,6,77,0.402,0.385,0.729,0.485,0.458,0.164,0.092,107.4,99.0,8.5,3.09,0.023,0.08,0.313,0.052,26.400000000000006,-0.6918828754310589,1.3279409858146565,-0.8166440847216685,0.0700721540507651
202066,Garrett Temple,CHA,2010-11,Playmaker,Average,24,230.19333333333333,57,23,32,11,6,23,0.294,0.27,0.412,0.378,0.368,0.2,0.028,100.7,108.4,-7.7,1.39,0.005,0.106,0.209,0.053,17.0,-1.2499762339167713,-0.014311373418418594,-1.0639355316161854,-0.7308945019340457
2240,Gilbert Arenas,ORL,2010-11,Playmaker,Very Good,70,1796.1933333333334,755,189,274,74,21,177,0.366,0.297,0.784,0.471,0.433,0.242,0.075,103.4,104.1,-0.7,1.55,0.012,0.094,0.256,0.053,21.30000000000001,0.09257683395561263,1.140203633328552,-0.6234746867277493,0.32627842593855577
201609,Goran Dragic,HOU,2010-11,Playmaker,Very Good,70,1233.875,523,142,204,50,10,117,0.435,0.361,0.624,0.524,0.499,0.22,0.089,99.4,107.2,-7.8,1.74,0.029,0.089,0.291,0.058,18.200000000000003,0.06724909512083603,1.0792431074869762,-0.6844852086366158,-0.21582588126818694
202349,Greivis Vasquez,MEM,2010-11,Playmaker,Average,70,859.9166666666666,249,73,151,22,4,70,0.408,0.291,0.773,0.493,0.461,0.164,0.072,98.5,102.7,-4.2,2.16,0.014,0.08,0.266,0.045,22.700000000000003,-0.717536330049351,0.7437781340301175,-1.0331838368703639,-0.30225278983659476
2045,Hedo Turkoglu,ORL,2010-11,Playmaker,Very Good,81,2540.143333333333,877,356,343,72,34,132,0.446,0.41,0.679,0.555,0.534,0.165,0.094,109.9,104.3,5.6,2.6,0.019,0.125,0.207,0.073,21.10000000000001,0.09715292568593414,1.1188373211589482,0.07443262283795785,0.42533179709197394
202397,Ish Smith,MEM,2010-11,Playmaker,Average,43,441.6516666666666,101,47,79,18,2,34,0.374,0.3,0.571,0.406,0.387,0.155,0.06,101.2,107.0,-5.8,2.32,0.016,0.09,0.268,0.053,18.400000000000006,-1.3875763601448536,0.49007566549159665,-1.0002544456082187,-0.6165782723088484
200826,J.J. Barea,DAL,2010-11,Playmaker,Very Good,81,1668.9666666666667,769,159,317,30,1,136,0.439,0.349,0.847,0.535,0.49,0.234,0.111,106.7,102.1,4.6,2.33,0.019,0.078,0.314,0.05,23.30000000000001,0.41003137944955426,1.6242542536142968,-0.7412950071517485,-0.21446147330961482
2749,Jameer Nelson,ORL,2010-11,Playmaker,Elite,76,2318.8233333333333,997,226,456,75,3,194,0.446,0.401,0.802,0.548,0.517,0.217,0.111,109.5,102.5,7.0,2.35,0.017,0.082,0.324,0.05,22.900000000000006,0.5243331114182233,2.191907880768488,-0.5635186420461749,0.24853291690076598
201949,James Johnson,TOR,2010-11,Playmaker,Average,38,821.155,271,142,89,33,37,64,0.456,0.235,0.662,0.505,0.473,0.18,0.079,105.1,108.2,-3.1,1.39,0.049,0.132,0.161,0.091,17.200000000000003,-0.5159329060915123,-0.07421632812116424,-0.26407661658216613,-0.17755219818603427
101127,Jarrett Jack,NOH,2010-11,Playmaker,Very Good,83,1722.256666666667,735,173,242,54,6,110,0.408,0.306,0.85,0.503,0.434,0.224,0.109,101.6,106.3,-4.7,2.2,0.012,0.096,0.251,0.053,19.10000000000001,0.1293463366457852,0.9943652443391413,-0.6659287440663937,-0.16197107798267665
467,Jason Kidd,DAL,2010-11,Playmaker,Elite,80,2652.846666666667,630,351,655,134,29,179,0.361,0.34,0.87,0.5,0.472,0.14,0.113,107.3,104.6,2.7,3.66,0.014,0.122,0.357,0.07,20.80000000000001,-0.5784474031954888,3.1095490139660718,0.02294676700559073,0.9995225767371009
1891,Jason Terry,DAL,2010-11,Playmaker,Very Good,82,2564.365,1293,153,334,93,13,167,0.451,0.362,0.85,0.545,0.509,0.24,0.105,109.7,103.7,5.9,2.0,0.01,0.051,0.223,0.031,21.700000000000003,0.8890116740752417,1.1756025526165794,-0.9992687104426659,0.46570647976170293
1715,Jason Williams,MEM,2010-11,Playmaker,Average,27,295.1083333333333,54,30,52,11,1,18,0.328,0.263,0.0,0.403,0.403,0.125,0.081,103.5,98.3,5.2,2.89,0.01,0.091,0.244,0.051,27.10000000000001,-1.6582374304729086,0.2559003197504498,-1.070841190139889,-0.188059603949432
101214,Jawad Williams,CLE,2010-11,Playmaker,Average,26,391.1116666666667,104,48,22,9,3,16,0.325,0.289,0.75,0.396,0.377,0.164,0.033,99.6,111.0,-11.4,1.38,0.017,0.118,0.093,0.063,14.400000000000006,-1.3767039367964344,-0.7027560734921998,-0.8702045239777505,-0.9347317749485936
201952,Jeff Teague,ATL,2010-11,Playmaker,Average,70,962.5383333333332,361,102,138,45,25,64,0.438,0.375,0.794,0.521,0.467,0.193,0.099,100.2,103.6,-3.4,2.16,0.012,0.097,0.236,0.056,21.80000000000001,-0.2643826561603868,0.527412546792203,-0.8160996605925875,0.09564609426455097
202391,Jeremy Lin,GSW,2010-11,Playmaker,Average,29,284.5133333333333,76,34,42,33,9,18,0.389,0.2,0.76,0.458,0.396,0.151,0.088,105.7,103.2,2.5,2.33,0.039,0.082,0.207,0.059,22.200000000000003,-1.137575129160984,0.011250233135129628,-0.9583104413677854,-0.16706781502455212
201573,Jerryd Bayless,TOR,2010-11,Playmaker,Very Good,71,1495.2833333333333,651,165,266,38,5,127,0.422,0.336,0.806,0.536,0.469,0.217,0.1,100.9,110.2,-9.3,2.09,0.018,0.095,0.294,0.056,15.200000000000003,0.20620514661707456,1.3242369294767005,-0.648936809821675,-0.5670135816918005
2207,Joe Johnson,ATL,2010-11,Playmaker,Very Good,72,2554.405,1312,291,338,47,7,146,0.443,0.297,0.802,0.517,0.481,0.261,0.112,107.0,105.5,1.6,2.32,0.025,0.097,0.23,0.062,19.900000000000006,0.8963526134566765,1.2296448912503533,-0.23817318245176833,-0.1773794145081858
2422,John Salmons,MIL,2010-11,Playmaker,Average,73,2554.103333333333,1024,266,252,72,28,137,0.415,0.379,0.813,0.51,0.462,0.207,0.097,99.0,100.1,-1.1,1.84,0.011,0.1,0.179,0.054,25.30000000000001,0.25333293623306985,0.6266911174484835,-0.40642488148084266,0.6113966482814498
202322,John Wall,WAS,2010-11,Playmaker,Elite,69,2606.055,1131,317,574,121,35,261,0.409,0.296,0.766,0.494,0.427,0.233,0.117,100.2,109.0,-8.8,2.2,0.013,0.112,0.357,0.06,16.400000000000006,0.42934782635721297,2.811494016856672,-0.19466464788583177,0.6670090723396691
201938,Jonny Flynn,MIN,2010-11,Playmaker,Very Good,53,982.86,279,77,182,34,3,113,0.365,0.31,0.762,0.444,0.417,0.186,0.057,100.3,109.4,-9.0,1.61,0.012,0.07,0.284,0.04,16.0,-0.8150105306088761,0.9589663250511136,-1.0862685940591041,-0.5816902214115914
202348,Jordan Crawford,WAS,2010-11,Playmaker,Average,42,1026.645,490,105,117,39,3,83,0.384,0.258,0.869,0.456,0.417,0.258,0.078,99.9,110.8,-10.9,1.41,0.028,0.074,0.197,0.05,14.600000000000009,-0.06716296295566322,0.23105054896132748,-0.8845774506696734,-0.6121399517893348
200770,Jordan Farmar,NJN,2010-11,Playmaker,Very Good,73,1795.9516666666666,701,173,368,62,6,139,0.392,0.359,0.82,0.504,0.475,0.205,0.108,99.7,106.5,-6.7,2.65,0.013,0.087,0.341,0.049,18.900000000000006,-0.028544350052072343,1.9635951510963139,-0.7168873612851148,-0.09083110948608186
101181,Jose Calderon,TOR,2010-11,Playmaker,Elite,68,2102.2033333333334,669,202,605,81,7,148,0.44,0.365,0.854,0.522,0.487,0.164,0.118,105.8,110.2,-4.5,4.09,0.015,0.088,0.412,0.05,15.200000000000003,-0.24884522885819704,3.234535381269606,-0.6271997280541415,-0.10124004733824221
201950,Jrue Holiday,PHI,2010-11,Playmaker,Elite,82,2900.6983333333333,1145,332,531,120,29,218,0.446,0.365,0.823,0.525,0.487,0.204,0.105,106.8,103.9,2.9,2.44,0.025,0.095,0.282,0.06,21.5,0.4043935538150903,2.2319432898773344,-0.1548639691308526,0.8955917681353848
2039,Keyon Dooling,MIL,2010-11,Playmaker,Very Good,80,1756.615,571,117,243,54,4,91,0.397,0.346,0.83,0.509,0.475,0.171,0.086,101.3,98.4,2.9,2.67,0.007,0.062,0.226,0.035,27.0,-0.34260242034847815,0.8576036022885488,-1.0438317222358946,0.2819559269022481
2550,Kirk Hinrich,ATL,2010-11,Playmaker,Very Good,72,2156.6583333333333,737,182,288,75,17,121,0.446,0.399,0.841,0.543,0.506,0.167,0.086,98.8,108.2,-9.4,2.38,0.01,0.08,0.221,0.044,17.200000000000003,-0.057777395055114124,0.9951014451191847,-0.7567052255555289,0.05527576516161653
200768,Kyle Lowry,HOU,2010-11,Playmaker,Elite,75,2563.1833333333334,1011,309,500,102,23,158,0.426,0.376,0.765,0.55,0.506,0.184,0.107,111.4,105.6,5.8,3.16,0.035,0.088,0.289,0.061,19.80000000000001,0.30428836074408766,2.1571964322292687,-0.20315202225047366,0.5484995036431811
2544,LeBron James,MIA,2010-11,Playmaker,Elite,79,3062.9816666666666,2111,590,554,124,50,284,0.51,0.33,0.759,0.594,0.541,0.307,0.201,111.5,101.4,10.1,1.95,0.029,0.163,0.343,0.101,24.0,2.2495430724475223,2.659253043721066,1.0520335319466811,1.296390651576912
101150,Lou Williams,PHI,2010-11,Playmaker,Very Good,75,1747.335,1027,149,252,47,17,102,0.406,0.348,0.823,0.54,0.462,0.27,0.122,103.7,101.5,2.2,2.47,0.019,0.066,0.248,0.043,23.900000000000006,0.8882128391587419,1.0143091975577723,-0.8570063731211633,0.15881392572054973
2557,Luke Ridnour,MIN,2010-11,Playmaker,Very Good,71,2159.16,840,199,384,89,10,158,0.468,0.44,0.883,0.567,0.528,0.174,0.104,103.6,109.0,-5.4,2.43,0.017,0.074,0.274,0.045,16.400000000000006,0.20496518822275292,1.6460874388142717,-0.6988581353285389,0.08250885823687408
2575,Luke Walton,LAL,2010-11,Playmaker,Average,54,484.3883333333333,91,67,62,9,4,31,0.328,0.235,0.7,0.378,0.362,0.144,0.049,101.0,97.0,3.9,2.0,0.019,0.107,0.183,0.067,28.400000000000006,-1.6354041658417209,-0.04997962045611848,-0.768831713669389,-0.10204886025248516
101129,Luther Head,SAC,2010-11,Playmaker,Average,36,585.5816666666667,200,60,70,10,9,32,0.415,0.391,0.78,0.538,0.491,0.161,0.083,100.0,108.8,-8.8,2.19,0.027,0.079,0.194,0.053,16.60000000000001,-0.5175449447801066,0.04125209680667724,-0.9657605240205701,-0.7344053428829406
202412,Manny Harris,CLE,2010-11,Playmaker,Average,54,933.3466666666668,321,140,85,31,7,63,0.374,0.37,0.763,0.486,0.433,0.186,0.073,97.1,110.1,-13.0,1.35,0.037,0.117,0.153,0.075,15.300000000000011,-0.5445857549690996,-0.13387632008985523,-0.4732178426243814,-0.6134327267488883
1938,Manu Ginobili,SAS,2010-11,Playmaker,Very Good,80,2425.49,1393,295,393,123,28,174,0.433,0.349,0.871,0.581,0.509,0.248,0.138,111.8,100.7,11.0,2.26,0.019,0.103,0.249,0.063,24.700000000000003,1.225521727053223,1.538763327342385,-0.21482001381242694,1.1045733531056563
1710,Mike Bibby,MIA,2010-11,Playmaker,Average,80,2284.415,688,195,265,50,9,101,0.431,0.44,0.629,0.57,0.563,0.144,0.072,108.5,105.3,3.2,2.62,0.008,0.082,0.173,0.046,20.10000000000001,-0.10711130271897902,0.6408211846293774,-0.6967319953585196,-0.11430946267720427
201144,Mike Conley,MEM,2010-11,Playmaker,Elite,81,2871.7316666666666,1107,247,528,144,18,176,0.444,0.369,0.733,0.521,0.486,0.194,0.108,109.2,103.8,5.4,3.0,0.012,0.079,0.273,0.045,21.60000000000001,0.2809149289565827,2.170345335896065,-0.5714959633126057,1.0388478421260243
2590,Mo Williams,LAC,2010-11,Playmaker,Elite,58,1788.545,812,153,380,53,10,171,0.399,0.324,0.853,0.503,0.453,0.242,0.095,100.7,110.5,-9.8,2.22,0.012,0.077,0.361,0.043,14.900000000000006,0.316643481545234,2.1201045136627172,-0.8463928587865022,-0.37863222011660946
101145,Monta Ellis,GSW,2010-11,Playmaker,Very Good,80,3226.673333333333,1929,281,450,168,23,252,0.451,0.361,0.789,0.536,0.493,0.278,0.115,106.7,110.1,-3.3,1.79,0.014,0.076,0.234,0.044,15.300000000000011,1.5743828872619092,1.664240932691908,-0.49402074577266647,0.9679534198490075
201203,Mustafa Shakur,WAS,2010-11,Playmaker,Average,22,159.11833333333334,51,22,25,5,3,18,0.356,0.1,0.533,0.389,0.364,0.228,0.048,97.2,99.4,-2.2,1.39,0.045,0.1,0.258,0.072,26.0,-0.986436731477212,0.2351958007361578,-0.824535478410925,-0.29462299612761184
101126,Nate Robinson,OKC,2010-11,Playmaker,Average,59,1013.2433333333332,401,90,111,29,4,68,0.399,0.325,0.818,0.507,0.485,0.212,0.069,101.1,99.7,1.4,1.63,0.017,0.077,0.183,0.048,25.700000000000003,-0.17649304650576192,0.13032525433845663,-0.9498574380340132,-0.053459224119903524
201988,Patty Mills,POR,2010-11,Playmaker,Average,64,782.705,353,51,109,27,1,62,0.412,0.353,0.766,0.506,0.483,0.231,0.085,97.3,105.0,-7.6,1.76,0.023,0.046,0.261,0.034,20.400000000000006,-0.0777365722077914,0.561142831817324,-1.2316943630624833,-0.41593411976810835
200817,Pooh Jeter,SAC,2010-11,Playmaker,Very Good,62,858.0866666666667,255,70,162,29,2,51,0.409,0.2,0.902,0.46,0.421,0.155,0.086,99.4,105.5,-6.1,3.18,0.01,0.071,0.281,0.039,19.900000000000006,-0.9677724697231183,0.8685195385995969,-1.1175818984494414,-0.41447126741316326
200765,Rajon Rondo,BOS,2010-11,Playmaker,Elite,68,2526.7816666666668,721,297,760,153,11,234,0.475,0.233,0.568,0.495,0.482,0.179,0.131,108.6,99.8,8.9,3.25,0.041,0.086,0.448,0.065,25.60000000000001,-0.2559117309139225,4.007123056289058,-0.18403394803573575,1.2962965607473342
201196,Ramon Sessions,CLE,2010-11,Playmaker,Elite,81,2132.701666666667,1075,255,419,60,8,178,0.466,0.2,0.823,0.559,0.468,0.237,0.135,101.3,112.8,-11.5,2.35,0.021,0.1,0.351,0.06,12.600000000000009,0.7898852676063739,2.2074359418847376,-0.359174120073079,-0.4614733601684267
200751,Randy Foye,LAC,2010-11,Playmaker,Average,63,1551.2983333333334,616,103,170,47,21,95,0.388,0.327,0.893,0.516,0.455,0.195,0.073,102.8,108.9,-6.1,1.79,0.009,0.059,0.18,0.034,16.5,-0.09443639545956767,0.3305740823516627,-1.0937186767118887,-0.23550081363347952
101109,Raymond Felton,DEN,2010-11,Playmaker,Elite,75,2737.295,1164,269,625,125,11,221,0.425,0.353,0.805,0.524,0.483,0.21,0.115,109.5,107.3,2.2,2.83,0.018,0.081,0.347,0.05,18.10000000000001,0.45630073970095913,2.9429817409467516,-0.44942336294856794,0.5655183356033309
201155,Rodney Stuckey,DET,2010-11,Playmaker,Very Good,70,2183.4416666666666,1082,216,361,76,10,155,0.439,0.289,0.866,0.544,0.455,0.238,0.112,108.7,110.6,-1.9,2.33,0.033,0.075,0.27,0.053,14.800000000000011,0.7164907491540369,1.5389839250608226,-0.5518334649687868,-0.14619634004038481
201958,Rodrigue Beaubois,DAL,2010-11,Playmaker,Average,28,495.6716666666667,236,52,64,20,8,47,0.422,0.301,0.767,0.5,0.478,0.25,0.064,98.9,99.6,-0.7,1.36,0.014,0.093,0.213,0.054,25.80000000000001,-0.0573270552104033,0.1259093622360749,-0.9742478983852121,-0.10036616704747003
201566,Russell Westbrook,OKC,2010-11,Playmaker,Elite,82,2847.38,1793,379,670,155,30,316,0.442,0.33,0.842,0.538,0.454,0.311,0.154,108.9,106.8,2.1,2.12,0.045,0.091,0.422,0.068,18.60000000000001,1.7293176130782177,3.5298918505707655,0.07176205873885794,1.0979683773358182
2756,Sasha Vujacic,NJN,2010-11,Playmaker,Average,67,1647.4233333333334,656,186,132,54,5,66,0.402,0.37,0.844,0.515,0.483,0.191,0.08,100.8,110.8,-9.9,2.0,0.018,0.101,0.134,0.058,14.600000000000009,-0.10058990265125824,-0.06766624130338392,-0.5677365509553436,-0.4364845797085107
2742,Sebastian Telfair,MIN,2010-11,Playmaker,Average,37,710.58,266,54,111,25,3,64,0.402,0.359,0.733,0.497,0.461,0.19,0.068,101.4,107.4,-6.0,1.73,0.022,0.053,0.246,0.036,18.0,-0.4920741197272535,0.484237414438242,-1.1982549187021267,-0.5574331377573937
2733,Shaun Livingston,CHA,2010-11,Playmaker,Average,73,1260.7416666666666,479,149,164,47,29,88,0.466,0.25,0.864,0.53,0.467,0.196,0.115,97.0,100.1,-3.1,1.86,0.024,0.099,0.241,0.062,25.30000000000001,-0.1058678102029005,0.6511727878475841,-0.6149529413322377,0.36248003882672397
202395,Sherron Collins,CHA,2010-11,Playmaker,Average,20,65.88166666666666,17,5,8,2,0,4,0.28,0.2,1.0,0.334,0.32,0.204,0.037,94.6,108.7,-14.1,2.0,0.0,0.079,0.19,0.041,16.700000000000003,-1.5011118558409313,-0.20935937851796427,-1.2645721977783237,-0.9024779549121389
201603,Sonny Weems,TOR,2010-11,Playmaker,Average,59,1413.1883333333333,545,153,104,34,2,86,0.444,0.279,0.766,0.492,0.461,0.198,0.066,101.9,113.4,-11.5,1.21,0.027,0.087,0.12,0.056,12.0,-0.26089739227946124,-0.24934474501769666,-0.6807773528256584,-0.8268263856126742
201939,Stephen Curry,GSW,2010-11,Playmaker,Very Good,74,2488.9933333333333,1373,286,432,109,20,226,0.48,0.442,0.934,0.595,0.551,0.237,0.121,108.5,108.4,0.0,1.91,0.021,0.097,0.268,0.058,17.0,1.210618952547424,1.7890067022770049,-0.30239869258881585,0.4261635620635393
959,Steve Nash,PHX,2010-11,Playmaker,Elite,75,2496.778333333333,1106,260,855,48,4,265,0.492,0.395,0.912,0.601,0.542,0.205,0.152,112.6,107.9,4.8,3.23,0.017,0.088,0.498,0.053,17.5,0.8181219789385555,4.637576398657055,-0.43508480728751464,-0.33838166369789796
202178,Sundiata Gaines,NJN,2010-11,Playmaker,Average,24,300.59,111,38,42,16,1,27,0.4,0.237,0.5,0.459,0.443,0.217,0.073,100.7,103.3,-2.6,1.56,0.041,0.083,0.232,0.061,22.10000000000001,-0.6234655641023662,0.15169156650806043,-0.9222176184237638,-0.4300261645053851
2551,T.J. Ford,IND,2010-11,Playmaker,Very Good,41,773.1266666666667,223,81,141,35,8,63,0.386,0.188,0.729,0.434,0.398,0.183,0.083,97.3,97.3,0.0,2.24,0.021,0.083,0.308,0.051,28.10000000000001,-0.9345316790031687,0.9429226608732583,-0.9355188823729599,0.1901900296410647
201944,Terrence Williams,HOU,2010-11,Playmaker,Average,21,290.035,106,51,38,9,0,33,0.374,0.273,0.667,0.427,0.4,0.238,0.074,93.8,105.4,-11.6,1.15,0.013,0.167,0.244,0.086,20.0,-0.656302343892172,0.20438464123771405,-0.5692323392191079,-0.6360579866805971
201962,Toney Douglas,NYK,2010-11,Playmaker,Average,81,1971.075,856,244,244,89,4,89,0.416,0.373,0.794,0.534,0.511,0.194,0.099,107.6,104.8,2.8,2.74,0.032,0.092,0.202,0.061,20.60000000000001,0.17423451773185974,0.7264596135728736,-0.3756216301887167,0.26857370942634984
2225,Tony Parker,SAS,2010-11,Playmaker,Elite,78,2527.6583333333333,1368,238,513,90,3,200,0.519,0.357,0.769,0.569,0.531,0.251,0.139,109.0,102.5,6.4,2.57,0.013,0.082,0.345,0.049,22.900000000000006,1.1608440155226962,2.519621006175031,-0.5444177533468718,0.4039533609754451
1503,Tracy McGrady,DET,2010-11,Playmaker,Very Good,72,1685.503333333333,574,251,252,66,34,102,0.442,0.341,0.698,0.503,0.471,0.186,0.109,103.7,106.6,-2.9,2.47,0.03,0.137,0.244,0.081,18.80000000000001,-0.264936959803731,0.9918385842181033,-0.10225489400945378,0.22802786684824664
201951,Ty Lawson,DEN,2010-11,Playmaker,Very Good,80,2102.6,933,209,377,80,4,137,0.503,0.404,0.764,0.593,0.553,0.19,0.114,112.8,107.4,5.4,2.75,0.033,0.068,0.272,0.051,18.0,0.5378156931677561,1.6090942928880692,-0.5958864236638044,0.022559287852835324
201936,Tyreke Evans,SAC,2010-11,Playmaker,Very Good,57,2107.056666666667,1012,275,319,85,30,184,0.409,0.291,0.771,0.482,0.432,0.253,0.109,101.7,106.4,-4.7,1.73,0.021,0.113,0.255,0.065,19.0,0.42133031034008095,1.3001720894988567,-0.24240827687637184,0.39617484167378314
201961,Wayne Ellington,MIN,2010-11,Playmaker,Average,62,1181.245,410,108,72,28,3,53,0.403,0.397,0.792,0.488,0.463,0.169,0.054,100.3,108.7,-8.3,1.36,0.021,0.07,0.098,0.045,16.700000000000003,-0.593416622735875,-0.49068324070070024,-0.9403155864420791,-0.6027301265068111
101198,Will Bynum,DET,2010-11,Playmaker,Very Good,61,1125.1966666666667,482,74,195,52,4,83,0.448,0.32,0.836,0.524,0.468,0.221,0.092,104.1,111.0,-6.9,2.35,0.014,0.06,0.289,0.036,14.400000000000006,0.045002470985230913,1.0348905789160971,-1.1451873470288212,-0.4790757045981078
202220,Zabian Dowdell,PHX,2010-11,Playmaker,Average,24,291.6983333333333,121,20,51,20,2,29,0.408,0.3,0.941,0.457,0.42,0.24,0.08,97.8,104.6,-6.8,1.76,0.017,0.053,0.295,0.034,20.80000000000001,-0.45931805971067213,0.5387209485088902,-1.313949099156107,-0.4548443263134181
201985,AJ Price,IND,2011-12,Playmaker,Average,44,568.03,172,61,86,20,2,32,0.339,0.295,0.8,0.454,0.414,0.171,0.095,98.9,97.7,1.2,2.69,0.021,0.092,0.264,0.054,27.700000000000003,-0.9448053352407433,0.4933628914082956,-0.9503674911322244,-0.049437068471850885
2738,Andre Iguodala,PHI,2011-12,Playmaker,Very Good,62,2209.105,771,381,339,107,30,115,0.454,0.394,0.617,0.537,0.514,0.176,0.134,102.2,97.0,5.2,2.95,0.025,0.144,0.241,0.085,28.400000000000006,-0.0016792100135133335,1.295118769256781,0.29364293908575345,1.17641877178197
1889,Andre Miller,DEN,2011-12,Playmaker,Elite,66,1808.9183333333333,639,221,441,63,9,177,0.438,0.217,0.811,0.51,0.455,0.198,0.108,109.1,104.4,4.6,2.49,0.032,0.092,0.365,0.064,21.0,-0.09019374105276257,2.3670362976650203,-0.39843037469897713,0.07326746306540272
1853,Anthony Carter,TOR,2011-12,Playmaker,Average,24,209.32333333333327,47,33,34,8,4,17,0.321,0.294,0.8,0.409,0.368,0.159,0.087,84.3,95.5,-11.2,2.0,0.024,0.135,0.296,0.08,29.900000000000006,-1.3800838655918977,0.48178384936405677,-0.6934310795531645,-0.02427821061654319
1515,Anthony Parker,CLE,2011-12,Playmaker,Average,51,1280.3033333333333,367,138,120,38,7,50,0.433,0.362,0.625,0.523,0.509,0.138,0.073,99.8,109.9,-10.1,2.4,0.008,0.108,0.144,0.055,15.5,-0.6512472037036152,-0.05564600382227093,-0.7333176858853179,-0.5291522511708048
1884,Baron Davis,NYK,2011-12,Playmaker,Very Good,29,594.8283333333334,178,56,135,34,3,76,0.37,0.306,0.667,0.457,0.44,0.205,0.074,105.2,101.4,3.8,1.78,0.024,0.075,0.347,0.05,24.0,-0.6744294428552783,1.1399329930010005,-1.0145930012692719,-0.1116528210155709
2757,Beno Udrih,MIL,2011-12,Playmaker,Very Good,59,1079.985,348,102,227,37,1,77,0.44,0.288,0.709,0.488,0.465,0.177,0.1,105.7,95.0,10.7,2.95,0.024,0.066,0.317,0.046,30.400000000000006,-0.5795639999869361,1.3099349946086043,-0.9434962036393905,0.2752262601100366
2564,Boris Diaw,SAS,2011-12,Playmaker,Average,57,1424.7416666666666,365,280,205,34,25,112,0.444,0.313,0.629,0.498,0.489,0.151,0.085,97.2,105.0,-7.8,1.83,0.049,0.148,0.224,0.098,20.400000000000006,-0.7004616397949893,0.7065400253698602,0.1912672080964043,-0.10058544312618424
201943,Brandon Jennings,MIL,2011-12,Playmaker,Very Good,66,2331.3,1260,226,365,104,22,146,0.418,0.332,0.808,0.514,0.476,0.253,0.118,104.3,106.3,-2.0,2.5,0.02,0.077,0.264,0.047,19.10000000000001,0.7831364038855368,1.519996770340672,-0.6017376049602158,0.5179764929820806
202688,Brandon Knight,DET,2011-12,Playmaker,Average,66,2128.495,847,211,251,49,10,171,0.415,0.38,0.759,0.511,0.483,0.215,0.078,99.4,105.5,-6.2,1.47,0.016,0.091,0.202,0.052,19.900000000000006,0.18997096803840038,0.7522174528292416,-0.5778400121917935,-0.12630429662234435
2243,Brian Scalabrine,CHI,2011-12,Playmaker,Average,28,122.11666666666666,32,21,15,5,6,9,0.467,0.143,0.5,0.49,0.483,0.144,0.089,102.5,100.0,2.5,1.67,0.06,0.112,0.195,0.084,25.400000000000006,-1.0375878981240318,-0.15551327258701025,-0.6743130053384266,-0.29952340914809555
201228,C.J. Watson,CHI,2011-12,Playmaker,Very Good,49,1159.41,474,105,200,45,8,97,0.368,0.393,0.808,0.491,0.446,0.224,0.087,102.4,101.0,1.4,2.06,0.018,0.072,0.283,0.045,24.400000000000006,-0.1274839689603586,1.0195831155182853,-0.948275722193075,0.0764113613410244
202724,Charles Jenkins,GSW,2011-12,Playmaker,Very Good,51,892.8933333333333,297,68,170,33,6,60,0.447,0.15,0.872,0.482,0.452,0.184,0.082,96.2,107.9,-11.7,2.83,0.009,0.067,0.306,0.037,17.5,-0.5994044382690168,1.0383984025512336,-1.1483679642261326,-0.473567179766432
1497,Chauncey Billups,LAC,2011-12,Playmaker,Average,20,606.6116666666667,299,50,80,9,3,38,0.364,0.384,0.895,0.554,0.469,0.226,0.106,107.5,101.0,6.4,2.11,0.007,0.077,0.21,0.042,24.400000000000006,0.12116071288196995,0.1679314633887355,-1.132430507208706,-0.34718502445356797
101108,Chris Paul,LAC,2011-12,Playmaker,Elite,60,2180.48,1189,213,543,152,4,124,0.478,0.371,0.861,0.581,0.522,0.237,0.186,111.4,104.1,7.4,4.38,0.02,0.084,0.413,0.051,21.30000000000001,0.9978820422774887,3.0120121726195506,-0.5852729093291432,0.9624678470746538
202809,Cory Higgins,CHA,2011-12,Playmaker,Average,38,422.66833333333335,150,35,36,5,6,39,0.325,0.2,0.7,0.402,0.338,0.246,0.018,88.6,101.8,-13.3,0.92,0.017,0.071,0.159,0.043,23.60000000000001,-0.7089463394467644,-0.28047527487492685,-1.1594915316590049,-0.4052818242372
202709,Cory Joseph,SAS,2011-12,Playmaker,Average,29,265.86,58,25,34,7,3,12,0.314,0.2,0.647,0.374,0.336,0.148,0.042,101.7,110.8,-9.0,2.83,0.018,0.08,0.189,0.047,14.600000000000009,-1.652790297140961,-0.11930505747208658,-1.1350667002769366,-0.9437035658153167
201571,D.J. Augustin,CHA,2011-12,Playmaker,Very Good,48,1408.3516666666667,532,109,307,36,1,110,0.376,0.341,0.875,0.493,0.438,0.206,0.1,96.8,111.7,-14.9,2.79,0.017,0.062,0.37,0.039,13.700000000000003,-0.2059909356743568,1.9020459271462788,-1.0141001336864957,-0.7163381761549683
201954,Darren Collison,IND,2011-12,Playmaker,Very Good,60,1878.0266666666664,621,187,287,49,14,114,0.44,0.362,0.83,0.526,0.472,0.167,0.1,105.4,102.0,3.4,2.52,0.016,0.082,0.239,0.05,23.400000000000006,-0.238628786576769,1.0925395138253564,-0.6670004068091206,0.11980692206320472
2753,Delonte West,DAL,2011-12,Playmaker,Average,44,1060.3466666666666,421,101,139,58,11,76,0.461,0.355,0.886,0.539,0.499,0.201,0.111,96.4,97.4,-1.0,1.83,0.012,0.083,0.229,0.048,28.0,-0.059634212096982726,0.4917686647701207,-0.9206702736136951,0.45297830172650605
965,Derek Fisher,OKC,2011-12,Playmaker,Average,63,1507.62,350,121,170,51,4,73,0.371,0.321,0.851,0.464,0.421,0.134,0.054,103.9,99.5,4.4,2.33,0.009,0.069,0.17,0.041,25.900000000000006,-1.0301232997518628,0.2743975490024905,-0.9567802820731517,0.18624169553285977
101114,Deron Williams,NJN,2011-12,Playmaker,Elite,55,1998.7616666666668,1154,183,481,67,20,219,0.407,0.336,0.843,0.527,0.467,0.294,0.137,103.8,108.5,-4.7,2.2,0.011,0.085,0.458,0.047,16.900000000000006,1.08116235239605,3.0366657107058534,-0.7158328840578227,-0.014889148850511976
201565,Derrick Rose,CHI,2011-12,Playmaker,Very Good,39,1374.4816666666666,852,131,307,35,28,119,0.435,0.312,0.812,0.532,0.473,0.296,0.152,109.1,98.9,10.2,2.58,0.019,0.073,0.379,0.047,26.5,0.9066040201624054,1.952604807160534,-0.8538085704084171,0.29853182962331054
2734,Devin Harris,UTA,2011-12,Playmaker,Very Good,63,1741.1333333333334,715,112,316,64,13,122,0.445,0.362,0.746,0.564,0.516,0.195,0.097,107.4,104.6,2.8,2.59,0.007,0.06,0.271,0.033,20.80000000000001,0.25139908650289394,1.3790154688905178,-1.0825779237635815,0.1123477470061049
202346,Dominique Jones,DAL,2011-12,Playmaker,Average,33,268.3283333333333,88,44,42,10,5,28,0.397,0.125,0.784,0.493,0.404,0.193,0.089,85.2,99.8,-14.6,1.5,0.032,0.122,0.298,0.077,25.60000000000001,-0.6213473281881933,0.5224566866125975,-0.7024628780468873,-0.2460831234497077
202388,Donald Sloan,CLE,2011-12,Playmaker,Average,33,669.5366666666666,183,67,105,13,3,49,0.399,0.08,0.767,0.433,0.404,0.176,0.07,92.5,110.1,-17.5,2.14,0.025,0.077,0.29,0.05,15.300000000000011,-1.0203385469243498,0.7093360132405704,-0.985405836848954,-0.8404071156507932
201588,George Hill,IND,2011-12,Playmaker,Average,50,1274.155,481,151,145,42,17,52,0.442,0.367,0.778,0.557,0.513,0.169,0.112,105.7,101.5,4.2,2.79,0.024,0.091,0.194,0.058,23.900000000000006,-0.14770505060711536,0.3172289459820473,-0.6606048013836283,0.10700711102899003
201609,Goran Dragic,HOU,2011-12,Playmaker,Very Good,66,1751.92,775,168,351,85,10,157,0.462,0.337,0.805,0.567,0.518,0.216,0.115,105.7,103.7,2.0,2.24,0.031,0.069,0.316,0.05,21.700000000000003,0.46555075436408044,1.7605990652436323,-0.7174145998987609,0.35246318424598977
202330,Gordon Hayward,UTA,2011-12,Playmaker,Average,66,2014.6683333333333,782,230,207,53,41,109,0.456,0.346,0.832,0.568,0.503,0.175,0.098,106.1,105.0,1.1,1.9,0.03,0.085,0.155,0.058,20.400000000000006,0.17617656845072127,0.3262813279052479,-0.4509878932740714,0.2581598767509029
202349,Greivis Vasquez,NOH,2011-12,Playmaker,Very Good,66,1705.525,589,173,359,60,8,148,0.43,0.319,0.821,0.513,0.471,0.195,0.108,101.3,101.4,0.0,2.43,0.015,0.091,0.349,0.054,24.0,-0.13106002522335145,1.9754191558746068,-0.6531890897617134,0.20832993539590206
2045,Hedo Turkoglu,ORL,2011-12,Playmaker,Very Good,53,1653.165,576,199,233,45,17,142,0.415,0.353,0.705,0.528,0.505,0.191,0.081,107.3,103.4,3.9,1.64,0.015,0.109,0.226,0.062,22.0,-0.08395384655426541,0.8208066890651662,-0.4822840121489739,0.026457317249870622
202738,Isaiah Thomas,SAC,2011-12,Playmaker,Very Good,65,1655.44,749,168,266,53,8,105,0.448,0.379,0.832,0.574,0.521,0.193,0.107,106.1,108.4,-2.3,2.53,0.027,0.075,0.246,0.05,17.0,0.3184525480779637,1.0545895694006735,-0.7174145998987609,-0.27548233051879945
202397,Ish Smith,ORL,2011-12,Playmaker,Average,26,234.19333333333333,72,35,41,15,2,13,0.383,0.333,0.7,0.422,0.401,0.183,0.115,87.7,96.5,-8.9,3.15,0.026,0.132,0.328,0.073,28.900000000000006,-1.112035602121659,0.6873065953377762,-0.7773019025185962,-0.030738273104007268
200826,J.J. Barea,MIN,2011-12,Playmaker,Very Good,41,1032.02,463,114,232,21,0,103,0.4,0.371,0.776,0.502,0.463,0.239,0.11,101.7,105.9,-4.2,2.25,0.013,0.091,0.397,0.053,19.5,0.03728352198427132,1.7777457180136742,-0.822478080502645,-0.5410989689456052
2224,Jamaal Tinsley,UTA,2011-12,Playmaker,Very Good,37,507.4033333333333,137,45,123,17,8,52,0.404,0.27,0.765,0.461,0.44,0.17,0.079,103.7,107.1,-3.4,2.37,0.012,0.075,0.361,0.045,18.30000000000001,-0.9373432764967683,1.1744238438217824,-1.1074784372129916,-0.5721103187336751
2037,Jamal Crawford,POR,2011-12,Playmaker,Average,60,1612.7216666666666,837,118,191,55,14,111,0.384,0.308,0.927,0.506,0.438,0.256,0.103,103.5,105.0,-1.5,1.72,0.01,0.067,0.209,0.037,20.400000000000006,0.45431156234634384,0.5707595468333659,-1.0156990350428687,0.005711074544568632
2749,Jameer Nelson,ORL,2011-12,Playmaker,Very Good,57,1706.0766666666666,676,181,325,38,5,135,0.427,0.377,0.807,0.524,0.499,0.207,0.1,108.7,103.9,4.8,2.41,0.017,0.094,0.309,0.055,21.5,0.08241861483544528,1.6256035175184167,-0.6192224067877109,-0.19685912887993448
2457,Jannero Pargo,ATL,2011-12,Playmaker,Average,50,670.7383333333333,282,73,96,20,2,49,0.415,0.384,0.95,0.539,0.52,0.213,0.101,98.1,94.5,3.7,1.96,0.014,0.096,0.261,0.056,30.900000000000006,-0.07202812883204748,0.5133068446269266,-0.8930476395188806,0.13857789168655751
101127,Jarrett Jack,NOH,2011-12,Playmaker,Very Good,45,1530.26,700,176,285,31,9,106,0.456,0.348,0.872,0.54,0.49,0.227,0.135,96.2,105.2,-9.0,2.69,0.015,0.105,0.342,0.06,20.200000000000003,0.33761640972434775,1.6637984246771547,-0.5687910281826358,-0.3052998910001811
467,Jason Kidd,DAL,2011-12,Playmaker,Very Good,48,1379.02,299,198,264,82,10,91,0.363,0.354,0.786,0.524,0.507,0.122,0.103,101.9,99.5,2.4,2.9,0.011,0.134,0.281,0.071,25.900000000000006,-0.8116955078864594,1.2438480534781002,-0.37028050199051654,0.5681487306389649
1891,Jason Terry,DAL,2011-12,Playmaker,Average,63,1999.94,950,149,226,73,11,127,0.43,0.378,0.883,0.54,0.513,0.228,0.108,102.2,102.1,0.0,1.78,0.008,0.067,0.204,0.038,23.30000000000001,0.5252241247151711,0.6714604764406191,-0.9207046446445648,0.33225177306852366
201952,Jeff Teague,ATL,2011-12,Playmaker,Very Good,66,2182.883333333333,831,159,321,106,37,134,0.476,0.342,0.757,0.551,0.514,0.188,0.101,106.6,101.0,5.6,2.4,0.01,0.066,0.231,0.038,24.400000000000006,0.20948101749694661,1.1727077921055198,-0.894170858807912,1.0018609566671557
202391,Jeremy Lin,NYK,2011-12,Playmaker,Very Good,35,940.4316666666666,512,107,216,55,9,126,0.446,0.32,0.798,0.552,0.478,0.272,0.146,104.8,97.7,7.1,1.71,0.02,0.093,0.382,0.057,27.700000000000003,0.6000725378897535,1.6346058568325033,-0.7900931133695808,0.3840328823905746
202951,Jeremy Pargo,MEM,2011-12,Playmaker,Average,44,423.9766666666667,126,37,55,15,0,46,0.333,0.263,0.593,0.389,0.367,0.207,0.021,85.4,99.5,-14.2,1.2,0.025,0.06,0.23,0.041,25.900000000000006,-1.0860806849503735,0.18829224702862346,-1.1796640831010348,-0.22723722625866002
201573,Jerryd Bayless,TOR,2011-12,Playmaker,Very Good,31,704.64,353,66,118,24,4,53,0.424,0.423,0.852,0.561,0.504,0.239,0.123,101.7,105.3,-3.6,2.23,0.012,0.089,0.305,0.05,20.10000000000001,0.29529177544851126,0.8414368004547264,-0.9880592154326192,-0.43429221908867727
202690,Jimmer Fredette,SAC,2011-12,Playmaker,Average,61,1134.66,462,73,108,30,3,67,0.386,0.361,0.833,0.495,0.473,0.203,0.061,98.3,107.8,-9.6,1.61,0.014,0.049,0.155,0.031,17.60000000000001,-0.26699773468163873,-0.038008113006240574,-1.211538997135888,-0.5291281930856345
101249,John Lucas III,CHI,2011-12,Playmaker,Average,49,725.5133333333333,369,76,108,19,1,42,0.399,0.393,0.875,0.496,0.476,0.254,0.126,103.3,87.7,15.7,2.57,0.029,0.07,0.278,0.05,37.7,0.04499753615354252,0.6529632471885788,-0.9615254295959665,0.5176308550817903
2422,John Salmons,SAC,2011-12,Playmaker,Average,46,1249.8533333333332,344,134,93,37,7,45,0.409,0.295,0.644,0.471,0.457,0.143,0.061,99.0,107.0,-8.0,2.07,0.015,0.094,0.117,0.052,18.400000000000006,-0.9285431013450319,-0.3066743095681692,-0.7821501631340199,-0.369125056465559
202322,John Wall,WAS,2011-12,Playmaker,Elite,66,2386.1283333333336,1076,300,530,95,57,255,0.423,0.071,0.789,0.502,0.424,0.243,0.128,100.3,106.2,-6.0,2.08,0.019,0.107,0.362,0.062,19.200000000000003,0.508629745377366,2.6776758653483745,-0.21429277519878082,0.7847109341497612
201938,Jonny Flynn,POR,2011-12,Playmaker,Very Good,29,416.145,131,39,96,6,2,36,0.351,0.294,0.744,0.442,0.389,0.2,0.074,100.4,117.3,-17.0,2.67,0.019,0.075,0.368,0.047,8.100000000000009,-0.8306888960057662,1.11439575146307,-1.0979194001056225,-1.3460877805784677
200770,Jordan Farmar,NJN,2011-12,Playmaker,Very Good,39,830.62,406,61,129,24,2,68,0.467,0.44,0.905,0.592,0.554,0.22,0.118,100.1,110.1,-10.0,1.9,0.009,0.073,0.299,0.039,15.300000000000011,0.3716671318863039,0.848207484990944,-1.141462305702429,-0.7365495873324344
101181,Jose Calderon,TOR,2011-12,Playmaker,Elite,53,1799.04,555,160,468,47,3,104,0.457,0.371,0.882,0.547,0.519,0.157,0.13,101.3,105.9,-4.6,4.5,0.011,0.082,0.427,0.047,19.5,-0.23936117645868152,2.8146824701330218,-0.776860591482124,-0.2413511405402773
202729,Josh Selby,MEM,2011-12,Playmaker,Average,28,236.785,63,15,30,7,0,29,0.347,0.133,0.786,0.403,0.361,0.194,0.024,93.1,99.2,-6.1,1.03,0.009,0.055,0.197,0.032,26.200000000000003,-1.1466338276482044,-0.08908259608210178,-1.3526953006837936,-0.29250172725030493
202689,Kemba Walker,CHA,2011-12,Playmaker,Very Good,66,1792.0466666666666,799,234,289,60,20,119,0.366,0.305,0.789,0.464,0.411,0.249,0.114,92.6,107.4,-14.8,2.43,0.016,0.119,0.307,0.065,18.0,0.13552800798302203,1.4818993232444047,-0.3511967988066482,-0.02278854686424303
200768,Kyle Lowry,HOU,2011-12,Playmaker,Very Good,47,1509.9783333333332,670,213,310,73,14,130,0.409,0.374,0.864,0.558,0.486,0.214,0.132,103.8,102.1,1.7,2.38,0.025,0.12,0.324,0.072,23.30000000000001,0.3237313265831104,1.6546729477071014,-0.3177401689308571,0.36260416507774124
202681,Kyrie Irving,CLE,2011-12,Playmaker,Very Good,51,1557.8516666666667,944,191,275,54,20,160,0.469,0.399,0.872,0.566,0.517,0.275,0.138,104.1,109.8,-5.6,1.72,0.027,0.099,0.324,0.061,15.600000000000009,1.0136158294157764,1.525883751425262,-0.5162506951229764,-0.22596794461292027
202362,Lance Stephenson,IND,2011-12,Playmaker,Average,42,441.90833333333336,106,53,46,21,5,36,0.376,0.133,0.471,0.4,0.392,0.166,0.054,98.3,102.2,-3.9,1.28,0.025,0.098,0.174,0.059,23.200000000000003,-1.3377505299940478,-0.1594135616277859,-0.9078962482781452,-0.2731193512470829
101150,Lou Williams,PHI,2011-12,Playmaker,Average,64,1681.725,956,155,221,53,18,71,0.407,0.362,0.812,0.525,0.46,0.265,0.129,103.3,96.8,6.5,3.11,0.018,0.073,0.221,0.046,28.60000000000001,0.7146458116473112,0.7485621265225209,-0.8028671387051307,0.507246540086156
2557,Luke Ridnour,MIN,2011-12,Playmaker,Very Good,53,1749.76,639,141,252,56,16,96,0.44,0.322,0.891,0.53,0.485,0.172,0.09,104.0,106.2,-2.3,2.63,0.01,0.071,0.237,0.04,19.200000000000003,-0.16617555067407233,0.9525150108736827,-0.9164523647045264,-0.03419824457037763
1710,Mike Bibby,NYK,2011-12,Playmaker,Average,39,556.8716666666667,103,59,80,21,3,20,0.282,0.318,0.75,0.404,0.391,0.121,0.06,98.3,101.9,-3.6,4.0,0.009,0.107,0.227,0.055,23.5,-1.646465524874097,0.2634315700823285,-0.9429345939948747,-0.27572787673837734
201144,Mike Conley,MEM,2011-12,Playmaker,Very Good,62,2174.088333333333,788,156,404,136,11,125,0.433,0.377,0.861,0.523,0.477,0.181,0.115,105.5,99.6,5.9,3.23,0.011,0.066,0.289,0.038,25.80000000000001,-0.032862774688862735,1.8039460652847952,-0.9021309945589078,1.131904325805932
2590,Mo Williams,LAC,2011-12,Playmaker,Average,52,1471.7133333333334,685,99,160,51,7,86,0.426,0.389,0.9,0.53,0.502,0.222,0.099,104.9,106.1,-1.2,1.86,0.016,0.057,0.196,0.035,19.30000000000001,0.2330214034013219,0.3836596224869558,-1.0915925367418695,-0.17118676778463926
101145,Monta Ellis,MIL,2011-12,Playmaker,Very Good,58,2120.423333333333,1181,200,346,85,18,177,0.433,0.308,0.796,0.509,0.463,0.278,0.112,105.4,106.1,-0.7,1.95,0.009,0.085,0.277,0.047,19.30000000000001,0.8805900088763559,1.5231121285701692,-0.6707254481355129,0.2923916761517643
101126,Nate Robinson,GSW,2011-12,Playmaker,Very Good,51,1192.3233333333333,570,100,231,59,2,75,0.424,0.365,0.832,0.534,0.492,0.234,0.107,108.0,106.9,1.1,3.08,0.013,0.074,0.317,0.044,18.5,0.2608052058374977,1.3246537598979575,-0.9742822694160816,-0.18588692433310913
202701,Nolan Smith,POR,2011-12,Playmaker,Average,44,541.0783333333334,167,56,62,18,3,42,0.372,0.289,0.714,0.434,0.408,0.185,0.043,95.6,110.5,-14.9,1.48,0.029,0.077,0.196,0.051,14.900000000000006,-0.9602750550500244,0.02304987289780558,-1.0018533469645918,-0.8121021709790348
202708,Norris Cole,MIA,2011-12,Playmaker,Average,65,1260.4333333333334,441,91,133,44,2,105,0.393,0.276,0.776,0.452,0.417,0.212,0.049,99.0,100.5,-1.5,1.27,0.018,0.056,0.183,0.037,24.900000000000006,-0.4621115803791194,0.2112784634298985,-1.087340256801831,0.034722551909028586
200765,Rajon Rondo,BOS,2011-12,Playmaker,Elite,53,1957.3366666666664,630,257,620,95,3,193,0.448,0.238,0.597,0.483,0.456,0.201,0.138,102.7,97.9,4.8,3.21,0.034,0.098,0.498,0.068,27.5,-0.22909611271461125,3.772848937907562,-0.2519501284683059,0.7260316808947161
201196,Ramon Sessions,LAL,2011-12,Playmaker,Very Good,64,1706.8766666666668,721,214,354,44,3,141,0.428,0.443,0.782,0.535,0.466,0.208,0.125,103.0,104.1,-1.1,2.51,0.019,0.104,0.353,0.062,21.30000000000001,0.18508369705487013,1.9794913126025846,-0.4424833333939947,-0.16667681426610778
101109,Raymond Felton,POR,2011-12,Playmaker,Very Good,60,1905.535,684,149,390,78,10,170,0.407,0.305,0.806,0.491,0.455,0.206,0.091,106.0,102.6,3.4,2.29,0.015,0.068,0.32,0.041,22.80000000000001,-0.10781137046020288,1.9265776401544936,-0.8824856817305239,0.34456378623225953
202704,Reggie Jackson,OKC,2011-12,Playmaker,Average,45,500.7133333333333,140,53,71,25,1,36,0.321,0.21,0.862,0.408,0.362,0.19,0.067,98.4,97.7,0.7,1.97,0.032,0.074,0.243,0.055,27.700000000000003,-1.0917996071513287,0.3201968015399596,-0.9588548654968664,-0.007747717783363732
202130,Reggie Williams,CHA,2011-12,Playmaker,Average,33,746.615,274,93,60,20,3,33,0.416,0.308,0.725,0.503,0.48,0.191,0.084,93.4,111.9,-18.5,1.82,0.036,0.096,0.154,0.064,13.5,-0.4446792289938208,-0.22025094981339466,-0.7380628334081326,-0.8736359901717149
1888,Richard Hamilton,CHI,2011-12,Playmaker,Average,28,696.605,326,66,84,12,1,49,0.452,0.37,0.784,0.5,0.479,0.236,0.081,107.9,100.0,7.9,1.71,0.03,0.065,0.19,0.048,25.400000000000006,-0.09491040025760666,0.07029716197974406,-1.0135385240419799,-0.27758118859527464
201937,Ricky Rubio,MIN,2011-12,Playmaker,Very Good,41,1403.68,436,171,336,91,8,131,0.357,0.34,0.803,0.476,0.398,0.183,0.116,102.6,100.5,2.1,2.56,0.015,0.105,0.38,0.06,24.900000000000006,-0.5407904360416764,2.0649335088432608,-0.5820579211009622,0.5824113940281247
201155,Rodney Stuckey,DET,2011-12,Playmaker,Average,55,1643.4633333333334,812,142,210,44,10,106,0.429,0.317,0.834,0.55,0.456,0.233,0.108,103.7,104.8,-1.0,1.98,0.024,0.068,0.219,0.046,20.60000000000001,0.5194833444871881,0.6968502153069653,-0.8373610602927793,-0.13698283877925208
201958,Rodrigue Beaubois,DAL,2011-12,Playmaker,Average,53,1150.6533333333334,472,151,152,56,28,70,0.422,0.288,0.841,0.496,0.465,0.214,0.102,102.1,100.4,1.7,2.17,0.017,0.112,0.217,0.066,25.0,-0.17354340645428237,0.4721928119415114,-0.5586875669461859,0.4279884387536073
101179,Ronnie Price,PHX,2011-12,Playmaker,Average,36,517.0716666666667,131,56,67,34,3,46,0.377,0.295,0.8,0.465,0.427,0.16,0.049,95.5,99.0,-3.5,1.46,0.036,0.074,0.211,0.055,26.400000000000006,-0.9920048459200904,0.12571312953325525,-0.9508947297458705,0.029358399103235566
201164,Rudy Fernandez,DEN,2011-12,Playmaker,Average,31,709.63,268,65,75,31,3,40,0.44,0.328,0.698,0.549,0.529,0.177,0.089,105.3,101.1,4.2,1.88,0.014,0.082,0.163,0.049,24.30000000000001,-0.28848620616636905,-0.11449669996406553,-1.003452248320965,-0.1251105073156553
201566,Russell Westbrook,OKC,2011-12,Playmaker,Very Good,66,2331.265,1558,301,362,112,21,239,0.457,0.316,0.823,0.538,0.481,0.318,0.145,109.2,101.5,7.6,1.51,0.044,0.082,0.284,0.064,23.900000000000006,1.6110909885776914,1.6213107630720018,-0.18616008800575495,0.8727723727231155
2742,Sebastian Telfair,PHX,2011-12,Playmaker,Very Good,60,894.65,368,91,138,41,12,68,0.412,0.314,0.791,0.495,0.461,0.218,0.086,98.4,105.4,-7.0,2.03,0.021,0.084,0.285,0.051,20.0,-0.2249785032969209,0.8026775602031471,-0.9089850965363071,-0.18308480461774482
2733,Shaun Livingston,MIL,2011-12,Playmaker,Average,58,1091.6766666666667,318,123,122,27,20,66,0.469,0.667,0.785,0.52,0.472,0.149,0.076,98.7,102.9,-4.2,1.85,0.034,0.077,0.174,0.055,22.5,-0.6232108072572071,0.12024297886992247,-0.773118364640297,-0.1003174861057754
202714,Shelvin Mack,WAS,2011-12,Playmaker,Average,64,779.48,230,92,131,28,2,48,0.4,0.286,0.712,0.468,0.427,0.171,0.101,96.0,96.8,-0.8,2.73,0.015,0.104,0.271,0.059,28.60000000000001,-0.8229331903657563,0.6982725742579382,-0.8044144835151994,0.08633304257919727
201939,Stephen Curry,GSW,2011-12,Playmaker,Very Good,26,731.855,383,88,138,39,8,65,0.49,0.455,0.809,0.605,0.583,0.23,0.134,107.5,102.1,5.4,2.12,0.021,0.099,0.295,0.061,23.30000000000001,0.5026134977339195,0.8588540935523195,-0.7895486892404999,-0.050386958843299724
2581,Steve Blake,LAL,2011-12,Playmaker,Average,53,1236.9916666666666,276,85,175,39,2,72,0.377,0.335,0.778,0.493,0.476,0.128,0.062,101.3,101.8,-0.5,2.43,0.008,0.06,0.216,0.034,23.60000000000001,-0.9616026632094737,0.5512080590203743,-1.1414794912178636,-0.09346534034688429
959,Steve Nash,PHX,2011-12,Playmaker,Elite,62,1961.1,772,186,664,38,8,229,0.532,0.39,0.894,0.625,0.581,0.19,0.148,108.1,103.8,4.3,2.9,0.014,0.078,0.491,0.048,21.60000000000001,0.6046718736454826,3.895431782746025,-0.6951330940021466,-0.16063126936576616
202178,Sundiata Gaines,NJN,2011-12,Playmaker,Average,57,793.0183333333333,291,108,126,55,2,52,0.376,0.341,0.615,0.465,0.428,0.204,0.1,96.6,103.4,-6.9,2.42,0.033,0.108,0.278,0.069,22.0,-0.5545198060162497,0.7191976909906675,-0.634563883129752,-0.021691013413097888
2419,Tayshaun Prince,DET,2011-12,Playmaker,Average,63,2087.3516666666665,798,281,153,27,32,74,0.421,0.356,0.774,0.47,0.444,0.202,0.089,100.8,107.0,-6.2,2.07,0.035,0.109,0.127,0.071,18.400000000000006,-0.17495058075714295,-0.029716296878700928,-0.1500500795462985,-0.2198020857718653
201944,Terrence Williams,SAC,2011-12,Playmaker,Average,30,549.9466666666667,213,102,65,20,7,43,0.429,0.348,0.587,0.488,0.47,0.211,0.103,98.4,109.7,-11.2,1.51,0.023,0.157,0.206,0.09,15.700000000000003,-0.42802271557973176,0.09026548021399255,-0.3829514142334575,-0.703905849050519
201962,Toney Douglas,NYK,2011-12,Playmaker,Average,38,655.9683333333334,237,72,77,29,1,56,0.324,0.231,0.846,0.393,0.371,0.239,0.049,97.9,98.7,-0.8,1.38,0.023,0.088,0.205,0.054,26.700000000000003,-0.7489075826618868,0.12880412274713454,-0.9211803267119064,-0.025056941079618495
2225,Tony Parker,SAS,2011-12,Playmaker,Elite,60,1923.1466666666668,1095,171,463,57,5,153,0.48,0.23,0.799,0.539,0.488,0.275,0.153,109.1,98.4,10.7,3.03,0.012,0.076,0.404,0.045,27.0,0.9681358406338636,2.6670779868182346,-0.7731527356711667,0.3231574797202564
1503,Tracy McGrady,ATL,2011-12,Playmaker,Average,52,836.6333333333333,273,154,110,16,15,53,0.437,0.455,0.675,0.51,0.47,0.179,0.122,99.8,94.4,5.4,2.08,0.029,0.154,0.221,0.094,31.0,-0.4932234092795666,0.3401163897429731,-0.1940171106641419,0.2345349394782025
201951,Ty Lawson,DEN,2011-12,Playmaker,Very Good,61,2123.9766666666665,999,227,401,82,6,149,0.488,0.365,0.824,0.579,0.535,0.208,0.134,107.2,104.0,3.2,2.69,0.026,0.083,0.303,0.054,21.400000000000006,0.637134692982397,1.8715541380066216,-0.5099066462437885,0.26328283690391324
201936,Tyreke Evans,SAC,2011-12,Playmaker,Very Good,63,2162.3766666666666,1037,289,283,84,29,171,0.453,0.202,0.779,0.512,0.464,0.235,0.107,102.6,109.4,-6.8,1.65,0.028,0.107,0.219,0.066,16.0,0.47911644255187164,0.9654676818376589,-0.19252132240037767,0.19943198958389105
201041,Walker Russell,DET,2011-12,Playmaker,Average,28,357.24833333333333,84,26,58,18,1,33,0.347,0.308,0.636,0.401,0.368,0.169,0.048,93.3,103.0,-9.8,1.76,0.02,0.056,0.271,0.038,22.400000000000006,-1.325936824095989,0.4296551077272447,-1.247070210435394,-0.39167703611391075
101198,Will Bynum,DET,2011-12,Playmaker,Average,36,513.7266666666667,204,56,66,23,3,54,0.381,0.241,0.766,0.459,0.399,0.24,0.063,97.2,99.3,-2.1,1.22,0.019,0.094,0.241,0.054,26.10000000000001,-0.3880276259739302,0.2905630382584339,-0.9636343840505508,-0.10224299573304625
201985,AJ Price,WAS,2012-13,Playmaker,Very Good,57,1277.996666666667,441,114,205,33,3,64,0.39,0.35,0.79,0.501,0.475,0.177,0.096,98.2,100.1,-1.9,3.2,0.015,0.074,0.273,0.044,25.30000000000001,-0.4381691787048157,0.9818050387808045,-0.9371349692447677,-0.04563310638952878
201166,Aaron Brooks,HOU,2012-13,Playmaker,Average,53,996.7983333333332,376,80,114,30,10,67,0.453,0.373,0.769,0.555,0.532,0.178,0.073,101.4,111.3,-10.0,1.7,0.013,0.07,0.19,0.04,14.100000000000009,-0.16897642226234236,0.18068790164989207,-1.0783084583081084,-0.6639473077373858
203144,Alexey Shved,MIN,2012-13,Playmaker,Very Good,77,1839.5283333333332,665,175,286,54,27,147,0.372,0.295,0.72,0.474,0.439,0.202,0.076,100.7,102.8,-2.1,1.95,0.021,0.075,0.248,0.047,22.60000000000001,-0.24799324386373509,1.1394187025172733,-0.7370599127271449,0.2561370287551053
2738,Andre Iguodala,DEN,2012-13,Playmaker,Very Good,80,2778.8883333333333,1038,423,433,139,52,206,0.451,0.317,0.574,0.52,0.502,0.186,0.109,109.0,102.2,6.9,2.1,0.03,0.118,0.224,0.075,23.200000000000003,0.16687425995159097,1.545509646862985,0.27768829655289207,1.425042283618134
1889,Andre Miller,DEN,2012-13,Playmaker,Elite,82,2151.2883333333334,786,238,484,73,11,172,0.479,0.266,0.84,0.548,0.493,0.176,0.115,107.4,103.2,4.2,2.81,0.028,0.08,0.326,0.055,22.200000000000003,0.07203092219039485,2.3061745444637944,-0.4679798275187901,0.26762163051407034
203085,Austin Rivers,NOH,2012-13,Playmaker,Average,61,1417.55,377,109,127,26,9,74,0.372,0.326,0.546,0.431,0.408,0.169,0.031,101.7,107.1,-5.4,1.72,0.012,0.07,0.142,0.04,18.30000000000001,-0.9431141010289151,-0.041123471235737535,-1.0013604793818154,-0.4687405882857952
2757,Beno Udrih,ORL,2012-13,Playmaker,Very Good,66,1456.6466666666668,538,141,302,41,3,108,0.441,0.333,0.816,0.516,0.477,0.186,0.107,98.1,103.6,-5.4,2.8,0.022,0.072,0.329,0.046,21.80000000000001,-0.21657035071167682,1.6533236838029812,-0.8400144388764446,-0.16838356555629233
201943,Brandon Jennings,MIL,2012-13,Playmaker,Elite,80,2896.891666666667,1397,246,521,125,10,203,0.399,0.375,0.819,0.51,0.468,0.234,0.107,101.3,106.2,-5.0,2.57,0.019,0.064,0.296,0.041,19.200000000000003,0.7199745034965228,2.273793523342793,-0.625107959114992,0.6200310141547108
202688,Brandon Knight,DET,2012-13,Playmaker,Very Good,75,2365.4166666666665,999,247,303,58,8,205,0.407,0.367,0.733,0.511,0.475,0.223,0.082,100.9,103.6,-2.7,1.48,0.023,0.083,0.216,0.053,21.80000000000001,0.35814946217241056,1.0222085482796726,-0.4695787288751632,0.05834692441037324
203148,Brian Roberts,NOH,2012-13,Playmaker,Very Good,78,1323.7983333333334,555,97,219,37,3,71,0.417,0.386,0.909,0.509,0.475,0.212,0.1,99.5,107.7,-8.2,3.08,0.013,0.068,0.301,0.039,17.700000000000003,-0.054001038617898234,1.1906150106712223,-1.045940676690479,-0.4507231850125011
201228,C.J. Watson,BKN,2012-13,Playmaker,Average,80,1521.2833333333333,543,145,161,66,12,69,0.418,0.411,0.78,0.544,0.514,0.168,0.093,102.9,102.3,0.6,2.33,0.025,0.075,0.178,0.049,23.10000000000001,-0.18464226953915355,0.28622155378078384,-0.7911819616277427,0.25808876149351195
101108,Chris Paul,LAC,2012-13,Playmaker,Elite,70,2334.8866666666668,1186,262,678,169,10,159,0.481,0.328,0.885,0.594,0.526,0.223,0.178,114.3,104.5,9.7,4.26,0.024,0.096,0.443,0.06,20.900000000000006,0.9675598172151011,3.677300101182734,-0.340600469987422,1.1758139310245905
202709,Cory Joseph,SAS,2012-13,Playmaker,Average,28,387.86,126,52,53,15,4,21,0.464,0.286,0.857,0.528,0.491,0.157,0.092,100.5,100.7,-0.2,2.52,0.031,0.102,0.199,0.066,24.700000000000003,-0.6573672560094445,0.006785611001512815,-0.8213720467290484,-0.25727298030577317
201571,D.J. Augustin,IND,2012-13,Playmaker,Average,76,1226.3866666666668,356,91,170,34,3,68,0.35,0.353,0.838,0.527,0.464,0.144,0.089,96.6,99.4,-2.8,2.5,0.016,0.057,0.242,0.037,26.0,-0.5923868047560523,0.6788685891165308,-1.087340256801831,0.005856529083434259
203081,Damian Lillard,POR,2012-13,Playmaker,Elite,82,3166.87,1562,257,531,74,19,243,0.429,0.368,0.844,0.546,0.501,0.237,0.105,106.3,107.8,-1.5,2.19,0.014,0.07,0.28,0.042,17.60000000000001,1.0667568267136984,2.2207079832075003,-0.5831811403899937,0.08865120024925101
200789,Daniel Gibson,CLE,2012-13,Playmaker,Average,46,919.355,250,60,82,30,4,31,0.34,0.344,0.703,0.475,0.453,0.14,0.044,95.9,107.4,-11.5,2.65,0.005,0.067,0.147,0.034,18.0,-0.9954224023081076,-0.17862131406637338,-1.2078139558094958,-0.4955088590627615
202721,Darius Morris,LAL,2012-13,Playmaker,Average,48,682.6933333333334,194,57,76,21,2,45,0.388,0.364,0.649,0.475,0.452,0.156,0.046,99.9,100.0,-0.1,1.69,0.034,0.045,0.175,0.04,25.400000000000006,-0.9186790294542254,-0.04340516862272062,-1.1393361657324097,-0.17421145814739472
201954,Darren Collison,DAL,2012-13,Playmaker,Very Good,81,2371.7066666666665,972,219,415,100,8,173,0.471,0.353,0.88,0.575,0.504,0.19,0.11,103.9,105.7,-1.8,2.4,0.014,0.078,0.264,0.047,19.700000000000003,0.46302484985794745,1.7039813364575855,-0.6203112550458727,0.37013935021551864
101114,Deron Williams,BKN,2012-13,Playmaker,Elite,78,2842.16,1476,232,604,75,30,218,0.44,0.378,0.859,0.574,0.516,0.238,0.134,108.6,105.5,3.1,2.77,0.01,0.076,0.364,0.043,19.900000000000006,1.1721495143234104,2.9612083298712406,-0.6367759506769454,0.3454404198352164
2734,Devin Harris,ATL,2012-13,Playmaker,Average,58,1421.33,577,116,197,64,13,88,0.438,0.335,0.727,0.565,0.525,0.191,0.096,104.3,98.3,6.0,2.24,0.004,0.076,0.215,0.042,27.10000000000001,0.12831614187269502,0.626543614776899,-0.9573075206867978,0.482502199817971
202346,Dominique Jones,DAL,2012-13,Playmaker,Very Good,29,337.635,116,45,83,14,2,38,0.367,0.111,0.66,0.438,0.372,0.227,0.09,98.8,101.0,-2.2,2.18,0.053,0.075,0.403,0.064,24.400000000000006,-0.6667232590545159,1.263177630994776,-0.865425005424066,-0.3054956737650808
202388,Donald Sloan,NOH,2012-13,Playmaker,Average,23,263.16333333333336,81,28,38,5,0,14,0.346,0.368,0.8,0.455,0.391,0.171,0.09,86.6,100.0,-13.4,2.71,0.01,0.098,0.284,0.051,25.400000000000006,-1.0047123518234093,0.42909077463440304,-1.0761479473072195,-0.3602281931665306
202734,E'Twaun Moore,ORL,2012-13,Playmaker,Average,75,1682.295,588,167,206,51,23,105,0.396,0.34,0.797,0.471,0.452,0.192,0.068,97.4,106.3,-8.9,1.96,0.028,0.072,0.195,0.049,19.10000000000001,-0.39387914085620007,0.5473077699795988,-0.7328076327871065,-0.021058278745379553
201953,Eric Maynor,POR,2012-13,Playmaker,Very Good,64,962.7133333333334,291,46,182,22,1,79,0.377,0.354,0.726,0.472,0.438,0.181,0.061,104.0,107.0,-3.0,2.3,0.01,0.04,0.295,0.025,18.400000000000006,-0.6828681400780123,1.0207605117352032,-1.359618144722932,-0.5852502845586732
202323,Evan Turner,PHI,2012-13,Playmaker,Very Good,82,2891.7533333333336,1094,517,354,71,17,187,0.419,0.365,0.74,0.478,0.446,0.209,0.095,100.7,104.5,-3.8,1.89,0.019,0.162,0.192,0.09,20.900000000000006,0.1354931670987797,1.0750491256809107,0.7182006979876325,0.23122261109152845
201588,George Hill,IND,2012-13,Playmaker,Very Good,76,2619.616666666667,1076,284,355,81,26,116,0.443,0.368,0.817,0.558,0.518,0.184,0.123,106.4,97.9,8.5,3.06,0.018,0.087,0.22,0.054,27.5,0.3969033309255694,1.2360231103809314,-0.35866406697486763,0.8136742718290172
201609,Goran Dragic,PHX,2012-13,Playmaker,Elite,77,2581.1916666666666,1134,238,569,124,26,212,0.443,0.319,0.748,0.54,0.491,0.213,0.113,102.3,106.9,-4.7,2.68,0.023,0.073,0.344,0.047,18.5,0.5481082971839876,2.720066066891057,-0.5698970619562325,0.7304208027309073
202349,Greivis Vasquez,NOH,2012-13,Playmaker,Elite,78,2685.2116666666666,1083,337,704,66,6,247,0.433,0.342,0.805,0.502,0.474,0.227,0.118,106.3,109.3,-3.0,2.85,0.017,0.119,0.432,0.067,16.10000000000001,0.3965500748698931,3.711177888879439,-0.052419496079764066,-0.21389874787144111
202738,Isaiah Thomas,SAC,2012-13,Playmaker,Very Good,79,2121.451666666667,1100,161,316,67,3,140,0.44,0.358,0.882,0.574,0.509,0.224,0.106,105.1,107.8,-2.6,2.26,0.014,0.065,0.243,0.039,17.60000000000001,0.7985107671012394,1.2217211755128352,-0.8761244473359012,-0.14575776436809293
202397,Ish Smith,MIL,2012-13,Playmaker,Average,52,516.0816666666667,123,61,87,21,9,37,0.352,0.296,0.429,0.379,0.377,0.168,0.07,94.4,98.3,-3.9,2.35,0.021,0.091,0.256,0.055,27.10000000000001,-1.430918294280434,0.452101356051296,-0.9376278368275441,-0.0035062625417324376
200826,J.J. Barea,MIN,2012-13,Playmaker,Very Good,74,1712.8333333333333,834,207,294,32,0,145,0.417,0.346,0.784,0.51,0.481,0.242,0.107,100.5,102.2,-1.7,2.03,0.019,0.104,0.301,0.059,23.200000000000003,0.3725315114607859,1.4665918598465926,-0.49927594639369255,-0.20973167894101416
200755,JJ Redick,MIL,2012-13,Playmaker,Very Good,78,2379.4616666666666,1100,171,296,38,9,138,0.434,0.366,0.9,0.571,0.528,0.203,0.096,104.9,107.3,-2.4,2.14,0.007,0.065,0.193,0.036,18.10000000000001,0.6276280351424094,0.8672446823202085,-0.8878096244132894,-0.35615516803595265
2224,Jamaal Tinsley,UTA,2012-13,Playmaker,Very Good,66,1220.5366666666666,229,115,290,64,14,106,0.368,0.307,0.692,0.467,0.451,0.133,0.081,103.8,103.3,0.5,2.74,0.015,0.082,0.354,0.049,22.10000000000001,-1.1075501939448966,1.7496087213078526,-0.8707833191377009,0.1988462885735306
2749,Jameer Nelson,ORL,2012-13,Playmaker,Very Good,56,1977.055,822,209,413,71,6,154,0.392,0.341,0.873,0.498,0.47,0.223,0.099,102.7,107.6,-4.9,2.68,0.012,0.096,0.326,0.054,17.80000000000001,0.15617813062699124,2.0449164605777774,-0.5576674607497635,-0.06220898559572691
200778,James White,NYK,2012-13,Playmaker,Average,57,435.40833333333336,125,48,29,13,4,17,0.431,0.341,0.579,0.503,0.491,0.148,0.051,99.7,108.4,-8.7,1.71,0.011,0.105,0.107,0.056,17.0,-0.866911148584558,-0.5983510875469906,-0.9593821041105125,-0.730406704063567
2457,Jannero Pargo,CHA,2012-13,Playmaker,Average,32,507.4433333333333,207,35,67,18,3,41,0.368,0.336,0.923,0.475,0.46,0.233,0.062,98.9,107.8,-8.9,1.63,0.021,0.057,0.233,0.038,17.60000000000001,-0.34562697438799006,0.24930150290143438,-1.2231898031824064,-0.6534645483453777
101127,Jarrett Jack,GSW,2012-13,Playmaker,Very Good,79,2348.576666666667,1023,243,439,60,11,157,0.452,0.404,0.843,0.542,0.499,0.207,0.118,105.1,103.6,1.5,2.8,0.009,0.089,0.3,0.051,21.80000000000001,0.4355729457837467,1.994529448250724,-0.505671551819185,0.10942204229621467
201952,Jeff Teague,ATL,2012-13,Playmaker,Elite,80,2628.438333333333,1166,180,579,117,28,230,0.451,0.359,0.881,0.543,0.496,0.226,0.111,103.8,102.8,1.1,2.52,0.01,0.06,0.348,0.035,22.60000000000001,0.6835039384427005,2.7793335934541084,-0.876668871464982,0.9190203578718298
202391,Jeremy Lin,HOU,2012-13,Playmaker,Elite,82,2639.955,1095,247,497,134,29,236,0.441,0.339,0.785,0.538,0.49,0.206,0.098,107.7,105.1,2.6,2.11,0.013,0.081,0.29,0.047,20.30000000000001,0.45730504199193817,2.151775011597171,-0.546016654703245,0.9701452392123495
202951,Jeremy Pargo,PHI,2012-13,Playmaker,Average,39,655.1233333333333,265,49,92,13,2,50,0.396,0.338,0.677,0.478,0.446,0.224,0.073,97.5,105.1,-7.6,1.84,0.011,0.067,0.254,0.037,20.30000000000001,-0.352532066320368,0.45926450599315277,-1.1987821573157729,-0.5567512044063528
201573,Jerryd Bayless,MEM,2012-13,Playmaker,Very Good,80,1764.715,693,176,264,59,17,120,0.419,0.353,0.836,0.514,0.476,0.202,0.097,101.4,100.9,0.5,2.2,0.013,0.092,0.254,0.051,24.5,0.0009003743270097156,1.0921714134353349,-0.6834479169247585,0.3184030860099941
2207,Joe Johnson,BKN,2012-13,Playmaker,Average,72,2642.0616666666665,1170,218,253,49,14,123,0.423,0.375,0.82,0.521,0.493,0.216,0.092,109.4,103.8,5.6,2.06,0.021,0.066,0.163,0.043,21.60000000000001,0.4873979170695019,0.5404883554121461,-0.6739232508482592,0.014048506974100261
101249,John Lucas III,TOR,2012-13,Playmaker,Average,63,827.1416666666667,333,65,105,23,1,26,0.386,0.377,0.72,0.483,0.472,0.203,0.092,101.3,106.0,-4.7,4.04,0.009,0.076,0.233,0.04,19.400000000000006,-0.42863638130259846,0.38912977315028857,-1.1181091370630876,-0.5161342465708587
2422,John Salmons,SAC,2012-13,Playmaker,Average,76,2278.3783333333336,672,207,226,51,25,85,0.399,0.371,0.773,0.509,0.48,0.146,0.063,107.4,108.0,-0.6,2.66,0.015,0.078,0.142,0.047,17.400000000000006,-0.45277842985463884,0.32316596967575095,-0.652151798049856,-0.10070629832338902
202322,John Wall,WAS,2012-13,Playmaker,Elite,49,1602.125,906,196,373,65,37,157,0.441,0.267,0.804,0.521,0.449,0.286,0.146,102.8,101.2,1.6,2.38,0.022,0.1,0.407,0.061,24.200000000000003,0.8094483436028229,2.3527587278125415,-0.50298380220465,0.5652941411864657
202348,Jordan Crawford,BOS,2012-13,Playmaker,Very Good,70,1708.5283333333334,814,209,225,39,7,141,0.415,0.337,0.811,0.512,0.472,0.248,0.108,95.9,100.8,-4.9,1.6,0.026,0.094,0.244,0.06,24.60000000000001,0.4134664976178466,0.8924869185149701,-0.48122953492168175,0.015876654717980904
101181,Jose Calderon,DET,2012-13,Playmaker,Elite,73,2159.3866666666668,826,176,518,58,8,126,0.491,0.461,0.9,0.616,0.594,0.167,0.135,101.8,108.3,-6.5,4.11,0.009,0.079,0.396,0.043,17.10000000000001,0.42378500265464963,2.824519782867501,-0.7853651513622009,-0.21780004832228897
201950,Jrue Holiday,PHI,2012-13,Playmaker,Elite,78,2925.575,1383,329,625,123,32,292,0.431,0.368,0.752,0.496,0.466,0.261,0.115,100.7,103.1,-2.4,2.14,0.03,0.084,0.358,0.056,22.30000000000001,0.8274859273537345,3.004775927630841,-0.2137827221005696,1.004031988999141
202689,Kemba Walker,CHA,2012-13,Playmaker,Elite,82,2858.7,1455,283,471,160,31,200,0.423,0.322,0.798,0.517,0.466,0.25,0.125,100.3,109.0,-8.7,2.36,0.02,0.082,0.308,0.05,16.400000000000006,0.9189516079829031,2.1572207972448867,-0.41227606277725404,1.0306323709215446
203088,Kendall Marshall,PHX,2012-13,Playmaker,Very Good,48,702.34,143,42,143,22,4,57,0.371,0.315,0.571,0.455,0.447,0.131,0.058,94.7,108.3,-13.6,2.51,0.006,0.056,0.306,0.03,17.10000000000001,-1.2528204006311778,0.9390467368481004,-1.3065333875341918,-0.6312789701138087
2550,Kirk Hinrich,CHI,2012-13,Playmaker,Very Good,60,1764.375,459,158,314,63,25,99,0.377,0.39,0.714,0.493,0.461,0.145,0.073,103.4,100.1,3.3,3.17,0.009,0.08,0.267,0.045,25.30000000000001,-0.7051842136135339,1.3491854729061723,-0.8076466572588152,0.48779198982742483
200768,Kyle Lowry,TOR,2012-13,Playmaker,Elite,68,2020.1933333333332,791,321,435,94,24,157,0.401,0.362,0.795,0.543,0.482,0.197,0.123,106.1,105.0,1.1,2.77,0.029,0.135,0.336,0.082,20.400000000000006,0.20077910918715913,2.182046203018391,0.09622126115179591,0.5109788691694593
202681,Kyrie Irving,CLE,2012-13,Playmaker,Very Good,59,2047.871666666667,1325,216,350,89,21,191,0.452,0.391,0.855,0.553,0.503,0.292,0.139,104.0,108.7,-4.6,1.83,0.016,0.095,0.315,0.053,16.700000000000003,1.338493796856025,1.7513017205863768,-0.5518334649687868,0.2114273647855224
2544,LeBron James,MIA,2012-13,Playmaker,Elite,76,2877.055,2036,610,551,129,67,226,0.565,0.406,0.753,0.64,0.603,0.294,0.221,114.2,101.9,12.3,2.44,0.039,0.18,0.344,0.115,23.5,2.3632973010516025,2.6538316230889683,1.283456263885511,1.4908170167959531
2571,Leandro Barbosa,BOS,2012-13,Playmaker,Average,41,512.785,215,46,58,17,6,21,0.43,0.383,0.756,0.509,0.477,0.202,0.093,95.4,99.7,-4.3,2.76,0.016,0.073,0.201,0.046,25.700000000000003,-0.37239649604130176,0.03641937428303865,-1.092085404324646,-0.15756065137350164
101150,Lou Williams,ATL,2012-13,Playmaker,Average,39,1119.0233333333333,551,80,139,44,10,74,0.422,0.367,0.868,0.555,0.503,0.232,0.111,102.2,102.4,-0.2,1.88,0.007,0.065,0.218,0.036,23.0,0.35253067226047174,0.4299744780860311,-1.1292670755268297,0.004028381339553559
2557,Luke Ridnour,MIN,2012-13,Playmaker,Very Good,82,2474.123333333333,939,206,311,82,15,130,0.453,0.311,0.848,0.532,0.493,0.178,0.088,101.2,104.3,-3.1,2.39,0.016,0.071,0.211,0.043,21.10000000000001,0.10552709362888907,1.0235578121837925,-0.7057637938522425,0.3367136104167154
2575,Luke Walton,CLE,2012-13,Playmaker,Very Good,50,857.18,172,145,166,42,13,60,0.392,0.299,0.5,0.453,0.448,0.131,0.081,102.5,105.0,-2.5,2.77,0.045,0.135,0.286,0.089,20.400000000000006,-1.2433421540168546,0.9113265705635358,-0.28159578944053093,-0.13910410765655903
203146,Maalik Wayns,LAC,2012-13,Playmaker,Average,27,201.955,76,7,27,6,0,15,0.295,0.226,0.895,0.394,0.335,0.24,0.015,95.3,110.0,-14.7,1.8,0.005,0.032,0.233,0.018,15.400000000000006,-0.8519745423996302,0.10211385000790368,-1.55227748961864,-0.9374135807232443
1938,Manu Ginobili,SAS,2012-13,Playmaker,Very Good,60,1393.2166666666667,705,201,274,80,13,132,0.425,0.353,0.796,0.56,0.502,0.238,0.13,105.6,97.5,8.1,2.08,0.023,0.116,0.308,0.072,27.900000000000006,0.5360981811420892,1.432321606744248,-0.3495807119348404,0.6952877468705637
201158,Marco Belinelli,CHI,2012-13,Playmaker,Average,73,1881.545,702,140,148,44,6,82,0.395,0.357,0.839,0.513,0.46,0.184,0.07,101.3,103.0,-1.7,1.8,0.007,0.068,0.132,0.038,22.400000000000006,-0.13009549864830292,-0.020026486815806096,-0.9445850518975523,-0.07169427970243773
203104,Marquis Teague,CHI,2012-13,Playmaker,Average,48,391.9216666666667,99,44,63,9,7,35,0.381,0.174,0.563,0.412,0.398,0.182,0.051,96.3,96.0,0.3,1.8,0.008,0.11,0.275,0.058,29.400000000000006,-1.1570604250556817,0.47052417767860494,-0.9445163098358129,-0.012941793193765058
201144,Mike Conley,MEM,2012-13,Playmaker,Very Good,80,2756.575,1168,225,487,174,24,189,0.44,0.362,0.83,0.549,0.497,0.205,0.133,105.7,96.0,9.7,2.58,0.016,0.07,0.287,0.042,29.400000000000006,0.5655213301704524,2.0981251383690367,-0.6680892550672826,1.8686799796799372
2229,Mike James,DAL,2012-13,Playmaker,Average,45,861.8083333333333,273,72,139,26,3,55,0.373,0.384,0.793,0.481,0.461,0.18,0.057,105.3,103.3,1.9,2.53,0.011,0.071,0.236,0.042,22.10000000000001,-0.6517114770898875,0.5310922381145412,-1.07405617836807,-0.3061776071161207
2034,Mike Miller,MIA,2012-13,Playmaker,Average,59,899.6433333333333,281,157,99,21,4,35,0.433,0.417,0.727,0.596,0.591,0.141,0.104,106.1,103.7,2.4,2.83,0.023,0.153,0.167,0.093,21.700000000000003,-0.2739244228493758,-0.003713494888278185,-0.19879662921782634,-0.3713688278244092
2590,Mo Williams,UTA,2012-13,Playmaker,Very Good,46,1417.77,592,110,285,46,9,125,0.43,0.383,0.882,0.519,0.485,0.22,0.095,103.4,106.2,-2.7,2.28,0.017,0.065,0.324,0.04,19.200000000000003,0.08842069039567357,1.5626806646486444,-0.9987071007981501,-0.20863412197500464
101145,Monta Ellis,MIL,2012-13,Playmaker,Very Good,82,3076.403333333333,1577,316,496,169,36,254,0.416,0.287,0.773,0.493,0.448,0.258,0.11,103.5,104.3,-0.9,1.95,0.013,0.087,0.262,0.049,21.10000000000001,0.9282747653039479,1.9908010268971508,-0.33745422382098017,1.4506189301143768
201986,Nando De Colo,SAS,2012-13,Playmaker,Average,72,920.2916666666666,276,138,138,41,6,81,0.436,0.378,0.795,0.53,0.5,0.167,0.084,98.6,100.7,-2.1,1.7,0.027,0.122,0.233,0.077,24.700000000000003,-0.46455502320502035,0.5105595867874514,-0.4530452911823514,0.03235738409648222
101126,Nate Robinson,CHI,2012-13,Playmaker,Very Good,82,2086.258333333333,1074,184,358,85,10,144,0.433,0.405,0.799,0.54,0.51,0.246,0.12,103.0,102.5,0.6,2.49,0.014,0.077,0.312,0.044,22.900000000000006,0.7464152694047991,1.7638862911603312,-0.7513984683881983,0.422968794305393
201587,Nicolas Batum,POR,2012-13,Playmaker,Very Good,73,2806.563333333333,1047,412,360,91,83,190,0.423,0.372,0.848,0.566,0.522,0.178,0.104,105.4,107.8,-2.4,1.89,0.036,0.115,0.199,0.075,17.60000000000001,0.37780740914066174,1.136450846959361,0.24850113213257402,0.9123120663971954
202701,Nolan Smith,POR,2012-13,Playmaker,Average,40,287.64,110,27,35,7,1,29,0.368,0.214,0.714,0.435,0.395,0.234,0.051,91.4,93.0,-1.6,1.21,0.023,0.068,0.229,0.045,32.400000000000006,-0.6369593868021061,0.10908076724694088,-1.1552392517189665,0.08189472205968358
202708,Norris Cole,MIA,2012-13,Playmaker,Average,80,1590.18,445,130,164,57,7,104,0.421,0.357,0.65,0.483,0.462,0.168,0.049,104.1,104.0,0.1,1.58,0.013,0.071,0.165,0.044,21.400000000000006,-0.6040845732033778,0.22423113439387476,-0.8946809119061233,0.014366227449187419
201564,O.J. Mayo,DAL,2012-13,Playmaker,Very Good,82,2913.235,1255,291,361,93,23,210,0.449,0.407,0.82,0.556,0.519,0.206,0.091,103.9,105.5,-1.6,1.72,0.013,0.086,0.191,0.051,19.900000000000006,0.6756045227112288,1.0951893116023614,-0.37830937980325163,0.46112270470332367
201976,Patrick Beverley,HOU,2012-13,Playmaker,Average,41,712.5916666666667,228,109,117,37,21,44,0.418,0.375,0.829,0.551,0.513,0.15,0.104,106.4,98.5,7.9,2.66,0.059,0.088,0.262,0.073,26.900000000000006,-0.503550106766595,0.5961980157309474,-0.5809518873273656,0.2719341774982281
1718,Paul Pierce,BOS,2012-13,Playmaker,Very Good,77,2575.1366666666668,1430,487,370,84,30,214,0.436,0.38,0.787,0.559,0.502,0.271,0.141,103.8,101.3,2.6,1.73,0.019,0.169,0.245,0.099,24.10000000000001,1.294789528549489,1.431659813588936,0.753256229219797,0.6854623214879347
200765,Rajon Rondo,BOS,2012-13,Playmaker,Elite,38,1422.775,522,212,420,70,9,148,0.484,0.24,0.645,0.516,0.497,0.213,0.145,99.6,102.0,-2.4,2.84,0.032,0.122,0.49,0.078,23.400000000000006,-0.0304557178818346,2.991969446760571,-0.24395562168644053,0.28680822375239273
201196,Ramon Sessions,CHA,2012-13,Playmaker,Very Good,61,1651.56,876,169,230,48,7,104,0.408,0.308,0.839,0.529,0.433,0.247,0.12,98.4,110.4,-12.0,2.21,0.015,0.087,0.266,0.05,15.0,0.5480553647630423,1.0344737484948405,-0.7147612213150957,-0.4549159593124368
101109,Raymond Felton,NYK,2012-13,Playmaker,Very Good,68,2312.8083333333334,948,194,372,94,14,155,0.427,0.36,0.789,0.505,0.48,0.217,0.097,112.3,106.3,5.9,2.4,0.022,0.067,0.26,0.044,19.10000000000001,0.24314275705393032,1.523283996257371,-0.7248646825515456,0.333423151574381
202704,Reggie Jackson,OKC,2012-13,Playmaker,Average,70,992.6083333333332,374,166,122,29,13,53,0.458,0.231,0.839,0.531,0.495,0.183,0.114,103.9,97.2,6.7,2.3,0.023,0.142,0.204,0.085,28.200000000000003,-0.27103717866584925,0.28877257891743935,-0.27683345640228113,0.1844846395315056
202130,Reggie Williams,CHA,2012-13,Playmaker,Average,40,379.95666666666665,146,51,39,12,1,19,0.432,0.306,0.476,0.517,0.515,0.186,0.095,101.2,105.4,-4.2,2.05,0.019,0.11,0.18,0.063,20.0,-0.49354319573783073,-0.15146548087465037,-0.8622443882267545,-0.5948564338625888
1888,Richard Hamilton,CHI,2012-13,Playmaker,Average,50,1087.9133333333334,490,83,119,24,5,84,0.429,0.308,0.857,0.481,0.446,0.244,0.071,98.9,100.8,-1.9,1.42,0.015,0.063,0.191,0.039,24.60000000000001,-0.026711306792039886,0.20470401159650065,-1.0830879768617927,-0.1597787173628432
201937,Ricky Rubio,MIN,2012-13,Playmaker,Elite,57,1690.9083333333333,608,229,418,137,5,172,0.36,0.293,0.799,0.482,0.386,0.212,0.118,101.3,103.1,-1.8,2.43,0.026,0.121,0.391,0.071,22.30000000000001,-0.17015362270699388,2.428462383959088,-0.28802576589689294,0.8759195420525497
201155,Rodney Stuckey,DET,2012-13,Playmaker,Very Good,76,2171.093333333333,876,212,270,51,17,134,0.406,0.302,0.783,0.505,0.443,0.206,0.088,101.0,108.1,-7.2,2.01,0.02,0.083,0.208,0.05,17.30000000000001,0.11069473126337999,0.8558375079631719,-0.6006659422174887,-0.18752147785291914
201958,Rodrigue Beaubois,DAL,2012-13,Playmaker,Average,45,549.2833333333333,181,57,84,19,4,33,0.369,0.292,0.789,0.47,0.429,0.178,0.074,100.6,97.7,2.9,2.55,0.016,0.085,0.237,0.05,27.700000000000003,-0.79559104116383,0.33432686872085376,-1.0119396226856068,-0.03956350340401774
101179,Ronnie Price,POR,2012-13,Playmaker,Average,39,509.8416666666666,105,44,73,26,3,34,0.325,0.256,0.708,0.402,0.367,0.148,0.038,96.7,102.0,-5.3,2.15,0.027,0.065,0.232,0.046,23.400000000000006,-1.4588052836786964,0.26576199750054674,-1.0973921614919764,-0.22979652955176755
201566,Russell Westbrook,OKC,2012-13,Playmaker,Elite,82,2860.98,1903,428,607,145,24,273,0.438,0.323,0.8,0.532,0.47,0.322,0.155,112.5,101.2,11.2,2.22,0.043,0.104,0.372,0.076,24.200000000000003,1.8548640810581472,3.0171886305175937,0.3036948437758987,1.2626761442114776
2742,Sebastian Telfair,TOR,2012-13,Playmaker,Average,59,980.08,331,84,153,37,11,64,0.362,0.353,0.783,0.488,0.448,0.183,0.077,98.1,99.2,-1.2,2.39,0.013,0.073,0.252,0.042,26.200000000000003,-0.5479006394399065,0.6724903699859527,-1.0422156353640866,0.1296312649328509
2733,Shaun Livingston,CLE,2012-13,Playmaker,Average,66,1454.79,417,158,215,48,31,76,0.48,0.0,0.867,0.536,0.48,0.142,0.089,101.2,105.4,-4.1,2.83,0.021,0.091,0.229,0.055,20.0,-0.5115798582274966,0.771425205267829,-0.6802501142120123,0.08167655200881663
202714,Shelvin Mack,ATL,2012-13,Playmaker,Average,31,415.99,143,40,68,15,0,34,0.46,0.367,0.563,0.537,0.532,0.183,0.081,98.1,102.7,-4.6,2.0,0.008,0.088,0.265,0.05,22.700000000000003,-0.40331736467447454,0.432746100941124,-1.0570470586079166,-0.4152521864170684
201939,Stephen Curry,GSW,2012-13,Playmaker,Elite,78,2982.555,1786,314,539,126,12,240,0.451,0.453,0.9,0.589,0.549,0.257,0.138,107.0,104.7,2.3,2.25,0.02,0.083,0.298,0.052,20.700000000000003,1.620557885413299,2.351263273814716,-0.30454201807426995,0.7387593176734216
2581,Steve Blake,LAL,2012-13,Playmaker,Average,45,1174.763333333333,327,132,173,34,6,62,0.422,0.421,0.771,0.573,0.556,0.13,0.086,104.6,103.1,1.5,2.79,0.018,0.09,0.227,0.055,22.30000000000001,-0.4527802073578376,0.6056428630597873,-0.7492379573873095,-0.18118337659050698
959,Steve Nash,LAL,2012-13,Playmaker,Very Good,50,1626.795,636,142,333,30,5,126,0.497,0.438,0.922,0.605,0.557,0.171,0.113,106.9,106.5,0.4,2.64,0.016,0.07,0.31,0.043,18.900000000000006,0.25315573565955574,1.6606587014320402,-0.8755800232068203,-0.4325121875151363
201944,Terrence Williams,BOS,2012-13,Playmaker,Average,24,317.99833333333333,110,44,38,11,2,22,0.495,0.333,0.429,0.518,0.521,0.182,0.101,101.7,102.5,-0.8,1.73,0.013,0.122,0.19,0.07,22.900000000000006,-0.5430689493340238,-0.09896863884781626,-0.7916404581796493,-0.4247117751542704
201962,Toney Douglas,SAC,2012-13,Playmaker,Average,71,1288.01,534,138,151,71,3,81,0.403,0.38,0.905,0.531,0.491,0.191,0.077,108.9,104.9,4.0,1.86,0.026,0.081,0.176,0.053,20.5,-0.09708949307819148,0.2381893338875667,-0.7587969944946784,0.06607624502871177
2225,Tony Parker,SAS,2012-13,Playmaker,Elite,66,2173.89,1341,198,499,54,6,170,0.522,0.353,0.845,0.588,0.534,0.276,0.161,108.8,98.6,10.2,2.94,0.009,0.081,0.396,0.048,26.80000000000001,1.4330182338240112,2.754605647743074,-0.6632925509981633,0.29043991989849327
203100,Tony Wroten,MEM,2012-13,Playmaker,Average,35,271.94666666666666,91,28,43,8,4,29,0.384,0.25,0.724,0.461,0.407,0.204,0.049,92.9,101.8,-8.9,1.48,0.046,0.056,0.262,0.051,23.60000000000001,-0.7216197371677356,0.32390085787791567,-1.0761479473072195,-0.3944326634284092
201951,Ty Lawson,DEN,2012-13,Playmaker,Elite,73,2512.67,1216,198,501,107,8,182,0.461,0.366,0.756,0.549,0.505,0.219,0.118,110.2,104.9,5.3,2.75,0.014,0.063,0.295,0.039,20.5,0.7026232277930754,2.1945820435611103,-0.777949439740286,0.4896726308233041
203116,Tyshawn Taylor,BKN,2012-13,Playmaker,Average,38,220.50333333333333,85,18,21,13,0,25,0.368,0.462,0.556,0.43,0.402,0.249,0.028,94.4,108.9,-14.6,0.84,0.01,0.078,0.181,0.043,16.5,-0.5737685601425507,-0.21208227134182195,-1.2045989675813147,-0.8002538976006083
101198,Will Bynum,DET,2012-13,Playmaker,Very Good,65,1219.165,636,97,231,45,5,125,0.469,0.316,0.809,0.532,0.491,0.258,0.107,101.2,109.2,-8.1,1.85,0.023,0.06,0.341,0.041,16.200000000000003,0.4726575324690628,1.4594774399359711,-1.0204613680811183,-0.4357293660741144
201166,Aaron Brooks,DEN,2013-14,Playmaker,Very Good,72,1557.2716666666668,645,140,233,52,13,117,0.401,0.387,0.874,0.518,0.484,0.201,0.079,104.1,106.7,-2.6,1.99,0.027,0.061,0.238,0.044,18.700000000000003,-0.01816511164891595,0.8882185290841728,-0.8681471260694705,-0.13537342585759424
1889,Andre Miller,WAS,2013-14,Playmaker,Very Good,58,981.8766666666668,283,130,197,34,9,61,0.459,0.524,0.779,0.534,0.483,0.148,0.118,103.2,101.0,2.2,3.23,0.029,0.1,0.307,0.066,24.400000000000006,-0.5757259950952109,1.1433677215892841,-0.6144085172031568,-0.027446166977334374
203085,Austin Rivers,NOP,2013-14,Playmaker,Average,69,1338.685,530,129,160,45,9,77,0.405,0.364,0.636,0.482,0.443,0.209,0.067,106.7,106.7,0.0,2.08,0.02,0.08,0.193,0.05,18.700000000000003,-0.24836468557307248,0.36680666248220406,-0.8208963646617068,-0.24837282243806788
2757,Beno Udrih,MEM,2013-14,Playmaker,Average,41,642.9166666666666,200,59,116,23,4,47,0.438,0.452,0.833,0.523,0.492,0.167,0.086,102.5,111.4,-8.9,2.47,0.015,0.085,0.278,0.048,14.0,-0.559385095432693,0.6824007777672849,-1.032112174127637,-0.8030570998289553
2564,Boris Diaw,SAS,2013-14,Playmaker,Average,79,1974.0716666666667,717,326,222,44,32,121,0.521,0.402,0.739,0.578,0.559,0.167,0.098,109.6,101.3,8.3,1.83,0.041,0.126,0.162,0.085,24.10000000000001,0.12791339340087263,0.42080027108474255,0.14770711698416322,0.2912427319616024
201943,Brandon Jennings,DET,2013-14,Playmaker,Elite,80,2728.113333333333,1241,244,609,101,8,215,0.373,0.337,0.751,0.486,0.441,0.228,0.1,105.8,108.9,-3.1,2.83,0.02,0.069,0.334,0.043,16.5,0.42633150890257854,2.8110771864354156,-0.604935407672962,0.19248575299542223
202688,Brandon Knight,MIL,2013-14,Playmaker,Very Good,72,2400.083333333333,1291,255,352,69,17,188,0.422,0.325,0.802,0.523,0.473,0.263,0.111,102.7,111.3,-8.6,1.87,0.019,0.092,0.262,0.054,14.100000000000009,0.9301546672349753,1.4609254764804405,-0.4356120459011607,-0.18903190512171264
203148,Brian Roberts,NOP,2013-14,Playmaker,Very Good,72,1666.8083333333334,677,136,234,43,7,95,0.42,0.36,0.94,0.529,0.475,0.198,0.09,102.8,107.1,-4.3,2.46,0.011,0.074,0.226,0.043,18.30000000000001,0.045843106200977944,0.8244863803875044,-0.891500294708812,-0.3128323463406373
202718,Chandler Parsons,HOU,2013-14,Playmaker,Average,74,2782.5783333333334,1226,409,298,88,29,144,0.472,0.37,0.742,0.565,0.538,0.191,0.111,111.2,105.8,5.4,2.07,0.027,0.117,0.168,0.074,19.60000000000001,0.5963417985498499,0.7341627315919543,0.22780134207689787,0.45239427151534845
101108,Chris Paul,LAC,2013-14,Playmaker,Elite,62,2170.983333333333,1185,268,663,154,4,145,0.467,0.368,0.855,0.58,0.511,0.23,0.179,113.2,101.9,11.3,4.57,0.018,0.101,0.459,0.061,23.5,0.9380365358977216,3.7119871847063353,-0.31194054418075,1.1124508580601826
202709,Cory Joseph,SAS,2013-14,Playmaker,Average,68,935.98,343,107,114,35,14,43,0.475,0.316,0.823,0.558,0.498,0.167,0.088,104.3,104.3,0.1,2.65,0.038,0.079,0.18,0.06,21.10000000000001,-0.2561470311086374,0.12451136830071972,-0.75187415045554,-0.1603879116870181
201571,D.J. Augustin,CHI,2013-14,Playmaker,Very Good,71,1938.6433333333332,930,130,313,53,3,125,0.415,0.401,0.885,0.569,0.508,0.221,0.117,102.5,101.1,1.4,2.5,0.008,0.059,0.297,0.034,24.30000000000001,0.6253663215053421,1.5140353816313508,-1.0220774549529263,0.10283947732720733
203081,Damian Lillard,POR,2013-14,Playmaker,Very Good,82,2936.615,1695,288,457,64,22,193,0.424,0.394,0.871,0.568,0.508,0.244,0.117,111.5,105.5,6.0,2.37,0.012,0.082,0.249,0.047,19.900000000000006,1.3396988055375951,1.774263571972034,-0.43722813277296857,0.150525715489205
202721,Darius Morris,MEM,2013-14,Playmaker,Average,27,312.815,107,26,44,13,0,27,0.406,0.316,0.654,0.498,0.469,0.181,0.065,89.3,98.4,-9.1,1.63,0.021,0.066,0.259,0.042,27.0,-0.6669036022449694,0.31072758919550214,-1.1961115932166728,-0.18332980958083134
201954,Darren Collison,LAC,2013-14,Playmaker,Very Good,80,2069.306666666667,911,188,297,93,15,132,0.467,0.376,0.857,0.575,0.518,0.194,0.108,109.2,103.9,5.3,2.25,0.023,0.064,0.225,0.045,21.5,0.4483166932812388,1.0506892803598982,-0.728045299748857,0.4741904727579472
203471,Dennis Schröder,ATL,2013-14,Playmaker,Average,49,641.4083333333333,183,60,93,17,0,61,0.383,0.238,0.674,0.442,0.41,0.188,0.047,95.2,111.8,-16.6,1.52,0.008,0.091,0.247,0.049,13.600000000000009,-0.8810349363291184,0.4236206239710705,-1.016719141239291,-0.9291970034909175
101114,Deron Williams,BKN,2013-14,Playmaker,Very Good,64,2059.345,915,168,392,93,13,143,0.45,0.366,0.801,0.564,0.518,0.214,0.117,109.0,104.6,4.4,2.74,0.008,0.079,0.312,0.044,20.80000000000001,0.5347180320665118,1.8889957961198323,-0.7938525257268427,0.4128272722171511
2734,Devin Harris,DAL,2013-14,Playmaker,Very Good,40,817.7933333333333,315,85,178,28,2,59,0.378,0.307,0.8,0.517,0.439,0.195,0.098,112.6,104.2,8.4,3.02,0.01,0.096,0.312,0.054,21.200000000000003,-0.30578468770048106,1.1015418531394432,-0.8866864051242578,-0.348451552787122
203197,Diante Garrett,UTA,2013-14,Playmaker,Average,71,1047.5716666666667,248,97,120,41,5,75,0.381,0.375,0.833,0.459,0.449,0.148,0.056,98.3,103.7,-5.3,1.6,0.01,0.084,0.183,0.047,21.700000000000003,-1.0297814228980033,0.16344247623950103,-0.9440234422530366,-0.15402410505509803
202388,Donald Sloan,IND,2013-14,Playmaker,Average,48,392.1766666666667,110,44,50,10,1,22,0.376,0.238,0.6,0.437,0.419,0.17,0.075,91.8,102.2,-10.4,2.27,0.01,0.101,0.223,0.056,23.200000000000003,-1.094035166514616,0.13057021707251149,-0.9699956184451736,-0.4275641995808043
202339,Eric Bledsoe,PHX,2013-14,Playmaker,Very Good,43,1416.4733333333334,763,202,235,69,14,143,0.477,0.357,0.772,0.578,0.522,0.244,0.141,105.7,101.5,4.3,1.64,0.019,0.12,0.272,0.071,23.900000000000006,0.724763363213404,1.0865781251160354,-0.3596669876558555,0.3564115183541947
201953,Eric Maynor,PHI,2013-14,Playmaker,Average,31,326.6766666666667,82,39,52,9,3,29,0.317,0.324,0.545,0.387,0.376,0.178,0.058,86.4,111.2,-24.8,1.79,0.025,0.1,0.291,0.059,14.200000000000003,-1.3415402902163978,0.5199300264915595,-0.945043548449459,-0.9464827099584943
202323,Evan Turner,IND,2013-14,Playmaker,Average,81,2456.9616666666666,1131,408,262,67,7,189,0.425,0.321,0.813,0.498,0.45,0.229,0.093,99.5,106.9,-7.4,1.39,0.024,0.134,0.174,0.079,18.5,0.4229360429101572,0.6353997639972799,0.2888462350166341,-0.05240870081125102
203539,Gal Mekel,DAL,2013-14,Playmaker,Average,31,291.69166666666666,73,27,63,4,1,31,0.349,0.25,0.667,0.4,0.378,0.176,0.04,102.9,103.8,-0.8,2.03,0.016,0.085,0.299,0.048,21.60000000000001,-1.28834362409696,0.6053478577166183,-1.1170202888049257,-0.5837398572898796
201609,Goran Dragic,PHX,2013-14,Playmaker,Very Good,76,2667.9933333333333,1542,245,447,104,22,213,0.505,0.408,0.76,0.604,0.561,0.241,0.134,111.1,105.5,5.6,2.1,0.027,0.066,0.274,0.046,19.900000000000006,1.4132328760862516,1.8779079921215822,-0.5640630661752558,0.5649802330216824
202330,Gordon Hayward,UTA,2013-14,Playmaker,Very Good,77,2799.635,1248,391,400,110,40,212,0.413,0.304,0.816,0.52,0.454,0.227,0.112,102.8,110.2,-7.4,1.89,0.023,0.126,0.237,0.073,15.200000000000003,0.6184553002477134,1.4971093265797462,0.16730087326624257,0.5331157899741972
202349,Greivis Vasquez,TOR,2013-14,Playmaker,Very Good,79,1778.8983333333333,758,173,323,31,5,128,0.421,0.377,0.88,0.537,0.504,0.211,0.108,105.5,101.0,4.5,2.52,0.011,0.088,0.31,0.05,24.400000000000006,0.24516272612615408,1.6238617882086575,-0.7041477069804345,-0.0990001118045603
203477,Isaiah Canaan,HOU,2013-14,Playmaker,Average,22,252.245,101,24,22,8,4,21,0.356,0.327,0.724,0.506,0.46,0.2,0.045,103.0,109.6,-6.6,1.05,0.026,0.062,0.144,0.045,15.800000000000011,-0.4864010469921792,-0.4162557534114211,-1.1631993874699624,-0.8527191288145289
202738,Isaiah Thomas,SAC,2013-14,Playmaker,Elite,72,2497.285,1465,210,454,93,8,213,0.453,0.349,0.85,0.574,0.51,0.254,0.136,106.8,106.1,0.7,2.13,0.019,0.065,0.317,0.042,19.30000000000001,1.2813445891040598,2.145224924779391,-0.7078899338222617,0.2741079396275346
202397,Ish Smith,PHX,2013-14,Playmaker,Very Good,70,1006.4666666666668,261,129,179,49,13,65,0.423,0.043,0.564,0.438,0.425,0.155,0.093,101.6,101.3,0.3,2.75,0.03,0.099,0.275,0.064,24.10000000000001,-1.0892313725895209,0.897368371069844,-0.6425412043961827,0.15081773059478415
200826,J.J. Barea,MIN,2013-14,Playmaker,Very Good,79,1471.3183333333334,660,154,303,26,0,125,0.387,0.316,0.79,0.471,0.443,0.238,0.095,99.5,103.2,-3.7,2.42,0.01,0.093,0.353,0.049,22.200000000000003,-0.0052142428138053365,1.7918270551633328,-0.7673015543747551,-0.3306545316203883
2749,Jameer Nelson,ORL,2013-14,Playmaker,Elite,68,2178.983333333333,820,231,476,52,5,166,0.394,0.348,0.857,0.515,0.485,0.197,0.097,102.8,109.6,-6.8,2.87,0.013,0.095,0.341,0.054,15.800000000000011,0.06160141453454643,2.3610018139088464,-0.49929313190912733,-0.38670169552573136
2457,Jannero Pargo,CHA,2013-14,Playmaker,Very Good,29,241.7483333333333,136,20,52,14,1,26,0.441,0.4,0.727,0.554,0.542,0.273,0.125,99.4,109.5,-10.1,2.0,0.004,0.085,0.433,0.042,15.900000000000006,0.34767609403780747,1.3176368000498058,-1.2120318647186643,-0.8150278756889251
101127,Jarrett Jack,CLE,2013-14,Playmaker,Very Good,80,2252.11,760,223,324,56,22,133,0.41,0.341,0.839,0.498,0.455,0.176,0.086,100.9,106.4,-5.6,2.44,0.009,0.089,0.232,0.049,19.0,-0.2325957601626827,1.189364519407452,-0.584218432101851,0.01475560443815683
1891,Jason Terry,BKN,2013-14,Playmaker,Average,35,570.315,159,37,56,13,0,27,0.362,0.379,0.667,0.501,0.49,0.144,0.047,102.1,107.5,-5.4,2.07,0.007,0.065,0.156,0.034,17.900000000000006,-0.8831090855690583,-0.22373440843291326,-1.2688416632337969,-0.7179973525313045
201952,Jeff Teague,ATL,2013-14,Playmaker,Elite,79,2541.9216666666666,1304,208,528,89,17,232,0.438,0.329,0.846,0.541,0.474,0.25,0.118,104.7,103.4,1.3,2.28,0.014,0.069,0.347,0.042,22.0,0.9472789881570933,2.5860516826799396,-0.7131966909895923,0.4823572865355958
202391,Jeremy Lin,HOU,2013-14,Playmaker,Very Good,71,2054.025,890,187,294,68,27,176,0.446,0.358,0.823,0.572,0.508,0.198,0.095,107.1,103.2,3.9,1.67,0.017,0.067,0.229,0.044,22.200000000000003,0.4453018853650444,1.0621208197325522,-0.7434383326372025,0.3776942398716711
201573,Jerryd Bayless,BOS,2013-14,Playmaker,Average,72,1685.743333333333,666,145,194,60,9,82,0.402,0.358,0.797,0.498,0.464,0.193,0.075,104.4,107.9,-3.5,2.37,0.013,0.076,0.187,0.043,17.5,-0.17593556464928786,0.45821024743220173,-0.8676198874558245,-0.16345798842279208
101249,John Lucas III,UTA,2013-14,Playmaker,Average,42,591.445,159,39,42,14,0,22,0.326,0.298,0.625,0.403,0.392,0.157,0.029,91.7,106.0,-14.2,1.91,0.019,0.048,0.12,0.033,19.400000000000006,-1.3482613665849559,-0.4774856070026693,-1.2762745603711467,-0.6195039770187386
202322,John Wall,WAS,2013-14,Playmaker,Elite,82,2979.865,1583,333,721,149,40,295,0.433,0.351,0.805,0.524,0.473,0.267,0.135,106.0,102.5,3.5,2.44,0.013,0.102,0.392,0.057,22.900000000000006,1.1757296197530378,3.549026507962501,-0.19042955346122814,1.3896199424495326
202348,Jordan Crawford,GSW,2013-14,Playmaker,Very Good,81,1859.545,890,183,281,47,5,134,0.415,0.316,0.864,0.516,0.472,0.232,0.104,100.4,105.1,-4.7,2.1,0.014,0.081,0.256,0.047,20.30000000000001,0.37401624820838125,1.16596147258492,-0.7158328840578227,-0.17411247249452952
200770,Jordan Farmar,LAL,2013-14,Playmaker,Very Good,41,912.3166666666668,416,104,199,38,8,95,0.415,0.438,0.746,0.533,0.511,0.223,0.103,102.3,107.7,-5.4,2.09,0.02,0.088,0.343,0.054,17.700000000000003,0.06350543144448591,1.3529626242909811,-0.8362722120346175,-0.3897745020588265
101181,Jose Calderon,DAL,2013-14,Playmaker,Very Good,81,2468.28,925,192,377,69,11,103,0.456,0.449,0.825,0.596,0.584,0.16,0.095,108.4,108.9,-0.5,3.66,0.013,0.068,0.223,0.041,16.5,0.3295846483916795,1.333829279477125,-0.7683904026329169,-0.10872546902134213
201177,Josh McRoberts,CHA,2013-14,Playmaker,Very Good,78,2360.048333333333,661,373,333,58,46,83,0.436,0.361,0.729,0.548,0.529,0.137,0.097,104.6,103.2,1.3,4.01,0.037,0.124,0.215,0.081,22.200000000000003,-0.3036114947820457,1.1269816346149033,0.22145729319771007,0.4663124265469296
201950,Jrue Holiday,NOP,2013-14,Playmaker,Very Good,34,1143.4083333333333,487,142,268,56,12,105,0.447,0.39,0.81,0.505,0.48,0.224,0.114,108.7,107.4,1.4,2.55,0.024,0.102,0.358,0.063,18.0,-0.038063526012138915,1.6911261255560794,-0.6207869371132144,-0.14517371064207096
202689,Kemba Walker,CHA,2013-14,Playmaker,Very Good,73,2613.965,1289,306,447,86,32,169,0.393,0.333,0.837,0.499,0.441,0.255,0.123,103.5,100.9,2.6,2.64,0.015,0.099,0.291,0.057,24.5,0.7329276439950689,1.973408098815175,-0.2620707752201906,0.7499218453905042
203088,Kendall Marshall,LAL,2013-14,Playmaker,Elite,54,1563.8466666666666,430,155,477,48,4,150,0.406,0.399,0.528,0.494,0.49,0.161,0.095,104.2,109.1,-5.0,3.18,0.01,0.083,0.426,0.048,16.30000000000001,-0.6032522834010169,2.842182038699149,-0.7773878300957702,-0.4088872737573004
203145,Kent Bazemore,LAL,2013-14,Playmaker,Average,67,911.1516666666666,403,117,91,43,13,79,0.429,0.336,0.606,0.515,0.491,0.218,0.071,94.5,107.0,-12.4,1.15,0.01,0.115,0.167,0.061,18.400000000000006,-0.08538756663572376,-0.03315102546698431,-0.7126007103142069,-0.24625209481725222
2550,Kirk Hinrich,CHI,2013-14,Playmaker,Very Good,73,2116.4066666666668,666,192,286,80,26,120,0.393,0.351,0.76,0.494,0.461,0.171,0.076,101.3,97.6,3.8,2.38,0.015,0.077,0.224,0.046,27.80000000000001,-0.35985631487503084,1.00459502247926,-0.7046921311095155,0.8209393114055566
200768,Kyle Lowry,TOR,2013-14,Playmaker,Elite,79,2861.951666666667,1417,369,586,121,15,194,0.423,0.38,0.813,0.567,0.511,0.222,0.138,108.9,104.3,4.5,3.02,0.031,0.1,0.336,0.065,21.10000000000001,0.9724512609053243,2.7376795926914697,0.007009309988164236,0.7408067650108809
202681,Kyrie Irving,CLE,2013-14,Playmaker,Very Good,71,2495.67,1478,259,433,108,23,190,0.43,0.358,0.861,0.533,0.48,0.274,0.13,103.7,108.6,-4.9,2.28,0.02,0.085,0.311,0.051,16.80000000000001,1.2027101821974533,2.034245487000784,-0.4632174944805405,0.434403656124545
202362,Lance Stephenson,IND,2013-14,Playmaker,Very Good,78,2752.04,1080,558,359,54,7,210,0.491,0.352,0.711,0.564,0.54,0.191,0.127,104.1,99.0,5.2,1.71,0.037,0.16,0.217,0.102,26.400000000000006,0.4853365183182083,1.2338889156655328,0.9798650715740724,0.27705551388176436
203485,Lorenzo Brown,PHI,2013-14,Playmaker,Average,26,223.75,64,28,41,13,3,16,0.302,0.1,0.692,0.349,0.32,0.195,0.063,95.0,94.2,0.8,2.56,0.03,0.089,0.281,0.057,31.200000000000003,-1.447339151591181,0.4232768885966665,-0.9997100214791377,0.09379221763629708
101150,Lou Williams,ATL,2013-14,Playmaker,Average,60,1444.6516666666666,625,124,210,45,4,92,0.4,0.342,0.849,0.547,0.48,0.205,0.096,103.8,109.9,-6.1,2.28,0.007,0.08,0.234,0.045,15.5,0.16250238784897816,0.7811150153307239,-0.8978615291034346,-0.4869751026118389
2557,Luke Ridnour,CHA,2013-14,Playmaker,Average,61,1140.5216666666668,306,97,176,32,8,66,0.385,0.343,0.654,0.452,0.442,0.161,0.063,98.4,107.2,-8.8,2.67,0.02,0.069,0.248,0.044,18.200000000000003,-0.9328112714406805,0.7346526570600639,-0.9822424051670775,-0.4225653421639468
1938,Manu Ginobili,SAS,2013-14,Playmaker,Very Good,68,1550.4516666666666,838,202,293,70,17,139,0.469,0.349,0.851,0.59,0.541,0.238,0.132,112.2,99.3,12.9,2.11,0.021,0.107,0.274,0.067,26.10000000000001,0.8035370751362123,1.3112355284814892,-0.4106256048745765,0.5263855584106301
201596,Mario Chalmers,MIA,2013-14,Playmaker,Very Good,73,2178.1366666666668,716,214,357,119,16,162,0.454,0.385,0.742,0.567,0.531,0.17,0.085,110.9,104.2,6.7,2.2,0.022,0.085,0.232,0.055,21.200000000000003,0.08626079243386288,1.3107943330446146,-0.5316609135267567,0.7360769706422795
203104,Marquis Teague,BKN,2013-14,Playmaker,Average,40,442.415,107,40,58,10,5,39,0.319,0.278,0.743,0.398,0.34,0.176,0.031,94.1,102.2,-8.1,1.49,0.002,0.09,0.222,0.045,23.200000000000003,-1.275259632824107,0.1543900943163004,-1.1207453301313182,-0.3870943435685142
203521,Matthew Dellavedova,CLE,2013-14,Playmaker,Average,72,1271.07,339,123,187,33,5,60,0.412,0.368,0.792,0.534,0.508,0.128,0.073,104.1,100.4,3.7,3.12,0.022,0.072,0.217,0.047,25.0,-0.6817512962064467,0.6009820082233508,-0.8750355990777394,-0.04302458089823521
203487,Michael Carter-Williams,PHI,2013-14,Playmaker,Very Good,70,2413.9133333333334,1167,437,441,130,43,247,0.405,0.264,0.703,0.48,0.431,0.254,0.104,100.9,109.1,-8.2,1.79,0.038,0.141,0.292,0.087,16.30000000000001,0.528993804413691,1.9569476042160625,0.4677114483803695,0.8353255833041068
201144,Mike Conley,MEM,2013-14,Playmaker,Very Good,73,2445.8783333333336,1256,213,441,110,13,150,0.45,0.361,0.815,0.545,0.5,0.24,0.13,107.1,104.1,3.0,2.94,0.017,0.076,0.293,0.046,21.30000000000001,0.862329163602122,1.9625652575509798,-0.6489711808525447,0.6183477796932052
2590,Mo Williams,POR,2013-14,Playmaker,Very Good,74,1833.236666666667,721,153,321,55,10,149,0.417,0.369,0.876,0.507,0.478,0.2,0.075,108.2,105.7,2.5,2.15,0.022,0.058,0.266,0.04,19.700000000000003,-0.03357117313192206,1.369325658827623,-0.8846118217005432,-0.07588705400237342
101145,Monta Ellis,DAL,2013-14,Playmaker,Very Good,82,3022.555,1560,295,471,141,23,264,0.451,0.33,0.788,0.532,0.478,0.257,0.106,108.9,108.2,0.6,1.78,0.013,0.088,0.245,0.051,17.200000000000003,1.1316786633010127,1.803308637145101,-0.3676958654685905,0.7998305031086396
201986,Nando De Colo,TOR,2013-14,Playmaker,Average,47,494.37,177,73,65,22,6,35,0.418,0.34,0.886,0.526,0.477,0.18,0.092,104.1,106.1,-2.0,1.86,0.029,0.125,0.203,0.077,19.30000000000001,-0.46365264541780693,0.073412520209241,-0.6255148991205943,-0.4817837569987579
101126,Nate Robinson,DEN,2013-14,Playmaker,Average,44,866.0783333333334,457,81,112,36,4,58,0.428,0.377,0.835,0.544,0.504,0.236,0.107,104.4,99.9,4.5,1.93,0.025,0.063,0.226,0.045,25.5,0.2511317027091478,0.3755640390622358,-1.0119568082010417,0.007319381438379328
203489,Nate Wolters,MIL,2013-14,Playmaker,Average,58,1309.3583333333331,417,149,187,35,15,57,0.437,0.29,0.656,0.486,0.46,0.163,0.093,101.7,102.7,-1.0,3.28,0.025,0.09,0.227,0.057,22.700000000000003,-0.643726545005113,0.6571585415725231,-0.6786512128556392,-0.056262967604741844
203517,Nemanja Nedovic,GSW,2013-14,Playmaker,Average,24,142.35666666666663,26,15,13,0,1,13,0.205,0.167,0.875,0.306,0.244,0.162,-0.013,83.3,105.6,-22.3,1.0,0.02,0.079,0.16,0.05,19.80000000000001,-1.9621727758298764,-0.35949052195378983,-1.1233815231995483,-0.7309437241322319
201979,Nick Calathes,MEM,2013-14,Playmaker,Very Good,71,1172.575,347,137,207,66,8,101,0.457,0.311,0.611,0.506,0.487,0.172,0.093,100.2,98.9,1.3,2.05,0.022,0.098,0.273,0.062,26.5,-0.5139719075939938,0.9891644214254811,-0.6467934843362211,0.41738480064953015
201587,Nicolas Batum,POR,2013-14,Playmaker,Very Good,82,2955.978333333333,1070,611,420,75,57,208,0.465,0.361,0.803,0.589,0.554,0.162,0.118,111.1,105.7,5.4,2.02,0.038,0.161,0.208,0.1,19.700000000000003,0.4087694541996963,1.407791206313912,1.0950148278989718,0.6068610129082739
202708,Norris Cole,MIA,2013-14,Playmaker,Average,82,2014.34,527,160,248,77,5,127,0.414,0.345,0.779,0.497,0.474,0.153,0.062,106.3,103.4,2.9,1.95,0.01,0.077,0.187,0.045,22.0,-0.5747120849325247,0.6569135788384681,-0.8023399000914847,0.23661136323898227
203491,Peyton Siva,DET,2013-14,Playmaker,Average,24,224.34,54,14,34,9,1,18,0.316,0.28,0.733,0.425,0.377,0.162,0.033,102.6,107.7,-5.1,1.89,0.008,0.058,0.258,0.031,17.700000000000003,-1.2615937976357494,0.2683130226372022,-1.3680883335721394,-0.7610762752913803
203515,Phil Pressey,BOS,2013-14,Playmaker,Very Good,75,1131.6466666666668,213,105,241,68,5,87,0.308,0.264,0.644,0.39,0.364,0.141,0.066,102.0,102.4,-0.4,2.77,0.018,0.077,0.305,0.047,23.0,-1.5007750079357176,1.2940388331023334,-0.9227964135837143,0.2021137718436774
200765,Rajon Rondo,BOS,2013-14,Playmaker,Elite,30,998.2316666666668,350,164,294,40,2,99,0.403,0.289,0.627,0.461,0.44,0.207,0.124,101.4,110.6,-9.2,2.97,0.021,0.163,0.48,0.085,14.800000000000011,-0.5128807176628819,2.4721518067967767,-0.2821402135696117,-0.6001451178441947
201196,Ramon Sessions,MIL,2013-14,Playmaker,Very Good,83,2214.036666666667,1021,203,340,49,9,148,0.429,0.282,0.807,0.539,0.452,0.219,0.114,102.1,105.6,-3.6,2.3,0.017,0.074,0.258,0.046,19.80000000000001,0.5048238240846725,1.394298567272712,-0.6755049666891975,-0.1422972281303668
200751,Randy Foye,DEN,2013-14,Playmaker,Average,81,2484.971666666667,1068,232,287,67,39,145,0.413,0.38,0.849,0.558,0.521,0.182,0.083,105.4,108.0,-2.6,1.98,0.013,0.077,0.173,0.044,17.400000000000006,0.37649317534324506,0.7217743937208194,-0.6240362963722651,0.20672000473261723
203492,Ray McCallum,SAC,2013-14,Playmaker,Average,45,896.705,280,79,120,22,9,39,0.377,0.373,0.744,0.439,0.413,0.176,0.063,103.8,108.6,-4.8,3.08,0.02,0.071,0.216,0.045,16.80000000000001,-0.9160818833334267,0.3488250362917696,-1.0172635653683721,-0.5983180526132967
101109,Raymond Felton,NYK,2013-14,Playmaker,Very Good,65,2017.31,630,197,365,78,27,129,0.395,0.318,0.721,0.476,0.446,0.181,0.082,108.1,107.8,0.3,2.83,0.027,0.076,0.275,0.051,17.60000000000001,-0.4155285074194009,1.5817909570247617,-0.6277269666677877,0.21103636402707893
202704,Reggie Jackson,OKC,2013-14,Playmaker,Very Good,80,2277.47,1047,313,331,85,9,168,0.44,0.339,0.893,0.527,0.485,0.223,0.115,109.0,101.6,7.4,1.97,0.02,0.113,0.231,0.068,23.80000000000001,0.4842451901354871,1.2095047053289025,-0.1033609277830504,0.4657305378468732
201937,Ricky Rubio,MIN,2013-14,Playmaker,Elite,82,2637.893333333333,781,342,704,191,11,221,0.381,0.331,0.802,0.491,0.413,0.161,0.105,111.0,104.4,6.6,3.19,0.022,0.11,0.362,0.065,21.0,-0.36728161697995537,3.317942155435233,-0.06463191177079827,1.4197568471754753
2427,Roger Mason Jr.,MIA,2013-14,Playmaker,Average,25,259.98833333333334,74,22,19,6,1,9,0.373,0.354,1.0,0.528,0.5,0.137,0.046,107.6,107.6,0.1,2.11,0.004,0.086,0.105,0.046,17.80000000000001,-0.8412766417449217,-0.6463833074402079,-1.1557664903326126,-0.7862848966013654
101179,Ronnie Price,ORL,2013-14,Playmaker,Average,31,376.90833333333336,74,43,66,25,2,26,0.304,0.209,0.692,0.379,0.353,0.15,0.053,96.5,99.3,-2.8,2.54,0.021,0.098,0.263,0.058,26.10000000000001,-1.5980232690921163,0.41415141162661295,-0.9471696884194782,-0.09163773385949492
201566,Russell Westbrook,OKC,2013-14,Playmaker,Very Good,46,1411.7033333333334,1002,263,319,88,7,177,0.437,0.318,0.826,0.545,0.48,0.33,0.161,112.1,104.6,7.5,1.8,0.041,0.136,0.38,0.092,20.80000000000001,1.3380007207392708,2.0023787563635107,0.06972184634601272,0.3003156735071562
203499,Shane Larkin,DAL,2013-14,Playmaker,Average,48,489.4383333333333,132,42,71,26,1,39,0.38,0.316,0.64,0.446,0.423,0.166,0.053,103.6,97.4,6.2,1.82,0.023,0.069,0.208,0.045,28.0,-1.0559939924512687,0.12357893481785659,-1.1154385729639875,0.02024004766979881
2733,Shaun Livingston,BKN,2013-14,Playmaker,Average,76,1974.1433333333332,629,246,245,93,31,105,0.483,0.167,0.827,0.551,0.484,0.161,0.099,105.7,104.1,1.6,2.33,0.038,0.097,0.201,0.068,21.30000000000001,-0.13384408244479043,0.7245216515602947,-0.28113729288862394,0.6243189617972078
202714,Shelvin Mack,ATL,2013-14,Playmaker,Very Good,73,1490.4016666666666,544,160,271,50,2,89,0.417,0.337,0.865,0.51,0.479,0.187,0.096,103.7,105.2,-1.5,3.04,0.015,0.096,0.288,0.055,20.200000000000003,-0.23922819227254952,1.3089294660788884,-0.6749433570446817,-0.17925624319376202
201939,Stephen Curry,GSW,2013-14,Playmaker,Elite,78,2845.858333333333,1873,334,666,128,14,294,0.471,0.424,0.885,0.61,0.566,0.275,0.164,110.6,101.0,9.6,2.27,0.016,0.097,0.372,0.058,24.400000000000006,1.9351347798838712,3.2342904185355517,-0.17503652057288255,0.9971092692393503
2581,Steve Blake,GSW,2013-14,Playmaker,Very Good,55,1498.1683333333333,378,159,307,54,8,102,0.377,0.376,0.767,0.508,0.489,0.138,0.088,99.2,104.4,-5.2,3.01,0.008,0.092,0.303,0.051,21.0,-0.7290776084934668,1.5256631537068244,-0.7285553528470683,-0.030102267382477232
201962,Toney Douglas,MIA,2013-14,Playmaker,Average,51,674.6916666666667,202,87,68,19,5,34,0.384,0.304,0.735,0.493,0.466,0.161,0.057,102.0,102.3,-0.3,2.0,0.028,0.109,0.157,0.068,23.10000000000001,-0.7733917760325456,-0.17396045922993683,-0.703024487691403,-0.29971754462865674
2225,Tony Parker,SAS,2013-14,Playmaker,Very Good,68,1996.9283333333333,1134,155,388,36,9,151,0.499,0.373,0.811,0.555,0.513,0.263,0.129,108.2,101.3,6.8,2.57,0.009,0.068,0.31,0.04,24.10000000000001,0.9998954434395255,1.8630417241606447,-0.8793050645332126,-0.0243498436155611
203100,Tony Wroten,PHI,2013-14,Playmaker,Average,72,1764.6683333333333,939,228,217,78,16,204,0.427,0.213,0.641,0.493,0.452,0.271,0.083,96.6,108.2,-11.6,1.06,0.036,0.087,0.21,0.061,17.200000000000003,0.563348013711958,0.6720491745490782,-0.41807568752736113,0.07624238997347986
203315,Toure' Murry,NYK,2013-14,Playmaker,Average,51,372.44166666666666,140,44,49,19,1,34,0.434,0.417,0.59,0.479,0.453,0.209,0.067,99.6,103.1,-3.5,1.44,0.036,0.08,0.215,0.059,22.30000000000001,-0.5467653775461123,0.08194929907083537,-0.9317766555311326,-0.3871911406805488
203504,Trey Burke,UTA,2013-14,Playmaker,Very Good,70,2262.43,895,208,396,42,6,131,0.38,0.33,0.903,0.473,0.442,0.216,0.083,105.3,111.2,-5.9,3.02,0.017,0.081,0.28,0.048,14.200000000000003,0.01464022312679436,1.7239496546918343,-0.6367587651615105,-0.5742053409849829
201951,Ty Lawson,DEN,2013-14,Playmaker,Elite,62,2221.5033333333336,1090,215,543,100,10,200,0.431,0.356,0.798,0.554,0.475,0.224,0.13,107.8,108.9,-1.2,2.72,0.017,0.076,0.369,0.046,16.5,0.6769485537326915,2.7648354258831924,-0.6436644236852141,0.20235931806325536
201936,Tyreke Evans,NOP,2013-14,Playmaker,Very Good,72,2027.8416666666667,1042,341,363,84,21,175,0.436,0.221,0.771,0.504,0.448,0.266,0.128,104.2,109.8,-5.6,2.07,0.039,0.136,0.313,0.087,15.600000000000009,0.6639168415842969,1.7879024011069398,0.21298710434850282,0.09499040753951031
203116,Tyshawn Taylor,BKN,2013-14,Playmaker,Average,23,270.19166666666666,89,15,36,12,1,31,0.341,0.25,0.8,0.427,0.357,0.222,0.027,93.0,118.2,-25.2,1.16,0.011,0.048,0.242,0.028,7.200000000000003,-0.7856895887605876,0.18578995192320302,-1.4036539179025151,-1.3469162744962215
203506,Victor Oladipo,ORL,2013-14,Playmaker,Very Good,80,2486.4933333333333,1106,329,327,129,37,256,0.419,0.327,0.78,0.514,0.458,0.24,0.097,98.6,104.1,-5.6,1.28,0.017,0.114,0.225,0.066,21.30000000000001,0.5769132015664226,1.1610800200300462,-0.08638617905376661,1.0580328115948727
101198,Will Bynum,DET,2013-14,Playmaker,Very Good,56,1054.1483333333333,485,99,216,39,7,103,0.428,0.323,0.802,0.502,0.451,0.233,0.095,101.8,107.5,-5.6,2.1,0.021,0.071,0.327,0.045,17.900000000000006,0.009225906095771638,1.3256349234120557,-0.9641959936950666,-0.37777966811368646
201985,AJ Price,CLE,2014-15,Playmaker,Average,26,323.49,133,32,46,7,0,14,0.372,0.263,0.667,0.451,0.427,0.218,0.089,94.4,104.5,-10.0,3.29,0.017,0.085,0.254,0.048,20.900000000000006,-0.6460200951610928,0.28999870516559245,-1.1037533958865993,-0.6039015050126683
201166,Aaron Brooks,CHI,2014-15,Playmaker,Very Good,82,1884.6133333333328,954,166,261,54,15,157,0.421,0.387,0.833,0.534,0.495,0.246,0.092,107.2,102.1,5.0,1.66,0.017,0.068,0.245,0.043,23.30000000000001,0.6255721803846395,1.030573459454065,-0.8118989371988536,0.17585573325288698
203144,Alexey Shved,NYK,2014-15,Playmaker,Average,42,767.24,434,99,106,30,6,48,0.397,0.338,0.807,0.541,0.467,0.251,0.131,96.0,105.1,-9.1,2.21,0.027,0.096,0.26,0.06,20.30000000000001,0.32719989963726415,0.5444861045153919,-0.7731011791248622,-0.3401381784427598
1889,Andre Miller,SAC,2014-15,Playmaker,Very Good,81,1253.2716666666668,355,153,284,32,6,104,0.5,0.206,0.753,0.548,0.512,0.152,0.105,102.6,107.4,-4.8,2.73,0.031,0.092,0.352,0.063,18.0,-0.41447583691898715,1.7162952667039884,-0.5915997726928963,-0.45455120517999253
203462,Archie Goodwin,PHX,2014-15,Playmaker,Average,41,534.8316666666667,231,74,44,18,9,48,0.393,0.293,0.735,0.486,0.423,0.225,0.065,91.7,106.3,-14.7,0.92,0.043,0.089,0.149,0.064,19.10000000000001,-0.32399035831343587,-0.3072142776453931,-0.788477026497773,-0.5046277517526888
203085,Austin Rivers,LAC,2014-15,Playmaker,Average,76,1562.99,530,152,155,48,14,65,0.409,0.298,0.675,0.481,0.449,0.174,0.064,100.4,104.0,-3.6,2.38,0.017,0.079,0.157,0.047,21.400000000000006,-0.5102990940274915,0.14617268581349246,-0.7980876201514463,-0.008063790974112342
2757,Beno Udrih,MEM,2014-15,Playmaker,Very Good,79,1494.4666666666667,605,143,220,46,8,89,0.487,0.268,0.853,0.55,0.513,0.191,0.112,100.5,101.0,-0.5,2.47,0.014,0.081,0.236,0.048,24.400000000000006,0.06274526892184504,0.8291472352239408,-0.8092283730997536,0.08677272427933636
201933,Blake Griffin,LAC,2014-15,Playmaker,Very Good,67,2355.7883333333334,1469,508,354,63,35,152,0.502,0.4,0.728,0.551,0.506,0.278,0.146,116.9,104.7,12.2,2.33,0.056,0.161,0.246,0.11,20.700000000000003,1.328417421715794,1.378402405766441,0.9491133768282511,0.3186951246304377
2564,Boris Diaw,SAS,2014-15,Playmaker,Average,81,1984.3,708,348,233,36,23,126,0.46,0.32,0.774,0.526,0.503,0.18,0.095,106.3,98.9,7.4,1.85,0.041,0.137,0.181,0.09,26.5,-0.08072256268195294,0.5680122889938908,0.2697797173482007,0.25830587254625986
201943,Brandon Jennings,DET,2014-15,Playmaker,Very Good,41,1172.8066666666666,632,104,272,44,4,90,0.401,0.36,0.839,0.522,0.471,0.25,0.127,105.0,104.2,0.8,3.02,0.016,0.071,0.384,0.042,21.200000000000003,0.354033718201787,1.8519038775532808,-0.989148063690781,-0.16243481776798604
202688,Brandon Knight,PHX,2014-15,Playmaker,Very Good,63,2035.1916666666664,1070,244,330,90,10,189,0.422,0.389,0.874,0.543,0.493,0.25,0.129,100.9,102.6,-1.7,1.75,0.014,0.104,0.272,0.059,22.80000000000001,0.7899652105430524,1.4361488007381706,-0.4011009387980773,0.4689001414920028
203148,Brian Roberts,CHA,2014-15,Playmaker,Average,72,1329.9366666666667,480,109,162,33,6,57,0.389,0.321,0.892,0.495,0.458,0.182,0.086,97.6,101.3,-3.8,2.84,0.009,0.07,0.209,0.039,24.10000000000001,-0.4077471772620387,0.4640484984855562,-1.0141001336864957,-0.08578632443971453
201228,C.J. Watson,IND,2014-15,Playmaker,Average,57,1421.9516666666666,570,163,208,57,9,100,0.434,0.4,0.826,0.581,0.518,0.18,0.113,100.9,102.1,-1.2,2.08,0.012,0.1,0.229,0.056,23.30000000000001,0.13422337588422217,0.7456673660114612,-0.6542435669890057,0.14623503804938767
101108,Chris Paul,LAC,2014-15,Playmaker,Elite,82,2857.2433333333333,1564,376,838,156,15,190,0.485,0.398,0.9,0.596,0.545,0.232,0.173,116.7,104.0,12.7,4.41,0.019,0.111,0.441,0.066,21.400000000000006,1.3174735243841411,4.254815406087022,0.03832261437850143,1.1210808703666493
202709,Cory Joseph,SAS,2014-15,Playmaker,Average,79,1443.6883333333333,535,192,188,46,17,67,0.504,0.364,0.734,0.564,0.523,0.166,0.11,103.9,97.7,6.2,2.81,0.032,0.101,0.205,0.067,27.700000000000003,-0.09070170106998927,0.5372498595266822,-0.4371593907112292,0.3717203279703473
201571,D.J. Augustin,OKC,2014-15,Playmaker,Very Good,82,1963.785,777,161,353,49,3,145,0.399,0.337,0.868,0.527,0.463,0.194,0.1,103.3,105.6,-2.3,2.43,0.009,0.071,0.286,0.039,19.80000000000001,0.0772409987090693,1.5994288478407919,-0.8761244473359012,-0.20300201214880195
203081,Damian Lillard,POR,2014-15,Playmaker,Elite,82,2924.565,1720,378,507,97,21,222,0.434,0.343,0.864,0.56,0.506,0.262,0.137,108.9,103.6,5.3,2.28,0.016,0.107,0.285,0.063,21.80000000000001,1.4437559163677403,2.1604836581459677,0.005410408631791042,0.5939671110444815
203957,Dante Exum,UTA,2014-15,Playmaker,Average,82,1817.05,393,131,198,41,14,118,0.349,0.314,0.625,0.457,0.448,0.137,0.037,102.0,99.3,2.7,1.68,0.016,0.057,0.169,0.037,26.10000000000001,-1.0171752029135135,0.37181125269304477,-0.98120511345522,0.19555364119036633
202721,Darius Morris,BKN,2014-15,Playmaker,Average,38,299.2283333333333,83,27,48,9,0,21,0.34,0.212,0.444,0.377,0.373,0.19,0.049,90.3,100.3,-10.0,2.29,0.021,0.067,0.281,0.043,25.10000000000001,-1.3101487185383753,0.4490347278530344,-1.180718560328327,-0.3364091439281336
201954,Darren Collison,SAC,2014-15,Playmaker,Very Good,45,1564.7233333333334,725,143,252,67,14,112,0.473,0.373,0.788,0.575,0.527,0.206,0.12,106.4,105.7,0.8,2.25,0.013,0.076,0.263,0.046,19.700000000000003,0.40202877675599485,1.0985739975815307,-0.8347076817091141,0.08891915726965988
203471,Dennis Schröder,ATL,2014-15,Playmaker,Very Good,77,1516.0566666666666,768,164,317,49,4,150,0.427,0.351,0.827,0.516,0.466,0.267,0.113,102.6,102.4,0.2,2.11,0.02,0.089,0.373,0.055,23.0,0.5422529507921012,1.9556958003744132,-0.6643298427100206,-0.004869587987321918
101114,Deron Williams,BKN,2014-15,Playmaker,Elite,68,2114.036666666667,884,237,448,64,17,154,0.387,0.367,0.834,0.504,0.443,0.219,0.106,105.4,105.3,0.2,2.91,0.014,0.099,0.326,0.056,20.10000000000001,0.20591265335085254,2.1737056568596165,-0.4578935517977751,0.11168933048374304
201565,Derrick Rose,CHI,2014-15,Playmaker,Very Good,51,1529.881666666667,904,161,251,36,16,161,0.405,0.28,0.813,0.493,0.45,0.305,0.106,105.9,102.2,3.7,1.56,0.022,0.075,0.289,0.05,23.200000000000003,0.7870041912897561,1.2409532929670402,-0.7359882499844179,-0.0064068031386060875
2734,Devin Harris,DAL,2014-15,Playmaker,Average,76,1685.15,665,135,237,78,14,85,0.418,0.357,0.815,0.559,0.509,0.175,0.092,107.2,103.7,3.4,2.79,0.007,0.072,0.207,0.039,21.700000000000003,0.040344317617956815,0.7287900409910918,-0.9451122905111984,0.32040349969009635
202388,Donald Sloan,IND,2014-15,Playmaker,Very Good,53,1106.74,391,143,190,23,0,65,0.408,0.313,0.779,0.503,0.466,0.181,0.114,97.3,101.5,-4.2,2.92,0.01,0.115,0.291,0.062,23.900000000000006,-0.43350962462761006,1.0277274289742404,-0.6308732128342294,-0.2618556728511696
203901,Elfrid Payton,ORL,2014-15,Playmaker,Elite,82,2488.6666666666665,731,349,533,142,20,203,0.425,0.262,0.551,0.456,0.433,0.179,0.09,102.3,105.7,-3.4,2.63,0.042,0.099,0.314,0.07,19.700000000000003,-0.47168415349726683,2.4190675792393623,0.017640009838260196,0.9267261616614902
202339,Eric Bledsoe,PHX,2014-15,Playmaker,Very Good,81,2799.5733333333333,1377,423,493,127,45,274,0.447,0.324,0.8,0.555,0.489,0.233,0.13,104.6,103.9,0.7,1.8,0.026,0.121,0.273,0.074,21.5,0.9555201719139164,2.0415561396142254,0.2649486422482118,1.1300007327527288
201569,Eric Gordon,NOP,2014-15,Playmaker,Average,61,2018.111666666667,818,159,229,50,14,122,0.411,0.448,0.805,0.544,0.512,0.196,0.076,107.5,105.6,1.8,1.88,0.014,0.065,0.177,0.04,19.80000000000001,0.21864718448145556,0.5308229103648687,-0.8686915501985515,-0.08134854517669225
203475,Erick Green,DEN,2014-15,Playmaker,Average,43,409.8883333333333,146,31,39,12,0,14,0.377,0.298,0.833,0.436,0.42,0.181,0.063,96.7,105.9,-9.3,2.79,0.015,0.06,0.165,0.035,19.5,-0.9932660384680542,-0.23573028089840872,-1.2720222804311083,-0.6343512353904125
202323,Evan Turner,BOS,2014-15,Playmaker,Very Good,82,2259.7166666666667,779,417,449,83,19,198,0.429,0.277,0.752,0.482,0.451,0.193,0.11,101.9,103.7,-1.8,2.27,0.017,0.163,0.302,0.089,21.700000000000003,-0.18592631460770806,2.042561668143941,0.4401231853164245,0.4227976343970186
201588,George Hill,IND,2014-15,Playmaker,Very Good,43,1267.128333333333,692,179,220,44,14,69,0.477,0.358,0.79,0.579,0.541,0.24,0.151,107.5,101.4,6.2,3.19,0.02,0.118,0.304,0.07,24.0,0.6499973970075029,1.2111476619983126,-0.43343434938483694,0.10325291240134622
201945,Gerald Henderson,CHA,2014-15,Playmaker,Average,80,2315.055,969,273,206,51,22,110,0.437,0.331,0.848,0.514,0.463,0.207,0.094,100.2,100.6,-0.4,1.87,0.015,0.101,0.152,0.058,24.80000000000001,0.236539889799541,0.30574867657815796,-0.33689261417646443,0.3037259050337127
201609,Goran Dragic,MIA,2014-15,Playmaker,Very Good,78,2640.023333333333,1275,274,350,78,15,173,0.501,0.347,0.774,0.577,0.546,0.211,0.111,105.6,105.7,-0.1,2.02,0.031,0.072,0.212,0.052,19.700000000000003,0.8466981719211027,1.1726834270899023,-0.410677161420881,0.21301161359416368
202349,Greivis Vasquez,TOR,2014-15,Playmaker,Very Good,82,1990.645,775,216,302,46,10,119,0.408,0.379,0.758,0.514,0.5,0.196,0.086,107.2,105.5,1.6,2.54,0.011,0.099,0.247,0.055,19.900000000000006,0.01611169434086625,1.1926761103397685,-0.5263541563594262,-0.15738838543728015
203477,Isaiah Canaan,PHI,2014-15,Playmaker,Average,47,937.955,432,87,98,29,3,62,0.386,0.37,0.817,0.534,0.507,0.211,0.085,97.1,100.8,-3.7,1.58,0.017,0.073,0.189,0.044,24.60000000000001,-0.007084434217705671,0.11619518715756255,-1.0087761910037303,-0.12820683067742858
202738,Isaiah Thomas,BOS,2014-15,Playmaker,Very Good,67,1726.055,1101,153,284,57,5,143,0.421,0.373,0.868,0.58,0.502,0.271,0.129,108.8,104.0,4.8,1.99,0.018,0.069,0.269,0.043,21.400000000000006,1.1775997902722979,1.2500300399058588,-0.8463928587865022,-0.005868700556957633
202397,Ish Smith,PHI,2014-15,Playmaker,Very Good,55,831.4566666666667,338,100,180,36,6,78,0.39,0.3,0.596,0.431,0.414,0.236,0.103,94.5,100.7,-6.2,2.31,0.016,0.1,0.388,0.056,24.700000000000003,-0.48076661105477303,1.535842889237829,-0.8214064177599181,-0.019449430595077494
200826,J.J. Barea,DAL,2014-15,Playmaker,Very Good,77,1361.685,580,134,263,33,1,70,0.42,0.323,0.809,0.502,0.47,0.209,0.102,108.0,103.0,4.9,3.76,0.017,0.081,0.295,0.049,22.400000000000006,-0.09795651493628625,1.318815508844603,-0.8203691260480607,-0.23625659203923163
2749,Jameer Nelson,DEN,2014-15,Playmaker,Very Good,63,1406.015,523,146,253,47,6,109,0.407,0.345,0.667,0.503,0.495,0.195,0.081,104.4,105.0,-0.6,2.32,0.023,0.081,0.278,0.051,20.400000000000006,-0.23583121674168808,1.1865184889276277,-0.7630492744347168,-0.15811954098650705
201935,James Harden,HOU,2014-15,Playmaker,Elite,81,2980.865,2217,459,565,154,60,321,0.44,0.375,0.868,0.605,0.511,0.308,0.184,109.2,103.5,5.7,1.76,0.025,0.126,0.34,0.075,21.900000000000006,2.3961982395010093,2.682876688262035,0.373209925564842,1.5850213621530402
101127,Jarrett Jack,BKN,2014-15,Playmaker,Very Good,80,2240.8783333333336,957,245,373,75,13,191,0.439,0.267,0.881,0.522,0.463,0.222,0.11,99.4,106.9,-7.5,1.95,0.009,0.099,0.286,0.054,18.5,0.3834336232047417,1.6730226742875574,-0.4621458317378135,0.09118698671367963
201952,Jeff Teague,ATL,2014-15,Playmaker,Elite,73,2227.8616666666667,1162,184,513,125,31,205,0.46,0.343,0.862,0.566,0.5,0.247,0.133,109.4,101.1,8.3,2.5,0.014,0.068,0.367,0.042,24.30000000000001,0.9658527987261954,2.64320937954321,-0.7768777769975589,1.1321466009716972
202391,Jeremy Lin,LAL,2014-15,Playmaker,Very Good,74,1906.7233333333331,832,196,339,82,32,166,0.424,0.369,0.795,0.539,0.473,0.215,0.098,102.1,108.7,-6.6,2.04,0.013,0.09,0.279,0.051,16.700000000000003,0.33924474773489627,1.5085895959836357,-0.6303803452514529,0.2501899282511366
201573,Jerryd Bayless,MIL,2014-15,Playmaker,Very Good,77,1717.378333333333,598,211,233,59,12,133,0.426,0.308,0.883,0.519,0.462,0.185,0.09,99.5,99.5,0.0,1.75,0.013,0.109,0.221,0.062,25.900000000000006,-0.16346928826593543,0.79271842239058,-0.4504434691449905,0.35007231106393544
202690,Jimmer Fredette,NOP,2014-15,Playmaker,Average,50,508.9633333333333,178,40,58,15,2,33,0.38,0.188,0.956,0.479,0.407,0.182,0.062,107.3,102.9,4.4,1.76,0.015,0.061,0.171,0.038,22.5,-0.717014733878424,-0.1321102257644782,-1.20992291026408,-0.40676819342082404
203925,Joe Harris,CLE,2014-15,Playmaker,Average,51,492.99,136,41,26,7,2,27,0.4,0.369,0.6,0.537,0.529,0.137,0.022,100.8,111.6,-10.7,0.96,0.014,0.073,0.083,0.042,13.800000000000011,-0.7451075821559833,-0.744213841552019,-1.1563109144616934,-1.000824769857991
204060,Joe Ingles,UTA,2014-15,Playmaker,Average,79,1672.6033333333332,396,175,182,72,10,98,0.415,0.356,0.75,0.533,0.517,0.126,0.072,100.0,102.3,-2.2,1.86,0.013,0.094,0.171,0.054,23.10000000000001,-0.6610043074304593,0.324171498205467,-0.6478823325943829,0.30002201111723853
2207,Joe Johnson,BKN,2014-15,Playmaker,Average,80,2790.873333333333,1154,384,292,59,14,137,0.435,0.359,0.801,0.523,0.494,0.203,0.101,104.6,107.0,-2.5,2.13,0.019,0.122,0.169,0.071,18.400000000000006,0.3921283397309565,0.7177022369928419,0.12324791457122505,-0.07035282380118875
101249,John Lucas III,DET,2014-15,Playmaker,Very Good,21,271.735,98,16,60,8,0,16,0.404,0.31,1.0,0.461,0.447,0.205,0.092,96.1,105.5,-9.4,3.75,0.015,0.047,0.392,0.03,19.900000000000006,-0.7092512125814556,1.116750543896906,-1.375521230709489,-0.652294817123859
202322,John Wall,WAS,2014-15,Playmaker,Elite,79,2836.5333333333333,1387,366,792,138,45,304,0.445,0.3,0.785,0.523,0.473,0.253,0.151,104.4,99.6,4.8,2.61,0.013,0.111,0.446,0.064,25.80000000000001,0.9261801440353614,4.113637871934048,-0.013690480067511945,1.4966208277870219
203903,Jordan Clarkson,LAL,2014-15,Playmaker,Very Good,59,1475.8233333333333,703,191,206,51,12,96,0.448,0.314,0.829,0.528,0.48,0.23,0.109,100.8,109.1,-8.3,2.15,0.036,0.097,0.243,0.065,16.30000000000001,0.29313086828158724,0.8169551300556257,-0.46529207790425514,-0.2968634729177843
200770,Jordan Farmar,LAC,2014-15,Playmaker,Average,36,529.44,167,42,67,20,5,32,0.386,0.361,0.909,0.513,0.497,0.166,0.064,97.1,101.1,-4.0,2.09,0.015,0.065,0.213,0.04,24.30000000000001,-0.6476788542690721,0.13694843620308972,-1.1791368444873889,-0.2188505716309415
203268,Jorge Gutierrez,MIL,2014-15,Playmaker,Average,20,174.405,53,25,22,6,0,12,0.537,0.0,0.692,0.567,0.537,0.146,0.079,92.3,99.4,-7.1,1.83,0.028,0.106,0.212,0.068,26.0,-0.5675525188312972,-0.034255326637049555,-0.8675339598786502,-0.31461402519851744
101181,Jose Calderon,NYK,2014-15,Playmaker,Very Good,42,1270.2283333333332,382,124,198,31,0,75,0.415,0.415,0.906,0.519,0.499,0.158,0.082,98.1,111.7,-13.6,2.64,0.015,0.089,0.251,0.05,13.700000000000003,-0.5168904732515557,0.8324588261562574,-0.8341632575800331,-0.7782624548496004
201950,Jrue Holiday,NOP,2014-15,Playmaker,Very Good,40,1303.003333333333,592,135,274,63,23,91,0.446,0.378,0.855,0.522,0.493,0.224,0.111,109.9,105.9,4.0,3.01,0.025,0.081,0.322,0.053,19.5,0.13485522726075064,1.5109687534330891,-0.7667571302456743,0.1267799465341642
202689,Kemba Walker,CHA,2014-15,Playmaker,Very Good,62,2118.603333333333,1075,220,318,89,31,100,0.385,0.304,0.827,0.486,0.429,0.254,0.121,99.4,104.2,-4.7,3.18,0.015,0.088,0.272,0.05,21.200000000000003,0.4969533199121914,1.3919925048701116,-0.5794389135481666,0.5769980425390092
203088,Kendall Marshall,MIL,2014-15,Playmaker,Average,28,417.45,118,28,86,21,0,35,0.455,0.391,0.889,0.562,0.545,0.155,0.093,106.3,99.6,6.7,2.46,0.006,0.063,0.301,0.037,25.80000000000001,-0.48338118070423713,0.7012160648002329,-1.2545031075727437,-0.17094451613373832
977,Kobe Bryant,LAL,2014-15,Playmaker,Very Good,35,1206.868333333333,782,199,197,47,7,128,0.373,0.293,0.813,0.477,0.411,0.337,0.118,102.1,113.9,-11.9,1.54,0.02,0.147,0.3,0.08,11.5,0.8417988684392697,1.1040441482448633,-0.2529702346647285,-0.6709186849240076
203123,Kostas Papanikolaou,HOU,2014-15,Playmaker,Average,43,795.43,182,118,85,29,13,55,0.35,0.292,0.722,0.444,0.429,0.14,0.056,99.1,102.1,-3.0,1.55,0.047,0.098,0.166,0.072,23.30000000000001,-1.2217041519439193,-0.06084682673593117,-0.5698111343790584,-0.10341326821105645
200768,Kyle Lowry,TOR,2014-15,Playmaker,Elite,70,2414.4,1244,328,473,109,13,173,0.412,0.338,0.808,0.527,0.476,0.246,0.126,109.5,105.4,4.1,2.73,0.022,0.115,0.312,0.068,20.0,0.7946826171613407,2.187050793229232,-0.06356024902807123,0.5316053391905393
202362,Lance Stephenson,CHA,2014-15,Playmaker,Very Good,61,1573.2383333333332,501,277,240,38,8,128,0.376,0.171,0.627,0.419,0.393,0.206,0.077,95.6,102.5,-6.9,1.88,0.023,0.151,0.259,0.085,22.900000000000006,-0.6514442315477509,1.0319470883738027,0.017691566384564643,-0.08425019180141298
204038,Langston Galloway,NYK,2014-15,Playmaker,Average,45,1457.4033333333334,533,190,150,52,12,61,0.399,0.352,0.808,0.489,0.46,0.187,0.082,97.3,106.6,-9.4,2.46,0.024,0.108,0.175,0.065,18.80000000000001,-0.3672290907753786,0.22889198923031118,-0.4679454564879204,-0.13961542235571597
2544,LeBron James,CLE,2014-15,Playmaker,Elite,69,2493.4216666666666,1743,416,511,109,49,272,0.488,0.354,0.71,0.577,0.535,0.318,0.171,113.8,102.8,10.9,1.88,0.022,0.147,0.366,0.086,22.60000000000001,1.9674874528436934,2.630232343563616,0.39925084381871834,1.0485961984298573
203485,Lorenzo Brown,MIN,2014-15,Playmaker,Average,29,548.6133333333333,122,70,90,28,6,30,0.426,0.214,0.632,0.468,0.451,0.133,0.076,104.3,111.5,-7.2,3.0,0.028,0.111,0.257,0.07,13.900000000000006,-1.1789955934348575,0.468758083353228,-0.7226526150043522,-0.7368908246362005
2557,Luke Ridnour,ORL,2014-15,Playmaker,Average,47,682.925,188,68,96,20,4,38,0.426,0.317,0.857,0.507,0.483,0.145,0.073,95.3,105.6,-10.3,2.53,0.012,0.088,0.22,0.05,19.80000000000001,-0.820570067269801,0.2829830578953201,-0.9827524582652887,-0.4933640733567755
1938,Manu Ginobili,SAS,2014-15,Playmaker,Very Good,70,1586.868333333333,738,211,293,67,20,154,0.426,0.345,0.721,0.544,0.502,0.231,0.113,106.1,96.4,9.8,1.9,0.018,0.113,0.29,0.067,29.0,0.417172142196825,1.4011179818401647,-0.386745197621589,0.6960424192484688
201596,Mario Chalmers,MIA,2014-15,Playmaker,Very Good,80,2368.358333333333,813,206,307,122,10,173,0.403,0.294,0.774,0.521,0.458,0.183,0.076,100.4,104.0,-3.6,1.77,0.011,0.08,0.216,0.046,21.400000000000006,-0.011628159672686295,1.0369273135690256,-0.6675448309382016,0.7182072104486809
101110,Martell Webster,WAS,2014-15,Playmaker,Average,32,351.62833333333333,106,46,17,7,1,22,0.264,0.233,0.75,0.445,0.319,0.174,0.037,89.0,108.6,-19.7,0.77,0.028,0.099,0.081,0.064,16.80000000000001,-1.0218975443634903,-0.7885663701228979,-0.8627716268404007,-0.834678208712556
203521,Matthew Dellavedova,CLE,2014-15,Playmaker,Average,67,1380.2333333333331,319,126,204,24,2,61,0.362,0.407,0.763,0.493,0.472,0.125,0.052,104.7,103.0,1.7,3.34,0.026,0.066,0.228,0.046,22.400000000000006,-0.9525547053391336,0.7253309473871908,-0.8798151176314237,-0.3193913944809665
203487,Michael Carter-Williams,MIL,2014-15,Playmaker,Elite,66,2149.943333333333,966,353,442,111,30,253,0.396,0.235,0.694,0.461,0.416,0.264,0.115,95.2,99.0,-3.7,1.75,0.029,0.134,0.374,0.08,26.400000000000006,0.3486145019352669,2.4212748690016137,0.1556500672197242,1.1003548734362127
201144,Mike Conley,MEM,2014-15,Playmaker,Very Good,70,2224.985,1107,209,375,89,14,156,0.446,0.386,0.859,0.558,0.506,0.233,0.124,106.6,101.7,4.9,2.4,0.014,0.084,0.278,0.049,23.700000000000003,0.7779625689610361,1.6354408302528962,-0.6213657322731648,0.5518878421105328
2590,Mo Williams,CHA,2014-15,Playmaker,Elite,68,1980.1666666666667,964,174,424,46,14,172,0.397,0.342,0.872,0.512,0.466,0.243,0.105,102.1,105.2,-3.1,2.47,0.011,0.078,0.358,0.043,20.200000000000003,0.48503642705204547,2.265157971840849,-0.7906719085295314,-0.09929212691013949
101126,Nate Robinson,DEN,2014-15,Playmaker,Average,42,590.9333333333333,238,50,97,20,3,30,0.345,0.277,0.674,0.432,0.406,0.225,0.063,93.6,103.7,-10.1,3.23,0.027,0.052,0.303,0.04,21.700000000000003,-0.627689270730515,0.7529279760157883,-1.1579098158180667,-0.3918476547657937
201587,Nicolas Batum,POR,2014-15,Playmaker,Very Good,71,2380.093333333333,664,416,341,78,40,132,0.4,0.324,0.857,0.516,0.483,0.143,0.098,108.6,104.1,4.5,2.58,0.026,0.141,0.2,0.085,21.30000000000001,-0.44048631408328043,1.072154365169851,0.3865111895140382,0.5599556937501814
202708,Norris Cole,NOP,2014-15,Playmaker,Very Good,75,1831.1083333333331,573,159,255,57,15,99,0.412,0.313,0.716,0.483,0.461,0.179,0.078,101.6,107.0,-5.3,2.58,0.008,0.08,0.229,0.045,18.400000000000006,-0.43125220723729507,0.9186128581613597,-0.80499327867515,-0.0809580856747401
201564,O.J. Mayo,MIL,2014-15,Playmaker,Average,71,1697.365,806,187,197,57,18,128,0.422,0.357,0.827,0.529,0.493,0.232,0.094,100.3,101.8,-1.5,1.54,0.019,0.089,0.194,0.055,23.60000000000001,0.3877677085785504,0.5085728947436372,-0.6033021352857192,0.25491861659189097
201976,Patrick Beverley,HOU,2014-15,Playmaker,Average,56,1726.6783333333333,568,237,192,59,23,83,0.383,0.356,0.75,0.509,0.492,0.161,0.071,106.3,103.6,2.7,2.31,0.038,0.099,0.171,0.068,21.80000000000001,-0.4179706877869802,0.3609684114288496,-0.30501770014161145,0.22047024739477306
203515,Phil Pressey,BOS,2014-15,Playmaker,Very Good,50,600.1483333333333,177,80,117,30,6,41,0.368,0.246,0.673,0.453,0.414,0.171,0.093,98.1,97.2,0.9,2.85,0.02,0.104,0.3,0.062,28.200000000000003,-0.946917126784788,0.8096688424578019,-0.7980360636051418,0.12402375444830989
200765,Rajon Rondo,DAL,2014-15,Playmaker,Elite,68,2018.8216666666667,608,373,538,91,7,210,0.426,0.314,0.397,0.448,0.447,0.191,0.108,101.7,102.6,-0.9,2.56,0.036,0.145,0.393,0.091,22.80000000000001,-0.518279976945632,2.881260649309515,0.34885383624451294,0.44890911242109716
201196,Ramon Sessions,WAS,2014-15,Playmaker,Very Good,64,1188.0733333333333,402,144,182,29,0,86,0.374,0.317,0.769,0.49,0.403,0.187,0.093,96.6,103.5,-6.9,2.12,0.02,0.095,0.258,0.059,21.900000000000006,-0.4559820646262822,0.8129073383432658,-0.6664387971646051,-0.3171968453203032
200751,Randy Foye,DEN,2014-15,Playmaker,Average,50,1086.48,435,85,119,34,11,60,0.368,0.357,0.818,0.51,0.485,0.19,0.066,102.0,106.5,-4.5,1.98,0.008,0.071,0.176,0.038,18.900000000000006,-0.2958719796354817,0.12043921157274214,-1.0905208739991425,-0.33036195174345345
203492,Ray McCallum,SAC,2014-15,Playmaker,Average,68,1435.7916666666667,503,180,188,45,11,85,0.438,0.306,0.679,0.496,0.474,0.175,0.083,101.5,109.6,-8.1,2.21,0.035,0.089,0.21,0.061,15.800000000000011,-0.43668659008059657,0.5653381262012684,-0.5454378595432945,-0.3985264520754798
101109,Raymond Felton,DAL,2014-15,Playmaker,Average,29,281.39,108,26,41,11,4,18,0.406,0.294,0.8,0.48,0.453,0.199,0.092,96.2,100.5,-4.3,2.28,0.007,0.08,0.237,0.043,24.900000000000006,-0.6373294278015119,0.17610014186030826,-1.1833719389119923,-0.2869674970491202
202704,Reggie Jackson,DET,2014-15,Playmaker,Elite,77,2268.2433333333333,1117,327,462,62,9,186,0.434,0.299,0.83,0.511,0.47,0.244,0.128,105.6,103.6,2.0,2.48,0.023,0.115,0.333,0.069,21.80000000000001,0.5969751594648182,2.264544908716773,-0.05347397330705622,0.10990984016669349
202130,Reggie Williams,SAS,2014-15,Playmaker,Average,20,105.065,37,17,10,1,0,2,0.385,0.158,1.0,0.454,0.423,0.176,0.061,92.1,113.7,-21.6,5.0,0.045,0.117,0.169,0.08,11.700000000000003,-1.0055580306993532,-0.3199707159065496,-0.7358851368918089,-1.2066126930979637
201937,Ricky Rubio,MIN,2014-15,Playmaker,Very Good,22,692.1266666666667,226,125,193,38,1,64,0.356,0.255,0.803,0.452,0.386,0.193,0.124,102.7,104.2,-1.4,3.02,0.026,0.152,0.422,0.087,21.200000000000003,-0.7562477599183263,1.774679089815412,-0.36014266972319703,-0.25495538740707524
201155,Rodney Stuckey,IND,2014-15,Playmaker,Average,71,1873.503333333333,896,248,219,56,10,118,0.44,0.39,0.819,0.528,0.477,0.23,0.115,100.9,101.5,-0.6,1.86,0.019,0.107,0.2,0.064,23.900000000000006,0.4323126121008336,0.6232320238445825,-0.32678915294001465,0.18124394414384945
101179,Ronnie Price,LAL,2014-15,Playmaker,Average,43,982.0733333333334,221,69,165,67,4,52,0.345,0.284,0.8,0.455,0.415,0.132,0.055,103.2,106.4,-3.3,3.17,0.018,0.052,0.244,0.035,19.0,-1.1892503018937761,0.6717054391746741,-1.1711938942518278,-0.05338375529571732
201566,Russell Westbrook,OKC,2014-15,Playmaker,Elite,67,2301.8233333333333,1886,488,574,140,14,293,0.426,0.299,0.835,0.536,0.455,0.368,0.187,111.0,106.3,4.7,1.96,0.051,0.151,0.43,0.101,19.10000000000001,2.202216868989011,3.2215827103056296,0.7813889164128229,0.8100458467367299
203894,Shabazz Napier,MIA,2014-15,Playmaker,Average,51,1011.58,261,113,130,40,4,81,0.382,0.364,0.786,0.517,0.476,0.154,0.075,99.7,101.9,-2.2,1.6,0.018,0.102,0.216,0.06,23.5,-0.6448664946504771,0.3856219495151523,-0.7359538789535484,-0.06874451690737804
203499,Shane Larkin,NYK,2014-15,Playmaker,Average,76,1864.575,470,176,226,93,9,83,0.433,0.302,0.782,0.504,0.473,0.134,0.078,96.0,106.7,-10.7,2.72,0.015,0.084,0.201,0.049,18.700000000000003,-0.7148839798441718,0.6546075164358676,-0.708927225534119,0.24897259860090507
2733,Shaun Livingston,GSW,2014-15,Playmaker,Very Good,78,1468.2283333333332,461,183,259,49,20,102,0.5,0.0,0.714,0.529,0.5,0.159,0.1,101.4,100.4,1.0,2.54,0.03,0.088,0.267,0.061,25.0,-0.3954238635567034,1.1468024501775675,-0.5374777237922986,0.27451918616084364
202714,Shelvin Mack,ATL,2014-15,Playmaker,Very Good,55,832.7683333333333,299,79,155,30,2,49,0.401,0.315,0.806,0.489,0.469,0.19,0.101,102.4,100.1,2.3,3.16,0.01,0.086,0.298,0.048,25.30000000000001,-0.5140164946015532,0.9382618060368216,-0.9790446024543313,-0.08683465920753708
203915,Spencer Dinwiddie,DET,2014-15,Playmaker,Very Good,34,455.26166666666666,145,48,104,19,6,33,0.302,0.185,0.912,0.394,0.337,0.208,0.074,95.2,103.1,-7.9,3.15,0.008,0.1,0.394,0.05,22.30000000000001,-1.0364706921707498,1.2898922687496244,-1.0358200299385942,-0.33660382066518607
201939,Stephen Curry,GSW,2014-15,Playmaker,Elite,80,2613.2,1900,341,619,163,16,249,0.487,0.443,0.914,0.638,0.594,0.277,0.178,114.7,98.5,16.3,2.49,0.022,0.1,0.358,0.063,26.900000000000006,2.1293377788406933,2.982697779696811,-0.09276459896382419,1.5268785877101694
2581,Steve Blake,POR,2014-15,Playmaker,Very Good,81,1529.1816666666666,350,137,288,41,5,104,0.373,0.352,0.707,0.507,0.491,0.129,0.07,103.1,99.9,3.2,2.77,0.01,0.073,0.264,0.043,25.5,-0.8208716533628534,1.2366605385206255,-0.8888469161251467,0.06924366013301153
2225,Tony Parker,SAS,2014-15,Playmaker,Very Good,68,1952.615,976,129,335,44,2,146,0.486,0.427,0.783,0.539,0.508,0.242,0.102,107.9,103.1,4.7,2.29,0.008,0.059,0.278,0.035,22.30000000000001,0.6407432096376887,1.4882531773593655,-1.0119911792319112,-0.11803960321967777
203100,Tony Wroten,PHI,2014-15,Playmaker,Very Good,30,894.57,507,86,157,48,8,113,0.403,0.261,0.667,0.494,0.446,0.3,0.097,95.5,108.2,-12.7,1.39,0.023,0.073,0.338,0.047,17.200000000000003,0.4698231912833804,1.1703273220781876,-0.9732106066733546,-0.3155382102004584
203504,Trey Burke,UTA,2014-15,Playmaker,Very Good,76,2287.8416666666667,973,204,328,65,15,124,0.368,0.318,0.752,0.455,0.43,0.232,0.085,103.6,105.3,-1.7,2.65,0.014,0.077,0.245,0.045,20.10000000000001,0.08510190118293237,1.277112778050729,-0.6855912424102125,0.1018157654159099
201951,Ty Lawson,DEN,2014-15,Playmaker,Elite,75,2665.411666666667,1143,234,720,92,9,185,0.436,0.341,0.73,0.526,0.474,0.203,0.125,107.3,107.6,-0.3,3.89,0.015,0.072,0.408,0.042,17.80000000000001,0.4013483100899145,3.6352292699988373,-0.644208847814295,0.18573202811804132
203898,Tyler Ennis,MIL,2014-15,Playmaker,Average,33,411.42333333333335,121,35,73,18,5,42,0.361,0.279,0.714,0.411,0.403,0.199,0.053,96.0,103.4,-7.3,1.74,0.016,0.073,0.278,0.043,22.0,-1.0224644896669723,0.5241740509067394,-1.1594915316590049,-0.3747090501214219
201936,Tyreke Evans,NOP,2014-15,Playmaker,Elite,79,2689.8166666666666,1313,416,521,100,37,246,0.447,0.304,0.694,0.508,0.477,0.255,0.118,109.2,106.0,3.2,2.12,0.03,0.127,0.316,0.078,19.400000000000006,0.8016930441791817,2.386146590041138,0.29733360938127606,0.6459194037897712
203897,Zach LaVine,MIN,2014-15,Playmaker,Very Good,77,1901.7216666666664,778,214,276,54,10,193,0.422,0.341,0.842,0.515,0.465,0.218,0.079,98.2,112.4,-14.2,1.43,0.014,0.103,0.25,0.058,13.0,0.1850432827540036,1.113857095963725,-0.4934419506127158,-0.47990473977235265
201166,Aaron Brooks,CHI,2015-16,Playmaker,Very Good,69,1107.71,491,101,180,30,10,82,0.401,0.357,0.766,0.494,0.471,0.225,0.073,102.3,102.3,0.0,2.2,0.018,0.068,0.265,0.043,23.10000000000001,-0.09075134644929583,0.84487152904301,-0.9843685451370967,-0.13515523229186274
1889,Andre Miller,SAS,2015-16,Playmaker,Average,39,461.19,144,51,87,16,0,37,0.557,0.25,0.75,0.6,0.566,0.156,0.096,109.7,107.0,2.8,2.35,0.031,0.087,0.276,0.061,18.400000000000006,-0.2400444507177153,0.5644544227496406,-0.8877236968361152,-0.6575359261916174
203462,Archie Goodwin,PHX,2015-16,Playmaker,Average,57,1113.7783333333334,505,142,118,27,13,100,0.417,0.232,0.674,0.498,0.444,0.227,0.072,101.7,110.6,-9.0,1.18,0.023,0.104,0.174,0.062,14.800000000000011,-0.043144152466437956,0.10552421358056939,-0.6335265914178947,-0.623550732008452
1626253,Axel Toupane,DEN,2015-16,Playmaker,Average,21,305.425,76,31,15,7,6,6,0.357,0.325,0.765,0.49,0.45,0.122,0.029,108.2,110.4,-2.2,2.5,0.028,0.076,0.068,0.053,15.0,-1.1669079505444155,-0.8689552461214983,-1.042708502946863,-0.8898493037862987
2757,Beno Udrih,MEM,2015-16,Playmaker,Average,44,707.6533333333333,205,72,116,14,1,53,0.434,0.341,0.9,0.496,0.472,0.167,0.077,100.0,101.7,-1.7,2.19,0.012,0.091,0.256,0.052,23.700000000000003,-0.7101528282436739,0.5588124043991057,-0.9466596353212671,-0.35674141030280526
2564,Boris Diaw,SAS,2015-16,Playmaker,Average,76,1385.53,485,233,176,26,21,97,0.527,0.362,0.737,0.582,0.56,0.164,0.099,106.6,96.4,10.2,1.81,0.045,0.124,0.182,0.086,29.0,-0.03848446013762282,0.3638875369555268,-0.08631743699202743,0.2813440027807519
201943,Brandon Jennings,ORL,2015-16,Playmaker,Very Good,48,867.505,332,96,170,29,7,57,0.368,0.329,0.731,0.491,0.452,0.192,0.095,103.2,102.9,0.3,2.98,0.017,0.092,0.298,0.053,22.5,-0.4641425433214314,0.9934571758718956,-0.8702388950086202,-0.21112179226909436
202688,Brandon Knight,PHX,2015-16,Playmaker,Very Good,52,1870.3866666666668,1018,202,263,61,20,177,0.415,0.342,0.852,0.522,0.482,0.258,0.101,102.0,107.4,-5.5,1.49,0.018,0.09,0.234,0.053,18.0,0.6909610623549871,0.9761386554146521,-0.5889807651401007,-0.012427183925931081
203148,Brian Roberts,POR,2015-16,Playmaker,Average,51,470.14666666666665,205,41,54,10,2,23,0.448,0.357,0.894,0.552,0.494,0.188,0.097,98.8,105.7,-7.0,2.35,0.012,0.075,0.205,0.042,19.700000000000003,-0.23624067754839725,0.04417122233335441,-1.1563109144616934,-0.6230880982509908
1626166,Cameron Payne,OKC,2015-16,Playmaker,Average,57,697.6133333333333,283,85,108,36,6,44,0.41,0.324,0.792,0.49,0.475,0.199,0.089,104.1,105.9,-1.8,2.45,0.012,0.108,0.241,0.059,19.5,-0.4539530027272279,0.44511007379664114,-0.8229881336008564,-0.32497374085249103
203142,Chris Copeland,MIL,2015-16,Playmaker,Average,24,155.93,50,10,11,2,0,6,0.333,0.278,0.857,0.462,0.431,0.169,0.026,90.7,116.4,-25.7,1.83,0.006,0.064,0.12,0.033,9.0,-1.001686179416949,-0.5915560379951555,-1.3532225392974397,-1.3548889527933088
101108,Chris Paul,LAC,2015-16,Playmaker,Elite,74,2420.238333333333,1446,310,738,152,13,194,0.462,0.371,0.896,0.575,0.517,0.265,0.184,112.3,101.3,11.0,3.8,0.017,0.105,0.493,0.063,24.10000000000001,1.3538855983119442,4.178964247268891,-0.1750193350574478,1.2180381132409135
202709,Cory Joseph,TOR,2015-16,Playmaker,Average,80,2046.4016666666664,677,210,250,63,20,102,0.439,0.273,0.764,0.512,0.465,0.166,0.089,107.1,100.9,6.2,2.45,0.019,0.08,0.199,0.05,24.5,-0.2856104353016173,0.7316848015021515,-0.6059726993848193,0.3902009297724594
1626156,D'Angelo Russell,LAL,2015-16,Playmaker,Very Good,80,2259.08,1054,274,266,93,13,196,0.41,0.351,0.737,0.507,0.478,0.238,0.088,98.4,110.1,-11.7,1.36,0.019,0.101,0.213,0.058,15.300000000000011,0.4847497395710156,0.869207009348405,-0.33423923559279917,0.08967655944488699
201571,D.J. Augustin,DEN,2015-16,Playmaker,Very Good,62,1177.6233333333332,467,95,198,38,4,84,0.423,0.405,0.805,0.575,0.52,0.18,0.098,105.1,106.1,-1.0,2.36,0.007,0.072,0.257,0.04,19.30000000000001,0.025639818703063644,0.8661647461657609,-1.0385077795531292,-0.336236877991912
203081,Damian Lillard,POR,2015-16,Playmaker,Elite,75,2675.7616666666668,1879,302,512,65,28,242,0.419,0.375,0.892,0.56,0.497,0.304,0.143,109.4,107.8,1.6,2.12,0.016,0.093,0.33,0.054,17.60000000000001,1.865878843211198,2.4316765148289345,-0.31090325246889267,0.0864561098320963
201954,Darren Collison,SAC,2015-16,Playmaker,Very Good,74,2218.846666666667,1035,169,318,77,4,130,0.486,0.401,0.858,0.591,0.542,0.19,0.106,105.9,107.5,-1.6,2.45,0.012,0.062,0.219,0.037,17.900000000000006,0.5999378117966131,1.0942568781194983,-0.8803767272759395,-0.014400268467050448
1626153,Delon Wright,TOR,2015-16,Playmaker,Average,27,229.275,103,37,31,8,3,16,0.45,0.385,0.743,0.54,0.481,0.218,0.124,102.8,99.6,3.3,1.94,0.035,0.12,0.226,0.079,25.80000000000001,-0.15879384108314412,0.07750904195283609,-0.6955572195231837,-0.275289842322576
203471,Dennis Schröder,ATL,2015-16,Playmaker,Very Good,80,1620.9583333333333,879,204,349,70,9,183,0.421,0.322,0.791,0.51,0.471,0.286,0.121,103.4,95.9,7.5,1.91,0.016,0.106,0.368,0.062,29.5,0.7270844242184434,2.0453576560146516,-0.4690171192306475,0.645211741554358
101114,Deron Williams,DAL,2015-16,Playmaker,Very Good,65,2106.0216666666665,918,190,378,61,14,150,0.414,0.344,0.869,0.53,0.477,0.218,0.1,104.9,104.8,0.1,2.52,0.009,0.079,0.295,0.045,20.60000000000001,0.3717671762314522,1.7419800109135037,-0.7227385425815265,0.07963018718434094
201565,Derrick Rose,CHI,2015-16,Playmaker,Very Good,66,2097.423333333333,1080,225,311,44,14,175,0.427,0.293,0.793,0.479,0.448,0.266,0.094,103.1,106.9,-3.8,1.78,0.021,0.078,0.25,0.05,18.5,0.548382095924761,1.2426462922455643,-0.5661720206298402,-0.21989780037091786
202388,Donald Sloan,BKN,2015-16,Playmaker,Very Good,61,1317.8033333333333,424,173,268,32,4,80,0.44,0.384,0.75,0.536,0.494,0.163,0.099,103.4,107.9,-4.5,3.35,0.013,0.119,0.293,0.067,17.5,-0.35280169235444814,1.3259786587864597,-0.4875735838008695,-0.504163470710889
203110,Draymond Green,GSW,2015-16,Playmaker,Elite,81,2807.998333333333,1131,769,598,119,113,259,0.49,0.388,0.696,0.587,0.551,0.184,0.136,117.0,99.1,18.0,2.31,0.05,0.198,0.277,0.131,26.30000000000001,0.6023750720440549,2.4503943417994125,1.9091779275631748,2.017119821692778
2548,Dwyane Wade,MIA,2015-16,Playmaker,Very Good,74,2257.995,1409,302,344,79,42,203,0.456,0.159,0.793,0.517,0.459,0.31,0.131,105.1,105.5,-0.4,1.69,0.038,0.096,0.267,0.068,19.900000000000006,1.3250076809847349,1.4595762125763203,-0.13254809220336844,0.5082954396253344
203901,Elfrid Payton,ORL,2015-16,Playmaker,Elite,73,2144.92,778,261,467,89,20,177,0.436,0.326,0.589,0.478,0.456,0.198,0.091,103.7,105.1,-1.4,2.64,0.034,0.087,0.317,0.06,20.30000000000001,-0.17291519802801972,2.1930609119697886,-0.3432538485710873,0.4128267309606597
1626144,Emmanuel Mudiay,DEN,2015-16,Playmaker,Very Good,68,2067.8866666666668,872,232,372,65,35,217,0.364,0.319,0.67,0.437,0.404,0.25,0.068,104.7,107.9,-3.1,1.71,0.015,0.097,0.281,0.055,17.5,0.04111888459238348,1.641254716290633,-0.48390009902078174,0.15140289034865323
202339,Eric Bledsoe,PHX,2015-16,Playmaker,Very Good,31,1058.7716666666668,632,125,190,63,19,110,0.453,0.372,0.802,0.557,0.502,0.27,0.139,103.1,104.8,-1.7,1.73,0.016,0.1,0.298,0.058,20.60000000000001,0.7005571265786618,1.067051002318661,-0.7295926445589255,0.15094023307632742
202323,Evan Turner,BOS,2015-16,Playmaker,Very Good,81,2270.6983333333333,854,397,359,80,28,169,0.456,0.241,0.827,0.513,0.469,0.184,0.12,102.5,100.5,2.0,2.12,0.02,0.145,0.247,0.082,24.900000000000006,-0.02048086102900006,1.4024185157130495,0.297878033510357,0.670785681768144
201609,Goran Dragic,MIA,2015-16,Playmaker,Very Good,72,2362.62,1018,277,419,71,17,185,0.477,0.312,0.727,0.537,0.513,0.211,0.107,106.1,102.5,3.6,2.26,0.024,0.091,0.276,0.058,22.900000000000006,0.43266144836969844,1.7861119417659455,-0.32627909984180337,0.34873196119053357
202349,Greivis Vasquez,MIL,2015-16,Playmaker,Very Good,23,459.9116666666667,130,47,91,10,0,40,0.326,0.247,0.846,0.435,0.391,0.184,0.061,99.2,108.9,-9.7,2.28,0.011,0.093,0.32,0.052,16.5,-0.9885605113849083,0.8263499347753516,-1.012994099912899,-0.8313379864155442
203546,Ian Clark,GSW,2015-16,Playmaker,Average,66,578.18,236,68,64,17,13,43,0.441,0.357,0.824,0.544,0.515,0.193,0.074,102.2,109.8,-7.6,1.49,0.023,0.09,0.171,0.058,15.600000000000009,-0.22302293996441666,-0.11003207783044863,-0.8808352238278463,-0.6801606213519696
202738,Isaiah Thomas,BOS,2015-16,Playmaker,Elite,82,2644.403333333333,1823,243,509,91,9,220,0.428,0.359,0.871,0.562,0.488,0.289,0.142,108.1,103.2,5.0,2.31,0.016,0.071,0.312,0.043,22.200000000000003,1.727122344475738,2.3195196808334098,-0.6075887862566273,0.43389123539754015
202397,Ish Smith,PHI,2015-16,Playmaker,Elite,77,2238.81,972,305,502,88,24,175,0.411,0.329,0.693,0.465,0.44,0.235,0.109,101.7,108.9,-7.3,2.87,0.018,0.114,0.37,0.065,16.5,0.1635175604699861,2.619585735002241,-0.16280691936641353,0.21966745884652747
200826,J.J. Barea,DAL,2015-16,Playmaker,Very Good,74,1666.9083333333333,808,152,302,26,2,113,0.446,0.385,0.771,0.536,0.516,0.229,0.105,105.0,107.0,-2.0,2.67,0.015,0.075,0.301,0.045,18.400000000000006,0.4072713136669683,1.4960293904252988,-0.823566928760807,-0.533687368802353
2749,Jameer Nelson,DEN,2015-16,Playmaker,Very Good,39,1035.655,299,115,190,25,5,66,0.368,0.299,0.857,0.464,0.438,0.163,0.07,102.5,109.5,-7.1,2.88,0.017,0.097,0.287,0.055,15.900000000000006,-0.8546079154030517,1.0052568156345716,-0.7943453933096192,-0.6605830273552037
201935,James Harden,HOU,2015-16,Playmaker,Elite,82,3124.635,2376,501,612,139,51,374,0.439,0.359,0.86,0.598,0.512,0.319,0.174,108.6,106.9,1.6,1.64,0.019,0.14,0.354,0.079,18.5,2.5513634689319553,2.934469327100775,0.5356104432975048,1.1387778468823992
101127,Jarrett Jack,BKN,2015-16,Playmaker,Very Good,32,1026.6533333333334,411,136,236,34,7,94,0.391,0.304,0.893,0.505,0.434,0.209,0.106,101.8,107.7,-6.0,2.51,0.009,0.125,0.34,0.066,17.700000000000003,-0.2026780757868667,1.4722582432127451,-0.5984882457011651,-0.4413374178151468
1891,Jason Terry,HOU,2015-16,Playmaker,Average,72,1257.7016666666666,422,79,103,47,9,49,0.402,0.356,0.818,0.54,0.525,0.146,0.062,106.1,106.9,-0.8,2.1,0.011,0.052,0.125,0.031,18.5,-0.45582204050131536,-0.22493616966544877,-1.1956187256338964,-0.2394010315713447
201952,Jeff Teague,ATL,2015-16,Playmaker,Elite,79,2254.701666666667,1239,214,470,97,24,218,0.439,0.401,0.837,0.551,0.495,0.259,0.119,103.2,102.1,1.1,2.16,0.014,0.074,0.341,0.045,23.30000000000001,1.0234640082009976,2.338923665974817,-0.6590574565735597,0.712451515627953
202391,Jeremy Lin,CHA,2015-16,Playmaker,Average,78,2047.555,914,253,235,58,42,150,0.412,0.336,0.815,0.534,0.464,0.217,0.092,103.5,101.2,2.2,1.57,0.02,0.097,0.192,0.059,24.200000000000003,0.38443224325058784,0.6371658583226569,-0.3772205315450898,0.5433519206336447
1626170,Jerian Grant,NYK,2015-16,Playmaker,Average,76,1264.7733333333333,426,143,177,50,10,87,0.394,0.22,0.78,0.479,0.422,0.185,0.082,97.3,103.9,-6.5,2.03,0.017,0.091,0.236,0.054,21.5,-0.5162083526223356,0.6709205083633953,-0.7327904472716718,-0.021935453604828643
201573,Jerryd Bayless,MIL,2015-16,Playmaker,Average,52,1504.8183333333334,541,141,163,47,11,73,0.423,0.437,0.778,0.568,0.539,0.164,0.08,103.1,109.1,-6.0,2.23,0.015,0.081,0.168,0.048,16.30000000000001,-0.07814562679813268,0.23740440307628818,-0.814535130267084,-0.34842638867410464
202710,Jimmy Butler III,CHI,2015-16,Playmaker,Very Good,67,2473.625,1399,358,321,110,43,132,0.454,0.312,0.832,0.562,0.485,0.242,0.141,104.2,104.5,-0.3,2.43,0.031,0.103,0.218,0.068,20.900000000000006,1.077292540408514,1.0996782987515958,0.016041108481887112,0.8983698297655796
2207,Joe Johnson,MIA,2015-16,Playmaker,Very Good,81,2703.3,992,292,318,61,4,159,0.439,0.383,0.831,0.538,0.509,0.178,0.081,105.6,106.5,-0.9,2.0,0.019,0.092,0.172,0.056,18.900000000000006,0.17805320422475066,0.8302271713783884,-0.31195772969618485,-0.12142740043053883
1626202,Joe Young,IND,2015-16,Playmaker,Average,41,383.5133333333333,154,50,65,15,0,33,0.367,0.217,0.8,0.428,0.396,0.233,0.079,97.8,102.1,-4.4,1.97,0.015,0.106,0.261,0.061,23.30000000000001,-0.6525720692894044,0.3992364136344403,-0.8903770754197805,-0.37999938138736633
203098,John Jenkins,PHX,2015-16,Playmaker,Average,43,480.3033333333333,178,57,35,8,1,27,0.444,0.314,0.833,0.522,0.494,0.167,0.075,98.7,105.6,-6.9,1.3,0.015,0.094,0.111,0.054,19.80000000000001,-0.5809679081327982,-0.5538023262732922,-0.9609810054668857,-0.6480528206257363
202322,John Wall,WAS,2015-16,Playmaker,Elite,77,2784.015,1531,379,789,145,59,318,0.424,0.351,0.791,0.51,0.467,0.28,0.144,105.8,104.1,1.7,2.48,0.015,0.122,0.449,0.068,21.30000000000001,1.153350635304686,4.119451757971785,0.07176205873885794,1.446398826675459
101181,Jose Calderon,NYK,2015-16,Playmaker,Very Good,72,2023.8383333333331,544,229,298,63,7,87,0.459,0.414,0.875,0.571,0.552,0.124,0.088,105.5,107.2,-1.7,3.43,0.011,0.098,0.213,0.056,18.200000000000003,-0.3516488539688282,0.9869571316632295,-0.4791205804670973,-0.11148055507934936
201177,Josh McRoberts,MIA,2015-16,Playmaker,Average,42,594.6933333333334,150,105,81,18,7,30,0.372,0.245,0.7,0.453,0.412,0.148,0.072,102.6,102.0,0.6,2.7,0.039,0.139,0.204,0.091,23.400000000000006,-1.1347592354206322,0.13790523470157035,-0.3622516241777814,-0.2722175770459729
201950,Jrue Holiday,NOP,2015-16,Playmaker,Elite,65,1830.881666666667,1089,195,391,88,22,167,0.439,0.336,0.843,0.529,0.485,0.283,0.129,106.7,106.1,0.6,2.34,0.014,0.094,0.365,0.053,19.30000000000001,0.9651974415325904,2.1830517315481073,-0.6075544152257577,0.36394562097899025
202689,Kemba Walker,CHA,2015-16,Playmaker,Very Good,81,2885.15,1689,357,421,126,39,171,0.427,0.371,0.847,0.554,0.495,0.261,0.135,107.4,103.6,3.8,2.46,0.019,0.102,0.253,0.06,21.80000000000001,1.3797746002050708,1.6642652977075256,-0.0885295045392207,1.0765609883108331
203088,Kendall Marshall,PHI,2015-16,Playmaker,Average,30,399.64666666666665,111,28,73,16,2,43,0.364,0.327,0.692,0.449,0.432,0.179,0.049,98.0,111.1,-13.1,1.7,0.005,0.067,0.266,0.034,14.300000000000011,-0.9588192445729707,0.4567622108877326,-1.2927220704867846,-0.8781951658884325
200768,Kyle Lowry,TOR,2015-16,Playmaker,Elite,77,2851.155,1634,365,494,158,34,225,0.427,0.388,0.811,0.578,0.516,0.256,0.145,110.8,104.4,6.4,2.2,0.02,0.111,0.293,0.066,21.0,1.4407298675013385,2.1575888976349082,0.009135449958183384,1.3105335422818498
202681,Kyrie Irving,CLE,2015-16,Playmaker,Very Good,53,1667.3733333333332,1041,157,250,56,18,124,0.448,0.321,0.885,0.54,0.496,0.285,0.122,111.6,105.8,5.8,2.02,0.026,0.071,0.253,0.048,19.60000000000001,1.0081161551677011,1.0350380815876818,-0.7720810729284396,0.009538553455568777
203934,Lamar Patterson,ATL,2015-16,Playmaker,Average,35,394.9,84,50,39,9,2,23,0.35,0.245,0.727,0.468,0.425,0.123,0.037,106.3,102.1,4.2,1.7,0.01,0.122,0.134,0.065,23.30000000000001,-1.2796040734830676,-0.40987753428084284,-0.8394184582010593,-0.42193263101109296
2544,LeBron James,CLE,2015-16,Playmaker,Elite,76,2708.5783333333334,1920,565,514,104,49,249,0.52,0.309,0.731,0.588,0.551,0.305,0.189,114.0,102.6,11.4,2.06,0.042,0.167,0.339,0.106,22.80000000000001,2.0628574451475643,2.4895947774878664,1.0493973388784505,1.0085403187481983
1626273,Marcelo Huertas,LAL,2015-16,Playmaker,Very Good,53,868.8166666666667,237,90,182,26,7,80,0.422,0.262,0.931,0.488,0.457,0.161,0.08,102.9,101.1,1.7,2.28,0.02,0.082,0.327,0.051,24.30000000000001,-0.77673924443571,1.2005254184525547,-0.9116384751199724,-0.13644746599492483
201596,Mario Chalmers,MIA,2015-16,Playmaker,Very Good,61,1372.7666666666669,628,157,230,88,13,110,0.41,0.309,0.832,0.561,0.462,0.214,0.116,104.0,101.7,2.3,2.09,0.018,0.097,0.27,0.058,23.700000000000003,0.3105956800591843,1.0569443618345096,-0.6446845298816366,0.5314090151691483
203900,Markel Brown,BKN,2015-16,Playmaker,Average,62,982.3516666666668,363,122,91,38,15,54,0.394,0.314,0.755,0.5,0.453,0.183,0.065,102.5,113.5,-11.0,1.69,0.023,0.106,0.142,0.063,11.900000000000006,-0.45621343919442287,-0.17359235883991517,-0.67385450878652,-0.6597293693244336
203521,Matthew Dellavedova,CLE,2015-16,Playmaker,Very Good,76,1867.3333333333333,569,162,337,44,9,116,0.405,0.41,0.864,0.527,0.501,0.155,0.077,110.0,99.7,10.3,2.91,0.018,0.068,0.265,0.043,25.700000000000003,-0.3582567795949645,1.422583066650118,-0.8225124515335147,0.15254853997013815
203487,Michael Carter-Williams,MIL,2015-16,Playmaker,Very Good,54,1649.3033333333333,623,276,281,80,41,153,0.452,0.273,0.654,0.497,0.466,0.206,0.099,102.3,105.9,-3.6,1.84,0.03,0.138,0.264,0.085,19.5,-0.11749623807881844,1.2109026992642578,0.015038187800899369,0.4850374685407725
201144,Mike Conley,MEM,2015-16,Playmaker,Very Good,56,1760.5116666666668,857,164,342,67,16,84,0.422,0.363,0.834,0.538,0.478,0.225,0.129,105.7,104.5,1.2,4.07,0.015,0.082,0.324,0.048,20.900000000000006,0.4247607554683545,1.772423070021926,-0.7535074228427827,0.17965969533520817
2590,Mo Williams,CLE,2015-16,Playmaker,Average,41,747.7783333333333,338,72,98,14,5,57,0.437,0.353,0.905,0.527,0.497,0.222,0.094,98.8,102.3,-3.5,1.72,0.008,0.087,0.231,0.047,23.10000000000001,-0.03436988450836257,0.3521366272240862,-1.0103579068446684,-0.35152435932021636
201587,Nicolas Batum,CHA,2015-16,Playmaker,Very Good,70,2447.56,1046,428,403,65,43,205,0.426,0.348,0.849,0.546,0.506,0.209,0.116,107.5,103.5,4.0,1.97,0.022,0.148,0.262,0.086,21.900000000000006,0.4896704801519581,1.648589733919692,0.43109138682270165,0.490863172591045
203917,Nik Stauskas,PHI,2015-16,Playmaker,Average,73,1809.05,617,183,138,44,20,94,0.385,0.326,0.771,0.517,0.483,0.163,0.062,96.5,107.5,-11.0,1.47,0.012,0.089,0.119,0.049,17.900000000000006,-0.3222531363841166,-0.12985289339311282,-0.6903535754484621,-0.19444582138218391
202708,Norris Cole,NOP,2015-16,Playmaker,Average,45,1198.3133333333333,477,151,167,37,5,75,0.405,0.324,0.8,0.465,0.439,0.212,0.078,102.7,107.2,-4.5,2.23,0.008,0.122,0.219,0.063,18.200000000000003,-0.36182224820423753,0.5386234884464198,-0.5969065298602269,-0.4011109194816047
201564,O.J. Mayo,MIL,2015-16,Playmaker,Average,41,1089.6766666666667,321,105,118,48,8,72,0.371,0.321,0.775,0.474,0.452,0.165,0.047,101.3,103.5,-2.2,1.64,0.012,0.082,0.156,0.048,21.900000000000006,-0.7669263127510998,0.004406453552059333,-0.9100567592790341,-0.03939123746779619
201976,Patrick Beverley,HOU,2015-16,Playmaker,Average,71,2040.6483333333333,700,250,239,94,26,91,0.434,0.4,0.682,0.553,0.539,0.153,0.076,108.9,105.4,3.5,2.63,0.035,0.087,0.175,0.061,20.0,-0.1297712924032272,0.556384516918417,-0.35970135868672504,0.507711927155803
201988,Patty Mills,SAS,2015-16,Playmaker,Average,81,1662.06,690,158,226,59,6,76,0.425,0.384,0.81,0.541,0.525,0.189,0.097,108.5,96.4,12.1,2.97,0.017,0.078,0.197,0.048,29.0,0.0579441381650029,0.6321369030961986,-0.7694276943447744,0.4715070196989579
203515,Phil Pressey,POR,2015-16,Playmaker,Very Good,23,283.4433333333333,77,31,75,18,4,33,0.385,0.222,0.52,0.433,0.41,0.174,0.08,95.8,102.2,-6.4,2.27,0.009,0.095,0.395,0.05,23.200000000000003,-1.1114212978138562,1.1887988737367319,-1.080927465860904,-0.3143209040650912
200765,Rajon Rondo,SAC,2015-16,Playmaker,Elite,72,2536.688333333333,859,435,839,141,10,278,0.454,0.365,0.58,0.506,0.494,0.186,0.13,104.9,107.7,-2.8,3.02,0.03,0.136,0.473,0.083,17.700000000000003,-0.04225690565981477,4.438260004126712,0.4114460739943178,0.6976808085934479
201196,Ramon Sessions,WAS,2015-16,Playmaker,Very Good,82,1667.035,810,203,239,46,5,115,0.473,0.324,0.756,0.565,0.503,0.214,0.116,101.8,103.2,-1.4,2.08,0.015,0.108,0.228,0.061,22.200000000000003,0.46471493043996254,0.8541201436690302,-0.4844101521189931,-0.07283995283878704
203526,Raul Neto,UTA,2015-16,Playmaker,Average,81,1498.6016666666667,476,120,174,62,2,109,0.431,0.395,0.743,0.53,0.507,0.172,0.07,103.2,99.9,3.3,1.6,0.012,0.071,0.19,0.042,25.5,-0.2837228265421405,0.40146938099018814,-0.9466940063521366,0.25647988982834463
203492,Ray McCallum,SAS,2015-16,Playmaker,Average,41,474.38166666666666,137,47,60,12,7,24,0.377,0.357,0.8,0.449,0.428,0.164,0.065,104.5,102.4,2.1,2.5,0.016,0.083,0.185,0.049,23.0,-1.0498766033136924,-0.04610369643096057,-1.0512130628269398,-0.3578876246956459
101109,Raymond Felton,DAL,2015-16,Playmaker,Very Good,80,2191.995,763,258,284,68,15,121,0.406,0.282,0.847,0.502,0.45,0.179,0.086,104.2,105.8,-1.6,2.35,0.017,0.099,0.205,0.058,19.60000000000001,-0.18560072236425182,0.8905002264711559,-0.3766932929314436,0.10352251670609443
202704,Reggie Jackson,DET,2015-16,Playmaker,Elite,79,2424.2116666666666,1489,253,492,59,11,223,0.434,0.353,0.864,0.535,0.482,0.283,0.13,107.3,104.8,2.5,2.21,0.022,0.083,0.344,0.051,20.60000000000001,1.287962231430413,2.4367298350710103,-0.47913776598253216,0.02855506929849949
201937,Ricky Rubio,MIN,2015-16,Playmaker,Elite,76,2322.62,766,326,658,162,10,193,0.374,0.326,0.847,0.529,0.427,0.173,0.126,107.5,107.0,0.5,3.41,0.018,0.124,0.402,0.072,18.400000000000006,-0.07298669048565402,3.3733824880043626,-0.01790838897668076,0.9563977028326506
201155,Rodney Stuckey,IND,2015-16,Playmaker,Average,58,1275.4633333333334,517,156,142,43,8,76,0.413,0.241,0.829,0.504,0.436,0.202,0.096,100.9,101.2,-0.3,1.87,0.015,0.103,0.179,0.06,24.200000000000003,-0.1831971996789803,0.22192507199127398,-0.6218585998559414,0.04393770045449985
201566,Russell Westbrook,OKC,2015-16,Playmaker,Elite,80,2749.468333333333,1878,626,834,163,20,342,0.454,0.296,0.812,0.554,0.489,0.311,0.188,114.8,103.5,11.3,2.44,0.054,0.16,0.468,0.109,21.900000000000006,1.8820958515144144,4.391773280840434,1.2494723953960736,1.2735750684749467
2756,Sasha Vujacic,NYK,2015-16,Playmaker,Average,61,908.3916666666668,296,149,84,34,5,44,0.383,0.364,0.821,0.503,0.477,0.159,0.078,102.5,103.9,-1.4,1.91,0.026,0.132,0.146,0.078,21.5,-0.6630693785551195,-0.17687958475661408,-0.411118472457353,-0.23830458063318227
203894,Shabazz Napier,ORL,2015-16,Playmaker,Average,55,599.865,203,55,97,23,1,46,0.338,0.327,0.733,0.46,0.423,0.196,0.071,99.1,103.7,-4.6,2.11,0.015,0.077,0.253,0.045,21.700000000000003,-0.705132449533952,0.47204530926992694,-1.0809446513763388,-0.38099849395700297
203499,Shane Larkin,BKN,2015-16,Playmaker,Very Good,78,1750.6516666666666,566,180,342,95,12,146,0.442,0.361,0.776,0.515,0.481,0.172,0.094,100.2,109.9,-9.7,2.34,0.016,0.092,0.3,0.052,15.5,-0.30458246572722286,1.637599389983912,-0.6600947482854171,0.11203275632833813
2733,Shaun Livingston,GSW,2015-16,Playmaker,Very Good,78,1519.5333333333333,488,169,237,57,27,78,0.536,0.167,0.86,0.581,0.538,0.14,0.095,109.0,102.1,6.8,3.04,0.028,0.078,0.222,0.054,23.30000000000001,-0.21773011908920148,0.8130548410148503,-0.6638026040963745,0.32834939010469305
202714,Shelvin Mack,UTA,2015-16,Playmaker,Very Good,52,1057.9366666666667,448,128,187,34,3,95,0.439,0.312,0.738,0.507,0.486,0.229,0.101,105.2,100.3,4.9,1.97,0.013,0.111,0.292,0.063,25.10000000000001,-0.018150851621829518,1.0223060083421427,-0.6579342372845283,-0.047022678461117594
201603,Sonny Weems,PHX,2015-16,Playmaker,Average,43,498.355,107,53,49,10,1,41,0.382,0.366,0.533,0.459,0.45,0.129,0.031,96.9,105.0,-8.1,1.2,0.012,0.098,0.148,0.051,20.400000000000006,-1.2705525814909706,-0.294433474368619,-1.0098134827155876,-0.5920772897194113
2581,Steve Blake,DET,2015-16,Playmaker,Very Good,58,986.4,254,89,200,24,5,81,0.388,0.344,0.8,0.51,0.496,0.143,0.078,99.0,102.3,-3.3,2.47,0.008,0.083,0.311,0.043,23.10000000000001,-0.7704625932981625,1.1768774088959677,-1.01620908814108,-0.24791072993709704
204456,T.J. McConnell,PHI,2015-16,Playmaker,Very Good,81,1605.9416666666666,493,250,367,95,10,140,0.47,0.348,0.634,0.511,0.503,0.167,0.116,98.4,106.5,-8.1,2.62,0.026,0.134,0.36,0.078,18.900000000000006,-0.41669889287374623,2.0666508731374025,-0.14312723550715997,0.29156372349050214
1626179,Terry Rozier,BOS,2015-16,Playmaker,Average,39,311.325,72,63,37,6,1,19,0.274,0.222,0.8,0.326,0.302,0.168,0.044,92.8,100.3,-7.5,1.95,0.062,0.118,0.199,0.088,25.10000000000001,-1.7707263085338834,-0.05208945015589944,-0.5119124876057639,-0.35737576873999694
204025,Tim Frazier,NOP,2015-16,Playmaker,Very Good,51,741.255,261,110,162,33,2,65,0.419,0.333,0.716,0.499,0.454,0.192,0.1,102.8,104.6,-1.8,2.49,0.035,0.111,0.339,0.073,20.80000000000001,-0.4696038278519574,1.194343432024796,-0.5782985087437004,-0.32014660811536294
201962,Toney Douglas,NOP,2015-16,Playmaker,Average,61,1262.2883333333334,531,143,157,70,5,64,0.411,0.399,0.848,0.543,0.502,0.189,0.085,104.4,109.5,-5.1,2.45,0.019,0.099,0.188,0.056,15.900000000000006,-0.04528346957109259,0.3276793218406031,-0.7073111386623112,-0.1943216951311666
2225,Tony Parker,SAS,2015-16,Playmaker,Very Good,72,1980.4416666666664,857,176,379,54,11,131,0.493,0.415,0.76,0.546,0.512,0.211,0.112,107.8,97.1,10.7,2.89,0.009,0.08,0.294,0.046,28.30000000000001,0.36801429618821224,1.7400420489009245,-0.7471461884481599,0.42915925248810977
203504,Trey Burke,UTA,2015-16,Playmaker,Average,64,1365.7916666666667,679,112,148,35,6,80,0.413,0.344,0.817,0.507,0.483,0.242,0.099,102.3,102.6,-0.4,1.85,0.013,0.07,0.201,0.041,22.80000000000001,0.24360081843864187,0.36759159329348273,-0.9806606893261391,-0.1414446761274438
201951,Ty Lawson,IND,2015-16,Playmaker,Very Good,66,1411.1916666666666,373,120,237,53,7,95,0.393,0.333,0.686,0.476,0.444,0.145,0.068,99.9,105.6,-5.7,2.49,0.017,0.064,0.251,0.04,19.80000000000001,-0.8644011371840105,0.9759667877274498,-0.9721733149614973,-0.12108670438326409
203898,Tyler Ennis,MIL,2015-16,Playmaker,Average,46,654.4783333333334,206,75,95,25,1,46,0.449,0.333,0.735,0.51,0.484,0.168,0.075,98.3,104.1,-5.8,2.07,0.02,0.097,0.225,0.059,21.30000000000001,-0.622065690411587,0.307391633247568,-0.8495219194375092,-0.3837776381001796
201936,Tyreke Evans,NOP,2015-16,Playmaker,Very Good,25,765.335,379,129,164,32,8,73,0.433,0.388,0.796,0.534,0.486,0.254,0.131,105.6,105.9,-0.3,2.25,0.026,0.142,0.366,0.084,19.5,0.2694754011684315,1.3533794547122375,-0.3877481183025767,-0.34618426459959367
1626145,Tyus Jones,MIN,2015-16,Playmaker,Average,37,572.72,156,47,108,31,3,33,0.359,0.302,0.718,0.45,0.41,0.151,0.077,98.6,109.3,-10.7,3.27,0.012,0.073,0.278,0.041,16.10000000000001,-1.1256235042451046,0.6529632471885788,-1.1531302972643822,-0.6068988427215765
201166,Aaron Brooks,IND,2016-17,Playmaker,Average,65,893.7316666666667,322,69,125,25,9,66,0.403,0.375,0.8,0.507,0.483,0.186,0.062,101.8,103.4,-1.6,1.89,0.019,0.056,0.216,0.037,22.0,-0.42379634578333,0.3672234929034609,-1.1457145856424673,-0.2617096535409483
201143,Al Horford,BOS,2016-17,Playmaker,Very Good,68,2193.2616666666668,952,465,337,52,86,115,0.473,0.355,0.8,0.553,0.527,0.196,0.125,112.1,107.2,4.8,2.93,0.044,0.162,0.239,0.105,18.200000000000003,0.3667389671532216,1.27652407994227,0.7713198262072426,0.5738241088419488
101187,Alan Anderson,LAC,2016-17,Playmaker,Average,30,308.36833333333334,86,24,11,3,0,7,0.375,0.318,0.75,0.494,0.463,0.137,0.023,101.9,112.2,-10.3,1.57,0.01,0.067,0.052,0.039,13.200000000000003,-1.027019085451982,-0.9735564647695272,-1.239637313298044,-1.0977579546470861
1626150,Andrew Harrison,MEM,2016-17,Playmaker,Average,72,1473.8733333333332,425,136,198,53,21,85,0.325,0.276,0.763,0.477,0.385,0.162,0.053,102.8,102.9,0.0,2.33,0.015,0.079,0.209,0.046,22.5,-0.696735661438974,0.5965173860897338,-0.853281331794771,0.17919541429340746
203085,Austin Rivers,LAC,2016-17,Playmaker,Average,74,2053.6983333333333,889,161,204,48,10,115,0.442,0.371,0.691,0.545,0.518,0.198,0.068,108.0,108.1,-0.1,1.77,0.01,0.068,0.155,0.039,17.30000000000001,0.29020725896382854,0.31524225393823313,-0.8761244473359012,-0.2894278146893626
2757,Beno Udrih,DET,2016-17,Playmaker,Very Good,39,560.18,227,57,131,13,0,36,0.467,0.344,0.941,0.535,0.495,0.195,0.13,103.8,97.2,6.6,3.64,0.011,0.089,0.364,0.051,28.200000000000003,-0.2663301420442634,1.2207143344052405,-0.9991999683809265,-0.11282419952142815
201628,Bobby Brown,HOU,2016-17,Playmaker,Average,25,123.03,62,6,14,1,0,5,0.383,0.4,1.0,0.509,0.5,0.219,0.069,99.6,115.4,-15.7,2.8,0.0,0.044,0.175,0.023,10.0,-0.35828408749855756,-0.2715460306076932,-1.4912325966789037,-1.3064956406821182
2564,Boris Diaw,UTA,2016-17,Playmaker,Average,73,1282.6933333333334,338,158,170,18,9,87,0.446,0.247,0.743,0.494,0.477,0.154,0.071,104.9,104.8,0.0,1.95,0.039,0.09,0.207,0.065,20.60000000000001,-0.7208413595683322,0.4822507223944279,-0.5528535711652093,-0.41649573917843496
201943,Brandon Jennings,WAS,2016-17,Playmaker,Very Good,81,1801.48,577,196,395,70,4,128,0.359,0.313,0.75,0.479,0.433,0.172,0.089,106.6,108.6,-2.0,3.09,0.015,0.089,0.308,0.052,16.80000000000001,-0.5024811307711382,1.8775642567471782,-0.6176406909467727,-0.15155995158968646
202688,Brandon Knight,PHX,2016-17,Playmaker,Average,54,1139.7883333333334,595,118,130,27,5,88,0.398,0.324,0.857,0.502,0.441,0.248,0.088,99.0,112.6,-13.6,1.48,0.02,0.082,0.194,0.05,12.800000000000011,0.19835951954850115,0.2620335761469733,-0.8500835290820248,-0.8219997941320374
203148,Brian Roberts,CHA,2016-17,Playmaker,Average,41,416.27166666666665,142,39,52,9,1,26,0.377,0.386,0.846,0.51,0.447,0.181,0.077,97.1,104.8,-7.7,2.0,0.012,0.084,0.214,0.048,20.60000000000001,-0.5730529552043678,0.08737071970293292,-1.0851797458009425,-0.5906877176478226
1627362,Briante Weber,CHA,2016-17,Playmaker,Average,20,204.97166666666664,62,26,21,12,1,8,0.417,0.1,0.688,0.462,0.425,0.167,0.072,100.0,112.9,-12.9,2.63,0.037,0.107,0.168,0.068,12.5,-1.0076733563651545,-0.28511176469574584,-0.8648805812949849,-1.0355164967338581
1627854,Bryn Forbes,SAS,2016-17,Playmaker,Average,36,284.895,94,23,23,1,0,11,0.364,0.321,0.833,0.462,0.449,0.172,0.048,92.1,101.7,-9.7,2.09,0.006,0.072,0.146,0.038,23.700000000000003,-0.9479941802288726,-0.4013407554192484,-1.2550303461863899,-0.5015565925039329
201228,C.J. Watson,ORL,2016-17,Playmaker,Average,62,1012.5,281,89,114,43,2,47,0.387,0.305,0.864,0.507,0.452,0.139,0.063,98.5,107.0,-8.5,2.43,0.015,0.075,0.174,0.043,18.400000000000006,-0.797426109007179,0.09080544829121633,-1.01620908814108,-0.35754419885105
203912,C.J. Wilcox,ORL,2016-17,Playmaker,Average,22,107.73,21,12,12,2,1,6,0.258,0.2,1.0,0.329,0.306,0.143,0.022,95.5,104.1,-8.6,2.0,0.03,0.081,0.174,0.052,21.30000000000001,-1.9733643470516231,-0.284523066587287,-1.1058623503411837,-0.6220889856813541
1626166,Cameron Payne,CHI,2016-17,Playmaker,Average,31,462.06,160,48,55,14,4,29,0.332,0.314,0.625,0.407,0.402,0.212,0.041,97.1,103.2,-6.1,1.9,0.006,0.098,0.195,0.05,22.200000000000003,-0.9220435593043392,-0.008325619693479558,-1.0358200299385942,-0.4145210308678415
1627747,Caris LeVert,BKN,2016-17,Playmaker,Average,57,1236.8666666666666,468,188,110,49,8,59,0.45,0.321,0.72,0.556,0.528,0.161,0.086,104.7,107.9,-3.2,1.86,0.018,0.124,0.132,0.071,17.5,-0.2213613794365744,-0.15985475706466026,-0.3968142878271693,-0.2875504447472959
202718,Chandler Parsons,MEM,2016-17,Playmaker,Average,34,674.675,210,84,55,20,5,24,0.338,0.269,0.814,0.436,0.394,0.181,0.056,103.5,108.1,-4.5,2.29,0.009,0.128,0.122,0.067,17.30000000000001,-0.9471125068388738,-0.4184143131424373,-0.7237242777470791,-0.6301332969774595
101108,Chris Paul,LAC,2016-17,Playmaker,Elite,61,1920.8233333333333,1104,304,563,119,8,147,0.476,0.411,0.892,0.614,0.555,0.239,0.182,117.3,102.8,14.4,3.83,0.022,0.132,0.444,0.08,22.60000000000001,1.139904041896118,3.2597532524487502,0.0256345166201256,0.7373938036870031
202709,Cory Joseph,TOR,2016-17,Playmaker,Very Good,80,2002.7233333333331,740,235,265,66,13,108,0.452,0.356,0.77,0.518,0.489,0.179,0.089,108.8,107.8,1.1,2.45,0.025,0.092,0.2,0.058,17.60000000000001,-0.11070656855229699,0.7924978246721428,-0.437721000355745,-0.0549444872756796
1626156,D'Angelo Russell,LAL,2016-17,Playmaker,Very Good,63,1810.5783333333331,984,221,303,87,16,176,0.405,0.352,0.782,0.518,0.483,0.264,0.099,105.2,114.3,-9.1,1.72,0.016,0.108,0.269,0.06,11.100000000000009,0.6874947462527179,1.3199441750302858,-0.4493889919176984,-0.18890886138367802
201571,D.J. Augustin,ORL,2016-17,Playmaker,Very Good,78,1538.255,616,117,209,31,1,90,0.377,0.347,0.814,0.524,0.469,0.194,0.08,95.5,110.1,-14.6,2.32,0.009,0.067,0.237,0.037,15.300000000000011,-0.056016587903310384,0.7942882840131372,-1.018352413626534,-0.6741375107673234
204014,Damjan Rudez,ORL,2016-17,Playmaker,Average,45,313.56,82,25,20,12,1,9,0.352,0.313,0.0,0.466,0.466,0.134,0.036,95.0,107.2,-12.2,2.22,0.014,0.071,0.101,0.04,18.200000000000003,-1.2119561410439057,-0.6651742294575385,-1.2242442804096987,-0.7006148489516932
203957,Dante Exum,UTA,2016-17,Playmaker,Average,66,1227.7616666666668,412,132,111,21,12,80,0.427,0.295,0.795,0.521,0.488,0.176,0.054,102.7,102.1,0.6,1.39,0.026,0.082,0.144,0.055,23.30000000000001,-0.3520522557371371,-0.08876322572331534,-0.7492379573873095,-0.19642163572062443
201954,Darren Collison,SAC,2016-17,Playmaker,Very Good,68,2063.32,900,152,312,67,9,114,0.476,0.417,0.86,0.57,0.527,0.195,0.1,107.6,111.2,-3.6,2.74,0.012,0.066,0.243,0.039,14.200000000000003,0.41911685608393956,1.207002410223482,-0.9000048545888887,-0.28481887551796686
2561,David West,GSW,2016-17,Playmaker,Average,68,854.08,316,203,151,42,48,78,0.536,0.375,0.768,0.571,0.542,0.191,0.123,107.1,98.6,8.5,1.94,0.063,0.169,0.26,0.121,26.80000000000001,-0.025598512087108467,0.710072214020614,0.2799691061618247,0.5910370527677961
1627749,Dejounte Murray,SAS,2016-17,Playmaker,Average,38,321.4816666666667,130,42,48,8,6,38,0.431,0.391,0.7,0.503,0.47,0.23,0.075,100.2,100.5,-0.3,1.26,0.02,0.106,0.236,0.066,24.900000000000006,-0.26302587465027777,0.19624032778175887,-0.8479058325657012,-0.29781665785791095
203471,Dennis Schröder,ATL,2016-17,Playmaker,Elite,79,2484.8233333333333,1414,248,499,74,16,258,0.451,0.34,0.855,0.533,0.493,0.272,0.117,105.3,106.8,-1.5,1.93,0.017,0.079,0.34,0.048,18.60000000000001,1.1419156864395965,2.440017060987709,-0.5306236218148994,0.11705348328953606
101114,Deron Williams,CLE,2016-17,Playmaker,Very Good,64,1657.3266666666666,701,147,360,31,8,138,0.438,0.363,0.826,0.541,0.509,0.219,0.1,105.1,107.5,-2.4,2.61,0.009,0.086,0.35,0.046,17.900000000000006,0.2854912383439207,1.9847165005318623,-0.824094167374453,-0.45055310761710937
201565,Derrick Rose,NYK,2016-17,Playmaker,Very Good,64,2081.825,1154,246,283,44,17,147,0.471,0.217,0.874,0.53,0.477,0.254,0.112,108.8,113.0,-4.2,1.93,0.03,0.082,0.216,0.056,12.400000000000006,0.8054956784302368,0.9486147218329072,-0.43401314454478757,-0.5479489261636655
2734,Devin Harris,DAL,2016-17,Playmaker,Average,65,1087.16,437,127,136,43,7,57,0.399,0.328,0.829,0.549,0.484,0.191,0.095,105.2,102.5,2.7,2.39,0.01,0.111,0.197,0.06,22.900000000000006,-0.0641252878073273,0.30096468408575455,-0.6988065787822344,-0.04256084111292583
203079,Dion Waiters,MIA,2016-17,Playmaker,Average,46,1384.225,729,153,200,42,20,103,0.424,0.395,0.646,0.507,0.488,0.26,0.1,108.1,105.5,2.6,1.94,0.013,0.095,0.234,0.054,19.900000000000006,0.41142694218203046,0.7443181021073413,-0.706256661435019,-0.09765919715980265
202734,E'Twaun Moore,NOP,2016-17,Playmaker,Average,73,1819.6833333333332,700,152,164,50,32,62,0.457,0.37,0.77,0.537,0.519,0.171,0.073,104.4,107.4,-3.0,2.65,0.017,0.062,0.138,0.04,18.0,-0.08948319448632697,0.0725544943511096,-0.8872652002842084,-0.004992608210492115
203901,Elfrid Payton,ORL,2016-17,Playmaker,Elite,82,2412.1716666666666,1046,387,529,88,40,178,0.471,0.274,0.692,0.52,0.493,0.211,0.117,106.6,109.2,-2.6,2.97,0.035,0.12,0.329,0.077,16.200000000000003,0.3556555030136989,2.488613613973768,0.2076459761503027,0.36392048038083713
1626144,Emmanuel Mudiay,DEN,2016-17,Playmaker,Average,55,1405.5616666666667,603,178,217,41,13,123,0.377,0.315,0.784,0.483,0.428,0.222,0.074,108.6,113.3,-4.7,1.76,0.02,0.104,0.222,0.062,12.100000000000009,-0.0948370105195649,0.7394610145680849,-0.5380049624059446,-0.6371292735057421
202339,Eric Bledsoe,PHX,2016-17,Playmaker,Very Good,66,2176.248333333333,1390,320,418,91,31,224,0.434,0.335,0.847,0.563,0.485,0.275,0.141,107.9,111.6,-3.8,1.87,0.023,0.124,0.309,0.072,13.800000000000011,1.3180956443489023,1.9678148104958755,-0.03382866047867242,0.16293617304931465
202323,Evan Turner,POR,2016-17,Playmaker,Average,65,1658.56,586,247,205,53,24,100,0.426,0.263,0.825,0.491,0.454,0.182,0.088,103.3,108.8,-5.5,2.05,0.021,0.125,0.196,0.073,16.60000000000001,-0.354175535311507,0.5492457319921779,-0.21478564278155737,-0.13710477648943956
202066,Garrett Temple,SAC,2016-17,Playmaker,Average,65,1728.381666666667,506,184,168,84,28,78,0.424,0.373,0.784,0.545,0.519,0.139,0.071,105.3,110.6,-5.3,2.15,0.019,0.09,0.146,0.055,14.800000000000011,-0.41790122367551286,0.13221448631980037,-0.611262271036715,0.11880891552141608
201609,Goran Dragic,MIA,2016-17,Playmaker,Very Good,73,2459.438333333333,1483,279,423,89,13,212,0.475,0.405,0.79,0.575,0.527,0.262,0.13,108.4,107.3,1.1,2.0,0.025,0.087,0.283,0.056,18.10000000000001,1.3586066625920488,1.8401542803997188,-0.34645165128383343,0.2127441978302462
1627785,Isaiah Whitehead,BKN,2016-17,Playmaker,Average,73,1643.4716666666666,543,184,192,42,36,142,0.402,0.295,0.805,0.487,0.445,0.18,0.052,104.0,107.0,-3.1,1.35,0.019,0.084,0.173,0.053,18.400000000000006,-0.42269604831383706,0.37220371809868397,-0.6367415796460757,-0.02391178568489613
202397,Ish Smith,DET,2016-17,Playmaker,Very Good,81,1955.215,758,235,418,61,33,112,0.439,0.267,0.706,0.477,0.458,0.201,0.107,105.4,104.6,0.8,3.73,0.01,0.109,0.319,0.058,20.80000000000001,-0.1710942666716977,2.0239913438450476,-0.437721000355745,0.2836129382526196
200826,J.J. Barea,DAL,2016-17,Playmaker,Very Good,35,770.775,381,84,193,14,1,63,0.414,0.358,0.863,0.521,0.491,0.254,0.134,102.8,103.7,-0.9,3.06,0.012,0.102,0.421,0.057,21.700000000000003,0.19658972839837538,1.7690614364804949,-0.8511208207938822,-0.4742507604018104
2749,Jameer Nelson,DEN,2016-17,Playmaker,Very Good,75,2044.8116666666667,687,192,385,54,8,128,0.444,0.388,0.714,0.544,0.531,0.156,0.075,112.5,109.6,2.9,3.01,0.013,0.08,0.258,0.046,15.800000000000011,-0.1686426081455593,1.559884676777934,-0.7046921311095155,-0.3356265776398899
201935,James Harden,HOU,2016-17,Playmaker,Elite,81,2946.72,2356,659,907,121,38,464,0.44,0.347,0.847,0.613,0.525,0.333,0.19,115.6,108.9,6.7,1.95,0.031,0.185,0.505,0.109,16.5,2.7251902822371914,4.8682439207630654,1.3370338886570274,0.7032369318538367
201952,Jeff Teague,IND,2016-17,Playmaker,Elite,82,2657.025,1254,330,639,100,32,216,0.442,0.357,0.867,0.574,0.492,0.219,0.131,109.0,107.9,1.1,2.96,0.013,0.111,0.359,0.063,17.5,0.872965292262262,3.061909259478494,-0.12195176338414224,0.4836982011803534
202391,Jeremy Lin,BKN,2016-17,Playmaker,Very Good,36,882.5883333333334,523,135,184,42,14,86,0.438,0.372,0.816,0.566,0.51,0.255,0.131,103.3,108.1,-4.7,2.14,0.012,0.128,0.338,0.071,17.30000000000001,0.5636024878808074,1.2696789877813208,-0.537443352761429,-0.31112613630694413
1626170,Jerian Grant,CHI,2016-17,Playmaker,Average,63,1028.43,370,111,121,47,8,44,0.425,0.366,0.89,0.555,0.507,0.159,0.084,107.5,104.8,2.7,2.75,0.016,0.09,0.172,0.052,20.60000000000001,-0.3123924750750078,0.10532798087774974,-0.8431778705583213,-0.12613367797046132
204060,Joe Ingles,UTA,2016-17,Playmaker,Average,82,1972.1583333333333,581,261,225,96,8,107,0.452,0.441,0.735,0.604,0.589,0.135,0.09,108.5,104.4,4.0,2.1,0.013,0.123,0.168,0.07,21.0,-0.05576234610302847,0.46554526506126076,-0.2158573055242842,0.4050749760266241
1626202,Joe Young,IND,2016-17,Playmaker,Average,33,135.16333333333333,68,17,15,4,0,5,0.361,0.217,0.733,0.433,0.396,0.251,0.087,87.1,106.2,-19.1,3.0,0.006,0.0,0.203,0.0,19.200000000000003,-0.5542345192451514,-0.11057204590767239,-1.7550574812662325,-0.7348685414117586
202322,John Wall,WAS,2016-17,Playmaker,Elite,78,2835.483333333333,1805,326,831,157,49,322,0.451,0.327,0.801,0.541,0.482,0.299,0.153,113.0,108.8,4.2,2.58,0.021,0.094,0.45,0.058,16.60000000000001,1.6672782240943516,4.279616446844909,-0.19626354924220477,1.1934135691718148
101181,Jose Calderon,ATL,2016-17,Playmaker,Average,41,538.7983333333333,141,74,88,11,1,41,0.41,0.313,0.917,0.506,0.485,0.14,0.077,96.1,106.1,-10.0,2.15,0.025,0.111,0.251,0.066,19.30000000000001,-0.8967840135842468,0.42769278069904804,-0.7629977178884123,-0.6463460693355518
201177,Josh McRoberts,MIA,2016-17,Playmaker,Average,22,381.2133333333333,107,74,50,10,4,23,0.373,0.419,0.667,0.439,0.428,0.171,0.071,100.9,110.1,-9.2,2.17,0.058,0.139,0.2,0.097,15.300000000000011,-1.0774430588402462,0.0013641903694152635,-0.36806843444332316,-0.8613737404626565
201950,Jrue Holiday,NOP,2016-17,Playmaker,Elite,67,2189.903333333333,1029,264,488,100,44,194,0.454,0.356,0.708,0.532,0.51,0.232,0.121,104.3,103.7,0.7,2.52,0.02,0.092,0.355,0.057,21.700000000000003,0.5657365289566983,2.4838052564657467,-0.37351267573413227,0.8518774044251347
1627770,Kay Felder,CLE,2016-17,Playmaker,Average,42,385.75,166,41,58,18,7,30,0.392,0.318,0.714,0.462,0.415,0.243,0.079,98.4,104.9,-6.5,1.93,0.008,0.092,0.261,0.052,20.5,-0.3763172305780173,0.3734785743780724,-1.0289143714148907,-0.4426061346895307
202689,Kemba Walker,CHA,2016-17,Playmaker,Very Good,79,2739.3083333333334,1830,308,434,85,22,168,0.444,0.399,0.847,0.569,0.527,0.286,0.137,110.9,107.4,3.5,2.58,0.016,0.095,0.282,0.055,18.0,1.750231694222685,1.8750132316105226,-0.2822433266622207,0.2564804545997004
1627739,Kris Dunn,MIN,2016-17,Playmaker,Average,78,1333.0,293,166,188,78,36,89,0.377,0.288,0.61,0.432,0.411,0.139,0.051,105.5,108.9,-3.4,2.11,0.018,0.112,0.2,0.064,16.5,-1.2175875370197922,0.5091615928520963,-0.5443661968005674,0.23746339750027834
200768,Kyle Lowry,TOR,2016-17,Playmaker,Very Good,60,2244.025,1344,286,417,88,19,173,0.464,0.412,0.819,0.623,0.569,0.243,0.147,114.1,106.4,7.7,2.41,0.022,0.109,0.293,0.065,19.0,1.3937195395860673,1.8742526658148613,-0.2132211124560538,0.3159668264549212
2544,LeBron James,CLE,2016-17,Playmaker,Elite,74,2794.575,1954,639,646,92,44,303,0.548,0.363,0.674,0.619,0.594,0.292,0.183,116.7,108.5,8.3,2.13,0.036,0.189,0.388,0.114,16.900000000000006,2.169453864268975,3.250579045447462,1.3476645885071235,0.486964060681027
1627763,Malcolm Brogdon,MIL,2016-17,Playmaker,Very Good,75,1982.39,767,213,317,84,12,113,0.457,0.404,0.865,0.555,0.518,0.182,0.098,110.1,107.5,2.6,2.81,0.025,0.086,0.239,0.056,17.900000000000006,0.14227473829203377,1.2029302534955044,-0.5215746378057418,0.13906898412571334
1627098,Malcolm Delaney,ATL,2016-17,Playmaker,Average,73,1247.55,391,123,193,39,1,95,0.374,0.236,0.806,0.456,0.407,0.181,0.064,101.9,100.5,1.4,2.03,0.008,0.09,0.241,0.048,24.900000000000006,-0.7022338261486095,0.7578838361953939,-0.8622959447730592,-0.02720172678560358
201188,Marc Gasol,MEM,2016-17,Playmaker,Very Good,74,2531.0333333333333,1446,464,338,67,99,166,0.459,0.388,0.837,0.554,0.503,0.262,0.151,107.7,106.7,1.0,2.04,0.024,0.167,0.246,0.094,18.700000000000003,1.211855891864866,1.3195273446090288,0.6285302502720941,0.8901489224813219
1626273,Marcelo Huertas,LAL,2016-17,Playmaker,Average,23,236.56166666666667,63,24,52,10,2,19,0.368,0.211,0.529,0.417,0.397,0.17,0.066,102.2,109.9,-7.7,2.74,0.008,0.102,0.311,0.051,15.5,-1.2422798903562844,0.6322830931899042,-1.0867614616418806,-0.8698577334589017
203935,Marcus Smart,BOS,2016-17,Playmaker,Very Good,79,2399.2883333333334,835,305,364,125,34,159,0.359,0.283,0.812,0.486,0.422,0.183,0.082,108.3,105.3,3.0,2.29,0.032,0.092,0.226,0.062,20.10000000000001,-0.19587665026526183,1.3028462522914792,-0.20102588228045445,0.915729357773004
201977,Marcus Thornton,WAS,2016-17,Playmaker,Average,33,574.6716666666666,219,76,41,19,3,25,0.4,0.35,0.852,0.494,0.467,0.183,0.069,102.8,115.0,-12.2,1.64,0.037,0.104,0.108,0.068,10.400000000000006,-0.594364102575525,-0.5485771383440142,-0.7322116521117211,-1.0661368457634843
1626209,Mario Hezonja,ORL,2016-17,Playmaker,Average,65,960.2833333333332,317,146,62,30,15,58,0.355,0.299,0.8,0.45,0.42,0.187,0.059,95.1,109.2,-14.2,1.07,0.019,0.133,0.11,0.073,16.200000000000003,-0.7459811719242652,-0.4600683139050762,-0.4827768797317503,-0.4899751701180682
203521,Matthew Dellavedova,MIL,2016-17,Playmaker,Very Good,76,1986.0016666666668,577,147,357,53,0,133,0.39,0.367,0.854,0.501,0.463,0.158,0.066,107.0,108.1,-1.1,2.68,0.012,0.063,0.259,0.038,17.30000000000001,-0.47918208321523775,1.4624709730873797,-0.9260114018118953,-0.33879564002852813
1897,Metta World Peace,LAL,2016-17,Playmaker,Average,25,160.33,57,20,11,10,2,7,0.279,0.237,0.625,0.38,0.346,0.221,0.029,91.8,108.4,-16.7,1.57,0.028,0.098,0.113,0.06,17.0,-1.0848110381605156,-0.630879611339576,-0.9827180872344192,-0.7817257208846479
203487,Michael Carter-Williams,CHI,2016-17,Playmaker,Average,45,846.4516666666667,297,153,113,38,23,66,0.366,0.234,0.753,0.437,0.391,0.203,0.07,104.0,105.1,-1.1,1.71,0.026,0.152,0.203,0.087,20.30000000000001,-0.7176044081624373,0.2500377036814778,-0.2858480693805693,-0.08525038688403148
201144,Mike Conley,MEM,2016-17,Playmaker,Elite,69,2291.863333333333,1415,241,433,92,19,156,0.46,0.408,0.859,0.604,0.545,0.256,0.16,109.6,106.2,3.4,2.78,0.014,0.095,0.329,0.054,19.200000000000003,1.4314541927246738,2.135363247029294,-0.47275934607247455,0.3691632132180696
101145,Monta Ellis,IND,2016-17,Playmaker,Average,74,1997.7083333333333,630,204,236,78,27,135,0.443,0.319,0.727,0.514,0.482,0.166,0.069,106.5,108.5,-2.0,1.75,0.01,0.092,0.171,0.052,16.900000000000006,-0.30806936268664753,0.5228748296117334,-0.5964136622774504,0.169908091492427
201587,Nicolas Batum,CHA,2016-17,Playmaker,Very Good,77,2617.248333333333,1164,481,456,86,29,194,0.403,0.333,0.856,0.529,0.472,0.215,0.118,109.1,108.2,1.0,2.35,0.017,0.164,0.273,0.09,17.200000000000003,0.5214908310355235,1.9054075606877094,0.6226790689756825,0.2906603255199181
1627852,Nicolas Brussino,DAL,2016-17,Playmaker,Average,54,521.3783333333333,150,95,47,17,8,26,0.369,0.305,0.773,0.498,0.472,0.148,0.072,101.1,111.1,-9.9,1.81,0.048,0.148,0.144,0.094,14.300000000000011,-0.8774701063047816,-0.32426347035296443,-0.35056644710039325,-0.8071290189316853
203917,Nik Stauskas,PHI,2016-17,Playmaker,Average,80,2187.7116666666666,756,226,188,45,32,128,0.396,0.368,0.813,0.54,0.5,0.161,0.067,103.1,107.4,-4.2,1.47,0.009,0.091,0.129,0.05,18.0,-0.10515106634645517,0.11030820607297291,-0.5635186420461749,-0.05679942290205179
201976,Patrick Beverley,HOU,2016-17,Playmaker,Average,67,2057.963333333333,639,393,281,99,25,100,0.42,0.382,0.768,0.546,0.521,0.14,0.085,114.7,106.3,8.4,2.81,0.044,0.144,0.184,0.093,19.10000000000001,-0.30895039749171005,0.7614904324708793,0.4274007165271791,0.4965220702997384
201988,Patty Mills,SAS,2016-17,Playmaker,Very Good,80,1754.4133333333334,759,141,280,65,3,101,0.44,0.414,0.825,0.578,0.558,0.184,0.1,111.3,100.1,11.2,2.77,0.014,0.065,0.236,0.04,25.30000000000001,0.2826498436262751,1.049928714564237,-0.9164523647045264,0.28593050763645317
200765,Rajon Rondo,CHI,2016-17,Playmaker,Elite,69,1842.7016666666664,538,355,461,99,11,169,0.408,0.376,0.6,0.461,0.453,0.174,0.106,105.3,107.4,-2.2,2.73,0.038,0.151,0.361,0.094,18.0,-0.6188806266253329,2.4181595107721168,0.33931198465257884,0.2902474317022698
201196,Ramon Sessions,CHA,2016-17,Playmaker,Average,50,810.6766666666666,312,73,129,27,3,46,0.38,0.339,0.771,0.495,0.42,0.192,0.079,102.0,107.5,-5.5,2.8,0.013,0.071,0.24,0.043,17.900000000000006,-0.4556953771452523,0.5167659382308275,-1.0586631454797244,-0.5425858793857198
200751,Randy Foye,BKN,2016-17,Playmaker,Average,69,1284.2783333333334,357,155,135,35,9,80,0.363,0.33,0.857,0.506,0.466,0.143,0.057,102.4,109.9,-7.6,1.69,0.007,0.108,0.153,0.058,15.5,-0.7190543981427485,0.05010824602705817,-0.6499912870489672,-0.5400014119795956
101109,Raymond Felton,LAC,2016-17,Playmaker,Average,80,1699.8283333333334,538,218,191,66,22,83,0.43,0.319,0.781,0.496,0.475,0.163,0.078,104.1,108.2,-4.1,2.3,0.019,0.106,0.172,0.063,17.200000000000003,-0.4992921622429496,0.36290637344142845,-0.4191301647546533,0.012610818732171755
202704,Reggie Jackson,DET,2016-17,Playmaker,Very Good,52,1424.395,752,114,270,35,5,114,0.419,0.359,0.868,0.51,0.468,0.261,0.092,102.8,110.8,-8.0,2.37,0.013,0.072,0.306,0.04,14.600000000000009,0.45248645828332895,1.4063675347850604,-0.988093586463489,-0.6333504755364374
201937,Ricky Rubio,MIN,2016-17,Playmaker,Elite,75,2469.11,836,305,682,128,10,195,0.402,0.306,0.891,0.539,0.448,0.171,0.114,110.5,111.3,-0.7,3.5,0.028,0.1,0.385,0.064,14.100000000000009,0.020028132630829747,3.3661949730468876,-0.17554657367109386,0.3514662602171839
201155,Rodney Stuckey,IND,2016-17,Playmaker,Average,39,696.18,281,84,84,16,0,53,0.373,0.317,0.748,0.483,0.412,0.218,0.075,103.3,106.1,-2.8,1.58,0.009,0.109,0.184,0.06,19.30000000000001,-0.35632889478623114,0.036591241970240634,-0.8129018578798414,-0.6046567186470647
1627758,Ron Baker,NYK,2016-17,Playmaker,Average,52,857.0333333333333,215,98,107,34,8,56,0.378,0.267,0.651,0.456,0.431,0.149,0.057,104.2,106.5,-2.3,1.91,0.014,0.1,0.188,0.056,18.900000000000006,-1.0634114641876842,0.14369475572368973,-0.8267131749272486,-0.360714343752671
201566,Russell Westbrook,OKC,2016-17,Playmaker,Elite,81,2801.748333333333,2558,864,840,132,31,438,0.425,0.343,0.845,0.554,0.476,0.402,0.23,110.6,106.1,4.5,1.92,0.046,0.251,0.543,0.147,19.30000000000001,3.0386409929292495,4.8351754288932565,2.365083361886261,0.910902766292368
2756,Sasha Vujacic,NYK,2016-17,Playmaker,Average,42,408.22833333333335,124,59,52,13,2,16,0.309,0.311,0.708,0.423,0.393,0.168,0.062,100.8,100.5,0.4,3.25,0.027,0.109,0.189,0.067,24.900000000000006,-1.178625552435452,-0.05307061366999777,-0.7900587423387111,-0.2864796991786414
203902,Semaj Christon,OKC,2016-17,Playmaker,Average,64,972.6416666666668,183,87,130,28,7,43,0.345,0.19,0.548,0.387,0.372,0.123,0.042,102.2,108.5,-6.3,3.02,0.019,0.073,0.193,0.045,16.900000000000006,-1.6713307616527107,0.25641592281205605,-0.99603653669905,-0.5505093354846203
200771,Sergio Rodriguez,PHI,2016-17,Playmaker,Very Good,68,1517.4116666666666,530,157,344,49,4,128,0.392,0.365,0.667,0.484,0.478,0.189,0.094,102.0,107.0,-5.0,2.69,0.013,0.088,0.349,0.051,18.400000000000006,-0.38333925445469186,1.9202237860395328,-0.7338621100143987,-0.2751410932150334
203894,Shabazz Napier,POR,2016-17,Playmaker,Average,53,512.2816666666666,218,61,67,32,2,41,0.399,0.37,0.776,0.533,0.492,0.215,0.094,108.1,105.7,2.4,1.63,0.017,0.108,0.2,0.064,19.700000000000003,-0.13784591354799755,0.06391894284916583,-0.8229709480854215,-0.39513811360812817
202714,Shelvin Mack,UTA,2016-17,Playmaker,Average,55,1205.1266666666668,430,125,154,42,3,90,0.446,0.308,0.688,0.518,0.495,0.191,0.079,105.0,104.7,0.3,1.71,0.018,0.087,0.21,0.053,20.700000000000003,-0.24641695260907723,0.44022862124176726,-0.793290916082327,-0.2226523451724337
203915,Spencer Dinwiddie,BKN,2016-17,Playmaker,Average,59,1333.7416666666666,432,164,185,44,23,66,0.444,0.376,0.792,0.581,0.507,0.14,0.087,102.1,106.8,-4.7,2.8,0.02,0.097,0.21,0.059,18.60000000000001,-0.2581144592647341,0.5542990522342536,-0.6133712254912995,-0.12296515683831438
201939,Stephen Curry,GSW,2016-17,Playmaker,Elite,79,2638.555,1999,353,524,142,17,239,0.468,0.411,0.898,0.624,0.58,0.286,0.151,120.1,102.7,17.4,2.19,0.024,0.101,0.287,0.065,22.700000000000003,2.186570354822584,2.2342737172955527,-0.0354447473504802,1.0726377948007804
204456,T.J. McConnell,PHI,2016-17,Playmaker,Elite,81,2133.3966666666665,556,251,534,134,10,159,0.461,0.2,0.811,0.504,0.472,0.142,0.107,100.9,107.1,-6.2,3.36,0.018,0.097,0.374,0.057,18.30000000000001,-0.5943013152027539,2.7598064706567342,-0.4080065973217809,0.6604040730549665
1626179,Terry Rozier,BOS,2016-17,Playmaker,Average,74,1263.0383333333334,410,227,131,45,11,47,0.367,0.318,0.773,0.466,0.437,0.167,0.091,102.0,102.7,-0.7,2.79,0.03,0.14,0.164,0.085,22.700000000000003,-0.7338433833211897,0.09718366742179468,-0.11497736279869922,0.006880805766087443
204025,Tim Frazier,NOP,2016-17,Playmaker,Very Good,65,1524.6516666666666,464,173,335,56,6,101,0.403,0.313,0.76,0.504,0.453,0.161,0.084,104.5,107.1,-2.6,3.32,0.022,0.087,0.312,0.054,18.30000000000001,-0.5215578576972703,1.6792533907465512,-0.6531890897617134,-0.18825209214565466
203107,Tomas Satoransky,WAS,2016-17,Playmaker,Average,57,719.2083333333334,154,83,92,26,6,38,0.415,0.243,0.697,0.477,0.446,0.122,0.064,102.7,101.6,1.1,2.42,0.036,0.078,0.183,0.057,23.80000000000001,-1.1849863045048201,0.06041111921402953,-0.8537741993775474,-0.17594226752274866
201962,Toney Douglas,MEM,2016-17,Playmaker,Average,24,393.8033333333333,117,61,56,18,5,21,0.368,0.167,0.828,0.451,0.397,0.158,0.073,106.1,105.9,0.2,2.67,0.031,0.137,0.214,0.079,19.5,-1.096787401928693,0.10208948499228598,-0.6318761335152171,-0.5215957377451784
2225,Tony Parker,SAS,2016-17,Playmaker,Very Good,63,1587.0266666666666,638,113,285,34,2,89,0.466,0.333,0.726,0.514,0.486,0.204,0.093,109.6,103.1,6.5,3.2,0.006,0.066,0.276,0.037,22.30000000000001,-0.024121852788140313,1.2930333045726177,-1.0289659279611951,-0.2216532326027971
203504,Trey Burke,WAS,2016-17,Playmaker,Average,57,702.79,285,47,100,11,5,48,0.455,0.443,0.759,0.532,0.516,0.2,0.081,98.6,108.8,-10.2,2.08,0.01,0.057,0.23,0.034,16.60000000000001,-0.20505370229135023,0.3538783565338455,-1.2423078773971443,-0.7645138359569188
201951,Ty Lawson,SAC,2016-17,Playmaker,Very Good,69,1732.1233333333332,681,179,334,74,6,129,0.454,0.288,0.797,0.551,0.487,0.19,0.106,105.0,109.4,-4.5,2.59,0.026,0.077,0.3,0.052,16.0,0.1159496418697325,1.608161859405206,-0.6627481268690824,-0.13688331186989636
203898,Tyler Ennis,LAL,2016-17,Playmaker,Average,53,588.1466666666666,228,45,86,25,2,45,0.433,0.386,0.84,0.521,0.498,0.189,0.07,103.5,103.4,0.1,1.91,0.015,0.065,0.211,0.039,22.0,-0.38957739233463046,0.19562726465768235,-1.1839163630410734,-0.33253190156245593
1627755,Tyler Ulis,PHX,2016-17,Playmaker,Very Good,61,1122.73,444,95,226,48,5,77,0.421,0.266,0.775,0.474,0.445,0.199,0.095,102.9,108.2,-5.3,2.94,0.016,0.063,0.297,0.039,17.200000000000003,-0.429328603963763,1.1939022365879213,-1.0512474338578095,-0.345890602209676
201936,Tyreke Evans,SAC,2016-17,Playmaker,Average,40,788.065,411,137,124,35,9,61,0.405,0.356,0.75,0.501,0.462,0.262,0.118,97.9,107.4,-9.5,2.03,0.015,0.155,0.281,0.083,18.0,0.16243732881277176,0.7286912683507427,-0.3792607439379348,-0.3931147243558392
1626145,Tyus Jones,MIN,2016-17,Playmaker,Very Good,60,774.3883333333333,209,67,156,48,5,38,0.414,0.356,0.767,0.523,0.486,0.132,0.096,110.3,108.3,2.0,4.11,0.013,0.078,0.276,0.045,17.10000000000001,-0.8091116272991842,0.818353123990981,-1.0491041083723556,-0.35176606971462593
1627735,Wade Baldwin IV,MEM,2016-17,Playmaker,Average,33,404.955,106,46,61,18,7,39,0.313,0.136,0.838,0.404,0.326,0.186,0.051,90.3,107.1,-16.8,1.56,0.025,0.085,0.262,0.054,18.30000000000001,-1.168470743896982,0.3901353016800045,-0.9901681698872036,-0.5718664197984357
203115,Will Barton,DEN,2016-17,Playmaker,Average,60,1705.0566666666666,820,259,206,48,28,97,0.443,0.37,0.753,0.547,0.508,0.207,0.102,108.8,111.0,-2.1,2.12,0.032,0.12,0.185,0.075,14.400000000000006,0.3177673936603133,0.4911312366304265,-0.1574657911682134,-0.277702020277615
1627812,Yogi Ferrell,DAL,2016-17,Playmaker,Average,46,1197.0116666666668,462,111,172,42,9,70,0.406,0.386,0.831,0.533,0.492,0.192,0.084,103.7,107.8,-4.2,2.46,0.017,0.081,0.232,0.048,17.60000000000001,-0.1302566616915318,0.6300514384120353,-0.8941364877770424,-0.34408705380745613
201166,Aaron Brooks,MIN,2017-18,Playmaker,Average,32,189.41333333333333,75,17,20,6,0,11,0.406,0.355,0.727,0.508,0.486,0.192,0.044,98.5,115.7,-17.2,1.82,0.036,0.057,0.161,0.046,9.700000000000003,-0.5522797033260921,-0.3281150293625047,-1.169033383250939,-1.2723152285054091
201143,Al Horford,BOS,2017-18,Playmaker,Very Good,72,2277.025,927,531,339,43,78,132,0.489,0.429,0.783,0.575,0.553,0.183,0.134,108.9,101.6,7.3,2.57,0.047,0.178,0.225,0.115,23.80000000000001,0.3793297734808112,1.2052363158981052,1.073839355775954,0.728658310649776
1627936,Alex Caruso,LAL,2017-18,Playmaker,Average,37,561.91,134,65,75,23,10,42,0.431,0.302,0.7,0.519,0.487,0.128,0.062,100.5,100.8,-0.3,1.79,0.026,0.086,0.185,0.056,24.60000000000001,-0.9153498702447812,0.00909167340411346,-0.9142746681882028,-0.11955276028579243
1626150,Andrew Harrison,MEM,2017-18,Playmaker,Average,56,1326.2716666666668,533,131,177,38,26,81,0.422,0.331,0.78,0.534,0.477,0.195,0.083,101.3,108.5,-7.3,2.19,0.017,0.085,0.222,0.051,16.900000000000006,-0.051376105144820335,0.5922733616745542,-0.802849953189696,-0.25466389004312295
203085,Austin Rivers,LAC,2017-18,Playmaker,Average,61,2056.5916666666667,920,145,242,74,16,109,0.424,0.378,0.642,0.526,0.508,0.206,0.073,110.0,111.6,-1.7,2.22,0.013,0.058,0.179,0.035,13.800000000000011,0.2624935445125051,0.5898942042251007,-0.9695371218932667,-0.1649689569480761
1627732,Ben Simmons,PHI,2017-18,Playmaker,Elite,81,2731.5533333333333,1279,659,661,140,70,278,0.545,0.0,0.56,0.557,0.545,0.219,0.154,109.5,102.9,6.6,2.38,0.053,0.171,0.362,0.115,22.5,0.7937959001111453,3.1597154285746876,1.4134718144851095,1.5763897260770996
201933,Blake Griffin,DET,2017-18,Playmaker,Very Good,58,1969.8216666666667,1242,428,334,40,18,165,0.438,0.345,0.785,0.544,0.493,0.285,0.144,108.9,107.0,1.9,2.02,0.036,0.175,0.286,0.106,18.400000000000006,1.1759372352508928,1.5295147127163649,0.6858844729163076,-0.22674886361682542
201628,Bobby Brown,HOU,2017-18,Playmaker,Average,20,114.93333333333334,50,7,11,4,0,9,0.328,0.275,0.5,0.425,0.422,0.252,0.039,91.1,115.5,-24.5,1.22,0.0,0.061,0.19,0.029,9.900000000000006,-0.6056350075721156,-0.19832030455094946,-1.4121412922671568,-1.2812870193721322
203992,Bogdan Bogdanović,SAC,2017-18,Playmaker,Average,78,2175.155,917,223,258,72,16,125,0.446,0.392,0.84,0.556,0.529,0.192,0.087,102.6,111.2,-8.6,2.06,0.014,0.094,0.183,0.053,14.200000000000003,0.32936943489388343,0.6712398787221819,-0.5332598148831299,-0.1621898128048995
1627742,Brandon Ingram,LAL,2017-18,Playmaker,Average,59,1974.5616666666667,949,314,230,45,43,149,0.47,0.39,0.681,0.536,0.497,0.218,0.096,104.7,107.5,-2.7,1.54,0.027,0.121,0.177,0.074,17.900000000000006,0.4284280103297831,0.534502601687207,-0.02426962337130345,0.04861721362679605
1626166,Cameron Payne,CHI,2017-18,Playmaker,Average,25,581.5233333333333,221,69,113,26,9,36,0.405,0.385,0.75,0.498,0.486,0.183,0.088,103.2,110.7,-7.5,3.14,0.027,0.089,0.294,0.056,14.700000000000003,-0.5700516599018153,0.7612441571589454,-0.9036611538535417,-0.6802574184640049
1627747,Caris LeVert,BKN,2017-18,Playmaker,Very Good,71,1863.6833333333332,858,260,299,82,22,153,0.435,0.347,0.711,0.525,0.493,0.216,0.099,101.8,108.2,-6.4,1.95,0.026,0.104,0.265,0.065,17.200000000000003,0.28526959518754663,1.2827547964012638,-0.282208955631351,0.17839262574516268
101108,Chris Paul,HOU,2017-18,Playmaker,Elite,58,1846.5566666666664,1081,313,457,96,14,128,0.46,0.38,0.919,0.604,0.55,0.241,0.166,116.6,103.3,13.2,3.57,0.02,0.151,0.389,0.086,22.10000000000001,1.0807832185698134,2.5607350388604466,0.12595284970119475,0.5304099025995126
202709,Cory Joseph,IND,2017-18,Playmaker,Average,82,2209.918333333333,649,263,260,80,18,87,0.424,0.353,0.745,0.503,0.479,0.143,0.078,105.4,106.5,-1.1,2.99,0.017,0.101,0.164,0.059,18.900000000000006,-0.5256315186923375,0.5718638480034313,-0.350686745708437,0.21708299144040333
1626156,D'Angelo Russell,BKN,2017-18,Playmaker,Very Good,48,1233.715,743,189,249,36,17,147,0.414,0.324,0.74,0.509,0.481,0.295,0.109,105.2,112.4,-7.2,1.69,0.023,0.122,0.348,0.072,13.0,0.6891749718829071,1.5650354570824803,-0.38142125493882373,-0.5955870246404599
201571,D.J. Augustin,ORL,2017-18,Playmaker,Very Good,75,1760.0483333333334,766,160,287,54,0,123,0.452,0.419,0.868,0.615,0.557,0.182,0.107,102.5,106.3,-3.8,2.33,0.016,0.072,0.251,0.044,19.10000000000001,0.48460576151479495,1.1599513538443633,-0.815079554396165,-0.22267586200111178
203081,Damian Lillard,POR,2017-18,Playmaker,Elite,73,2669.89,1962,325,481,77,27,206,0.439,0.361,0.916,0.594,0.519,0.295,0.165,110.7,104.5,6.1,2.33,0.022,0.094,0.301,0.058,20.900000000000006,2.0542460968512763,2.1546941371238484,-0.19891692782587003,0.39456542875212525
201954,Darren Collison,IND,2017-18,Playmaker,Very Good,69,2018.36,855,178,368,92,15,86,0.495,0.468,0.882,0.61,0.571,0.17,0.114,110.0,107.5,2.6,4.28,0.019,0.072,0.257,0.046,17.900000000000006,0.4323545506516904,1.4917122709632664,-0.7418394312808294,0.25231227964142633
1628368,De'Aaron Fox,SAC,2017-18,Playmaker,Very Good,73,2025.53,844,204,320,70,20,173,0.412,0.307,0.723,0.478,0.441,0.227,0.074,101.6,111.8,-10.2,1.85,0.016,0.087,0.24,0.05,13.600000000000009,0.08697461133038642,1.2195869807974367,-0.621892970886811,-0.1776954876989345
1627761,DeAndre' Bembry,ATL,2017-18,Playmaker,Average,26,455.2166666666666,136,72,49,21,12,47,0.414,0.367,0.576,0.477,0.457,0.179,0.063,99.2,106.7,-7.5,1.04,0.017,0.142,0.166,0.079,18.700000000000003,-0.7806995076082375,-0.1933157143401088,-0.602688969094899,-0.46669314094833675
1626153,Delon Wright,TOR,2017-18,Playmaker,Average,69,1432.7233333333334,555,198,200,72,33,78,0.465,0.366,0.829,0.574,0.53,0.169,0.116,110.0,102.7,7.3,2.56,0.031,0.107,0.202,0.069,22.700000000000003,0.0028580857828893746,0.5645531953899898,-0.39575981059987697,0.5092218131681052
203471,Dennis Schröder,ATL,2017-18,Playmaker,Elite,67,2077.9216666666666,1301,208,417,72,6,183,0.436,0.29,0.849,0.515,0.469,0.299,0.116,105.2,111.8,-6.7,2.28,0.021,0.081,0.352,0.05,13.600000000000009,1.1551632212476217,2.205694212574978,-0.6112794565521499,-0.29861725786532595
1628372,Dennis Smith Jr.,DAL,2017-18,Playmaker,Very Good,69,2049.105,1048,260,358,71,18,194,0.395,0.313,0.694,0.473,0.446,0.28,0.087,102.4,110.1,-7.6,1.85,0.023,0.106,0.301,0.063,15.300000000000011,0.593486861795462,1.7020921044762418,-0.30768826424071166,-0.08768610518261305
1627756,Denzel Valentine,CHI,2017-18,Playmaker,Average,77,2095.141666666667,783,393,244,65,11,99,0.417,0.386,0.745,0.527,0.517,0.17,0.091,101.7,108.6,-6.8,2.46,0.021,0.168,0.178,0.09,16.80000000000001,-0.09412367724481703,0.59163593353486,0.38918175361313817,-0.13254451825973848
2734,Devin Harris,DEN,2017-18,Playmaker,Average,71,1339.5216666666668,595,127,152,47,12,76,0.412,0.348,0.835,0.563,0.499,0.194,0.076,109.4,105.3,4.1,2.0,0.009,0.085,0.165,0.047,20.10000000000001,0.1518231964312683,0.18007483852581552,-0.8644220847430782,-0.1150411594829225
203079,Dion Waiters,MIA,2017-18,Playmaker,Average,30,917.53,429,77,113,23,9,70,0.398,0.306,0.739,0.487,0.461,0.25,0.076,100.9,106.2,-5.3,1.61,0.009,0.078,0.21,0.043,19.200000000000003,0.007526717975375075,0.2893612770258983,-1.0480496311450633,-0.44694546955617914
203110,Draymond Green,GSW,2017-18,Playmaker,Elite,70,2286.853333333333,773,535,508,95,91,202,0.454,0.301,0.775,0.556,0.516,0.168,0.117,111.9,105.2,6.7,2.51,0.036,0.183,0.286,0.117,20.200000000000003,0.04983241918410616,2.1697810028032234,1.1099321787199756,1.1874593853037296
202779,Dwight Buycks,DET,2017-18,Playmaker,Average,29,427.2366666666667,215,41,59,19,2,39,0.414,0.333,0.878,0.498,0.452,0.266,0.084,101.0,100.5,0.6,1.51,0.028,0.067,0.24,0.047,24.900000000000006,0.03322145784803787,0.25918754566714874,-1.092612642938292,-0.2243115215487698
2548,Dwyane Wade,MIA,2017-18,Playmaker,Very Good,67,1536.1133333333332,765,252,228,61,47,140,0.438,0.288,0.714,0.5,0.462,0.251,0.104,106.4,105.1,1.3,1.63,0.032,0.124,0.245,0.079,20.30000000000001,0.33148121172637723,0.9091436458169022,-0.12508082403514914,0.3958800967708837
203901,Elfrid Payton,PHX,2017-18,Playmaker,Very Good,63,1808.51,797,274,393,83,22,168,0.493,0.326,0.649,0.538,0.516,0.211,0.108,103.9,115.6,-11.7,2.34,0.033,0.117,0.328,0.074,9.800000000000011,0.27900507066526015,1.9825579408008462,-0.13040476671791454,-0.24603060668284382
1626144,Emmanuel Mudiay,NYK,2017-18,Playmaker,Very Good,64,1244.2233333333334,553,152,206,41,11,113,0.388,0.318,0.76,0.474,0.433,0.231,0.08,102.0,111.5,-9.5,1.82,0.019,0.099,0.254,0.058,13.900000000000006,-0.11646794434898622,0.8787493167397153,-0.657951422799963,-0.5516057864227827
202339,Eric Bledsoe,MIL,2017-18,Playmaker,Very Good,74,2321.613333333333,1313,284,370,149,42,216,0.473,0.347,0.795,0.582,0.536,0.254,0.125,110.7,107.9,2.7,1.71,0.023,0.1,0.246,0.063,17.5,1.2174702411053528,1.4372774669238533,-0.24400717823274498,1.0925796251883637
202323,Evan Turner,POR,2017-18,Playmaker,Average,79,2033.8283333333331,649,244,173,47,29,99,0.447,0.318,0.85,0.52,0.484,0.153,0.071,104.5,105.6,-1.1,1.75,0.014,0.1,0.128,0.057,19.80000000000001,-0.35522858260518736,0.04949518290298166,-0.42658024740743783,0.0393293260544598
1628412,Frank Mason III,SAC,2017-18,Playmaker,Average,52,983.9933333333332,413,130,147,34,10,65,0.379,0.36,0.817,0.48,0.42,0.226,0.091,103.7,105.4,-1.7,2.26,0.03,0.107,0.233,0.067,20.0,-0.21972598789406317,0.5436768086884958,-0.6016688628984764,-0.2758492731920734
1628373,Frank Ntilikina,NYK,2017-18,Playmaker,Very Good,78,1705.6483333333333,463,177,250,65,18,131,0.364,0.318,0.721,0.437,0.414,0.166,0.048,102.4,104.6,-2.2,1.91,0.021,0.079,0.21,0.05,20.80000000000001,-0.8687515218797728,0.793478988186241,-0.6935341926457734,0.17329642995977945
1627832,Fred VanVleet,TOR,2017-18,Playmaker,Very Good,76,1520.0883333333334,656,184,243,68,19,74,0.426,0.414,0.832,0.556,0.525,0.188,0.111,112.2,101.1,11.1,3.28,0.016,0.102,0.231,0.06,24.30000000000001,0.11186763546127948,0.885691868963135,-0.5475639995133137,0.42013934545104675
201588,George Hill,CLE,2017-18,Playmaker,Average,67,1812.1266666666668,667,181,186,61,27,88,0.46,0.415,0.786,0.58,0.543,0.161,0.079,108.5,111.8,-3.3,2.11,0.023,0.081,0.145,0.051,13.600000000000009,0.05936812683469406,0.19283127678697198,-0.6701810240064321,-0.20012550612223423
201609,Goran Dragic,MIA,2017-18,Playmaker,Very Good,75,2377.545,1296,306,359,63,12,166,0.45,0.37,0.801,0.543,0.502,0.25,0.115,106.2,106.0,0.2,2.16,0.023,0.105,0.245,0.064,19.400000000000006,0.9529448691085948,1.3911832090432152,-0.17289319508742856,0.009612374995416522
203477,Isaiah Canaan,PHX,2017-18,Playmaker,Average,20,421.6933333333333,172,45,76,16,1,29,0.38,0.333,0.902,0.539,0.46,0.193,0.096,109.2,108.0,1.2,2.62,0.014,0.094,0.276,0.054,17.400000000000006,-0.2977641526064691,0.5239778182039196,-0.9928215484708689,-0.7061731372380473
1627819,Isaiah Taylor,ATL,2017-18,Playmaker,Very Good,67,1167.0116666666668,445,94,206,34,10,84,0.418,0.25,0.702,0.492,0.444,0.195,0.069,103.2,103.9,-0.8,2.45,0.018,0.058,0.272,0.039,21.5,-0.3549737316430705,0.9798670767682256,-1.0539008124414748,-0.1877172606178196
202738,Isaiah Thomas,LAL,2017-18,Playmaker,Average,32,861.68,486,67,153,15,3,95,0.373,0.293,0.893,0.508,0.438,0.276,0.077,107.9,114.8,-6.9,1.61,0.019,0.056,0.268,0.037,10.600000000000009,0.3590330010094764,0.7623728233446284,-1.1510213428097977,-1.0958313625068314
202397,Ish Smith,DET,2017-18,Playmaker,Very Good,82,2042.635,894,224,360,64,20,108,0.486,0.347,0.698,0.525,0.507,0.203,0.106,106.8,105.9,0.8,3.33,0.013,0.095,0.273,0.054,19.5,0.21606468989256114,1.552157193743236,-0.5178667819947843,0.10678891746325858
200826,J.J. Barea,DAL,2017-18,Playmaker,Elite,69,1603.2616666666668,801,201,434,35,3,143,0.439,0.367,0.784,0.545,0.522,0.243,0.133,107.5,106.8,0.7,3.03,0.009,0.12,0.426,0.064,18.60000000000001,0.5561678458689345,2.6839553118386035,-0.4514979463722827,-0.41856670334457236
2747,JR Smith,CLE,2017-18,Playmaker,Average,80,2244.145,662,235,141,68,11,81,0.403,0.375,0.696,0.534,0.524,0.136,0.052,110.9,113.2,-2.3,1.74,0.013,0.092,0.087,0.053,12.200000000000003,-0.3902563347507207,-0.2985787261434493,-0.5014192718791466,-0.371731934672515
2037,Jamal Crawford,MIN,2017-18,Playmaker,Average,80,1653.2583333333334,822,99,185,40,9,95,0.415,0.331,0.903,0.519,0.485,0.231,0.079,108.4,112.8,-4.5,1.95,0.013,0.05,0.177,0.031,12.600000000000009,0.33481024739576243,0.368916492181985,-1.1425511539605908,-0.6585831549315929
2749,Jameer Nelson,DET,2017-18,Playmaker,Very Good,50,1013.165,247,104,179,27,4,67,0.389,0.331,0.8,0.489,0.473,0.137,0.065,103.1,108.7,-5.7,2.67,0.013,0.088,0.255,0.052,16.700000000000003,-0.939501788460198,0.7850153043714994,-0.8617515206439781,-0.6029740254420505
201935,James Harden,HOU,2017-18,Playmaker,Elite,72,2550.785,2191,389,630,126,50,315,0.449,0.367,0.858,0.619,0.541,0.353,0.194,116.2,106.2,10.0,2.0,0.017,0.137,0.449,0.078,19.200000000000003,2.786915567007926,3.53438083772,0.22569238762231358,1.0350909372159236
201949,James Johnson,MIA,2017-18,Playmaker,Very Good,73,1943.2866666666664,788,358,280,70,51,141,0.503,0.308,0.698,0.575,0.55,0.185,0.112,105.9,105.8,0.1,1.99,0.032,0.148,0.22,0.091,19.60000000000001,0.2937310361023624,0.9600462612055614,0.30905315748953377,0.48847394669332916
101127,Jarrett Jack,NYK,2017-18,Playmaker,Very Good,62,1547.5683333333334,466,191,348,35,4,115,0.427,0.291,0.84,0.489,0.455,0.164,0.089,108.2,109.0,-0.7,3.03,0.014,0.106,0.302,0.061,16.400000000000006,-0.5839171566794601,1.6709128445877761,-0.5162506951229764,-0.5377095244504057
1628393,Jawun Evans,LAC,2017-18,Playmaker,Average,48,777.8583333333333,231,84,100,36,6,44,0.352,0.278,0.776,0.421,0.381,0.17,0.046,106.2,104.1,2.1,2.27,0.011,0.092,0.177,0.053,21.30000000000001,-1.0982567250193884,0.05614272978323229,-0.9020794380126034,-0.21921532576338568
201952,Jeff Teague,MIN,2017-18,Playmaker,Elite,70,2311.2616666666668,994,209,492,102,23,177,0.446,0.368,0.845,0.553,0.499,0.201,0.105,112.7,110.0,2.7,2.78,0.011,0.081,0.298,0.046,15.400000000000006,0.43362963260656323,2.178317781664818,-0.6595846951872057,0.28997893342536946
1626170,Jerian Grant,CHI,2017-18,Playmaker,Very Good,74,1686.33,619,171,342,63,8,89,0.416,0.326,0.745,0.528,0.476,0.172,0.095,102.0,109.1,-7.1,3.84,0.017,0.084,0.314,0.049,16.30000000000001,-0.19203360171334005,1.7162465366727533,-0.7221941184524454,-0.2129969736703312
204060,Joe Ingles,UTA,2017-18,Playmaker,Very Good,82,2578.498333333333,940,344,392,90,20,159,0.467,0.44,0.795,0.623,0.609,0.156,0.107,107.7,102.4,5.3,2.47,0.01,0.125,0.222,0.068,23.0,0.4654934315794253,1.3834069959772817,-0.02110619168942679,0.5818257165326278
2207,Joe Johnson,HOU,2017-18,Playmaker,Average,55,1204.75,372,172,83,18,7,49,0.406,0.276,0.889,0.49,0.461,0.157,0.07,101.3,104.9,-3.6,1.69,0.011,0.13,0.109,0.07,20.5,-0.6972309945076128,-0.3884124494708898,-0.45200799947049386,-0.4426061346895307
202322,John Wall,WAS,2017-18,Playmaker,Elite,41,1409.83,797,150,393,57,45,158,0.42,0.371,0.726,0.515,0.466,0.281,0.13,109.8,106.1,3.8,2.49,0.016,0.088,0.425,0.053,19.30000000000001,0.6599354825097369,2.527470314287817,-0.7269564514906952,0.2754450419619882
201950,Jrue Holiday,NOP,2017-18,Playmaker,Very Good,81,2926.733333333333,1537,365,486,123,64,213,0.494,0.337,0.786,0.57,0.543,0.225,0.118,109.4,104.5,4.9,2.28,0.022,0.095,0.243,0.06,20.900000000000006,1.0981031875107756,1.8472687003103405,-0.06730247586989846,1.2455342920281578
202689,Kemba Walker,CHA,2017-18,Playmaker,Very Good,80,2735.8783333333336,1770,248,444,91,24,179,0.431,0.384,0.864,0.572,0.516,0.267,0.131,111.3,108.0,3.3,2.48,0.011,0.077,0.264,0.044,17.400000000000006,1.5850262077056223,1.810692384805395,-0.5815822390336206,0.3036307552060159
203145,Kent Bazemore,ATL,2017-18,Playmaker,Average,65,1789.4416666666666,836,248,228,100,45,157,0.42,0.394,0.796,0.547,0.5,0.221,0.099,104.5,108.9,-4.5,1.45,0.014,0.124,0.199,0.069,16.5,0.4317925254683462,0.6507315924107097,-0.26309088141661313,0.5564705581707936
1628424,Kobi Simmons,MEM,2017-18,Playmaker,Average,32,643.0933333333334,196,50,68,18,5,44,0.423,0.282,1.0,0.49,0.452,0.163,0.046,100.7,117.7,-17.0,1.55,0.021,0.062,0.157,0.04,7.700000000000003,-0.7802303141018277,-0.17396045922993683,-1.1579098158180667,-1.2149009033293086
1627739,Kris Dunn,CHI,2017-18,Playmaker,Very Good,52,1524.8333333333333,699,221,310,104,27,150,0.429,0.321,0.737,0.488,0.462,0.245,0.095,102.5,110.6,-8.0,2.07,0.015,0.131,0.319,0.071,14.800000000000011,0.17135205541686113,1.626584681032515,-0.3092527945662152,0.3159187102845823
200768,Kyle Lowry,TOR,2017-18,Playmaker,Elite,78,2509.6066666666666,1267,434,537,85,19,183,0.427,0.399,0.854,0.598,0.553,0.211,0.136,113.1,105.5,7.6,2.93,0.026,0.142,0.307,0.085,19.900000000000006,0.960997240721519,2.394462771184295,0.4342720040200132,0.337761945184538
2544,LeBron James,CLE,2017-18,Playmaker,Elite,82,3025.588333333333,2251,709,747,116,71,347,0.542,0.367,0.731,0.621,0.59,0.31,0.191,113.7,112.1,1.6,2.15,0.033,0.201,0.432,0.119,13.300000000000011,2.52683884654888,3.8694046157399846,1.5970993608870943,0.7972914691052627
1628366,Lonzo Ball,LAL,2017-18,Playmaker,Very Good,52,1780.0566666666666,528,360,376,88,43,136,0.36,0.305,0.451,0.444,0.44,0.169,0.098,104.7,105.3,-0.6,2.76,0.036,0.153,0.288,0.095,20.10000000000001,-0.7598926417078502,1.6952970549244064,0.36531853187558555,0.6234161050831152
1627098,Malcolm Delaney,ATL,2017-18,Playmaker,Average,54,1014.1666666666666,338,100,163,35,6,66,0.382,0.371,0.804,0.519,0.463,0.166,0.081,101.9,106.4,-4.5,2.47,0.009,0.09,0.244,0.049,19.0,-0.4900571697319096,0.6643460565299975,-0.9105839978926801,-0.3647124413155542
1628370,Malik Monk,CHA,2017-18,Playmaker,Average,63,853.505,421,66,91,20,9,49,0.36,0.342,0.842,0.477,0.458,0.241,0.063,100.8,112.6,-11.8,1.86,0.008,0.069,0.178,0.037,12.800000000000011,-0.12130217408306287,0.028643161217105112,-1.153674721393463,-0.8540594786879309
1938,Manu Ginobili,SAS,2017-18,Playmaker,Average,65,1298.9183333333333,576,142,163,43,16,105,0.434,0.333,0.84,0.553,0.503,0.205,0.085,107.7,105.6,2.1,1.55,0.015,0.093,0.193,0.054,19.80000000000001,0.1614713074108339,0.37784573644921887,-0.7354438258553371,-0.13364315773873076
203935,Marcus Smart,BOS,2017-18,Playmaker,Very Good,54,1613.5883333333334,550,188,259,71,23,129,0.367,0.301,0.729,0.479,0.44,0.187,0.075,105.8,99.6,6.2,2.01,0.026,0.085,0.234,0.056,25.80000000000001,-0.4121449209621222,0.961419890125299,-0.5879091023973737,0.5798253028525265
201596,Mario Chalmers,MEM,2017-18,Playmaker,Average,66,1421.3516666666667,507,157,197,79,14,117,0.379,0.277,0.855,0.503,0.439,0.186,0.072,102.3,104.8,-2.5,1.68,0.009,0.104,0.214,0.055,20.60000000000001,-0.31325393822802894,0.6209259614419818,-0.6829034927956775,0.2661347200739557
203521,Matthew Dellavedova,MIL,2017-18,Playmaker,Very Good,38,712.495,164,64,145,14,0,49,0.362,0.372,0.926,0.5,0.457,0.134,0.061,104.2,109.7,-5.5,2.96,0.021,0.075,0.296,0.047,15.700000000000003,-0.9584256977564873,0.8902295861436045,-1.0315849355139908,-0.8368962747018983
203487,Michael Carter-Williams,CHA,2017-18,Playmaker,Average,52,834.7433333333333,239,138,116,44,23,52,0.332,0.237,0.82,0.446,0.362,0.166,0.07,103.5,106.9,-3.5,2.23,0.04,0.131,0.214,0.081,18.5,-0.9788310567587332,0.32287096433258206,-0.4020866739636301,-0.12884062434326515
1628455,Mike James,NOP,2017-18,Playmaker,Average,36,686.4883333333333,336,90,126,28,7,49,0.383,0.265,0.762,0.469,0.424,0.237,0.1,103.5,106.1,-2.6,2.57,0.017,0.104,0.279,0.06,19.30000000000001,-0.25762205115601716,0.7248153443255847,-0.7969815863778498,-0.40949811536581376
1628462,Milos Teodosic,LAC,2017-18,Playmaker,Very Good,45,1134.055,429,126,209,23,5,97,0.419,0.379,0.848,0.564,0.542,0.178,0.079,109.8,107.4,2.4,2.15,0.014,0.09,0.252,0.054,18.0,-0.07929770305875801,0.8785530840368957,-0.7778978831939815,-0.5579209356278725
201587,Nicolas Batum,CHA,2017-18,Playmaker,Very Good,64,1980.8233333333333,740,306,349,65,23,131,0.415,0.336,0.831,0.523,0.486,0.178,0.104,109.2,109.6,-0.4,2.66,0.028,0.124,0.255,0.075,15.800000000000011,-0.0894393696037631,1.4105628291690047,-0.03275699773594537,-0.06988962527237079
203917,Nik Stauskas,BKN,2017-18,Playmaker,Average,41,523.3,181,64,39,9,4,26,0.39,0.4,0.724,0.543,0.519,0.159,0.072,99.7,104.3,-4.6,1.5,0.007,0.107,0.115,0.057,21.10000000000001,-0.517300057598324,-0.5166129476442702,-0.9041883924671876,-0.5309579881138536
1627775,Patrick McCaw,GSW,2017-18,Playmaker,Average,57,961.1333333333332,229,82,81,43,10,41,0.409,0.238,0.765,0.477,0.451,0.125,0.046,106.4,109.8,-3.5,1.98,0.017,0.065,0.113,0.042,15.600000000000009,-1.1089386884338595,-0.3733012187758974,-1.0475223925314172,-0.4411175769650768
201988,Patty Mills,SAS,2017-18,Playmaker,Average,82,2107.2516666666666,819,154,229,55,11,106,0.411,0.372,0.89,0.558,0.523,0.172,0.075,107.8,105.3,2.6,2.16,0.012,0.061,0.158,0.036,20.10000000000001,0.1237222707050818,0.4240874970014415,-0.9329170603355991,-0.04226771997949954
202347,Quincy Pondexter,CHI,2017-18,Playmaker,Average,23,195.69166666666663,45,27,9,8,2,11,0.286,0.136,0.824,0.398,0.316,0.151,0.019,88.3,109.1,-20.8,0.82,0.035,0.103,0.078,0.066,16.30000000000001,-1.5029829181983356,-0.8348568607063557,-0.8877065113206803,-0.8435767192959228
1626188,Quinn Cook,GSW,2017-18,Playmaker,Average,33,740.5033333333333,312,82,89,12,1,32,0.484,0.442,0.88,0.593,0.575,0.176,0.087,106.2,108.4,-2.2,2.78,0.014,0.094,0.179,0.055,17.0,-0.012504542322370416,0.026901431907345813,-0.8819068865705733,-0.7711204590110965
200765,Rajon Rondo,NOP,2017-18,Playmaker,Elite,65,1704.965,537,263,533,70,10,151,0.468,0.333,0.543,0.522,0.518,0.164,0.115,107.5,106.8,0.8,3.53,0.018,0.124,0.406,0.074,18.60000000000001,-0.3440368878433811,2.9358916860517477,-0.1595919311382326,0.01490324751785313
201196,Ramon Sessions,WAS,2017-18,Playmaker,Average,28,392.45166666666665,136,38,77,14,2,30,0.359,0.308,0.772,0.479,0.393,0.187,0.079,99.9,110.7,-10.8,2.57,0.015,0.086,0.297,0.049,14.700000000000003,-0.7107005786883812,0.6456282295595195,-1.0750934700799273,-0.8754160217452558
203526,Raul Neto,UTA,2017-18,Playmaker,Average,41,498.1566666666667,183,49,75,13,4,36,0.457,0.404,0.743,0.55,0.52,0.173,0.088,104.9,95.4,9.5,2.08,0.014,0.079,0.23,0.048,30.0,-0.37334825741615313,0.26188607347538884,-1.0586459599642897,0.03340407157996639
101109,Raymond Felton,OKC,2017-18,Playmaker,Very Good,82,1364.7183333333332,565,156,203,49,16,76,0.406,0.352,0.818,0.494,0.479,0.21,0.101,103.5,104.7,-1.3,2.67,0.018,0.097,0.255,0.056,20.700000000000003,-0.14719355646813262,0.8733278961076177,-0.6728172170746625,-0.018595772564307323
202704,Reggie Jackson,DET,2017-18,Playmaker,Very Good,45,1200.99,656,125,238,27,4,99,0.426,0.308,0.836,0.516,0.471,0.265,0.108,107.1,106.6,0.4,2.4,0.023,0.084,0.331,0.052,18.80000000000001,0.44684330631235913,1.4290587458431667,-0.8060305703870073,-0.47958920783809456
201937,Ricky Rubio,UTA,2017-18,Playmaker,Very Good,77,2254.4416666666666,1008,351,410,121,11,207,0.418,0.352,0.866,0.537,0.476,0.222,0.115,105.9,101.2,4.7,1.98,0.02,0.139,0.283,0.08,24.200000000000003,0.5059752617603617,1.7923182932093213,0.1503433100523936,0.8824764016520485
201566,Russell Westbrook,OKC,2017-18,Playmaker,Elite,80,2913.6566666666668,2028,804,820,147,20,381,0.449,0.298,0.737,0.524,0.477,0.326,0.186,112.3,105.6,6.6,2.15,0.048,0.226,0.464,0.133,19.80000000000001,1.9285493361581476,4.317786988988029,2.02752548660082,0.9844084438580007
203499,Shane Larkin,BOS,2017-18,Playmaker,Average,54,774.7116666666667,231,92,98,29,2,33,0.384,0.36,0.865,0.491,0.454,0.153,0.084,99.0,98.6,0.5,2.97,0.019,0.101,0.21,0.059,26.80000000000001,-0.8224773859329296,0.2341659071908243,-0.8044144835151994,-0.009064009571595255
1627885,Shaquille Harrison,PHX,2017-18,Playmaker,Average,23,384.4766666666667,152,61,55,26,7,22,0.476,0.231,0.737,0.54,0.5,0.173,0.101,107.9,101.8,6.1,2.5,0.023,0.13,0.199,0.077,23.60000000000001,-0.45287923632478194,0.014144993646189374,-0.6573554421245776,-0.17757573852957678
2733,Shaun Livingston,GSW,2017-18,Playmaker,Average,71,1129.3166666666666,394,131,140,35,21,58,0.501,0.0,0.82,0.533,0.501,0.165,0.075,108.1,102.2,5.8,2.41,0.033,0.08,0.169,0.059,23.200000000000003,-0.3769478047846729,0.15838915599742526,-0.7009327187522536,0.03381915393844459
202714,Shelvin Mack,ORL,2017-18,Playmaker,Very Good,69,1364.735,473,166,272,54,8,89,0.43,0.345,0.711,0.518,0.488,0.175,0.103,103.1,105.7,-2.7,3.06,0.016,0.102,0.308,0.059,19.700000000000003,-0.33253526157513663,1.4249622240995714,-0.6080644683239689,-0.10648334494683041
203915,Spencer Dinwiddie,BKN,2017-18,Playmaker,Elite,80,2306.025,1007,259,524,68,23,128,0.387,0.326,0.813,0.527,0.471,0.201,0.108,107.3,108.6,-1.3,4.09,0.016,0.094,0.349,0.054,16.80000000000001,0.2943486274518044,2.582568224060421,-0.4249985315664996,0.019949138592067612
204456,T.J. McConnell,PHI,2017-18,Playmaker,Very Good,76,1706.6133333333332,478,226,303,92,13,112,0.499,0.435,0.795,0.545,0.531,0.134,0.099,103.0,104.4,-1.4,2.71,0.021,0.1,0.258,0.062,21.0,-0.4746958040849713,1.2581499883461962,-0.41064279039001134,0.4142168442887389
1626179,Terry Rozier,BOS,2017-18,Playmaker,Average,80,2068.14,900,376,232,80,19,80,0.395,0.381,0.772,0.52,0.491,0.199,0.118,104.3,101.6,2.6,2.9,0.029,0.144,0.184,0.087,23.80000000000001,0.16252197421257078,0.5811855576763042,0.30585535477678755,0.5150983631860387
204025,Tim Frazier,WAS,2017-18,Playmaker,Very Good,59,837.9083333333333,176,115,194,47,7,57,0.395,0.304,0.767,0.475,0.445,0.125,0.085,102.4,108.0,-5.5,3.4,0.021,0.121,0.327,0.07,17.400000000000006,-1.1585946542194234,1.2446817143206137,-0.6032505787394147,-0.32426610213194224
203107,Tomas Satoransky,WAS,2017-18,Playmaker,Very Good,73,1642.6533333333334,524,233,286,52,15,83,0.523,0.465,0.781,0.615,0.585,0.134,0.106,107.1,105.6,1.5,3.45,0.045,0.099,0.246,0.072,19.80000000000001,-0.04129541904628634,1.1281833958474388,-0.26467259725755155,-0.050508355296995856
2225,Tony Parker,SAS,2017-18,Playmaker,Very Good,55,1070.871666666667,421,95,195,28,1,68,0.459,0.27,0.705,0.498,0.472,0.201,0.094,104.5,105.8,-1.2,2.87,0.007,0.083,0.282,0.045,19.60000000000001,-0.2940531964025357,0.9955670055716767,-0.9748095080297278,-0.4525764968693983
203504,Trey Burke,NYK,2017-18,Playmaker,Very Good,36,784.655,461,71,170,24,4,43,0.503,0.362,0.649,0.563,0.552,0.249,0.129,111.1,115.3,-4.2,3.95,0.017,0.074,0.329,0.045,10.100000000000009,0.45781575312128525,1.16760442925433,-1.0384905940376945,-1.021838969583703
1628416,Tyler Dorsey,ATL,2017-18,Playmaker,Average,56,974.21,405,130,79,17,5,37,0.377,0.362,0.714,0.494,0.471,0.193,0.07,101.5,108.7,-7.1,2.14,0.016,0.112,0.128,0.064,16.700000000000003,-0.387025580634836,-0.2963958013968155,-0.6398878258125174,-0.6964701908220973
203898,Tyler Ennis,LAL,2017-18,Playmaker,Average,54,683.3766666666667,224,95,105,30,10,38,0.42,0.25,0.759,0.473,0.451,0.169,0.081,101.2,103.0,-1.7,2.76,0.026,0.101,0.234,0.065,22.400000000000006,-0.8133133670717966,0.39474742648520583,-0.7200164219361218,-0.17628350482651467
1627755,Tyler Ulis,PHX,2017-18,Playmaker,Very Good,71,1658.4616666666666,554,128,311,70,7,127,0.388,0.288,0.832,0.465,0.426,0.184,0.073,101.4,110.0,-8.6,2.45,0.014,0.061,0.282,0.037,15.400000000000006,-0.5112672782643558,1.4224111989629158,-0.989165249206216,-0.20346410464977283
201936,Tyreke Evans,MEM,2017-18,Playmaker,Very Good,52,1607.1616666666666,1010,265,269,57,17,117,0.452,0.399,0.785,0.561,0.523,0.277,0.16,106.5,106.4,0.1,2.3,0.027,0.137,0.304,0.083,19.0,1.0472649420241738,1.3914525367928876,-0.03962828522877929,-0.02547035263889384
1627820,Tyrone Wallace,LAC,2017-18,Playmaker,Average,30,851.185,291,105,71,27,13,46,0.445,0.25,0.782,0.517,0.466,0.159,0.06,106.1,107.6,-1.5,1.54,0.024,0.091,0.115,0.058,17.80000000000001,-0.5866296163776067,-0.3988628253294456,-0.782660216232231,-0.4472867068599444
1626145,Tyus Jones,MIN,2017-18,Playmaker,Average,82,1466.81,416,132,232,95,6,59,0.457,0.349,0.877,0.572,0.526,0.124,0.09,110.8,105.2,5.6,3.93,0.011,0.083,0.215,0.047,20.200000000000003,-0.43823838102461404,0.7553328110587383,-0.8511551918247519,0.3274749450425652
202083,Wesley Matthews,DAL,2017-18,Playmaker,Average,63,2131.4333333333334,802,198,172,76,16,83,0.406,0.381,0.822,0.541,0.516,0.173,0.071,103.8,111.0,-7.2,2.07,0.013,0.085,0.125,0.047,14.400000000000006,0.021585105486653353,0.02896253157589168,-0.6760322053028436,-0.10899342604175107
203115,Will Barton,DEN,2017-18,Playmaker,Very Good,81,2682.901666666666,1268,409,331,82,52,149,0.452,0.37,0.805,0.562,0.528,0.201,0.109,110.7,108.6,2.1,2.22,0.026,0.126,0.185,0.075,16.80000000000001,0.682682265717161,0.95109265192271,0.24054099638157816,0.45841467581753786
1627812,Yogi Ferrell,DAL,2017-18,Playmaker,Average,82,2281.485,838,249,201,64,9,78,0.426,0.373,0.796,0.54,0.518,0.166,0.082,103.4,103.2,0.2,2.58,0.011,0.097,0.137,0.054,22.200000000000003,-0.00941444362487604,0.20308541994270826,-0.45153231740315236,0.1541344360631179
1628988,Aaron Holiday,IND,2018-19,Playmaker,Average,50,645.83,294,67,87,21,13,40,0.401,0.339,0.82,0.518,0.483,0.206,0.078,107.2,100.2,7.0,2.18,0.008,0.088,0.18,0.049,25.200000000000003,-0.23468597635600888,0.025159702597586514,-0.9981454911536343,-0.0746702891234976
201143,Al Horford,BOS,2018-19,Playmaker,Very Good,68,1972.6833333333332,925,458,283,59,86,102,0.535,0.36,0.821,0.605,0.586,0.188,0.134,112.5,106.4,6.1,2.77,0.062,0.161,0.203,0.113,19.0,0.5860159720163253,0.8755852284789833,0.8546634105590281,0.6933573894497341
202692,Alec Burks,SAC,2018-19,Playmaker,Average,64,1374.9466666666667,561,235,128,39,21,65,0.405,0.363,0.823,0.523,0.469,0.185,0.091,103.6,114.6,-11.1,1.97,0.021,0.151,0.142,0.084,10.800000000000011,-0.16728165392875735,-0.03744377991339927,-0.1064899884340573,-0.653293364922139
1627936,Alex Caruso,LAL,2018-19,Playmaker,Average,25,531.1266666666667,229,67,77,24,9,42,0.445,0.48,0.797,0.569,0.514,0.184,0.096,105.6,102.4,3.2,1.83,0.035,0.079,0.205,0.058,23.0,-0.15101691600104308,0.12880412274713454,-0.8834886024115116,-0.21331634142975767
203085,Austin Rivers,HOU,2018-19,Playmaker,Average,76,2027.7266666666667,618,162,167,47,23,68,0.406,0.318,0.526,0.503,0.497,0.142,0.042,111.6,109.1,2.5,2.46,0.012,0.065,0.12,0.038,16.30000000000001,-0.55530761763956,-0.017524191710385814,-0.8862107230569162,-0.22701682063723436
202340,Avery Bradley,MEM,2018-19,Playmaker,Average,63,1905.4483333333333,625,175,152,41,16,89,0.408,0.351,0.86,0.496,0.479,0.16,0.047,108.7,110.2,-1.5,1.71,0.022,0.065,0.114,0.044,15.200000000000003,-0.4585136513775481,-0.10642548155496316,-0.7752788756411859,-0.42463738884306695
1627732,Ben Simmons,PHI,2018-19,Playmaker,Elite,79,2700.2633333333333,1337,697,610,112,61,274,0.563,0.0,0.6,0.582,0.563,0.215,0.145,111.3,108.9,2.4,2.23,0.062,0.179,0.341,0.122,16.5,0.9492790149570971,2.8540804511021745,1.6034777807971519,0.8426863374796972
203992,Bogdan Bogdanović,SAC,2018-19,Playmaker,Very Good,70,1947.17,990,243,267,72,15,117,0.418,0.36,0.827,0.53,0.496,0.22,0.099,108.2,109.3,-1.1,2.28,0.019,0.098,0.199,0.058,16.10000000000001,0.43833086344295674,0.794239553981902,-0.41649397168642277,-0.0606733942139168
202954,Brad Wanamaker,BOS,2018-19,Playmaker,Average,36,342.6083333333333,140,41,56,12,2,19,0.476,0.41,0.857,0.597,0.552,0.162,0.104,106.6,97.8,8.8,2.95,0.008,0.096,0.225,0.054,27.60000000000001,-0.21615876266623188,0.16388367167637558,-1.00343506280553,-0.13820343948329628
202688,Brandon Knight,CLE,2018-19,Playmaker,Average,39,736.545,266,59,71,21,2,30,0.381,0.318,0.794,0.484,0.46,0.178,0.051,102.9,114.9,-12.0,2.37,0.012,0.07,0.147,0.039,10.5,-0.6542478751327826,-0.21909791861209438,-1.1467690628697595,-1.0496561163849834
1626166,Cameron Payne,CLE,2018-19,Playmaker,Average,40,712.225,250,72,106,28,9,45,0.43,0.298,0.805,0.519,0.487,0.169,0.074,99.5,114.8,-15.2,2.36,0.017,0.083,0.225,0.05,10.600000000000009,-0.5315568295290171,0.34786823779328896,-0.9721389439306276,-0.9004288602903413
1627747,Caris LeVert,BKN,2018-19,Playmaker,Average,40,1062.8866666666668,547,151,156,42,14,69,0.429,0.312,0.691,0.509,0.478,0.235,0.103,108.5,108.7,-0.2,2.26,0.03,0.1,0.231,0.065,16.700000000000003,0.10860085740823779,0.5655587239197056,-0.5714272212508662,-0.3463789413366462
202718,Chandler Parsons,MEM,2018-19,Playmaker,Average,25,495.77,187,70,43,19,5,32,0.374,0.309,0.88,0.484,0.453,0.192,0.069,101.6,107.0,-5.4,1.34,0.007,0.126,0.143,0.066,18.400000000000006,-0.6087318918368139,-0.34459988897723476,-0.7736112322230735,-0.5758645173613189
1626184,Chasson Randle,WAS,2018-19,Playmaker,Average,49,742.91,271,56,97,25,3,43,0.419,0.4,0.694,0.555,0.525,0.16,0.053,104.8,110.6,-5.8,2.26,0.013,0.062,0.182,0.036,14.800000000000011,-0.37646573724955745,0.07319192249080364,-1.192948161534796,-0.7454480979158012
101108,Chris Paul,HOU,2018-19,Playmaker,Elite,58,1856.775,906,265,473,114,18,152,0.419,0.358,0.862,0.56,0.508,0.22,0.138,112.4,104.2,8.3,3.11,0.019,0.123,0.382,0.07,21.200000000000003,0.5492804392568916,2.580286526673438,-0.2052437911896231,0.7045050839568648
202709,Cory Joseph,IND,2018-19,Playmaker,Very Good,82,2063.4816666666666,537,279,321,94,22,80,0.412,0.322,0.698,0.474,0.463,0.134,0.087,107.6,102.4,5.2,4.01,0.019,0.111,0.208,0.066,23.0,-0.8380930874971076,1.0435017654024235,-0.21905510823703045,0.6435060962920206
201584,Courtney Lee,DAL,2018-19,Playmaker,Average,34,428.23,136,54,37,21,3,14,0.411,0.291,0.667,0.492,0.473,0.15,0.068,102.3,108.6,-6.4,2.64,0.019,0.105,0.13,0.06,16.80000000000001,-0.9072304444354348,-0.4397075302651883,-0.8925032153897996,-0.6693841995700439
1626156,D'Angelo Russell,BKN,2018-19,Playmaker,Elite,81,2447.955,1712,315,563,100,20,253,0.434,0.369,0.78,0.533,0.512,0.311,0.141,108.1,107.9,0.2,2.23,0.02,0.099,0.392,0.06,17.5,1.6423168685971643,2.967635279033055,-0.19997140505316233,0.36228863314348314
201571,D.J. Augustin,ORL,2018-19,Playmaker,Very Good,81,2268.9616666666666,948,203,426,52,4,128,0.47,0.421,0.866,0.616,0.566,0.169,0.103,110.4,107.2,3.2,3.33,0.018,0.071,0.258,0.044,18.200000000000003,0.5264061364514512,1.710752020993803,-0.7009842752985581,-0.25580793940999824
203081,Damian Lillard,POR,2018-19,Playmaker,Elite,80,2837.7566666666667,2067,371,551,88,34,212,0.444,0.369,0.912,0.588,0.522,0.281,0.155,116.0,107.9,8.2,2.6,0.023,0.1,0.299,0.062,17.5,1.9931747685642154,2.401037223017693,-0.02590289575854615,0.37959677392675517
203957,Dante Exum,UTA,2018-19,Playmaker,Average,42,664.0483333333333,288,68,110,14,5,52,0.419,0.29,0.791,0.516,0.456,0.207,0.082,103.8,100.6,3.2,2.12,0.024,0.077,0.251,0.051,24.80000000000001,-0.24312746028705504,0.5086459897904899,-0.9700128039606084,-0.25164141173606186
203121,Darius Miller,NOP,2018-19,Playmaker,Average,69,1757.505,567,128,146,40,23,59,0.39,0.365,0.789,0.55,0.528,0.131,0.048,109.6,109.8,-0.2,2.47,0.007,0.059,0.107,0.033,15.600000000000009,-0.40388731434328573,-0.1678272028334134,-1.040123866424937,-0.34067463374006984
201954,Darren Collison,IND,2018-19,Playmaker,Very Good,76,2143.1783333333333,853,232,459,110,9,125,0.467,0.407,0.832,0.574,0.527,0.176,0.114,109.6,107.4,2.2,3.67,0.017,0.089,0.302,0.054,18.0,0.26900384188162824,2.0793585813673237,-0.49663975332546206,0.383987496017556
1628368,De'Aaron Fox,SAC,2018-19,Playmaker,Elite,81,2545.843333333333,1399,304,590,133,45,227,0.458,0.371,0.727,0.544,0.497,0.238,0.119,110.0,109.1,0.9,2.6,0.015,0.095,0.322,0.054,16.30000000000001,0.9450949605048198,2.6737512112919815,-0.3055964953015621,0.8866446001251876
1629001,De'Anthony Melton,PHX,2018-19,Playmaker,Average,50,983.89,250,134,159,68,23,75,0.391,0.305,0.75,0.466,0.447,0.147,0.063,105.8,113.7,-7.9,2.12,0.025,0.114,0.214,0.068,11.700000000000003,-0.9956368536809085,0.48109769119312756,-0.578315694259135,-0.27969970416039597
201942,DeMar DeRozan,SAS,2018-19,Playmaker,Very Good,77,2688.1566666666668,1635,462,475,86,36,199,0.481,0.156,0.83,0.542,0.483,0.277,0.135,110.9,110.9,0.0,2.39,0.02,0.147,0.277,0.085,14.5,1.3893498364914716,1.9977923091518055,0.5085666043626409,0.20284495090776866
1626153,Delon Wright,MEM,2018-19,Playmaker,Very Good,75,1698.4366666666667,653,266,248,88,30,77,0.434,0.298,0.793,0.523,0.478,0.172,0.109,106.2,106.4,-0.1,3.22,0.037,0.113,0.217,0.074,19.0,-0.19610221904821043,0.8254431788859851,-0.15163179538723676,0.42725893048871894
203471,Dennis Schröder,OKC,2018-19,Playmaker,Very Good,79,2313.7516666666666,1224,284,323,65,12,172,0.414,0.341,0.819,0.508,0.47,0.238,0.093,109.1,105.5,3.6,1.88,0.015,0.102,0.209,0.057,19.900000000000006,0.6130625941635998,1.0564788013820174,-0.3204451040608267,0.05971243839679167
1628372,Dennis Smith Jr.,NYK,2018-19,Playmaker,Very Good,53,1508.475,722,155,252,67,20,154,0.428,0.322,0.635,0.502,0.479,0.242,0.084,102.4,107.7,-5.3,1.64,0.02,0.075,0.278,0.048,17.700000000000003,0.24602254148912492,1.1828387976052892,-0.7773878300957702,0.032114591189089915
201565,Derrick Rose,MIN,2018-19,Playmaker,Very Good,51,1392.1616666666666,917,140,220,31,12,82,0.482,0.37,0.856,0.557,0.518,0.261,0.128,111.5,110.8,0.7,2.68,0.022,0.07,0.244,0.046,14.600000000000009,0.8402002335358087,0.8740884619032787,-0.8426678174601099,-0.6039736792681776
1628401,Derrick White,SAS,2018-19,Playmaker,Very Good,67,1727.9733333333334,663,247,263,67,47,97,0.479,0.338,0.772,0.555,0.523,0.178,0.096,111.9,107.1,4.8,2.71,0.022,0.116,0.206,0.072,18.30000000000001,0.03799332113726236,0.8188443620369695,-0.22752529708623764,0.3405389243017501
1626164,Devin Booker,PHX,2018-19,Playmaker,Elite,64,2242.1183333333333,1700,265,433,56,13,264,0.467,0.326,0.866,0.584,0.521,0.32,0.134,108.2,115.1,-6.9,1.64,0.017,0.099,0.327,0.058,10.300000000000011,1.991141766327036,2.1241279403594593,-0.3581196428457867,-0.5874672445201675
2734,Devin Harris,DAL,2018-19,Playmaker,Average,68,1070.59,428,112,122,35,16,56,0.38,0.31,0.761,0.527,0.47,0.18,0.065,105.7,109.9,-4.2,2.18,0.01,0.09,0.172,0.049,15.5,-0.2769267273570416,0.109007672200088,-0.8787434548886968,-0.46917916395808784
1628984,Devonte' Graham,CHA,2018-19,Playmaker,Average,46,676.095,217,63,121,23,2,30,0.343,0.281,0.761,0.459,0.421,0.166,0.068,104.5,111.8,-7.3,4.03,0.013,0.078,0.266,0.044,13.600000000000009,-0.9203683626227956,0.6333873943599695,-1.072457277011697,-0.8467938978549009
203079,Dion Waiters,MIA,2018-19,Playmaker,Average,44,1137.9033333333334,527,116,121,29,9,64,0.414,0.377,0.5,0.53,0.528,0.213,0.083,105.9,107.8,-2.0,1.89,0.006,0.094,0.164,0.049,17.60000000000001,0.05319553361273758,0.06038675419841201,-0.8681299405540357,-0.47878477200551134
203110,Draymond Green,GSW,2018-19,Playmaker,Very Good,66,2064.693333333333,486,481,454,95,70,169,0.445,0.285,0.692,0.526,0.501,0.128,0.098,115.8,105.0,10.7,2.69,0.031,0.18,0.261,0.112,20.400000000000006,-0.6214826928662692,1.8306363380240263,0.9029514636786491,0.9867435762491074
2548,Dwyane Wade,MIA,2018-19,Playmaker,Very Good,72,1885.2266666666667,1083,285,301,59,38,166,0.433,0.33,0.708,0.51,0.478,0.269,0.115,104.8,106.6,-1.8,1.81,0.033,0.106,0.264,0.069,18.80000000000001,0.7497506111927024,1.284496525711023,-0.16491587382099787,0.19596818229235316
203901,Elfrid Payton,NOP,2018-19,Playmaker,Very Good,42,1249.7733333333333,446,220,320,44,17,112,0.434,0.314,0.743,0.502,0.475,0.177,0.098,110.7,112.9,-2.2,2.86,0.037,0.129,0.318,0.083,12.5,-0.4288458978437115,1.6577639409209803,-0.15903032149371676,-0.5420734586587157
1629059,Elie Okobo,PHX,2018-19,Playmaker,Average,53,958.19,304,98,127,32,7,69,0.393,0.295,0.787,0.489,0.46,0.168,0.053,101.1,111.1,-9.9,1.84,0.012,0.092,0.198,0.051,14.300000000000011,-0.6714613553584686,0.27346511551962743,-0.8904114464506501,-0.6618260388600788
1626144,Emmanuel Mudiay,NYK,2018-19,Playmaker,Very Good,59,1607.0616666666667,873,196,228,43,19,140,0.446,0.329,0.774,0.531,0.493,0.248,0.098,104.0,114.8,-10.8,1.63,0.019,0.098,0.242,0.057,10.600000000000009,0.5646474724374119,0.8922906858121504,-0.5539424194233711,-0.643833776184937
202339,Eric Bledsoe,MIL,2018-19,Playmaker,Very Good,78,2271.705,1241,362,430,116,29,165,0.484,0.329,0.75,0.577,0.548,0.225,0.125,115.3,104.2,11.1,2.61,0.035,0.108,0.26,0.074,21.200000000000003,0.9246658571438388,1.7367060929529905,0.10309254864462983,0.8365199138672864
203095,Evan Fournier,ORL,2018-19,Playmaker,Average,81,2553.2816666666668,1226,258,295,71,12,154,0.438,0.34,0.806,0.536,0.509,0.217,0.077,110.1,108.4,1.7,1.92,0.014,0.086,0.17,0.05,17.0,0.62086578234799,0.734358964294774,-0.478610527368886,-0.04850794161689448
202323,Evan Turner,POR,2018-19,Playmaker,Very Good,73,1605.7133333333334,494,328,283,33,18,114,0.46,0.212,0.708,0.504,0.473,0.158,0.099,110.4,109.1,1.3,2.48,0.022,0.167,0.242,0.096,16.30000000000001,-0.5218848359391074,1.0946737085407552,0.293150071502977,-0.4226632217889641
1628412,Frank Mason III,SAC,2018-19,Playmaker,Average,38,435.47833333333335,195,43,84,16,4,36,0.42,0.219,0.684,0.502,0.462,0.213,0.085,99.5,114.0,-14.5,2.33,0.013,0.083,0.28,0.047,11.400000000000006,-0.3463169253857194,0.5758859621222947,-1.0873058857709617,-1.0283487955258452
1628373,Frank Ntilikina,NYK,2018-19,Playmaker,Average,43,903.6033333333334,246,87,121,30,14,56,0.337,0.287,0.767,0.417,0.395,0.163,0.039,102.0,110.6,-8.5,2.16,0.012,0.08,0.195,0.045,14.800000000000011,-1.1615530103044662,0.23453400758084608,-0.99603653669905,-0.5823491791904437
1627832,Fred VanVleet,TOR,2018-19,Playmaker,Very Good,64,1760.253333333333,701,167,307,57,20,82,0.41,0.378,0.843,0.539,0.503,0.177,0.095,113.1,105.0,8.1,3.74,0.012,0.078,0.243,0.046,20.400000000000006,-0.03340408076344178,1.1886039536117907,-0.7710265957011474,0.08713858443962767
201609,Goran Dragic,MIA,2018-19,Playmaker,Very Good,36,990.5166666666668,494,111,174,30,5,71,0.413,0.348,0.782,0.517,0.479,0.224,0.096,108.3,107.0,1.3,2.45,0.019,0.087,0.259,0.052,18.400000000000006,0.03559495094069622,0.7890874610994769,-0.8431778705583213,-0.4618895250398876
202330,Gordon Hayward,BOS,2018-19,Playmaker,Average,72,1863.3383333333331,825,322,244,62,23,105,0.466,0.333,0.834,0.575,0.527,0.183,0.114,110.3,105.2,5.1,2.32,0.026,0.141,0.185,0.083,20.200000000000003,0.30577258244680533,0.6309595068792806,0.11161429404014152,0.1575468561305042
203546,Ian Clark,NOP,2018-19,Playmaker,Average,60,972.5783333333334,401,89,94,22,8,58,0.394,0.327,0.892,0.502,0.48,0.185,0.052,106.2,109.6,-3.4,1.62,0.012,0.071,0.132,0.042,15.800000000000011,-0.40273374325577144,-0.21872981822207255,-1.0289487424457602,-0.6671901916658719
1628515,Isaiah Briscoe,ORL,2018-19,Playmaker,Average,39,559.23,136,74,87,11,2,31,0.399,0.324,0.577,0.455,0.438,0.139,0.057,102.8,100.9,2.0,2.81,0.008,0.111,0.226,0.06,24.5,-1.199304586638412,0.2835717560037791,-0.8394356437164942,-0.33070429507506666
203477,Isaiah Canaan,MIL,2018-19,Playmaker,Average,30,627.9233333333333,181,58,84,14,2,35,0.39,0.354,0.792,0.518,0.494,0.147,0.057,102.5,114.9,-12.3,2.4,0.01,0.086,0.194,0.047,10.5,-0.7480842474347468,0.09276777531941299,-1.0475052070159823,-1.1221856569531667
202397,Ish Smith,DET,2018-19,Playmaker,Very Good,56,1250.99,501,145,203,28,11,61,0.419,0.326,0.758,0.485,0.464,0.193,0.086,110.8,108.1,2.7,3.33,0.017,0.097,0.243,0.055,17.30000000000001,-0.3692531090142359,0.8059160560886109,-0.7147440357996608,-0.48653760945252883
200826,J.J. Barea,DAL,2018-19,Playmaker,Very Good,38,751.8083333333333,415,95,211,22,1,72,0.418,0.297,0.705,0.495,0.468,0.263,0.131,109.5,106.3,3.2,2.93,0.016,0.106,0.454,0.06,19.10000000000001,0.13833718938848713,2.0206784403348523,-0.7837146934595234,-0.5441220120240212
1628980,Jacob Evans,GSW,2018-19,Playmaker,Average,30,203.59666666666664,40,25,23,5,3,11,0.34,0.267,0.0,0.374,0.377,0.134,0.021,99.8,105.9,-6.2,2.09,0.029,0.084,0.15,0.057,19.5,-1.7682577268124053,-0.3788701420795795,-1.0076701572301336,-0.6765283839493784
1628973,Jalen Brunson,DAL,2018-19,Playmaker,Very Good,73,1591.2583333333334,678,169,230,37,4,88,0.467,0.348,0.725,0.549,0.523,0.186,0.088,107.7,110.4,-2.8,2.61,0.015,0.087,0.223,0.05,15.0,0.07306919441211206,0.7929146550933996,-0.7147612213150957,-0.5992433436430856
2037,Jamal Crawford,PHX,2018-19,Playmaker,Very Good,64,1210.9116666666666,508,85,229,33,12,99,0.397,0.332,0.845,0.522,0.474,0.198,0.083,101.4,116.5,-15.1,2.31,0.006,0.061,0.283,0.034,8.900000000000006,-0.11605381667534713,1.126294163866095,-1.1414794912178636,-0.9181526011737186
1627750,Jamal Murray,DEN,2018-19,Playmaker,Very Good,75,2447.3116666666665,1367,317,363,67,27,158,0.437,0.367,0.848,0.538,0.502,0.241,0.108,112.8,108.0,4.8,2.3,0.026,0.101,0.22,0.063,17.400000000000006,0.9096744236677984,1.2654606409596374,-0.15644568497179084,0.08531043669574696
201949,James Johnson,MIA,2018-19,Playmaker,Average,55,1163.8383333333334,428,176,135,35,27,74,0.433,0.336,0.714,0.522,0.499,0.177,0.079,103.2,107.9,-4.6,1.82,0.018,0.123,0.167,0.071,17.5,-0.32747585456292916,0.12875539271589945,-0.42865483083115263,-0.24037770982528506
1629121,Jaylen Adams,ATL,2018-19,Playmaker,Average,34,427.5883333333333,108,60,65,14,5,28,0.345,0.338,0.778,0.474,0.459,0.131,0.055,102.5,109.1,-6.5,2.32,0.022,0.109,0.201,0.063,16.30000000000001,-1.1694274253919712,0.06217721353940653,-0.8383639809737671,-0.7510561496568336
201952,Jeff Teague,MIN,2018-19,Playmaker,Very Good,42,1264.035,510,106,343,43,18,97,0.423,0.333,0.804,0.528,0.465,0.186,0.103,113.0,113.1,-0.1,3.54,0.012,0.067,0.366,0.039,12.300000000000011,-0.16815208636854953,2.0120442014107875,-1.0220602694374914,-0.5540682926038549
202391,Jeremy Lin,TOR,2018-19,Playmaker,Very Good,74,1436.3133333333333,707,179,231,47,13,124,0.44,0.294,0.838,0.558,0.491,0.213,0.1,101.7,106.8,-5.1,1.86,0.014,0.102,0.249,0.058,18.60000000000001,0.3430933549918917,0.9426533331235859,-0.5863102010410005,-0.1930557080541038
1626170,Jerian Grant,ORL,2018-19,Playmaker,Average,60,938.7733333333332,250,98,156,44,6,51,0.418,0.364,0.65,0.526,0.509,0.13,0.076,100.5,107.7,-7.3,3.06,0.019,0.083,0.242,0.05,17.700000000000003,-0.777032876620194,0.627352910603795,-0.9031511007553303,-0.34784125243509995
1629010,Jerome Robinson,LAC,2018-19,Playmaker,Average,33,320.52,112,41,19,11,3,13,0.4,0.316,0.667,0.491,0.482,0.159,0.043,107.8,111.2,-3.4,1.46,0.009,0.109,0.08,0.061,14.200000000000003,-0.8643712164199059,-0.7868246408131385,-0.914257482672768,-0.9257599840818703
201573,Jerryd Bayless,MIN,2018-19,Playmaker,Average,34,656.9966666666667,209,62,119,18,2,32,0.357,0.296,0.571,0.431,0.42,0.172,0.059,105.0,117.4,-12.4,3.72,0.015,0.08,0.262,0.045,8.0,-1.042305675362498,0.6035573983756239,-1.062371001290682,-1.2276268928236755
1628975,Jevon Carter,MEM,2018-19,Playmaker,Average,39,576.5016666666667,172,66,69,26,11,33,0.303,0.333,0.813,0.432,0.395,0.172,0.053,99.8,106.7,-6.8,2.09,0.023,0.09,0.184,0.055,18.700000000000003,-1.0632706496330433,-0.01860412786483337,-0.9243609439092177,-0.4250037902598496
204060,Joe Ingles,UTA,2018-19,Playmaker,Very Good,82,2567.5666666666666,994,330,469,98,20,193,0.448,0.391,0.707,0.581,0.565,0.17,0.104,109.2,101.6,7.7,2.43,0.013,0.108,0.262,0.061,23.80000000000001,0.3667857022841566,1.8914493611940175,-0.14743107199350283,0.7117203600787261
202322,John Wall,WAS,2018-19,Playmaker,Very Good,32,1103.78,663,116,279,49,29,121,0.444,0.302,0.697,0.527,0.49,0.286,0.123,107.1,113.2,-6.1,2.31,0.013,0.087,0.391,0.05,12.200000000000003,0.6685143704137263,1.9169852901540692,-0.8553902862493554,-0.3864834784451363
203613,Jonathon Simmons,PHI,2018-19,Playmaker,Average,56,1064.265,366,126,128,29,15,68,0.38,0.269,0.742,0.466,0.42,0.182,0.06,101.9,107.2,-5.3,1.88,0.024,0.09,0.175,0.057,18.200000000000003,-0.655766705351175,0.1479387801388693,-0.7396789202799405,-0.382827182957375
1626196,Josh Richardson,MIA,2018-19,Playmaker,Very Good,73,2539.43,1209,263,298,79,34,113,0.412,0.357,0.861,0.536,0.492,0.203,0.094,106.6,105.6,0.9,2.64,0.02,0.078,0.177,0.049,19.80000000000001,0.5061195016082513,0.7847216116062092,-0.47808328875523987,0.4214802600958043
201950,Jrue Holiday,NOP,2018-19,Playmaker,Elite,67,2401.9283333333333,1420,334,518,109,54,210,0.472,0.325,0.768,0.555,0.523,0.25,0.127,113.5,109.1,4.4,2.47,0.03,0.099,0.308,0.065,16.30000000000001,1.1109777710710247,2.3301662893947848,-0.08585894044012049,0.7290290656333539
1626159,Justise Winslow,MIA,2018-19,Playmaker,Very Good,66,1959.505,830,355,282,72,19,142,0.433,0.375,0.628,0.513,0.497,0.206,0.097,107.6,104.2,3.4,1.99,0.031,0.141,0.213,0.086,21.200000000000003,0.1232621700255025,0.9280820705058173,0.2373947502151364,0.279445304550836
202689,Kemba Walker,CHA,2018-19,Playmaker,Very Good,82,2862.605,2102,361,484,102,34,211,0.434,0.356,0.844,0.558,0.511,0.308,0.14,112.1,111.8,0.4,2.29,0.017,0.106,0.287,0.06,13.600000000000009,2.044541910833827,2.087086064402022,-0.07791599020455958,0.29551262237006276
1628989,Kevin Huerter,ATL,2018-19,Playmaker,Average,75,2048.53,727,245,214,65,25,109,0.419,0.385,0.732,0.533,0.522,0.153,0.065,109.3,111.6,-2.2,1.96,0.027,0.087,0.139,0.056,13.800000000000011,-0.2246509952986561,0.2621567138029402,-0.4366665231284529,-0.16716404736523083
1627739,Kris Dunn,CHI,2018-19,Playmaker,Very Good,46,1389.3533333333332,519,187,277,68,21,104,0.425,0.354,0.797,0.484,0.458,0.198,0.084,106.1,113.7,-7.6,2.66,0.013,0.119,0.29,0.066,11.700000000000003,-0.32538755412441134,1.3422429206827524,-0.463165937934236,-0.29993463216654104
200768,Kyle Lowry,TOR,2018-19,Playmaker,Elite,65,2213.293333333333,926,312,564,91,31,182,0.411,0.347,0.83,0.562,0.518,0.191,0.115,116.2,105.5,10.7,3.1,0.019,0.114,0.329,0.069,19.900000000000006,0.36284451043034527,2.6174028102556073,-0.09327465206203539,0.52133969085128
202681,Kyrie Irving,BOS,2018-19,Playmaker,Elite,67,2213.846666666667,1596,335,464,103,34,172,0.487,0.401,0.873,0.592,0.557,0.286,0.157,113.4,107.1,6.2,2.7,0.031,0.113,0.33,0.072,18.30000000000001,1.7129861768627075,2.2550513313566976,0.005972018276306751,0.582020958041037
202362,Lance Stephenson,LAL,2018-19,Playmaker,Average,68,1122.7683333333334,491,215,140,41,7,86,0.426,0.371,0.685,0.529,0.51,0.197,0.088,103.9,108.4,-4.5,1.63,0.026,0.15,0.175,0.088,17.0,-0.09561107716066526,0.19209507600692852,-0.1085989428886418,-0.4099361497816152
2544,LeBron James,LAL,2018-19,Playmaker,Elite,55,1937.4016666666664,1505,465,454,72,33,197,0.51,0.339,0.665,0.588,0.56,0.311,0.188,109.6,107.6,2.0,2.3,0.029,0.193,0.376,0.114,17.80000000000001,1.8075035308756295,2.4766664715395077,0.8859767149493654,0.22132390542554314
1628366,Lonzo Ball,LAL,2018-19,Playmaker,Very Good,47,1422.5383333333334,465,251,255,69,19,103,0.406,0.329,0.417,0.487,0.488,0.167,0.087,105.3,106.1,-0.7,2.48,0.036,0.124,0.236,0.081,19.30000000000001,-0.5741119318232997,0.9579364315057802,-0.10225489400945378,0.1367273331418459
203485,Lorenzo Brown,TOR,2018-19,Playmaker,Average,26,212.19166666666663,55,31,28,12,5,16,0.324,0.214,1.0,0.38,0.366,0.167,0.054,93.5,100.4,-7.0,1.75,0.021,0.11,0.199,0.066,25.0,-1.4815593674982022,-0.08520667205694388,-0.8770929969860193,-0.2606132026027859
101150,Lou Williams,LAC,2018-19,Playmaker,Very Good,75,1992.5883333333331,1498,222,402,57,11,181,0.425,0.361,0.876,0.554,0.471,0.308,0.147,113.1,109.2,3.9,2.22,0.019,0.081,0.318,0.051,16.200000000000003,1.5860978112731419,1.9594986293527183,-0.5613925020761558,-0.250688226795936
1629029,Luka Dončić,DAL,2018-19,Playmaker,Very Good,72,2317.74,1526,563,429,77,25,247,0.427,0.327,0.713,0.545,0.497,0.296,0.149,107.6,110.6,-3.1,1.74,0.036,0.198,0.317,0.117,14.800000000000011,1.466986370765677,2.053232641720934,1.1842267790626033,0.015926982944014956
203521,Matthew Dellavedova,CLE,2018-19,Playmaker,Very Good,48,812.1933333333334,282,77,181,14,2,68,0.405,0.338,0.808,0.532,0.496,0.173,0.082,103.3,107.0,-3.7,2.66,0.007,0.081,0.329,0.044,18.400000000000006,-0.40487016482360544,1.2080810338000507,-1.035309976840383,-0.6580237240620962
203487,Michael Carter-Williams,ORL,2018-19,Playmaker,Average,28,371.81666666666666,134,70,70,20,15,20,0.374,0.263,0.604,0.458,0.415,0.176,0.085,109.4,109.2,0.2,3.5,0.043,0.143,0.262,0.088,16.200000000000003,-0.9127364395135791,0.42325252358104887,-0.49333883752010704,-0.5935887995011875
201144,Mike Conley,MEM,2018-19,Playmaker,Elite,70,2341.8,1478,239,449,94,22,130,0.438,0.364,0.845,0.569,0.507,0.262,0.151,106.3,105.6,0.7,3.45,0.017,0.088,0.327,0.051,19.80000000000001,1.3206957007180724,2.183003001516872,-0.5162850661538461,0.45549113613361314
1628420,Monte Morris,DEN,2018-19,Playmaker,Very Good,82,1970.2083333333333,851,194,297,73,4,52,0.493,0.414,0.802,0.577,0.56,0.168,0.113,109.4,105.1,4.3,5.71,0.017,0.078,0.221,0.047,20.30000000000001,0.2261502961112325,1.0282186670202291,-0.6866457196375046,0.0851654998985083
201587,Nicolas Batum,CHA,2018-19,Playmaker,Average,75,2354.018333333333,699,390,247,71,43,117,0.45,0.389,0.865,0.581,0.553,0.129,0.084,109.7,110.3,-0.5,2.11,0.028,0.131,0.145,0.079,15.100000000000009,-0.14609299720697078,0.41729244744960625,0.24108542051065915,0.15349955988429934
203999,Nikola Jokić,DEN,2018-19,Playmaker,Elite,80,2503.5866666666666,1604,865,580,108,55,248,0.511,0.307,0.821,0.589,0.545,0.271,0.188,113.3,107.5,5.8,2.34,0.089,0.249,0.361,0.169,17.900000000000006,1.5917955287435557,2.8560427781303708,2.6480091351728925,0.8227926467773182
201976,Patrick Beverley,LAC,2018-19,Playmaker,Very Good,78,2137.221666666667,596,388,300,67,43,85,0.407,0.397,0.78,0.561,0.524,0.12,0.079,112.7,108.7,4.0,3.53,0.035,0.135,0.183,0.087,16.700000000000003,-0.400606399803217,0.8257869142603891,0.33769589778077086,0.20606158821025536
201988,Patty Mills,SAS,2018-19,Playmaker,Average,82,1907.7083333333333,811,182,245,49,10,93,0.425,0.394,0.854,0.572,0.545,0.175,0.081,113.6,109.1,4.5,2.63,0.012,0.076,0.174,0.045,16.30000000000001,0.2199600322804914,0.5728450115175294,-0.7439655712508486,-0.33782112680055326
200765,Rajon Rondo,LAL,2018-19,Playmaker,Very Good,46,1368.565,424,243,367,57,7,127,0.405,0.359,0.639,0.473,0.464,0.172,0.099,104.7,113.3,-8.6,2.89,0.023,0.142,0.36,0.083,12.100000000000009,-0.6471221345375937,2.0666508731374025,-0.09800261406941539,-0.5320522505111863
203526,Raul Neto,UTA,2018-19,Playmaker,Average,37,473.5883333333333,196,62,93,14,4,35,0.46,0.333,0.848,0.558,0.522,0.184,0.096,116.1,98.6,17.5,2.66,0.014,0.105,0.251,0.064,26.80000000000001,-0.2377077289756576,0.4460912373107394,-0.8203175695017563,-0.1442495256401292
101109,Raymond Felton,OKC,2018-19,Playmaker,Average,33,379.37,142,34,52,10,6,14,0.407,0.328,0.923,0.505,0.481,0.165,0.089,100.9,98.3,2.6,3.71,0.009,0.074,0.209,0.04,27.10000000000001,-0.7187683492466547,0.05928245302834678,-1.2003638731567112,-0.14783364687238132
202704,Reggie Jackson,DET,2018-19,Playmaker,Very Good,82,2288.8683333333333,1260,216,344,55,9,148,0.421,0.369,0.864,0.547,0.504,0.237,0.1,108.9,108.4,0.5,2.32,0.019,0.076,0.241,0.046,17.0,0.8546873855410793,1.3135172258684724,-0.6410110451015488,-0.24464214063910306
201937,Ricky Rubio,UTA,2018-19,Playmaker,Very Good,68,1898.95,864,243,416,91,10,180,0.404,0.311,0.855,0.52,0.458,0.221,0.103,110.4,104.1,6.3,2.31,0.017,0.107,0.313,0.062,21.30000000000001,0.29761121808660207,1.9829260411908678,-0.36553535446770163,0.3911294918560609
201566,Russell Westbrook,OKC,2018-19,Playmaker,Elite,73,2629.4333333333334,1675,807,784,142,33,325,0.428,0.29,0.656,0.501,0.468,0.301,0.164,112.4,107.4,5.0,2.41,0.036,0.255,0.44,0.141,18.0,1.3594683789982778,4.050494421345838,2.137402856789258,0.9583702461172785
203894,Shabazz Napier,BKN,2018-19,Playmaker,Average,56,982.8366666666668,529,100,143,41,16,66,0.389,0.333,0.833,0.534,0.476,0.234,0.106,105.6,104.3,1.3,2.17,0.017,0.079,0.235,0.047,21.10000000000001,0.23123809963755418,0.5401933500689771,-0.9360633065020407,-0.07798480605100146
1628983,Shai Gilgeous-Alexander,LAC,2018-19,Playmaker,Average,82,2173.9066666666668,889,232,270,96,45,141,0.476,0.367,0.8,0.554,0.512,0.182,0.083,108.8,110.8,-2.0,1.91,0.026,0.078,0.179,0.053,14.600000000000009,0.224537371757584,0.6929255612505723,-0.5093794076301424,0.40339122382349163
1629003,Shake Milton,PHI,2018-19,Playmaker,Average,20,268.225,87,35,18,8,8,6,0.391,0.318,0.714,0.483,0.471,0.147,0.049,110.9,112.1,-1.1,3.0,0.031,0.096,0.086,0.062,13.300000000000011,-1.0159860141052113,-0.7567984121259734,-0.9174380998700793,-0.9591359604259954
202714,Shelvin Mack,CHA,2018-19,Playmaker,Average,57,1246.645,430,104,183,47,4,66,0.404,0.354,0.69,0.489,0.462,0.179,0.077,99.3,108.4,-9.1,2.77,0.014,0.069,0.241,0.042,17.0,-0.5000712872557977,0.7210869229720112,-0.989148063690781,-0.3781203641609612
203915,Spencer Dinwiddie,BKN,2018-19,Playmaker,Very Good,68,1914.003333333333,1143,166,311,40,17,152,0.442,0.335,0.806,0.58,0.517,0.242,0.11,107.1,109.8,-2.7,2.05,0.013,0.069,0.272,0.041,15.600000000000009,0.9955940655381331,1.3662346656137436,-0.8373782458082142,-0.4013794177585049
1629004,Svi Mykhailiuk,DET,2018-19,Playmaker,Average,42,440.13,133,36,37,14,1,21,0.329,0.326,0.6,0.447,0.432,0.157,0.039,105.2,105.7,-0.5,1.76,0.019,0.055,0.11,0.038,19.700000000000003,-1.115439645896034,-0.5520605969635328,-1.2205364245987411,-0.5917601105008156
204456,T.J. McConnell,PHI,2018-19,Playmaker,Very Good,76,1470.285,483,174,258,79,17,91,0.525,0.333,0.784,0.555,0.542,0.148,0.097,108.1,108.8,-0.7,2.84,0.018,0.094,0.249,0.057,16.60000000000001,-0.3114279484999593,1.042004998826719,-0.6123167482640073,0.061468411885163055
1626179,Terry Rozier,BOS,2018-19,Playmaker,Average,79,1791.385,708,307,231,68,21,68,0.387,0.353,0.785,0.501,0.477,0.181,0.103,104.8,105.9,-1.1,3.4,0.016,0.145,0.193,0.08,19.5,-0.21634048568197609,0.6280647463682211,0.03359465237112143,0.15835183321957882
204025,Tim Frazier,MIL,2018-19,Playmaker,Very Good,59,1119.6633333333334,310,168,248,30,5,76,0.444,0.366,0.759,0.544,0.515,0.132,0.081,107.9,110.6,-2.7,3.26,0.035,0.106,0.286,0.071,14.800000000000011,-0.6162073249428206,1.2130612589952738,-0.4498818595004749,-0.6734063552180966
203107,Tomas Satoransky,WAS,2018-19,Playmaker,Very Good,80,2163.5666666666666,709,279,399,82,13,120,0.485,0.395,0.819,0.59,0.545,0.139,0.092,110.1,110.5,-0.4,3.33,0.036,0.09,0.248,0.063,14.900000000000006,-0.014218861423356932,1.5552238219414973,-0.25727407115107137,-0.04780030289634574
2225,Tony Parker,CHA,2018-19,Playmaker,Very Good,56,1002.8016666666666,530,83,207,21,7,75,0.46,0.255,0.734,0.512,0.474,0.247,0.109,107.4,107.5,-0.1,2.76,0.013,0.067,0.331,0.04,17.900000000000006,0.20133971894902128,1.3149883148506802,-1.0703483225571127,-0.5642842010033012
1629027,Trae Young,ATL,2018-19,Playmaker,Elite,81,2503.2816666666668,1549,301,653,72,15,308,0.418,0.324,0.829,0.539,0.48,0.277,0.119,108.5,114.8,-6.3,2.12,0.024,0.091,0.39,0.057,10.600000000000009,1.3101784197570372,3.287572191373664,-0.275337668138517,-0.38382410698618097
2772,Trevor Ariza,WAS,2018-19,Playmaker,Average,69,2348.866666666667,863,371,252,91,21,106,0.399,0.334,0.793,0.534,0.498,0.164,0.085,107.6,114.4,-6.8,2.38,0.021,0.139,0.149,0.079,11.0,-0.04033190167635115,0.45816151740096656,0.19067122742101886,-0.10275155712001845
203504,Trey Burke,DAL,2018-19,Playmaker,Average,58,1124.595,631,99,159,33,7,49,0.431,0.352,0.831,0.524,0.482,0.242,0.108,107.0,108.4,-1.5,3.24,0.023,0.059,0.229,0.041,17.0,0.30618378516052264,0.5653624912168861,-1.0151546109137877,-0.49282705328811066
1628972,Troy Brown Jr.,WAS,2018-19,Playmaker,Average,52,729.7366666666667,248,145,80,21,5,30,0.415,0.319,0.681,0.487,0.462,0.158,0.077,110.0,110.3,-0.3,2.67,0.045,0.149,0.147,0.095,15.100000000000009,-0.7964855885825344,-0.18598069671104994,-0.2051578636124491,-0.7490322191480533
1628416,Tyler Dorsey,MEM,2018-19,Playmaker,Average,48,697.8533333333334,296,113,56,14,2,27,0.405,0.333,0.623,0.509,0.489,0.182,0.072,106.4,108.4,-2.0,2.07,0.036,0.118,0.118,0.076,17.0,-0.46039307385988915,-0.437205235159768,-0.5321194100786636,-0.7402802691314001
204020,Tyler Johnson,PHX,2018-19,Playmaker,Average,57,1529.075,619,173,166,54,27,77,0.413,0.346,0.748,0.532,0.498,0.18,0.085,104.4,108.5,-4.0,2.16,0.021,0.087,0.165,0.053,16.900000000000006,-0.11059960038833481,0.23159051703855127,-0.6659287440663937,-0.07876461902705946
201936,Tyreke Evans,IND,2018-19,Playmaker,Average,69,1401.9833333333331,706,201,166,58,18,118,0.389,0.356,0.719,0.483,0.448,0.255,0.082,105.9,103.9,1.9,1.41,0.023,0.114,0.176,0.069,21.5,0.2210172375693146,0.2933847037226407,-0.38779967484888117,0.14189516192624704
1626145,Tyus Jones,MIN,2018-19,Playmaker,Very Good,68,1560.4233333333334,468,134,327,81,5,47,0.415,0.317,0.841,0.491,0.46,0.139,0.095,108.4,108.7,-0.3,6.96,0.014,0.069,0.284,0.041,16.700000000000003,-0.7540518380193596,1.4925215667901623,-0.922286360485503,-0.0333429627701334
203506,Victor Oladipo,IND,2018-19,Playmaker,Very Good,36,1146.6733333333334,675,202,186,60,11,82,0.423,0.343,0.73,0.519,0.486,0.278,0.13,110.1,104.6,5.6,2.27,0.018,0.154,0.25,0.087,20.80000000000001,0.5728640114588949,0.782684876953281,-0.15583251878097074,0.05066736724671211
1627782,Wayne Selden,CHI,2018-19,Playmaker,Average,75,1438.58,514,180,109,33,13,79,0.406,0.316,0.728,0.491,0.463,0.178,0.054,102.6,112.1,-9.6,1.38,0.024,0.098,0.112,0.06,13.300000000000011,-0.43538018665168826,-0.27588751508534315,-0.5581775138479748,-0.6495145669528343
203115,Will Barton,DEN,2018-19,Playmaker,Average,43,1188.9783333333332,494,199,124,18,22,65,0.402,0.342,0.77,0.501,0.475,0.195,0.08,109.7,109.1,0.6,1.91,0.026,0.137,0.146,0.081,16.30000000000001,-0.26817960816630926,-0.0296919318630834,-0.2402305803600482,-0.537613809851353
1627812,Yogi Ferrell,SAC,2018-19,Playmaker,Average,71,1066.6483333333333,420,109,137,36,4,40,0.435,0.362,0.896,0.55,0.511,0.16,0.092,106.4,108.9,-2.6,3.43,0.011,0.085,0.176,0.048,16.5,-0.29760222743824477,0.18667365537483094,-0.899443244944373,-0.5214726940071438
1628988,Aaron Holiday,IND,2019-20,Playmaker,Average,66,1617.3316666666667,627,156,225,55,16,88,0.414,0.394,0.851,0.521,0.491,0.182,0.078,109.1,106.9,2.2,2.56,0.013,0.077,0.188,0.046,18.5,-0.15308234303432952,0.5778983317596054,-0.8002137601214654,-0.08568788004334153
203459,Allen Crabbe,MIN,2019-20,Playmaker,Average,37,653.01,172,77,33,15,4,17,0.356,0.303,0.714,0.47,0.458,0.122,0.043,97.5,112.5,-15.0,1.94,0.014,0.098,0.073,0.053,12.900000000000006,-1.2120283771521347,-0.7746325356448234,-0.9206530880982604,-0.9505781458899033
2738,Andre Iguodala,MIA,2019-20,Playmaker,Average,21,418.1666666666667,96,78,51,14,21,26,0.432,0.298,0.4,0.507,0.511,0.121,0.074,106.9,108.8,-1.9,1.96,0.04,0.132,0.181,0.088,16.60000000000001,-1.0626073385308696,-0.10169153167167388,-0.4721118088507848,-0.5715503230928226
1627732,Ben Simmons,PHI,2019-20,Playmaker,Elite,57,2016.8633333333328,937,444,455,119,33,200,0.58,0.286,0.621,0.602,0.581,0.206,0.142,109.1,107.3,1.7,2.28,0.054,0.159,0.335,0.107,18.10000000000001,0.7092858277471645,2.2500223761302394,0.7410781845596323,0.7259343660410548
202954,Brad Wanamaker,BOS,2019-20,Playmaker,Average,71,1369.1166666666666,487,144,179,61,14,76,0.448,0.363,0.926,0.577,0.499,0.152,0.086,110.3,105.2,5.0,2.36,0.016,0.082,0.181,0.05,20.200000000000003,-0.1534756280591443,0.3693089575876244,-0.7810956859067276,0.05612831716453958
1629164,Brandon Goodwin,ATL,2019-20,Playmaker,Average,34,430.4666666666666,206,72,51,12,4,29,0.4,0.299,0.933,0.507,0.468,0.22,0.094,94.5,108.2,-13.8,1.76,0.023,0.132,0.208,0.076,17.200000000000003,-0.25855323167371275,0.04998510837109127,-0.6409079320089399,-0.7290171319919782
202688,Brandon Knight,DET,2019-20,Playmaker,Average,25,462.4983333333333,183,41,69,10,3,38,0.353,0.344,0.588,0.503,0.488,0.207,0.052,108.8,116.4,-7.6,1.82,0.009,0.093,0.216,0.047,9.0,-0.3931760687496468,0.16116077885251795,-1.092612642938292,-1.2416456572775958
1628971,Bruce Brown,DET,2019-20,Playmaker,Average,58,1634.0416666666667,517,274,230,63,29,100,0.443,0.344,0.739,0.518,0.48,0.159,0.083,106.0,110.4,-4.3,2.3,0.038,0.131,0.208,0.084,15.0,-0.4179324216094898,0.7086498550696412,-0.00300822367111149,-0.07691130717016219
1627747,Caris LeVert,BKN,2019-20,Playmaker,Very Good,45,1329.84,842,189,199,53,10,118,0.425,0.364,0.711,0.514,0.48,0.284,0.111,109.8,109.5,0.2,1.69,0.034,0.096,0.242,0.065,15.900000000000006,0.7086310944269448,0.7855796374643407,-0.4705988350715857,-0.31987754506710686
1629185,Chris Chiozza,BKN,2019-20,Playmaker,Average,28,400.9616666666666,142,53,83,21,4,32,0.393,0.375,1.0,0.499,0.489,0.175,0.095,107.8,98.5,9.3,2.59,0.02,0.102,0.295,0.059,26.900000000000006,-0.6798687458187175,0.6564710708237147,-0.9078962482781452,-0.06584451756699572
101108,Chris Paul,OKC,2019-20,Playmaker,Elite,70,2207.853333333333,1232,349,472,111,11,161,0.489,0.365,0.907,0.61,0.552,0.228,0.153,114.0,107.1,6.9,2.93,0.012,0.143,0.324,0.08,18.30000000000001,1.1288156576364579,2.2507829419259004,0.14503655288506306,0.43221018947686446
1628998,Cody Martin,CHA,2019-20,Playmaker,Average,48,902.695,238,158,95,39,9,44,0.43,0.234,0.646,0.505,0.473,0.131,0.076,104.5,107.7,-3.2,2.16,0.039,0.14,0.154,0.086,17.700000000000003,-0.8984344419903906,-0.09146175353155529,-0.2853208307669232,-0.36929567511744205
202709,Cory Joseph,SAC,2019-20,Playmaker,Average,72,1759.3966666666668,458,188,251,53,21,80,0.415,0.352,0.857,0.517,0.483,0.127,0.07,107.3,107.6,-0.3,3.14,0.024,0.082,0.199,0.053,17.80000000000001,-0.7004531708415441,0.7353644928244898,-0.6261280653114146,-0.09695155843925389
1626156,D'Angelo Russell,MIN,2019-20,Playmaker,Very Good,45,1452.128333333333,1039,177,285,48,13,147,0.426,0.367,0.809,0.556,0.519,0.305,0.125,106.2,114.3,-8.1,1.94,0.011,0.107,0.327,0.057,11.100000000000009,1.2445640778322493,1.5795336246533962,-0.6043566125130114,-0.6233544079870611
201571,D.J. Augustin,ORL,2019-20,Playmaker,Very Good,57,1420.415,599,122,262,34,1,86,0.399,0.348,0.89,0.554,0.475,0.184,0.102,106.2,104.6,1.5,3.05,0.015,0.067,0.281,0.041,20.80000000000001,0.030045145691538294,1.2364886708334235,-0.9541269034894864,-0.3199027091801235
203081,Damian Lillard,POR,2019-20,Playmaker,Elite,66,2473.655,1978,284,530,70,22,194,0.463,0.401,0.888,0.627,0.563,0.294,0.168,115.7,114.3,1.4,2.73,0.013,0.092,0.335,0.053,11.100000000000009,2.24714269237919,2.5259992253056094,-0.37140372127954796,-0.30434724731654583
1628422,Damyean Dotson,NYK,2019-20,Playmaker,Average,48,836.0616666666666,321,91,57,23,4,21,0.414,0.362,0.667,0.527,0.516,0.158,0.079,102.5,107.8,-5.3,2.71,0.011,0.091,0.105,0.05,17.60000000000001,-0.5151402684650223,-0.5065550371913536,-0.9217247508409874,-0.5915402696507456
1629636,Darius Garland,CLE,2019-20,Playmaker,Average,59,1823.9683333333328,728,111,229,42,4,151,0.401,0.355,0.875,0.498,0.476,0.201,0.057,105.2,113.8,-8.7,1.52,0.014,0.046,0.182,0.03,11.600000000000009,-0.07266047436881222,0.5589111770394549,-1.1234502652612877,-0.7472024241198342
1628368,De'Aaron Fox,SAC,2019-20,Playmaker,Very Good,51,1634.3966666666668,1077,196,348,74,25,158,0.48,0.292,0.705,0.558,0.513,0.29,0.124,110.7,114.6,-4.0,2.2,0.021,0.099,0.336,0.059,10.800000000000011,1.1735955786771475,1.861913057974962,-0.5284631108140105,-0.25017580606893114
1629001,De'Anthony Melton,MEM,2019-20,Playmaker,Average,60,1167.3466666666666,455,220,175,77,20,84,0.401,0.286,0.769,0.501,0.451,0.185,0.093,110.2,105.0,5.1,2.08,0.035,0.137,0.196,0.087,20.400000000000006,-0.3695092371462252,0.4388549923220298,-0.10807170427499571,0.29436584320586634
201942,DeMar DeRozan,SAS,2019-20,Playmaker,Very Good,68,2316.2833333333333,1504,375,380,70,20,164,0.531,0.257,0.845,0.603,0.535,0.262,0.14,111.8,113.7,-1.8,2.32,0.019,0.139,0.261,0.08,11.700000000000003,1.5338418038299586,1.5583391801709947,0.21402439606036028,-0.2893293702929897
1627749,Dejounte Murray,SAS,2019-20,Playmaker,Very Good,66,1686.763333333333,720,383,271,111,17,125,0.462,0.369,0.798,0.524,0.494,0.207,0.111,109.2,113.5,-4.2,2.17,0.04,0.184,0.232,0.112,11.900000000000006,0.11414916783050662,0.9943408793235238,0.642920362479452,0.11688505317848279
1626153,Delon Wright,DAL,2019-20,Playmaker,Very Good,73,1569.7166666666667,504,280,244,85,22,73,0.462,0.37,0.77,0.554,0.519,0.14,0.106,111.2,109.5,1.7,3.34,0.04,0.124,0.215,0.082,15.900000000000006,-0.3605652136514163,0.7994891069267975,-0.012567260778480444,0.13309563699574536
1628372,Dennis Smith Jr.,NYK,2019-20,Playmaker,Average,34,537.4,187,78,98,28,8,58,0.341,0.296,0.509,0.399,0.379,0.223,0.049,95.7,112.8,-17.1,1.69,0.034,0.102,0.297,0.067,12.600000000000009,-0.8677875250611518,0.7229017473286232,-0.7396445492490709,-0.7930369741944086
201565,Derrick Rose,DET,2019-20,Playmaker,Very Good,50,1297.66,904,121,278,40,16,126,0.49,0.306,0.871,0.555,0.52,0.303,0.14,108.8,112.2,-3.4,2.21,0.021,0.071,0.373,0.046,13.200000000000003,1.126850471720696,1.8121878388032207,-0.8930820105497501,-0.552508101880384
1628401,Derrick White,SAS,2019-20,Playmaker,Average,68,1676.735,765,223,241,44,59,89,0.458,0.366,0.853,0.593,0.53,0.183,0.102,110.1,109.2,1.0,2.71,0.02,0.105,0.203,0.064,16.200000000000003,0.3654192981907893,0.7210381929407761,-0.3931236175316466,0.10025232715348993
1628984,Devonte' Graham,CHA,2019-20,Playmaker,Elite,63,2211.2316666666666,1145,212,471,62,15,181,0.382,0.373,0.82,0.537,0.495,0.243,0.109,107.4,111.8,-4.5,2.6,0.018,0.078,0.345,0.047,13.600000000000009,0.7585027887551821,2.365073970636824,-0.6388849051315297,-0.3111737112207926
203110,Draymond Green,GSW,2019-20,Playmaker,Very Good,43,1221.6566666666668,345,266,266,59,33,98,0.389,0.279,0.759,0.489,0.446,0.156,0.1,103.2,110.4,-7.2,2.71,0.018,0.192,0.31,0.104,15.0,-0.7297400339305863,1.4141193828353762,0.23055783375317207,-0.07788690291111984
1628407,Dwayne Bacon,CHA,2019-20,Playmaker,Average,39,687.3033333333333,224,100,52,23,2,37,0.348,0.284,0.66,0.419,0.387,0.189,0.049,100.9,109.1,-8.2,1.41,0.02,0.124,0.121,0.069,16.30000000000001,-0.9756506807240491,-0.43507104044436934,-0.6557909117990741,-0.6881562752212438
1629058,Dzanan Musa,BKN,2019-20,Playmaker,Average,40,487.215,192,86,43,15,1,36,0.372,0.244,0.75,0.484,0.427,0.193,0.074,102.5,105.1,-2.5,1.19,0.039,0.117,0.131,0.079,20.30000000000001,-0.5978056651139457,-0.4120117289962414,-0.5655416689235852,-0.5461459425328015
1628410,Edmond Sumner,IND,2019-20,Playmaker,Average,31,446.785,152,46,55,15,9,22,0.43,0.264,0.552,0.491,0.479,0.167,0.058,104.7,107.3,-2.6,2.5,0.024,0.073,0.167,0.049,18.10000000000001,-0.7769614026369608,-0.16561991307116194,-1.0538664414106051,-0.594466515617127
203901,Elfrid Payton,NYK,2019-20,Playmaker,Very Good,45,1245.8833333333334,449,212,323,70,17,96,0.439,0.203,0.57,0.47,0.455,0.19,0.111,109.4,112.3,-3.0,3.36,0.039,0.126,0.347,0.081,13.100000000000009,-0.514477342694577,1.831714961600595,-0.2057366587723996,-0.2374252172329033
1629059,Elie Okobo,PHX,2019-20,Playmaker,Average,55,718.7066666666667,219,90,115,24,4,38,0.398,0.352,0.704,0.516,0.467,0.147,0.079,105.7,109.0,-3.2,3.03,0.022,0.102,0.227,0.061,16.400000000000006,-0.7321156604350699,0.3922207663641678,-0.7842419320731694,-0.6516845167718369
1626144,Emmanuel Mudiay,UTA,2019-20,Playmaker,Average,54,849.5966666666667,395,126,116,24,10,76,0.462,0.345,0.759,0.543,0.508,0.218,0.095,105.4,107.4,-2.0,1.53,0.021,0.117,0.212,0.071,18.0,0.0689342555827137,0.3116356576627476,-0.5613237600144165,-0.4969722526741979
202339,Eric Bledsoe,MIL,2019-20,Playmaker,Very Good,61,1646.2833333333333,911,282,328,57,26,148,0.475,0.344,0.79,0.571,0.528,0.233,0.125,112.5,100.8,11.8,2.22,0.025,0.121,0.275,0.077,24.60000000000001,0.7109453489801393,1.445642378098246,-0.07095877513455141,0.3946130036659737
1628373,Frank Ntilikina,NYK,2019-20,Playmaker,Average,57,1186.6733333333334,357,121,172,54,16,71,0.393,0.321,0.864,0.497,0.459,0.152,0.063,104.8,108.7,-3.9,2.42,0.018,0.082,0.209,0.049,16.700000000000003,-0.7046278853868729,0.5008454117089389,-0.8548630476357093,-0.20180765807075787
1627832,Fred VanVleet,TOR,2019-20,Playmaker,Very Good,54,1928.1533333333332,952,203,357,100,17,121,0.413,0.39,0.848,0.553,0.507,0.218,0.116,109.1,104.3,4.8,2.95,0.009,0.088,0.281,0.05,21.10000000000001,0.5277895725686668,1.586059346455559,-0.6245463494704763,0.5434530713124753
202066,Garrett Temple,BKN,2019-20,Playmaker,Average,62,1729.7716666666668,641,218,156,49,29,62,0.378,0.329,0.805,0.513,0.486,0.162,0.078,105.6,106.9,-1.4,2.52,0.015,0.096,0.132,0.056,18.5,-0.3351361888978104,0.009411043762900043,-0.5083077448874154,-0.016329025633270326
1627780,Gary Payton II,WAS,2019-20,Playmaker,Average,29,431.78,113,80,48,33,7,20,0.414,0.283,0.5,0.473,0.47,0.129,0.069,101.7,116.1,-14.3,2.4,0.053,0.127,0.158,0.088,9.300000000000011,-1.1861801810646926,-0.24193663234178492,-0.46680505168345426,-0.9452380511692797
201588,George Hill,MIL,2019-20,Playmaker,Average,59,1271.2016666666666,554,177,180,47,5,57,0.516,0.46,0.842,0.659,0.624,0.152,0.117,112.7,102.1,10.6,3.16,0.038,0.086,0.196,0.063,23.30000000000001,0.36367931897625955,0.4572534489337211,-0.5279186866849297,0.0021515526539781873
201609,Goran Dragic,MIA,2019-20,Playmaker,Very Good,59,1662.8666666666666,953,187,301,40,10,144,0.441,0.367,0.776,0.573,0.526,0.248,0.114,111.7,108.2,3.5,2.09,0.017,0.09,0.297,0.055,17.200000000000003,0.8624759074820139,1.4698790857632915,-0.6033021352857192,-0.37819418570080887
202738,Isaiah Thomas,WAS,2019-20,Playmaker,Average,40,924.6766666666666,488,68,146,13,6,77,0.408,0.413,0.816,0.531,0.5,0.236,0.07,109.8,120.2,-10.4,1.9,0.011,0.063,0.224,0.036,5.200000000000003,0.1991593489585639,0.4894382373519024,-1.161107618530813,-1.403476941641552
202397,Ish Smith,WAS,2019-20,Playmaker,Very Good,68,1786.92,740,219,334,59,30,95,0.447,0.367,0.721,0.509,0.492,0.186,0.1,109.2,113.1,-3.9,3.52,0.015,0.103,0.266,0.057,12.300000000000011,-0.11092101992509819,1.4171616460180205,-0.4929147119990698,-0.2668769175539936
200826,J.J. Barea,DAL,2019-20,Playmaker,Very Good,29,449.6816666666667,222,53,112,5,2,38,0.411,0.376,0.909,0.512,0.488,0.245,0.105,112.6,109.7,2.9,2.95,0.022,0.097,0.365,0.058,15.700000000000003,-0.035415116145085024,1.1564178526157305,-0.9206359025828255,-0.9099136131405606
1629630,Ja Morant,MEM,2019-20,Playmaker,Elite,67,2074.3233333333333,1193,259,488,58,18,220,0.477,0.335,0.776,0.556,0.509,0.256,0.13,107.5,108.1,-0.6,2.22,0.024,0.09,0.354,0.059,17.30000000000001,0.9969173921623815,2.4781876031308294,-0.3613002600430981,-0.10487447328166306
1628980,Jacob Evans,MIN,2019-20,Playmaker,Average,29,418.12,128,41,31,11,12,25,0.336,0.333,0.862,0.436,0.384,0.167,0.033,99.0,110.0,-11.0,1.24,0.019,0.077,0.12,0.046,15.400000000000006,-1.1087334681394987,-0.5179622115483902,-1.1053522972429723,-0.7641971979948144
1628973,Jalen Brunson,DAL,2019-20,Playmaker,Very Good,57,1022.0733333333334,466,134,188,22,4,66,0.466,0.358,0.813,0.553,0.522,0.199,0.107,113.2,105.6,7.6,2.85,0.021,0.1,0.265,0.061,19.80000000000001,0.03822203253715018,0.8743090596217161,-0.6674932743918972,-0.4726413474801517
1627750,Jamal Murray,DEN,2019-20,Playmaker,Very Good,59,1903.4816666666663,1091,236,284,67,17,127,0.456,0.346,0.881,0.559,0.519,0.248,0.121,113.0,107.7,5.3,2.24,0.024,0.101,0.228,0.063,17.700000000000003,0.8819489532213917,1.0197062531742522,-0.3713693502486783,0.0017621991798723406
201949,James Johnson,MIN,2019-20,Playmaker,Average,32,619.5716666666667,270,118,74,25,32,48,0.479,0.363,0.646,0.572,0.556,0.186,0.086,109.1,113.8,-4.6,1.54,0.038,0.145,0.177,0.09,11.600000000000009,-0.08965623706469934,-0.039529244597562685,-0.3404973568948131,-0.6400566019851065
201952,Jeff Teague,ATL,2019-20,Playmaker,Very Good,59,1464.2766666666666,641,142,308,44,19,116,0.436,0.368,0.873,0.557,0.48,0.192,0.1,108.0,113.7,-5.7,2.66,0.017,0.074,0.306,0.046,11.700000000000003,0.13604986594561855,1.5461958050339146,-0.8373610602927793,-0.5688422706921725
1629010,Jerome Robinson,WAS,2019-20,Playmaker,Average,63,979.305,319,129,87,28,17,49,0.371,0.32,0.702,0.476,0.45,0.155,0.05,105.0,106.0,-1.0,1.78,0.012,0.11,0.123,0.06,19.400000000000006,-0.830138358852747,-0.2950465374926955,-0.693499821614904,-0.30244800783013864
202710,Jimmy Butler III,MIA,2019-20,Playmaker,Very Good,58,1959.1033333333328,1157,386,350,103,32,127,0.455,0.244,0.834,0.585,0.474,0.246,0.159,113.2,108.0,5.2,2.76,0.055,0.139,0.283,0.098,17.400000000000006,1.0635597598522422,1.5715368138690253,0.4725253379649237,0.5089068224903394
204060,Joe Ingles,UTA,2019-20,Playmaker,Very Good,72,2136.576666666667,707,278,373,65,11,142,0.445,0.399,0.787,0.595,0.572,0.148,0.096,110.8,105.6,5.1,2.63,0.013,0.112,0.244,0.064,19.80000000000001,0.0788108603051491,1.4370812342210337,-0.24718779543005634,0.043719506888769216
1629162,Jordan McLaughlin,MIN,2019-20,Playmaker,Very Good,30,590.4466666666667,229,49,125,34,4,31,0.489,0.382,0.667,0.587,0.57,0.151,0.11,105.3,111.1,-5.8,4.03,0.01,0.079,0.303,0.04,14.300000000000011,-0.28967717247787056,0.8559593330412598,-1.1605631944017318,-0.6714557049926725
1629673,Jordan Poole,GSW,2019-20,Playmaker,Average,57,1273.89,503,118,134,35,10,74,0.333,0.279,0.798,0.454,0.406,0.2,0.051,101.8,110.0,-8.2,1.81,0.007,0.087,0.16,0.045,15.400000000000006,-0.4938110589802631,0.08575212804914055,-0.9137818006054264,-0.535759415481473
201950,Jrue Holiday,NOP,2019-20,Playmaker,Very Good,61,2116.8166666666666,1167,293,408,99,48,184,0.455,0.353,0.709,0.537,0.516,0.241,0.115,110.0,109.5,0.5,2.22,0.034,0.095,0.284,0.065,15.900000000000006,0.759727101124036,1.7905765638995619,-0.19464746237039685,0.5412087822119981
1628989,Kevin Huerter,ATL,2019-20,Playmaker,Average,56,1760.375,684,228,213,51,27,87,0.413,0.38,0.828,0.536,0.517,0.169,0.078,107.5,113.6,-6.1,2.45,0.019,0.106,0.171,0.062,11.800000000000011,-0.12138007772487332,0.43824192919795324,-0.4053360332226808,-0.409497550594458
1629065,Ky Bowman,GSW,2019-20,Playmaker,Average,45,1015.1866666666666,335,121,131,44,10,70,0.417,0.308,0.829,0.494,0.469,0.168,0.067,99.8,108.2,-8.4,1.87,0.022,0.093,0.202,0.057,17.200000000000003,-0.6205180574627122,0.31065449414864943,-0.7529458131982669,-0.33674873394756116
200768,Kyle Lowry,TOR,2019-20,Playmaker,Very Good,58,2098.3216666666667,1126,292,433,82,26,178,0.416,0.352,0.857,0.59,0.518,0.225,0.125,110.0,104.0,6.0,2.43,0.015,0.115,0.309,0.066,21.400000000000006,0.9160617006311238,2.0230101803309495,-0.18456118664938187,0.4656321169653637
2544,LeBron James,LAL,2019-20,Playmaker,Elite,67,2316.266666666667,1698,525,684,78,36,261,0.493,0.348,0.693,0.577,0.55,0.308,0.198,112.1,103.6,8.5,2.62,0.028,0.191,0.477,0.11,21.80000000000001,1.8618309302735419,3.890378462503949,0.9942208127505607,0.5488631752626426
1628366,Lonzo Ball,NOP,2019-20,Playmaker,Very Good,63,2025.215,745,383,438,88,38,193,0.403,0.375,0.566,0.517,0.511,0.181,0.101,109.6,110.3,-0.7,2.27,0.032,0.142,0.292,0.087,15.100000000000009,-0.09817739596766491,1.945908530249048,0.32442900486244447,0.27905540982023963
101150,Lou Williams,LAC,2019-20,Playmaker,Very Good,65,1863.7083333333333,1185,201,365,43,12,182,0.418,0.352,0.861,0.546,0.477,0.271,0.124,111.5,107.4,4.0,2.01,0.016,0.081,0.294,0.049,18.0,1.0437800696480657,1.688526370388189,-0.6425927609424871,-0.2798714288401261
1629029,Luka Dončić,DAL,2019-20,Playmaker,Elite,61,2047.245,1759,573,538,62,14,260,0.463,0.316,0.758,0.585,0.531,0.355,0.194,116.7,111.4,5.3,2.07,0.036,0.224,0.454,0.132,14.0,2.2956239617521055,3.223937502739466,1.4018553794694606,-0.29778930520406455
1627763,Malcolm Brogdon,IND,2019-20,Playmaker,Very Good,54,1666.2683333333334,893,262,381,35,10,131,0.438,0.326,0.892,0.541,0.489,0.249,0.136,108.1,105.7,2.3,2.91,0.028,0.124,0.35,0.078,19.700000000000003,0.6435662951616138,2.061990018300966,-0.11128669250317666,-0.28311431276861215
203935,Marcus Smart,BOS,2019-20,Playmaker,Very Good,60,1919.27,776,225,291,101,29,103,0.375,0.347,0.836,0.518,0.476,0.183,0.09,111.9,104.6,7.3,2.83,0.02,0.089,0.214,0.055,20.80000000000001,-0.05546327875352947,0.9668169457417788,-0.5024737491064387,0.6575975997728069
1628365,Markelle Fultz,ORL,2019-20,Playmaker,Very Good,72,1995.945,870,238,369,90,11,147,0.465,0.267,0.73,0.517,0.488,0.21,0.095,108.8,110.5,-1.7,2.51,0.02,0.1,0.273,0.058,14.900000000000006,0.2042602003613916,1.5852744156442804,-0.42976086460474916,0.01485567260400474
1629741,Marko Guduric,MEM,2019-20,Playmaker,Average,44,483.615,173,73,45,12,8,36,0.395,0.301,0.923,0.514,0.475,0.168,0.066,104.4,107.1,-2.6,1.25,0.028,0.115,0.127,0.072,18.30000000000001,-0.6229934603475852,-0.4271229596912338,-0.6892131706439959,-0.6239171334252348
203521,Matthew Dellavedova,CLE,2019-20,Playmaker,Very Good,57,820.7733333333333,177,75,180,20,2,59,0.354,0.231,0.865,0.463,0.414,0.128,0.059,103.7,105.0,-1.2,3.05,0.022,0.067,0.297,0.045,20.400000000000006,-1.2045224935255954,1.024636435760361,-1.0278770797030332,-0.47834619633321945
203487,Michael Carter-Williams,ORL,2019-20,Playmaker,Average,45,833.1433333333333,323,147,109,49,22,52,0.427,0.293,0.832,0.535,0.469,0.175,0.096,109.5,108.1,1.4,2.1,0.05,0.121,0.192,0.084,17.30000000000001,-0.3435094858872616,0.17352475170803522,-0.3399873037966017,-0.1576568837141804
201144,Mike Conley,UTA,2019-20,Playmaker,Very Good,47,1363.2733333333333,675,151,208,36,5,92,0.409,0.375,0.827,0.537,0.494,0.223,0.096,109.7,107.6,2.1,2.26,0.024,0.083,0.236,0.054,17.80000000000001,0.2731531495666221,0.7849909393558816,-0.7115634186023495,-0.4349741524397172
1628420,Monte Morris,DEN,2019-20,Playmaker,Very Good,73,1636.5516666666667,660,137,255,55,17,53,0.459,0.378,0.843,0.545,0.517,0.168,0.099,110.2,109.3,0.8,4.81,0.014,0.067,0.219,0.04,16.10000000000001,-0.09455030832698413,0.8624363248121873,-0.9270658790391876,-0.21658163615907466
1629638,Nickeil Alexander-Walker,NOP,2019-20,Playmaker,Average,47,590.8033333333333,267,84,89,17,8,54,0.368,0.346,0.676,0.473,0.455,0.233,0.069,110.0,113.5,-3.6,1.65,0.015,0.122,0.212,0.068,11.900000000000006,-0.3137931108907826,0.21228399195961437,-0.7109846234423989,-0.9481402390504918
203999,Nikola Jokić,DEN,2019-20,Playmaker,Elite,73,2335.405,1456,711,512,85,44,226,0.528,0.314,0.817,0.605,0.565,0.266,0.179,113.4,108.9,4.5,2.27,0.073,0.237,0.35,0.155,16.5,1.539943655770576,2.544029581527279,2.0610336730229157,0.39093265009304207
1628408,PJ Dozier,DEN,2019-20,Playmaker,Average,29,411.56166666666667,168,55,63,14,6,27,0.414,0.347,0.724,0.495,0.468,0.199,0.071,109.4,115.2,-5.7,2.33,0.024,0.108,0.216,0.066,10.200000000000003,-0.5082974488605387,0.13908263091848833,-0.8134119109780527,-1.0993422034557272
201976,Patrick Beverley,LAC,2019-20,Playmaker,Average,51,1341.7016666666666,405,266,183,54,25,66,0.431,0.388,0.66,0.56,0.548,0.131,0.088,114.2,104.0,10.2,2.77,0.04,0.145,0.18,0.093,21.400000000000006,-0.4635380792539033,0.3784100695420602,0.09042163640168888,0.16539649068955703
1626188,Quinn Cook,LAL,2019-20,Playmaker,Average,44,507.95166666666665,224,51,49,12,2,33,0.425,0.365,0.786,0.509,0.498,0.201,0.072,107.0,102.5,4.5,1.48,0.02,0.071,0.139,0.046,22.900000000000006,-0.3732266377202867,-0.34499235438287396,-1.0788185114063196,-0.4143504122159585
200765,Rajon Rondo,LAL,2019-20,Playmaker,Very Good,48,984.24,342,142,240,40,2,91,0.418,0.328,0.659,0.494,0.48,0.184,0.104,108.7,107.3,1.4,2.64,0.022,0.119,0.34,0.07,18.10000000000001,-0.498342301911356,1.4869770085020981,-0.5316093569804522,-0.40625469018083643
203526,Raul Neto,PHI,2019-20,Playmaker,Average,54,667.6,275,61,95,24,6,47,0.455,0.386,0.83,0.567,0.532,0.181,0.094,103.8,101.1,2.8,2.02,0.016,0.072,0.218,0.044,24.30000000000001,-0.1512405837407341,0.26806805990314736,-1.0777640341790273,-0.16728765587462122
203493,Reggie Bullock Jr.,NYK,2019-20,Playmaker,Average,29,684.325,234,68,42,25,3,19,0.402,0.333,0.81,0.502,0.484,0.153,0.058,103.8,109.6,-5.8,2.21,0.018,0.082,0.087,0.049,15.800000000000011,-0.7574210409094927,-0.6628681670549379,-0.995492112569969,-0.6866934228662988
202704,Reggie Jackson,LAC,2019-20,Playmaker,Average,31,742.66,370,92,126,13,5,51,0.411,0.393,0.833,0.529,0.498,0.229,0.098,112.6,105.9,6.7,2.47,0.023,0.094,0.263,0.06,19.5,0.05138532816174538,0.634932890966909,-0.7916748292105191,-0.5734025524367381
201937,Ricky Rubio,PHX,2019-20,Playmaker,Elite,65,2016.361666666667,847,304,570,94,11,173,0.415,0.361,0.863,0.535,0.471,0.199,0.12,112.4,108.4,4.0,3.29,0.023,0.128,0.377,0.075,17.0,0.2100641238707729,2.9091283182656635,-0.03806375490327593,0.1796859419612075
201566,Russell Westbrook,HOU,2019-20,Playmaker,Very Good,57,2049.168333333333,1553,451,401,93,20,255,0.472,0.258,0.763,0.536,0.493,0.33,0.145,110.2,107.1,3.1,1.57,0.044,0.157,0.34,0.1,18.30000000000001,1.6838959562860734,2.079407311398559,0.6704742545125273,0.33676283261490236
1627853,Ryan Arcidiacono,CHI,2019-20,Playmaker,Average,58,929.9733333333334,261,110,96,27,3,37,0.409,0.391,0.711,0.551,0.532,0.121,0.061,101.5,105.4,-4.0,2.59,0.019,0.098,0.143,0.056,20.0,-0.692046171886113,-0.1495762488933066,-0.7948726319232653,-0.4192010617817647
203894,Shabazz Napier,WAS,2019-20,Playmaker,Very Good,56,1344.493333333333,578,158,262,69,11,128,0.412,0.317,0.824,0.552,0.496,0.197,0.102,105.3,109.0,-3.6,2.05,0.018,0.1,0.295,0.056,16.400000000000006,0.09863221255696412,1.3151358175222647,-0.667510459907332,-0.11460093652629207
203524,Solomon Hill,MIA,2019-20,Playmaker,Average,59,1088.3383333333334,323,165,104,43,12,51,0.396,0.368,0.741,0.535,0.509,0.135,0.067,108.7,110.9,-2.1,2.04,0.026,0.118,0.124,0.073,14.5,-0.6363287684607982,-0.22687413167802772,-0.4323626866421101,-0.48551279151338506
203915,Spencer Dinwiddie,BKN,2019-20,Playmaker,Elite,64,1994.15,1318,221,432,40,21,174,0.415,0.308,0.778,0.541,0.476,0.287,0.121,110.5,109.4,1.1,2.48,0.015,0.085,0.344,0.051,16.0,1.2282329095814977,2.2159483557307142,-0.5640458806598211,-0.3374076917264143
1626169,Stanley Johnson,TOR,2019-20,Playmaker,Average,25,149.72666666666666,60,37,20,6,4,15,0.373,0.292,0.563,0.454,0.432,0.214,0.085,101.5,96.7,4.8,1.33,0.041,0.165,0.2,0.105,28.700000000000003,-0.7107932868252567,-0.10902654930073274,-0.36432620760149603,-0.11550654655257035
204456,T.J. McConnell,IND,2019-20,Playmaker,Very Good,71,1326.045,464,189,355,56,11,100,0.516,0.294,0.833,0.54,0.522,0.167,0.122,108.3,107.1,1.1,3.55,0.028,0.107,0.354,0.069,18.30000000000001,-0.27180366201855904,1.9887886572598399,-0.4196402178528645,-0.13766477213029205
1629611,Terance Mann,LAC,2019-20,Playmaker,Average,41,362.12,99,55,53,11,5,18,0.468,0.35,0.667,0.545,0.513,0.123,0.074,103.1,103.0,0.1,2.94,0.026,0.112,0.209,0.07,22.400000000000006,-0.8285365519092451,0.06296214435068503,-0.7624532937593314,-0.42373672066980417
1626179,Terry Rozier,CHA,2019-20,Playmaker,Very Good,63,2164.46,1134,276,259,61,10,141,0.423,0.407,0.874,0.553,0.514,0.232,0.103,104.5,113.4,-9.0,1.84,0.022,0.107,0.209,0.062,12.0,0.7615254270398856,0.8209785567523682,-0.2779738612067475,-0.4661298742536717
203648,Thanasis Antetokounmpo,MIL,2019-20,Playmaker,Average,20,128.63,55,24,15,7,2,12,0.5,0.0,0.412,0.496,0.5,0.202,0.062,97.0,103.8,-6.8,1.25,0.085,0.081,0.174,0.083,21.60000000000001,-0.5621082957477201,-0.2734839926202721,-0.679092523892111,-0.5425383044718713
1629033,Theo Pinson,NYK,2019-20,Playmaker,Average,33,365.4116666666667,120,54,56,17,4,33,0.29,0.188,0.938,0.37,0.339,0.218,0.051,95.1,99.7,-4.6,1.7,0.024,0.101,0.24,0.064,25.700000000000003,-1.118515463681801,0.24814847170013393,-0.8415445981710784,-0.17779557937964677
204025,Tim Frazier,DET,2019-20,Playmaker,Very Good,27,354.82666666666665,97,33,93,14,4,36,0.362,0.333,0.792,0.464,0.415,0.171,0.068,100.5,107.4,-6.9,2.58,0.024,0.071,0.391,0.047,18.0,-0.9417161430929442,1.2325627041991514,-1.1138396716076144,-0.6612906660757524
203107,Tomas Satoransky,CHI,2019-20,Playmaker,Very Good,65,1877.9383333333333,644,254,354,80,7,130,0.43,0.322,0.876,0.533,0.488,0.165,0.094,107.3,108.8,-1.5,2.72,0.04,0.101,0.269,0.069,16.60000000000001,-0.196660571858188,1.5076084324695374,-0.24717060991462148,-0.029344865207250177
1629027,Trae Young,ATL,2019-20,Playmaker,Elite,60,2120.208333333333,1778,255,560,65,8,289,0.437,0.361,0.86,0.595,0.519,0.339,0.16,111.2,116.1,-4.9,1.94,0.014,0.1,0.423,0.057,9.300000000000011,2.249373440450848,3.1307434584484732,-0.3973930829871198,-0.6035569731402253
203504,Trey Burke,DAL,2019-20,Playmaker,Average,33,520.0333333333333,243,50,83,16,2,21,0.45,0.427,0.793,0.548,0.526,0.196,0.102,113.7,111.7,2.0,3.95,0.03,0.066,0.234,0.048,13.700000000000003,-0.17314330643916195,0.3137942173937639,-1.0559925813806244,-0.9134479709181346
1629660,Ty Jerome,PHX,2019-20,Playmaker,Average,31,327.59,102,46,44,15,3,18,0.336,0.28,0.75,0.425,0.398,0.17,0.066,97.4,110.9,-13.5,2.44,0.019,0.12,0.222,0.066,14.5,-1.168414792399157,0.10287441580356466,-0.8372923182310401,-0.8666881298137721
204020,Tyler Johnson,BKN,2019-20,Playmaker,Average,39,709.3016666666666,274,76,74,16,9,29,0.388,0.319,0.84,0.504,0.464,0.177,0.066,103.8,109.4,-5.7,2.55,0.023,0.076,0.153,0.049,16.0,-0.5414484416919843,-0.17435292463557617,-0.9742650839006468,-0.7074899702827709
1626145,Tyus Jones,MEM,2019-20,Playmaker,Very Good,65,1231.9766666666667,484,103,285,59,6,55,0.459,0.379,0.741,0.532,0.514,0.165,0.108,106.9,109.2,-2.3,5.18,0.007,0.071,0.314,0.038,16.200000000000003,-0.3177619371337128,1.5065041312994722,-1.0427600594931676,-0.28055282093467476
201961,Wayne Ellington,NYK,2019-20,Playmaker,Average,36,558.385,183,65,44,13,4,18,0.351,0.35,0.846,0.509,0.494,0.146,0.068,102.4,105.5,-3.1,2.44,0.007,0.104,0.117,0.054,19.900000000000006,-0.8054202574588434,-0.48697918436274434,-0.9397539767975633,-0.5600181464200092
1627812,Yogi Ferrell,SAC,2019-20,Playmaker,Average,50,529.76,218,49,69,18,4,28,0.42,0.304,0.857,0.528,0.484,0.185,0.091,103.1,104.9,-1.8,2.46,0.011,0.085,0.196,0.046,20.5,-0.3860480564910224,0.048807712154173455,-1.0841252685736502,-0.4729585266987483
1628988,Aaron Holiday,IND,2020-21,Playmaker,Average,66,1176.0866666666666,475,89,123,46,13,66,0.39,0.368,0.819,0.503,0.467,0.189,0.057,110.1,110.3,-0.2,1.86,0.012,0.06,0.139,0.036,15.100000000000009,-0.31436925784960373,-0.07269519652984215,-1.105386668273842,-0.4090584336656747
201143,Al Horford,BOS,2020-21,Playmaker,Average,28,781.755,398,188,94,25,26,29,0.45,0.368,0.818,0.538,0.528,0.221,0.131,102.2,109.1,-6.9,3.24,0.034,0.195,0.206,0.114,16.30000000000001,0.06447146755797444,0.19697652856180228,0.1509908472740835,-0.42461441327087934
1627936,Alex Caruso,LAL,2020-21,Playmaker,Average,58,1216.1233333333332,370,170,160,64,15,76,0.436,0.401,0.645,0.547,0.526,0.144,0.084,107.2,101.7,5.5,2.11,0.025,0.114,0.19,0.069,23.700000000000003,-0.46793999566067984,0.3499537024774524,-0.4700544109425048,0.3029712326558069
203085,Austin Rivers,DEN,2020-21,Playmaker,Average,36,844.9683333333334,285,82,81,30,2,36,0.424,0.369,0.71,0.551,0.537,0.15,0.067,110.3,110.3,0.0,2.25,0.009,0.088,0.136,0.048,15.100000000000009,-0.46244461765935635,-0.2440951920728011,-0.9710844667033354,-0.6861323447124633
202340,Avery Bradley,HOU,2020-21,Playmaker,Average,27,601.925,173,57,46,21,3,28,0.374,0.327,0.8,0.487,0.471,0.146,0.039,105.3,115.5,-10.2,1.64,0.013,0.078,0.108,0.046,9.900000000000006,-0.938417543232541,-0.530178681732323,-1.062898239904328,-1.074791457411612
1627732,Ben Simmons,PHI,2020-21,Playmaker,Very Good,58,1877.2883333333332,829,417,401,93,35,173,0.557,0.3,0.613,0.584,0.56,0.2,0.128,113.9,106.0,8.0,2.32,0.051,0.166,0.308,0.111,19.400000000000006,0.4845631990905524,1.8996424046812077,0.7203955800193911,0.5531549352154427
201933,Blake Griffin,BKN,2020-21,Playmaker,Average,46,1186.62,505,225,140,32,15,62,0.423,0.341,0.744,0.546,0.509,0.191,0.092,113.1,111.0,2.1,2.26,0.029,0.159,0.171,0.094,14.400000000000006,-0.0322397690590468,0.16962446266725972,-0.005627231223907195,-0.5750108593305487
202954,Brad Wanamaker,CHA,2020-21,Playmaker,Average,61,1053.3283333333334,336,105,174,43,11,71,0.385,0.188,0.891,0.489,0.411,0.166,0.075,101.4,107.1,-5.7,2.45,0.016,0.08,0.251,0.047,18.30000000000001,-0.6630255536725553,0.744146234420139,-0.9227964135837143,-0.2723624903283472
1629164,Brandon Goodwin,ATL,2020-21,Playmaker,Average,47,619.5916666666667,228,69,95,17,0,36,0.377,0.311,0.651,0.471,0.448,0.19,0.072,104.7,109.1,-4.4,2.64,0.012,0.097,0.246,0.053,16.30000000000001,-0.6681337203990152,0.4253623532808297,-0.9418801167675825,-0.7705593808572604
1630271,Brodric Thomas,CLE,2020-21,Playmaker,Average,32,399.27,125,53,30,15,10,22,0.361,0.271,0.674,0.487,0.435,0.158,0.052,103.6,108.1,-4.5,1.36,0.019,0.107,0.115,0.062,17.30000000000001,-0.8851869071823651,-0.5497301695453145,-0.8696772853641044,-0.6313527916536564
1628997,Caleb Martin,CHA,2020-21,Playmaker,Average,53,818.4866666666667,264,141,67,37,12,33,0.375,0.248,0.641,0.465,0.436,0.164,0.067,104.7,109.5,-4.9,2.03,0.036,0.125,0.123,0.081,15.900000000000006,-0.8668101097458466,-0.36864036393946087,-0.39412653821263427,-0.46542442407395274
1626166,Cameron Payne,PHX,2020-21,Playmaker,Very Good,60,1079.435,505,144,217,36,16,60,0.484,0.44,0.893,0.602,0.576,0.193,0.117,116.4,108.6,7.8,3.62,0.016,0.119,0.281,0.069,16.80000000000001,0.30258322241379937,1.0709025613282015,-0.5390422541178019,-0.382436723455422
1627747,Caris LeVert,IND,2020-21,Playmaker,Very Good,47,1485.34,948,214,245,66,30,102,0.441,0.326,0.811,0.531,0.493,0.279,0.116,111.9,112.1,-0.2,2.4,0.022,0.111,0.255,0.068,13.300000000000011,0.8456685863098485,1.027874931645825,-0.36604540756591286,-0.13559270193630754
1630216,Cassius Winston,WAS,2020-21,Playmaker,Average,22,98.195,41,9,12,2,1,5,0.424,0.471,0.833,0.575,0.545,0.182,0.079,92.8,114.2,-21.4,2.4,0.0,0.087,0.222,0.044,11.200000000000003,-0.2669286620749899,-0.014875706511259912,-1.2157397205296219,-1.2155112036813305
1626224,Cedi Osman,CLE,2020-21,Playmaker,Average,59,1510.5083333333334,613,201,174,53,9,80,0.374,0.306,0.8,0.488,0.458,0.198,0.073,103.3,114.2,-11.0,2.18,0.024,0.113,0.173,0.067,11.200000000000003,-0.2347294097337552,0.30596927429659515,-0.41327898345824177,-0.6061419818028416
1626184,Chasson Randle,ORL,2020-21,Playmaker,Average,41,837.0483333333333,266,82,74,22,5,46,0.388,0.338,0.792,0.515,0.481,0.154,0.054,97.7,112.7,-15.0,1.61,0.008,0.084,0.143,0.045,12.700000000000003,-0.6526958223970962,-0.2305294579847485,-1.0093034296173764,-0.8796820763285478
1629185,Chris Chiozza,BKN,2020-21,Playmaker,Very Good,22,232.345,88,24,65,7,6,16,0.352,0.31,0.765,0.461,0.426,0.2,0.093,105.9,102.9,3.0,4.06,0.012,0.088,0.382,0.049,22.5,-0.7530651122202068,1.0789724671594247,-1.1122407702512411,-0.4491892409150295
101108,Chris Paul,PHX,2020-21,Playmaker,Elite,70,2199.5333333333333,1149,312,622,99,19,156,0.499,0.395,0.934,0.599,0.557,0.221,0.15,115.3,108.8,6.5,3.99,0.012,0.131,0.405,0.073,16.60000000000001,0.9548240236261768,3.2577665604049364,-0.04231603484331434,0.28893059865754683
1629643,Chuma Okeke,ORL,2020-21,Playmaker,Average,45,1132.5533333333333,349,181,101,48,22,38,0.417,0.348,0.75,0.511,0.492,0.142,0.084,102.6,109.8,-7.2,2.66,0.033,0.117,0.132,0.074,15.600000000000009,-0.703556390647862,-0.19297197896570467,-0.3771689749987853,-0.2679011942366469
1629632,Coby White,CHI,2020-21,Playmaker,Very Good,69,2155.82,1041,284,328,38,15,156,0.416,0.359,0.901,0.54,0.506,0.219,0.088,108.6,111.3,-2.7,2.1,0.013,0.116,0.218,0.065,14.100000000000009,0.5249643389213657,1.1254361380079636,-0.21852786962338433,-0.5304690842155277
1630175,Cole Anthony,ORL,2020-21,Playmaker,Average,47,1272.8433333333332,605,221,192,30,18,106,0.397,0.337,0.832,0.496,0.449,0.235,0.091,103.5,116.3,-12.8,1.81,0.027,0.142,0.241,0.081,9.100000000000009,0.07609952481371425,0.7542041448730556,-0.1818562515194121,-0.8767809709603185
202709,Cory Joseph,DET,2020-21,Playmaker,Average,63,1446.128333333333,517,159,213,61,18,79,0.469,0.341,0.818,0.556,0.522,0.159,0.079,109.8,115.3,-5.5,2.7,0.024,0.085,0.204,0.055,10.100000000000009,-0.20066604591166023,0.6236244892502216,-0.677596735628347,-0.49682404482314585
1626156,D'Angelo Russell,MIN,2020-21,Playmaker,Very Good,42,1196.256666666667,796,111,244,45,18,112,0.431,0.387,0.765,0.555,0.523,0.283,0.114,109.7,116.8,-7.0,2.18,0.012,0.077,0.323,0.044,8.600000000000009,0.902556745809686,1.4061956670978584,-0.9450951049957637,-0.7507378644103907
201571,D.J. Augustin,HOU,2020-21,Playmaker,Average,57,1128.8133333333333,438,94,188,28,1,65,0.394,0.382,0.904,0.57,0.515,0.164,0.079,112.7,114.5,-1.8,2.89,0.017,0.063,0.223,0.04,10.900000000000006,-0.14098889435869555,0.6383676195551924,-1.0411611581367946,-0.9637421698000708
203081,Damian Lillard,POR,2020-21,Playmaker,Elite,67,2397.7966666666666,1928,283,505,62,17,203,0.451,0.391,0.928,0.623,0.554,0.306,0.158,119.6,115.6,4.0,2.49,0.012,0.104,0.334,0.057,9.800000000000011,2.2760608857556566,2.4283892889122356,-0.32309848264449204,-0.5142065484027571
1628422,Damyean Dotson,CLE,2020-21,Playmaker,Average,46,907.2183333333334,308,93,91,16,4,42,0.406,0.289,0.667,0.499,0.485,0.162,0.069,97.0,109.4,-12.5,2.17,0.005,0.095,0.161,0.048,16.0,-0.6553242899919308,-0.06685694547648771,-0.9418973022830174,-0.7580772902981338
1627863,Danuel House Jr.,HOU,2020-21,Playmaker,Average,36,932.3383333333334,315,132,69,20,16,36,0.404,0.346,0.651,0.525,0.504,0.153,0.065,103.4,114.5,-11.2,1.92,0.018,0.121,0.11,0.067,10.900000000000006,-0.5675046447820989,-0.4343104746487083,-0.5963621057311459,-0.8948711132604785
1629636,Darius Garland,CLE,2020-21,Playmaker,Very Good,54,1789.9433333333334,941,129,329,66,6,164,0.451,0.395,0.848,0.547,0.517,0.245,0.101,105.7,112.3,-6.6,2.01,0.013,0.062,0.298,0.037,13.100000000000009,0.6832047328415918,1.57852809612368,-0.9865118706225506,-0.3901627730199488
1628368,De'Aaron Fox,SAC,2020-21,Playmaker,Very Good,58,2036.1416666666669,1461,203,417,87,27,174,0.477,0.322,0.719,0.565,0.523,0.304,0.124,113.5,118.0,-4.5,2.4,0.016,0.085,0.326,0.05,7.400000000000006,1.5930262707709868,2.0596352258671304,-0.6245463494704763,-0.2950090550330399
1627761,DeAndre' Bembry,TOR,2020-21,Playmaker,Average,51,971.875,293,146,107,53,18,71,0.513,0.264,0.682,0.57,0.544,0.142,0.079,108.1,107.7,0.4,1.51,0.033,0.112,0.157,0.072,17.700000000000003,-0.40660609487150207,-0.030452497658744374,-0.49551653403643064,-0.13317941795342222
201942,DeMar DeRozan,SAS,2020-21,Playmaker,Very Good,61,2056.46,1316,259,422,56,15,119,0.495,0.257,0.88,0.591,0.505,0.255,0.139,113.0,115.5,-2.5,3.55,0.019,0.106,0.309,0.062,9.900000000000006,1.2784119957879791,1.9825335757852285,-0.3230812971290572,-0.5907341865338238
1627749,Dejounte Murray,SAS,2020-21,Playmaker,Very Good,67,2139.415,1051,473,363,101,7,117,0.453,0.317,0.791,0.509,0.485,0.231,0.124,111.8,109.5,2.3,3.1,0.026,0.19,0.246,0.108,15.900000000000006,0.4427779907306779,1.4115196276674853,0.8307658177906057,0.14711548396264842
1626153,Delon Wright,SAC,2020-21,Playmaker,Very Good,63,1747.9483333333333,645,269,278,101,30,83,0.463,0.372,0.802,0.562,0.525,0.163,0.115,108.3,111.8,-3.5,3.35,0.036,0.122,0.237,0.077,13.600000000000009,-0.044771837180499485,1.0481869852544776,-0.1054526967222,0.24468140341946074
203471,Dennis Schröder,LAL,2020-21,Playmaker,Very Good,61,1956.2766666666664,941,211,351,70,13,163,0.437,0.335,0.848,0.543,0.484,0.227,0.097,110.8,108.6,2.2,2.15,0.016,0.093,0.262,0.055,16.80000000000001,0.5285659108732026,1.457245785158102,-0.5396210492777526,-0.06050277556203374
1628372,Dennis Smith Jr.,DET,2020-21,Playmaker,Average,23,420.0183333333333,154,55,77,23,14,26,0.4,0.328,0.731,0.492,0.466,0.191,0.093,105.8,108.1,-2.2,2.96,0.029,0.099,0.276,0.065,17.30000000000001,-0.5941099990268527,0.5276575095262579,-0.8261515652827329,-0.5079920321348709
201565,Derrick Rose,NYK,2020-21,Playmaker,Very Good,50,1278.8583333333331,734,130,209,49,19,78,0.47,0.388,0.866,0.55,0.511,0.252,0.133,109.8,105.0,4.9,2.68,0.015,0.081,0.276,0.049,20.400000000000006,0.6023228870365548,1.0133767640749092,-0.8309826403827217,-0.005869783069940349
1628984,Devonte' Graham,CHA,2020-21,Playmaker,Very Good,55,1658.6033333333332,816,148,295,48,6,84,0.377,0.375,0.842,0.552,0.51,0.211,0.103,109.2,107.1,2.1,3.51,0.013,0.075,0.272,0.043,18.30000000000001,0.37275240720371555,1.3073596044563314,-0.8596597517048286,-0.2711429956521501
203110,Draymond Green,GSW,2020-21,Playmaker,Elite,63,1981.7616666666668,444,448,558,105,52,188,0.447,0.27,0.795,0.53,0.492,0.128,0.107,114.8,109.3,5.4,2.97,0.028,0.184,0.345,0.11,16.10000000000001,-0.6289008031876208,2.685207115680253,0.7899106618083345,0.6555977508640605
202734,E'Twaun Moore,PHX,2020-21,Playmaker,Average,27,388.7466666666666,133,45,40,15,5,23,0.455,0.314,0.857,0.523,0.5,0.164,0.064,108.4,107.9,0.5,1.74,0.035,0.08,0.14,0.057,17.5,-0.6296635200500064,-0.37249192294900113,-0.9546025855568281,-0.6701891766591191
203901,Elfrid Payton,NYK,2020-21,Playmaker,Average,63,1484.41,639,216,203,47,9,103,0.432,0.286,0.682,0.478,0.455,0.224,0.079,107.8,110.8,-3.0,1.97,0.041,0.098,0.209,0.069,14.600000000000009,-0.08282236586234655,0.6149158427014252,-0.347998996093902,-0.4685442642644042
202339,Eric Bledsoe,NOP,2020-21,Playmaker,Average,71,2111.516666666667,869,244,268,55,24,114,0.421,0.341,0.687,0.533,0.503,0.181,0.077,113.0,114.8,-1.8,2.35,0.013,0.1,0.17,0.057,10.600000000000009,0.08272565080506301,0.6350072985916407,-0.42658024740743783,-0.4689101009098311
1630267,Facundo Campazzo,DEN,2020-21,Playmaker,Average,65,1424.9316666666666,396,134,232,79,14,73,0.381,0.352,0.879,0.558,0.502,0.128,0.074,111.6,108.8,2.8,3.18,0.015,0.081,0.215,0.047,16.60000000000001,-0.503424938237421,0.7553328110587383,-0.8458484346574213,0.031116019875945516
1627832,Fred VanVleet,TOR,2020-21,Playmaker,Very Good,52,1898.5566666666664,1019,220,328,87,37,95,0.389,0.366,0.885,0.534,0.489,0.237,0.115,113.6,110.2,3.3,3.45,0.016,0.101,0.264,0.057,15.200000000000003,0.6065625223664798,1.3838481914141563,-0.49026133341540445,0.26445205038380515
1629216,Gabe Vincent,MIA,2020-21,Playmaker,Average,50,654.8616666666667,242,56,67,21,2,34,0.378,0.309,0.87,0.498,0.476,0.184,0.049,104.3,110.3,-5.9,1.97,0.016,0.068,0.161,0.043,15.100000000000009,-0.5475870502716521,-0.15516953721260615,-1.103770581402034,-0.7793846111572709
203914,Gary Harris,ORL,2020-21,Playmaker,Average,39,1080.2066666666667,388,79,78,28,11,37,0.4,0.34,0.821,0.511,0.47,0.164,0.053,110.0,114.2,-4.2,2.11,0.019,0.054,0.102,0.036,11.200000000000003,-0.5143809768958852,-0.44613447942700174,-1.1319204541104948,-0.844941127254495
201609,Goran Dragic,MIA,2020-21,Playmaker,Very Good,50,1336.4916666666666,672,169,219,33,8,118,0.432,0.373,0.828,0.552,0.514,0.239,0.097,110.1,108.6,1.5,1.86,0.019,0.107,0.26,0.063,16.80000000000001,0.47388045883953583,0.9602912239396162,-0.5491457153542518,-0.49446052429493803
202397,Ish Smith,WAS,2020-21,Playmaker,Average,44,923.62,295,150,172,32,13,41,0.434,0.367,0.576,0.473,0.465,0.155,0.093,111.0,108.7,2.3,4.2,0.022,0.131,0.242,0.076,16.700000000000003,-0.8645985418214129,0.6862279717612074,-0.43394440248304833,-0.460110034722838
1629630,Ja Morant,MEM,2020-21,Playmaker,Elite,63,2052.8683333333333,1204,252,465,57,13,203,0.449,0.303,0.728,0.537,0.487,0.267,0.113,114.7,112.1,2.6,2.29,0.027,0.091,0.321,0.059,13.300000000000011,0.9767421452699546,2.2081721426647807,-0.37987391012875504,-0.40084185643334785
1628973,Jalen Brunson,DAL,2020-21,Playmaker,Average,68,1697.2083333333333,857,231,239,35,1,80,0.523,0.405,0.795,0.618,0.588,0.196,0.123,113.7,108.7,4.9,2.99,0.016,0.117,0.215,0.067,16.700000000000003,0.6698696718084968,0.7810906503151063,-0.33367762594828343,-0.5504355139447725
201935,James Harden,BKN,2020-21,Playmaker,Elite,44,1608.8366666666666,1083,348,475,53,33,177,0.466,0.362,0.861,0.618,0.548,0.283,0.174,117.2,114.3,2.9,2.68,0.023,0.191,0.442,0.111,11.100000000000009,1.469731269971481,2.924705109413148,0.537312457746487,-0.369198313234051
201949,James Johnson,NOP,2020-21,Playmaker,Average,51,1042.965,368,177,98,42,42,55,0.446,0.258,0.592,0.51,0.494,0.166,0.071,106.4,111.4,-5.0,1.78,0.029,0.131,0.134,0.08,14.0,-0.5198805276039016,-0.192775746262885,-0.3113445635053646,-0.2217275718842726
201952,Jeff Teague,MIL,2020-21,Playmaker,Average,55,950.1216666666668,371,88,132,34,12,64,0.433,0.439,0.848,0.562,0.496,0.174,0.079,113.0,110.3,2.8,2.06,0.016,0.074,0.182,0.046,15.100000000000009,-0.16184134176020448,0.20198111877264302,-0.9806435038107043,-0.5435122529284905
1628975,Jevon Carter,PHX,2020-21,Playmaker,Average,60,716.68,248,92,71,29,9,16,0.422,0.371,0.571,0.548,0.547,0.146,0.075,110.9,107.6,3.3,4.44,0.022,0.107,0.136,0.063,17.80000000000001,-0.5355616649975532,-0.2808921052961838,-0.7534558662964783,-0.46703383699561063
202710,Jimmy Butler III,MIA,2020-21,Playmaker,Very Good,52,1744.615,1116,359,369,108,18,109,0.497,0.245,0.863,0.607,0.514,0.259,0.184,112.1,106.9,5.2,3.39,0.056,0.153,0.345,0.105,18.5,1.2549447169453363,1.9897454557583205,0.4900616963387232,0.4836992836933361
204060,Joe Ingles,UTA,2020-21,Playmaker,Very Good,67,1866.555,809,244,318,45,12,117,0.489,0.451,0.844,0.672,0.652,0.162,0.112,116.7,104.9,11.8,2.72,0.014,0.108,0.238,0.063,20.5,0.6951050878381265,1.2009922914829256,-0.3501423215793561,-0.11226201533974584
202322,John Wall,HOU,2020-21,Playmaker,Very Good,40,1288.0716666666667,823,129,275,42,31,141,0.404,0.317,0.749,0.503,0.458,0.316,0.114,106.1,111.8,-5.7,1.95,0.012,0.084,0.365,0.047,13.600000000000009,0.8662917925550424,1.756207538156868,-0.8591153275757477,-0.35652154593787094
1629162,Jordan McLaughlin,MIN,2020-21,Playmaker,Very Good,51,938.0866666666668,256,108,193,51,6,51,0.413,0.359,0.767,0.502,0.481,0.133,0.095,102.6,108.8,-6.3,3.78,0.02,0.09,0.292,0.053,16.60000000000001,-0.8879654056987304,1.0443841562761724,-0.8383983520046367,-0.3399418544213688
1630221,Josh Hall,OKC,2020-21,Playmaker,Average,21,336.0,86,59,28,4,1,25,0.303,0.108,0.5,0.363,0.323,0.174,0.015,100.7,113.9,-13.2,1.12,0.016,0.151,0.118,0.081,11.5,-1.5051584916087146,-0.5402365921852395,-0.611703582073187,-1.1771620752898562
201950,Jrue Holiday,MIL,2020-21,Playmaker,Very Good,59,1906.8066666666664,1046,268,357,96,37,127,0.503,0.392,0.787,0.592,0.57,0.217,0.124,117.9,108.8,9.2,2.81,0.037,0.093,0.253,0.066,16.60000000000001,0.8112410019850902,1.4287650530778766,-0.2482422726573485,0.43996086189791656
1628382,Justin Jackson,MIL,2020-21,Playmaker,Average,34,576.8916666666667,245,77,52,15,2,32,0.403,0.308,0.838,0.516,0.484,0.195,0.077,103.8,106.8,-3.0,1.63,0.026,0.1,0.136,0.063,18.60000000000001,-0.3619826491224713,-0.35080624042061087,-0.7932565450514574,-0.6359114261138835
202689,Kemba Walker,OKC,2020-21,Playmaker,Very Good,43,1369.3533333333332,829,170,212,48,12,88,0.42,0.36,0.899,0.559,0.514,0.256,0.123,114.5,111.4,3.1,2.41,0.012,0.113,0.233,0.062,14.0,0.7515717896291428,0.7828567446404832,-0.5592319910752669,-0.4630833143465767
1629026,Kenrich Williams,OKC,2020-21,Playmaker,Average,66,1426.0616666666667,526,273,152,55,17,76,0.533,0.444,0.571,0.599,0.596,0.148,0.09,104.8,111.1,-6.3,2.0,0.056,0.129,0.153,0.092,14.300000000000011,-0.02884695152332813,0.11266299850680872,0.0962556321826655,-0.3223400512481791
1628989,Kevin Huerter,ATL,2020-21,Playmaker,Average,69,2125.995,822,231,241,82,18,79,0.432,0.363,0.781,0.541,0.528,0.167,0.077,113.2,111.6,1.7,3.05,0.017,0.09,0.161,0.053,13.800000000000011,-0.007914808265258167,0.48509675287425247,-0.5120327862138077,-0.061843125435435575
1629645,Kevin Porter Jr.,HOU,2020-21,Playmaker,Very Good,26,835.4883333333333,431,99,164,19,8,91,0.425,0.311,0.734,0.528,0.493,0.247,0.086,107.3,119.9,-12.6,1.8,0.022,0.098,0.293,0.058,5.5,0.22142655395132468,0.9432907612632799,-0.7985804877342226,-1.3034474334906847
203114,Khris Middleton,MIL,2020-21,Playmaker,Very Good,68,2268.616666666667,1385,406,370,74,9,178,0.476,0.414,0.898,0.588,0.546,0.245,0.123,116.7,110.5,6.2,2.08,0.023,0.143,0.227,0.085,14.900000000000006,1.2378138428245815,1.330542053560426,0.3599774036773854,-0.1711610624151313
1630165,Killian Hayes,DET,2020-21,Playmaker,Very Good,26,670.2116666666667,176,69,138,27,10,83,0.353,0.278,0.824,0.422,0.403,0.185,0.053,100.6,110.7,-10.1,1.66,0.009,0.092,0.299,0.05,14.700000000000003,-1.0223951490955645,0.8813247068919884,-0.9800990796816234,-0.6597785915226205
1630184,Kira Lewis Jr.,NOP,2020-21,Playmaker,Average,54,904.4433333333334,343,71,124,38,10,34,0.386,0.333,0.843,0.477,0.445,0.176,0.064,108.9,108.1,0.8,3.65,0.012,0.064,0.191,0.037,17.30000000000001,-0.6533831249381233,0.22310246820819196,-1.1404078284751367,-0.3930414440724819
203937,Kyle Anderson,MEM,2020-21,Playmaker,Average,69,1887.335,854,396,250,84,57,86,0.468,0.36,0.783,0.578,0.54,0.181,0.121,110.3,108.7,1.6,2.91,0.026,0.173,0.182,0.099,16.700000000000003,0.3291975459453241,0.6361846948085585,0.5117987781062567,0.5238492542045737
1629657,Kyle Guy,SAC,2020-21,Playmaker,Average,31,235.175,87,35,32,6,0,11,0.33,0.283,0.8,0.449,0.403,0.185,0.062,107.4,111.5,-4.2,2.91,0.019,0.128,0.184,0.071,13.900000000000006,-0.9322039265478826,-0.1547527067913493,-0.8027812111279568,-1.0255455932974982
200768,Kyle Lowry,TOR,2020-21,Playmaker,Very Good,46,1601.5,791,247,338,45,14,126,0.436,0.396,0.875,0.593,0.546,0.209,0.115,112.6,113.0,-0.3,2.68,0.021,0.133,0.311,0.075,12.400000000000006,0.5745017040879425,1.6846748113786487,-0.18930633417219672,-0.5679399552345712
1630163,LaMelo Ball,CHA,2020-21,Playmaker,Very Good,51,1468.5733333333333,803,302,313,81,18,145,0.436,0.352,0.758,0.539,0.504,0.247,0.121,108.7,111.8,-3.1,2.16,0.041,0.161,0.322,0.1,13.600000000000009,0.5525868547742533,1.6544767150042814,0.275120845546401,-0.08395542338364821
2544,LeBron James,LAL,2020-21,Playmaker,Elite,45,1503.7016666666666,1126,346,350,48,25,168,0.513,0.365,0.698,0.602,0.576,0.31,0.191,112.4,103.2,9.2,2.08,0.02,0.202,0.394,0.114,22.200000000000003,1.6069131105307826,2.1950963340448384,0.5702246634931973,0.1502320530992873
1628366,Lonzo Ball,NOP,2020-21,Playmaker,Very Good,55,1747.2383333333332,802,263,316,82,31,123,0.414,0.378,0.781,0.551,0.537,0.202,0.105,114.2,113.7,0.5,2.57,0.018,0.129,0.246,0.073,11.700000000000003,0.2910544473782123,1.2385741355175868,-0.17233158544291294,-0.0537009109994487
101150,Lou Williams,ATL,2020-21,Playmaker,Very Good,66,1422.9083333333333,749,138,225,47,6,108,0.41,0.399,0.867,0.519,0.464,0.244,0.096,112.3,110.6,1.8,2.08,0.015,0.08,0.233,0.048,14.800000000000011,0.37733264221762813,0.8306927318308807,-0.82249526601808,-0.4871457212637211
1629029,Luka Dončić,DAL,2020-21,Playmaker,Elite,66,2262.3966666666665,1830,527,567,64,36,281,0.479,0.35,0.73,0.587,0.55,0.35,0.179,116.6,112.7,3.9,2.02,0.024,0.202,0.425,0.115,12.700000000000003,2.3216581979866837,3.1677366043746757,1.0632258414412927,-0.13086344882419834
1630201,Malachi Flynn,TOR,2020-21,Playmaker,Average,47,927.545,353,116,137,38,7,43,0.374,0.321,0.804,0.484,0.453,0.183,0.083,103.8,109.4,-5.6,3.19,0.01,0.114,0.225,0.06,16.0,-0.5549055077526738,0.4619386687857753,-0.7279937432025525,-0.4997749136460536
1627763,Malcolm Brogdon,IND,2020-21,Playmaker,Very Good,56,1929.5433333333333,1186,294,329,49,15,115,0.453,0.388,0.864,0.561,0.527,0.257,0.128,110.6,111.1,-0.5,2.86,0.029,0.118,0.271,0.073,14.300000000000011,1.0277775127176507,1.4268514560809151,-0.09007684934928933,-0.4047431568841957
203935,Marcus Smart,BOS,2020-21,Playmaker,Very Good,48,1581.2516666666668,627,167,273,72,23,96,0.398,0.33,0.79,0.539,0.489,0.179,0.085,114.2,111.3,2.8,2.84,0.022,0.084,0.227,0.052,14.100000000000009,-0.07212813758100448,0.9736119952936141,-0.6945886698730657,-0.09724303228834175
1630222,Mason Jones,PHI,2020-21,Playmaker,Average,32,334.4866666666667,168,55,42,7,1,29,0.423,0.364,0.625,0.556,0.52,0.217,0.092,98.9,108.8,-9.9,1.45,0.018,0.145,0.211,0.076,16.60000000000001,-0.02775906334540505,0.03372084647479856,-0.6860153679312497,-0.8464291437224567
203487,Michael Carter-Williams,ORL,2020-21,Playmaker,Average,31,799.6316666666667,274,139,129,25,17,69,0.389,0.246,0.613,0.449,0.417,0.198,0.064,103.1,105.6,-2.5,1.87,0.044,0.123,0.238,0.082,19.80000000000001,-0.7021828094824724,0.505530631560993,-0.3866936410752846,-0.3100302266252731
201144,Mike Conley,UTA,2020-21,Playmaker,Very Good,51,1497.615,827,177,305,70,9,99,0.444,0.412,0.852,0.589,0.552,0.224,0.131,116.2,99.5,16.7,3.08,0.024,0.082,0.303,0.055,25.900000000000006,0.6874001517841348,1.5183037710621479,-0.629835921122372,0.4336949113761492
1628420,Monte Morris,DEN,2020-21,Playmaker,Average,47,1196.1533333333334,481,96,150,34,13,34,0.481,0.381,0.795,0.574,0.547,0.161,0.092,115.7,109.5,6.2,4.41,0.009,0.071,0.172,0.04,15.900000000000006,-0.10907079167805751,0.2120390292255595,-1.035854400969464,-0.4863910488858161
1630230,Naji Marshall,NOP,2020-21,Playmaker,Average,32,699.6983333333334,246,148,88,26,10,38,0.392,0.349,0.707,0.508,0.462,0.16,0.088,108.1,109.6,-1.5,2.32,0.02,0.182,0.165,0.1,15.800000000000011,-0.6632186620632057,-0.05542540610383359,-0.13349945633805171,-0.6055098119064791
1630207,Nate Hinton,DAL,2020-21,Playmaker,Average,21,93.35,41,9,8,7,2,5,0.357,0.211,0.7,0.442,0.405,0.217,0.066,87.3,115.4,-28.2,1.6,0.009,0.091,0.151,0.044,10.0,-0.7711441047655478,-0.4284478585797363,-1.2157397205296219,-1.2240925350461016
1630185,Nico Mannion,GSW,2020-21,Playmaker,Average,30,363.91833333333335,123,46,70,16,1,31,0.342,0.367,0.821,0.487,0.439,0.186,0.075,102.6,111.9,-9.4,2.26,0.016,0.107,0.27,0.061,13.5,-0.6816557072443011,0.46819375026038673,-0.9009905897544416,-0.9353163699311077
203999,Nikola Jokić,DEN,2020-21,Playmaker,Elite,72,2487.7816666666668,1898,780,599,95,48,222,0.566,0.388,0.868,0.647,0.602,0.293,0.201,120.2,112.6,7.7,2.7,0.087,0.237,0.377,0.163,12.800000000000011,2.2964810198298657,3.0158393666134735,2.3460340297332625,0.31762383780529274
1626188,Quinn Cook,CLE,2020-21,Playmaker,Average,23,157.355,76,17,18,4,1,7,0.426,0.423,0.875,0.531,0.507,0.204,0.098,100.3,104.2,-3.9,2.57,0.012,0.084,0.184,0.049,21.200000000000003,-0.33220943696311256,-0.206268385304085,-1.1308144203368982,-0.6072417273096811
1630181,R.J. Hampton,ORL,2020-21,Playmaker,Average,51,888.2833333333333,354,179,87,21,10,53,0.435,0.31,0.671,0.507,0.478,0.191,0.085,102.6,116.7,-14.2,1.64,0.03,0.162,0.155,0.094,8.700000000000003,-0.36411716964704777,-0.11528163077534417,-0.12768264607250995,-1.0744748194495075
200765,Rajon Rondo,LAC,2020-21,Playmaker,Very Good,45,769.32,242,110,199,37,4,79,0.442,0.404,0.941,0.544,0.526,0.166,0.11,107.7,106.8,1.0,2.52,0.023,0.113,0.375,0.069,18.60000000000001,-0.4163490621113182,1.5327275310083321,-0.6292571259624213,-0.38772651346487597
203526,Raul Neto,WAS,2020-21,Playmaker,Average,64,1403.2,557,156,146,73,6,53,0.468,0.39,0.882,0.575,0.539,0.155,0.086,109.3,110.3,-1.0,2.75,0.019,0.087,0.141,0.053,15.100000000000009,-0.09246882905186223,0.023173010553772317,-0.7110361799887035,-0.20012388235276013
202704,Reggie Jackson,LAC,2020-21,Playmaker,Average,67,1544.145,715,192,205,41,7,74,0.45,0.433,0.817,0.576,0.554,0.195,0.091,116.7,109.3,7.4,2.77,0.016,0.107,0.185,0.063,16.10000000000001,0.3200095209337875,0.4874515453080882,-0.4881180079299505,-0.462815357326167
201937,Ricky Rubio,MIN,2020-21,Playmaker,Elite,68,1771.57,582,223,433,98,4,111,0.388,0.308,0.867,0.516,0.454,0.155,0.098,109.3,114.3,-5.0,3.9,0.014,0.11,0.33,0.06,11.100000000000009,-0.4117747417111064,2.1409809003642115,-0.44408223475036784,-0.19634343709911706
203918,Rodney Hood,TOR,2020-21,Playmaker,Average,55,942.7166666666668,246,103,53,24,7,36,0.362,0.301,0.857,0.452,0.427,0.139,0.037,107.4,114.0,-6.6,1.47,0.023,0.084,0.083,0.052,11.400000000000006,-1.137130812758482,-0.6448621758488857,-0.8644048992276434,-0.9151055000101321
201566,Russell Westbrook,WAS,2020-21,Playmaker,Elite,65,2368.846666666667,1445,750,763,89,23,312,0.439,0.315,0.656,0.509,0.474,0.295,0.164,109.2,110.4,-1.2,2.45,0.043,0.249,0.477,0.147,15.0,1.195421521940477,4.181074076968672,2.062598203348419,0.13177934520751297
1627853,Ryan Arcidiacono,CHI,2020-21,Playmaker,Average,44,450.42333333333335,136,67,56,9,0,10,0.419,0.373,0.65,0.541,0.526,0.128,0.078,104.0,104.0,0.0,5.6,0.011,0.135,0.176,0.074,21.400000000000006,-0.7881217759247311,-0.11138134173456873,-0.679654133536627,-0.5538014416112932
1630240,Saben Lee,DET,2020-21,Playmaker,Very Good,48,780.595,267,97,174,32,13,55,0.471,0.348,0.685,0.536,0.49,0.171,0.096,105.4,111.7,-6.3,3.16,0.026,0.099,0.333,0.063,13.700000000000003,-0.4074582181175734,1.204793807883352,-0.7401889733781519,-0.6363740598713458
1629003,Shake Milton,PHI,2020-21,Playmaker,Average,63,1460.87,817,148,193,39,18,103,0.45,0.35,0.83,0.549,0.503,0.239,0.101,109.3,105.0,4.3,1.87,0.022,0.076,0.21,0.049,20.400000000000006,0.5612944453291737,0.5837365828129597,-0.7832218258767467,-0.11960087645613222
1627885,Shaquille Harrison,DEN,2020-21,Playmaker,Average,34,332.3983333333333,73,48,25,17,5,11,0.333,0.188,0.818,0.416,0.353,0.124,0.047,98.2,108.3,-10.1,2.27,0.02,0.117,0.109,0.068,17.10000000000001,-1.5775281122013665,-0.6018345461665093,-0.8065062524543489,-0.672968320802296
1630219,Skylar Mays,ATL,2020-21,Playmaker,Average,33,269.19666666666666,124,35,30,14,2,9,0.449,0.35,0.88,0.569,0.52,0.186,0.113,107.0,105.6,1.4,3.33,0.037,0.095,0.18,0.066,19.80000000000001,-0.21209658970148995,-0.18458270277569475,-0.8664794826513582,-0.5757671789927923
1626169,Stanley Johnson,TOR,2020-21,Playmaker,Average,61,1005.5616666666666,267,153,89,52,18,54,0.382,0.328,0.8,0.519,0.479,0.13,0.056,105.3,111.7,-6.4,1.65,0.027,0.128,0.127,0.075,13.700000000000003,-0.8047960981992143,-0.26521654150835006,-0.4387239210367328,-0.3785594810897444
204456,T.J. McConnell,IND,2020-21,Playmaker,Elite,69,1796.1966666666667,596,256,456,128,23,135,0.559,0.313,0.688,0.583,0.574,0.149,0.119,112.5,110.0,2.5,3.38,0.03,0.106,0.337,0.068,15.400000000000006,-0.06252662348076539,2.264937374122412,-0.2546035070519712,0.55937436982148
1629659,Talen Horton-Tucker,LAL,2020-21,Playmaker,Average,65,1304.2616666666668,585,169,181,63,21,105,0.458,0.282,0.775,0.536,0.496,0.21,0.094,105.8,104.7,1.0,1.72,0.019,0.104,0.209,0.063,20.700000000000003,0.10736594267411363,0.5339626336099833,-0.5491457153542518,0.17705062858742238
201152,Thaddeus Young,CHI,2020-21,Playmaker,Very Good,68,1652.195,823,423,291,74,40,137,0.559,0.267,0.628,0.578,0.568,0.216,0.128,114.2,110.1,4.1,2.12,0.105,0.154,0.253,0.13,15.300000000000011,0.5630588013142847,1.1859054258035509,0.9783692833103084,0.16598219169991826
1630177,Theo Maledon,OKC,2020-21,Playmaker,Average,65,1777.7016666666666,658,211,227,56,11,141,0.368,0.335,0.748,0.489,0.454,0.188,0.063,97.2,113.6,-16.5,1.61,0.012,0.101,0.197,0.055,11.800000000000011,-0.26976499224779765,0.635816594418537,-0.5396210492777526,-0.5195701599520587
1627789,Timothe Luwawu-Cabarrot,BKN,2020-21,Playmaker,Average,58,1050.256666666667,370,129,69,33,6,43,0.365,0.314,0.814,0.493,0.471,0.165,0.047,112.5,112.9,-0.4,1.6,0.026,0.092,0.088,0.059,12.5,-0.622956827248594,-0.5578988480168874,-0.7062394759195842,-0.7673405550139448
203107,Tomas Satoransky,CHI,2020-21,Playmaker,Very Good,58,1306.555,447,142,271,40,14,96,0.514,0.356,0.848,0.614,0.578,0.15,0.096,109.4,110.1,-0.8,2.82,0.024,0.087,0.278,0.055,15.300000000000011,0.014586290039196351,1.2527529327297164,-0.7227041715506567,-0.44935821228257317
1629027,Trae Young,ATL,2020-21,Playmaker,Elite,63,2124.6066666666666,1594,245,594,53,12,261,0.438,0.343,0.886,0.589,0.499,0.32,0.15,118.2,113.0,5.2,2.28,0.018,0.094,0.426,0.057,12.400000000000006,1.9432876605790785,3.272705923412726,-0.42392686882377256,-0.5052839797342208
1630200,Tre Jones,SAS,2020-21,Playmaker,Average,37,268.6066666666667,94,21,39,8,0,13,0.474,0.6,0.895,0.544,0.494,0.159,0.084,98.4,112.2,-13.8,3.0,0.028,0.049,0.228,0.038,13.200000000000003,-0.5743224784541663,0.11818187920137668,-1.2603371033537203,-1.0459511399555261
1629682,Tremont Waters,BOS,2020-21,Playmaker,Very Good,26,237.67333333333332,99,21,62,15,1,27,0.405,0.395,0.941,0.541,0.494,0.204,0.11,106.1,108.0,-2.0,2.3,0.021,0.062,0.38,0.042,17.400000000000006,-0.25844764950813137,1.0566980865225757,-1.209378486134999,-0.7165345001763592
1630235,Trent Forrest,UTA,2020-21,Playmaker,Average,30,302.0133333333333,88,44,45,9,4,21,0.451,0.192,1.0,0.554,0.486,0.144,0.078,108.2,115.9,-7.7,2.14,0.038,0.111,0.205,0.075,9.5,-0.6312812409837336,0.011054000432309974,-0.727942186656248,-1.212512218688084
1629660,Ty Jerome,OKC,2020-21,Playmaker,Average,33,787.7833333333333,353,91,120,20,6,47,0.446,0.423,0.765,0.585,0.57,0.181,0.095,103.5,112.0,-8.5,2.55,0.012,0.1,0.229,0.055,13.400000000000006,0.007924684578669535,0.42185452964569364,-0.8580264793175858,-0.8491590656674473
204020,Tyler Johnson,BKN,2020-21,Playmaker,Average,39,683.8916666666667,210,77,47,14,0,17,0.393,0.364,0.857,0.546,0.525,0.132,0.059,114.0,110.7,3.3,2.76,0.009,0.096,0.091,0.055,14.700000000000003,-0.6768871457082657,-0.6219990971035776,-0.8951737794888996,-0.8956509497514009
1630169,Tyrese Haliburton,SAC,2020-21,Playmaker,Very Good,58,1745.6766666666667,753,173,309,77,28,92,0.472,0.409,0.857,0.585,0.569,0.175,0.104,110.8,116.4,-5.6,3.36,0.022,0.076,0.247,0.049,9.0,0.2524613648750149,1.2184339495961363,-0.7168873612851148,-0.29449774033388304
1630178,Tyrese Maxey,PHI,2020-21,Playmaker,Average,61,935.575,488,104,120,26,13,41,0.462,0.301,0.871,0.531,0.498,0.222,0.106,106.4,108.0,-1.6,2.93,0.011,0.098,0.207,0.054,17.400000000000006,0.09667260005782623,0.2982661562775145,-0.8362722120346175,-0.4811499398180577
1626145,Tyus Jones,MEM,2020-21,Playmaker,Very Good,70,1222.5266666666666,442,140,259,64,6,48,0.431,0.321,0.911,0.511,0.485,0.165,0.113,104.9,107.8,-2.8,5.4,0.016,0.093,0.305,0.054,17.60000000000001,-0.468118452519426,1.3602732769044221,-0.7407505830226675,-0.14648946117381115
203115,Will Barton,DEN,2020-21,Playmaker,Average,56,1735.77,711,226,181,50,23,96,0.426,0.381,0.785,0.538,0.507,0.187,0.076,118.4,112.4,6.0,1.89,0.024,0.109,0.135,0.067,13.0,0.0412946929944274,0.11825628682610845,-0.3469445188666098,-0.3898231594856576
1628988,Aaron Holiday,PHX,2021-22,Playmaker,Average,63,1020.75,400,122,153,42,9,67,0.447,0.379,0.868,0.544,0.504,0.182,0.088,106.8,108.2,-1.4,2.28,0.023,0.092,0.223,0.058,17.200000000000003,-0.18527981787236522,0.5095784232733531,-0.7375527803099213,-0.36758892382725755
202692,Alec Burks,NYK,2021-22,Playmaker,Average,81,2317.6766666666667,944,397,239,85,26,91,0.391,0.404,0.822,0.559,0.499,0.171,0.099,110.3,108.1,2.3,2.63,0.019,0.148,0.158,0.082,17.30000000000001,0.2122629413065605,0.4608844102248242,0.297878033510357,0.25582203807733944
1627936,Alex Caruso,CHI,2021-22,Playmaker,Average,41,1146.8316666666667,304,148,165,71,15,57,0.398,0.333,0.795,0.528,0.48,0.13,0.077,110.5,105.5,5.1,2.89,0.029,0.101,0.194,0.064,19.900000000000006,-0.7266557619029245,0.3908227724288127,-0.5921270113065424,0.15223300803588086
1629717,Armoni Brooks,TOR,2021-22,Playmaker,Average,54,843.755,288,103,62,28,11,27,0.339,0.297,0.857,0.483,0.467,0.159,0.054,108.3,112.1,-3.8,2.3,0.021,0.097,0.105,0.058,13.300000000000011,-0.7831892940602563,-0.4881565805796623,-0.7879669733995616,-0.7215563096505391
1630245,Ayo Dosunmu,CHI,2021-22,Playmaker,Average,77,2109.641666666667,679,214,256,60,29,108,0.52,0.376,0.679,0.596,0.585,0.138,0.07,109.1,114.1,-5.0,2.37,0.013,0.09,0.164,0.052,11.300000000000011,-0.008868594223426784,0.5571450827140781,-0.5698798764407976,-0.3253876936682568
1630538,Bones Hyland,DEN,2021-22,Playmaker,Average,69,1309.8583333333331,698,188,191,41,20,86,0.403,0.366,0.856,0.558,0.518,0.231,0.096,113.4,111.7,1.7,2.22,0.011,0.133,0.22,0.072,13.700000000000003,0.4683716917646299,0.6325537335174555,-0.38407463352248905,-0.47229954540503066
202954,Brad Wanamaker,WAS,2021-22,Playmaker,Average,23,319.62,83,39,55,7,6,23,0.364,0.235,0.92,0.472,0.39,0.146,0.053,104.0,110.3,-6.4,2.39,0.018,0.107,0.243,0.061,15.100000000000009,-1.0890839901246925,0.26132174038254735,-0.9195642398400985,-0.883973836281348
203078,Bradley Beal,WAS,2021-22,Playmaker,Very Good,40,1438.95,928,189,265,36,15,135,0.451,0.3,0.833,0.539,0.492,0.297,0.123,107.1,110.5,-3.5,1.96,0.026,0.099,0.309,0.064,14.900000000000006,1.0087545744544166,1.4048220381781207,-0.483338489376266,-0.5041880700525497
1629164,Brandon Goodwin,CLE,2021-22,Playmaker,Average,36,501.54,171,67,91,25,1,36,0.416,0.345,0.632,0.501,0.477,0.177,0.088,106.3,112.6,-6.3,2.53,0.028,0.11,0.278,0.068,12.800000000000011,-0.6328793902654194,0.5904084947088282,-0.7560920593647086,-0.8831923760209515
1627742,Brandon Ingram,NOP,2021-22,Playmaker,Very Good,55,1869.1816666666664,1246,320,307,34,26,151,0.461,0.327,0.826,0.554,0.498,0.291,0.139,112.7,109.4,3.3,2.03,0.019,0.152,0.268,0.086,16.0,1.2799200853894919,1.3290452869847216,0.1445264997868517,-0.3489885493409233
1630314,Brandon Williams,POR,2021-22,Playmaker,Average,24,639.705,309,74,94,24,10,58,0.372,0.292,0.701,0.476,0.427,0.246,0.069,101.2,121.6,-20.4,1.62,0.026,0.089,0.235,0.055,3.8000000000000114,-0.1711859803150105,0.35988847527440193,-0.9031339152398956,-1.3312886383771336
1630595,Cade Cunningham,DET,2021-22,Playmaker,Very Good,64,2088.055,1114,354,356,78,43,234,0.416,0.314,0.845,0.504,0.471,0.273,0.1,106.9,113.1,-6.2,1.52,0.026,0.143,0.283,0.083,12.300000000000011,0.7670829391174934,1.593614961803055,0.19652240871743037,0.06151601031387588
1626166,Cameron Payne,PHX,2021-22,Playmaker,Very Good,58,1277.5983333333334,626,175,282,40,17,103,0.409,0.336,0.843,0.5,0.469,0.235,0.107,109.1,102.7,6.3,2.74,0.018,0.109,0.318,0.065,22.700000000000003,0.11411379718983683,1.5179356706721263,-0.5077461352428996,0.01577877509296292
1627747,Caris LeVert,CLE,2021-22,Playmaker,Very Good,58,1780.3733333333332,986,214,248,51,23,108,0.444,0.32,0.756,0.525,0.492,0.252,0.098,112.7,114.5,-1.8,2.3,0.024,0.097,0.219,0.06,10.900000000000006,0.64111401276209,0.8366784855558196,-0.46796264200335536,-0.5028466141513007
1629185,Chris Chiozza,GSW,2021-22,Playmaker,Average,34,371.8833333333333,67,36,65,13,0,32,0.296,0.321,0.667,0.407,0.401,0.132,0.039,100.4,108.3,-7.9,2.03,0.023,0.073,0.264,0.048,17.10000000000001,-1.574748975100065,0.41608937363919196,-1.0931398815519382,-0.7650010925709063
101108,Chris Paul,PHX,2021-22,Playmaker,Elite,65,2138.958333333333,958,283,702,121,20,153,0.493,0.317,0.837,0.581,0.536,0.197,0.15,115.6,105.5,10.0,4.59,0.011,0.113,0.434,0.064,19.900000000000006,0.53847735647988,3.715053812904597,-0.23392090251172995,0.7208884749668402
1630175,Cole Anthony,ORL,2021-22,Playmaker,Very Good,65,2059.398333333333,1062,348,369,46,17,170,0.391,0.338,0.854,0.519,0.464,0.245,0.106,105.7,111.1,-5.4,2.17,0.015,0.145,0.281,0.08,14.300000000000011,0.6103727399059257,1.6302156423236183,0.1423831743013978,-0.4155923176929865
202709,Cory Joseph,DET,2021-22,Playmaker,Very Good,65,1599.8383333333334,521,174,237,42,17,85,0.445,0.414,0.885,0.579,0.526,0.141,0.081,105.3,111.7,-6.4,2.79,0.017,0.092,0.22,0.053,13.700000000000003,-0.19804679468371614,0.8018195343450158,-0.6632753654827285,-0.49229057447593627
1626156,D'Angelo Russell,MIN,2021-22,Playmaker,Elite,65,2076.6116666666667,1176,216,460,62,22,165,0.411,0.34,0.825,0.544,0.502,0.246,0.114,114.5,109.8,4.7,2.79,0.011,0.089,0.32,0.05,15.600000000000009,0.8428426052491028,2.184156032718172,-0.5900524278828276,-0.12284211310027977
201571,D.J. Augustin,LAL,2021-22,Playmaker,Average,55,883.2283333333334,294,68,107,17,1,56,0.423,0.415,0.884,0.61,0.577,0.139,0.071,106.9,117.5,-10.6,1.91,0.012,0.065,0.176,0.038,7.900000000000006,-0.19914494402983274,0.07628291570468292,-1.1356283099214521,-1.2539811872700097
1630227,Daishen Nix,HOU,2021-22,Playmaker,Average,24,261.43,77,33,40,15,0,26,0.403,0.269,0.533,0.48,0.455,0.167,0.059,104.4,111.0,-6.6,1.54,0.026,0.103,0.208,0.064,14.400000000000006,-0.8939404707432255,0.009508503825370329,-0.8972655484280493,-0.9029159893279396
1630625,Dalano Banton,TOR,2021-22,Playmaker,Average,64,695.6866666666666,205,124,99,28,10,53,0.411,0.255,0.591,0.463,0.443,0.159,0.07,106.6,105.1,1.5,1.87,0.048,0.124,0.197,0.083,20.30000000000001,-0.9573953794433381,0.16481610515923867,-0.4137546655255834,-0.32039104830709364
203081,Damian Lillard,POR,2021-22,Playmaker,Very Good,29,1056.19,695,120,212,17,11,83,0.402,0.324,0.878,0.55,0.486,0.288,0.126,113.0,114.8,-1.8,2.55,0.012,0.104,0.321,0.057,10.600000000000009,0.8377354330162058,1.2772102381131991,-0.7555991917819322,-0.9941689246056274
1629636,Darius Garland,CLE,2021-22,Playmaker,Elite,68,2429.9533333333334,1473,224,583,89,7,248,0.462,0.383,0.892,0.576,0.536,0.272,0.134,113.6,106.9,6.6,2.35,0.017,0.074,0.378,0.046,18.5,1.4303175301209479,2.9625819587909783,-0.6197840164322266,0.17554128383161158
1630558,Davion Mitchell,SAC,2021-22,Playmaker,Very Good,75,2075.825,861,166,313,55,24,114,0.418,0.316,0.659,0.489,0.477,0.202,0.074,105.3,111.3,-6.0,2.75,0.015,0.062,0.235,0.038,14.100000000000009,-0.02088501021075395,1.1657408748664824,-0.8755972087222551,-0.2632687382365721
1628368,De'Aaron Fox,SAC,2021-22,Playmaker,Very Good,59,2083.455,1367,231,330,68,25,168,0.473,0.297,0.75,0.549,0.506,0.284,0.11,112.1,116.5,-4.4,1.96,0.012,0.096,0.254,0.054,8.900000000000006,1.2873480506626693,1.3350310407096604,-0.49929313190912733,-0.42397786629285794
1627749,Dejounte Murray,SAS,2021-22,Playmaker,Elite,68,2365.931666666667,1438,563,627,138,23,180,0.462,0.327,0.794,0.533,0.5,0.268,0.163,112.9,111.0,1.9,3.48,0.031,0.196,0.388,0.112,14.400000000000006,1.1299413325431853,3.180664910323035,1.120528507539202,0.6042333241550967
203471,Dennis Schröder,HOU,2021-22,Playmaker,Very Good,64,1837.4833333333331,867,214,296,53,8,143,0.431,0.344,0.853,0.539,0.49,0.223,0.098,106.9,107.9,-1.0,2.07,0.018,0.097,0.256,0.057,17.5,0.42304881685931156,1.221156842419994,-0.5061816049173962,-0.24610499299404812
1628372,Dennis Smith Jr.,POR,2021-22,Playmaker,Very Good,37,638.535,206,88,132,45,12,51,0.418,0.222,0.656,0.474,0.434,0.173,0.095,100.7,110.6,-9.8,2.59,0.029,0.107,0.311,0.066,14.800000000000011,-0.7912945833825757,0.9266583989769656,-0.7258504177170984,-0.44716366312190975
201565,Derrick Rose,NYK,2021-22,Playmaker,Average,26,635.8633333333333,311,78,103,22,12,39,0.445,0.402,0.968,0.541,0.513,0.217,0.129,109.1,103.3,5.8,2.64,0.032,0.08,0.266,0.057,22.10000000000001,-0.010397809150072624,0.5671529505578806,-0.8670410922958738,-0.2565658828417157
1628401,Derrick White,BOS,2021-22,Playmaker,Very Good,75,2198.8016666666667,992,261,366,64,58,119,0.421,0.312,0.864,0.549,0.493,0.196,0.101,111.3,106.4,4.9,3.08,0.017,0.094,0.231,0.056,19.0,0.37271477961116134,1.3382939016107418,-0.39421246578980845,0.46187521205526316
1628984,Devonte' Graham,NOP,2021-22,Playmaker,Very Good,76,2161.575,902,177,316,71,12,105,0.363,0.341,0.843,0.514,0.481,0.191,0.081,111.4,111.1,0.3,3.01,0.017,0.064,0.21,0.04,14.300000000000011,0.0710951983458285,1.0363386154605667,-0.8209307356925765,-0.20714556425055072
1628978,Donte DiVincenzo,SAC,2021-22,Playmaker,Average,42,1005.4,380,170,118,48,8,72,0.351,0.339,0.843,0.51,0.461,0.187,0.08,107.5,111.2,-3.7,1.64,0.039,0.125,0.167,0.082,14.200000000000003,-0.35749661707232366,0.0662006402361489,-0.30443890498166093,-0.4918022353489661
203110,Draymond Green,GSW,2021-22,Playmaker,Very Good,46,1328.9633333333334,346,336,320,61,50,139,0.525,0.296,0.659,0.582,0.556,0.14,0.119,110.0,102.8,7.2,2.3,0.034,0.204,0.325,0.122,22.60000000000001,-0.3144157311888704,1.6970875142654012,0.6456081120939868,0.561368241393957
203901,Elfrid Payton,PHX,2021-22,Playmaker,Average,50,549.11,150,88,99,25,6,47,0.383,0.222,0.375,0.397,0.394,0.175,0.067,103.0,105.0,-2.0,2.11,0.035,0.115,0.252,0.075,20.400000000000006,-1.2572882470276645,0.47378703857968624,-0.6111935289749758,-0.38606952562936964
1630190,Elijah Hughes,POR,2021-22,Playmaker,Average,36,434.465,126,58,22,14,8,17,0.326,0.263,0.778,0.426,0.413,0.158,0.037,98.2,121.8,-23.7,1.29,0.013,0.118,0.079,0.065,3.6000000000000085,-1.2332354666077008,-0.781403220181041,-0.818191429531737,-1.4668881307762989
202339,Eric Bledsoe,POR,2021-22,Playmaker,Very Good,54,1360.6166666666666,534,182,225,69,19,116,0.421,0.313,0.761,0.514,0.475,0.198,0.095,105.2,106.4,-1.2,1.94,0.02,0.105,0.251,0.063,19.0,-0.1430442340715884,0.9318104918593907,-0.5146517937666033,0.11910093062699445
1630267,Facundo Campazzo,DEN,2021-22,Playmaker,Very Good,65,1184.05,332,117,220,63,23,67,0.361,0.301,0.769,0.503,0.459,0.143,0.073,102.1,110.7,-8.6,3.28,0.019,0.08,0.276,0.048,14.700000000000003,-0.7542357300431203,1.0538533686206302,-0.8782162162750508,-0.15524249370344798
1627832,Fred VanVleet,TOR,2021-22,Playmaker,Very Good,65,2462.0216666666665,1320,289,434,111,35,170,0.403,0.377,0.874,0.552,0.513,0.233,0.118,112.2,108.5,3.7,2.55,0.016,0.1,0.266,0.057,16.900000000000006,0.8972620741989544,1.785130778251847,-0.3071782111425003,0.592772780481301
1627788,Furkan Korkmaz,PHI,2021-22,Playmaker,Average,67,1413.7816666666668,509,175,127,33,9,48,0.387,0.289,0.81,0.502,0.469,0.17,0.076,108.8,108.0,0.8,2.65,0.015,0.104,0.129,0.061,17.400000000000006,-0.4346568895966061,-0.11415296458966143,-0.5587047524616209,-0.4490902552621643
1629216,Gabe Vincent,MIA,2021-22,Playmaker,Average,68,1588.945,591,126,210,62,12,98,0.417,0.368,0.815,0.551,0.533,0.174,0.07,109.1,106.0,3.1,2.14,0.014,0.064,0.198,0.04,19.400000000000006,-0.06608147501321684,0.5788794952737036,-0.9562530434595056,-0.0007489879428954285
202066,Garrett Temple,NOP,2021-22,Playmaker,Average,59,1098.4083333333333,309,143,74,43,23,42,0.376,0.319,0.683,0.494,0.476,0.136,0.057,101.0,114.7,-13.7,1.76,0.024,0.106,0.102,0.063,10.700000000000003,-0.873523355745896,-0.4608532447163548,-0.6181335585295491,-0.5974884526676969
201609,Goran Dragic,BKN,2021-22,Playmaker,Average,21,497.4983333333333,157,65,86,19,4,34,0.377,0.254,0.818,0.474,0.43,0.166,0.072,112.1,111.7,0.4,2.53,0.027,0.104,0.227,0.066,13.700000000000003,-0.8778742554865354,0.28550971801635805,-0.7868781251413999,-0.8621289540970537
1630193,Immanuel Quickley,NYK,2021-22,Playmaker,Very Good,78,1802.4333333333332,882,247,275,54,3,99,0.392,0.346,0.881,0.543,0.487,0.217,0.11,111.4,104.8,6.6,2.78,0.017,0.114,0.244,0.066,20.60000000000001,0.4128133032591679,1.0764714846318835,-0.3039632229143193,-0.10419145741764041
202397,Ish Smith,WAS,2021-22,Playmaker,Very Good,65,1126.02,410,140,244,47,23,78,0.43,0.373,0.625,0.465,0.459,0.195,0.092,107.1,113.8,-6.7,3.13,0.021,0.1,0.318,0.061,11.600000000000009,-0.5345874217222885,1.378107400423272,-0.6515730028899055,-0.5031637933698966
1629630,Ja Morant,MEM,2021-22,Playmaker,Very Good,57,1888.7866666666664,1564,325,384,66,22,196,0.493,0.344,0.761,0.575,0.53,0.33,0.163,115.3,111.2,4.1,1.96,0.037,0.124,0.33,0.08,14.200000000000003,1.914812506435242,1.9606760255696365,0.08135546687709642,-0.16365320641633596
1628973,Jalen Brunson,DAL,2021-22,Playmaker,Very Good,79,2524.01,1285,309,377,66,3,124,0.502,0.373,0.84,0.583,0.549,0.215,0.122,113.8,109.4,4.4,3.04,0.017,0.105,0.237,0.062,16.0,0.9174968067109627,1.4124764261659661,-0.19041236794579333,-0.25012660738560943
1630591,Jalen Suggs,ORL,2021-22,Playmaker,Very Good,48,1306.6533333333334,564,171,209,59,19,143,0.361,0.214,0.773,0.455,0.4,0.244,0.064,100.6,107.8,-7.1,1.46,0.019,0.102,0.249,0.061,17.60000000000001,-0.12200222711273605,0.861700124032144,-0.569318266796282,-0.06676924382542802
1630547,James Bouknight,CHA,2021-22,Playmaker,Average,31,304.4766666666667,142,52,26,7,1,15,0.348,0.347,0.871,0.459,0.408,0.226,0.06,108.0,114.2,-6.2,1.73,0.064,0.09,0.132,0.077,11.200000000000003,-0.5352256086404362,-0.46894882814107475,-0.6812358493775652,-1.163704388989771
201935,James Harden,PHI,2021-22,Playmaker,Elite,65,2419.68,1432,500,667,82,36,284,0.41,0.33,0.877,0.583,0.485,0.266,0.153,114.9,111.4,3.5,2.35,0.024,0.176,0.401,0.103,14.0,1.3968502849529951,3.40088205657049,0.8387087680261667,0.13202216162976965
201949,James Johnson,BKN,2021-22,Playmaker,Average,62,1191.225,340,215,130,30,34,48,0.469,0.271,0.527,0.513,0.507,0.136,0.068,108.9,110.5,-1.6,2.71,0.041,0.127,0.153,0.085,14.900000000000006,-0.742534551014097,0.03170978941536684,-0.14681790580268256,-0.37412443162404335
1630215,Jared Butler,UTA,2021-22,Playmaker,Average,42,359.7733333333333,161,45,63,17,8,33,0.404,0.318,0.688,0.509,0.497,0.221,0.073,112.5,112.6,-0.1,1.91,0.014,0.102,0.258,0.061,12.800000000000011,-0.2722493791309926,0.37502407098501195,-0.9036439683381069,-0.8952610315059393
1629633,Jarrett Culver,MEM,2021-22,Playmaker,Average,37,338.185,130,48,33,20,5,20,0.378,0.255,0.471,0.433,0.422,0.199,0.048,104.3,106.6,-2.3,1.65,0.033,0.101,0.135,0.065,18.80000000000001,-0.8901883528249809,-0.42633802887995514,-0.8447252153683897,-0.5420012844032056
1628975,Jevon Carter,MIL,2021-22,Playmaker,Average,66,905.1783333333332,277,110,96,24,14,34,0.387,0.388,0.833,0.531,0.518,0.135,0.067,107.3,110.3,-3.0,2.82,0.014,0.097,0.148,0.056,15.100000000000009,-0.6923717641295694,-0.12148798221872041,-0.7948726319232653,-0.6268909543054648
202710,Jimmy Butler III,MIA,2021-22,Playmaker,Very Good,57,1930.8316666666667,1219,336,312,94,27,121,0.48,0.233,0.87,0.592,0.496,0.26,0.164,114.4,108.4,6.1,2.58,0.055,0.125,0.264,0.09,17.0,1.2507804959367697,1.324973130256744,0.23793917434421735,0.3415653660103679
204060,Joe Ingles,POR,2021-22,Playmaker,Average,45,1122.135,325,131,158,23,5,46,0.404,0.347,0.773,0.551,0.54,0.129,0.077,111.9,103.7,8.2,3.43,0.01,0.099,0.195,0.056,21.700000000000003,-0.5873287837422255,0.37068258650736197,-0.7391516816662944,-0.34052863794471283
1630631,Jose Alvarado,NOP,2021-22,Playmaker,Average,54,833.9083333333333,330,100,152,71,7,40,0.446,0.291,0.679,0.52,0.5,0.174,0.107,112.1,104.8,7.3,3.8,0.029,0.094,0.261,0.06,20.60000000000001,-0.4315449684682755,0.7193695586778696,-0.770447800541197,0.11242156854595263
1630528,Josh Christopher,HOU,2021-22,Playmaker,Average,74,1333.7416666666666,587,186,150,65,13,114,0.448,0.296,0.735,0.534,0.504,0.205,0.083,106.9,116.1,-9.2,1.32,0.037,0.103,0.17,0.069,9.300000000000011,0.060770757810684445,0.20080372255572515,-0.42760035360386034,-0.5529696531248627
1630581,Josh Giddey,OKC,2021-22,Playmaker,Very Good,54,1700.3516666666667,674,421,345,51,20,171,0.419,0.263,0.709,0.478,0.461,0.218,0.114,101.1,109.4,-8.3,2.02,0.052,0.175,0.325,0.113,16.0,-0.10150504563866918,1.789079797323858,0.7564884029634128,-0.23355016340805557
1630563,Joshua Primo,SAS,2021-22,Playmaker,Average,50,965.04,288,113,81,20,23,57,0.374,0.307,0.746,0.487,0.452,0.152,0.044,107.9,111.2,-3.3,1.42,0.031,0.079,0.111,0.055,14.200000000000003,-0.8115625237003273,-0.38453652544573186,-0.7996521504769498,-0.6301584375756125
201950,Jrue Holiday,MIL,2021-22,Playmaker,Very Good,67,2207.44,1225,301,457,108,29,183,0.501,0.411,0.761,0.593,0.57,0.231,0.126,118.2,109.7,8.5,2.5,0.031,0.1,0.297,0.066,15.700000000000003,1.0485309458637657,2.0439109320480613,-0.16068077939639436,0.43047829758852685
1629308,Juan Toscano-Anderson,GSW,2021-22,Playmaker,Average,73,994.1316666666668,298,176,127,48,17,68,0.489,0.322,0.571,0.561,0.549,0.144,0.08,109.8,106.9,2.9,1.87,0.03,0.143,0.18,0.089,18.5,-0.43981721190746503,0.1723473554911172,-0.1993410533469073,-0.14809995660845254
1629620,Justin Robinson,DET,2021-22,Playmaker,Average,25,303.7283333333333,78,21,32,9,1,17,0.301,0.295,0.5,0.404,0.398,0.153,0.023,93.8,111.3,-17.5,1.88,0.011,0.051,0.175,0.031,14.100000000000009,-1.4302388221079159,-0.2053115868056044,-1.3495146834864824,-0.9725931054695892
1626208,Keifer Sykes,IND,2021-22,Playmaker,Average,32,566.4033333333333,180,45,62,12,4,33,0.363,0.3,0.882,0.456,0.434,0.174,0.039,108.5,112.9,-4.5,1.88,0.014,0.069,0.162,0.04,12.5,-0.9056396251889317,-0.16795034048938023,-1.1711767087363931,-1.0051641047246405
1629833,Keljin Blevins,POR,2021-22,Playmaker,Average,31,349.3533333333333,95,45,19,13,1,17,0.306,0.292,0.545,0.41,0.401,0.161,0.025,97.1,124.9,-27.7,1.12,0.042,0.09,0.083,0.064,0.5,-1.3251102165387612,-0.7699716808083868,-0.865425005424066,-1.7302112343895768
203482,Kelly Olynyk,DET,2021-22,Playmaker,Average,40,763.7166666666667,365,177,111,31,19,58,0.448,0.336,0.775,0.561,0.517,0.207,0.105,108.4,113.3,-4.9,1.91,0.067,0.17,0.214,0.116,12.100000000000009,0.06969013657015316,0.30447250772089074,0.14728299146312604,-0.6800381188704264
202689,Kemba Walker,NYK,2021-22,Playmaker,Average,37,947.69,431,111,131,26,7,48,0.403,0.367,0.845,0.537,0.501,0.202,0.098,105.4,114.5,-9.1,2.73,0.014,0.099,0.22,0.055,10.900000000000006,-0.05653731312073384,0.41177225417715946,-0.8049589076442802,-0.9237601116582596
1630553,Keon Johnson,POR,2021-22,Playmaker,Average,37,696.2466666666667,267,81,76,28,12,46,0.353,0.34,0.804,0.453,0.415,0.207,0.052,100.8,119.8,-19.0,1.65,0.031,0.083,0.174,0.056,5.6000000000000085,-0.6184763686150706,-0.04902282195763785,-0.8718206108495583,-1.1638498435286364
1630698,Kevin Pangos,CLE,2021-22,Playmaker,Average,24,166.01333333333332,39,11,30,3,0,7,0.326,0.231,0.75,0.408,0.391,0.143,0.046,104.9,117.1,-12.1,4.29,0.012,0.057,0.246,0.035,8.300000000000011,-1.5086983062775345,0.18618241732884233,-1.3250898521044139,-1.3856558623896482
1629645,Kevin Porter Jr.,HOU,2021-22,Playmaker,Very Good,61,1907.1533333333332,949,267,376,69,22,192,0.415,0.375,0.642,0.531,0.511,0.239,0.096,108.3,114.9,-6.7,1.96,0.022,0.111,0.302,0.067,10.5,0.5535704526680175,1.7739442016132476,-0.23815599693633346,-0.3499614152845598
203114,Khris Middleton,MIL,2021-22,Playmaker,Very Good,66,2141.29,1325,356,358,76,18,190,0.443,0.373,0.89,0.577,0.522,0.255,0.122,115.0,109.6,5.4,1.88,0.019,0.136,0.246,0.079,15.800000000000011,1.20485682933729,1.3931211710557942,0.1508705486660397,-0.006501952966302109
1630165,Killian Hayes,DET,2021-22,Playmaker,Very Good,66,1646.9716666666666,453,210,277,78,35,111,0.383,0.263,0.77,0.461,0.431,0.154,0.066,102.6,112.9,-10.3,2.5,0.02,0.108,0.243,0.061,12.5,-0.8265879271071062,1.0782132139416427,-0.4658365020333361,-0.007672766700804449
1630184,Kira Lewis Jr.,NOP,2021-22,Playmaker,Average,24,341.14,141,39,49,11,1,26,0.404,0.224,0.833,0.466,0.449,0.209,0.079,94.9,109.0,-14.1,1.88,0.023,0.083,0.239,0.052,16.400000000000006,-0.6203721992478742,0.2167729791088488,-1.0342211285822211,-0.8167346269791097
200768,Kyle Lowry,MIA,2021-22,Playmaker,Elite,63,2133.155,844,282,474,67,17,168,0.44,0.377,0.851,0.6,0.555,0.178,0.112,112.5,106.6,5.9,2.82,0.016,0.116,0.321,0.067,18.80000000000001,0.4258104068918876,2.241289364565825,-0.19835531818135432,0.06639234173432566
1630163,LaMelo Ball,CHA,2021-22,Playmaker,Elite,75,2422.0666666666666,1508,501,571,119,30,245,0.429,0.389,0.872,0.554,0.517,0.271,0.132,114.0,112.5,1.5,2.33,0.042,0.157,0.341,0.098,12.900000000000006,1.3224514642096799,2.710572489530982,0.7776638750864305,0.3900576637744237
202362,Lance Stephenson,IND,2021-22,Playmaker,Very Good,46,813.9783333333334,384,127,165,24,4,72,0.455,0.3,0.788,0.536,0.497,0.219,0.096,110.4,117.4,-7.0,2.29,0.014,0.149,0.298,0.079,8.0,0.02829934598026552,0.9750587192602044,-0.4567531469933088,-1.145223787187659
1628366,Lonzo Ball,CHI,2021-22,Playmaker,Average,35,1212.345,455,190,178,64,31,82,0.423,0.423,0.75,0.575,0.567,0.17,0.097,110.1,107.0,3.1,2.17,0.029,0.125,0.203,0.077,18.400000000000006,-0.0562187891207917,0.4892176396334652,-0.31506960483175694,0.15345087894260387
101150,Lou Williams,ATL,2021-22,Playmaker,Average,56,798.8766666666667,354,87,105,28,3,43,0.391,0.363,0.859,0.5,0.448,0.215,0.083,110.4,109.5,0.8,2.44,0.02,0.084,0.196,0.052,15.900000000000006,-0.22844835352094703,0.1812765997583511,-0.9068589565662879,-0.649733866546413
1629029,Luka Dončić,DAL,2021-22,Playmaker,Elite,65,2300.718333333333,1847,593,568,75,36,292,0.457,0.353,0.744,0.571,0.529,0.368,0.191,113.8,110.3,3.5,1.95,0.025,0.23,0.458,0.129,15.100000000000009,2.374205827742585,3.3567988557492825,1.4167039882287251,0.12412276361603942
1630201,Malachi Flynn,TOR,2021-22,Playmaker,Average,44,537.0566666666666,189,63,70,20,4,13,0.393,0.333,0.625,0.488,0.475,0.157,0.074,109.2,111.8,-2.6,5.38,0.016,0.097,0.185,0.053,13.600000000000009,-0.8406363214149488,-0.009306783207577884,-0.9578003882695743,-0.8576430586636916
1627763,Malcolm Brogdon,IND,2021-22,Playmaker,Very Good,36,1206.2483333333332,687,185,212,30,14,77,0.448,0.312,0.856,0.557,0.501,0.241,0.129,110.8,111.1,-0.4,2.75,0.026,0.121,0.271,0.074,14.300000000000011,0.5279263379566741,0.9963275713673378,-0.36655546066412426,-0.6117265167151951
203935,Marcus Smart,BOS,2021-22,Playmaker,Very Good,71,2295.8416666666667,861,270,417,119,18,159,0.418,0.331,0.793,0.54,0.501,0.179,0.095,114.5,105.2,9.3,2.62,0.018,0.093,0.245,0.057,20.200000000000003,0.10233824864075991,1.6046053057388345,-0.3575924042321406,0.6975572235989219
201144,Mike Conley,UTA,2021-22,Playmaker,Very Good,72,2058.1383333333333,986,217,385,96,21,123,0.435,0.408,0.796,0.572,0.542,0.202,0.113,112.5,104.9,7.7,3.13,0.023,0.079,0.281,0.051,20.5,0.5438141110661682,1.6890907034810305,-0.5746593949944822,0.5072246705418156
1630540,Miles McBride,NYK,2021-22,Playmaker,Average,40,372.2116666666666,89,42,41,14,1,5,0.296,0.25,0.667,0.393,0.375,0.137,0.041,113.1,100.1,13.0,8.2,0.011,0.097,0.159,0.056,25.30000000000001,-1.6023267951168847,-0.2620768182632356,-0.9753023756125041,-0.26273393022360064
1628420,Monte Morris,DEN,2021-22,Playmaker,Very Good,75,2238.9483333333333,945,226,333,56,14,78,0.484,0.395,0.869,0.583,0.564,0.173,0.098,116.3,110.4,6.0,4.27,0.013,0.087,0.201,0.052,15.0,0.36484592322872955,1.0483344879260623,-0.5380393334368143,-0.3012028077844336
1629638,Nickeil Alexander-Walker,UTA,2021-22,Playmaker,Average,65,1465.82,692,187,156,46,23,93,0.372,0.311,0.743,0.475,0.449,0.237,0.072,107.6,110.7,-3.1,1.68,0.024,0.103,0.166,0.062,14.700000000000003,0.03341218574674413,0.20041125715008584,-0.5141245551529572,-0.33138566365475086
201976,Patrick Beverley,MIN,2021-22,Playmaker,Very Good,58,1475.7383333333332,533,240,268,67,52,73,0.406,0.343,0.722,0.539,0.501,0.158,0.094,113.6,109.8,3.7,3.67,0.038,0.119,0.249,0.077,15.600000000000009,-0.2936462605124695,1.0788019120501018,-0.18240067564849305,0.2324886216834556
1630202,Payton Pritchard,BOS,2021-22,Playmaker,Average,71,1001.0,442,134,139,25,6,41,0.429,0.412,1.0,0.578,0.564,0.18,0.107,109.4,107.2,2.2,3.39,0.031,0.093,0.222,0.063,18.200000000000003,0.024763704018138506,0.45244509142570005,-0.6420139657825366,-0.5153298107382754
1630181,R.J. Hampton,ORL,2021-22,Playmaker,Average,64,1402.2616666666668,489,194,158,42,13,87,0.383,0.35,0.641,0.481,0.453,0.18,0.065,99.1,113.5,-14.5,1.82,0.015,0.12,0.179,0.065,11.900000000000006,-0.49594330784140456,0.28080013314868624,-0.45733194215325934,-0.6385188455773309
200765,Rajon Rondo,CLE,2021-22,Playmaker,Very Good,39,697.9333333333333,186,108,170,30,6,68,0.386,0.352,0.731,0.496,0.474,0.152,0.096,98.9,106.8,-7.8,2.5,0.02,0.118,0.366,0.07,18.60000000000001,-0.833661888911163,1.3754576026462673,-0.6218242288250717,-0.4400211260269144
203526,Raul Neto,WAS,2021-22,Playmaker,Average,70,1371.995,526,134,217,55,3,79,0.463,0.292,0.769,0.538,0.502,0.18,0.085,109.6,112.9,-3.3,2.75,0.01,0.089,0.228,0.05,12.5,-0.1433612338215404,0.7731669345775883,-0.8076294717433804,-0.5697429623802998
202704,Reggie Jackson,LAC,2021-22,Playmaker,Very Good,75,2336.528333333333,1263,271,359,55,15,173,0.392,0.326,0.847,0.488,0.46,0.273,0.088,108.2,109.4,-1.3,2.08,0.016,0.092,0.245,0.055,16.0,0.7830535507004871,1.3911832090432152,-0.38041833425783594,-0.24269203167017048
201937,Ricky Rubio,IND,2021-22,Playmaker,Very Good,34,970.15,445,141,225,49,7,90,0.363,0.339,0.854,0.488,0.434,0.234,0.111,108.6,99.5,9.1,2.5,0.015,0.122,0.348,0.069,25.900000000000006,-0.09234507594417003,1.4767228653463618,-0.5470023898687978,0.1958713616654535
201566,Russell Westbrook,LAL,2021-22,Playmaker,Elite,78,2677.866666666667,1441,580,550,75,20,295,0.444,0.298,0.667,0.512,0.476,0.264,0.113,107.5,111.5,-4.0,1.86,0.039,0.165,0.311,0.103,13.900000000000006,0.9827545908268855,2.4647693717143615,1.050979054719389,-0.10826227049252417
1630240,Saben Lee,DET,2021-22,Playmaker,Average,37,603.7283333333334,208,87,107,36,12,36,0.39,0.233,0.789,0.499,0.429,0.169,0.1,105.1,110.8,-5.7,2.97,0.026,0.113,0.274,0.067,14.600000000000009,-0.6761958087121558,0.6268129425265716,-0.7157641419960834,-0.5521668645766179
1628983,Shai Gilgeous-Alexander,OKC,2021-22,Playmaker,Very Good,56,1941.855,1371,278,331,71,46,154,0.453,0.3,0.81,0.557,0.496,0.298,0.134,106.6,113.0,-6.4,2.15,0.017,0.114,0.293,0.065,12.400000000000006,1.4384596849108267,1.5577992120937707,-0.23444814112537601,0.02521432925985989
1629003,Shake Milton,PHI,2021-22,Playmaker,Average,55,1179.4333333333334,450,142,139,28,17,44,0.429,0.323,0.836,0.517,0.483,0.174,0.079,108.6,109.6,-1.0,3.16,0.025,0.094,0.178,0.059,15.800000000000011,-0.3621597052712861,0.20526834468934194,-0.6717455543319355,-0.5139648380083476
203915,Spencer Dinwiddie,DAL,2021-22,Playmaker,Very Good,67,1980.4916666666663,919,279,346,44,13,104,0.416,0.339,0.774,0.543,0.493,0.208,0.107,108.4,109.4,-1.0,3.33,0.022,0.111,0.27,0.068,16.0,0.37361147515324195,1.4837885552257486,-0.1935757996276698,-0.3769019519977468
1626169,Stanley Johnson,LAL,2021-22,Playmaker,Average,48,1094.3983333333333,320,155,80,43,14,35,0.466,0.314,0.716,0.564,0.532,0.125,0.06,114.0,115.2,-1.1,2.29,0.032,0.109,0.094,0.071,10.200000000000003,-0.5458884860246416,-0.483716323461663,-0.4843757810881235,-0.717922966220101
1629004,Svi Mykhailiuk,TOR,2021-22,Playmaker,Average,56,716.1216666666667,255,92,45,26,4,32,0.389,0.306,0.865,0.509,0.476,0.161,0.064,103.6,109.5,-5.9,1.41,0.024,0.101,0.094,0.06,15.900000000000006,-0.6436903034109394,-0.6125055197435023,-0.7916748292105191,-0.6603391284199643
204456,T.J. McConnell,IND,2021-22,Playmaker,Very Good,27,652.1033333333334,229,90,131,29,10,29,0.481,0.303,0.826,0.525,0.505,0.157,0.104,106.8,112.3,-5.5,4.52,0.029,0.11,0.287,0.069,13.100000000000009,-0.6002415246514561,0.7881550276166137,-0.6823246976357269,-0.7330633457252004
1629659,Talen Horton-Tucker,LAL,2021-22,Playmaker,Average,60,1511.0283333333334,597,193,159,59,29,82,0.416,0.269,0.8,0.503,0.462,0.189,0.07,107.9,110.1,-2.2,1.94,0.024,0.1,0.153,0.061,15.300000000000011,-0.2263890881814791,0.1384208377631766,-0.5109439379556459,-0.10073035640855853
1626179,Terry Rozier,CHA,2021-22,Playmaker,Very Good,73,2457.843333333333,1408,315,326,93,25,96,0.444,0.374,0.852,0.566,0.539,0.227,0.114,113.3,112.0,1.4,3.4,0.021,0.101,0.197,0.061,13.400000000000006,0.9968457946390884,1.0001060353300253,-0.187231750748482,0.09945224488770206
1630177,Theo Maledon,OKC,2021-22,Playmaker,Average,51,908.22,361,131,111,31,11,65,0.375,0.293,0.79,0.5,0.445,0.201,0.075,101.8,112.3,-10.5,1.71,0.02,0.118,0.188,0.068,13.100000000000009,-0.32588705989974315,0.15841352101304282,-0.5862758300101308,-0.702223155845504
203107,Tomas Satoransky,WAS,2021-22,Playmaker,Very Good,55,905.9883333333332,198,126,184,29,5,46,0.377,0.208,0.796,0.461,0.406,0.124,0.076,104.4,112.4,-8.0,4.0,0.029,0.11,0.285,0.069,13.0,-1.2300953666222734,0.9719433610307073,-0.586803068623777,-0.7895261332455137
1629027,Trae Young,ATL,2021-22,Playmaker,Elite,76,2651.891666666667,2155,284,737,72,7,303,0.46,0.382,0.904,0.603,0.536,0.333,0.161,117.2,114.9,2.3,2.43,0.019,0.087,0.442,0.053,10.5,2.5230639849385526,3.8887842358657743,-0.37140372127954796,-0.47063928651571185
1630200,Tre Jones,SAS,2021-22,Playmaker,Very Good,69,1148.125,413,155,233,42,7,46,0.49,0.196,0.78,0.545,0.504,0.151,0.105,108.8,109.3,-0.5,5.07,0.024,0.103,0.28,0.064,16.10000000000001,-0.39712228955210443,1.1241599691506967,-0.5735533612208854,-0.4524539943878551
1630235,Trent Forrest,UTA,2021-22,Playmaker,Average,60,765.5183333333333,195,99,106,30,6,48,0.49,0.185,0.792,0.554,0.506,0.124,0.079,113.0,108.5,4.5,2.21,0.031,0.093,0.188,0.064,16.900000000000006,-0.7005279465779664,0.14001506440135147,-0.722142561906141,-0.5399040736110688
203504,Trey Burke,DAL,2021-22,Playmaker,Average,42,441.195,214,33,57,12,0,26,0.391,0.317,0.87,0.475,0.451,0.25,0.069,103.6,104.2,-0.5,2.19,0.009,0.064,0.219,0.037,21.200000000000003,-0.21613073677229552,0.13385744298921043,-1.2412362146544171,-0.534468287806258
1629660,Ty Jerome,OKC,2021-22,Playmaker,Average,48,801.0916666666667,340,78,109,30,5,37,0.378,0.29,0.809,0.488,0.46,0.205,0.081,98.9,100.4,-1.5,2.95,0.021,0.072,0.229,0.045,25.0,-0.380359693639108,0.3813779250999727,-1.0199169439520375,-0.07410866971317102
1630169,Tyrese Haliburton,IND,2021-22,Playmaker,Elite,77,2694.1316666666667,1181,311,628,134,49,199,0.473,0.414,0.842,0.595,0.562,0.184,0.122,110.0,115.9,-6.0,3.16,0.022,0.093,0.335,0.056,9.5,0.6841728082499475,2.88660897489476,-0.26154353660654456,0.5379440287391717
1630178,Tyrese Maxey,PHI,2021-22,Playmaker,Very Good,75,2650.3566666666666,1311,240,321,55,32,88,0.485,0.427,0.866,0.594,0.552,0.199,0.105,113.3,109.7,3.6,3.65,0.01,0.08,0.191,0.046,15.700000000000003,0.8820118641342217,0.9480016587088307,-0.5773299590935822,-0.08832154613278818
1626145,Tyus Jones,MEM,2021-22,Playmaker,Very Good,73,1549.4366666666667,632,176,324,66,2,46,0.451,0.39,0.818,0.544,0.524,0.164,0.126,113.0,105.5,7.6,7.04,0.01,0.097,0.285,0.052,19.900000000000006,-0.14974194287467862,1.4871001461580649,-0.6707082626200782,-0.03110083869562164
1630249,Vít Krejčí,OKC,2021-22,Playmaker,Average,30,689.9,187,101,57,19,8,29,0.407,0.327,0.864,0.529,0.503,0.125,0.056,103.3,116.1,-12.8,1.97,0.024,0.121,0.117,0.07,9.300000000000011,-0.8419150610316369,-0.4391431971723469,-0.6403978789107285,-1.0801796683025744
203115,Will Barton,DEN,2021-22,Playmaker,Average,71,2276.463333333333,1043,340,276,55,31,127,0.438,0.365,0.803,0.548,0.525,0.205,0.095,112.5,110.4,2.0,2.17,0.02,0.128,0.171,0.075,15.0,0.46966017750463546,0.6700624825052641,0.05745787410867406,-0.13956728267051263
1628988,Aaron Holiday,ATL,2022-23,Playmaker,Average,63,845.2566666666667,247,74,89,37,12,36,0.418,0.409,0.844,0.528,0.5,0.129,0.054,110.8,110.0,0.9,2.47,0.028,0.059,0.135,0.043,15.400000000000006,-0.7750817330745013,-0.22027531482901216,-1.056009766896059,-0.4948017615987041
1629599,Amir Coffey,LAC,2022-23,Playmaker,Average,50,625.2766666666666,172,53,53,7,5,21,0.386,0.275,0.778,0.498,0.424,0.128,0.042,104.2,113.1,-8.9,2.52,0.026,0.055,0.119,0.04,12.300000000000011,-1.0080144710940193,-0.44262665579186555,-1.149949680067071,-1.0586043904230273
1629614,Andrew Nembhard,IND,2022-23,Playmaker,Very Good,75,2073.5316666666668,709,199,341,70,13,126,0.441,0.35,0.79,0.528,0.512,0.159,0.068,112.3,118.2,-5.9,2.71,0.016,0.078,0.222,0.047,7.200000000000003,-0.22229646469620476,1.1957427385380301,-0.6733788267191783,-0.6245476560372589
1630245,Ayo Dosunmu,CHI,2022-23,Playmaker,Average,80,2097.616666666667,687,220,206,62,26,99,0.493,0.312,0.805,0.567,0.545,0.145,0.065,108.8,110.1,-1.3,2.08,0.022,0.081,0.135,0.052,15.300000000000011,-0.11766457819406995,0.21024856988456514,-0.553959604938806,-0.09999865960284031
1627732,Ben Simmons,BKN,2022-23,Playmaker,Very Good,42,1105.0166666666669,291,263,256,54,24,97,0.566,0.0,0.439,0.559,0.566,0.142,0.101,114.7,112.5,2.1,2.64,0.04,0.186,0.295,0.12,12.900000000000006,-0.47094129096323245,1.293057669588235,0.426432166877061,-0.3441357112342873
1631104,Blake Wesley,SAS,2022-23,Playmaker,Average,37,669.055,184,82,98,25,5,65,0.321,0.385,0.591,0.393,0.367,0.18,0.031,103.3,116.7,-13.4,1.51,0.016,0.101,0.201,0.057,8.700000000000003,-1.2190369178382683,0.18360702717656935,-0.8564275779612127,-1.0836166877116222
1630538,Bones Hyland,LAC,2022-23,Playmaker,Average,56,1085.4883333333332,659,135,172,39,15,82,0.399,0.371,0.843,0.535,0.502,0.271,0.1,112.7,118.0,-5.3,2.1,0.019,0.111,0.245,0.064,7.400000000000006,0.6015628333424223,0.7030809317659592,-0.626620932894191,-0.9137640441088831
1628971,Bruce Brown,DEN,2022-23,Playmaker,Average,80,2279.485,923,328,268,87,51,123,0.483,0.358,0.758,0.571,0.545,0.174,0.09,113.8,113.0,0.8,2.18,0.029,0.116,0.164,0.074,12.400000000000006,0.2876906943646438,0.6013013785821373,0.012877676800010424,0.24158345628821354
1631121,Bryce McGowens,CHA,2022-23,Playmaker,Average,46,786.9966666666667,246,93,54,15,6,43,0.396,0.325,0.75,0.519,0.46,0.147,0.053,102.6,112.3,-9.7,1.26,0.025,0.088,0.098,0.057,13.100000000000009,-0.6954920306712861,-0.556917684502789,-0.8272404135408946,-0.9185922828738575
1627854,Bryn Forbes,MIN,2022-23,Playmaker,Average,25,267.72,89,15,17,7,2,12,0.361,0.304,1.0,0.497,0.446,0.155,0.035,107.8,116.2,-8.5,1.42,0.015,0.04,0.087,0.027,9.200000000000003,-0.8759343528910494,-0.7548604501133945,-1.4163935722071952,-1.2710962750857036
203468,CJ McCollum,NOP,2022-23,Playmaker,Very Good,75,2649.168333333333,1568,328,429,70,38,183,0.437,0.389,0.769,0.541,0.515,0.26,0.11,114.5,113.5,1.1,2.34,0.021,0.104,0.242,0.062,11.900000000000006,1.2108671267708457,1.631908641602142,-0.13999817485615307,-0.09546408322778355
1626166,Cameron Payne,PHX,2022-23,Playmaker,Very Good,48,968.3116666666666,493,106,214,33,8,81,0.415,0.368,0.766,0.512,0.49,0.239,0.097,115.4,111.4,4.1,2.64,0.012,0.1,0.308,0.054,14.0,0.11609335196119414,1.211540127403952,-0.830965454867287,-0.6589736144335459
1627747,Caris LeVert,CLE,2022-23,Playmaker,Average,74,2237.34,897,282,287,72,24,116,0.431,0.392,0.722,0.546,0.517,0.183,0.089,113.0,108.5,4.5,2.47,0.024,0.105,0.182,0.065,16.900000000000006,0.19188675565497423,0.7723332737350745,-0.22383462679071492,0.07738752185333779
101108,Chris Paul,PHX,2022-23,Playmaker,Elite,59,1888.635,819,251,524,91,22,114,0.44,0.375,0.831,0.555,0.513,0.195,0.133,114.9,112.5,2.3,4.6,0.014,0.118,0.389,0.066,12.900000000000006,0.27494074957714215,2.8072743574571106,-0.29334970857965825,0.018999789477109303
1629632,Coby White,CHI,2022-23,Playmaker,Average,74,1730.2283333333332,715,212,204,54,6,74,0.443,0.372,0.871,0.572,0.551,0.17,0.088,114.0,110.1,4.0,2.76,0.009,0.11,0.159,0.061,15.300000000000011,0.11412732451502926,0.33771286727790206,-0.46052974486600556,-0.38523884317078627
1630175,Cole Anthony,ORL,2022-23,Playmaker,Very Good,60,1551.76,781,288,235,37,31,91,0.454,0.364,0.894,0.57,0.516,0.209,0.116,112.4,112.5,-0.1,2.58,0.03,0.152,0.228,0.091,12.900000000000006,0.43578688211167044,0.8394013783796772,0.12331665663296436,-0.4494566331640826
202709,Cory Joseph,DET,2022-23,Playmaker,Very Good,62,1227.4333333333334,427,106,217,34,9,56,0.427,0.389,0.792,0.558,0.527,0.149,0.087,109.7,113.8,-4.1,3.88,0.016,0.07,0.256,0.042,11.600000000000009,-0.32733919800343014,0.9304612279552708,-0.9838413065234506,-0.7795060076109671
1626156,D'Angelo Russell,LAL,2022-23,Playmaker,Very Good,71,2304.096666666667,1263,215,437,70,29,186,0.469,0.396,0.829,0.605,0.572,0.225,0.115,113.6,112.1,1.5,2.35,0.016,0.075,0.274,0.047,13.300000000000011,1.1006221473134543,1.8411110788981997,-0.6309247693805339,-0.10426471418613233
1630227,Daishen Nix,HOU,2022-23,Playmaker,Average,57,914.3833333333332,226,98,132,31,7,86,0.342,0.286,0.667,0.447,0.426,0.149,0.045,106.2,114.4,-8.2,1.53,0.018,0.091,0.191,0.052,11.0,-1.106936651762089,0.2525399987868981,-0.8776717921459698,-0.86607782946175
1630625,Dalano Banton,TOR,2022-23,Playmaker,Average,31,278.5433333333333,142,45,36,13,13,18,0.423,0.294,0.708,0.505,0.481,0.229,0.095,104.4,110.9,-6.5,2.0,0.036,0.13,0.202,0.079,14.5,-0.250257497128996,-0.03891618147348597,-0.6743301908538616,-0.7862362156596707
1629636,Darius Garland,CLE,2022-23,Playmaker,Elite,69,2447.15,1490,185,538,85,9,199,0.462,0.41,0.863,0.587,0.537,0.262,0.13,116.9,108.8,8.0,2.7,0.012,0.067,0.328,0.04,16.60000000000001,1.432265139544884,2.516113182539895,-0.7997037070232542,0.04269687749045451
1630561,David Duke Jr.,BKN,2022-23,Playmaker,Average,23,228.0233333333333,85,29,21,10,1,18,0.462,0.083,0.706,0.497,0.468,0.187,0.05,105.2,111.5,-6.3,1.17,0.049,0.078,0.145,0.063,13.900000000000006,-0.6445635225590439,-0.41431779139884223,-0.9206187170673907,-0.9739826775411778
1630558,Davion Mitchell,SAC,2022-23,Playmaker,Average,80,1447.03,450,105,185,44,15,62,0.454,0.32,0.806,0.545,0.533,0.14,0.061,114.4,111.8,2.7,2.98,0.012,0.062,0.173,0.037,13.600000000000009,-0.4509650817867072,0.3464458788423161,-1.0501929566305173,-0.49767824411040745
1627749,Dejounte Murray,ATL,2022-23,Playmaker,Very Good,74,2693.395,1515,389,448,112,19,160,0.464,0.344,0.832,0.54,0.514,0.239,0.12,114.3,115.4,-1.1,2.8,0.019,0.127,0.239,0.071,10.0,1.0131985738367495,1.6849698167218174,0.13651480748955144,0.03584746152888455
1626153,Delon Wright,WAS,2022-23,Playmaker,Average,50,1221.1716666666666,369,180,194,92,17,44,0.474,0.345,0.867,0.581,0.545,0.125,0.107,114.1,110.9,3.2,4.41,0.05,0.097,0.209,0.074,14.5,-0.4133540729272845,0.5817986208003808,-0.37982235358245064,0.07278131247926234
203471,Dennis Schröder,LAL,2022-23,Playmaker,Very Good,66,1985.945,830,165,298,50,10,112,0.415,0.329,0.857,0.545,0.472,0.183,0.077,115.0,112.2,2.8,2.66,0.011,0.067,0.202,0.04,13.200000000000003,0.13785224102810176,0.9251629449791401,-0.8527712786965598,-0.5095992565156998
1628372,Dennis Smith Jr.,CHA,2022-23,Playmaker,Very Good,54,1389.8433333333332,474,167,261,75,25,82,0.412,0.216,0.736,0.475,0.438,0.175,0.09,103.6,106.2,-2.6,3.18,0.018,0.093,0.275,0.056,19.200000000000003,-0.5776681693541326,1.199103059501582,-0.6436300526543445,0.25372482728520185
201565,Derrick Rose,NYK,2022-23,Playmaker,Average,27,337.865,152,40,46,7,5,22,0.384,0.302,0.917,0.463,0.443,0.22,0.076,104.3,107.8,-3.5,2.09,0.022,0.082,0.208,0.053,17.60000000000001,-0.5490668668991096,0.0315866517593999,-1.0188280956938756,-0.7472046126606641
1628401,Derrick White,BOS,2022-23,Playmaker,Very Good,82,2319.3283333333334,1017,293,321,54,76,95,0.462,0.381,0.875,0.604,0.56,0.174,0.1,118.2,107.2,11.0,3.38,0.023,0.098,0.191,0.062,18.200000000000003,0.5441573886299594,0.9480016587088307,-0.23286642528443777,0.4933721946878475
1628984,Devonte' Graham,SAS,2022-23,Playmaker,Average,73,1338.445,539,122,196,45,16,53,0.374,0.352,0.748,0.552,0.512,0.165,0.083,107.5,113.7,-6.2,3.7,0.013,0.081,0.207,0.045,11.700000000000003,-0.1637480218383969,0.5779226967752229,-0.9031682862707653,-0.5888332997630782
1628978,Donte DiVincenzo,GSW,2022-23,Playmaker,Average,72,1894.38,678,325,252,97,10,112,0.435,0.397,0.817,0.593,0.574,0.146,0.092,113.5,110.6,2.9,2.25,0.041,0.123,0.176,0.082,14.800000000000011,0.03182150475185108,0.6098381574437317,0.10683477548645703,0.07139228166416585
203110,Draymond Green,GSW,2022-23,Playmaker,Very Good,73,2297.635,617,525,500,74,61,204,0.527,0.305,0.713,0.592,0.57,0.129,0.1,116.2,109.2,7.0,2.45,0.029,0.185,0.268,0.11,16.200000000000003,-0.1423343113785387,2.039225712196007,0.9942208127505607,0.4313281433089931
1630613,Duane Washington Jr.,NYK,2022-23,Playmaker,Average,31,393.82666666666665,244,36,63,6,4,34,0.367,0.36,0.667,0.458,0.445,0.298,0.08,107.4,107.9,-0.5,1.85,0.004,0.085,0.26,0.042,17.5,0.05968875482336111,0.38625937765484647,-1.16957780738002,-0.7735589071069993
203095,Evan Fournier,NYK,2022-23,Playmaker,Average,27,458.6933333333333,165,49,36,16,3,22,0.337,0.307,0.857,0.471,0.443,0.179,0.046,109.1,113.8,-4.7,1.64,0.008,0.096,0.111,0.051,11.600000000000009,-0.794091405804212,-0.5501226349509538,-1.0204269970502486,-1.026715324519017
1626163,Frank Kaminsky,HOU,2022-23,Playmaker,Average,36,234.86333333333332,89,52,32,6,4,9,0.492,0.394,0.875,0.635,0.595,0.146,0.107,109.4,111.3,-1.9,3.56,0.029,0.207,0.194,0.113,14.100000000000009,-0.15279869551482003,-0.09857617344217695,-0.2226082944090746,-0.9733248022753074
1628373,Frank Ntilikina,DAL,2022-23,Playmaker,Average,47,607.5916666666667,135,62,58,16,7,29,0.364,0.254,0.667,0.461,0.428,0.125,0.033,113.5,108.4,5.1,2.0,0.011,0.086,0.127,0.049,17.0,-1.268207267255409,-0.3792869725008363,-1.0114123840719607,-0.6689702232394136
1627832,Fred VanVleet,TOR,2022-23,Playmaker,Very Good,69,2534.9866666666667,1335,280,495,123,38,140,0.393,0.342,0.898,0.54,0.486,0.225,0.113,116.1,112.8,3.3,3.54,0.011,0.11,0.276,0.056,12.600000000000009,0.7809050172289426,2.0657684822636537,-0.34379827270016816,0.49481642503740103
1629216,Gabe Vincent,MIA,2022-23,Playmaker,Average,68,1758.6766666666667,641,145,167,62,5,92,0.402,0.334,0.872,0.533,0.505,0.17,0.058,111.0,111.7,-0.7,1.82,0.016,0.071,0.139,0.043,13.700000000000003,-0.1622216083316137,0.08921122165304163,-0.8676198874558245,-0.40647288374656787
202066,Garrett Temple,NOP,2022-23,Playmaker,Average,25,161.82333333333332,50,17,13,9,2,4,0.4,0.423,0.75,0.535,0.522,0.123,0.061,100.3,105.5,-5.3,3.25,0.027,0.069,0.117,0.048,19.900000000000006,-0.9210482115885807,-0.6010496153552307,-1.1435540746415784,-0.621698526179402
201609,Goran Dragic,MIL,2022-23,Playmaker,Average,58,870.015,365,81,151,13,4,63,0.421,0.359,0.689,0.514,0.499,0.198,0.073,111.6,112.2,-0.6,2.4,0.018,0.075,0.237,0.047,13.200000000000003,-0.2649184035298922,0.5808661873175177,-0.986477499591681,-0.9536744692516765
202330,Gordon Hayward,CHA,2022-23,Playmaker,Average,50,1576.9016666666666,733,215,206,42,12,99,0.475,0.325,0.811,0.563,0.52,0.196,0.101,108.4,111.7,-3.3,2.08,0.02,0.112,0.187,0.065,13.700000000000003,0.26598271313536487,0.502366543300261,-0.40161099189628846,-0.542877894491299
202397,Ish Smith,DEN,2022-23,Playmaker,Very Good,43,397.90833333333336,108,54,100,8,7,44,0.397,0.167,0.5,0.407,0.405,0.187,0.072,102.3,107.5,-5.3,2.27,0.014,0.116,0.352,0.068,17.900000000000006,-1.1425553553615087,1.0392320633937473,-0.7905859809523572,-0.6989819192013563
1629630,Ja Morant,MEM,2022-23,Playmaker,Elite,61,1948.3483333333331,1596,357,493,66,16,206,0.466,0.307,0.748,0.557,0.504,0.338,0.175,115.8,108.5,7.3,2.39,0.029,0.139,0.412,0.084,16.900000000000006,1.8935374771182,2.8224099531677203,0.2172221987731065,-0.065720367801114
1631093,Jaden Ivey,DET,2022-23,Playmaker,Very Good,74,2304.3166666666666,1204,288,387,61,17,237,0.416,0.343,0.747,0.528,0.477,0.251,0.081,107.1,120.1,-13.0,1.63,0.03,0.094,0.269,0.062,5.300000000000011,0.8081566064173696,1.6290382461067003,-0.24613331820276416,-0.7889639490638305
1630256,Jae'Sean Tate,HOU,2022-23,Playmaker,Average,31,677.4883333333333,283,118,84,21,7,47,0.48,0.283,0.725,0.546,0.509,0.178,0.076,107.5,114.8,-7.3,1.79,0.054,0.114,0.184,0.082,10.600000000000009,-0.2875010987341649,0.036591241970240634,-0.44241459133225536,-0.9931933288646698
1628973,Jalen Brunson,NYK,2022-23,Playmaker,Very Good,68,2378.6716666666666,1633,241,421,61,15,142,0.491,0.416,0.829,0.597,0.547,0.266,0.138,119.2,117.1,2.1,2.96,0.016,0.085,0.28,0.05,8.300000000000011,1.6218467270619314,1.8159419377502908,-0.5237179632911957,-0.6329348519214679
1630591,Jalen Suggs,ORL,2022-23,Playmaker,Average,53,1245.865,524,161,155,67,27,94,0.419,0.327,0.723,0.528,0.493,0.196,0.077,109.7,111.0,-1.3,1.65,0.044,0.083,0.179,0.063,14.400000000000006,-0.08485118068128215,0.2697610591816715,-0.5703727440235741,-0.09095358845276073
1627750,Jamal Murray,DEN,2022-23,Playmaker,Very Good,65,2133.385,1298,257,400,66,16,145,0.454,0.398,0.833,0.571,0.537,0.256,0.121,118.9,112.5,6.4,2.76,0.024,0.099,0.265,0.062,12.900000000000006,1.1584010730301215,1.6544036199574288,-0.32838805429638773,-0.30073906799912425
1630547,James Bouknight,CHA,2022-23,Playmaker,Average,34,515.4666666666667,191,72,41,14,5,32,0.358,0.303,0.667,0.463,0.443,0.192,0.05,102.6,110.9,-8.3,1.28,0.015,0.116,0.117,0.066,14.5,-0.7259155563640536,-0.49801825832975916,-0.7683044750557428,-0.8568145647459389
201935,James Harden,PHI,2022-23,Playmaker,Elite,58,2135.005,1216,354,618,71,31,195,0.441,0.385,0.867,0.607,0.536,0.247,0.159,119.4,113.3,6.1,3.17,0.021,0.151,0.439,0.088,12.100000000000009,1.2392138253438694,3.4340480085027685,0.2602206802408317,-0.14417403330107859
1628975,Jevon Carter,MIL,2022-23,Playmaker,Average,81,1811.7516666666668,651,202,197,66,29,78,0.423,0.421,0.816,0.56,0.549,0.149,0.073,109.2,107.2,1.9,2.53,0.018,0.084,0.15,0.052,18.200000000000003,-0.15436676489615073,0.26139614800727906,-0.6017204194447809,0.14218774180318197
204060,Joe Ingles,MIL,2022-23,Playmaker,Average,46,1043.4983333333332,317,128,150,33,6,55,0.435,0.409,0.857,0.616,0.603,0.122,0.076,114.9,112.4,2.5,2.73,0.012,0.102,0.181,0.058,13.0,-0.27270149647890257,0.2625979092398146,-0.7216325088079296,-0.7379632174891935
202322,John Wall,LAC,2022-23,Playmaker,Very Good,34,754.73,386,92,178,27,12,80,0.407,0.303,0.681,0.497,0.456,0.259,0.102,105.0,111.6,-6.6,2.23,0.018,0.096,0.38,0.058,13.800000000000011,0.09957701451681007,1.4835422799138147,-0.8171541378198797,-0.6924228710610271
1631098,Johnny Davis,WAS,2022-23,Playmaker,Average,28,422.575,163,65,28,10,8,17,0.386,0.243,0.519,0.446,0.436,0.192,0.051,101.7,107.9,-6.2,1.65,0.02,0.125,0.1,0.07,17.5,-0.8433058418955857,-0.6413543522137496,-0.7359195079226786,-0.6916435993414614
1630692,Jordan Goodwin,WAS,2022-23,Playmaker,Average,62,1105.4233333333334,407,205,168,58,26,57,0.448,0.322,0.768,0.531,0.501,0.165,0.102,107.1,111.7,-4.5,2.95,0.05,0.131,0.22,0.09,13.700000000000003,-0.3790079410776446,0.5479208331036753,-0.10965342011593396,-0.23545159143529262
1630631,Jose Alvarado,NOP,2022-23,Playmaker,Average,61,1309.9816666666666,550,141,186,67,10,81,0.411,0.336,0.813,0.525,0.496,0.191,0.079,112.1,108.4,3.7,2.3,0.022,0.087,0.199,0.054,17.0,-0.11985632738634322,0.4961845568725024,-0.7380972044390023,-0.1101883213762873
1630581,Josh Giddey,OKC,2022-23,Playmaker,Very Good,76,2367.2716666666665,1260,599,469,57,31,211,0.482,0.325,0.731,0.533,0.516,0.239,0.131,111.8,114.0,-2.2,2.22,0.058,0.189,0.293,0.121,11.400000000000006,0.7892828428337136,2.0655966145764513,1.3307070252932744,-0.33036138697209766
1626196,Josh Richardson,NOP,2022-23,Playmaker,Average,65,1529.6016666666667,654,175,174,69,20,86,0.431,0.365,0.852,0.555,0.528,0.18,0.083,108.4,113.6,-5.2,2.02,0.026,0.087,0.16,0.057,11.800000000000011,0.04614394488058574,0.23293978094267126,-0.609663369680342,-0.29381526572635086
201950,Jrue Holiday,MIL,2022-23,Playmaker,Elite,67,2182.54,1290,341,495,79,25,197,0.479,0.384,0.859,0.586,0.556,0.244,0.135,117.0,107.9,9.2,2.51,0.035,0.107,0.321,0.073,17.5,1.15054913984303,2.3185628823349287,0.034631944082978705,0.19528733145429503
203200,Justin Holiday,DAL,2022-23,Playmaker,Average,46,706.1133333333333,205,55,41,19,19,22,0.377,0.322,0.625,0.494,0.49,0.132,0.037,104.8,113.9,-9.1,1.86,0.007,0.067,0.08,0.037,11.5,-0.9778047729006674,-0.7058714317216966,-1.1828618858137812,-0.8396272791598717
1628382,Justin Jackson,BOS,2022-23,Playmaker,Average,23,107.42333333333332,20,17,9,4,4,2,0.259,0.25,0.5,0.359,0.352,0.122,0.052,83.0,111.3,-28.3,4.5,0.017,0.119,0.145,0.071,14.100000000000009,-1.9562895332572021,-0.4584740872669014,-0.8505420256339317,-0.9940475281519312
1626159,Justise Winslow,POR,2022-23,Playmaker,Average,29,775.7916666666666,196,145,98,30,11,43,0.409,0.311,0.714,0.466,0.444,0.139,0.063,109.8,112.3,-2.6,2.28,0.062,0.123,0.177,0.093,13.100000000000009,-1.0931427525077366,0.048783347138555755,-0.2306371722218097,-0.7125845187838159
1631113,Kennedy Chandler,MEM,2022-23,Playmaker,Average,36,281.5083333333333,78,38,58,12,5,18,0.422,0.133,0.462,0.44,0.434,0.15,0.085,103.0,108.4,-5.4,3.22,0.029,0.103,0.278,0.064,17.0,-1.2463689650082508,0.4689786810716654,-0.8839986555097229,-0.7306506029988064
1630553,Keon Johnson,POR,2022-23,Playmaker,Average,40,416.36,189,44,59,19,6,43,0.376,0.346,0.659,0.482,0.455,0.237,0.059,103.2,119.3,-16.2,1.37,0.025,0.086,0.226,0.054,6.1000000000000085,-0.2893029734833223,0.1805403989783076,-0.9954749270545342,-1.2884295564671278
1629645,Kevin Porter Jr.,HOU,2022-23,Playmaker,Very Good,59,2023.8833333333332,1130,314,338,82,17,188,0.442,0.366,0.784,0.565,0.522,0.239,0.112,111.2,119.5,-8.3,1.8,0.036,0.117,0.26,0.075,5.900000000000006,0.8784946401943237,1.39817449129787,-0.011529969066623152,-0.5361225223295787
203114,Khris Middleton,MIL,2022-23,Playmaker,Very Good,33,800.7733333333333,497,140,163,23,5,71,0.436,0.315,0.902,0.551,0.499,0.259,0.123,114.9,108.8,6.1,2.3,0.034,0.122,0.288,0.08,16.60000000000001,0.4883715008751904,0.9115228032663554,-0.40951957110097986,-0.6401774806971755
1630165,Killian Hayes,DET,2022-23,Playmaker,Elite,76,2153.588333333333,786,221,470,104,28,173,0.377,0.28,0.821,0.455,0.426,0.201,0.075,106.7,117.6,-10.9,2.72,0.012,0.092,0.325,0.051,7.800000000000011,-0.27668789304056923,2.249041212616141,-0.5640458806598211,-0.08524655105886314
1627739,Kris Dunn,UTA,2022-23,Playmaker,Very Good,22,567.5416666666666,290,100,124,25,10,35,0.537,0.472,0.774,0.606,0.576,0.195,0.133,111.6,115.9,-4.3,3.54,0.015,0.148,0.315,0.082,9.5,0.185047311035997,0.9196914817379284,-0.4901754058382304,-0.9860256276566579
203937,Kyle Anderson,MIN,2022-23,Playmaker,Very Good,69,1956.5733333333333,647,368,335,78,63,103,0.509,0.41,0.735,0.583,0.553,0.143,0.108,113.9,111.7,2.3,3.25,0.035,0.152,0.225,0.095,13.700000000000003,-0.06967092034979298,1.1905175506087522,0.3865455605449078,0.34612183544462943
200768,Kyle Lowry,MIA,2022-23,Playmaker,Very Good,55,1717.725,615,225,281,57,21,103,0.404,0.345,0.859,0.565,0.514,0.162,0.089,112.4,111.3,1.1,2.73,0.025,0.112,0.233,0.067,14.100000000000009,-0.056574178588293354,1.0367554458818238,-0.34959789745027514,-0.2728984043691658
1630163,LaMelo Ball,CHA,2022-23,Playmaker,Very Good,36,1267.755,838,231,304,46,11,129,0.411,0.376,0.843,0.541,0.51,0.289,0.122,112.5,117.3,-4.7,2.36,0.031,0.147,0.352,0.087,8.100000000000009,0.8967223864913235,1.7898890931507538,-0.07888453985467767,-0.8405760870183377
1629013,Landry Shamet,PHX,2022-23,Playmaker,Average,40,806.91,346,67,93,26,5,36,0.377,0.377,0.882,0.537,0.502,0.186,0.075,109.9,107.7,2.2,2.58,0.013,0.07,0.167,0.04,17.700000000000003,-0.2349626853451535,-0.02579164282230778,-1.112802379895757,-0.5444632493277873
1629029,Luka Dončić,DAL,2022-23,Playmaker,Elite,66,2390.471666666667,2138,569,529,90,33,236,0.496,0.342,0.742,0.609,0.56,0.368,0.202,118.1,116.0,2.1,2.24,0.024,0.224,0.408,0.124,9.400000000000006,2.801326542566843,2.9324082274322283,1.2893246306973571,-0.08571083210066381
1630201,Malachi Flynn,TOR,2022-23,Playmaker,Average,53,690.7883333333333,246,76,70,21,4,25,0.36,0.353,0.758,0.479,0.457,0.168,0.056,109.9,113.4,-3.5,2.8,0.019,0.097,0.145,0.054,12.0,-0.7704633554231576,-0.2340129166042671,-0.9105668123772453,-0.9412891758045842
1628370,Malik Monk,SAC,2022-23,Playmaker,Very Good,77,1719.235,1041,203,298,49,20,146,0.448,0.359,0.889,0.587,0.538,0.247,0.116,113.8,112.7,1.0,2.04,0.019,0.097,0.258,0.059,12.700000000000003,0.9986620382438406,1.239751531734505,-0.5098894607283536,-0.44816331694803774
203935,Marcus Smart,BOS,2022-23,Playmaker,Very Good,61,1956.76,703,191,382,93,23,143,0.415,0.336,0.746,0.538,0.511,0.176,0.076,118.1,111.7,6.3,2.67,0.024,0.073,0.256,0.049,13.700000000000003,-0.04499980116694278,1.537610296141085,-0.6691265467791399,0.09684371939640757
1628365,Markelle Fultz,ORL,2022-23,Playmaker,Very Good,60,1777.9416666666666,837,234,341,87,26,139,0.514,0.31,0.783,0.564,0.534,0.208,0.111,110.3,114.0,-3.7,2.45,0.038,0.095,0.29,0.066,11.400000000000006,0.43454552300741794,1.5777431653124014,-0.33845714450196795,-0.0701078188381022
203521,Matthew Dellavedova,SAC,2022-23,Playmaker,Average,32,212.79833333333332,47,13,41,7,0,10,0.34,0.333,0.571,0.443,0.43,0.122,0.051,98.3,107.1,-8.8,4.1,0.005,0.054,0.279,0.03,18.30000000000001,-1.4565454710848875,0.412041581926832,-1.3834813664604848,-0.7566636601413746
1630593,McKinley Wright IV,DAL,2022-23,Playmaker,Average,27,335.03,114,47,58,8,5,19,0.469,0.321,0.684,0.536,0.515,0.16,0.091,102.7,117.6,-14.9,3.05,0.026,0.109,0.275,0.067,7.800000000000011,-0.5983193073763048,0.4521257210669136,-0.8218992853426945,-1.3126390652074769
201144,Mike Conley,MIN,2022-23,Playmaker,Very Good,67,2028.055,798,182,450,73,14,103,0.428,0.385,0.834,0.583,0.539,0.161,0.099,117.3,116.1,1.3,4.37,0.016,0.075,0.295,0.045,9.300000000000011,0.1709912454958955,2.006917786121859,-0.7439655712508486,-0.45996128561529465
1630540,Miles McBride,NYK,2022-23,Playmaker,Average,64,760.2466666666667,222,50,72,37,8,25,0.358,0.299,0.667,0.475,0.451,0.141,0.049,110.9,107.3,3.6,2.88,0.016,0.047,0.13,0.031,18.10000000000001,-1.0082940903315356,-0.3109183339833489,-1.2725667045601894,-0.3766339949773371
1628420,Monte Morris,WAS,2022-23,Playmaker,Very Good,62,1696.0866666666666,636,210,326,43,13,60,0.48,0.382,0.831,0.579,0.555,0.155,0.102,117.4,117.3,0.1,5.43,0.016,0.106,0.249,0.063,8.100000000000009,-0.012627918636795132,1.2922240087457213,-0.4403571934239755,-0.8514252478271285
1630230,Naji Marshall,NOP,2022-23,Playmaker,Average,77,1792.0366666666666,698,279,189,54,14,97,0.433,0.303,0.789,0.539,0.49,0.172,0.086,111.2,111.4,-0.1,1.95,0.027,0.132,0.147,0.079,14.0,-0.07216993788025171,0.2151056574238212,-0.053439602276186646,-0.38068020871056
1629638,Nickeil Alexander-Walker,MIN,2022-23,Playmaker,Average,59,883.885,363,101,108,32,21,55,0.444,0.384,0.667,0.565,0.547,0.177,0.077,109.8,111.8,-2.0,1.96,0.017,0.095,0.168,0.056,13.600000000000009,-0.12849647841311398,0.035021380347683456,-0.8187530391762528,-0.5613098153517155
203999,Nikola Jokić,DEN,2022-23,Playmaker,Elite,69,2323.0066666666667,1690,817,678,87,47,247,0.632,0.383,0.822,0.701,0.66,0.263,0.211,124.2,111.6,12.5,2.74,0.08,0.283,0.412,0.186,13.800000000000011,2.2356145350438985,3.5031528478002993,2.7372210863365245,0.28337014534522736
1627783,Pascal Siakam,TOR,2022-23,Playmaker,Very Good,71,2652.036666666667,1720,556,415,65,36,169,0.48,0.324,0.774,0.565,0.515,0.27,0.135,115.6,113.3,2.4,2.46,0.047,0.177,0.244,0.107,12.100000000000009,1.5309074538953193,1.5916282697592408,1.0382565859301434,-0.1557548909155876
1630202,Payton Pritchard,BOS,2022-23,Playmaker,Average,48,642.7766666666666,270,88,64,14,1,40,0.412,0.364,0.75,0.536,0.527,0.193,0.076,107.9,106.5,1.4,1.6,0.038,0.094,0.153,0.066,18.900000000000006,-0.2442441659070104,-0.21114983785895886,-0.7258504177170984,-0.6387638505404174
203526,Raul Neto,CLE,2022-23,Playmaker,Average,48,505.2316666666667,157,46,79,17,4,24,0.518,0.286,0.912,0.628,0.573,0.133,0.087,111.2,109.8,1.4,3.29,0.022,0.071,0.226,0.048,15.600000000000009,-0.23894958841323674,0.2541342254250729,-1.0666060957152854,-0.7712177973796224
202704,Reggie Jackson,DEN,2022-23,Playmaker,Average,68,1656.8533333333332,693,144,233,47,6,115,0.411,0.333,0.91,0.514,0.486,0.205,0.073,109.5,111.7,-2.2,2.03,0.015,0.071,0.211,0.043,13.700000000000003,0.022861820520024778,0.7365418890414077,-0.8702732660394897,-0.5517758638181745
201937,Ricky Rubio,CLE,2022-23,Playmaker,Average,33,565.9933333333333,171,70,115,26,6,31,0.343,0.256,0.8,0.442,0.402,0.172,0.084,107.2,104.2,3.0,3.71,0.015,0.112,0.295,0.062,21.200000000000003,-1.0068164365390044,0.7742211931385393,-0.8245698494417946,-0.32870442265145583
1626220,Royce O'Neale,BKN,2022-23,Playmaker,Average,76,2409.235,671,384,283,65,49,114,0.386,0.389,0.725,0.538,0.524,0.136,0.067,113.9,111.8,2.1,2.48,0.025,0.129,0.155,0.08,13.600000000000009,-0.36089584955506937,0.6059378684029563,0.2379048033133478,0.06390415369860906
201566,Russell Westbrook,LAC,2022-23,Playmaker,Elite,73,2125.826666666667,1159,423,551,76,33,255,0.436,0.311,0.656,0.513,0.481,0.266,0.115,114.1,114.3,-0.2,2.16,0.042,0.147,0.364,0.096,11.100000000000009,0.7997490924170619,2.7661846897873126,0.5452210369511783,-0.13088696565287647
1630240,Saben Lee,PHX,2022-23,Playmaker,Average,25,373.53,151,45,67,19,1,24,0.405,0.367,0.737,0.517,0.45,0.184,0.097,100.7,105.1,-4.4,2.79,0.03,0.082,0.278,0.055,20.30000000000001,-0.5045784152079779,0.5020959029727098,-0.9800818941661886,-0.5047004907795538
1630567,Scottie Barnes,TOR,2022-23,Playmaker,Very Good,77,2677.55,1179,512,371,83,61,154,0.456,0.281,0.772,0.524,0.487,0.2,0.103,114.8,111.6,3.2,2.41,0.063,0.135,0.195,0.097,13.800000000000011,0.39391315303316415,1.154456838165413,0.7941113852020684,0.38356918963499503
1629003,Shake Milton,PHI,2022-23,Playmaker,Average,76,1567.3533333333332,637,191,240,25,13,94,0.479,0.378,0.853,0.575,0.535,0.175,0.09,114.1,110.2,3.9,2.55,0.026,0.096,0.213,0.062,15.200000000000003,0.11163272677138127,0.77353503496761,-0.5035110408182961,-0.6207715878652755
203915,Spencer Dinwiddie,BKN,2022-23,Playmaker,Elite,79,2725.335,1369,270,515,67,24,145,0.438,0.369,0.812,0.573,0.524,0.22,0.113,114.1,114.2,-0.1,3.55,0.01,0.092,0.297,0.051,11.200000000000003,0.9575003652702092,2.2573330287436804,-0.43403033006022246,-0.3093209406203867
1626169,Stanley Johnson,UTA,2022-23,Playmaker,Average,30,469.495,174,95,67,16,6,33,0.533,0.45,0.667,0.625,0.607,0.148,0.093,111.5,118.5,-7.0,2.03,0.047,0.15,0.179,0.099,6.900000000000006,-0.13403543421688294,-0.054051777184096095,-0.28686817557699174,-1.2725099052424618
204456,T.J. McConnell,IND,2022-23,Playmaker,Elite,75,1526.4133333333334,650,234,397,81,10,143,0.543,0.441,0.853,0.59,0.568,0.182,0.134,110.5,112.9,-2.4,2.78,0.028,0.123,0.39,0.075,12.5,0.2580140803725444,2.3455712128550674,-0.22380025575984536,-0.22952527796268174
1629659,Talen Horton-Tucker,UTA,2022-23,Playmaker,Very Good,65,1313.215,698,210,246,41,29,126,0.419,0.286,0.75,0.508,0.467,0.25,0.1,112.0,112.0,0.1,1.95,0.03,0.117,0.274,0.074,13.400000000000006,0.32158404085833653,1.1382900363315906,-0.3002209960724923,-0.3988687718922285
1626179,Terry Rozier,CHA,2022-23,Playmaker,Very Good,63,2220.9266666666667,1329,259,319,74,16,134,0.415,0.327,0.809,0.517,0.484,0.262,0.101,109.3,115.6,-6.2,2.38,0.021,0.095,0.22,0.056,9.800000000000011,0.9159326273600158,1.1035542227767539,-0.399519222957139,-0.39998765714608636
1630177,Theo Maledon,CHA,2022-23,Playmaker,Average,44,853.6566666666666,295,123,152,37,12,59,0.402,0.295,0.851,0.515,0.457,0.166,0.091,106.9,115.8,-8.9,2.58,0.016,0.128,0.247,0.071,9.600000000000009,-0.5439367186055629,0.6407224119890282,-0.5692838957654124,-0.8355788768858189
1629033,Theo Pinson,DAL,2022-23,Playmaker,Average,40,322.95666666666665,95,63,46,6,1,12,0.356,0.355,0.846,0.512,0.483,0.136,0.073,108.6,116.2,-7.6,3.83,0.029,0.163,0.196,0.094,9.200000000000003,-0.9249335754846267,-0.03582518825960673,-0.4354745617776821,-1.291575102027088
1629027,Trae Young,ATL,2022-23,Playmaker,Elite,73,2540.74,1914,217,741,80,9,300,0.429,0.335,0.886,0.573,0.485,0.313,0.143,115.9,114.6,1.3,2.47,0.021,0.062,0.414,0.042,10.800000000000011,2.031331365033419,3.7462087077774444,-0.6893162837366047,-0.34988705248821983
1630200,Tre Jones,SAS,2022-23,Playmaker,Very Good,68,1983.7383333333328,875,245,448,89,9,110,0.459,0.285,0.86,0.534,0.489,0.189,0.111,110.9,118.8,-7.8,4.07,0.026,0.099,0.306,0.061,6.6000000000000085,0.1513339371125805,2.061352590161272,-0.3729682516050514,-0.5034044212513233
1630544,Tre Mann,OKC,2022-23,Playmaker,Average,67,1183.388333333333,517,155,120,40,11,62,0.393,0.315,0.764,0.492,0.474,0.2,0.072,109.3,108.2,1.0,1.94,0.021,0.104,0.144,0.061,17.200000000000003,-0.2664485982385507,-0.05564600382227093,-0.6117723241349264,-0.3680767216977363
1629660,Ty Jerome,GSW,2022-23,Playmaker,Average,45,815.5783333333334,309,78,135,23,5,30,0.488,0.389,0.927,0.594,0.56,0.147,0.092,110.7,116.3,-5.6,4.5,0.009,0.091,0.233,0.049,9.100000000000009,-0.22124443278072783,0.4995205128204366,-0.9689583267333162,-1.080837543568445
1631102,TyTy Washington Jr.,HOU,2022-23,Playmaker,Average,31,432.7133333333333,145,45,47,15,2,14,0.363,0.238,0.556,0.432,0.422,0.17,0.057,104.9,111.0,-6.1,3.36,0.004,0.099,0.152,0.049,14.400000000000006,-1.0973826349177802,-0.27932224367362657,-1.0565198199942705,-0.8826810613217945
1630169,Tyrese Haliburton,IND,2022-23,Playmaker,Elite,56,1882.8533333333328,1160,205,585,91,25,141,0.49,0.4,0.871,0.624,0.586,0.238,0.159,116.9,117.9,-1.0,4.15,0.018,0.092,0.457,0.055,7.5,1.2301432620330566,3.4137359548941157,-0.5555413207797442,-0.2679230637809873
1626145,Tyus Jones,MEM,2022-23,Playmaker,Very Good,80,1939.4233333333332,822,200,417,83,6,74,0.438,0.371,0.806,0.546,0.523,0.175,0.116,113.6,111.6,2.0,5.64,0.014,0.084,0.286,0.049,13.800000000000011,0.07923672926232134,1.834929092470441,-0.6452461395261524,-0.1728913305339939
203506,Victor Oladipo,MIA,2022-23,Playmaker,Average,42,1105.64,449,128,146,57,12,87,0.397,0.33,0.747,0.513,0.484,0.204,0.076,110.1,111.5,-1.5,1.68,0.014,0.109,0.206,0.059,13.900000000000006,-0.1661365370831374,0.3883204773233922,-0.7088928545032495,-0.3757065154067192
1631111,Wendell Moore Jr.,MIN,2022-23,Playmaker,Average,29,152.65833333333333,42,18,18,8,5,8,0.419,0.118,0.8,0.465,0.442,0.139,0.06,99.4,112.9,-13.5,2.25,0.025,0.086,0.162,0.056,12.5,-1.2099172241930256,-0.329856758672264,-1.0389834616204707,-1.0364920924748156
203115,Will Barton,TOR,2022-23,Playmaker,Average,56,992.96,379,137,112,28,13,48,0.379,0.367,0.787,0.493,0.47,0.182,0.078,104.9,113.2,-8.4,2.33,0.014,0.125,0.162,0.067,12.200000000000003,-0.4920182917694875,0.016034225627533136,-0.5830952128128195,-0.7659515241988473
1628988,Aaron Holiday,HOU,2023-24,Playmaker,Average,78,1269.2966666666666,514,123,140,42,6,53,0.446,0.387,0.921,0.578,0.547,0.158,0.078,110.5,107.6,2.9,2.64,0.017,0.075,0.157,0.045,17.80000000000001,-0.08436417831447895,0.09097731597841846,-0.9005149076871,-0.36268851080677306
1629614,Andrew Nembhard,IND,2023-24,Playmaker,Very Good,68,1696.685,626,141,280,63,6,101,0.498,0.357,0.804,0.573,0.557,0.161,0.075,116.1,114.0,2.2,2.77,0.021,0.06,0.208,0.041,11.400000000000006,-0.010221732783270729,0.8926344211865546,-0.9037127103998461,-0.5211298094190391
1629014,Anfernee Simons,POR,2023-24,Playmaker,Very Good,46,1581.743333333333,1039,167,255,23,5,126,0.43,0.385,0.916,0.568,0.523,0.276,0.111,109.9,120.5,-10.6,2.02,0.013,0.097,0.268,0.053,4.900000000000006,1.100880532397328,1.1377013382231316,-0.6818490155683854,-1.3276071787763557
1630559,Austin Reaves,LAL,2023-24,Playmaker,Very Good,82,2628.95,1300,352,450,66,25,174,0.486,0.367,0.853,0.613,0.568,0.198,0.105,114.6,115.6,-1.0,2.59,0.023,0.107,0.237,0.067,9.800000000000011,0.9753919316700327,1.6810938926966597,-0.01261881732478487,-0.39182138462492916
1630245,Ayo Dosunmu,CHI,2023-24,Playmaker,Average,76,2212.468333333333,924,216,242,68,36,103,0.501,0.403,0.81,0.604,0.583,0.168,0.083,111.6,114.9,-3.3,2.35,0.024,0.072,0.157,0.048,10.5,0.43316764559527665,0.4663058308569218,-0.6155317364921883,-0.21867828217985644
1641767,Ben Sheppard,IND,2023-24,Playmaker,Average,57,814.26,252,89,53,33,2,15,0.393,0.314,0.885,0.524,0.5,0.125,0.046,118.8,114.2,4.7,3.53,0.018,0.092,0.072,0.054,11.200000000000003,-0.8236280614836233,-0.7066563625329754,-0.8760728907895967,-0.8841914885905879
1631104,Blake Wesley,SAS,2023-24,Playmaker,Average,61,875.925,268,94,166,29,9,55,0.474,0.218,0.667,0.537,0.502,0.144,0.069,104.6,112.4,-7.8,3.02,0.019,0.084,0.257,0.051,13.0,-0.5986725487204304,0.7484146238509364,-0.9010249607853112,-0.7490562772332235
1630538,Bones Hyland,LAC,2023-24,Playmaker,Average,37,540.21,256,55,93,26,4,44,0.386,0.326,0.783,0.49,0.474,0.241,0.081,105.5,111.5,-6.0,2.11,0.009,0.088,0.269,0.049,13.900000000000006,-0.16596377718107494,0.5472089973392497,-1.0299860341576177,-0.7778484785189694
1641764,Brandin Podziemski,GSW,2023-24,Playmaker,Average,74,1968.253333333333,682,427,273,61,14,88,0.454,0.385,0.633,0.54,0.529,0.149,0.094,117.5,111.6,5.9,3.1,0.058,0.149,0.176,0.104,13.800000000000011,-0.24636187206475582,0.6871116752128353,0.6577517857232817,-0.31990160315227634
1627742,Brandon Ingram,NOP,2023-24,Playmaker,Very Good,64,2102.68,1332,324,363,50,40,163,0.492,0.355,0.801,0.578,0.534,0.269,0.126,116.6,112.6,4.0,2.23,0.021,0.133,0.259,0.078,12.800000000000011,1.3181091569625443,1.4845491210214095,0.05322277968407055,-0.2295772064433246
1628971,Bruce Brown,TOR,2023-24,Playmaker,Average,67,1865.3666666666663,726,284,192,59,17,86,0.478,0.323,0.824,0.563,0.523,0.161,0.076,115.6,121.4,-5.8,2.23,0.028,0.126,0.132,0.077,4.0,0.004717798361578633,0.1418799313670777,-0.06565201796722085,-0.8860677525048084
1630595,Cade Cunningham,DET,2023-24,Playmaker,Elite,62,2074.225,1405,268,464,56,22,212,0.449,0.355,0.869,0.546,0.5,0.298,0.126,109.9,117.8,-7.9,2.19,0.016,0.115,0.359,0.064,7.6000000000000085,1.4000858503605096,2.4179632780692972,-0.2737215812667091,-0.6550476911261719
1626166,Cameron Payne,PHI,2023-24,Playmaker,Average,78,1304.0766666666666,578,117,205,42,11,66,0.432,0.39,0.866,0.566,0.541,0.185,0.083,112.4,113.2,-0.8,3.11,0.016,0.073,0.222,0.044,12.200000000000003,0.0908319346209449,0.6953047187000257,-0.929174833493772,-0.6411273710686253
1627747,Caris LeVert,CLE,2023-24,Playmaker,Very Good,68,1958.0833333333333,952,280,346,76,34,117,0.421,0.325,0.766,0.524,0.487,0.224,0.107,113.9,111.2,2.8,2.96,0.02,0.121,0.258,0.071,14.200000000000003,0.40590391508003787,1.4163767152067417,-0.1527034581299638,0.0613699910036537
101108,Chris Paul,GSW,2023-24,Playmaker,Very Good,58,1530.89,533,225,393,70,6,76,0.441,0.371,0.827,0.544,0.525,0.154,0.116,113.7,111.0,2.8,5.17,0.011,0.126,0.342,0.07,14.400000000000006,-0.2943405077569508,2.0612050874896877,-0.3113789345362342,-0.27233624370234794
1629632,Coby White,CHI,2023-24,Playmaker,Very Good,79,2881.3566666666666,1509,358,405,53,18,166,0.447,0.376,0.838,0.57,0.534,0.224,0.099,115.0,115.8,-0.7,2.44,0.015,0.11,0.204,0.062,9.600000000000009,1.0705905353586709,1.330125223139169,-0.06039681734619473,-0.6090922858543927
1628998,Cody Martin,CHA,2023-24,Playmaker,Average,28,752.9916666666667,211,109,104,32,18,44,0.381,0.314,0.606,0.46,0.444,0.157,0.066,106.5,117.0,-10.5,2.36,0.024,0.124,0.192,0.072,8.400000000000006,-0.9848620585895027,0.15512629509634387,-0.5936915416320458,-0.8971865176183466
1641732,Colby Jones,SAC,2023-24,Playmaker,Average,30,191.73666666666668,64,40,20,7,5,10,0.394,0.091,0.545,0.422,0.408,0.178,0.053,104.8,103.3,1.5,2.0,0.076,0.12,0.159,0.097,22.10000000000001,-1.1544072038969988,-0.3393503360323392,-0.4582833062879426,-0.4828085749379025
1630175,Cole Anthony,ORL,2023-24,Playmaker,Average,81,1817.3116666666667,937,311,236,64,37,126,0.435,0.338,0.826,0.545,0.496,0.232,0.109,112.6,110.0,2.6,1.87,0.036,0.14,0.2,0.088,15.400000000000006,0.5737187978732199,0.685786776324333,0.14612540114322484,0.03789163781253132
1631221,Collin Gillespie,DEN,2023-24,Playmaker,Average,24,225.365,87,21,27,13,0,14,0.464,0.395,0.667,0.586,0.572,0.166,0.071,111.7,109.2,2.5,1.93,0.004,0.085,0.164,0.045,16.200000000000003,-0.2879906260176121,-0.28550423010138515,-1.1711595232209584,-0.8178803001154589
1629012,Collin Sexton,UTA,2023-24,Playmaker,Very Good,78,2074.7633333333333,1458,205,383,62,18,165,0.487,0.394,0.859,0.607,0.549,0.267,0.12,117.0,120.4,-3.4,2.32,0.033,0.064,0.283,0.049,5.0,1.5601415081034748,1.692966627506188,-0.631979246607826,-0.7861115246372976
1641854,Craig Porter Jr.,CLE,2023-24,Playmaker,Average,51,649.355,285,109,118,21,15,45,0.509,0.353,0.732,0.564,0.535,0.201,0.113,111.7,113.4,-1.6,2.62,0.035,0.138,0.265,0.088,12.0,-0.014772061744629602,0.6167306670580374,-0.3898570727571612,-0.8299970717707866
1626156,D'Angelo Russell,LAL,2023-24,Playmaker,Very Good,76,2484.1283333333336,1369,236,482,69,36,156,0.456,0.415,0.828,0.588,0.56,0.222,0.103,116.5,113.9,2.6,3.09,0.012,0.079,0.261,0.047,11.5,1.0579043724375028,1.9336676950494978,-0.575203819123563,-0.1495622441920419
1630625,Dalano Banton,POR,2023-24,Playmaker,Average,54,1046.8466666666666,557,178,127,33,20,77,0.404,0.296,0.783,0.504,0.463,0.25,0.1,104.5,114.7,-10.2,1.65,0.036,0.13,0.2,0.081,10.700000000000003,0.19703189667750118,0.2847004221894619,-0.29595153061701907,-0.7314544740600338
1631207,Dalen Terry,CHI,2023-24,Playmaker,Average,59,680.71,180,113,81,27,18,32,0.439,0.23,0.581,0.512,0.494,0.127,0.063,112.9,110.7,2.2,2.53,0.042,0.124,0.151,0.083,14.700000000000003,-0.9295202548686676,-0.15983039204904273,-0.4429418299459015,-0.5788388794980402
203081,Damian Lillard,MIL,2023-24,Playmaker,Elite,73,2578.4283333333333,1775,320,508,72,18,193,0.424,0.354,0.92,0.59,0.51,0.274,0.132,119.4,112.4,6.9,2.63,0.014,0.102,0.284,0.06,13.0,1.7427909784608613,2.158545696133389,-0.18670451213483594,-0.21246049485815766
203957,Dante Exum,DAL,2023-24,Playmaker,Average,55,1087.621666666667,428,149,157,22,5,49,0.533,0.491,0.779,0.645,0.621,0.148,0.093,120.7,110.5,10.3,3.2,0.023,0.108,0.181,0.067,14.900000000000006,0.16348711848791506,0.28835574849618245,-0.5512546698088362,-0.750421791219642
1629636,Darius Garland,CLE,2023-24,Playmaker,Very Good,57,1900.4383333333333,1028,152,373,74,7,176,0.446,0.371,0.834,0.56,0.524,0.249,0.104,113.5,111.4,2.1,2.12,0.017,0.064,0.295,0.041,14.0,0.8495545887908303,1.7235815543018123,-0.874525545979528,-0.24427519796582897
1630558,Davion Mitchell,SAC,2023-24,Playmaker,Average,72,1101.1,379,95,134,17,3,43,0.452,0.361,0.714,0.555,0.54,0.147,0.064,109.5,112.1,-2.6,3.12,0.017,0.071,0.168,0.043,13.300000000000011,-0.3937479194617155,0.13069335472847843,-1.0002888166390882,-0.9164710139965505
1629001,De'Anthony Melton,PHI,2023-24,Playmaker,Average,38,1023.3316666666668,421,141,114,60,16,39,0.386,0.36,0.835,0.533,0.493,0.177,0.079,122.0,112.0,10.0,2.92,0.027,0.111,0.144,0.069,13.400000000000006,-0.2696309988565517,-0.07772415175630054,-0.5470023898687978,-0.3335299081042446
1627749,Dejounte Murray,ATL,2023-24,Playmaker,Very Good,78,2783.343333333333,1753,416,502,111,24,201,0.459,0.363,0.794,0.555,0.528,0.259,0.122,116.8,119.5,-2.7,2.5,0.021,0.13,0.274,0.072,5.900000000000006,1.4170047039081488,2.080291014850187,0.22089568355319422,-0.16482074909702482
1626153,Delon Wright,MIA,2023-24,Playmaker,Average,47,741.5666666666667,210,86,119,54,11,14,0.394,0.368,0.822,0.505,0.46,0.127,0.093,110.7,109.7,1.0,8.5,0.025,0.089,0.213,0.057,15.700000000000003,-0.9479085403355109,0.32829238496467966,-0.8458140636265516,-0.3111496531356231
203471,Dennis Schröder,BKN,2023-24,Playmaker,Very Good,80,2485.945,1122,242,488,63,17,153,0.435,0.375,0.836,0.55,0.509,0.202,0.095,112.6,115.4,-2.8,3.19,0.015,0.082,0.281,0.048,10.0,0.5161045693215386,2.068098909681872,-0.5465438933168911,-0.4920942504545453
1628372,Dennis Smith Jr.,BKN,2023-24,Playmaker,Very Good,56,1058.6583333333333,369,164,203,68,12,68,0.435,0.294,0.741,0.508,0.482,0.174,0.092,109.9,109.9,-0.1,2.99,0.046,0.108,0.276,0.076,15.5,-0.47203059456263735,0.9912986161408797,-0.3967971023117345,-0.16772404300608412
201565,Derrick Rose,MEM,2023-24,Playmaker,Average,24,399.3366666666666,191,45,78,8,2,31,0.461,0.366,0.889,0.54,0.506,0.222,0.108,103.9,107.7,-3.8,2.52,0.017,0.089,0.31,0.053,17.700000000000003,-0.06605080683566772,0.7223374142357819,-1.0055612027755494,-0.7613201742266197
1628401,Derrick White,BOS,2023-24,Playmaker,Very Good,73,2380.985,1107,310,377,74,87,112,0.461,0.396,0.901,0.611,0.578,0.183,0.106,122.4,109.9,12.5,3.37,0.022,0.1,0.209,0.063,15.5,0.714967884480561,1.2551821327882837,-0.1750193350574478,0.6532539348542268
1626164,Devin Booker,PHX,2023-24,Playmaker,Very Good,68,2446.6566666666668,1841,308,472,61,28,178,0.492,0.364,0.886,0.611,0.55,0.289,0.142,119.3,113.5,5.8,2.65,0.024,0.098,0.299,0.063,11.900000000000006,2.0202622991725927,2.11034160855297,-0.18032609222477836,-0.2898909897033162
1628984,Devonte' Graham,SAS,2023-24,Playmaker,Average,23,312.92333333333335,114,36,49,9,2,17,0.352,0.301,0.813,0.495,0.468,0.175,0.077,108.9,105.6,3.3,2.88,0.016,0.095,0.219,0.055,19.80000000000001,-0.7229310607167815,0.1044199124105043,-1.003962301419176,-0.627573993684352
203110,Draymond Green,GSW,2023-24,Playmaker,Very Good,55,1490.1833333333334,475,398,332,55,47,135,0.497,0.395,0.73,0.587,0.566,0.148,0.108,115.6,110.7,4.9,2.46,0.05,0.2,0.276,0.127,14.700000000000003,-0.13423598147122462,1.4659787967225162,0.8738158558046355,0.0046857388637971216
1630700,Dyson Daniels,NOP,2023-24,Playmaker,Average,61,1358.525,354,236,164,85,25,59,0.447,0.311,0.642,0.529,0.514,0.123,0.08,115.0,111.7,3.3,2.78,0.046,0.126,0.157,0.086,13.700000000000003,-0.7361241535654219,0.1792899077145369,-0.0783573012410316,0.03418774389605709
203095,Evan Fournier,DET,2023-24,Playmaker,Average,32,579.6733333333333,220,58,48,29,7,21,0.357,0.254,0.806,0.464,0.432,0.187,0.06,97.8,109.9,-12.1,2.29,0.008,0.088,0.131,0.048,15.5,-0.735887111463699,-0.3936132723845501,-1.0347655527113022,-0.6224045176156122
1627832,Fred VanVleet,HOU,2023-24,Playmaker,Elite,73,2684.4266666666667,1270,278,589,101,59,126,0.416,0.387,0.86,0.568,0.527,0.194,0.118,114.6,111.6,3.0,4.67,0.012,0.089,0.312,0.05,13.800000000000011,0.66718640634565,2.613894986620471,-0.4255429556955804,0.5498387945184647
1627788,Furkan Korkmaz,PHI,2023-24,Playmaker,Average,35,299.9266666666667,88,30,25,14,3,10,0.395,0.35,0.7,0.519,0.487,0.126,0.061,116.5,110.2,6.4,2.5,0.013,0.087,0.108,0.049,15.200000000000003,-0.9631636852319313,-0.6074521995014265,-1.0963204987492494,-0.8359212202174321
202066,Garrett Temple,TOR,2023-24,Playmaker,Average,27,288.75333333333333,88,45,28,12,3,14,0.372,0.3,0.818,0.502,0.449,0.147,0.059,100.3,113.4,-13.1,2.0,0.058,0.093,0.14,0.075,12.0,-0.9066316773245905,-0.4166482188170604,-0.7252888080725828,-1.0446589062524643
202330,Gordon Hayward,OKC,2023-24,Playmaker,Average,51,1245.25,500,181,158,40,13,66,0.464,0.411,0.742,0.548,0.51,0.175,0.087,112.0,118.0,-6.0,2.39,0.03,0.116,0.17,0.072,7.400000000000006,-0.14153815434184233,0.2302412531344313,-0.402648283608146,-0.9236376091767161
1630193,Immanuel Quickley,TOR,2023-24,Playmaker,Very Good,68,1985.3366666666664,1156,259,331,50,10,101,0.434,0.395,0.853,0.577,0.53,0.233,0.119,113.2,114.2,-1.0,3.28,0.008,0.12,0.245,0.064,11.200000000000003,0.9219320544635412,1.2881518520177437,-0.2976019885196966,-0.6271086066147049
1630587,Isaiah Livers,DET,2023-24,Playmaker,Average,23,469.39666666666665,114,48,25,13,5,16,0.345,0.286,0.667,0.46,0.44,0.122,0.026,106.1,125.4,-19.3,1.56,0.03,0.073,0.071,0.05,0.0,-1.3110303772168235,-0.815305372893364,-1.0358200299385942,-1.719118715902038
1631093,Jaden Ivey,DET,2023-24,Playmaker,Very Good,77,2217.4766666666665,1185,264,296,57,41,190,0.429,0.336,0.749,0.536,0.492,0.244,0.076,109.9,117.7,-7.7,1.56,0.038,0.081,0.196,0.059,7.700000000000003,0.7889516918851837,0.8840976423249602,-0.34803336712477173,-0.44657904462453213
1630531,Jaden Springer,BOS,2023-24,Playmaker,Average,49,506.995,163,78,44,36,15,34,0.399,0.208,0.833,0.49,0.432,0.167,0.055,112.4,112.9,-0.5,1.29,0.064,0.093,0.121,0.078,12.5,-0.77474630059077,-0.46450857102307547,-0.5995083518975877,-0.6451992901713562
1628973,Jalen Brunson,NYK,2023-24,Playmaker,Elite,77,2726.3033333333333,2212,278,519,70,13,186,0.479,0.401,0.847,0.592,0.543,0.311,0.156,121.2,112.6,8.6,2.79,0.015,0.088,0.315,0.051,12.800000000000011,2.340225970402027,2.373169554061544,-0.41280330139090027,-0.295521475760044
1641720,Jalen Hood-Schifino,LAL,2023-24,Playmaker,Average,21,108.98333333333332,34,13,8,3,2,9,0.222,0.133,0.6,0.316,0.244,0.242,-0.018,88.9,111.9,-23.0,0.89,0.017,0.096,0.129,0.057,13.5,-1.313589657203411,-0.5520362319479153,-1.0395107002341168,-1.0598966241260903
1629667,Jalen McDaniels,TOR,2023-24,Playmaker,Average,50,538.0066666666667,169,79,37,19,6,30,0.344,0.169,0.73,0.412,0.376,0.179,0.036,100.9,115.0,-14.1,1.23,0.031,0.11,0.105,0.069,10.400000000000006,-1.1285414460292813,-0.580148863638119,-0.711511862056045,-1.0357844537542669
1629618,Jalen Pickett,DEN,2023-24,Playmaker,Average,27,121.78833333333333,42,14,21,4,0,9,0.429,0.36,0.75,0.571,0.557,0.164,0.076,102.3,104.8,-2.4,2.33,0.009,0.1,0.25,0.057,20.60000000000001,-0.42084633511167313,0.17553580876746683,-1.0368573216504515,-0.6526119963424547
1627750,Jamal Murray,DEN,2023-24,Playmaker,Very Good,59,1861.37,1250,242,384,57,39,125,0.481,0.425,0.853,0.586,0.554,0.273,0.137,120.7,112.4,8.2,3.07,0.024,0.105,0.296,0.066,13.0,1.3339971624406066,1.7696758121824505,-0.3172301158326457,-0.15541419486831368
201935,James Harden,LAC,2023-24,Playmaker,Elite,72,2469.668333333333,1192,369,614,77,57,185,0.428,0.381,0.878,0.612,0.541,0.202,0.131,120.9,115.2,5.6,3.32,0.015,0.134,0.338,0.077,10.200000000000003,0.9210722391005705,2.8519462563867757,0.15988516164432773,0.06941432581462337
1641716,Jarace Walker,IND,2023-24,Playmaker,Average,33,340.42333333333335,120,63,40,15,11,17,0.409,0.4,0.889,0.527,0.509,0.155,0.08,117.3,114.6,2.7,2.35,0.036,0.159,0.138,0.096,10.800000000000011,-0.6820526499309314,-0.3837272296188356,-0.4099952531683215,-1.0031407154723506
1630215,Jared Butler,WAS,2023-24,Playmaker,Very Good,40,565.6516666666666,251,58,126,29,8,50,0.488,0.308,0.861,0.579,0.547,0.194,0.103,107.6,111.4,-3.8,2.52,0.015,0.083,0.321,0.049,14.0,-0.004771456834383588,0.9607567843921082,-1.0220258984066217,-0.7004190661867936
1631241,Javon Freeman-Liberty,TOR,2023-24,Playmaker,Average,22,403.03833333333336,153,70,40,10,4,25,0.444,0.238,0.917,0.547,0.484,0.17,0.08,102.6,120.7,-18.2,1.6,0.038,0.141,0.143,0.087,4.700000000000003,-0.43409678016806974,-0.35563896294424957,-0.5060784918247874,-1.4841732959873841
1628975,Jevon Carter,CHI,2023-24,Playmaker,Average,72,1003.6016666666668,357,60,94,37,16,36,0.378,0.329,0.571,0.485,0.484,0.168,0.053,110.0,108.6,1.4,2.61,0.01,0.049,0.129,0.029,16.80000000000001,-0.6561106067883516,-0.23558277822682427,-1.2715122273328971,-0.3720753605171101
1629007,Jontay Porter,DET,2023-24,Playmaker,Average,26,359.73833333333334,115,82,60,20,20,21,0.385,0.333,0.833,0.514,0.481,0.155,0.093,105.8,115.0,-9.2,2.86,0.071,0.153,0.226,0.112,10.400000000000006,-0.7599863652229292,0.18422009030064584,-0.15574659120379647,-0.8837785947729396
203903,Jordan Clarkson,UTA,2023-24,Playmaker,Very Good,55,1682.3416666666667,942,188,277,35,6,146,0.413,0.294,0.881,0.521,0.469,0.255,0.09,113.9,119.7,-5.7,1.9,0.028,0.083,0.247,0.055,5.700000000000003,0.6084747611497461,1.1006838272813115,-0.600648756702054,-1.1461496194739382
1630692,Jordan Goodwin,MEM,2023-24,Playmaker,Average,57,1055.77,368,253,155,48,18,56,0.369,0.298,0.746,0.451,0.424,0.182,0.097,105.6,109.7,-4.1,2.77,0.077,0.151,0.219,0.113,15.700000000000003,-0.74008745052638,0.4944671925783607,0.3107208009076462,-0.302495582743987
1629673,Jordan Poole,WAS,2023-24,Playmaker,Very Good,78,2345.555,1356,212,343,86,25,188,0.413,0.326,0.877,0.529,0.491,0.256,0.076,108.4,119.5,-11.1,1.82,0.013,0.074,0.212,0.043,5.900000000000006,0.9600911905609392,1.1469255878335343,-0.6898435223502508,-0.41373735855175076
1630581,Josh Giddey,OKC,2023-24,Playmaker,Very Good,80,2011.5583333333332,986,514,386,52,44,168,0.475,0.337,0.806,0.547,0.523,0.223,0.122,119.6,111.5,8.2,2.3,0.058,0.19,0.252,0.127,13.900000000000006,0.554605829352914,1.5298584480907689,1.1816077715098077,-0.10375448199995814
1630182,Josh Green,DAL,2023-24,Playmaker,Average,57,1504.72,469,184,130,47,9,60,0.479,0.385,0.684,0.588,0.575,0.129,0.063,116.7,118.8,-2.1,2.17,0.026,0.096,0.111,0.061,6.6000000000000085,-0.27193449808131565,-0.20423165065115673,-0.5348243452086333,-0.9385816646604246
1626196,Josh Richardson,MIA,2023-24,Playmaker,Average,43,1102.83,425,121,105,24,14,36,0.444,0.347,0.944,0.573,0.539,0.159,0.08,108.7,113.7,-5.0,2.92,0.017,0.094,0.144,0.056,11.700000000000003,-0.16981363218484147,-0.11084137365734494,-0.7656854675029472,-0.8266568494737738
201950,Jrue Holiday,BOS,2023-24,Playmaker,Very Good,69,2263.278333333333,860,373,333,61,53,124,0.48,0.429,0.833,0.597,0.581,0.161,0.099,120.6,110.9,9.7,2.69,0.038,0.117,0.196,0.079,14.5,0.2957479860977063,1.020246221251476,0.19597798458834945,0.11580776550220322
1631124,Julian Strawther,DEN,2023-24,Playmaker,Average,50,545.415,227,61,47,17,7,23,0.369,0.297,0.71,0.482,0.462,0.193,0.055,105.6,115.4,-9.8,2.04,0.008,0.096,0.123,0.052,10.0,-0.5840005249093868,-0.4422341903862262,-0.9758467997415851,-1.0698915856476197
203482,Kelly Olynyk,TOR,2023-24,Playmaker,Very Good,78,1758.73,762,411,347,74,30,152,0.555,0.387,0.833,0.661,0.616,0.171,0.116,111.7,119.1,-7.3,2.28,0.061,0.169,0.275,0.116,6.300000000000011,0.664202528398674,1.515556513222673,0.7681735800408009,-0.4639845237763301
1631254,Kenneth Lofton Jr.,UTA,2023-24,Playmaker,Average,21,198.30166666666668,96,38,33,6,5,14,0.462,0.292,0.654,0.537,0.506,0.207,0.096,109.4,111.2,-1.8,2.36,0.056,0.122,0.25,0.089,14.200000000000003,-0.26151979492053173,0.21969210463552608,-0.5655072978927156,-0.957331870767285
1628989,Kevin Huerter,SAC,2023-24,Playmaker,Average,64,1562.2266666666667,655,224,166,45,23,53,0.443,0.361,0.766,0.564,0.553,0.173,0.077,117.5,115.0,2.5,3.13,0.024,0.124,0.138,0.073,10.400000000000006,0.04707954518509224,0.07991387699578613,-0.27581335020585873,-0.5943921293059237
1641718,Keyonte George,UTA,2023-24,Playmaker,Very Good,75,2022.5766666666664,974,211,332,36,7,188,0.391,0.334,0.848,0.533,0.482,0.224,0.081,109.6,118.9,-9.3,1.77,0.007,0.095,0.244,0.051,6.5,0.4732270174007387,1.2862138900051647,-0.5905796664964738,-1.0786670524929518
203114,Khris Middleton,MIL,2023-24,Playmaker,Very Good,55,1487.27,828,257,292,51,15,127,0.493,0.381,0.833,0.595,0.566,0.23,0.117,118.0,114.6,3.4,2.3,0.027,0.134,0.272,0.083,10.800000000000011,0.7663494103173182,1.2963205304893166,-0.06085531389810151,-0.5896617936808309
1630165,Killian Hayes,DET,2023-24,Playmaker,Very Good,42,1007.6583333333332,289,119,205,36,20,51,0.413,0.297,0.66,0.474,0.452,0.147,0.077,106.5,117.6,-11.1,4.02,0.011,0.107,0.268,0.059,7.800000000000011,-0.9217717557237816,0.9537167721062183,-0.7327732617562369,-0.870758942888655
1630184,Kira Lewis Jr.,UTA,2023-24,Playmaker,Average,28,264.2366666666667,89,26,37,9,2,14,0.37,0.121,0.85,0.441,0.391,0.178,0.068,99.6,111.1,-11.4,2.64,0.031,0.056,0.223,0.044,14.300000000000011,-1.0277452927554356,0.08273422988211404,-1.1706322846073123,-0.950724706456616
1627739,Kris Dunn,UTA,2023-24,Playmaker,Very Good,66,1249.1766666666667,357,189,254,68,28,79,0.47,0.369,0.688,0.546,0.535,0.132,0.078,117.6,117.2,0.4,3.22,0.039,0.109,0.25,0.074,8.200000000000003,-0.5708782527474925,1.0329038868722833,-0.3559419463294631,-0.43475374681829226
203937,Kyle Anderson,MIN,2023-24,Playmaker,Very Good,79,1781.881666666667,506,273,331,71,47,91,0.46,0.229,0.708,0.513,0.472,0.14,0.097,110.1,105.1,5.1,3.64,0.034,0.116,0.264,0.076,20.30000000000001,-0.5935419000935573,1.394887265381171,-0.10757883669221924,0.49949372615400295
200768,Kyle Lowry,PHI,2023-24,Playmaker,Very Good,60,1689.7666666666669,487,194,253,59,21,85,0.432,0.392,0.84,0.594,0.562,0.128,0.077,111.4,111.6,-0.3,2.98,0.02,0.098,0.212,0.058,13.800000000000011,-0.2319690821595004,0.8157533688230902,-0.5465095222860213,-0.2698020810073925
1630163,LaMelo Ball,CHA,2023-24,Playmaker,Very Good,22,711.35,526,113,176,40,4,83,0.433,0.355,0.865,0.561,0.515,0.315,0.133,111.8,120.2,-8.4,2.12,0.038,0.122,0.395,0.078,5.200000000000003,0.9764071775233586,1.560447697292897,-0.5066401014693029,-1.1439550703132748
2544,LeBron James,LAL,2023-24,Playmaker,Elite,71,2503.6833333333334,1822,518,589,89,38,245,0.54,0.41,0.75,0.63,0.599,0.285,0.169,117.4,113.6,3.8,2.4,0.026,0.172,0.358,0.104,11.800000000000011,2.0859117290617415,2.872307040026663,0.8992092368368219,0.09552634509519324
1631311,Lester Quinones,GSW,2023-24,Playmaker,Average,37,394.455,164,72,36,6,2,17,0.397,0.364,0.69,0.533,0.511,0.171,0.069,109.6,109.0,0.6,2.12,0.047,0.126,0.126,0.085,16.400000000000006,-0.4988891666910085,-0.46585783492719546,-0.5262510432668172,-0.8584239776675968
1629029,Luka Dončić,DAL,2023-24,Playmaker,Elite,70,2624.04,2370,647,686,99,38,282,0.487,0.382,0.786,0.617,0.573,0.355,0.2,119.6,113.8,5.8,2.43,0.022,0.218,0.428,0.121,11.600000000000009,2.9192071175068173,3.6224728317376815,1.458069197309208,0.1873890394684119
1628379,Luke Kennard,MEM,2023-24,Playmaker,Average,39,999.0466666666666,429,113,136,20,2,54,0.448,0.45,0.889,0.641,0.617,0.166,0.099,106.4,115.2,-8.8,2.52,0.011,0.105,0.212,0.057,10.200000000000003,0.27310679976741475,0.3852294841095129,-0.7741728418675892,-1.0776438818381457
1630201,Malachi Flynn,DET,2023-24,Playmaker,Average,69,876.9216666666666,380,114,130,38,8,63,0.418,0.331,0.732,0.533,0.505,0.199,0.088,104.8,114.6,-9.8,2.06,0.022,0.106,0.231,0.062,10.800000000000011,-0.1381474996410499,0.46988674953891074,-0.7078211917605224,-0.7951817599003936
1631103,Malaki Branham,SAS,2023-24,Playmaker,Average,75,1594.3266666666666,690,148,156,27,8,91,0.432,0.347,0.873,0.526,0.506,0.192,0.062,105.9,117.0,-11.1,1.71,0.016,0.074,0.142,0.044,8.400000000000006,-0.005857458680598772,0.06558757711207222,-0.8469200974001483,-1.0501679723406314
1627763,Malcolm Brogdon,POR,2023-24,Playmaker,Very Good,39,1120.8166666666666,613,148,214,27,8,60,0.44,0.412,0.819,0.56,0.522,0.226,0.122,110.7,114.5,-3.7,3.57,0.024,0.108,0.301,0.065,10.900000000000006,0.3819066946530818,1.172216554059531,-0.5793873570018621,-0.9032812847168751
1628370,Malik Monk,SAC,2023-24,Playmaker,Very Good,72,1872.3066666666664,1110,212,370,45,39,150,0.443,0.35,0.829,0.564,0.526,0.247,0.11,115.2,115.1,0.1,2.47,0.014,0.101,0.29,0.056,10.300000000000011,0.9169179818723378,1.6844542136602114,-0.5242280163894071,-0.43838817276171316
1631204,Marcus Sasser,DET,2023-24,Playmaker,Very Good,71,1351.11,586,125,236,44,12,90,0.428,0.375,0.879,0.542,0.516,0.195,0.086,107.0,115.7,-8.7,2.62,0.008,0.085,0.263,0.045,9.700000000000003,0.03258507785619017,1.0396989364241185,-0.8952081505197694,-0.7571738688126853
203935,Marcus Smart,MEM,2023-24,Playmaker,Average,20,604.845,289,53,86,41,5,62,0.43,0.313,0.768,0.552,0.519,0.225,0.083,108.5,109.2,-0.8,1.39,0.009,0.073,0.211,0.041,16.200000000000003,0.09519366909542316,0.19562726465768235,-1.1372100257623905,-0.4771748178273622
1628365,Markelle Fultz,ORL,2023-24,Playmaker,Average,43,909.9383333333334,335,138,120,42,15,50,0.472,0.222,0.697,0.492,0.479,0.182,0.086,109.6,109.0,0.6,2.4,0.062,0.094,0.194,0.078,16.400000000000006,-0.5294663809671233,0.22523666292359062,-0.44030563687767105,-0.35388787984842424
1629622,Max Strus,CLE,2023-24,Playmaker,Average,70,2239.175,853,338,283,64,29,112,0.418,0.351,0.794,0.553,0.533,0.167,0.081,115.3,109.7,5.6,2.53,0.03,0.117,0.166,0.074,15.700000000000003,0.0830512430485195,0.6677320550870458,0.0394114626366632,-0.025421671697198295
1641721,Maxwell Lewis,LAL,2023-24,Playmaker,Average,34,102.825,11,4,6,2,1,10,0.19,0.111,0.667,0.246,0.214,0.127,-0.031,73.1,105.8,-32.6,0.6,0.018,0.019,0.109,0.019,19.60000000000001,-2.572259054211777,-0.6717486812909363,-1.5474979710649555,-0.7219719332655087
201144,Mike Conley,MIN,2023-24,Playmaker,Very Good,76,2193.458333333333,869,218,449,88,17,102,0.457,0.442,0.911,0.627,0.595,0.157,0.115,113.7,108.0,5.7,4.4,0.018,0.081,0.29,0.051,17.400000000000006,0.44448248430293996,1.9751498281249344,-0.5720060164108168,0.20172441836957236
1628420,Monte Morris,MIN,2023-24,Playmaker,Average,33,476.04333333333335,164,57,69,19,9,7,0.405,0.386,0.684,0.508,0.493,0.151,0.094,113.5,104.1,9.4,9.86,0.014,0.105,0.199,0.059,21.30000000000001,-0.7882372130421386,0.06566067215892513,-0.8972827339434841,-0.36500610370547104
203999,Nikola Jokić,DEN,2023-24,Playmaker,Elite,79,2736.5333333333333,2085,976,708,108,68,237,0.583,0.359,0.817,0.65,0.612,0.288,0.211,122.4,110.6,11.8,2.99,0.086,0.27,0.391,0.182,14.800000000000011,2.411886068344908,3.495572867437186,3.108149663920582,0.7721801861638035
1641931,Onuralp Bitim,CHI,2023-24,Playmaker,Average,23,267.9916666666667,80,32,13,3,2,10,0.381,0.273,0.8,0.464,0.452,0.149,0.035,106.6,115.1,-8.5,1.3,0.022,0.096,0.069,0.058,10.300000000000011,-1.1150262803473903,-0.8706969754312577,-0.9763568528397962,-1.2479115842844977
1631172,Ousmane Dieng,OKC,2023-24,Playmaker,Average,33,364.9533333333333,133,51,37,8,5,19,0.422,0.3,0.875,0.54,0.513,0.167,0.074,110.1,109.0,1.1,1.95,0.027,0.105,0.144,0.067,16.400000000000006,-0.510503958413225,-0.3610603835763471,-0.8112857710080333,-0.8073488597817553
1631094,Paolo Banchero,ORL,2023-24,Playmaker,Very Good,80,2798.701666666667,1804,554,431,71,47,247,0.455,0.339,0.725,0.546,0.497,0.292,0.135,111.9,111.9,0.0,1.74,0.029,0.178,0.254,0.101,13.5,1.643901381725149,1.7066798642658254,0.9565119029347312,0.09996193581738481
201976,Patrick Beverley,MIL,2023-24,Playmaker,Average,73,1462.5116666666668,451,239,212,43,31,65,0.417,0.337,0.822,0.539,0.497,0.141,0.086,110.7,112.2,-1.6,3.26,0.033,0.125,0.205,0.079,13.200000000000003,-0.47722866800610975,0.6255624512628006,-0.15957474562279772,-0.36966205301936034
201988,Patty Mills,MIA,2023-24,Playmaker,Average,32,415.315,127,35,34,20,1,16,0.351,0.276,1.0,0.467,0.443,0.152,0.045,109.8,109.5,0.3,2.13,0.02,0.066,0.108,0.041,15.900000000000006,-1.0420182257564725,-0.5743349776003821,-1.1849708402683654,-0.7528596980590535
1630202,Payton Pritchard,BOS,2023-24,Playmaker,Very Good,82,1825.7333333333331,787,265,281,39,6,61,0.468,0.385,0.821,0.597,0.583,0.168,0.103,122.8,109.2,13.6,4.61,0.038,0.103,0.208,0.071,16.200000000000003,0.29434748853354165,0.8963141125088928,-0.19250413688494297,-0.48778007970091347
1641712,Rayan Rupert,POR,2023-24,Playmaker,Average,39,633.225,155,92,62,12,3,31,0.335,0.359,0.76,0.451,0.422,0.131,0.043,104.3,114.0,-9.8,2.0,0.034,0.115,0.131,0.07,11.400000000000006,-1.2670367582610043,-0.3420975938718143,-0.6642782861637161,-1.0799117112821655
202704,Reggie Jackson,DEN,2023-24,Playmaker,Very Good,82,1816.82,833,155,308,44,12,106,0.431,0.359,0.806,0.521,0.499,0.209,0.081,112.0,110.6,1.4,2.91,0.018,0.063,0.24,0.041,14.800000000000011,0.1931273526342313,1.1754306849293774,-0.8665654102285323,-0.4575250260602217
201566,Russell Westbrook,LAC,2023-24,Playmaker,Very Good,68,1528.8166666666666,754,343,306,74,23,144,0.454,0.273,0.688,0.514,0.486,0.239,0.113,116.5,112.8,3.7,2.13,0.062,0.154,0.285,0.109,12.600000000000009,0.31574829554159334,1.420865702355976,0.49856625621879996,-0.16465231898597174
1630240,Saben Lee,PHX,2023-24,Playmaker,Average,24,184.97166666666664,71,31,30,7,3,8,0.364,0.125,0.744,0.492,0.382,0.186,0.101,105.6,101.5,4.1,3.75,0.051,0.103,0.248,0.079,23.900000000000006,-0.6905677706801377,0.19741772399867685,-0.7114774910251754,-0.39728508785494304
1630703,Scoot Henderson,POR,2023-24,Playmaker,Very Good,62,1765.3933333333334,868,194,336,48,13,212,0.385,0.325,0.819,0.489,0.44,0.26,0.067,106.5,119.6,-13.0,1.58,0.027,0.083,0.3,0.054,5.800000000000011,0.4087509920428158,1.6155212420498826,-0.5974681395047426,-0.9347541857494245
1630567,Scottie Barnes,TOR,2023-24,Playmaker,Very Good,60,2094.248333333333,1191,494,363,75,88,165,0.475,0.341,0.781,0.566,0.528,0.24,0.132,112.6,115.8,-3.2,2.2,0.064,0.167,0.253,0.115,9.600000000000009,0.9355227432952988,1.4508432010119061,0.9756643481803386,0.3270801790035465
1630590,Scotty Pippen Jr.,MEM,2023-24,Playmaker,Very Good,21,526.8283333333334,271,67,98,36,10,56,0.493,0.417,0.745,0.596,0.567,0.227,0.106,104.6,112.2,-7.5,1.75,0.039,0.088,0.31,0.063,13.200000000000003,0.3484255453666689,0.7959312406825472,-0.8197903308881102,-0.6546583376520668
1629003,Shake Milton,NYK,2023-24,Playmaker,Average,48,581.16,216,75,60,19,6,31,0.405,0.281,0.816,0.499,0.451,0.173,0.065,104.6,109.4,-4.8,1.94,0.023,0.102,0.149,0.062,16.0,-0.6411446890011547,-0.24833921648798085,-0.8113029565234682,-0.7067582734770529
1630219,Skylar Mays,LAL,2023-24,Playmaker,Average,38,433.27166666666665,155,43,85,21,4,20,0.396,0.296,0.765,0.466,0.447,0.179,0.088,103.7,114.2,-10.5,4.25,0.021,0.082,0.293,0.049,11.200000000000003,-0.8298905761341434,0.6525951467985567,-1.061826577161601,-0.9882929158441861
203915,Spencer Dinwiddie,LAL,2023-24,Playmaker,Very Good,76,2152.4083333333333,795,205,356,51,22,91,0.392,0.337,0.805,0.543,0.489,0.161,0.076,116.8,115.2,1.6,3.91,0.014,0.077,0.217,0.046,10.200000000000003,-0.059873649402200156,1.222849841698518,-0.6701982095218668,-0.5540923506890252
204456,T.J. McConnell,IND,2023-24,Playmaker,Elite,71,1290.9766666666667,727,191,390,72,8,108,0.556,0.409,0.79,0.586,0.572,0.229,0.152,118.8,115.2,3.7,3.61,0.028,0.125,0.406,0.076,10.200000000000003,0.6347350603275096,2.4096958269573756,-0.325155880552772,-0.47814822502748994
1629659,Talen Horton-Tucker,UTA,2023-24,Playmaker,Very Good,51,1008.6983333333334,516,121,177,45,19,65,0.396,0.33,0.807,0.503,0.46,0.234,0.089,112.5,117.9,-5.4,2.72,0.02,0.094,0.265,0.057,7.5,0.04461954124556863,0.8338324550759952,-0.7529458131982669,-0.8052505429617715
1626179,Terry Rozier,MIA,2023-24,Playmaker,Very Good,61,2040.381666666667,1205,247,342,63,21,106,0.443,0.363,0.869,0.555,0.518,0.253,0.117,110.2,117.2,-7.0,3.23,0.017,0.11,0.268,0.062,8.200000000000003,0.9778921969472631,1.457834483266561,-0.3549218401330405,-0.5573828095313597
203648,Thanasis Antetokounmpo,MIL,2023-24,Playmaker,Average,34,155.43166666666667,32,13,17,7,4,14,0.533,0.0,0.0,0.518,0.533,0.125,0.021,99.4,112.2,-12.8,1.21,0.051,0.04,0.156,0.045,13.200000000000003,-1.0165860436743768,-0.3672423700041057,-1.1923865518902805,-1.0158426468815482
1629027,Trae Young,ATL,2023-24,Playmaker,Elite,54,1941.7133333333331,1389,149,583,72,11,235,0.43,0.373,0.855,0.585,0.516,0.289,0.131,116.6,119.1,-2.5,2.48,0.011,0.065,0.435,0.037,6.300000000000011,1.545647040774572,3.2827881988812604,-0.9334442989492451,-0.6769390657113319
1630200,Tre Jones,SAS,2023-24,Playmaker,Elite,77,2138.18,771,289,478,78,9,116,0.505,0.335,0.856,0.591,0.558,0.149,0.109,110.9,111.8,-0.9,4.12,0.026,0.104,0.298,0.065,13.600000000000009,0.10941472918836981,2.126802103152082,-0.20526097670505794,-0.20609668822623675
1630544,Tre Mann,CHA,2023-24,Playmaker,Average,41,987.0983333333334,382,149,165,51,3,65,0.459,0.373,0.763,0.559,0.533,0.183,0.104,107.2,114.1,-7.0,2.54,0.022,0.132,0.249,0.079,11.300000000000011,-0.10517697354011675,0.6997937058492603,-0.39837881815267273,-0.6816940241929498
1630235,Trent Forrest,ATL,2023-24,Playmaker,Average,38,413.76166666666666,83,51,92,11,3,20,0.378,0.2,0.765,0.426,0.389,0.122,0.073,103.3,114.3,-11.0,4.6,0.026,0.107,0.311,0.064,11.100000000000009,-1.5277822249872395,0.7794707460834349,-0.8495047339220743,-1.107899476735328
1630169,Tyrese Haliburton,IND,2023-24,Playmaker,Elite,69,2223.5383333333334,1389,271,752,83,48,159,0.477,0.364,0.855,0.605,0.57,0.239,0.157,122.4,116.2,6.2,4.73,0.016,0.102,0.444,0.06,9.200000000000003,1.2939736616091404,3.955214912370683,-0.31672006273443454,-0.01822934763266019
1630178,Tyrese Maxey,PHI,2023-24,Playmaker,Very Good,70,2625.806666666667,1816,258,433,69,33,116,0.45,0.373,0.868,0.573,0.524,0.273,0.129,118.3,113.2,5.2,3.73,0.014,0.085,0.257,0.049,12.200000000000003,1.6678394871527005,1.7308922069152537,-0.49135018167356626,-0.1387863636666075
1626145,Tyus Jones,WAS,2023-24,Playmaker,Elite,66,1932.6666666666667,790,179,485,71,18,66,0.489,0.414,0.8,0.578,0.569,0.161,0.111,110.6,122.5,-11.9,7.35,0.01,0.081,0.331,0.045,2.9000000000000057,0.1366343730293757,2.3379425024607183,-0.7519257070018445,-0.8162440757964452
203995,Vasilije Micic,CHA,2023-24,Playmaker,Very Good,60,1175.73,422,88,262,31,7,99,0.43,0.279,0.813,0.524,0.488,0.189,0.078,111.7,114.8,-3.1,2.65,0.013,0.063,0.307,0.039,10.600000000000009,-0.2325218909759548,1.3825476575412714,-1.0698210839434665,-0.8895796994815505
1631246,Vince Williams Jr.,MEM,2023-24,Playmaker,Average,52,1436.53,521,290,175,47,34,92,0.446,0.378,0.8,0.597,0.55,0.155,0.096,108.4,111.4,-3.0,1.9,0.039,0.163,0.177,0.099,14.0,0.007355605863362147,0.33211957895860234,0.23054064823773734,-0.2508604692172931
1642358,AJ Johnson,WAS,2024-25,Playmaker,Average,29,638.3866666666667,220,59,76,12,3,35,0.385,0.267,0.865,0.48,0.441,0.173,0.053,104.1,115.6,-11.5,2.17,0.011,0.073,0.178,0.042,9.800000000000011,-0.7468932811232457,-0.02655220861796892,-1.1085500999557185,-1.1739191913613691
1629614,Andrew Nembhard,IND,2024-25,Playmaker,Very Good,65,1880.67,653,216,326,79,11,112,0.458,0.291,0.794,0.545,0.506,0.163,0.081,115.5,110.2,5.3,2.91,0.018,0.093,0.225,0.057,15.200000000000003,-0.13620076117061783,1.1574003287077077,-0.5008748477500655,-0.08149291720257601
1629014,Anfernee Simons,POR,2024-25,Playmaker,Very Good,70,2291.898333333333,1348,189,337,60,5,143,0.426,0.363,0.902,0.557,0.521,0.241,0.106,108.8,113.4,-4.6,2.36,0.01,0.069,0.241,0.039,12.0,1.0046057818143002,1.2877593866121044,-0.8018298469932734,-0.5270785572073463
1641710,Anthony Black,ORL,2024-25,Playmaker,Average,78,1886.993333333333,736,230,240,86,48,139,0.423,0.318,0.761,0.521,0.473,0.19,0.084,106.2,107.1,-0.9,1.73,0.026,0.1,0.201,0.061,18.30000000000001,-0.015913252963674695,0.7061231949486033,-0.4127689303600306,0.5475222841327494
1630559,Austin Reaves,LAL,2024-25,Playmaker,Very Good,73,2550.0916666666667,1475,329,421,81,22,177,0.46,0.377,0.877,0.616,0.556,0.23,0.118,117.1,113.3,3.8,2.38,0.025,0.101,0.241,0.065,12.100000000000009,1.3530010293851247,1.596853457688519,-0.09912583335844688,-0.13161757994561196
1630245,Ayo Dosunmu,CHI,2024-25,Playmaker,Average,46,1393.8833333333334,566,161,208,43,18,69,0.492,0.328,0.785,0.585,0.561,0.163,0.084,110.1,117.8,-7.7,3.01,0.018,0.09,0.21,0.054,7.6000000000000085,0.029760729873943292,0.6389319526480337,-0.6850296327656967,-0.8302152653365171
1631248,Baylor Scheierman,BOS,2024-25,Playmaker,Average,31,383.8883333333333,113,65,33,17,2,12,0.355,0.317,0.75,0.49,0.473,0.143,0.074,109.9,105.8,4.1,2.75,0.048,0.117,0.12,0.083,19.60000000000001,-0.9864953167201892,-0.5106028289037137,-0.5703040019618347,-0.5564340251877571
1627732,Ben Simmons,LAC,2024-25,Playmaker,Very Good,51,1119.6933333333334,256,241,285,38,23,102,0.52,0.0,0.727,0.539,0.52,0.133,0.103,111.7,113.5,-1.8,2.79,0.043,0.184,0.358,0.113,11.900000000000006,-0.6764165662034752,1.75368087803583,0.2788802579036629,-0.5787896572998533
1641731,Bilal Coulibaly,WAS,2024-25,Playmaker,Average,59,1947.506666666667,727,294,199,78,41,125,0.421,0.281,0.746,0.515,0.472,0.175,0.07,104.5,118.3,-13.8,1.59,0.043,0.098,0.15,0.07,7.1000000000000085,-0.1665160415295513,0.2687555306519556,-0.12829581226333006,-0.2642432279496825
1631104,Blake Wesley,SAS,2024-25,Playmaker,Average,58,683.1066666666667,217,61,114,37,6,54,0.435,0.293,0.623,0.51,0.481,0.165,0.066,110.2,109.7,0.5,2.11,0.025,0.062,0.225,0.044,15.700000000000003,-0.6360944983558369,0.3773057683719951,-1.0777640341790273,-0.5378801431022886
203992,Bogdan Bogdanović,LAC,2024-25,Playmaker,Average,54,1347.6583333333333,583,159,146,41,11,74,0.427,0.363,0.879,0.559,0.534,0.183,0.074,112.7,110.0,2.7,1.97,0.017,0.098,0.152,0.057,15.400000000000006,0.03977396173277714,0.08496719723786189,-0.6521174270189865,-0.46347377384852884
1641764,Brandin Podziemski,GSW,2024-25,Playmaker,Average,64,1716.3483333333334,747,325,220,69,13,75,0.445,0.372,0.758,0.557,0.537,0.177,0.114,111.6,105.1,6.6,2.93,0.034,0.151,0.194,0.089,20.30000000000001,0.10268442174137178,0.5932057951574174,0.196012355619219,0.1347772241729133
1642355,Bronny James,LAL,2024-25,Playmaker,Average,27,181.2433333333333,62,18,22,9,3,13,0.313,0.281,0.786,0.424,0.381,0.199,0.05,95.5,114.1,-18.6,1.69,0.021,0.076,0.191,0.048,11.300000000000011,-0.9906843060041549,-0.1522260466703113,-1.1409006960579133,-1.1168712676020511
1628971,Bruce Brown,NOP,2024-25,Playmaker,Average,41,921.53,340,164,84,34,10,39,0.421,0.333,0.815,0.504,0.464,0.169,0.078,104.8,116.8,-11.9,2.15,0.04,0.134,0.133,0.085,8.600000000000009,-0.5524164687140994,-0.24990907811053797,-0.2821402135696117,-0.9456525687564022
1642267,Bub Carrington,WAS,2024-25,Playmaker,Very Good,82,2457.79,807,341,364,54,21,141,0.401,0.339,0.812,0.514,0.493,0.154,0.071,102.8,118.0,-15.2,2.58,0.012,0.117,0.213,0.064,7.400000000000006,-0.26827178654675726,1.229816758937555,-0.08002494465914387,-0.697638816015769
1630595,Cade Cunningham,DET,2024-25,Playmaker,Elite,70,2451.9466666666667,1830,425,638,71,53,309,0.469,0.356,0.846,0.565,0.521,0.323,0.152,115.0,112.2,2.8,2.06,0.023,0.147,0.409,0.086,13.200000000000003,1.9982193857929087,3.339112234902017,0.4231312510717058,0.14304031732096942
1628997,Caleb Martin,DAL,2024-25,Playmaker,Average,45,1218.0166666666669,356,177,95,46,23,56,0.424,0.359,0.622,0.513,0.485,0.143,0.063,106.5,112.8,-6.3,1.7,0.042,0.105,0.116,0.073,12.600000000000009,-0.6797527936564332,-0.30493258025840997,-0.40052214363812677,-0.45477048125870595
1642285,Cam Spencer,MEM,2024-25,Playmaker,Average,25,252.2433333333333,106,30,34,9,1,6,0.415,0.365,1.0,0.587,0.53,0.148,0.087,116.4,109.6,6.8,5.67,0.043,0.07,0.182,0.056,15.800000000000011,-0.4003399372707164,-0.15862863081650722,-1.0071429186164875,-0.8727101578854347
1626166,Cameron Payne,NYK,2024-25,Playmaker,Very Good,72,1089.9766666666667,500,104,203,39,16,52,0.401,0.363,0.907,0.532,0.506,0.2,0.089,116.6,107.5,9.1,3.9,0.013,0.081,0.251,0.047,17.900000000000006,-0.05000668197457316,0.8508572827679488,-0.9254497921673797,-0.2867224920860337
1627747,Caris LeVert,ATL,2024-25,Playmaker,Average,64,1596.1066666666666,776,203,215,57,33,76,0.467,0.373,0.71,0.582,0.556,0.191,0.094,120.5,113.4,7.2,2.83,0.026,0.096,0.178,0.062,12.0,0.36902289472594285,0.48492488518705024,-0.4716704978143127,-0.2748736539362514
101108,Chris Paul,SAS,2024-25,Playmaker,Elite,82,2292.1633333333334,723,296,605,103,22,129,0.427,0.377,0.924,0.58,0.547,0.137,0.102,114.2,115.0,-0.8,4.69,0.014,0.11,0.342,0.062,10.400000000000006,-0.07593910253389531,2.8412996478254002,-0.22490628953344194,-0.003550542886903818
1642262,Cody Williams,UTA,2024-25,Playmaker,Average,50,1059.611666666667,230,113,59,23,16,44,0.323,0.259,0.725,0.419,0.391,0.122,0.021,103.0,118.5,-15.5,1.34,0.024,0.075,0.078,0.049,6.900000000000006,-1.4617960854444874,-0.6508722945894423,-0.8760900763050314,-1.098805724643553
1641732,Colby Jones,WAS,2024-25,Playmaker,Average,39,514.6483333333333,157,87,44,26,13,23,0.457,0.327,0.657,0.544,0.519,0.138,0.078,104.4,114.8,-10.4,1.91,0.038,0.123,0.123,0.08,10.600000000000009,-0.6826202191077989,-0.453273264353241,-0.5501486360352396,-0.8806817301546751
1630175,Cole Anthony,MEM,2024-25,Playmaker,Very Good,67,1234.1133333333332,630,204,191,45,32,103,0.424,0.353,0.823,0.531,0.494,0.238,0.105,107.7,109.0,-1.2,1.85,0.034,0.131,0.253,0.08,16.400000000000006,0.31620346138948424,0.8179362935697241,-0.23970334174640212,-0.15080690298125557
1631221,Collin Gillespie,PHX,2024-25,Playmaker,Average,33,461.2183333333333,194,78,78,21,5,17,0.43,0.433,0.864,0.578,0.554,0.17,0.105,115.6,118.4,-2.8,4.59,0.048,0.124,0.235,0.086,7.0,-0.22728605168831859,0.3010134141169897,-0.4975911174601454,-1.2249450870490246
202709,Cory Joseph,ORL,2024-25,Playmaker,Average,50,611.7333333333333,177,74,72,26,4,18,0.403,0.364,0.778,0.547,0.529,0.126,0.075,110.5,106.9,3.6,4.0,0.027,0.095,0.166,0.06,18.5,-0.7388904166380176,-0.10868281392632864,-0.8394356437164942,-0.507576973291258
1641854,Craig Porter Jr.,CLE,2024-25,Playmaker,Average,51,513.265,188,67,71,17,15,38,0.514,0.438,0.719,0.61,0.589,0.155,0.091,108.3,113.5,-5.2,1.87,0.037,0.085,0.191,0.063,11.900000000000006,-0.1584590177612478,0.028078828124263766,-0.8197903308881102,-0.8773179910289842
1626156,D'Angelo Russell,BKN,2024-25,Playmaker,Very Good,58,1480.4183333333333,732,162,297,56,23,108,0.39,0.314,0.834,0.522,0.479,0.228,0.098,110.1,111.6,-1.5,2.75,0.013,0.093,0.302,0.053,13.800000000000011,0.26509800595693594,1.4832485871485246,-0.6951159084867118,-0.2806512418161833
1630625,Dalano Banton,POR,2024-25,Playmaker,Average,67,1119.945,559,135,160,43,34,86,0.391,0.324,0.728,0.497,0.462,0.237,0.089,110.2,111.8,-1.5,1.86,0.025,0.088,0.213,0.056,13.600000000000009,0.06328517428649232,0.4791597291805486,-0.7285381673316333,-0.31580779099034145
1631207,Dalen Terry,CHI,2024-25,Playmaker,Average,73,987.1783333333332,326,124,97,44,15,53,0.448,0.356,0.71,0.546,0.517,0.142,0.056,104.0,111.6,-7.6,1.83,0.034,0.08,0.136,0.057,13.800000000000011,-0.5200290489869925,-0.1852201309153888,-0.7449856774472711,-0.48592730910050674
203081,Damian Lillard,MIL,2024-25,Playmaker,Very Good,58,2092.87,1447,272,410,70,10,162,0.448,0.376,0.921,0.621,0.547,0.269,0.144,115.3,114.6,0.7,2.53,0.014,0.108,0.299,0.063,10.800000000000011,1.6468953408194291,1.882200746567997,-0.2758477212367283,-0.4433832178682667
203957,Dante Exum,DAL,2024-25,Playmaker,Average,20,372.31,174,33,56,12,3,22,0.478,0.434,0.742,0.589,0.563,0.193,0.083,109.3,115.2,-6.0,2.55,0.01,0.074,0.22,0.042,10.200000000000003,-0.010445044614334709,0.13579540500178938,-1.1775379431310158,-1.1504173213415687
1629636,Darius Garland,CLE,2024-25,Playmaker,Elite,75,2300.77,1544,214,506,91,11,189,0.472,0.401,0.878,0.6,0.562,0.265,0.126,123.2,113.4,9.9,2.68,0.021,0.068,0.309,0.045,12.0,1.567496598683488,2.291627646861643,-0.6590574565735597,-0.1451715221012411
1630558,Davion Mitchell,MIA,2024-25,Playmaker,Very Good,74,2027.3133333333333,588,167,363,72,16,128,0.468,0.398,0.69,0.573,0.557,0.135,0.069,111.0,110.7,0.3,2.84,0.017,0.063,0.237,0.041,14.700000000000003,-0.22795792586089522,1.3609607476532304,-0.8347248672245489,-0.13281247528014822
1628368,De'Aaron Fox,SAS,2024-25,Playmaker,Very Good,62,2241.1366666666668,1459,298,392,91,25,174,0.463,0.31,0.827,0.56,0.514,0.274,0.119,113.7,114.9,-1.2,2.25,0.023,0.106,0.262,0.064,10.5,1.343381829964551,1.608113129373971,-0.1941202237567508,-0.09165903863247966
1627749,Dejounte Murray,NOP,2024-25,Playmaker,Very Good,31,1012.1483333333332,542,200,228,63,12,106,0.393,0.299,0.823,0.494,0.445,0.263,0.118,109.0,118.1,-9.1,2.15,0.015,0.183,0.347,0.094,7.300000000000011,0.224205567512567,1.4821442859784595,-0.07196169581553911,-0.7013191931035642
203471,Dennis Schröder,DET,2024-25,Playmaker,Very Good,75,2104.778333333333,980,198,404,66,12,142,0.406,0.342,0.838,0.531,0.483,0.211,0.091,111.8,112.8,-0.9,2.85,0.012,0.08,0.287,0.046,12.600000000000009,0.370952571749426,1.7927107586149607,-0.6887718596075239,-0.358835326526265
1628401,Derrick White,BOS,2024-25,Playmaker,Very Good,76,2573.615,1248,341,361,72,80,131,0.442,0.384,0.839,0.606,0.58,0.195,0.106,119.7,109.5,10.2,2.76,0.025,0.101,0.199,0.064,15.900000000000006,0.8759079876102872,1.1401305382816993,-0.08002494465914387,0.5852108309758967
1630217,Desmond Bane,ORL,2024-25,Playmaker,Very Good,69,2205.225,1327,418,369,80,28,169,0.484,0.392,0.894,0.6,0.565,0.227,0.131,116.1,113.3,2.8,2.18,0.026,0.15,0.235,0.088,12.100000000000009,1.132828962058439,1.3718035889174254,0.43003690959540947,-0.08127415886548876
1626164,Devin Booker,PHX,2024-25,Playmaker,Elite,75,2794.9666666666667,1923,305,529,67,16,220,0.461,0.332,0.894,0.589,0.525,0.285,0.122,115.3,118.5,-3.2,2.4,0.028,0.08,0.301,0.055,6.900000000000006,1.924328786858488,2.3313193205960854,-0.2902034624132165,-0.6429057553578278
1642269,Devin Carter,SAC,2024-25,Playmaker,Average,36,395.9433333333333,138,76,41,21,4,18,0.37,0.295,0.591,0.471,0.441,0.169,0.07,113.1,109.3,3.9,2.28,0.044,0.147,0.139,0.093,16.10000000000001,-0.8867672476036565,-0.3744298849615801,-0.4137202944947138,-0.7003950081016233
1628978,Donte DiVincenzo,MIN,2024-25,Playmaker,Average,62,1605.7333333333331,723,228,225,73,17,99,0.422,0.397,0.778,0.582,0.568,0.188,0.1,114.2,109.1,5.1,2.27,0.02,0.115,0.203,0.068,16.30000000000001,0.3088405551525128,0.6621631317833638,-0.32889810739459896,-0.018326168259559128
203110,Draymond Green,GSW,2024-25,Playmaker,Very Good,68,1983.3066666666664,613,414,383,99,70,174,0.424,0.325,0.687,0.534,0.503,0.157,0.088,115.4,108.8,6.6,2.2,0.036,0.168,0.255,0.102,16.60000000000001,-0.271862509053205,1.535672334128506,0.5977785555262725,0.8049212628142456
203901,Elfrid Payton,NOP,2024-25,Playmaker,Very Good,24,510.805,85,79,166,24,11,59,0.328,0.167,0.571,0.34,0.332,0.151,0.079,99.7,113.1,-13.4,2.81,0.027,0.114,0.443,0.071,12.300000000000011,-1.8057540606794167,1.7932981441455407,-0.6860325534466846,-0.8217564364532893
1627832,Fred VanVleet,HOU,2024-25,Playmaker,Very Good,60,2111.298333333333,844,221,333,94,25,87,0.378,0.345,0.81,0.515,0.483,0.176,0.093,115.0,108.8,6.2,3.83,0.014,0.089,0.217,0.049,16.60000000000001,-0.07482113445561793,1.1382169412847378,-0.5895251892691815,0.2978285679844223
202066,Garrett Temple,TOR,2024-25,Playmaker,Average,28,226.76833333333332,53,29,31,17,2,10,0.3,0.214,0.917,0.406,0.35,0.129,0.051,106.6,111.1,-4.5,3.1,0.036,0.09,0.171,0.061,14.300000000000011,-1.6125240425395375,-0.23146189146761145,-0.9460980256767513,-0.8678338029501204
1630529,Herbert Jones,NOP,2024-25,Playmaker,Average,20,648.1316666666667,205,78,65,37,9,35,0.436,0.306,0.825,0.541,0.5,0.146,0.062,111.8,112.5,-0.7,1.86,0.033,0.085,0.134,0.059,12.900000000000006,-0.6065938224789299,-0.31420555990004784,-0.8415617836865132,-0.6720408412316781
1630193,Immanuel Quickley,TOR,2024-25,Playmaker,Very Good,33,917.7533333333332,564,117,191,23,4,58,0.42,0.378,0.867,0.57,0.517,0.246,0.128,109.0,110.7,-1.6,3.29,0.016,0.107,0.32,0.06,14.700000000000003,0.5501554003120029,1.1943190670091783,-0.7253403646188872,-0.7619288272943034
1642268,Isaiah Collier,UTA,2024-25,Playmaker,Elite,71,1839.1066666666663,615,235,446,66,16,208,0.422,0.249,0.682,0.494,0.459,0.186,0.077,108.3,118.6,-10.4,2.14,0.017,0.104,0.342,0.061,6.800000000000011,-0.2868276794269576,2.2562287275736157,-0.3995020374417042,-0.6591425858010896
1631209,Isaiah Wong,CHA,2024-25,Playmaker,Average,20,265.50333333333333,120,32,28,11,0,18,0.39,0.394,0.735,0.5,0.452,0.22,0.077,100.0,102.6,-2.6,1.56,0.051,0.071,0.187,0.06,22.80000000000001,-0.3605947932184448,-0.15261851207595067,-0.9508775442304358,-0.4508221706653653
1629630,Ja Morant,MEM,2024-25,Playmaker,Very Good,50,1519.11,1159,205,364,61,12,185,0.454,0.309,0.824,0.563,0.504,0.312,0.141,116.4,109.6,6.8,1.97,0.021,0.101,0.355,0.062,15.800000000000011,1.4223680775053513,2.0275235324958016,-0.46636374064698216,-0.22262718105941626
1630531,Jaden Springer,UTA,2024-25,Playmaker,Average,43,365.175,109,58,33,24,4,16,0.389,0.25,0.711,0.511,0.456,0.139,0.063,105.6,108.9,-3.3,2.06,0.044,0.107,0.13,0.076,16.5,-0.8985935804503028,-0.45442629555454134,-0.6780552321802539,-0.645809049266887
1631170,Jaime Jaquez Jr.,MIA,2024-25,Playmaker,Average,66,1368.38,570,290,166,61,14,98,0.461,0.311,0.754,0.543,0.501,0.194,0.098,107.9,113.9,-6.0,1.69,0.06,0.145,0.181,0.103,11.5,0.019443749087131177,0.3214729703972269,0.2814992654564584,-0.4550373557661329
1631222,Jake LaRavia,SAC,2024-25,Playmaker,Average,66,1349.28,458,259,158,62,23,86,0.475,0.423,0.678,0.591,0.564,0.14,0.081,115.0,111.2,3.8,1.84,0.063,0.12,0.15,0.091,14.200000000000003,-0.182189225014635,0.11788818643608664,0.046368677706671316,-0.1949811941665112
1628973,Jalen Brunson,NYK,2024-25,Playmaker,Elite,65,2300.708333333333,1690,187,475,60,8,164,0.488,0.383,0.821,0.605,0.551,0.289,0.138,118.3,115.7,2.6,2.9,0.012,0.072,0.318,0.042,9.700000000000003,1.877063593269549,2.228116095883412,-0.768917641246563,-0.6318619178119844
1629618,Jalen Pickett,DEN,2024-25,Playmaker,Average,49,666.19,200,71,107,19,5,24,0.428,0.396,0.75,0.545,0.539,0.13,0.078,112.6,109.7,2.9,4.46,0.022,0.078,0.211,0.051,15.700000000000003,-0.7044571353565763,0.27290078242678595,-0.9620526682096127,-0.734502139994976
1627750,Jamal Murray,DEN,2024-25,Playmaker,Very Good,67,2418.346666666667,1436,261,403,91,33,138,0.474,0.393,0.886,0.584,0.543,0.235,0.111,122.0,115.5,6.5,2.92,0.019,0.084,0.223,0.053,9.900000000000006,1.1785174728879022,1.42950125385792,-0.4324314287038494,-0.045972131637600645
1642347,Jamal Shead,TOR,2024-25,Playmaker,Very Good,75,1466.825,533,115,316,58,10,117,0.405,0.323,0.768,0.499,0.476,0.179,0.07,105.5,113.3,-7.8,2.7,0.019,0.057,0.307,0.037,12.100000000000009,-0.36861758526434135,1.581250988947538,-1.0236591707938645,-0.4913384955636568
201935,James Harden,LAC,2024-25,Playmaker,Elite,79,2789.036666666667,1802,456,687,118,55,341,0.41,0.352,0.874,0.582,0.501,0.286,0.145,115.4,109.2,6.2,2.01,0.02,0.143,0.365,0.083,16.200000000000003,1.8043674947683865,3.2722403629602343,0.4671670242512887,0.8265233285762831
1630215,Jared Butler,PHI,2024-25,Playmaker,Very Good,60,1043.735,541,110,220,42,13,80,0.448,0.355,0.824,0.549,0.514,0.222,0.102,108.5,114.5,-6.0,2.75,0.022,0.076,0.317,0.049,10.900000000000006,0.2378091450845814,1.2841771553522365,-0.8840502120560273,-0.6972735206268333
1630288,Jeff Dowtin Jr.,PHI,2024-25,Playmaker,Average,41,620.77,285,60,78,24,12,15,0.487,0.4,0.733,0.57,0.548,0.176,0.106,107.6,116.7,-9.2,5.2,0.018,0.079,0.196,0.047,8.700000000000003,-0.1634788961376434,0.08192493405521786,-1.0421984498486518,-1.0231558026284266
1641724,Jett Howard,ORL,2024-25,Playmaker,Average,60,701.1066666666667,267,70,44,13,11,36,0.374,0.296,0.696,0.491,0.479,0.181,0.045,103.0,108.7,-5.7,1.22,0.026,0.074,0.102,0.048,16.700000000000003,-0.5915425265900401,-0.5712439843865028,-1.0029250097073188,-0.6772108585569098
1628975,Jevon Carter,CHI,2024-25,Playmaker,Average,36,320.5733333333333,153,39,40,13,3,11,0.377,0.333,0.8,0.509,0.497,0.2,0.082,114.8,111.5,3.3,3.64,0.012,0.094,0.166,0.054,13.900000000000006,-0.4317486939357469,-0.22643293624115318,-1.0087418199728606,-0.922663660720097
202710,Jimmy Butler III,GSW,2024-25,Playmaker,Very Good,55,1746.135,964,296,298,77,18,74,0.504,0.308,0.842,0.626,0.531,0.203,0.145,115.9,109.6,6.3,4.03,0.07,0.101,0.26,0.085,15.800000000000011,0.8440162715719971,1.2509868384043394,0.06810575947420491,0.003859409972009805
1629162,Jordan McLaughlin,SAS,2024-25,Playmaker,Average,46,314.27666666666664,98,30,51,16,1,16,0.431,0.413,0.773,0.6,0.563,0.134,0.083,118.0,108.9,9.1,3.19,0.021,0.074,0.208,0.05,16.5,-0.4342679069916336,0.04998510837109127,-1.0835808444445694,-0.7590523447826
1641757,Jordan Miller,LAC,2024-25,Playmaker,Average,37,420.31,152,58,34,17,5,26,0.433,0.211,0.8,0.509,0.463,0.175,0.07,103.8,109.8,-6.0,1.31,0.053,0.084,0.124,0.068,15.600000000000009,-0.6154818944759134,-0.4844525242417065,-0.7799724666176961,-0.7611003333765498
1630631,Jose Alvarado,NOP,2024-25,Playmaker,Very Good,56,1365.9,579,136,259,74,14,86,0.392,0.359,0.811,0.523,0.498,0.193,0.09,108.4,117.1,-8.7,3.01,0.019,0.077,0.278,0.047,8.300000000000011,-0.09573711664334306,1.2085966368616572,-0.8405416774900907,-0.5083545977264853
1630581,Josh Giddey,CHI,2024-25,Playmaker,Elite,70,2116.641666666667,1022,566,503,84,45,202,0.465,0.378,0.781,0.57,0.531,0.214,0.13,113.1,114.4,-1.4,2.49,0.059,0.192,0.322,0.127,11.0,0.6461861849744941,2.3536180662485524,1.3195834578604022,0.06753803838553862
201950,Jrue Holiday,BOS,2024-25,Playmaker,Average,62,1896.0683333333332,686,265,239,66,27,77,0.443,0.353,0.909,0.565,0.538,0.156,0.088,116.6,107.7,8.9,3.1,0.038,0.091,0.174,0.065,17.700000000000003,-0.049295496823202146,0.5507668635834998,-0.2689420627130246,0.09257547627228567
1642354,KJ Simpson,CHA,2024-25,Playmaker,Average,36,842.0833333333334,282,109,112,34,6,56,0.346,0.254,0.82,0.437,0.4,0.188,0.06,101.0,116.4,-15.4,2.0,0.042,0.081,0.21,0.06,9.0,-0.8382288731031028,0.28568158570356006,-0.7465673932882094,-0.9626205547488919
1630811,Keaton Wallace,ATL,2024-25,Playmaker,Average,31,501.1666666666667,168,50,81,28,9,33,0.401,0.329,1.0,0.503,0.485,0.164,0.074,106.2,108.4,-2.2,2.45,0.013,0.08,0.224,0.047,17.0,-0.7187740314917876,0.250258301399915,-1.0687322356853046,-0.5243989399735253
203482,Kelly Olynyk,NOP,2024-25,Playmaker,Average,44,890.9983333333333,384,206,128,33,19,76,0.5,0.418,0.769,0.609,0.562,0.185,0.098,110.7,113.4,-2.7,1.68,0.069,0.154,0.2,0.112,12.0,0.19678309858069445,0.28838011351180015,0.1732723531706979,-0.6651908604987532
1630553,Keon Johnson,BKN,2024-25,Playmaker,Average,79,1925.2016666666664,839,297,175,82,30,116,0.389,0.314,0.77,0.499,0.47,0.212,0.07,104.1,114.4,-10.3,1.51,0.031,0.125,0.148,0.076,11.0,0.09362989596084399,0.16920763224600271,-0.04389775068425257,-0.1049466475371732
1628989,Kevin Huerter,CHI,2024-25,Playmaker,Average,69,1678.993333333333,681,205,156,66,23,67,0.425,0.338,0.714,0.544,0.535,0.171,0.073,114.5,111.7,2.8,2.33,0.017,0.098,0.124,0.058,13.700000000000003,-0.0631622707707186,-0.03553018291643783,-0.5173223578657034,-0.18291307993801473
1629645,Kevin Porter Jr.,MIL,2024-25,Playmaker,Very Good,75,1482.02,771,278,256,81,13,136,0.449,0.311,0.769,0.531,0.492,0.248,0.119,109.1,108.0,1.1,1.88,0.029,0.148,0.276,0.092,17.400000000000006,0.491090281403406,1.186322256224808,0.10952252510099189,0.08872502178909876
1641718,Keyonte George,UTA,2024-25,Playmaker,Very Good,67,2108.475,1125,253,377,46,9,183,0.391,0.343,0.818,0.539,0.485,0.237,0.093,110.1,122.0,-11.9,2.06,0.012,0.104,0.272,0.058,3.4000000000000057,0.7115919901401817,1.6090942928880692,-0.38996018584977,-1.136957987757145
203114,Khris Middleton,WAS,2024-25,Playmaker,Average,37,843.1816666666666,440,137,150,35,8,56,0.475,0.361,0.857,0.588,0.546,0.208,0.114,114.1,112.6,1.5,2.68,0.015,0.132,0.251,0.076,12.800000000000011,0.28547026598194697,0.6558336426840207,-0.46843832407069697,-0.7087564986163244
203937,Kyle Anderson,MIA,2024-25,Playmaker,Average,61,1002.0933333333334,357,206,145,40,33,37,0.469,0.357,0.738,0.538,0.51,0.152,0.108,106.1,107.6,-1.5,3.92,0.049,0.148,0.211,0.097,17.80000000000001,-0.4702089010813198,0.41272905267564014,-0.017822461399506537,-0.11023970860043879
1642273,Kyshawn George,WAS,2024-25,Playmaker,Average,68,1802.1833333333332,590,285,169,68,50,97,0.372,0.322,0.753,0.503,0.476,0.156,0.058,105.4,115.5,-10.1,1.74,0.025,0.122,0.133,0.074,9.900000000000006,-0.47301303882658846,0.06286468428821476,-0.10121760229759649,-0.11228659116654227
1630163,LaMelo Ball,CHA,2024-25,Playmaker,Elite,47,1504.475,1184,232,346,54,13,167,0.405,0.339,0.843,0.536,0.494,0.342,0.127,112.7,116.5,-3.9,2.07,0.028,0.121,0.39,0.072,8.900000000000006,1.505637785258643,2.157906955415816,-0.2673259758412168,-0.6904465154660953
2544,LeBron James,LAL,2024-25,Playmaker,Elite,70,2444.4466666666667,1710,546,575,70,39,260,0.513,0.376,0.782,0.604,0.571,0.291,0.169,112.7,114.0,-1.3,2.21,0.031,0.187,0.395,0.112,11.400000000000006,1.90040999982977,3.0286445349058653,1.0754210716168922,-0.1147239567494623
1630322,Lindy Waters III,DET,2024-25,Playmaker,Average,52,778.41,256,110,52,27,11,20,0.369,0.344,0.727,0.504,0.498,0.145,0.061,111.6,110.2,1.4,2.6,0.023,0.116,0.092,0.067,15.200000000000003,-0.7886845485215206,-0.597982987156969,-0.654736434571782,-0.6202837899947967
1628366,Lonzo Ball,CHI,2024-25,Playmaker,Average,35,777.03,267,118,115,47,17,41,0.366,0.344,0.815,0.524,0.504,0.152,0.078,113.5,108.0,5.5,2.8,0.029,0.106,0.187,0.068,17.400000000000006,-0.615157811770897,0.16751463296747862,-0.6207697515977795,-0.22309146210121697
1629029,Luka Dončić,LAL,2024-25,Playmaker,Very Good,50,1768.55,1408,409,383,89,21,179,0.45,0.368,0.782,0.587,0.536,0.328,0.17,119.6,110.5,9.1,2.14,0.023,0.198,0.342,0.112,14.900000000000006,1.856282743391332,2.024408174266305,0.7119082056547492,0.10566894969641798
1628379,Luke Kennard,MEM,2024-25,Playmaker,Average,65,1471.6916666666666,576,183,215,50,5,72,0.478,0.433,0.895,0.631,0.609,0.14,0.093,117.6,114.5,3.1,2.99,0.024,0.094,0.179,0.059,10.900000000000006,0.1316077970296444,0.4905425385219675,-0.5629570324016592,-0.6953223291449181
1627763,Malcolm Brogdon,WAS,2024-25,Playmaker,Average,24,564.0766666666667,305,91,98,13,5,38,0.433,0.286,0.88,0.544,0.467,0.231,0.113,106.5,116.9,-10.4,2.58,0.036,0.119,0.267,0.077,8.5,0.10491465476815308,0.5543721472811065,-0.5777540846146194,-1.2197039779812664
1628370,Malik Monk,SAC,2024-25,Playmaker,Very Good,65,2054.11,1117,245,362,61,38,159,0.439,0.325,0.865,0.549,0.513,0.236,0.099,117.0,114.5,2.5,2.28,0.014,0.104,0.246,0.059,10.900000000000006,0.7556776786479403,1.4078399363451473,-0.398447560214412,-0.24747102472209356
1631204,Marcus Sasser,DET,2024-25,Playmaker,Average,57,810.7866666666666,375,69,133,37,4,54,0.463,0.382,0.843,0.589,0.561,0.187,0.095,110.4,107.5,2.9,2.46,0.021,0.06,0.239,0.04,17.900000000000006,0.09058299827252862,0.5258670501852633,-1.1074956227284265,-0.4288547859995279
203935,Marcus Smart,WAS,2024-25,Playmaker,Average,34,680.34,305,72,109,39,9,54,0.393,0.348,0.761,0.529,0.488,0.198,0.086,109.9,107.3,2.6,2.02,0.024,0.069,0.221,0.047,18.10000000000001,-0.22242429639363168,0.33643669842063484,-1.0103579068446684,-0.34579380509764074
1628365,Markelle Fultz,SAC,2024-25,Playmaker,Average,21,184.0583333333333,61,20,27,10,2,15,0.418,0.5,1.0,0.452,0.448,0.196,0.065,109.3,105.7,3.6,1.8,0.036,0.077,0.208,0.058,19.700000000000003,-0.8532758874567911,-0.03832748336502717,-1.0081973958437795,-0.6230880982509908
1629622,Max Strus,CLE,2024-25,Playmaker,Average,50,1272.725,471,217,158,26,12,54,0.442,0.386,0.824,0.607,0.594,0.143,0.083,120.1,112.2,7.9,2.93,0.041,0.118,0.157,0.081,13.200000000000003,-0.05937226346825127,0.15721175978050728,-0.19246976585407322,-0.7380370390290412
201144,Mike Conley,MIN,2024-25,Playmaker,Very Good,71,1755.85,582,182,319,79,14,75,0.4,0.41,0.9,0.573,0.535,0.141,0.092,115.5,109.0,6.5,4.25,0.018,0.085,0.243,0.052,16.400000000000006,-0.18836192706510058,1.23276024947985,-0.6547879911180865,0.019365084866044824
1630540,Miles McBride,NYK,2024-25,Playmaker,Average,64,1593.455,611,161,187,67,17,41,0.406,0.369,0.813,0.531,0.511,0.162,0.077,116.8,109.7,7.1,4.56,0.028,0.069,0.155,0.049,15.700000000000003,-0.2538550052026482,0.25268750145848257,-0.7487279042890982,-0.1157471509191328
1628420,Monte Morris,PHX,2024-25,Playmaker,Average,45,570.77,233,67,73,20,3,21,0.426,0.36,0.857,0.546,0.505,0.173,0.096,111.1,108.3,2.8,3.48,0.021,0.088,0.188,0.056,17.10000000000001,-0.360160955641154,0.018585250764188654,-0.9089679110208722,-0.6621191599935051
1641733,Nick Smith Jr.,CHA,2024-25,Playmaker,Average,60,1368.746666666667,591,128,145,17,6,82,0.391,0.34,0.935,0.502,0.482,0.205,0.064,102.1,116.4,-14.3,1.77,0.009,0.08,0.169,0.043,9.0,-0.11930580494487462,0.1767876126091166,-0.9127273233781341,-1.1387637247001947
1629638,Nickeil Alexander-Walker,MIN,2024-25,Playmaker,Average,82,2073.1016666666665,773,265,223,50,34,99,0.438,0.381,0.78,0.579,0.553,0.155,0.081,115.1,108.5,6.6,2.25,0.026,0.098,0.149,0.062,16.900000000000006,0.08616948500691862,0.3514504690531568,-0.30716102562706554,-0.04938782275879955
203999,Nikola Jokić,DEN,2024-25,Playmaker,Elite,70,2570.765,2071,892,716,127,45,230,0.576,0.417,0.8,0.663,0.627,0.285,0.206,125.6,115.1,10.5,3.11,0.083,0.252,0.398,0.173,10.300000000000011,2.454156507741477,3.5643339713603126,2.7706089741505764,0.47194837219830066
1631107,Nikola Jović,MIA,2024-25,Playmaker,Average,46,1155.6766666666667,494,180,131,38,13,60,0.456,0.371,0.828,0.595,0.56,0.178,0.098,109.6,110.7,-1.1,2.18,0.022,0.127,0.174,0.076,14.700000000000003,0.14482059978193643,0.15336020077096688,-0.35434304497309,-0.5154512071919716
1626192,Pat Connaughton,MIL,2024-25,Playmaker,Average,41,602.8266666666667,216,109,70,9,11,24,0.469,0.321,0.774,0.567,0.542,0.151,0.088,111.7,114.6,-2.9,2.92,0.032,0.14,0.159,0.088,10.800000000000011,-0.41340283264153693,-0.1553657699154258,-0.3898570727571612,-1.0653088931022223
1630311,Pat Spencer,GSW,2024-25,Playmaker,Average,39,249.61166666666668,98,46,48,14,3,18,0.406,0.227,0.733,0.455,0.431,0.204,0.093,105.0,107.8,-2.8,2.67,0.055,0.131,0.274,0.09,17.60000000000001,-0.7508769118612407,0.4097111545086138,-0.5315406149187131,-0.6949100000986256
1630172,Patrick Williams,CHI,2024-25,Playmaker,Average,63,1576.3266666666666,566,237,124,48,32,86,0.397,0.353,0.723,0.512,0.49,0.165,0.062,108.7,113.5,-4.8,1.44,0.025,0.113,0.106,0.07,11.900000000000006,-0.372978448785315,-0.2543980652597725,-0.27953839153225085,-0.3841188518890813
201988,Patty Mills,LAC,2024-25,Playmaker,Average,29,320.655,111,22,26,13,3,17,0.375,0.347,0.929,0.543,0.51,0.15,0.055,104.6,108.0,-3.4,1.53,0.012,0.051,0.123,0.032,17.400000000000006,-0.6336648213967856,-0.5195077081553299,-1.3341216505981368,-0.717022298046838
202331,Paul George,PHI,2024-25,Playmaker,Average,41,1333.5933333333332,665,219,178,75,20,106,0.43,0.358,0.814,0.543,0.514,0.233,0.106,108.3,112.2,-3.8,1.68,0.018,0.153,0.217,0.083,13.200000000000003,0.3734516981083938,0.5678647863223063,-0.16168370007738203,-0.1493905430271761
1641796,Pelle Larsson,MIA,2024-25,Playmaker,Average,55,781.9466666666667,251,92,65,32,7,24,0.438,0.337,0.672,0.546,0.517,0.141,0.055,111.1,108.7,2.4,2.71,0.036,0.081,0.116,0.058,16.700000000000003,-0.5814357009292764,-0.415323319928558,-0.8171541378198797,-0.5208148187412732
1631245,Quenton Jackson,IND,2024-25,Playmaker,Average,28,381.03833333333336,162,44,53,21,5,16,0.475,0.375,0.775,0.58,0.537,0.167,0.089,110.9,110.1,0.8,3.31,0.035,0.079,0.193,0.057,15.300000000000011,-0.26088919129077504,-0.026920309007990584,-0.9572559641404932,-0.7372812841381527
1629628,RJ Barrett,TOR,2024-25,Playmaker,Very Good,58,1868.8033333333333,1223,366,314,46,17,166,0.468,0.35,0.63,0.547,0.523,0.281,0.121,110.1,113.4,-3.4,1.89,0.031,0.159,0.257,0.094,12.0,1.15010608589885,1.293008939557,0.3684991490728969,-0.550728070306843
1641736,Reece Beekman,BKN,2024-25,Playmaker,Average,36,469.3033333333333,93,39,63,33,2,21,0.327,0.175,0.762,0.4,0.36,0.122,0.051,98.5,110.4,-12.0,3.0,0.024,0.061,0.205,0.041,15.0,-1.6692266769371156,0.07728844423439879,-1.1743573259337043,-0.6609237234024784
1642263,Reed Sheppard,HOU,2024-25,Playmaker,Average,52,654.3516666666667,229,78,75,35,17,37,0.351,0.338,0.813,0.465,0.452,0.171,0.06,108.5,111.1,-2.7,2.03,0.022,0.086,0.153,0.054,14.300000000000011,-0.8408069479051855,-0.17067323331323786,-0.9052600552099148,-0.5295673100144178
202704,Reggie Jackson,PHI,2024-25,Playmaker,Average,31,383.9916666666667,136,42,45,16,3,17,0.391,0.338,0.778,0.496,0.485,0.17,0.067,108.3,111.8,-3.5,2.65,0.02,0.093,0.172,0.055,13.600000000000009,-0.7379506583383684,-0.1743285596199586,-0.9880420299171844,-0.9092059744200119
1642265,Rob Dillingham,MIN,2024-25,Playmaker,Average,49,515.975,219,50,98,20,1,53,0.441,0.338,0.533,0.503,0.5,0.215,0.078,112.3,111.1,1.2,1.85,0.022,0.07,0.283,0.046,14.300000000000011,-0.3086508506935255,0.644254600639782,-1.081471889989985,-0.8468671781382572
201566,Russell Westbrook,DEN,2024-25,Playmaker,Very Good,75,2092.2916666666665,994,370,457,106,37,242,0.449,0.323,0.661,0.532,0.505,0.23,0.093,115.7,116.2,-0.6,1.89,0.05,0.119,0.289,0.086,9.200000000000003,0.5258553522183136,1.9989697053687232,0.27719542897011556,0.10878989591471651
1630703,Scoot Henderson,POR,2024-25,Playmaker,Very Good,66,1759.0716666666667,837,198,335,68,13,177,0.419,0.354,0.767,0.54,0.496,0.22,0.084,112.5,113.7,-1.3,1.89,0.028,0.083,0.274,0.054,11.700000000000003,0.3851704389176925,1.4657825640196966,-0.5868546251700815,-0.38087434419112115
1630567,Scottie Barnes,TOR,2024-25,Playmaker,Very Good,65,2134.13,1252,502,378,93,63,184,0.446,0.271,0.755,0.523,0.482,0.262,0.139,107.4,110.1,-2.7,2.05,0.047,0.176,0.279,0.111,15.300000000000011,0.8947093768341053,1.652097557554828,0.9459327596309397,0.5955497595985132
1630590,Scotty Pippen Jr.,MEM,2024-25,Playmaker,Very Good,79,1682.88,779,259,347,103,30,138,0.48,0.397,0.713,0.582,0.553,0.188,0.106,111.0,109.7,1.3,2.51,0.035,0.105,0.283,0.07,15.700000000000003,0.34922489532804546,1.5604977399020106,-0.22116406269161476,0.3887889469000397
1629003,Shake Milton,LAL,2024-25,Playmaker,Average,57,836.2766666666666,315,104,102,25,4,40,0.453,0.358,0.797,0.563,0.528,0.162,0.081,106.2,113.1,-6.9,2.55,0.036,0.086,0.184,0.061,12.300000000000011,-0.2843539305052242,0.10282568577232945,-0.7470946319018554,-0.8822173215364851
203915,Spencer Dinwiddie,DAL,2024-25,Playmaker,Very Good,79,2136.085,872,209,349,70,17,102,0.416,0.334,0.802,0.553,0.496,0.175,0.089,110.1,115.1,-5.0,3.42,0.008,0.086,0.228,0.048,10.300000000000011,0.15531692926563953,1.2588861891262395,-0.6341053865778452,-0.4019383073715103
1642264,Stephon Castle,SAS,2024-25,Playmaker,Very Good,81,2162.0216666666665,1190,297,332,74,22,177,0.428,0.285,0.724,0.522,0.476,0.253,0.087,111.8,116.6,-4.7,1.88,0.039,0.092,0.231,0.066,8.800000000000011,0.7783962682867167,1.2131843966512408,-0.17129429373105548,-0.39803754817715387
1629004,Svi Mykhailiuk,UTA,2024-25,Playmaker,Average,38,760.3066666666666,334,90,76,19,7,52,0.391,0.345,0.8,0.526,0.507,0.198,0.067,110.3,117.7,-7.4,1.46,0.026,0.085,0.144,0.055,7.700000000000003,-0.21866358598188276,-0.21755242200515473,-0.8606798579012511,-1.1843046123848515
204456,T.J. McConnell,IND,2024-25,Playmaker,Very Good,79,1415.4333333333334,720,193,351,83,21,109,0.519,0.306,0.74,0.547,0.531,0.226,0.129,111.1,113.8,-2.7,3.22,0.032,0.104,0.359,0.069,11.600000000000009,0.38474165971214935,2.002158158645073,-0.40902670351820336,-0.15038965559681192
1626179,Terry Rozier,MIA,2024-25,Playmaker,Average,64,1658.22,679,238,167,37,14,78,0.391,0.295,0.852,0.497,0.462,0.195,0.078,107.3,112.3,-4.9,2.14,0.025,0.113,0.152,0.068,13.100000000000009,-0.15763720061100825,0.16224071500696552,-0.3023643215579462,-0.6097025862064148
1629027,Trae Young,ATL,2024-25,Playmaker,Elite,76,2739.06,1841,236,880,91,12,355,0.411,0.34,0.875,0.567,0.491,0.285,0.129,115.2,114.6,0.6,2.48,0.012,0.072,0.452,0.042,10.800000000000011,1.7394087780019627,4.471156628309319,-0.6389020906469645,-0.205559668157571
1630200,Tre Jones,CHI,2024-25,Playmaker,Very Good,46,904.9716666666668,330,116,192,37,10,35,0.538,0.396,0.821,0.617,0.578,0.136,0.11,112.0,113.5,-1.5,5.49,0.032,0.086,0.289,0.059,11.900000000000006,-0.15512227526341293,1.0238515049490824,-0.7407333975072328,-0.7206780522781081
1630570,Trendon Watford,BKN,2024-25,Playmaker,Average,44,912.6766666666666,450,160,115,27,12,83,0.469,0.33,0.762,0.557,0.51,0.226,0.101,105.1,109.4,-4.4,1.39,0.038,0.132,0.211,0.084,16.0,0.24720681017729026,0.3023383130054921,-0.3054933822089531,-0.5631625859521222
1630243,Trevelin Queen,ORL,2024-25,Playmaker,Average,31,430.28,152,54,38,31,10,22,0.381,0.286,0.857,0.486,0.456,0.176,0.071,101.9,111.1,-9.2,1.73,0.056,0.071,0.141,0.063,14.300000000000011,-0.7396647450707876,-0.3742336522587606,-0.8542842524757588,-0.6418350097891732
1641725,Trey Alexander,DEN,2024-25,Playmaker,Average,24,117.22166666666666,32,12,11,2,1,5,0.317,0.176,0.75,0.374,0.354,0.165,0.029,94.2,105.1,-10.9,2.2,0.008,0.087,0.136,0.047,20.30000000000001,-1.547091974271562,-0.5016735846364798,-1.169560621864585,-0.6808436607308567
1642278,Tyler Kolek,NYK,2024-25,Playmaker,Average,41,296.15166666666664,81,27,70,12,4,18,0.329,0.298,0.765,0.453,0.415,0.152,0.072,104.1,104.4,-0.3,3.89,0.027,0.059,0.321,0.043,21.0,-1.1552365834509883,0.7546940703411653,-1.180718560328327,-0.5057493668038686
1630169,Tyrese Haliburton,IND,2024-25,Playmaker,Elite,73,2450.391666666667,1359,258,673,105,49,120,0.473,0.388,0.851,0.616,0.582,0.21,0.143,117.7,114.2,3.5,5.61,0.017,0.087,0.384,0.052,11.200000000000003,1.1229381120204673,3.327460097810926,-0.45313121875952544,0.33734745111228004
1631213,Tyrese Martin,BKN,2024-25,Playmaker,Average,60,1315.32,523,219,122,34,9,74,0.406,0.351,0.793,0.533,0.513,0.179,0.084,103.2,113.4,-10.2,1.65,0.04,0.133,0.15,0.083,12.0,-0.181432843693869,-0.014580701168090994,-0.16168370007738203,-0.7560041375911665
1626145,Tyus Jones,PHX,2024-25,Playmaker,Very Good,81,2173.516666666667,829,196,429,69,8,91,0.448,0.414,0.895,0.585,0.57,0.16,0.099,113.6,116.1,-2.5,4.71,0.019,0.069,0.276,0.045,9.300000000000011,0.19746145271959015,1.822908854989328,-0.7068182710795348,-0.5621115213869775
203995,Vasilije Micic,PHX,2024-25,Playmaker,Average,41,784.9083333333333,269,89,128,15,0,77,0.348,0.36,0.829,0.462,0.43,0.199,0.061,102.2,109.4,-7.2,1.66,0.023,0.085,0.258,0.053,16.0,-0.6241401014431958,0.6142040069369994,-0.888812545094277,-0.8089085092487357
1630249,Vít Krejčí,ATL,2024-25,Playmaker,Average,57,1152.631666666667,412,156,147,36,26,50,0.497,0.437,0.711,0.661,0.651,0.131,0.086,109.7,111.6,-1.9,2.94,0.019,0.116,0.175,0.067,13.800000000000011,0.11898111972805829,0.2178529152632964,-0.5326810197231793,-0.45752610857320447
1642530,Yuki Kawamura,MEM,2024-25,Playmaker,Average,22,92.66666666666669,36,12,19,2,0,5,0.367,0.304,0.778,0.53,0.483,0.167,0.086,114.6,102.5,12.1,3.8,0.0,0.114,0.257,0.063,22.900000000000006,-0.6376307668144457,0.20749999946721104,-0.9657261529897003,-0.5381989696052228
1642358,AJ Johnson,DAL,2025-26,Playmaker,Average,48,453.4333333333333,160,55,47,11,3,30,0.324,0.211,0.85,0.413,0.358,0.195,0.045,105.7,112.1,-6.4,1.57,0.027,0.089,0.151,0.057,13.300000000000011,-1.0121865371826455,-0.28493989700854383,-0.9280687997201753,-0.9786391916264221
1642349,Ajay Mitchell,OKC,2025-26,Playmaker,Average,57,1472.7983333333334,774,190,206,71,18,81,0.485,0.347,0.87,0.585,0.536,0.21,0.116,118.2,102.5,15.6,2.54,0.027,0.093,0.194,0.062,22.900000000000006,0.5238223646926842,0.5416901166446817,-0.5061644194019613,0.35884942519360613
1642918,Alijah Martin,TOR,2025-26,Playmaker,Average,23,145.615,51,21,12,8,4,8,0.32,0.19,0.789,0.437,0.36,0.185,0.062,101.3,107.1,-5.8,1.5,0.053,0.086,0.129,0.068,18.30000000000001,-1.0267757225201901,-0.5373174666585622,-0.8781474742133113,-0.7058324411907727
1630578,Alperen Sengun,HOU,2025-26,Playmaker,Very Good,72,2397.695,1466,640,445,85,77,227,0.519,0.305,0.691,0.569,0.537,0.259,0.142,117.1,113.7,3.4,1.96,0.089,0.177,0.282,0.133,11.700000000000003,1.2900804673445858,1.9154898361562434,1.5923713988797146,0.44278652195682316
1641708,Amen Thompson,HOU,2025-26,Playmaker,Very Good,79,2953.15,1443,614,420,119,48,190,0.534,0.216,0.779,0.594,0.545,0.195,0.128,117.0,110.4,6.6,2.21,0.078,0.123,0.202,0.101,15.0,0.947921594862052,1.3740852863044086,1.115714617954648,0.6955568334336841
1641748,Andre Jackson Jr.,MIL,2025-26,Playmaker,Average,48,408.10833333333335,113,72,43,19,4,31,0.328,0.25,0.625,0.425,0.391,0.17,0.044,103.2,110.6,-7.5,1.39,0.059,0.126,0.16,0.09,14.800000000000011,-1.1604821541503916,-0.24909978228364177,-0.4625527717434158,-0.7974988115426003
1629614,Andrew Nembhard,IND,2025-26,Playmaker,Elite,57,1785.5933333333332,966,160,437,51,8,137,0.442,0.361,0.825,0.564,0.513,0.233,0.111,109.3,119.3,-10.0,3.19,0.013,0.075,0.37,0.044,6.1000000000000085,0.7105857868059448,2.3804057990502536,-0.815079554396165,-0.9366310144350006
1641710,Anthony Black,ORL,2025-26,Playmaker,Average,64,1910.05,959,244,236,91,45,132,0.447,0.333,0.732,0.549,0.512,0.219,0.09,113.3,113.1,0.2,1.79,0.024,0.101,0.185,0.062,12.300000000000011,0.5172879523446489,0.6015219763005746,-0.36288197588403637,0.21644865651807618
1642879,Ben Saraf,BKN,2025-26,Playmaker,Average,44,916.3183333333334,332,92,145,38,8,99,0.396,0.211,0.83,0.486,0.427,0.202,0.06,103.6,116.0,-12.5,1.46,0.021,0.085,0.244,0.052,9.400000000000006,-0.41952540369091945,0.5981116127279087,-0.8935920636479615,-0.8774383049696975
1641767,Ben Sheppard,IND,2025-26,Playmaker,Average,65,1390.4766666666667,459,195,114,39,6,41,0.434,0.362,0.765,0.561,0.543,0.131,0.066,107.1,116.0,-8.8,2.78,0.028,0.106,0.112,0.065,9.400000000000006,-0.4188785007392081,-0.2574890584736518,-0.454678563569594,-0.8873118700375308
1631104,Blake Wesley,POR,2025-26,Playmaker,Average,31,360.8183333333333,148,39,62,16,5,31,0.452,0.278,0.553,0.511,0.492,0.189,0.075,104.4,113.0,-8.6,2.0,0.02,0.087,0.254,0.052,12.400000000000006,-0.5044446688968504,0.34887376632300476,-1.0342211285822211,-0.95947665647327
203992,Bogdan Bogdanović,LAC,2025-26,Playmaker,Average,23,452.06,171,59,51,10,3,27,0.388,0.347,0.8,0.525,0.497,0.185,0.069,109.1,113.5,-4.4,1.89,0.014,0.112,0.184,0.066,11.900000000000006,-0.4370946648889249,-0.08483857166692219,-0.8027983966433914,-1.071257099634038
1630538,Bones Hyland,MIN,2025-26,Playmaker,Average,71,1176.9183333333333,604,127,188,44,17,70,0.453,0.388,0.78,0.599,0.577,0.197,0.101,113.8,108.6,5.2,2.69,0.018,0.085,0.222,0.051,16.80000000000001,0.3861062863023177,0.6327499662202751,-0.813463467524357,-0.289428355945854
1641764,Brandin Podziemski,GSW,2025-26,Playmaker,Very Good,82,2332.673333333333,1133,419,304,88,15,131,0.455,0.371,0.797,0.583,0.543,0.196,0.114,110.3,110.4,-0.1,2.32,0.029,0.147,0.198,0.087,15.0,0.66879300986923,0.9247704795735008,0.41995063387439446,0.04047827024462084
1630314,Brandon Williams,DAL,2025-26,Playmaker,Very Good,66,1462.645,859,191,256,62,20,125,0.472,0.232,0.793,0.572,0.501,0.242,0.115,111.2,115.6,-4.4,2.05,0.019,0.105,0.256,0.062,9.800000000000011,0.7450474793130505,1.0739691895264631,-0.5035110408182961,-0.4838541563935395
1642355,Bronny James,LAL,2025-26,Playmaker,Average,42,375.4916666666667,122,23,51,19,4,25,0.409,0.386,0.857,0.517,0.504,0.163,0.058,106.2,114.2,-8.0,2.04,0.014,0.05,0.195,0.032,11.200000000000003,-0.6792218575785567,-0.023044384982832622,-1.3314682720144715,-1.00901564172081
1642267,Bub Carrington,WAS,2025-26,Playmaker,Very Good,82,2270.65,878,276,381,52,17,191,0.424,0.408,0.73,0.556,0.538,0.174,0.072,107.3,122.6,-15.3,1.99,0.013,0.104,0.231,0.058,2.8000000000000114,0.16947594939926014,1.3934892714458158,-0.32893247842546863,-1.0291029031323944
1630595,Cade Cunningham,DET,2025-26,Playmaker,Elite,64,2171.6716666666666,1531,355,634,92,54,236,0.461,0.342,0.812,0.564,0.513,0.296,0.159,120.4,109.0,11.4,2.69,0.025,0.132,0.43,0.079,16.400000000000006,1.5792253032731207,3.4423641896459256,0.14821717008237442,0.5587613631870009
1631126,Caleb Love,POR,2025-26,Playmaker,Average,49,1012.6083333333332,509,114,123,27,4,62,0.388,0.318,0.735,0.497,0.483,0.228,0.079,108.2,114.5,-6.3,1.98,0.023,0.083,0.187,0.053,10.900000000000006,-0.03865661087785025,0.19695216354618478,-0.822478080502645,-0.9437511407291651
1628997,Caleb Martin,DAL,2025-26,Playmaker,Average,58,856.2116666666667,227,143,81,40,15,40,0.45,0.351,0.607,0.526,0.503,0.122,0.063,102.9,112.1,-9.2,2.03,0.03,0.125,0.131,0.077,13.300000000000011,-0.8521831585641381,-0.27218345874738725,-0.439778398264025,-0.5567500983785058
1642285,Cam Spencer,MEM,2025-26,Playmaker,Very Good,72,1714.4516666666666,798,183,400,52,11,93,0.473,0.449,0.94,0.649,0.604,0.166,0.12,112.4,116.0,-3.6,4.3,0.022,0.082,0.332,0.051,9.400000000000006,0.5849510451875022,2.030786393396883,-0.6648742668391016,-0.7020268318241129
1626166,Cameron Payne,PHI,2025-26,Playmaker,Average,22,374.3366666666666,163,44,58,24,7,11,0.376,0.33,0.864,0.514,0.483,0.183,0.096,105.5,113.6,-8.1,5.27,0.007,0.103,0.22,0.055,11.800000000000011,-0.5203977186995684,0.14315478764646594,-0.9827352727498538,-0.8916036299903308
1627747,Caris LeVert,DET,2025-26,Playmaker,Average,60,1154.415,443,117,159,51,41,82,0.417,0.333,0.679,0.518,0.494,0.178,0.081,108.6,107.7,0.8,1.94,0.018,0.074,0.202,0.047,17.700000000000003,-0.33220828333329955,0.41368585117412093,-0.890955870579731,0.07879952824062196
1642262,Cody Williams,UTA,2025-26,Playmaker,Average,67,1630.5416666666667,588,198,137,51,26,73,0.468,0.214,0.706,0.524,0.495,0.159,0.057,110.9,121.4,-10.6,1.88,0.036,0.084,0.111,0.059,4.0,-0.3324256302429213,-0.17847381139478888,-0.52315635364668,-0.8779014799836511
1630175,Cole Anthony,MIL,2025-26,Playmaker,Very Good,35,526.635,234,87,121,20,11,65,0.424,0.306,0.615,0.483,0.472,0.244,0.082,103.4,113.1,-9.7,1.86,0.029,0.126,0.354,0.078,12.300000000000011,-0.19989036090361154,1.1277408878326853,-0.5756279446446002,-0.8632018882065372
1631221,Collin Gillespie,PHX,2025-26,Playmaker,Very Good,80,2281.8016666666667,1012,327,371,99,16,125,0.418,0.401,0.874,0.575,0.556,0.181,0.108,113.7,110.0,3.7,2.97,0.036,0.107,0.228,0.07,15.400000000000006,0.42598646854713923,1.3398393982176815,-0.040734319002375896,0.18807259658892603
1626156,D'Angelo Russell,WAS,2025-26,Playmaker,Very Good,26,494.775,264,61,104,12,2,49,0.405,0.295,0.717,0.511,0.476,0.261,0.098,107.9,111.3,-3.4,2.12,0.016,0.092,0.328,0.057,14.100000000000009,0.10628331581340479,0.9191271486450869,-0.9121485282181836,-0.9313915526515809
1631207,Dalen Terry,PHI,2025-26,Playmaker,Average,48,551.0266666666666,176,86,66,29,15,26,0.439,0.364,0.533,0.523,0.516,0.139,0.076,106.8,109.7,-2.9,2.54,0.041,0.099,0.167,0.069,15.700000000000003,-0.7816661675951111,-0.125143308525441,-0.6929382119703881,-0.5297138705811314
1642450,Daniss Jenkins,DET,2025-26,Playmaker,Very Good,72,1455.3,671,166,278,64,15,115,0.408,0.374,0.832,0.525,0.473,0.209,0.1,113.2,106.6,6.6,2.42,0.034,0.077,0.27,0.055,18.80000000000001,0.09917137050816692,1.2335695453067463,-0.6590230855426901,0.015073324913244826
1629636,Darius Garland,LAC,2025-26,Playmaker,Very Good,45,1344.2766666666666,845,107,301,43,8,130,0.46,0.396,0.861,0.582,0.551,0.266,0.112,117.9,115.2,2.6,2.32,0.013,0.063,0.322,0.039,10.200000000000003,0.9678183258390342,1.6103204191362224,-1.0194068908538263,-0.778627750238536
1630558,Davion Mitchell,MIA,2025-26,Playmaker,Very Good,70,2000.255,654,187,453,68,11,108,0.49,0.395,0.646,0.582,0.574,0.137,0.083,117.2,113.0,4.2,4.19,0.015,0.072,0.285,0.044,12.400000000000006,-0.11426330641645625,1.9617803267397012,-0.7434383326372025,-0.3599809996626142
1628368,De'Aaron Fox,SAS,2025-26,Playmaker,Very Good,72,2231.065,1336,270,445,89,19,164,0.486,0.332,0.76,0.578,0.549,0.242,0.117,118.8,108.9,9.9,2.71,0.018,0.092,0.286,0.056,16.5,1.1233407369522304,1.9379604494959124,-0.37033205853682094,0.1794415017694767
1630166,Deni Avdija,POR,2025-26,Playmaker,Very Good,66,2199.385,1598,454,442,51,41,253,0.462,0.318,0.802,0.6,0.521,0.285,0.149,115.7,115.4,0.3,1.75,0.031,0.167,0.316,0.098,10.0,1.7528482822823765,2.095450975576415,0.6529550816541625,-0.373611469640548
203471,Dennis Schröder,CLE,2025-26,Playmaker,Very Good,70,1696.2983333333334,756,190,341,55,11,124,0.405,0.329,0.834,0.526,0.465,0.21,0.094,110.8,117.0,-6.2,2.75,0.019,0.089,0.294,0.054,8.400000000000006,0.17350704797008468,1.6002137786520705,-0.6080816538394037,-0.7296974180586796
1628401,Derrick White,BOS,2025-26,Playmaker,Very Good,77,2624.9566666666665,1267,339,414,88,98,134,0.394,0.327,0.902,0.529,0.489,0.216,0.109,119.3,108.0,11.3,3.09,0.032,0.09,0.221,0.061,17.400000000000006,0.6030896530655738,1.4587425517338062,-0.12355066474051535,1.021239002618447
1642269,Devin Carter,SAC,2025-26,Playmaker,Average,38,699.8683333333333,339,125,101,34,9,54,0.414,0.263,0.713,0.508,0.466,0.226,0.094,111.0,118.3,-7.3,1.87,0.048,0.13,0.209,0.088,7.1000000000000085,-0.11299999516821774,0.2395873278229219,-0.34740301541851676,-1.0439020453337287
1628978,Donte DiVincenzo,MIN,2025-26,Playmaker,Average,82,2494.036666666667,1000,336,313,104,34,118,0.406,0.379,0.743,0.567,0.552,0.164,0.084,116.3,110.0,6.2,2.65,0.026,0.1,0.164,0.064,15.400000000000006,0.2471441966523192,0.7668874880873593,-0.09329183757747025,0.4219937633357911
1642962,Drake Powell,BKN,2025-26,Playmaker,Average,63,1319.513333333333,408,111,91,36,14,60,0.402,0.28,0.896,0.521,0.473,0.149,0.053,100.3,116.3,-16.1,1.52,0.016,0.07,0.113,0.042,9.100000000000009,-0.5525898672010982,-0.3365043055525147,-0.9705744136051242,-0.8550826493427369
203110,Draymond Green,GSW,2025-26,Playmaker,Very Good,68,1868.888333333333,570,375,376,61,42,181,0.418,0.326,0.702,0.54,0.52,0.158,0.084,109.4,113.6,-4.3,2.08,0.029,0.168,0.278,0.098,11.800000000000011,-0.26124621383677527,1.6391205215752345,0.44333817354460564,-0.15412196116525081
1630696,Dru Smith,MIA,2025-26,Playmaker,Average,70,1141.3083333333334,395,173,180,100,21,55,0.415,0.295,0.829,0.532,0.474,0.142,0.091,107.1,110.3,-3.2,3.27,0.047,0.085,0.214,0.066,15.100000000000009,-0.5503152795353252,0.5583712089622311,-0.5003132381055498,0.23139487702775
1642844,Dylan Harper,SAS,2025-26,Playmaker,Very Good,69,1557.9566666666667,813,234,266,54,24,99,0.505,0.343,0.756,0.574,0.551,0.211,0.113,116.9,107.4,9.5,2.69,0.033,0.106,0.246,0.07,18.0,0.49637475686523524,1.0545895694006735,-0.2874985272832467,-0.044486868481824544
1630700,Dyson Daniels,ATL,2025-26,Playmaker,Very Good,76,2519.54,901,520,449,149,31,135,0.517,0.188,0.615,0.542,0.532,0.157,0.106,116.8,110.6,6.2,3.33,0.071,0.129,0.23,0.1,14.800000000000011,-0.018431327101298675,1.6380906280299008,0.8535573767854314,0.8226498985209094
1642856,Egor Dëmin,BKN,2025-26,Playmaker,Average,52,1308.2083333333333,536,165,173,42,17,86,0.399,0.385,0.831,0.561,0.537,0.182,0.081,109.5,115.4,-5.9,2.01,0.015,0.116,0.199,0.063,10.0,0.009994552283408472,0.44834856968210496,-0.559759229688913,-0.709682872159096
1641989,Elijah Harkless,UTA,2025-26,Playmaker,Average,26,544.8133333333334,178,53,75,31,6,26,0.335,0.239,0.766,0.471,0.401,0.162,0.055,113.5,116.0,-2.5,2.88,0.018,0.077,0.177,0.047,9.400000000000006,-0.9091646647857878,-0.035849553275224405,-1.0607720999343089,-0.9702027735440262
1630679,Ethan Thompson,IND,2025-26,Playmaker,Average,32,653.2316666666667,223,69,57,20,9,25,0.378,0.328,0.787,0.515,0.474,0.154,0.051,109.8,109.9,-0.1,2.28,0.025,0.078,0.122,0.051,15.5,-0.6837052264604515,-0.4110549304977608,-0.9673594253769432,-0.6954218560542746
1630529,Herbert Jones,NOP,2025-26,Playmaker,Average,56,1588.381666666667,496,190,155,88,27,73,0.383,0.309,0.806,0.491,0.467,0.153,0.053,113.5,114.4,-0.9,2.12,0.029,0.09,0.13,0.059,11.0,-0.6313729190308556,-0.0055039542292726895,-0.5443833823160023,-0.07313086191651912
1641816,Hunter Tyson,DEN,2025-26,Playmaker,Average,21,161.9,46,36,17,2,1,5,0.269,0.212,0.846,0.398,0.337,0.166,0.065,100.0,107.5,-7.5,3.4,0.024,0.174,0.17,0.102,17.900000000000006,-1.3924545383015534,-0.28859522331526444,-0.4051985490992023,-0.8218548808496632
1630193,Immanuel Quickley,TOR,2025-26,Playmaker,Very Good,70,2231.3083333333334,1150,282,415,92,5,102,0.443,0.374,0.821,0.577,0.541,0.206,0.118,115.0,112.1,2.9,4.07,0.017,0.108,0.261,0.062,13.300000000000011,0.7199521451361681,1.6871283764528338,-0.26205358970475584,-0.11913386561701034
1642268,Isaiah Collier,UTA,2025-26,Playmaker,Elite,59,1516.92,688,150,423,66,20,148,0.495,0.27,0.722,0.567,0.521,0.204,0.102,109.4,122.6,-13.2,2.86,0.013,0.085,0.404,0.048,2.8000000000000114,0.3149650125336026,2.519890333924704,-0.7906547230140966,-0.8536914299868097
1631120,JD Davison,HOU,2025-26,Playmaker,Average,28,218.41666666666663,69,34,35,6,6,7,0.375,0.25,0.684,0.477,0.438,0.153,0.09,108.7,106.1,2.6,5.0,0.014,0.131,0.219,0.074,19.30000000000001,-1.0193490197053343,0.05290423389776855,-0.767215626797581,-0.6475655640117489
1629630,Ja Morant,MEM,2025-26,Playmaker,Very Good,20,568.5,389,65,161,20,6,71,0.41,0.235,0.897,0.521,0.441,0.305,0.128,109.5,113.9,-4.4,2.27,0.013,0.096,0.447,0.053,11.5,0.5757035051332822,1.7973703008735182,-0.9524936311022437,-0.9607929482615024
1642942,Jahmai Mashack,MEM,2025-26,Playmaker,Average,31,673.1516666666666,192,81,69,37,14,49,0.395,0.253,0.543,0.456,0.444,0.156,0.041,106.2,120.7,-14.5,1.41,0.031,0.086,0.141,0.057,4.700000000000003,-1.028754515166552,-0.2601632212662743,-0.859080956544878,-1.1032418566222366
1631170,Jaime Jaquez Jr.,MIA,2025-26,Playmaker,Very Good,75,2121.21,1152,375,352,51,21,152,0.507,0.317,0.769,0.57,0.539,0.216,0.113,114.7,111.9,2.9,2.32,0.042,0.117,0.24,0.08,13.5,0.754576510224943,1.3373371031122612,0.21402439606036028,-0.3703193870287395
1628973,Jalen Brunson,NYK,2025-26,Playmaker,Elite,74,2589.806666666667,1927,247,503,57,8,175,0.467,0.369,0.841,0.58,0.533,0.296,0.135,120.2,114.1,6.1,2.87,0.012,0.083,0.307,0.047,11.300000000000011,1.9562808594698644,2.269353266224794,-0.546016654703245,-0.5689385265477156
1630552,Jalen Johnson,ATL,2025-26,Playmaker,Elite,72,2531.5983333333334,1621,740,566,89,31,244,0.489,0.352,0.788,0.581,0.537,0.264,0.161,115.5,112.3,3.2,2.32,0.038,0.241,0.325,0.14,13.100000000000009,1.507071396511592,2.6022915795606147,1.9468868373790045,0.10108517463803879
1629618,Jalen Pickett,DEN,2025-26,Playmaker,Average,50,806.48,260,114,115,13,5,34,0.422,0.386,0.789,0.541,0.528,0.148,0.084,112.1,112.4,-0.4,3.38,0.022,0.107,0.208,0.067,13.0,-0.5522896671064262,0.2854853530007404,-0.6441229202371208,-0.9553079402585047
1630591,Jalen Suggs,ORL,2025-26,Playmaker,Very Good,57,1573.57,786,220,312,105,40,152,0.435,0.339,0.855,0.561,0.529,0.22,0.11,113.6,108.4,5.2,2.05,0.022,0.112,0.284,0.068,17.0,0.4684601036547533,1.4373261969550883,-0.35012513606392115,0.5870673903717419
1631114,Jalen Williams,OKC,2025-26,Playmaker,Very Good,33,935.9633333333334,563,153,181,39,9,63,0.484,0.299,0.837,0.56,0.51,0.252,0.135,118.1,106.4,11.7,2.87,0.029,0.124,0.274,0.079,19.0,0.5361817817405836,0.8991101003796034,-0.38776530381801155,-0.2929145975530889
1627750,Jamal Murray,DEN,2025-26,Playmaker,Elite,75,2651.891666666667,1905,330,535,66,29,171,0.483,0.435,0.887,0.622,0.573,0.269,0.142,124.4,117.7,6.8,3.13,0.013,0.109,0.298,0.063,7.700000000000003,1.9828990877433241,2.336544508525363,-0.12195176338414224,-0.474736346216595
1642347,Jamal Shead,TOR,2025-26,Playmaker,Very Good,82,1852.2383333333328,545,143,444,76,15,112,0.367,0.321,0.784,0.491,0.45,0.149,0.078,114.1,108.3,5.8,3.96,0.014,0.064,0.306,0.038,17.10000000000001,-0.6253185496346182,2.0466338248719187,-0.9366249161465565,0.039526732588833526
1631123,Jamaree Bouyea,PHX,2025-26,Playmaker,Average,46,644.0583333333333,263,82,82,29,16,30,0.458,0.295,0.686,0.523,0.506,0.184,0.103,106.0,104.6,1.4,2.73,0.026,0.1,0.191,0.062,20.80000000000001,-0.3895045176414658,0.06855543266998473,-0.7927293064378113,-0.2199475638255953
201935,James Harden,CLE,2025-26,Playmaker,Elite,70,2438.495,1652,336,557,79,28,245,0.434,0.375,0.884,0.61,0.529,0.279,0.143,118.8,117.0,1.8,2.27,0.017,0.119,0.347,0.07,8.400000000000006,1.805042794234212,2.6927627310277495,-0.01685391174938841,-0.3090278194869604
1642914,Javon Small,MEM,2025-26,Playmaker,Average,41,829.9083333333333,396,128,151,34,9,56,0.465,0.423,0.829,0.611,0.569,0.183,0.109,111.7,117.4,-5.7,2.7,0.04,0.109,0.257,0.074,8.0,0.2022309940376378,0.6932192540158624,-0.5177980399330451,-0.9910228377891768
201145,Jeff Green,HOU,2025-26,Playmaker,Average,30,174.81666666666666,67,25,8,2,2,4,0.368,0.273,1.0,0.477,0.456,0.171,0.061,103.6,111.7,-8.1,2.0,0.036,0.098,0.07,0.066,13.700000000000003,-0.8890226404106546,-0.8834777787080317,-0.893013268488011,-1.0585070520545015
1642847,Jeremiah Fears,NOP,2025-26,Playmaker,Very Good,82,2111.903333333333,1169,300,279,97,30,178,0.434,0.33,0.789,0.525,0.485,0.245,0.093,111.8,118.2,-6.4,1.57,0.026,0.109,0.195,0.067,7.200000000000003,0.721840892813908,0.8159252365102925,-0.1505945036753793,-0.17279396865060379
1628975,Jevon Carter,ORL,2025-26,Playmaker,Average,53,867.4416666666667,339,89,87,40,10,36,0.401,0.363,0.789,0.537,0.528,0.166,0.074,110.0,115.6,-5.7,2.42,0.015,0.085,0.148,0.048,9.800000000000011,-0.3864203691538633,-0.1546052041197648,-0.9525108166176786,-0.8129787810671273
1641722,Jordan Hawkins,NOP,2025-26,Playmaker,Average,51,691.975,258,88,42,13,10,34,0.366,0.348,0.852,0.48,0.457,0.175,0.055,107.0,116.8,-9.8,1.24,0.026,0.089,0.086,0.058,8.600000000000009,-0.7048486575897432,-0.6684858203898552,-0.8277676521545407,-1.1632411904609528
1629162,Jordan McLaughlin,SAS,2025-26,Playmaker,Average,44,281.6166666666667,89,32,38,20,2,15,0.418,0.425,0.857,0.542,0.525,0.143,0.091,100.8,112.3,-11.5,2.53,0.024,0.093,0.199,0.057,13.100000000000009,-0.7064910085472597,-0.04840975883356119,-0.9890965071444766,-0.9072553241945881
1630631,Jose Alvarado,NYK,2025-26,Playmaker,Very Good,69,1370.236666666667,510,171,234,66,8,77,0.416,0.352,0.761,0.543,0.529,0.167,0.088,112.0,110.7,1.3,3.04,0.018,0.1,0.244,0.06,14.700000000000003,-0.22147820255236242,0.9256041404160145,-0.5820579211009622,-0.2759203649346
1630581,Josh Giddey,CHI,2025-26,Playmaker,Elite,54,1731.3566666666666,919,448,494,55,27,196,0.448,0.364,0.763,0.562,0.52,0.238,0.142,112.1,117.1,-5.0,2.52,0.037,0.201,0.41,0.121,8.300000000000011,0.7018591249323092,2.8148543378202238,0.9300468591598177,-0.5736934615144692
201950,Jrue Holiday,POR,2025-26,Playmaker,Very Good,53,1560.4016666666666,865,245,322,54,6,146,0.451,0.378,0.838,0.573,0.548,0.227,0.124,114.6,108.6,6.1,2.21,0.042,0.108,0.302,0.074,16.80000000000001,0.6452846781407845,1.5752408702069813,-0.20735274564420758,-0.29710683059653237
1642354,KJ Simpson,DEN,2025-26,Playmaker,Average,20,257.61,91,37,43,16,0,25,0.343,0.3,0.611,0.426,0.404,0.21,0.065,110.1,110.0,0.0,1.72,0.034,0.112,0.246,0.072,15.400000000000006,-0.8778106118718112,0.23401840451923983,-0.7847347996559458,-0.833799951340125
1642880,Kam Jones,IND,2025-26,Playmaker,Average,37,616.325,162,60,119,18,0,36,0.402,0.293,0.5,0.47,0.467,0.141,0.061,106.0,116.0,-10.0,3.31,0.024,0.071,0.262,0.048,9.400000000000006,-1.0801507072467642,0.6035573983756239,-1.0294587955439716,-1.1656052757605164
1642857,Kasparas Jakučionis,MIA,2025-26,Playmaker,Average,53,944.6283333333332,328,138,137,33,7,50,0.429,0.423,0.879,0.614,0.567,0.129,0.073,115.9,112.9,3.0,2.74,0.04,0.096,0.178,0.067,12.5,-0.22496055618491714,0.1979089620446654,-0.5804418342291542,-0.7572230910108723
1630811,Keaton Wallace,ATL,2025-26,Playmaker,Average,53,535.99,186,56,94,24,5,28,0.398,0.373,0.667,0.52,0.509,0.161,0.077,102.2,110.8,-8.6,3.36,0.005,0.097,0.264,0.05,14.600000000000009,-0.6305566814703302,0.5228004219870017,-1.0145930012692719,-0.7473254678578688
203482,Kelly Olynyk,SAS,2025-26,Playmaker,Average,42,360.2133333333333,133,76,49,15,3,24,0.49,0.255,0.711,0.59,0.552,0.16,0.096,104.2,111.1,-6.9,2.04,0.063,0.138,0.203,0.101,14.300000000000011,-0.2758705227348716,0.014537459051828683,-0.3118030600572714,-0.878439064823672
203484,Kentavious Caldwell-Pope,MEM,2025-26,Playmaker,Average,51,1087.5583333333334,428,125,139,43,8,61,0.41,0.316,0.913,0.533,0.485,0.173,0.083,110.8,115.3,-4.5,2.28,0.017,0.094,0.181,0.054,10.100000000000009,-0.2938648845919638,0.22212130469409364,-0.7805512617776467,-0.784503217743486
1628989,Kevin Huerter,DET,2025-26,Playmaker,Average,69,1549.0766666666666,693,240,178,63,33,72,0.451,0.308,0.775,0.552,0.535,0.184,0.093,113.1,110.8,2.3,2.47,0.021,0.125,0.161,0.074,14.600000000000009,0.08639807286674768,0.2532761995669416,-0.22061963856253397,-0.05994332117767265
1641755,Kevin McCullar Jr.,NYK,2025-26,Playmaker,Average,21,154.99333333333334,50,28,20,9,0,12,0.426,0.333,0.4,0.508,0.511,0.166,0.062,98.8,110.9,-12.1,1.67,0.065,0.099,0.208,0.082,14.5,-0.7606409602915393,-0.06408532262139505,-0.6812186638621304,-0.9592086994528612
1629645,Kevin Porter Jr.,MIL,2025-26,Playmaker,Very Good,38,1261.015,661,198,280,83,19,110,0.465,0.322,0.878,0.567,0.51,0.236,0.132,111.4,116.1,-4.7,2.55,0.027,0.123,0.336,0.077,9.300000000000011,0.5297494174363715,1.61169404805596,-0.2938425761624347,-0.30576033621681264
1641718,Keyonte George,UTA,2025-26,Playmaker,Very Good,54,1786.1083333333331,1275,199,332,58,14,166,0.456,0.371,0.892,0.609,0.532,0.275,0.122,115.1,123.6,-8.6,2.0,0.012,0.096,0.286,0.054,1.8000000000000114,1.4981701825211446,1.5221553300716884,-0.5842012465864163,-1.0560417925612429
203114,Khris Middleton,DAL,2025-26,Playmaker,Average,63,1439.0866666666666,640,231,176,41,9,108,0.42,0.36,0.875,0.533,0.482,0.198,0.073,110.0,121.1,-11.1,1.63,0.033,0.118,0.171,0.075,4.300000000000011,0.042030740538156024,0.30209335027143736,-0.23176039151084116,-1.135885594904152
1630165,Killian Hayes,SAC,2025-26,Playmaker,Average,23,405.5266666666666,127,54,81,21,4,28,0.304,0.27,0.929,0.422,0.366,0.179,0.071,107.8,110.6,-2.8,2.89,0.009,0.117,0.265,0.061,14.800000000000011,-1.1016543391351863,0.4805820881315215,-0.8797635610851193,-0.7767760856659764
1627739,Kris Dunn,LAC,2025-26,Playmaker,Very Good,82,2230.0,596,271,295,131,14,111,0.476,0.374,0.765,0.581,0.56,0.122,0.074,114.6,114.1,0.5,2.66,0.028,0.097,0.179,0.063,11.300000000000011,-0.2716147116230515,0.784917844309029,-0.2785010998203936,0.25850711490580275
203937,Kyle Anderson,MIN,2025-26,Playmaker,Average,43,853.2366666666667,266,150,126,45,26,39,0.53,0.364,0.706,0.573,0.54,0.131,0.095,107.4,111.6,-4.2,3.23,0.047,0.121,0.204,0.084,13.800000000000011,-0.4894498101275615,0.3034913442067924,-0.3320271680456059,-0.36427384212839703
1642273,Kyshawn George,WAS,2025-26,Playmaker,Average,48,1390.9633333333334,710,245,214,48,43,125,0.438,0.381,0.802,0.559,0.524,0.222,0.09,108.3,119.7,-11.5,1.71,0.028,0.135,0.226,0.081,5.700000000000003,0.4168586765686298,0.7508925539407391,-0.11817516551144544,-0.6371057331621995
1630163,LaMelo Ball,CHA,2025-26,Playmaker,Elite,72,2017.4466666666667,1445,347,514,87,18,202,0.407,0.368,0.899,0.546,0.516,0.306,0.134,123.2,114.1,9.1,2.54,0.03,0.14,0.384,0.084,11.300000000000011,1.4874956641434547,2.7423891775591414,0.19068841293645375,-0.15692299836763227
2544,LeBron James,LAL,2025-26,Playmaker,Elite,60,1989.055,1256,364,432,72,35,179,0.515,0.317,0.737,0.594,0.557,0.262,0.154,115.0,112.4,2.6,2.41,0.023,0.16,0.338,0.093,13.0,1.3035390429437153,2.1822424357212107,0.3504527376008861,-0.04046360680592476
1630322,Lindy Waters III,SAS,2025-26,Playmaker,Average,40,284.6766666666667,95,29,19,6,1,7,0.375,0.342,0.667,0.532,0.528,0.141,0.052,107.1,108.7,-1.6,2.71,0.01,0.087,0.09,0.05,16.700000000000003,-0.7739804411114456,-0.7306481074639662,-1.0862342230282345,-0.8509150391558187
1628366,Lonzo Ball,CLE,2025-26,Playmaker,Average,35,727.7433333333333,160,140,136,45,9,52,0.301,0.272,0.667,0.432,0.415,0.13,0.077,111.0,109.7,1.3,2.62,0.032,0.148,0.236,0.089,15.700000000000003,-1.3793846835157277,0.5200531641475264,-0.29486268235885726,-0.4246368475865756
1631204,Marcus Sasser,DET,2025-26,Playmaker,Average,38,456.5033333333333,197,39,75,20,4,31,0.39,0.415,0.833,0.533,0.514,0.197,0.078,116.4,103.1,13.4,2.42,0.016,0.07,0.217,0.044,22.30000000000001,-0.28475871827191374,0.1888565801214648,-1.1361383630196635,-0.34647738573301917
203935,Marcus Smart,LAL,2025-26,Playmaker,Average,62,1768.9783333333332,579,172,185,87,23,92,0.395,0.331,0.822,0.543,0.497,0.151,0.059,117.3,110.6,6.8,2.01,0.022,0.077,0.133,0.05,14.800000000000011,-0.2888466392940674,0.12173974544562705,-0.7068010855640998,0.0993056843209893
1642877,Micah Peavy,NOP,2025-26,Playmaker,Average,61,912.935,262,117,61,43,9,20,0.385,0.259,0.759,0.455,0.436,0.135,0.044,110.4,114.5,-4.1,3.05,0.046,0.073,0.089,0.059,10.900000000000006,-1.1377217495008172,-0.5817187252606763,-0.7380800189235674,-0.7273820137008116
1628969,Mikal Bridges,NYK,2025-26,Playmaker,Average,82,2691.935,1181,312,304,107,62,83,0.49,0.371,0.827,0.587,0.571,0.17,0.099,118.0,112.0,6.0,3.66,0.029,0.085,0.158,0.057,13.400000000000006,0.5359457697286142,0.7000643461768116,-0.24615050371819897,0.6188574941377526
203999,Nikola Jokić,DEN,2025-26,Playmaker,Elite,65,2264.855,1799,836,697,92,53,243,0.569,0.38,0.831,0.67,0.618,0.289,0.213,126.1,115.3,10.8,2.87,0.089,0.27,0.458,0.185,10.100000000000009,2.3273086799928366,3.8314790363309195,2.7748956251214842,0.17848944637206246
1631107,Nikola Jović,MIA,2025-26,Playmaker,Average,47,808.0183333333333,344,153,102,26,17,65,0.366,0.269,0.683,0.48,0.438,0.203,0.073,109.3,110.1,-0.8,1.57,0.028,0.137,0.173,0.084,15.300000000000011,-0.4378563516615565,0.04103149908823989,-0.32406703229461004,-0.5640649014097227
1642363,Nique Clifford,SAC,2025-26,Playmaker,Average,75,1881.925,645,282,179,68,24,116,0.418,0.333,0.722,0.505,0.482,0.167,0.062,111.3,115.8,-4.5,1.54,0.034,0.115,0.13,0.074,9.600000000000009,-0.3413894724698902,0.08280863750684575,-0.10917773804859233,-0.3929670577612785
1642849,Nolan Traore,BKN,2025-26,Playmaker,Very Good,56,1243.3916666666669,499,99,213,45,23,129,0.38,0.318,0.787,0.479,0.444,0.224,0.056,108.2,118.8,-10.5,1.65,0.011,0.073,0.265,0.04,6.6000000000000085,-0.17806568009860366,0.9663013426801728,-1.0278942652184682,-0.8176598944940331
1631172,Ousmane Dieng,MIL,2025-26,Playmaker,Average,57,1099.4716666666666,431,180,136,25,17,75,0.422,0.341,0.711,0.516,0.501,0.192,0.075,108.7,117.3,-8.6,1.81,0.026,0.136,0.185,0.081,8.100000000000009,-0.2498103940181818,0.23355284406674778,-0.2906447734496885,-0.9974599247044532
1630311,Pat Spencer,GSW,2025-26,Playmaker,Very Good,66,1228.9266666666667,476,158,232,48,5,85,0.427,0.357,0.772,0.516,0.495,0.185,0.087,112.1,115.6,-3.4,2.73,0.041,0.091,0.27,0.065,9.800000000000011,-0.2686020665417835,1.064303744479186,-0.5528535711652093,-0.7806751975759946
1630172,Patrick Williams,CHI,2025-26,Playmaker,Average,72,1473.78,505,215,105,49,26,75,0.372,0.347,0.72,0.494,0.472,0.159,0.057,103.8,114.8,-11.0,1.4,0.03,0.106,0.101,0.067,10.600000000000009,-0.5638070776517482,-0.3524004670587857,-0.37613168328692786,-0.5108433505335577
1630202,Payton Pritchard,BOS,2025-26,Playmaker,Very Good,79,2555.523333333333,1345,312,408,58,10,109,0.464,0.377,0.89,0.584,0.561,0.21,0.12,120.1,112.1,8.0,3.74,0.026,0.09,0.234,0.059,13.300000000000011,0.9298808684942014,1.5096938971537008,-0.22067119510883842,-0.4208328855042535
1641796,Pelle Larsson,MIA,2025-26,Playmaker,Average,70,1849.1433333333332,800,244,236,49,16,101,0.496,0.323,0.797,0.605,0.551,0.165,0.084,115.7,113.3,2.4,2.34,0.035,0.088,0.163,0.062,12.100000000000009,0.3275012680732993,0.4779336029323955,-0.36288197588403637,-0.523885977990029
1631245,Quenton Jackson,IND,2025-26,Playmaker,Average,49,897.425,448,114,140,31,6,62,0.47,0.356,0.824,0.589,0.534,0.2,0.096,109.1,112.9,-3.8,2.26,0.03,0.092,0.227,0.061,12.5,0.23839313712346175,0.4842130494226245,-0.7205608460652027,-0.7880632808905687
1642263,Reed Sheppard,HOU,2025-26,Playmaker,Average,82,2146.923333333333,1110,238,277,122,54,123,0.43,0.394,0.802,0.564,0.55,0.21,0.102,115.9,111.6,4.3,2.25,0.012,0.092,0.183,0.053,13.800000000000011,0.6460601454918162,0.7411540138466091,-0.49345913612815073,0.7168400962076528
1642265,Rob Dillingham,CHI,2025-26,Playmaker,Average,65,969.9533333333334,409,131,143,47,6,100,0.396,0.316,0.745,0.469,0.447,0.218,0.06,105.9,113.3,-7.4,1.43,0.018,0.105,0.206,0.062,12.100000000000009,-0.3440673383639134,0.3772814033563774,-0.6627137558382127,-0.6457833438973782
201566,Russell Westbrook,SAC,2025-26,Playmaker,Elite,64,1852.57,971,348,426,83,12,209,0.427,0.338,0.694,0.528,0.503,0.252,0.105,110.0,122.1,-12.1,2.04,0.042,0.147,0.33,0.093,3.3000000000000114,0.6474493873942242,2.1152230611078435,0.30799868026224164,-0.7291106345353358
1642948,Ryan Nembhard,DAL,2025-26,Playmaker,Very Good,60,1170.88,397,133,316,25,2,85,0.415,0.356,0.806,0.492,0.477,0.173,0.087,111.2,113.1,-1.9,3.72,0.011,0.095,0.353,0.054,12.300000000000011,-0.5506394857804009,1.8396630423537303,-0.7593242331083245,-0.90245224954263
1631157,Ryan Rollins,MIL,2025-26,Playmaker,Very Good,74,2375.483333333333,1281,338,414,110,31,201,0.472,0.406,0.796,0.583,0.561,0.236,0.111,113.3,116.5,-3.2,2.06,0.023,0.115,0.264,0.07,8.900000000000006,1.0683423343352456,1.700301645135247,-0.01154715458205785,0.07190416113467846
1630703,Scoot Henderson,POR,2025-26,Playmaker,Average,30,747.83,427,80,112,27,9,73,0.418,0.352,0.84,0.553,0.501,0.246,0.086,112.2,109.0,3.2,1.53,0.022,0.078,0.231,0.05,16.400000000000006,0.3541598812245241,0.4036523057368219,-0.9509119152613054,-0.5700131079415384
1630567,Scottie Barnes,TOR,2025-26,Playmaker,Very Good,80,2680.776666666666,1448,600,474,114,116,210,0.507,0.304,0.815,0.577,0.537,0.226,0.139,114.6,110.0,4.6,2.26,0.055,0.166,0.255,0.11,15.400000000000006,1.0812641680713069,1.8705242444612882,1.1932242065254566,1.3552394409708572
1630536,Sharife Cooper,WAS,2025-26,Playmaker,Average,41,699.9983333333333,333,86,124,16,5,61,0.514,0.382,0.833,0.609,0.573,0.197,0.094,108.4,120.1,-11.7,2.03,0.025,0.098,0.256,0.061,5.300000000000011,0.24785028783575266,0.5882499349778119,-0.7948554464078306,-1.3766348493247378
1642264,Stephon Castle,SAS,2025-26,Playmaker,Elite,68,2037.743333333333,1133,362,502,78,19,217,0.471,0.332,0.734,0.575,0.521,0.243,0.117,118.2,108.4,9.8,2.31,0.047,0.119,0.344,0.084,17.0,0.9671153772725399,2.473526748294393,0.2304890916914329,0.0948438469727967
204456,T.J. McConnell,IND,2025-26,Playmaker,Elite,56,962.505,525,124,287,56,10,64,0.538,0.32,0.862,0.567,0.556,0.227,0.15,109.1,116.7,-7.6,4.48,0.022,0.104,0.469,0.063,8.700000000000003,0.36578882414531816,2.3845997808563193,-0.6685477516191893,-0.7118271166085898
1643007,Taelon Peter,IND,2025-26,Playmaker,Average,38,492.23,171,59,40,26,4,27,0.38,0.328,0.625,0.518,0.509,0.159,0.057,103.2,111.8,-8.7,1.48,0.019,0.096,0.113,0.057,13.600000000000009,-0.6674499519797449,-0.5241685629917663,-0.917455285385514,-0.79547488103382
1629611,Terance Mann,BKN,2025-26,Playmaker,Average,63,1529.0166666666669,455,200,190,41,15,71,0.457,0.364,0.788,0.564,0.533,0.133,0.066,109.6,117.8,-8.2,2.68,0.044,0.089,0.182,0.066,7.6000000000000085,-0.3899695237296322,0.41540321546826253,-0.42867201634658736,-0.8812903832223586
1630200,Tre Jones,CHI,2025-26,Playmaker,Very Good,65,1752.3733333333332,914,204,350,76,11,92,0.553,0.315,0.841,0.637,0.586,0.186,0.126,111.0,114.8,-3.8,3.8,0.02,0.088,0.284,0.054,10.600000000000009,0.7464035281212659,1.5771544672039424,-0.5709343536680899,-0.3828485112452233
1630544,Tre Mann,CHA,2025-26,Playmaker,Average,53,668.4583333333334,291,92,86,25,5,54,0.36,0.323,0.852,0.462,0.442,0.231,0.062,105.8,115.9,-10.1,1.59,0.028,0.114,0.223,0.068,9.5,-0.37401939888683566,0.2630391046766891,-0.6897575947730767,-1.0366129476720205
1630570,Trendon Watford,PHI,2025-26,Playmaker,Average,53,863.7166666666667,346,174,132,16,22,64,0.515,0.2,0.779,0.573,0.534,0.17,0.093,106.5,115.6,-9.1,2.06,0.041,0.146,0.229,0.094,9.800000000000011,-0.14625909508188803,0.46601082551375284,-0.14094953899083634,-0.9402419235497436
1642278,Tyler Kolek,NYK,2025-26,Playmaker,Very Good,62,727.1616666666666,274,98,170,22,4,55,0.435,0.386,0.7,0.533,0.524,0.173,0.101,111.7,105.7,6.0,3.09,0.021,0.108,0.328,0.064,19.700000000000003,-0.4049218200746785,1.1619867759194127,-0.7247959404898062,-0.47851681498510246
1631213,Tyrese Martin,PHI,2025-26,Playmaker,Average,46,776.61,290,116,78,25,6,40,0.394,0.321,0.679,0.501,0.489,0.178,0.077,105.8,116.8,-10.9,1.95,0.04,0.112,0.163,0.074,8.600000000000009,-0.5397421853280742,-0.10345762599705072,-0.5496385829370284,-1.0793746912134996
1630178,Tyrese Maxey,PHI,2025-26,Playmaker,Very Good,70,2661.1183333333333,1980,290,461,130,55,171,0.462,0.367,0.892,0.588,0.536,0.286,0.15,115.0,113.4,1.5,2.7,0.008,0.096,0.288,0.052,12.0,1.9670372218274903,2.008070817323159,-0.3682231040822366,0.7040900486281153
1642878,Tyrese Proctor,CLE,2025-26,Playmaker,Average,50,545.0866666666667,272,64,74,25,0,40,0.413,0.351,0.889,0.556,0.516,0.214,0.087,112.5,112.8,-0.3,1.85,0.019,0.092,0.196,0.055,12.600000000000009,0.02527897935899744,0.06720616876586477,-0.9296677010765483,-0.9050607750339245
1642845,VJ Edgecombe,PHI,2025-26,Playmaker,Very Good,75,2623.305,1199,423,315,107,39,137,0.438,0.354,0.818,0.54,0.51,0.196,0.092,114.8,113.9,0.9,2.3,0.044,0.111,0.172,0.077,11.5,0.47053478265112075,0.8191880974113737,0.3031676051622527,0.2745219394730292
1631246,Vince Williams Jr.,UTA,2025-26,Playmaker,Very Good,40,819.395,300,155,166,29,16,70,0.353,0.311,0.78,0.478,0.447,0.19,0.085,108.7,108.4,0.3,2.37,0.044,0.123,0.281,0.084,17.0,-0.5761882438981664,0.88323830388895,-0.3187602751272795,-0.4432153290137057
1642383,Walter Clayton Jr.,MEM,2025-26,Playmaker,Very Good,69,1410.535,538,139,279,44,19,116,0.384,0.307,0.901,0.523,0.465,0.181,0.073,111.7,121.2,-9.6,2.41,0.017,0.081,0.274,0.048,4.200000000000003,-0.21315000761534766,1.2597198499687536,-0.8198418874344147,-1.0095023335634419
