PLAYER_ID,PLAYER_NAME,TEAM_ABBREVIATION,SEASON,Cluster,Tier,GP,MIN,PTS,REB,AST,STL,BLK,TOV,FG_PCT,FG3_PCT,FT_PCT,TS_PCT,EFG_PCT,USG_PCT,PIE,OFF_RATING,DEF_RATING,NET_RATING,AST_TO,OREB_PCT,DREB_PCT,AST_PCT,REB_PCT,INV_DEF_RATING,Scorer_Score,Playmaker_Score,Rebounder_Score,Defensive Player_Score
1425,Aaron Williams,NJN,2000-01,Rebounder,Very Good,82,2334.0016666666666,838,590,88,59,113,132,0.457,0.0,0.787,0.533,0.457,0.177,0.095,96.4,104.3,-7.9,0.67,0.089,0.176,0.068,0.13,21.10000000000001,0.0310881056648252,-0.6003377795908048,1.4214835067824096,1.0899137351366481
1733,Al Harrington,IND,2000-01,Rebounder,Average,78,1892.62,586,381,130,63,18,148,0.444,0.143,0.656,0.479,0.445,0.184,0.069,98.8,99.1,-0.3,0.88,0.066,0.135,0.116,0.102,26.30000000000001,-0.40814500561372363,-0.1761433839765706,0.5102170622653184,0.4757244168554197
673,Alan Henderson,ATL,2000-01,Rebounder,Very Good,73,1807.9883333333328,769,406,50,51,29,126,0.444,0.0,0.638,0.487,0.444,0.22,0.081,94.8,102.8,-8.0,0.4,0.097,0.131,0.05,0.113,22.60000000000001,0.03310289282524207,-0.8412838098681692,0.7166877242084336,0.24528786794631455
193,Anthony Mason,MIA,2000-01,Rebounder,Elite,80,3254.9816666666666,1290,770,248,80,25,179,0.482,0.0,0.781,0.555,0.482,0.198,0.146,98.9,97.4,1.5,1.39,0.055,0.197,0.144,0.126,28.0,0.6365633426036551,0.4153544854370273,1.8481330346234386,0.822572782412384
213,Antonio Davis,TOR,2000-01,Rebounder,Elite,78,2731.105,1069,787,106,22,151,135,0.433,0.0,0.754,0.508,0.433,0.194,0.109,104.8,99.9,4.9,0.79,0.097,0.19,0.062,0.142,25.5,0.17918329891828888,-0.5678092557982194,2.097074939420633,1.3495275087536733
686,Antonio McDyess,DEN,2000-01,Rebounder,Elite,70,2556.5866666666666,1458,845,146,43,102,162,0.495,0.0,0.7,0.538,0.495,0.267,0.151,103.9,103.7,0.2,0.9,0.093,0.224,0.106,0.16,21.700000000000003,1.1656315101258377,-0.17344485616833064,2.4802846747574643,0.8480926291195607
1506,Austin Croshere,IND,2000-01,Rebounder,Very Good,81,1873.8383333333331,822,387,92,36,50,136,0.394,0.338,0.866,0.512,0.444,0.226,0.094,101.0,100.7,0.2,0.68,0.068,0.141,0.087,0.105,24.700000000000003,0.25818508365604903,-0.47888360093802446,0.5643562966813509,0.42571898554011356
1802,Brad Miller,CHI,2000-01,Rebounder,Very Good,57,1437.0666666666666,505,419,107,33,38,73,0.435,0.2,0.743,0.52,0.437,0.179,0.106,97.4,105.2,-7.8,1.47,0.101,0.208,0.13,0.152,20.200000000000003,-0.2687414950980439,-0.18212913770150954,1.2480281636786137,0.008829290965545938
258,Brian Grant,MIA,2000-01,Rebounder,Elite,82,2773.8166666666666,1250,718,101,60,71,170,0.479,0.0,0.797,0.536,0.479,0.232,0.128,100.0,96.6,3.4,0.59,0.085,0.19,0.072,0.138,28.80000000000001,0.7479805876740088,-0.5300311790607385,1.8630331999290077,1.127752607827084
1730,Brian Skinner,LAC,2000-01,Rebounder,Average,39,582.8716666666667,160,168,18,14,11,32,0.398,0.0,0.542,0.428,0.398,0.168,0.073,91.2,99.0,-7.8,0.56,0.092,0.193,0.054,0.142,26.400000000000006,-1.124076509881166,-0.9365633188433248,0.454633596131826,-0.09692914763842293
735,Bryant Reeves,VAN,2000-01,Rebounder,Very Good,75,1829.255,622,452,80,43,54,90,0.46,0.25,0.796,0.506,0.461,0.172,0.084,96.4,101.8,-5.4,0.89,0.074,0.178,0.073,0.126,23.60000000000001,-0.3156559513748604,-0.6016870434949249,1.0043586450178803,0.4740882395661347
435,Carlos Rogers,HOU,2000-01,Rebounder,Average,39,546.9166666666666,179,139,9,10,18,17,0.682,0.0,0.558,0.674,0.682,0.126,0.118,106.1,103.8,2.4,0.53,0.093,0.161,0.027,0.129,21.60000000000001,-0.011321021047649685,-1.1213571807871343,0.21207011124468933,-0.34957479160777516
891,Charles Oakley,TOR,2000-01,Rebounder,Elite,78,2767.24,748,741,264,76,48,139,0.388,0.224,0.836,0.439,0.395,0.159,0.097,105.0,100.5,4.5,1.9,0.05,0.219,0.144,0.132,24.900000000000006,-0.7030323783888001,0.4742295465944396,1.8476229815252272,0.8316895100763467
685,Cherokee Parks,LAC,2000-01,Rebounder,Average,65,1053.7133333333334,299,229,46,25,36,41,0.489,0.0,0.705,0.51,0.489,0.146,0.08,99.4,104.0,-4.6,1.12,0.069,0.159,0.071,0.113,21.400000000000006,-0.7160494451783799,-0.7380318551242604,0.24703971489967952,-0.023790930487691337
423,Chris Gatling,CLE,2000-01,Rebounder,Very Good,74,1673.888333333333,842,391,61,52,27,119,0.449,0.304,0.684,0.505,0.468,0.254,0.104,98.9,104.1,-5.2,0.51,0.061,0.187,0.067,0.122,21.30000000000001,0.4375588066736222,-0.7053070986288552,0.791543934195577,0.1590332253141283
2036,Chris Mihm,CLE,2000-01,Rebounder,Average,59,1164.996666666667,446,280,16,20,53,80,0.442,0.0,0.794,0.5,0.442,0.202,0.069,99.3,102.0,-2.7,0.2,0.093,0.15,0.024,0.122,23.400000000000006,-0.25726891864039986,-1.112452301535518,0.4970189114087313,0.213908492971987
2084,Chris Porter,GSW,2000-01,Rebounder,Average,51,1145.0166666666669,440,189,61,45,6,59,0.389,0.0,0.667,0.434,0.389,0.201,0.052,96.1,107.7,-11.6,1.03,0.064,0.093,0.088,0.077,17.700000000000003,-0.6462736836648882,-0.5873363785955934,-0.31772298341542216,-0.33747988949678803
185,Chris Webber,SAC,2000-01,Rebounder,Elite,70,2834.9266666666667,1898,777,294,93,118,195,0.481,0.071,0.703,0.516,0.481,0.311,0.169,103.8,97.4,6.4,1.51,0.061,0.198,0.202,0.131,28.0,1.6792524544507035,0.9104441796897871,1.930404956232497,1.8981946528961842
363,Christian Laettner,WAS,2000-01,Rebounder,Very Good,78,1658.8933333333334,728,365,124,71,46,137,0.503,0.308,0.833,0.568,0.506,0.207,0.103,102.7,104.5,-1.8,0.91,0.075,0.155,0.126,0.116,20.900000000000006,0.3714899521974299,-0.14204499856142794,0.6461181651921981,0.5246290671806316
221,Clar. Weatherspoon,CLE,2000-01,Rebounder,Elite,82,2777.3233333333333,924,796,103,85,105,112,0.501,0.0,0.79,0.563,0.501,0.151,0.132,98.9,103.8,-5.0,0.92,0.082,0.206,0.061,0.144,21.60000000000001,0.07430046619597046,-0.5844659831001515,2.146434655282981,1.3077467970329295
916,Corie Blount,GSW,2000-01,Rebounder,Very Good,68,1306.105,313,400,59,42,22,73,0.442,0.25,0.614,0.473,0.446,0.13,0.078,92.4,103.5,-11.2,0.81,0.121,0.173,0.074,0.145,21.900000000000006,-1.0346299126591665,-0.6733429079291112,1.1084363904562113,0.04008508094534752
905,Dale Davis,POR,2000-01,Rebounder,Elite,81,2159.995,580,605,103,44,76,67,0.497,0.0,0.632,0.524,0.497,0.131,0.1,104.4,100.5,3.9,1.54,0.116,0.175,0.073,0.147,24.900000000000006,-0.5431683194980446,-0.5170541430811447,1.6778583087169539,0.7834148881363955
400,Derek Strong,LAC,2000-01,Rebounder,Average,28,491.5316666666667,118,108,7,14,1,22,0.385,0.0,0.757,0.443,0.385,0.147,0.076,95.9,100.3,-4.4,0.32,0.069,0.155,0.023,0.112,25.10000000000001,-1.2223318453253054,-1.1511871767714799,-0.08675874802849931,-0.27448486523350135
934,Derrick Coleman,CHH,2000-01,Rebounder,Average,34,682.31,277,184,39,10,21,42,0.38,0.392,0.685,0.469,0.42,0.224,0.112,90.7,99.2,-8.5,0.93,0.064,0.203,0.113,0.131,26.200000000000003,-0.39533610496306687,-0.5278482543141046,0.3569514561189875,-0.048950894370846175
87,Dikembe Mutombo,PHI,2000-01,Rebounder,Elite,75,2593.185,749,1015,76,29,203,144,0.484,0.0,0.725,0.547,0.484,0.145,0.149,97.1,95.9,1.2,0.53,0.122,0.267,0.048,0.196,29.5,-0.18730406847979034,-0.7568471421572086,3.389986588949052,2.1831838776796384
1717,Dirk Nowitzki,DAL,2000-01,Rebounder,Elite,82,3122.7533333333336,1784,754,173,79,101,156,0.474,0.387,0.838,0.601,0.534,0.231,0.159,107.5,98.9,8.5,1.11,0.04,0.198,0.092,0.121,26.5,1.4973934883079816,-0.15274033715403856,1.7419807057613925,1.4930066711333299
690,Don Reid,ORL,2000-01,Rebounder,Very Good,65,761.325,210,242,21,23,54,48,0.566,0.0,0.613,0.59,0.566,0.125,0.069,97.7,98.6,-0.8,0.44,0.106,0.203,0.044,0.154,26.80000000000001,-0.47655892724535875,-0.9817007782254823,0.8038594629792202,0.45487594095830436
923,Donyell Marshall,UTA,2000-01,Rebounder,Very Good,81,2328.6116666666667,1100,566,133,85,78,128,0.503,0.32,0.751,0.568,0.527,0.213,0.142,106.7,99.1,7.6,1.04,0.083,0.178,0.099,0.132,26.30000000000001,0.68368024717807,-0.2606044167031487,1.3832817293838038,1.3107222416826338
190,Duane Causwell,MIA,2000-01,Rebounder,Average,31,382.95666666666665,76,83,5,8,18,23,0.376,0.0,0.48,0.396,0.376,0.15,0.013,91.3,102.3,-11.0,0.22,0.066,0.174,0.023,0.12,23.10000000000001,-1.4993828557849387,-1.1585465594161564,-0.05117597818268893,-0.28216550491014514
2059,Eduardo Najera,DAL,2000-01,Rebounder,Average,40,432.5916666666666,131,95,27,13,8,17,0.523,0.333,0.424,0.522,0.527,0.139,0.08,99.8,105.5,-5.7,1.59,0.096,0.128,0.093,0.112,19.900000000000006,-0.819835405724453,-0.6843576168805084,-0.12125266961614789,-0.5195482904077191
1882,Elton Brand,CHI,2000-01,Rebounder,Elite,74,2909.488333333333,1490,746,240,71,118,219,0.475,0.0,0.708,0.523,0.475,0.26,0.136,97.3,105.6,-8.2,1.1,0.1,0.173,0.164,0.135,19.80000000000001,1.0517018584514422,0.49827002155666583,1.8991088373575944,1.188456332847401
376,Eric Montross,TOR,2000-01,Rebounder,Average,54,648.8616666666667,120,173,19,11,26,41,0.406,0.0,0.258,0.396,0.406,0.125,0.024,93.9,104.1,-10.2,0.46,0.074,0.188,0.045,0.128,21.30000000000001,-1.650664354398338,-0.9834425075352415,0.2895453287846285,-0.2759001191597335
956,Erick Dampier,GSW,2000-01,Rebounder,Average,43,1041.7233333333334,319,250,59,17,58,82,0.401,0.0,0.532,0.432,0.401,0.182,0.053,92.4,105.8,-13.5,0.72,0.081,0.159,0.096,0.116,19.60000000000001,-0.8840569360288858,-0.5497545345609322,0.34097962807069127,0.010143958984304225
718,Gary Trent,DAL,2000-01,Rebounder,Average,33,322.0183333333333,133,92,10,13,8,22,0.438,0.0,0.528,0.456,0.438,0.23,0.067,94.0,104.0,-10.0,0.45,0.12,0.165,0.056,0.142,21.400000000000006,-0.5295866293761594,-0.9547655427521965,0.2529768237732649,-0.4314162778334653
248,George Lynch,PHI,2000-01,Rebounder,Very Good,82,2648.5033333333336,686,590,139,99,30,109,0.445,0.263,0.719,0.496,0.457,0.135,0.089,99.6,95.6,4.1,1.28,0.078,0.146,0.084,0.113,29.80000000000001,-0.5975356181519461,-0.3227910687928775,1.2049093836028446,1.1757844133447786
1562,Gerard King,WAS,2000-01,Rebounder,Average,45,704.7283333333334,216,129,31,14,11,47,0.511,0.0,0.8,0.552,0.511,0.149,0.071,92.8,101.6,-8.8,0.66,0.054,0.142,0.08,0.095,23.80000000000001,-0.5138068398088301,-0.7426683449450793,-0.24761192095109352,-0.24969130276712925
323,Greg Foster,LAL,2000-01,Rebounder,Average,62,453.4966666666666,125,112,32,9,12,25,0.421,0.333,0.714,0.449,0.432,0.164,0.067,90.4,104.7,-14.4,1.28,0.062,0.189,0.125,0.123,20.700000000000003,-1.0585303904941636,-0.4861942535514658,0.063990963657645,-0.47352014610907484
165,Hakeem Olajuwon,HOU,2000-01,Rebounder,Very Good,58,1543.205,689,431,72,70,88,81,0.498,0.0,0.621,0.526,0.498,0.215,0.135,102.9,100.9,2.0,0.89,0.083,0.204,0.082,0.144,24.5,0.16179247986747883,-0.5805656940593759,1.1779514722451545,1.1507180225495746
2069,Hanno Mottola,ATL,2000-01,Rebounder,Average,73,988.685,319,174,25,11,9,67,0.444,0.0,0.811,0.504,0.444,0.171,0.038,89.5,101.1,-11.6,0.37,0.049,0.128,0.044,0.088,24.30000000000001,-0.5529196321512474,-0.9669820129361291,-0.21738746481891816,-0.2716329820634588
270,Horace Grant,LAL,2000-01,Rebounder,Very Good,77,2389.0133333333333,657,545,121,51,61,48,0.462,0.0,0.775,0.511,0.462,0.129,0.093,108.7,101.9,6.7,2.52,0.094,0.132,0.073,0.113,23.5,-0.576608786518832,-0.4508196992790559,1.085507347337907,0.6219259235891871
1134,Ike Austin,VAN,2000-01,Rebounder,Average,52,846.2716666666666,226,222,58,20,23,54,0.356,0.25,0.7,0.393,0.367,0.182,0.067,95.0,100.8,-5.7,1.07,0.06,0.216,0.114,0.136,24.60000000000001,-1.174107698577942,-0.45231646585476026,0.5214781138216695,-0.01910981706078548
1956,Ira Newble,SAS,2000-01,Rebounder,Average,27,182.055,54,35,6,2,4,7,0.382,0.444,0.5,0.435,0.418,0.164,0.046,89.0,105.4,-16.5,0.86,0.066,0.124,0.063,0.093,20.0,-1.1897774714813278,-0.930160734697129,-0.5225088164249903,-0.6681176712364906
1751,Jahidi White,WAS,2000-01,Rebounder,Elite,68,1605.9066666666668,583,521,20,32,111,136,0.498,0.0,0.567,0.535,0.498,0.189,0.086,98.9,106.4,-7.5,0.15,0.117,0.225,0.021,0.171,19.0,-0.05352401474297943,-1.1145864962509167,1.7607262110013977,0.6665371901921251
679,Jason Caffey,MIL,2000-01,Rebounder,Very Good,70,1457.8766666666668,500,353,53,38,25,77,0.488,0.0,0.673,0.544,0.488,0.166,0.076,102.2,104.3,-2.2,0.69,0.096,0.151,0.057,0.124,21.10000000000001,-0.2302926377311858,-0.7909211625567338,0.7161948566256572,-0.018011718838284545
2044,Jason Collier,HOU,2000-01,Rebounder,Average,23,218.92333333333332,71,37,6,2,3,11,0.38,0.0,0.708,0.435,0.38,0.191,0.034,90.6,103.9,-13.3,0.55,0.053,0.135,0.05,0.09,21.5,-0.9798649239051898,-1.003190228051053,-0.5554210221717005,-0.5901031226653093
1741,Jelani McCoy,SEA,2000-01,Rebounder,Average,70,1139.9883333333332,317,251,57,18,49,75,0.523,0.0,0.441,0.52,0.523,0.151,0.063,96.2,101.0,-4.8,0.76,0.083,0.139,0.082,0.111,24.400000000000006,-0.6092909920602363,-0.63576106389445,0.279934735130955,0.21147058613257563
966,Jerome Williams,TOR,2000-01,Rebounder,Very Good,59,1181.8083333333334,372,382,45,57,20,63,0.463,0.0,0.741,0.526,0.463,0.149,0.124,97.9,99.0,-1.1,0.71,0.105,0.208,0.062,0.155,26.400000000000006,-0.5499635477296397,-0.7922704264608538,1.1880721189970394,0.43966663473664297
693,Joe Smith,DET,2000-01,Rebounder,Very Good,69,1941.3766666666668,847,491,79,47,50,88,0.403,0.0,0.805,0.475,0.403,0.219,0.092,100.1,99.6,0.5,0.9,0.077,0.167,0.069,0.121,25.80000000000001,0.013421593003073365,-0.6278373481569319,1.0441421382574245,0.6043241204159981
436,Juwan Howard,DAL,2000-01,Rebounder,Very Good,81,2975.5666666666666,1462,572,224,75,37,242,0.479,0.0,0.773,0.527,0.479,0.244,0.107,101.7,103.0,-1.2,0.93,0.059,0.138,0.135,0.099,22.400000000000006,0.9372521201445588,0.27648301368665396,0.9787934088313456,0.5631493554804806
1496,Keith Van Horn,NJN,2000-01,Rebounder,Average,49,1731.09,831,347,82,40,20,103,0.435,0.382,0.806,0.526,0.481,0.23,0.101,104.1,106.8,-2.6,0.8,0.046,0.16,0.082,0.102,18.60000000000001,0.37400285913479864,-0.5437687808359932,0.4200021904206989,-0.1947630006007797
1903,Kenny Thomas,HOU,2000-01,Rebounder,Very Good,74,1820.225,528,417,77,40,43,116,0.443,0.272,0.722,0.507,0.47,0.16,0.076,105.0,100.2,4.8,0.66,0.07,0.16,0.068,0.117,25.200000000000003,-0.46557219952470524,-0.6408143841365257,0.7968335058474729,0.4257195267966049
708,Kevin Garnett,MIN,2000-01,Rebounder,Elite,81,3202.6866666666665,1784,921,401,111,145,230,0.477,0.288,0.764,0.531,0.484,0.268,0.174,104.6,101.0,3.6,1.74,0.07,0.223,0.215,0.147,24.400000000000006,1.3680237905082915,1.3772006445339056,2.5163259411551815,2.1463538836905482
788,Kevin Willis,DEN,2000-01,Rebounder,Very Good,78,1828.7933333333333,722,532,50,57,52,87,0.441,0.167,0.769,0.478,0.441,0.203,0.094,98.9,105.7,-6.8,0.57,0.092,0.194,0.048,0.142,19.700000000000003,-0.17669712788186023,-0.8525191165380035,1.4204634005859869,0.36976916000329646
1600,Kornel David,DET,2000-01,Rebounder,Average,27,208.47666666666663,62,52,7,6,4,11,0.49,0.0,0.923,0.547,0.49,0.135,0.089,90.4,101.1,-10.7,0.64,0.067,0.162,0.057,0.115,24.30000000000001,-0.7559382052051548,-0.9601869633842941,-0.19712898579971394,-0.3740271167703811
703,Kurt Thomas,NYK,2000-01,Rebounder,Very Good,77,2128.363333333333,800,515,63,61,69,99,0.511,0.333,0.814,0.566,0.512,0.182,0.112,103.1,94.9,8.2,0.64,0.092,0.168,0.052,0.131,30.5,0.22896555126664822,-0.7822125160079372,1.2352197673121943,1.2177619903434047
111,LaPhonso Ellis,MIN,2000-01,Rebounder,Very Good,82,1946.7816666666668,772,494,93,67,74,108,0.464,0.318,0.79,0.524,0.47,0.192,0.096,104.4,103.8,0.7,0.86,0.105,0.158,0.079,0.131,21.60000000000001,0.041841681314139366,-0.520145136295024,1.1794988170552234,0.8076008800480666
1444,Lawrence Funderburke,SAC,2000-01,Rebounder,Average,59,697.6566666666666,288,196,17,9,13,32,0.496,0.0,0.623,0.522,0.496,0.191,0.116,99.5,99.9,-0.4,0.53,0.102,0.169,0.043,0.136,25.5,-0.3259499561010228,-1.0020371968497526,0.45249027064637226,-0.18138024186839016
953,Lorenzen Wright,ATL,2000-01,Rebounder,Very Good,71,1986.9733333333331,881,535,87,42,63,125,0.448,0.0,0.718,0.486,0.448,0.228,0.101,95.3,103.2,-7.9,0.7,0.091,0.177,0.079,0.134,22.200000000000003,0.1667178934884402,-0.5422232842290535,1.3265063018995407,0.4725275075861715
919,Loy Vaught,WAS,2000-01,Rebounder,Very Good,51,548.3783333333333,168,173,23,21,7,26,0.473,0.0,0.8,0.484,0.473,0.159,0.098,98.6,103.2,-4.6,0.88,0.094,0.238,0.068,0.164,22.200000000000003,-0.8640096296623945,-0.8395177155427922,0.7481728837531192,-0.3116390982904404
1531,Marc Jackson,GSW,2000-01,Rebounder,Very Good,48,1407.3733333333332,633,361,59,34,27,93,0.467,0.217,0.802,0.534,0.471,0.205,0.104,96.8,105.3,-8.5,0.63,0.076,0.183,0.071,0.125,20.10000000000001,0.09394360866915767,-0.6901958679338629,0.7501615395996597,-0.0979769176348898
948,Marcus Camby,NYK,2000-01,Rebounder,Elite,63,2131.2516666666666,759,723,52,66,136,63,0.524,0.125,0.667,0.559,0.525,0.169,0.157,100.1,97.7,2.4,0.83,0.103,0.256,0.043,0.182,27.700000000000003,0.06420942481228481,-0.8732480005679132,2.4368448822532667,1.7829258031022164
2033,Marcus Fizer,CHI,2000-01,Rebounder,Average,72,1581.3533333333332,683,313,76,30,19,124,0.43,0.256,0.727,0.476,0.438,0.242,0.077,91.9,105.0,-13.1,0.61,0.048,0.167,0.097,0.105,20.400000000000006,0.06924179188565731,-0.4815821287462644,0.3680062814901204,-0.20273567889786712
1110,Mark Strickland,NJN,2000-01,Rebounder,Average,55,722.1216666666667,252,161,24,16,22,34,0.431,0.5,0.643,0.467,0.433,0.18,0.076,94.3,101.6,-7.4,0.71,0.069,0.153,0.059,0.109,23.80000000000001,-0.7469011114917544,-0.8863969042347091,0.01565135399171949,-0.11767647285670761
761,Matt Geiger,PHI,2000-01,Rebounder,Average,35,543.8166666666667,213,139,14,12,8,25,0.393,0.0,0.685,0.43,0.393,0.218,0.068,96.7,93.9,2.8,0.56,0.088,0.165,0.047,0.126,31.5,-0.7083964408786813,-0.9906056574770985,0.1738511483306484,0.15164457722819846
1508,Maurice Taylor,HOU,2000-01,Rebounder,Average,69,1969.5383333333332,899,378,104,28,38,125,0.489,0.0,0.735,0.518,0.489,0.229,0.094,101.1,103.5,-2.5,0.83,0.058,0.143,0.096,0.1,21.900000000000006,0.3699802148058684,-0.38416842505571014,0.47677761790496204,0.05690542385814081
1709,Michael Olowokandi,LAC,2000-01,Rebounder,Very Good,82,2127.8866666666668,701,525,46,30,108,169,0.435,0.0,0.545,0.451,0.435,0.208,0.059,97.3,103.8,-6.5,0.27,0.082,0.173,0.038,0.127,21.60000000000001,-0.30961232259550325,-0.9234144151765289,1.2107949359301258,0.7682242274349907
1565,Michael Stewart,TOR,2000-01,Rebounder,Average,26,123.265,33,29,2,4,3,5,0.324,0.0,0.611,0.394,0.324,0.163,0.021,86.2,105.4,-19.3,0.4,0.111,0.12,0.03,0.115,20.0,-1.4466610654170438,-1.1302620600387505,-0.25815669322401524,-0.6575124093629391
1737,Nazr Mohammed,ATL,2000-01,Rebounder,Very Good,58,915.1516666666666,441,307,19,29,35,64,0.477,0.0,0.706,0.52,0.477,0.223,0.112,99.5,101.5,-2.0,0.3,0.121,0.211,0.034,0.165,23.900000000000006,0.007206184103666376,-1.045236694219331,1.1164652682689467,0.15442374488624028
1918,Obinna Ekezie,DAL,2000-01,Rebounder,Average,34,281.5966666666667,101,78,9,5,5,14,0.395,0.0,0.698,0.484,0.395,0.189,0.068,91.3,102.7,-11.5,0.64,0.114,0.175,0.06,0.144,22.700000000000003,-0.69271214615654,-0.9359746207348658,0.24130883221131172,-0.46827849578482517
178,Olden Polynice,UTA,2000-01,Rebounder,Very Good,81,1620.38,429,378,31,27,77,78,0.496,0.0,0.262,0.484,0.496,0.15,0.048,105.0,100.2,4.8,0.4,0.108,0.15,0.029,0.129,25.200000000000003,-0.74167409706619,-1.029168665025858,0.8462275927406906,0.6350155847030156
970,Othella Harrington,NYK,2000-01,Rebounder,Very Good,74,1815.5683333333332,665,388,56,34,45,145,0.487,0.0,0.763,0.549,0.487,0.19,0.073,98.4,98.9,-0.6,0.39,0.081,0.141,0.052,0.112,26.5,0.09297618655728852,-0.8079703552643052,0.6561872553977783,0.4601673547372315
901,Otis Thorpe,CHH,2000-01,Rebounder,Average,49,648.8533333333334,138,145,29,12,7,32,0.45,0.0,0.833,0.487,0.45,0.122,0.045,96.2,97.5,-1.3,0.91,0.082,0.152,0.077,0.117,27.900000000000006,-1.1393493253863707,-0.7668806875945076,0.07511453109051747,-0.06998971695308298
136,P.J. Brown,CHH,2000-01,Rebounder,Elite,80,2805.653333333333,676,742,127,78,92,108,0.444,0.0,0.852,0.518,0.444,0.123,0.096,101.3,96.7,4.6,1.18,0.092,0.176,0.071,0.134,28.700000000000003,-0.5668070957844286,-0.43997685801486075,1.875755668718253,1.5208484172762713
121,Patrick Ewing,SEA,2000-01,Rebounder,Very Good,79,2101.826666666667,760,585,92,53,91,151,0.43,0.0,0.685,0.478,0.43,0.201,0.088,100.4,104.1,-3.7,0.61,0.059,0.223,0.071,0.14,21.30000000000001,-0.16393443260571136,-0.5687660542967001,1.5356131569108864,0.8169122844490818
461,Popeye Jones,WAS,2000-01,Rebounder,Very Good,45,639.6933333333334,162,220,31,19,8,21,0.392,0.167,0.745,0.457,0.395,0.133,0.088,99.4,101.6,-2.2,1.48,0.122,0.235,0.075,0.174,23.80000000000001,-1.213042534394939,-0.7707566116196656,1.0002782202321898,-0.22823688008478715
2047,Quentin Richardson,LAC,2000-01,Rebounder,Average,76,1356.0533333333333,613,257,62,42,7,64,0.442,0.331,0.627,0.516,0.49,0.214,0.101,97.7,102.2,-4.5,0.97,0.076,0.113,0.082,0.095,23.200000000000003,0.04248931696774436,-0.6173626072827585,0.09202053775806199,-0.03529580153638719
1740,Rashard Lewis,SEA,2000-01,Rebounder,Very Good,78,2722.8416666666667,1151,541,125,91,45,129,0.48,0.432,0.826,0.587,0.55,0.181,0.112,105.7,103.8,1.9,0.97,0.053,0.146,0.073,0.1,21.60000000000001,0.5948366044851584,-0.43610093398970284,0.9092783270424023,0.7628671344784498
1073,Reggie Slater,MIN,2000-01,Rebounder,Average,55,683.9366666666666,254,186,26,18,9,43,0.514,0.0,0.673,0.568,0.514,0.17,0.067,107.2,102.8,4.5,0.6,0.119,0.156,0.055,0.138,22.60000000000001,-0.24119247781170683,-0.9015081349297014,0.45143579341908013,-0.2989863890794298
955,Samaki Walker,SAS,2000-01,Rebounder,Average,61,965.7433333333332,321,243,29,10,41,68,0.48,0.333,0.629,0.524,0.482,0.178,0.081,99.3,102.5,-3.3,0.43,0.074,0.182,0.053,0.13,22.900000000000006,-0.38588323578597733,-0.9017043676325212,0.5007611382505585,-0.040492041972753946
1909,Scott Padgett,UTA,2000-01,Rebounder,Average,27,126.13833333333334,56,39,5,6,3,10,0.419,0.556,0.75,0.541,0.477,0.204,0.115,94.7,96.1,-1.4,0.5,0.145,0.169,0.076,0.157,29.30000000000001,-0.2894570535714867,-0.8608109326655432,0.3034425734092099,-0.09037120552594084
281,Scott Williams,MIL,2000-01,Rebounder,Very Good,66,1270.495,403,364,35,48,32,41,0.474,0.25,0.857,0.514,0.475,0.151,0.094,109.3,96.4,12.8,0.85,0.078,0.214,0.04,0.146,29.0,-0.5815774011489722,-0.9526557130524154,1.0256544157489416,0.6205860914574123
406,Shaquille O'Neal,LAL,2000-01,Rebounder,Elite,74,2921.806666666667,2125,940,277,47,204,218,0.572,0.0,0.513,0.574,0.572,0.315,0.186,111.0,102.6,8.4,1.27,0.103,0.219,0.177,0.162,22.80000000000001,2.203852289954624,0.7074480938371056,2.7578349488150264,1.9861495517406593
949,Shareef Abdur-Rahim,VAN,2000-01,Rebounder,Elite,81,3240.56,1663,735,250,90,77,231,0.472,0.188,0.834,0.549,0.477,0.239,0.136,97.9,104.7,-6.8,1.08,0.056,0.176,0.142,0.116,20.700000000000003,1.171386441552399,0.4114785614118694,1.627868241148351,1.023385412093906
431,Shawn Kemp,POR,2000-01,Rebounder,Very Good,68,1084.3566666666666,441,259,65,45,23,99,0.407,0.364,0.771,0.469,0.412,0.237,0.071,98.7,100.9,-2.3,0.66,0.062,0.199,0.106,0.13,24.5,-0.18190141332689347,-0.47149985327773025,0.5432151955892028,0.23404878889206215
1035,Shawnelle Scott,SAS,2000-01,Rebounder,Very Good,27,142.02333333333334,43,50,4,5,6,11,0.415,0.0,0.409,0.424,0.415,0.196,0.048,89.3,112.2,-22.9,0.36,0.165,0.206,0.051,0.185,13.200000000000003,-1.026347581899583,-1.0049319573608122,0.6893400583605761,-1.016330444752027
1495,Tim Duncan,SAS,2000-01,Rebounder,Elite,82,3173.9533333333334,1820,997,245,70,192,242,0.499,0.259,0.618,0.536,0.502,0.284,0.17,105.5,94.0,11.5,1.01,0.088,0.221,0.15,0.159,31.400000000000006,1.539700546091992,0.43802133147951594,2.870858565169906,2.6083415367106855
1928,Todd MacCulloch,PHI,2000-01,Rebounder,Average,63,595.845,260,168,10,7,19,27,0.589,0.0,0.636,0.607,0.589,0.175,0.104,98.3,98.4,0.0,0.37,0.119,0.158,0.03,0.139,27.0,0.022720738000624834,-1.1008245294600445,0.41641463321778543,-0.05326617115232509
763,Tony Massenburg,VAN,2000-01,Rebounder,Average,52,818.9666666666667,233,210,9,10,28,48,0.462,0.0,0.7,0.507,0.462,0.154,0.053,96.2,103.5,-7.3,0.19,0.092,0.166,0.018,0.129,21.900000000000006,-0.7222340267639881,-1.1719160608013894,0.40045999068492405,-0.23077374906219936
238,Tyrone Hill,PHI,2000-01,Rebounder,Elite,76,2365.0666666666666,728,687,48,37,27,127,0.474,0.0,0.63,0.515,0.474,0.159,0.088,101.3,96.8,4.5,0.38,0.104,0.19,0.033,0.147,28.60000000000001,-0.28292260562725996,-0.9441432992064385,1.8954353525775063,0.43252190910081784
452,Vin Baker,SEA,2000-01,Rebounder,Very Good,76,2128.938333333333,927,430,90,38,73,158,0.422,0.063,0.723,0.481,0.423,0.236,0.065,104.1,104.8,-0.7,0.57,0.086,0.12,0.072,0.103,20.60000000000001,0.22986691984874832,-0.5705077836064594,0.6529722671695972,0.4382492157844453
958,Vitaly Potapenko,BOS,2000-01,Rebounder,Very Good,82,1901.08,611,495,64,52,23,105,0.476,0.0,0.728,0.517,0.476,0.163,0.082,99.7,101.6,-2.0,0.61,0.107,0.167,0.059,0.136,23.80000000000001,-0.32658002997435226,-0.7392092513411783,1.24585046716229,0.2654500569255946
124,Vlade Divac,SAC,2000-01,Rebounder,Elite,81,2416.2316666666666,974,673,231,87,93,192,0.482,0.286,0.691,0.536,0.485,0.199,0.112,105.4,99.5,5.9,1.2,0.086,0.185,0.143,0.137,25.900000000000006,0.3073675744000017,0.34718207962235953,1.73089150935939,1.4597050575855441
1735,Vladimir Stepania,NJN,2000-01,Rebounder,Very Good,29,279.1533333333333,82,109,16,10,11,19,0.318,0.25,0.735,0.398,0.324,0.188,0.103,88.8,87.3,1.5,0.84,0.109,0.261,0.107,0.181,38.10000000000001,-1.2054425713446943,-0.6461870747373881,0.7949307775781063,0.5490550986875095
440,Zan Tabak,IND,2000-01,Rebounder,Very Good,55,774.4833333333333,216,213,33,10,30,57,0.527,0.0,0.426,0.523,0.527,0.157,0.07,97.2,96.9,0.3,0.58,0.092,0.184,0.07,0.141,28.5,-0.6210515331687823,-0.791485495649575,0.5612959780920832,0.1772420342706623
1733,Al Harrington,IND,2001-02,Rebounder,Average,44,1309.385,576,276,54,41,21,78,0.475,0.333,0.799,0.526,0.476,0.215,0.093,100.8,102.5,-1.6,0.69,0.074,0.134,0.073,0.105,22.900000000000006,0.08030265058470765,-0.6973590178757199,0.2698312738945052,0.07836092905346563
2228,Alton Ford,PHX,2001-02,Rebounder,Average,53,449.705,164,107,7,6,7,32,0.517,0.0,0.737,0.573,0.517,0.167,0.049,97.0,107.6,-10.6,0.22,0.071,0.168,0.027,0.119,17.80000000000001,-0.2994696468453843,-1.1287165634318108,-0.00023454647940263085,-0.7255801125829301
2264,Alvin Jones,PHI,2001-02,Rebounder,Average,23,124.57333333333334,26,36,3,3,9,11,0.4,0.0,0.5,0.451,0.4,0.138,-0.006,96.0,100.4,-4.4,0.27,0.112,0.207,0.036,0.159,25.0,-1.3088215960007015,-1.092876448706909,0.3209617462675747,-0.31339561303530317
1043,Amal McCaskill,SAS,2001-02,Rebounder,Average,27,153.22166666666666,52,36,4,6,10,14,0.408,0.0,0.462,0.43,0.408,0.207,0.033,84.2,102.2,-18.0,0.29,0.099,0.118,0.051,0.109,23.200000000000003,-0.9050267215910602,-1.0049319573608122,-0.31602096896644016,-0.37795247530639936
692,Andrew DeClercq,ORL,2001-02,Rebounder,Average,61,634.5433333333333,162,163,22,23,23,34,0.45,0.0,0.56,0.474,0.45,0.14,0.042,98.3,98.5,-0.2,0.65,0.111,0.146,0.055,0.128,26.900000000000006,-1.0646010445008047,-0.9162269002190545,0.26301154294797574,0.1471100243680061
193,Anthony Mason,MIL,2001-02,Rebounder,Very Good,82,3139.7433333333333,787,646,346,57,22,130,0.505,1.0,0.697,0.544,0.506,0.126,0.1,106.6,106.6,-0.1,2.66,0.043,0.164,0.162,0.106,18.80000000000001,-0.3161421769051178,0.8770819950546878,1.264321004155338,0.013366032366568937
213,Antonio Davis,TOR,2001-02,Rebounder,Elite,77,2976.945,1113,740,155,54,83,159,0.426,0.0,0.818,0.497,0.426,0.195,0.11,101.4,101.1,0.3,0.97,0.084,0.167,0.087,0.125,24.30000000000001,0.15534143574936957,-0.2470630476307136,1.7557920228087998,0.9225979605113213
1609,Art Long,SEA,2001-02,Rebounder,Very Good,63,988.665,285,251,41,22,28,63,0.492,0.0,0.529,0.506,0.492,0.161,0.048,102.9,102.8,0.1,0.65,0.114,0.154,0.063,0.134,22.60000000000001,-0.6392084440674846,-0.8013715384152895,0.572946784138602,-0.06530912126780408
1506,Austin Croshere,IND,2001-02,Rebounder,Average,76,1282.7233333333334,516,294,77,26,29,67,0.413,0.338,0.851,0.518,0.468,0.194,0.111,100.5,99.4,1.1,1.15,0.058,0.169,0.104,0.114,26.0,-0.16243669828935117,-0.4385788640795055,0.4322489771426029,0.1860196896568244
1802,Brad Miller,IND,2001-02,Rebounder,Elite,76,2264.075,1032,621,152,76,41,115,0.499,0.429,0.775,0.572,0.501,0.202,0.14,98.7,102.5,-3.9,1.32,0.111,0.17,0.124,0.14,22.900000000000006,0.5769869619246415,-0.0502489482057909,1.6311347859228364,0.6433579119558338
258,Brian Grant,MIA,2001-02,Rebounder,Very Good,72,2256.3783333333336,673,575,137,48,31,122,0.469,0.0,0.849,0.508,0.469,0.166,0.103,98.0,99.0,-1.0,1.12,0.081,0.189,0.103,0.136,26.400000000000006,-0.3113651758387389,-0.22341503807412674,1.4581207538555123,0.4577064723256334
384,Calbert Cheaney,DEN,2001-02,Rebounder,Average,68,1637.3733333333332,494,240,110,34,21,70,0.481,0.0,0.687,0.499,0.481,0.155,0.069,96.8,106.8,-10.0,1.57,0.034,0.116,0.112,0.074,18.60000000000001,-0.572433963144995,-0.27220782376300484,-0.22061963856253397,-0.24681371422757878
435,Carlos Rogers,IND,2001-02,Rebounder,Average,22,168.79,59,38,3,5,6,5,0.558,0.167,0.526,0.574,0.57,0.156,0.088,101.2,105.7,-4.4,0.6,0.086,0.14,0.03,0.114,19.700000000000003,-0.44999805117965624,-1.1265823687164123,-0.2470159402757081,-0.6344250569302603
891,Charles Oakley,CHI,2001-02,Rebounder,Very Good,57,1384.435,216,343,114,49,11,87,0.369,0.167,0.75,0.392,0.371,0.122,0.062,91.5,103.8,-12.3,1.31,0.052,0.212,0.134,0.129,21.60000000000001,-1.6262656479578805,-0.13390068510547273,0.7533593423124059,-0.0163038850351173
685,Cherokee Parks,SAS,2001-02,Rebounder,Average,42,232.7133333333333,63,58,10,7,8,14,0.361,0.0,0.375,0.364,0.361,0.175,0.032,91.0,106.4,-15.5,0.71,0.096,0.152,0.07,0.122,19.0,-1.5087068987710388,-0.8761183960633552,-0.09203113416496028,-0.6345956755821434
423,Chris Gatling,MIA,2001-02,Rebounder,Average,54,810.1066666666667,345,206,25,17,11,58,0.447,0.125,0.701,0.501,0.449,0.231,0.098,93.4,97.0,-3.7,0.43,0.088,0.174,0.061,0.13,28.400000000000006,-0.11209344467431122,-0.8714819062425363,0.4025861306549432,0.051664291275518005
2036,Chris Mihm,CLE,2001-02,Rebounder,Very Good,74,1657.5816666666667,569,392,24,18,89,97,0.42,0.429,0.693,0.47,0.423,0.195,0.048,97.4,104.1,-6.7,0.25,0.082,0.158,0.025,0.12,21.30000000000001,-0.3913370605681721,-1.0773971176218948,0.7687180041698818,0.434029653602019
185,Chris Webber,SAC,2001-02,Rebounder,Very Good,54,2072.32,1322,546,259,90,76,158,0.495,0.263,0.749,0.54,0.497,0.288,0.158,110.3,100.4,9.9,1.64,0.073,0.182,0.21,0.129,25.0,1.2327204511700856,0.8265962100872855,1.2919951947964572,1.2659130508036944
363,Christian Laettner,WAS,2001-02,Rebounder,Average,57,1443.9883333333332,404,301,151,60,25,85,0.464,0.2,0.868,0.511,0.467,0.151,0.102,99.9,104.5,-4.6,1.78,0.053,0.165,0.166,0.109,20.900000000000006,-0.5980088608249897,0.1820128005383945,0.3871243557048583,0.19818733079467735
221,Clar. Weatherspoon,NYK,2001-02,Rebounder,Very Good,56,1725.8983333333333,494,460,60,37,48,47,0.418,0.0,0.795,0.478,0.418,0.151,0.092,100.9,106.4,-5.5,1.28,0.087,0.188,0.058,0.136,19.0,-0.7217841516564123,-0.7595456699654486,1.1529822167340056,0.08094377269011567
905,Dale Davis,POR,2001-02,Rebounder,Elite,78,2446.366666666667,742,688,96,62,83,62,0.51,0.0,0.708,0.551,0.51,0.137,0.108,106.3,100.7,5.6,1.55,0.11,0.181,0.06,0.145,24.700000000000003,-0.22804582270614124,-0.6158414756914365,1.872609422551811,1.0289907340376174
2053,Dalibor Bagaric,CHI,2001-02,Rebounder,Average,50,634.8816666666667,185,162,23,17,24,46,0.404,0.0,0.586,0.443,0.404,0.184,0.039,95.9,105.7,-9.7,0.5,0.087,0.177,0.059,0.131,19.700000000000003,-0.9031570305204859,-0.8900765955570473,0.2985771272783514,-0.32797434961521166
2061,Dan Langhi,HOU,2001-02,Rebounder,Average,34,433.19166666666666,107,67,14,8,5,9,0.392,0.25,0.727,0.412,0.396,0.144,0.056,88.7,107.6,-18.9,1.56,0.047,0.113,0.058,0.077,17.80000000000001,-1.4294695520468943,-0.928811470793009,-0.641435170622586,-0.7250923147124513
1504,Danny Fortson,GSW,2001-02,Rebounder,Elite,77,2219.346666666667,864,899,127,44,17,160,0.428,0.25,0.795,0.504,0.429,0.186,0.121,101.5,106.2,-4.7,0.79,0.117,0.268,0.089,0.189,19.200000000000003,-0.050086233406434,-0.3388590979863506,2.993017093111118,-0.14841713582704832
1051,Dean Garrett,GSW,2001-02,Rebounder,Average,34,180.68166666666667,36,57,5,7,10,10,0.327,0.0,0.0,0.32,0.327,0.147,0.032,102.4,100.3,2.1,0.5,0.074,0.194,0.038,0.133,25.10000000000001,-1.9847230106418507,-1.074281759392398,0.045451684602857756,-0.2559572297740322
934,Derrick Coleman,PHI,2001-02,Rebounder,Very Good,58,2080.633333333333,875,509,98,42,51,119,0.45,0.337,0.815,0.524,0.469,0.21,0.116,101.7,99.0,2.7,0.82,0.085,0.167,0.084,0.127,26.400000000000006,0.2478886984379426,-0.47365841300874645,1.1683408785914813,0.5978875747572122
87,Dikembe Mutombo,PHI,2001-02,Rebounder,Elite,80,2905.63,920,863,83,29,190,156,0.501,0.0,0.764,0.574,0.501,0.152,0.124,100.6,95.5,5.1,0.53,0.092,0.207,0.048,0.152,29.900000000000006,0.14162925076180422,-0.7310893029008407,2.426128254825997,2.0751587156594966
1717,Dirk Nowitzki,DAL,2001-02,Rebounder,Elite,76,2890.955,1779,755,186,83,77,145,0.477,0.397,0.853,0.599,0.532,0.25,0.159,112.8,105.9,6.9,1.28,0.043,0.219,0.105,0.133,19.5,1.6214418304667328,-0.031874856609717145,1.8975099360012213,0.8803502614663192
2051,Donnell Harvey,DEN,2001-02,Rebounder,Average,47,844.4416666666667,270,227,37,21,24,33,0.498,0.0,0.6,0.526,0.498,0.151,0.098,98.6,97.9,0.7,1.12,0.093,0.175,0.073,0.133,27.5,-0.6088797746349687,-0.7599137703554704,0.49652604382595494,0.1717575675241559
923,Donyell Marshall,UTA,2001-02,Rebounder,Very Good,58,1749.1783333333333,859,443,101,50,67,124,0.519,0.31,0.708,0.565,0.529,0.223,0.137,99.7,106.0,-6.2,0.81,0.095,0.173,0.111,0.134,19.400000000000006,0.5659355666725995,-0.31094269899896654,1.0823954722023352,0.43137517696635014
2201,Eddy Curry,CHI,2001-02,Rebounder,Average,72,1150.7783333333334,483,272,25,16,53,69,0.501,0.0,0.656,0.54,0.501,0.204,0.075,95.4,106.0,-10.6,0.36,0.101,0.143,0.039,0.122,19.400000000000006,0.012756004064375062,-0.9950702796107154,0.4757918827394091,-0.06255565897927103
2059,Eduardo Najera,DAL,2001-02,Rebounder,Very Good,62,1351.381666666667,400,342,38,56,30,40,0.5,0.0,0.676,0.548,0.5,0.129,0.082,113.2,100.3,12.9,0.95,0.111,0.142,0.039,0.127,25.10000000000001,-0.5503952224720033,-0.9472342924203179,0.72522665511938,0.45409883426470316
1882,Elton Brand,LAC,2001-02,Rebounder,Elite,80,3016.25,1453,925,191,80,163,173,0.527,0.0,0.742,0.586,0.527,0.209,0.151,105.4,105.2,0.2,1.1,0.134,0.176,0.109,0.155,20.200000000000003,1.0118795434592533,0.008994213341643104,2.628856689927285,1.7604963494502721
2041,Etan Thomas,WAS,2001-02,Rebounder,Very Good,47,620.485,203,181,6,17,35,26,0.536,0.0,0.554,0.553,0.536,0.15,0.104,100.4,99.1,1.3,0.23,0.089,0.206,0.015,0.148,26.30000000000001,-0.5101437576540945,-1.199808094773156,0.5655654435475564,0.17109860974530355
718,Gary Trent,MIN,2001-02,Rebounder,Average,64,1141.4316666666666,478,270,60,21,27,58,0.507,0.0,0.639,0.538,0.507,0.197,0.088,104.1,107.2,-3.1,1.03,0.093,0.149,0.087,0.121,18.200000000000003,-0.053528187449672325,-0.596633723252849,0.45774547126739823,-0.3443085184270002
1761,Greg Buckner,DAL,2001-02,Rebounder,Average,44,884.8166666666667,253,173,48,31,19,27,0.525,0.313,0.69,0.566,0.538,0.125,0.069,108.8,107.0,1.7,1.78,0.077,0.122,0.077,0.1,18.400000000000006,-0.5827703920437904,-0.6969665524700805,-0.06716499174641977,-0.3098836660585603
731,Greg Ostertag,UTA,2001-02,Rebounder,Very Good,74,1110.0333333333333,245,313,50,15,109,51,0.453,0.0,0.485,0.474,0.453,0.124,0.071,103.9,100.7,3.2,0.98,0.123,0.172,0.068,0.148,24.700000000000003,-1.1218733961986265,-0.740166049839659,0.9158114165913731,0.8050607400168418
2069,Hanno Mottola,ATL,2001-02,Rebounder,Average,82,1368.4183333333333,396,268,50,20,19,70,0.44,0.077,0.75,0.474,0.441,0.159,0.05,99.7,105.0,-5.3,0.71,0.061,0.144,0.06,0.102,20.400000000000006,-0.7567630352591849,-0.7851072765189968,0.210385282311142,-0.30634930828098644
1942,Harold Jamison,LAC,2001-02,Rebounder,Average,25,177.05666666666667,54,39,6,5,1,6,0.512,0.0,0.667,0.544,0.512,0.128,0.067,105.1,105.9,-0.8,1.0,0.121,0.089,0.051,0.106,19.5,-0.830103379716895,-0.9975725747161357,-0.34627979612948523,-0.6967633119555235
270,Horace Grant,ORL,2001-02,Rebounder,Very Good,76,2211.463333333333,608,481,104,57,49,51,0.513,0.0,0.721,0.539,0.513,0.124,0.095,107.4,102.3,5.2,2.04,0.072,0.147,0.069,0.109,23.10000000000001,-0.4884564808220302,-0.5358450650984753,0.8647325007646082,0.5391826631623879
1134,Ike Austin,MEM,2001-02,Rebounder,Average,21,306.47,76,71,13,9,5,11,0.391,0.0,1.0,0.405,0.391,0.152,0.059,88.5,103.9,-15.4,1.18,0.035,0.2,0.072,0.116,21.5,-1.4332840658330916,-0.853844015426506,-0.13397513840539338,-0.4973386540909806
1751,Jahidi White,WAS,2001-02,Rebounder,Very Good,71,1347.0633333333333,383,444,17,25,75,65,0.538,0.0,0.539,0.552,0.538,0.14,0.089,102.8,106.2,-3.4,0.26,0.12,0.228,0.019,0.173,19.200000000000003,-0.4592593067929838,-1.136860876887766,1.5818953686685315,0.2415298805232313
2054,Jake Tsakalidis,PHX,2001-02,Rebounder,Very Good,67,1584.5466666666666,491,374,23,23,69,78,0.475,0.0,0.698,0.522,0.475,0.154,0.066,100.3,98.7,1.7,0.29,0.081,0.153,0.022,0.117,26.700000000000003,-0.4504145593452386,-1.0979297689489846,0.6827382267498661,0.6007624334994416
2063,Jake Voskuhl,PHX,2001-02,Rebounder,Very Good,59,900.9633333333334,296,250,18,11,23,48,0.554,0.0,0.752,0.614,0.554,0.143,0.083,98.0,102.7,-4.7,0.38,0.113,0.167,0.031,0.139,22.700000000000003,-0.14555057309876948,-1.065769345546421,0.6339916770783381,-0.2239959660996481
2048,Jamaal Magloire,CHH,2001-02,Rebounder,Very Good,82,1552.0366666666666,697,460,31,27,86,118,0.55,0.0,0.73,0.623,0.55,0.196,0.131,101.3,96.4,4.9,0.26,0.1,0.193,0.035,0.147,29.0,0.5830735237484187,-0.9954627450163547,1.2931184140854886,0.9493405259187778
2260,Jarron Collins,UTA,2001-02,Rebounder,Average,70,1444.6616666666666,450,296,58,29,22,56,0.461,0.0,0.74,0.532,0.461,0.15,0.059,101.6,99.2,2.3,1.04,0.1,0.124,0.065,0.111,26.200000000000003,-0.4520882317767911,-0.7275814792657045,0.3993367713958925,0.15803246546015315
2044,Jason Collier,HOU,2001-02,Rebounder,Average,25,363.025,106,82,9,6,4,13,0.432,0.0,0.75,0.486,0.432,0.148,0.067,93.5,109.2,-15.7,0.69,0.078,0.153,0.042,0.112,16.200000000000003,-0.9778110937307365,-1.0370923807633758,-0.15574659120379647,-0.8499399846713525
1902,Jeff Foster,IND,2001-02,Rebounder,Elite,82,1784.6066666666666,467,556,70,71,38,79,0.449,0.133,0.61,0.493,0.452,0.139,0.088,99.7,100.1,-0.4,0.89,0.116,0.191,0.062,0.154,25.30000000000001,-0.7433379145459167,-0.700278143402397,1.6370203382501174,0.7022099253738631
1741,Jelani McCoy,LAL,2001-02,Rebounder,Average,21,104.11666666666666,26,25,7,0,5,8,0.571,0.0,0.25,0.53,0.571,0.142,0.061,87.4,104.8,-17.3,0.88,0.079,0.156,0.109,0.119,20.60000000000001,-0.8278543077399659,-0.6680689899685981,-0.2178115903399554,-0.64347012808034
979,Jermaine O'Neal,IND,2001-02,Rebounder,Elite,72,2707.8566666666666,1371,757,118,45,166,174,0.479,0.071,0.688,0.521,0.48,0.249,0.128,103.1,101.3,1.8,0.68,0.073,0.2,0.079,0.139,24.10000000000001,0.8739247604655637,-0.4281528532365673,1.9792546189966336,1.6573442713116326
693,Joe Smith,MIN,2001-02,Rebounder,Very Good,72,1925.1166666666663,767,453,82,39,59,86,0.511,0.667,0.83,0.571,0.513,0.176,0.099,108.4,98.9,9.5,0.95,0.084,0.156,0.063,0.121,26.5,0.189832425147194,-0.6505041941994206,0.943313752078144,0.6536186654718065
680,John Amaechi,UTA,2001-02,Rebounder,Average,54,586.035,175,109,29,7,10,55,0.325,0.0,0.638,0.412,0.325,0.2,0.018,92.4,103.8,-11.5,0.53,0.089,0.106,0.091,0.097,21.60000000000001,-0.9704844290879387,-0.6882335409056664,-0.27520018401503843,-0.4615985924472912
1908,Jumaine Jones,CLE,2001-02,Rebounder,Very Good,81,2143.2166666666667,671,490,116,75,46,79,0.448,0.31,0.662,0.501,0.489,0.16,0.091,104.0,106.2,-2.3,1.47,0.061,0.176,0.085,0.119,19.200000000000003,-0.39675311950620257,-0.4018063158717404,1.0160094510643987,0.4661915713497249
436,Juwan Howard,DEN,2001-02,Rebounder,Very Good,81,2634.2633333333333,1185,612,169,46,47,152,0.46,0.0,0.761,0.513,0.46,0.223,0.1,103.6,105.8,-2.1,1.11,0.085,0.151,0.109,0.118,19.60000000000001,0.5037182358748643,-0.07195899574979878,1.3269819839668822,0.19933138016155263
252,Karl Malone,UTA,2001-02,Rebounder,Very Good,80,3037.535,1788,686,341,152,59,263,0.454,0.36,0.797,0.532,0.457,0.285,0.163,104.5,103.8,0.7,1.3,0.05,0.193,0.216,0.121,21.60000000000001,1.5010741175314424,1.1620368185285268,1.5615509620721537,1.5365547697584934
1496,Keith Van Horn,NJN,2001-02,Rebounder,Very Good,81,2461.685,1199,609,164,63,42,146,0.433,0.345,0.8,0.51,0.479,0.235,0.117,103.4,98.6,4.7,1.12,0.055,0.188,0.11,0.122,26.80000000000001,0.5845074970830849,-0.08473979902657287,1.3699804654346075,0.7479208904539115
1903,Kenny Thomas,HOU,2001-02,Rebounder,Very Good,72,2481.423333333333,1015,516,137,85,66,143,0.478,0.0,0.664,0.52,0.478,0.21,0.105,100.5,106.5,-6.0,0.96,0.065,0.151,0.101,0.108,18.900000000000006,0.32597940406647635,-0.23465034474396115,0.9448610968882125,0.7545280782794442
1721,Keon Clark,TOR,2001-02,Rebounder,Very Good,81,2186.8083333333334,915,603,88,58,122,140,0.49,0.0,0.674,0.522,0.49,0.211,0.115,101.1,102.0,-0.8,0.63,0.084,0.202,0.071,0.142,23.400000000000006,0.2726200653653697,-0.5834848195860531,1.6088532800262216,1.3057453008398447
708,Kevin Garnett,MIN,2001-02,Rebounder,Elite,81,3171.478333333333,1714,981,422,96,126,229,0.47,0.319,0.801,0.536,0.484,0.258,0.176,108.2,102.6,5.5,1.84,0.079,0.234,0.22,0.158,22.80000000000001,1.2729262256583636,1.4825624289775954,2.815664853526582,1.7046941434782872
788,Kevin Willis,HOU,2001-02,Rebounder,Very Good,52,866.3383333333334,315,299,14,25,23,41,0.44,0.0,0.747,0.489,0.44,0.19,0.111,96.4,103.1,-6.7,0.34,0.115,0.234,0.031,0.171,22.30000000000001,-0.5024781116942582,-1.0804881108357742,1.1716761654277061,-0.10243875498308153
703,Kurt Thomas,NYK,2001-02,Rebounder,Elite,82,2769.451666666667,1143,747,87,71,79,153,0.494,0.167,0.815,0.542,0.494,0.2,0.107,99.8,104.5,-4.7,0.57,0.078,0.197,0.057,0.137,20.900000000000006,0.47086744313809076,-0.6658116575972326,1.9272415245506203,0.858505379282025
2198,Kwame Brown,WAS,2001-02,Rebounder,Average,57,817.1,258,198,43,16,26,43,0.387,0.0,0.707,0.45,0.387,0.18,0.071,97.2,102.1,-4.9,1.0,0.077,0.172,0.09,0.123,23.30000000000001,-0.8397723333452847,-0.6423355157278479,0.29218152185285884,-0.10658395436916883
1444,Lawrence Funderburke,SAC,2001-02,Rebounder,Average,56,720.595,264,198,32,11,18,33,0.469,0.0,0.607,0.49,0.469,0.177,0.1,101.1,97.3,3.8,0.97,0.1,0.159,0.069,0.13,28.10000000000001,-0.6287054378450861,-0.8007828403068306,0.38135910198562095,0.04269195915230354
2254,Loren Woods,MIN,2001-02,Rebounder,Average,60,515.7033333333334,110,122,22,17,34,36,0.344,0.0,0.733,0.449,0.344,0.134,0.055,98.7,102.4,-3.7,0.61,0.084,0.147,0.063,0.115,23.0,-1.2889620863999054,-0.8712856735397166,-0.011392484943144487,-0.03290928192112811
953,Lorenzen Wright,MEM,2001-02,Rebounder,Very Good,43,1250.7883333333334,516,405,44,30,23,72,0.459,0.0,0.569,0.478,0.459,0.217,0.106,96.6,103.0,-6.4,0.61,0.1,0.232,0.063,0.163,22.400000000000006,-0.2227670589125461,-0.7903324644482748,1.3510170608587833,-0.04475647278657191
990,Malik Rose,SAS,2001-02,Rebounder,Very Good,82,1728.06,772,492,61,70,42,140,0.463,0.083,0.72,0.517,0.464,0.234,0.112,104.6,96.4,8.2,0.44,0.105,0.176,0.064,0.143,29.0,0.30927917459833165,-0.722160058633607,1.3270679115440562,0.949710716131
1531,Marc Jackson,MIN,2001-02,Rebounder,Average,39,498.07,186,128,14,11,6,30,0.366,0.0,0.825,0.467,0.366,0.2,0.068,98.8,101.2,-2.5,0.47,0.093,0.16,0.05,0.126,24.200000000000003,-0.6480872996975781,-0.9737526974723467,0.14466398391033036,-0.3078608415776271
948,Marcus Camby,NYK,2001-02,Rebounder,Very Good,29,1008.9666666666668,322,322,33,34,50,42,0.448,0.0,0.626,0.483,0.448,0.171,0.108,100.0,104.3,-4.3,0.79,0.092,0.238,0.055,0.165,21.10000000000001,-0.6708244456101932,-0.8757502956733336,1.1562659470239258,0.19347942948528082
2033,Marcus Fizer,CHI,2001-02,Rebounder,Very Good,76,1964.9083333333333,938,427,120,49,24,131,0.438,0.171,0.668,0.482,0.442,0.257,0.097,97.3,105.3,-8.0,0.92,0.066,0.162,0.116,0.113,20.10000000000001,0.39724721765119514,-0.21294029719995325,0.7724086744654044,0.027091134430571664
2058,Mark Madsen,LAL,2001-02,Rebounder,Average,59,648.74,167,162,44,16,13,22,0.452,0.0,0.648,0.492,0.452,0.124,0.059,106.3,101.2,5.0,2.0,0.124,0.119,0.096,0.121,24.200000000000003,-1.0752073612253492,-0.6049499043960062,0.17118058423154828,-0.18523177886455977
1110,Mark Strickland,ATL,2001-02,Rebounder,Average,46,655.5266666666666,208,131,20,19,16,28,0.446,0.25,0.568,0.466,0.449,0.167,0.073,97.0,103.3,-6.3,0.71,0.06,0.148,0.051,0.102,22.10000000000001,-0.8795154675257896,-0.9460568962033999,-0.15312758365100096,-0.24718011564436146
1723,Matt Harpring,PHI,2001-02,Rebounder,Very Good,81,2547.208333333333,958,573,107,70,5,127,0.461,0.304,0.743,0.512,0.473,0.188,0.1,101.4,97.1,4.3,0.84,0.082,0.147,0.073,0.114,28.30000000000001,0.0780830199231969,-0.5023353777917916,1.1725416019852153,0.5342362754826656
2370,Mengke Bateer,DEN,2001-02,Rebounder,Average,27,407.62666666666667,139,96,22,10,5,32,0.402,0.333,0.784,0.469,0.417,0.193,0.034,93.1,98.3,-5.1,0.69,0.076,0.172,0.096,0.121,27.10000000000001,-0.7217896015329774,-0.685903113487448,-0.003942402290360025,-0.1579511108754538
2214,Michael Bradley,TOR,2001-02,Rebounder,Average,26,117.65,30,24,3,0,6,6,0.52,0.0,0.5,0.526,0.52,0.126,0.065,88.4,107.9,-19.5,0.5,0.061,0.147,0.042,0.104,17.5,-0.9649675698528545,-1.0591705286974054,-0.41155978349382505,-0.8154921567307257
1720,Michael Doleac,CLE,2001-02,Rebounder,Average,42,708.5966666666667,194,168,25,15,11,37,0.417,0.0,0.826,0.468,0.417,0.157,0.055,100.6,108.5,-7.9,0.68,0.069,0.181,0.056,0.125,16.900000000000006,-0.951381300807908,-0.8995701729171224,0.23805947295226115,-0.6447371976703854
1709,Michael Olowokandi,LAC,2001-02,Rebounder,Elite,80,2569.633333333333,885,711,90,55,145,175,0.433,0.0,0.622,0.457,0.433,0.201,0.092,102.3,104.0,-1.7,0.51,0.065,0.214,0.059,0.139,21.400000000000006,-0.19385907639653233,-0.6435372769603834,1.857199204148031,1.3898535339965719
1630,Mikki Moore,DET,2001-02,Rebounder,Average,30,213.465,79,52,12,7,9,14,0.475,0.5,0.769,0.545,0.484,0.178,0.083,100.9,98.2,2.8,0.86,0.114,0.151,0.087,0.133,27.200000000000003,-0.4403330170047511,-0.7732589067250859,0.032184791684531366,-0.14268987617314974
1737,Nazr Mohammed,ATL,2001-02,Rebounder,Elite,82,2170.035,795,651,33,63,61,118,0.461,0.0,0.617,0.49,0.461,0.192,0.084,98.8,105.6,-6.8,0.28,0.114,0.194,0.026,0.154,19.80000000000001,-0.13596812414415577,-1.038662242385933,1.8890913036983186,0.5288699811657716
2071,Olumide Oyedeji,SEA,2001-02,Rebounder,Very Good,36,222.30166666666668,55,79,4,4,2,14,0.537,0.0,0.611,0.562,0.537,0.125,0.082,99.3,95.8,3.5,0.29,0.121,0.219,0.026,0.172,29.60000000000001,-0.7484280253318637,-1.1453732907337428,0.6006725313260253,-0.1035849928907866
970,Othella Harrington,NYK,2001-02,Rebounder,Very Good,77,1563.8266666666666,596,349,37,30,36,95,0.527,0.0,0.709,0.567,0.527,0.185,0.081,101.5,98.2,3.3,0.39,0.086,0.143,0.042,0.116,27.200000000000003,0.10953015159422626,-0.9340610237379043,0.6036641078535537,0.36879299949098304
136,P.J. Brown,CHH,2001-02,Rebounder,Elite,80,2563.373333333333,669,786,107,59,78,85,0.474,0.0,0.858,0.545,0.474,0.121,0.111,104.2,101.3,2.8,1.26,0.107,0.203,0.064,0.155,24.10000000000001,-0.43212262496553633,-0.5528942578060466,2.2600370667978114,0.9120665201776176
121,Patrick Ewing,ORL,2001-02,Rebounder,Very Good,65,899.4133333333333,390,262,35,22,45,64,0.444,0.0,0.701,0.497,0.444,0.223,0.097,100.7,102.6,-1.9,0.55,0.064,0.223,0.066,0.143,22.80000000000001,-0.1610757440725492,-0.8065967263445675,0.7167908373010423,0.11843870179432947
2200,Pau Gasol,MEM,2001-02,Rebounder,Elite,82,3001.866666666667,1441,730,223,41,169,224,0.518,0.2,0.709,0.566,0.518,0.223,0.134,97.8,103.1,-5.3,1.0,0.08,0.164,0.133,0.122,22.30000000000001,0.9913617811280306,0.26156801569448124,1.6910392740581062,1.540492796478498
461,Popeye Jones,WAS,2001-02,Rebounder,Elite,79,1918.3033333333333,554,578,127,50,19,88,0.437,0.364,0.815,0.49,0.441,0.154,0.098,105.8,103.9,1.8,1.44,0.12,0.189,0.103,0.153,21.5,-0.5879433351301472,-0.2602119512975094,1.682655012786073,0.06912172242282406
1542,Predrag Drobnjak,SEA,2001-02,Rebounder,Average,64,1173.6533333333334,437,219,51,20,31,51,0.461,0.0,0.753,0.49,0.461,0.195,0.076,105.7,101.8,3.8,1.0,0.069,0.128,0.069,0.099,23.60000000000001,-0.3721779955018669,-0.7308687051824034,0.04215076879750268,0.00307521991429216
1725,Rasho Nesterovic,MIN,2001-02,Rebounder,Very Good,82,2220.335,687,534,75,45,109,94,0.493,0.0,0.549,0.499,0.493,0.158,0.074,107.8,100.8,7.0,0.8,0.092,0.153,0.049,0.123,24.60000000000001,-0.41129077313273327,-0.7549091801446297,1.1837167259643921,1.11002616066125
1714,Robert Traylor,CHH,2001-02,Rebounder,Average,61,677.5583333333333,228,187,37,24,37,45,0.426,1.0,0.631,0.473,0.429,0.188,0.071,95.9,99.4,-3.5,0.82,0.1,0.17,0.093,0.136,26.0,-0.6713396121225431,-0.6475607036571258,0.4286098633933848,0.2462366758047807
1934,Rodney Buford,MEM,2001-02,Rebounder,Average,63,1770.36,591,272,71,42,12,63,0.435,0.243,0.725,0.47,0.449,0.175,0.073,97.0,106.6,-9.7,1.13,0.03,0.123,0.068,0.077,18.80000000000001,-0.5218814253574099,-0.6628925320705554,-0.09749256097120418,-0.24322905173883536
955,Samaki Walker,LAL,2001-02,Rebounder,Very Good,69,1653.31,460,481,64,28,88,53,0.512,0.0,0.667,0.545,0.512,0.129,0.104,103.6,101.7,1.9,1.21,0.078,0.203,0.057,0.142,23.700000000000003,-0.5242788951773704,-0.7504445580110128,1.2851410928190576,0.6685370391008715
2223,Samuel Dalembert,PHI,2001-02,Rebounder,Very Good,34,175.91,51,68,5,6,13,14,0.44,0.0,0.389,0.44,0.44,0.163,0.08,93.8,99.7,-5.9,0.36,0.131,0.25,0.047,0.187,25.700000000000003,-1.1706737193279118,-1.0237228793781428,0.7625801814759117,-0.20071339567342536
1909,Scott Padgett,UTA,2001-02,Rebounder,Average,75,1291.9016666666666,500,285,82,43,13,69,0.476,0.434,0.735,0.568,0.538,0.173,0.109,103.0,99.8,3.2,1.19,0.091,0.139,0.109,0.115,25.60000000000001,-0.04182839441903056,-0.39209214079322807,0.4211082241942957,0.17678156553916638
281,Scott Williams,DEN,2001-02,Rebounder,Average,41,735.5333333333333,202,209,13,17,33,35,0.396,0.0,0.732,0.43,0.396,0.164,0.059,95.3,105.7,-10.4,0.37,0.102,0.175,0.029,0.137,19.700000000000003,-1.1116351106017213,-1.0954031088279468,0.4997238465387013,-0.23691717358755895
949,Shareef Abdur-Rahim,ATL,2001-02,Rebounder,Very Good,77,2978.0783333333334,1636,696,239,98,81,250,0.461,0.3,0.801,0.536,0.469,0.267,0.139,99.4,103.8,-4.4,0.96,0.066,0.171,0.152,0.118,21.60000000000001,1.2825609475643462,0.4271784902153208,1.5498657849947655,1.1996253791572442
431,Shawn Kemp,POR,2001-02,Rebounder,Average,75,1234.68,454,288,52,43,33,81,0.43,0.0,0.794,0.489,0.43,0.2,0.072,101.5,101.7,-0.2,0.64,0.074,0.177,0.071,0.123,23.700000000000003,-0.3290335895437483,-0.7159537071902309,0.5309855943827338,0.2674969630065616
1890,Shawn Marion,PHX,2001-02,Rebounder,Elite,81,3107.508333333333,1547,803,163,149,86,144,0.469,0.393,0.845,0.518,0.486,0.232,0.143,102.1,101.7,0.4,1.13,0.067,0.19,0.091,0.128,23.700000000000003,0.8592461687443326,-0.1951549037123385,1.9611738364937534,1.9020270266304706
1035,Shawnelle Scott,DEN,2001-02,Rebounder,Very Good,21,249.32833333333332,82,103,8,3,6,15,0.493,0.0,0.4,0.489,0.493,0.161,0.077,95.7,100.2,-4.5,0.53,0.172,0.195,0.056,0.182,25.200000000000003,-0.8827997926475563,-0.962124925396873,0.7917501603807948,-0.3319970700346202
1505,Tariq Abdul-Wahad,DAL,2001-02,Rebounder,Average,24,442.4033333333333,135,84,24,20,10,27,0.374,0.5,0.727,0.418,0.378,0.187,0.044,99.6,105.3,-5.6,0.89,0.084,0.104,0.09,0.093,20.10000000000001,-1.060191435977129,-0.7122496508522749,-0.39249326582539157,-0.4150328868234898
2242,Terence Morris,HOU,2001-02,Rebounder,Average,68,1115.2966666666666,255,211,64,21,27,45,0.384,0.192,0.643,0.423,0.41,0.14,0.062,97.5,107.7,-10.2,1.42,0.067,0.123,0.096,0.094,17.700000000000003,-1.2891285401834496,-0.5313560779492408,-0.04277453139522107,-0.37368585595175147
1495,Tim Duncan,SAS,2001-02,Rebounder,Elite,82,3331.66,2089,1042,307,61,203,263,0.508,0.1,0.799,0.576,0.508,0.289,0.207,105.9,96.7,9.2,1.17,0.087,0.227,0.182,0.16,28.700000000000003,1.9989934671455598,0.8459271001818398,3.0030002557395243,2.4677437516660183
1499,Tony Battie,BOS,2001-02,Rebounder,Very Good,74,1820.495,510,481,35,60,67,51,0.541,0.0,0.677,0.57,0.541,0.125,0.093,100.5,96.3,4.2,0.69,0.099,0.16,0.031,0.129,29.10000000000001,-0.37456497178506626,-1.0032145930666705,1.1195255868582141,1.1049091543296445
763,Tony Massenburg,MEM,2001-02,Rebounder,Very Good,73,1244.9283333333333,403,324,26,30,31,65,0.456,1.0,0.718,0.503,0.457,0.169,0.071,93.8,107.1,-13.3,0.4,0.083,0.191,0.036,0.136,18.30000000000001,-0.5127016222191997,-1.0082435482931287,0.7921227293555277,-0.2047109284649519
969,Travis Knight,NYK,2001-02,Rebounder,Average,49,429.8983333333333,98,104,8,11,10,27,0.363,0.0,0.762,0.401,0.363,0.158,0.003,89.0,98.8,-9.8,0.3,0.105,0.13,0.034,0.117,26.60000000000001,-1.3963660417598287,-1.085713298765052,-0.03367399083975886,-0.12637976544653054
2211,Troy Murphy,GSW,2001-02,Rebounder,Average,82,1450.3916666666669,480,322,70,36,21,84,0.421,0.333,0.776,0.488,0.424,0.168,0.063,98.9,106.1,-7.3,0.83,0.065,0.158,0.08,0.11,19.30000000000001,-0.5502566795807976,-0.5991603833738869,0.45558496026650946,-0.18496271581630297
238,Tyrone Hill,CLE,2001-02,Rebounder,Very Good,26,809.255,209,274,23,17,13,48,0.39,0.0,0.65,0.46,0.39,0.152,0.071,105.2,107.9,-2.7,0.48,0.099,0.254,0.043,0.175,17.5,-1.0229067667746066,-0.9799590489157229,1.156300318054795,-0.5685267387579153
1838,Tyrone Nesby,WAS,2001-02,Rebounder,Average,70,1499.4233333333334,443,318,91,61,22,49,0.435,0.277,0.688,0.48,0.45,0.152,0.087,99.7,100.3,-0.6,1.86,0.069,0.15,0.099,0.109,25.10000000000001,-0.7398071927039279,-0.4151514522413559,0.432231791627168,0.42496593693168266
2199,Tyson Chandler,CHI,2001-02,Rebounder,Very Good,71,1392.8166666666666,436,343,54,28,93,99,0.497,0.0,0.604,0.543,0.497,0.162,0.072,97.3,104.4,-7.1,0.55,0.086,0.165,0.063,0.126,21.0,-0.31144563382029405,-0.753535551224892,0.7151403793983651,0.5604867364825771
452,Vin Baker,SEA,2001-02,Rebounder,Average,55,1710.5783333333334,774,350,72,22,36,127,0.485,0.125,0.633,0.517,0.486,0.232,0.074,104.9,105.9,-1.0,0.57,0.101,0.112,0.071,0.106,19.5,0.2960805083330667,-0.6423598807434655,0.47892094339041597,-0.16650890189668238
958,Vitaly Potapenko,BOS,2001-02,Rebounder,Very Good,79,1343.775,363,347,30,37,18,63,0.455,0.0,0.742,0.513,0.455,0.139,0.065,97.6,99.1,-1.5,0.48,0.118,0.132,0.038,0.125,26.30000000000001,-0.703986679391845,-0.9822894763339411,0.7130142394283457,0.20632898045930936
124,Vlade Divac,SAC,2001-02,Rebounder,Elite,80,2418.168333333333,888,671,297,79,94,158,0.472,0.231,0.615,0.513,0.474,0.185,0.113,107.1,97.2,10.0,1.88,0.085,0.181,0.177,0.134,28.200000000000003,0.011358684713340284,0.781041920283871,1.6873657892780185,1.5220673706959769
1735,Vladimir Stepania,MIA,2001-02,Rebounder,Very Good,67,883.34,285,270,16,24,44,52,0.47,0.5,0.481,0.483,0.472,0.18,0.098,91.6,96.1,-4.5,0.31,0.112,0.205,0.033,0.157,29.30000000000001,-0.6316226175042673,-1.0618934215212632,0.9163730262358889,0.5109493514896474
2216,Zach Randolph,POR,2001-02,Rebounder,Average,41,237.20166666666665,114,68,13,7,4,15,0.449,0.0,0.667,0.479,0.449,0.242,0.097,98.7,100.8,-2.1,0.87,0.13,0.17,0.103,0.15,24.60000000000001,-0.32393934164729904,-0.6796967620440719,0.2912129722027408,-0.34603935131721864
1442,Zeljko Rebraca,DET,2001-02,Rebounder,Very Good,74,1178.4916666666666,513,290,38,28,73,84,0.505,0.0,0.771,0.569,0.505,0.213,0.101,102.5,99.7,2.8,0.45,0.084,0.174,0.056,0.133,25.700000000000003,0.26608336046925785,-0.851734185726725,0.6636888945968674,0.6342844291537887
1985,Zendon Hamilton,DEN,2001-02,Rebounder,Very Good,54,846.24,324,253,14,21,18,60,0.42,0.0,0.652,0.499,0.42,0.196,0.074,96.7,110.2,-13.4,0.23,0.122,0.188,0.029,0.152,15.200000000000003,-0.39488951689712953,-1.0917234175056085,0.8075673187901776,-0.6116297196031607
980,Zydrunas Ilgauskas,CLE,2001-02,Rebounder,Very Good,62,1330.2333333333331,690,334,70,17,84,94,0.425,0.0,0.754,0.501,0.425,0.27,0.091,105.6,108.8,-3.3,0.74,0.107,0.16,0.096,0.133,16.60000000000001,0.4222017372734363,-0.5092779300152113,0.7804375522781396,0.09693399791568218
1733,Al Harrington,IND,2002-03,Rebounder,Very Good,82,2467.776666666666,1002,511,125,71,33,163,0.434,0.283,0.77,0.493,0.441,0.215,0.085,102.1,98.9,3.1,0.77,0.066,0.144,0.089,0.105,26.5,0.1988334008064807,-0.34621848063102717,0.8933752410558453,0.7221282154179028
673,Alan Henderson,ATL,2002-03,Rebounder,Very Good,82,1493.645,394,398,41,33,32,61,0.468,0.0,0.638,0.508,0.468,0.131,0.078,96.4,103.9,-7.5,0.67,0.105,0.157,0.046,0.132,21.5,-0.7687826000365408,-0.8968716451088825,0.9375141273280371,0.02450558451146395
2405,Amar'e Stoudemire,PHX,2002-03,Rebounder,Elite,82,2569.938333333333,1106,721,78,62,87,189,0.472,0.2,0.661,0.53,0.473,0.211,0.102,102.2,101.6,0.6,0.41,0.096,0.182,0.05,0.139,23.80000000000001,0.45609980094179986,-0.7382524528426976,1.8837329899846837,1.0165813825053556
692,Andrew DeClercq,ORL,2002-03,Rebounder,Very Good,77,1329.6083333333331,365,339,52,39,36,84,0.534,0.0,0.644,0.562,0.534,0.135,0.06,103.0,97.9,5.1,0.62,0.106,0.155,0.061,0.13,27.5,-0.4516670358596382,-0.772130240539403,0.7554854822824251,0.479671668450641
213,Antonio Davis,TOR,2002-03,Rebounder,Very Good,53,1897.743333333333,738,437,131,23,62,118,0.407,0.0,0.771,0.483,0.407,0.214,0.098,101.7,104.1,-2.4,1.11,0.067,0.166,0.115,0.115,21.30000000000001,-0.05604576125397043,-0.17808134598914954,0.8244217689114179,0.21266494021062052
1609,Art Long,TOR,2002-03,Rebounder,Average,26,209.57166666666663,60,60,6,5,11,20,0.373,0.667,0.2,0.378,0.387,0.194,0.031,80.7,95.1,-14.4,0.3,0.093,0.184,0.056,0.137,30.30000000000001,-1.2917356795076838,-0.9694843080415496,0.10437043757257491,0.03896181860983002
717,Arvydas Sabonis,POR,2002-03,Rebounder,Very Good,78,1203.2933333333333,476,335,142,61,49,75,0.476,0.5,0.787,0.549,0.481,0.191,0.144,105.5,97.1,8.4,1.89,0.079,0.217,0.185,0.149,28.30000000000001,-0.036000479470795654,0.2556309920007774,0.9869253997366895,0.8861524251730492
1506,Austin Croshere,IND,2002-03,Rebounder,Average,49,630.8783333333333,252,155,56,6,13,28,0.411,0.391,0.815,0.53,0.476,0.188,0.128,99.1,97.3,1.8,2.0,0.061,0.178,0.156,0.119,28.10000000000001,-0.3281324742148562,-0.22373440843291326,0.12712762553653068,-0.05970217555461884
2250,Bobby Simmons,WAS,2002-03,Rebounder,Average,36,373.6483333333333,120,77,20,10,3,8,0.393,0.0,0.914,0.471,0.393,0.16,0.066,105.7,107.4,-1.7,2.5,0.089,0.131,0.083,0.109,18.0,-0.9656322669534093,-0.7662919894860486,-0.20723244703616378,-0.7128535818320728
1802,Brad Miller,IND,2002-03,Rebounder,Very Good,73,2270.998333333333,955,603,193,65,43,118,0.493,0.313,0.818,0.579,0.497,0.184,0.138,104.6,98.5,6.1,1.64,0.085,0.178,0.14,0.133,26.900000000000006,0.4297125704432137,0.1905008493687538,1.4941963912840992,0.7846365478385579
258,Brian Grant,MIA,2002-03,Rebounder,Elite,82,2641.523333333333,846,837,104,63,47,129,0.509,0.0,0.771,0.552,0.509,0.158,0.125,96.1,101.9,-5.8,0.81,0.093,0.244,0.07,0.166,23.5,0.006401325744957646,-0.530227411763558,2.535495571916224,0.604617782805915
1730,Brian Skinner,PHI,2002-03,Rebounder,Very Good,77,1384.361666666667,461,366,19,47,53,62,0.55,0.0,0.602,0.574,0.55,0.147,0.096,98.9,100.0,-1.0,0.31,0.1,0.182,0.024,0.139,25.400000000000006,-0.22598051921291426,-1.1014132275685034,0.9417835927835103,0.6111746424054143
1743,Bruno Sundov,BOS,2002-03,Rebounder,Average,26,138.70333333333335,32,28,7,6,3,9,0.25,0.25,0.0,0.281,0.286,0.209,-0.015,78.7,109.4,-30.7,0.78,0.051,0.157,0.097,0.099,16.0,-1.7567216302800963,-0.7354808299876048,-0.46464454068256533,-0.8718083836843254
2430,Carlos Boozer,CLE,2002-03,Rebounder,Elite,81,2047.9583333333333,810,609,106,59,50,103,0.536,0.0,0.771,0.577,0.536,0.169,0.124,95.4,106.7,-11.3,1.03,0.095,0.204,0.09,0.147,18.700000000000003,0.20390367197562742,-0.410514962420537,1.688471823051615,0.31150228282427267
685,Cherokee Parks,LAC,2002-03,Rebounder,Average,30,646.1733333333333,188,132,21,16,20,18,0.503,0.5,0.605,0.523,0.506,0.139,0.08,99.8,114.4,-14.5,1.17,0.071,0.146,0.055,0.106,11.0,-0.7730123804146399,-0.9199065915413929,-0.09951558784861447,-0.8899712414964861
2036,Chris Mihm,CLE,2002-03,Rebounder,Very Good,52,806.4683333333334,308,231,28,18,38,48,0.404,0.0,0.724,0.462,0.404,0.202,0.075,95.6,103.2,-7.6,0.58,0.109,0.169,0.06,0.139,22.200000000000003,-0.5740538469136488,-0.8660604856104388,0.5835774839886979,-0.02908180301012797
185,Chris Webber,SAC,2002-03,Rebounder,Elite,67,2617.325,1542,704,364,106,88,215,0.461,0.238,0.607,0.485,0.463,0.3,0.147,105.3,97.8,7.5,1.69,0.062,0.191,0.238,0.129,27.60000000000001,1.164754509775858,1.3702580923104857,1.711229011015571,1.7058665809822628
363,Christian Laettner,WAS,2002-03,Rebounder,Very Good,76,2211.39,632,502,235,82,40,87,0.494,0.125,0.833,0.545,0.496,0.142,0.118,102.0,102.6,-0.6,2.7,0.055,0.181,0.175,0.119,22.80000000000001,-0.30507501208754945,0.5416657516290639,1.0478499940683819,0.689533158077683
221,Clar. Weatherspoon,NYK,2002-03,Rebounder,Elite,79,2026.035,521,599,68,69,36,63,0.449,0.0,0.768,0.522,0.449,0.127,0.103,101.5,103.3,-1.8,1.08,0.105,0.198,0.053,0.151,22.10000000000001,-0.6264331071311976,-0.7581964060613287,1.7128966544336834,0.4732373113326858
2046,Desmond Mason,MIL,2002-03,Rebounder,Very Good,80,2764.92,1147,523,163,67,32,115,0.449,0.292,0.749,0.502,0.46,0.207,0.101,104.3,104.0,0.2,1.42,0.056,0.138,0.099,0.096,21.400000000000006,0.2962939652123047,-0.15021367703300065,0.810558895317706,0.37091645690911984
87,Dikembe Mutombo,NJN,2002-03,Rebounder,Average,24,514.6733333333333,138,153,19,4,37,34,0.374,0.0,0.727,0.445,0.374,0.161,0.071,103.1,93.1,10.0,0.56,0.106,0.184,0.055,0.146,32.30000000000001,-1.0939870453852996,-0.9272659741860694,0.46579153459556805,0.4091638698504088
1717,Dirk Nowitzki,DAL,2002-03,Rebounder,Elite,80,3121.16,2011,791,239,111,82,152,0.463,0.379,0.881,0.581,0.513,0.269,0.179,112.2,99.3,12.9,1.57,0.026,0.221,0.129,0.125,26.10000000000001,1.8249218901986006,0.29797246351222456,1.891114330575729,1.6088365990811333
2051,Donnell Harvey,DEN,2002-03,Rebounder,Very Good,77,1613.6633333333334,611,409,100,48,27,123,0.446,0.143,0.67,0.486,0.447,0.207,0.107,87.5,98.4,-10.9,0.81,0.076,0.187,0.125,0.13,27.0,-0.1817224414232704,-0.23597524363246358,0.9412219831389945,0.45248942134304454
923,Donyell Marshall,CHI,2002-03,Rebounder,Elite,78,2375.835,1042,699,137,95,85,135,0.459,0.379,0.756,0.513,0.477,0.211,0.128,98.5,103.6,-5.1,1.01,0.097,0.188,0.099,0.143,21.80000000000001,0.31274815386885385,-0.24588565141379562,1.8763172783627686,1.2207620813644993
2400,Drew Gooden,ORL,2002-03,Rebounder,Very Good,70,1875.57,875,455,83,53,35,150,0.457,0.292,0.712,0.503,0.466,0.241,0.093,102.5,106.4,-3.9,0.55,0.089,0.159,0.076,0.124,19.0,0.3547553821783697,-0.5737950095231583,0.9868394721595155,0.11519854766316384
1882,Elton Brand,LAC,2002-03,Rebounder,Elite,62,2450.0716666666667,1146,703,157,71,158,161,0.502,0.0,0.685,0.543,0.502,0.22,0.141,101.4,103.9,-2.5,0.98,0.117,0.166,0.119,0.142,21.5,0.6251580674225513,-0.05993875826868572,1.8741911383927494,1.6930378405544557
956,Erick Dampier,GSW,2002-03,Rebounder,Very Good,82,1976.5416666666667,673,543,58,27,154,112,0.496,0.0,0.698,0.543,0.496,0.157,0.083,104.0,108.0,-4.0,0.52,0.118,0.143,0.045,0.131,17.400000000000006,-0.17713574732767845,-0.8399345459640492,1.309514367654822,0.95577384755348
2041,Etan Thomas,WAS,2002-03,Rebounder,Very Good,38,514.0566666666666,182,165,3,8,23,33,0.492,0.0,0.638,0.55,0.492,0.174,0.094,96.7,98.1,-1.3,0.09,0.13,0.189,0.01,0.159,27.30000000000001,-0.3667489242835207,-1.2389354354147568,0.6632475835603955,0.015191450313128444
718,Gary Trent,MIN,2002-03,Rebounder,Average,80,1223.045,476,291,77,32,23,59,0.535,0.0,0.594,0.549,0.535,0.179,0.103,97.6,101.8,-4.2,1.31,0.087,0.145,0.105,0.117,23.60000000000001,-0.12384626424285673,-0.4329612107445883,0.462507804305648,0.04647186314945517
323,Greg Foster,TOR,2002-03,Rebounder,Average,29,539.005,121,102,13,1,9,30,0.385,0.25,0.813,0.445,0.389,0.14,0.023,91.3,103.6,-12.3,0.43,0.053,0.152,0.043,0.098,21.80000000000001,-1.2599767005754072,-1.0167559621391056,-0.2810341797960151,-0.5221332990703346
2048,Jamaal Magloire,NOH,2002-03,Rebounder,Elite,82,2444.1566666666668,841,724,88,49,111,158,0.48,0.0,0.717,0.541,0.48,0.172,0.101,103.5,100.4,3.0,0.56,0.107,0.196,0.058,0.151,25.0,0.042389431758846595,-0.6565143129399771,2.044568977391843,1.1952084104404435
679,Jason Caffey,MIL,2002-03,Rebounder,Average,51,894.5666666666667,295,176,38,19,15,56,0.456,0.0,0.651,0.501,0.456,0.179,0.052,102.1,104.2,-2.1,0.68,0.08,0.121,0.069,0.101,21.200000000000003,-0.528815958605206,-0.7787046923728009,-0.04646520169074361,-0.31017678719198666
1902,Jeff Foster,IND,2002-03,Rebounder,Very Good,77,802.6783333333333,162,279,51,28,21,34,0.36,0.0,0.54,0.394,0.36,0.128,0.085,96.6,96.0,0.6,1.5,0.135,0.207,0.101,0.169,29.400000000000006,-1.6098497254788218,-0.5511037984650522,1.09312928514504,0.3255685986771771
1741,Jelani McCoy,TOR,2002-03,Rebounder,Very Good,67,1367.2833333333333,457,355,43,28,60,96,0.491,0.0,0.548,0.507,0.491,0.181,0.084,93.0,105.2,-12.1,0.45,0.068,0.195,0.058,0.13,20.200000000000003,-0.36304365032472025,-0.8221004224451991,0.7979395396210696,0.17960668434158178
979,Jermaine O'Neal,IND,2002-03,Rebounder,Elite,77,2862.5033333333336,1600,796,155,66,178,180,0.484,0.333,0.731,0.539,0.487,0.262,0.151,103.2,99.9,3.3,0.86,0.073,0.202,0.105,0.139,25.5,1.2371497843089638,-0.14594528760220346,2.08273638375958,2.0785990061223565
966,Jerome Williams,TOR,2002-03,Rebounder,Elite,71,2342.76,691,650,95,116,26,98,0.499,0.167,0.555,0.525,0.5,0.146,0.107,99.6,103.5,-3.9,0.97,0.095,0.186,0.067,0.139,21.900000000000006,-0.34759602091103453,-0.5801975936693542,1.695343110544449,0.847295794392721
693,Joe Smith,MIN,2002-03,Rebounder,Average,54,1118.0583333333334,404,270,38,14,55,43,0.46,0.0,0.779,0.524,0.46,0.17,0.076,104.6,101.0,3.6,0.88,0.101,0.143,0.051,0.122,24.400000000000006,-0.38459173096909155,-0.8798224524013112,0.4704851255720785,0.230729918397763
1908,Jumaine Jones,CLE,2002-03,Rebounder,Average,80,2200.8683333333333,784,405,112,67,22,107,0.434,0.354,0.687,0.525,0.512,0.167,0.09,96.1,104.6,-8.4,1.05,0.046,0.137,0.089,0.091,20.80000000000001,-0.12679904691127528,-0.3940544678214246,0.4337619509218018,0.2344890118486934
436,Juwan Howard,DEN,2002-03,Rebounder,Very Good,77,2733.1066666666666,1418,585,234,77,27,189,0.45,0.5,0.803,0.501,0.45,0.259,0.135,92.5,102.4,-9.9,1.24,0.064,0.167,0.175,0.112,23.0,0.866672856847638,0.5379860603067257,1.178902836379838,0.5179502463560803
1496,Keith Van Horn,PHI,2002-03,Rebounder,Very Good,74,2340.72,1176,524,93,63,30,150,0.482,0.369,0.804,0.556,0.516,0.23,0.11,103.9,100.7,3.2,0.62,0.071,0.169,0.068,0.119,24.700000000000003,0.7943253266505819,-0.5819393229791134,1.106224322909018,0.5031265048130854
1509,Kelvin Cato,HOU,2002-03,Rebounder,Very Good,73,1252.0983333333334,332,428,20,38,85,56,0.52,0.0,0.532,0.535,0.52,0.132,0.108,97.7,97.6,0.2,0.36,0.105,0.238,0.027,0.171,27.80000000000001,-0.65179987426846,-1.0808805762414135,1.513962002720527,0.9826924441777343
1903,Kenny Thomas,PHI,2002-03,Rebounder,Very Good,66,1979.82,667,529,112,62,28,116,0.465,0.0,0.746,0.517,0.465,0.17,0.106,103.3,99.9,3.4,0.97,0.096,0.184,0.091,0.139,25.5,-0.23495231534845065,-0.38281916115159015,1.3742843019209505,0.5195339539082302
708,Kevin Garnett,MIN,2002-03,Rebounder,Elite,82,3321.7883333333334,1883,1102,495,113,129,229,0.502,0.282,0.751,0.553,0.508,0.258,0.197,106.8,100.6,6.2,2.16,0.076,0.248,0.249,0.165,24.80000000000001,1.4919985105604334,1.9140918422208886,3.225901242282842,2.0286990555378126
788,Kevin Willis,SAS,2002-03,Rebounder,Very Good,71,842.46,297,226,24,20,20,60,0.479,0.0,0.614,0.506,0.479,0.19,0.077,93.9,100.4,-6.6,0.4,0.102,0.181,0.051,0.141,25.0,-0.4182606770211992,-0.9313381309140469,0.5957898996797318,-0.025960339050202525
703,Kurt Thomas,NYK,2002-03,Rebounder,Very Good,81,2575.135,1134,637,162,81,97,138,0.483,0.667,0.75,0.511,0.484,0.222,0.109,104.0,103.6,0.4,1.17,0.063,0.197,0.11,0.129,21.80000000000001,0.44818408588837405,-0.09209918167124942,1.5334526459099975,1.1971125682650023
2198,Kwame Brown,WAS,2002-03,Rebounder,Very Good,80,1777.9583333333333,593,426,58,50,80,110,0.446,0.0,0.668,0.496,0.446,0.186,0.091,98.3,101.3,-3.0,0.53,0.076,0.174,0.057,0.125,24.10000000000001,-0.29125788351933934,-0.7725227059450424,0.9226311475379028,0.8390491817389552
1444,Lawrence Funderburke,SAC,2002-03,Rebounder,Average,27,227.5883333333333,74,55,8,1,11,6,0.444,0.0,0.588,0.466,0.444,0.156,0.075,98.9,104.1,-5.1,1.33,0.071,0.144,0.055,0.109,21.30000000000001,-1.0566747270821082,-0.9677425787317903,-0.2656067758767999,-0.5312757085889408
2437,Lonny Baxter,CHI,2002-03,Rebounder,Average,55,683.6466666666666,262,165,16,9,22,46,0.466,0.0,0.68,0.521,0.466,0.183,0.052,95.8,98.6,-2.8,0.35,0.09,0.139,0.04,0.114,26.80000000000001,-0.4089812210426591,-1.0225698481768424,0.0899631398497821,-0.013941988276383451
2254,Loren Woods,MIN,2002-03,Rebounder,Average,38,350.9866666666667,80,95,19,10,13,23,0.382,0.333,0.778,0.455,0.388,0.136,0.069,97.9,99.4,-1.5,0.83,0.078,0.172,0.078,0.128,26.0,-1.26165037300696,-0.798059947482973,0.08258179925873688,-0.14164154140532692
953,Lorenzen Wright,MEM,2002-03,Rebounder,Very Good,70,1984.3866666666668,797,528,80,51,54,110,0.454,0.0,0.659,0.489,0.454,0.208,0.09,101.1,106.2,-5.1,0.73,0.085,0.186,0.069,0.135,19.200000000000003,-0.023115649453903764,-0.6241576568345937,1.320672306118564,0.2984585728548186
990,Malik Rose,SAS,2002-03,Rebounder,Very Good,79,1926.265,822,506,124,57,40,170,0.459,0.4,0.791,0.538,0.46,0.218,0.118,102.7,97.1,5.6,0.73,0.083,0.185,0.112,0.136,28.30000000000001,0.3482771684082777,-0.22069214525026912,1.2750376315826082,0.7536497973921487
1531,Marc Jackson,MIN,2002-03,Rebounder,Average,77,1040.6583333333333,421,225,37,24,30,59,0.438,1.0,0.765,0.508,0.44,0.206,0.076,101.1,99.3,1.8,0.63,0.087,0.13,0.058,0.109,26.10000000000001,-0.20027542405509915,-0.8441785703792288,0.18546758334629723,0.1812898952882238
948,Marcus Camby,DEN,2002-03,Rebounder,Very Good,29,615.3933333333333,221,208,47,20,40,27,0.41,0.4,0.66,0.444,0.414,0.19,0.127,90.0,101.1,-11.1,1.74,0.108,0.224,0.138,0.161,24.30000000000001,-0.8275552403904669,-0.3579693903624677,0.8028221712673629,0.13526066847659682
2033,Marcus Fizer,CHI,2002-03,Rebounder,Average,38,807.555,445,216,48,14,17,57,0.465,0.167,0.657,0.503,0.466,0.273,0.126,97.9,101.7,-3.8,0.84,0.096,0.166,0.118,0.131,23.700000000000003,0.27891676760364525,-0.46664276573847413,0.44185957079627636,-0.19486198625364484
1508,Maurice Taylor,HOU,2002-03,Rebounder,Average,67,1379.7316666666666,562,238,66,22,22,100,0.432,0.0,0.725,0.472,0.432,0.233,0.066,102.0,101.4,0.5,0.66,0.075,0.11,0.091,0.092,24.0,-0.10677171224010484,-0.5520849619791505,0.0033873817543807958,-0.04375736021693618
2246,Mehmet Okur,DET,2002-03,Rebounder,Very Good,72,1365.9433333333334,494,335,71,25,39,66,0.426,0.339,0.733,0.514,0.47,0.185,0.099,101.6,96.7,4.9,1.08,0.088,0.17,0.094,0.128,28.700000000000003,-0.26705645817622553,-0.5168335453627074,0.7193926593384035,0.4354705893828948
2214,Michael Bradley,TOR,2002-03,Rebounder,Very Good,67,1311.506666666667,338,409,67,16,32,76,0.481,0.167,0.522,0.492,0.482,0.143,0.09,98.0,106.9,-8.9,0.88,0.121,0.206,0.083,0.161,18.5,-0.8128017346812039,-0.59334649733615,1.3361512665840836,-0.3279016105883466
1720,Michael Doleac,NYK,2002-03,Rebounder,Average,75,1040.09,328,219,42,16,16,49,0.426,0.0,0.783,0.451,0.426,0.183,0.052,100.0,103.3,-3.3,0.86,0.066,0.155,0.068,0.111,22.10000000000001,-0.7616129257302792,-0.7696035804183652,0.19502662045366617,-0.2782642044592973
1709,Michael Olowokandi,LAC,2002-03,Rebounder,Very Good,36,1369.5416666666667,441,328,47,18,79,98,0.427,0.0,0.657,0.457,0.427,0.193,0.087,95.5,100.6,-5.1,0.48,0.042,0.191,0.064,0.119,24.80000000000001,-0.572613058588677,-0.7736757371463427,0.5861621205106237,0.5384963762445527
2471,Mike Batiste,MEM,2002-03,Rebounder,Average,75,1249.4916666666666,481,257,52,42,16,69,0.422,0.222,0.784,0.476,0.441,0.205,0.083,95.7,101.4,-5.7,0.75,0.067,0.147,0.074,0.106,24.0,-0.347288128699464,-0.6991007471854791,0.23215673510954518,0.10276511453086741
1737,Nazr Mohammed,ATL,2002-03,Rebounder,Average,35,450.3666666666667,160,129,6,16,21,25,0.421,0.0,0.634,0.452,0.421,0.197,0.066,91.5,102.4,-10.9,0.24,0.099,0.179,0.024,0.138,23.0,-0.7745616611535646,-1.1492492147589008,0.3001932141501593,-0.1747976768993829
970,Othella Harrington,NYK,2002-03,Rebounder,Very Good,74,1845.6583333333333,573,476,62,12,23,90,0.508,0.0,0.82,0.563,0.508,0.148,0.081,103.2,102.8,0.5,0.69,0.091,0.183,0.053,0.135,22.60000000000001,-0.20078425502582967,-0.7802745539953583,1.1826966197679696,-0.21951007066628606
136,P.J. Brown,NOH,2002-03,Rebounder,Elite,78,2616.286666666667,832,701,147,67,80,98,0.531,0.0,0.836,0.592,0.531,0.139,0.128,104.2,101.8,2.4,1.5,0.093,0.183,0.09,0.137,23.60000000000001,0.08591752958162258,-0.25964761820466803,1.8051861097020176,0.9858150141655068
2200,Pau Gasol,MEM,2002-03,Rebounder,Elite,82,2945.978333333333,1555,720,229,34,148,213,0.51,0.1,0.736,0.57,0.51,0.236,0.13,104.9,107.3,-2.5,1.08,0.066,0.177,0.131,0.123,18.10000000000001,1.191609170989205,0.27241085695867634,1.6772451425261337,1.0087268766378805
461,Popeye Jones,DAL,2002-03,Rebounder,Average,26,223.34,53,59,8,5,1,15,0.387,0.0,0.455,0.396,0.387,0.161,0.031,92.7,103.2,-10.5,0.53,0.121,0.141,0.059,0.131,22.200000000000003,-1.4354439785064528,-0.9452719653921213,0.02527913316082786,-0.5381256893218666
2047,Quentin Richardson,LAC,2002-03,Rebounder,Average,59,1368.205,552,281,52,35,10,64,0.372,0.308,0.685,0.46,0.428,0.217,0.085,96.7,102.0,-5.4,0.81,0.069,0.132,0.072,0.101,23.400000000000006,-0.2997213490174723,-0.7103360538553136,0.23213954959411048,-0.06572201508545246
1714,Robert Traylor,NOH,2002-03,Rebounder,Very Good,69,846.6233333333333,268,262,50,45,37,53,0.443,0.333,0.648,0.486,0.445,0.167,0.093,97.4,94.7,2.7,0.94,0.119,0.191,0.096,0.153,30.700000000000003,-0.7218958075719443,-0.5828717564619765,0.8441873803478455,0.7399722702419935
955,Samaki Walker,LAL,2002-03,Rebounder,Very Good,67,1244.3166666666666,296,368,64,20,55,56,0.42,0.0,0.653,0.465,0.42,0.136,0.084,98.1,101.2,-3.1,1.14,0.089,0.199,0.08,0.144,24.200000000000003,-1.0487068417327323,-0.6212385313079165,1.010788621474242,0.2811471610177339
281,Scott Williams,PHX,2002-03,Rebounder,Average,69,875.0183333333333,273,193,22,27,21,32,0.411,0.0,0.786,0.44,0.411,0.175,0.043,98.1,101.7,-3.6,0.69,0.079,0.146,0.041,0.111,23.700000000000003,-0.9227328717171323,-0.9948740469078956,0.12603877727836896,-0.01969441204329962
406,Shaquille O'Neal,LAL,2002-03,Rebounder,Elite,67,2533.29,1841,742,206,38,159,196,0.574,0.0,0.622,0.602,0.574,0.3,0.18,110.4,103.5,6.9,1.05,0.107,0.19,0.15,0.149,21.900000000000006,2.0493297760571454,0.2945133699083235,2.0668504832884573,1.3847321976130356
949,Shareef Abdur-Rahim,ATL,2002-03,Rebounder,Very Good,81,3079.3716666666664,1608,677,242,87,38,212,0.478,0.35,0.841,0.566,0.487,0.242,0.138,101.1,104.4,-3.4,1.14,0.061,0.16,0.145,0.113,21.0,1.2508828119453526,0.39889399083791494,1.4357533203817237,0.6153466296739923
431,Shawn Kemp,ORL,2002-03,Rebounder,Very Good,79,1630.005,537,451,55,66,33,102,0.418,0.0,0.742,0.468,0.418,0.185,0.069,102.1,104.3,-2.2,0.54,0.088,0.198,0.055,0.141,21.10000000000001,-0.499053719431295,-0.7947970865818916,1.1928000810044193,0.35304615545902984
2098,Slava Medvedenko,LAL,2002-03,Rebounder,Average,58,619.73,255,141,18,11,8,37,0.434,0.0,0.721,0.46,0.434,0.215,0.043,95.7,99.4,-3.8,0.49,0.098,0.12,0.05,0.109,26.0,-0.5285435458628133,-0.9590339321829937,-0.03741621768158604,-0.1818674984823776
2242,Terence Morris,HOU,2002-03,Rebounder,Average,49,632.4983333333333,182,128,25,8,17,29,0.466,0.219,0.786,0.5,0.486,0.15,0.088,98.7,103.3,-4.6,0.86,0.063,0.138,0.068,0.101,22.10000000000001,-0.8283173039563657,-0.8321583328981157,-0.17382737370667695,-0.35103764396272025
1495,Tim Duncan,SAS,2002-03,Rebounder,Elite,81,3182.445,1884,1043,316,55,237,248,0.513,0.273,0.71,0.564,0.515,0.276,0.206,105.6,96.4,9.2,1.27,0.089,0.238,0.191,0.168,29.0,1.6873812348785495,0.9296032020971394,3.1075708687606314,2.767195752655463
1928,Todd MacCulloch,PHI,2002-03,Rebounder,Average,42,809.3333333333334,299,196,20,19,32,35,0.517,0.0,0.671,0.548,0.517,0.171,0.09,97.2,99.6,-2.4,0.57,0.083,0.167,0.04,0.124,25.80000000000001,-0.3157710178720898,-1.0078510828874894,0.29961441899020863,0.13209160608795856
339,Tom Gugliotta,PHX,2002-03,Rebounder,Average,27,445.00166666666667,129,100,31,14,5,31,0.455,0.0,1.0,0.474,0.455,0.168,0.09,95.4,102.7,-7.2,1.0,0.056,0.172,0.114,0.113,22.700000000000003,-0.8834254614456251,-0.5516681315578935,-0.09524612239314123,-0.3750262293400177
1499,Tony Battie,BOS,2002-03,Rebounder,Very Good,67,1685.0183333333334,487,433,49,33,81,48,0.539,0.2,0.746,0.578,0.541,0.129,0.101,101.4,96.1,5.3,1.02,0.087,0.168,0.049,0.128,29.30000000000001,-0.31612917933635337,-0.8505811545254247,0.9794237605376006,0.9785477860481383
763,Tony Massenburg,UTA,2002-03,Rebounder,Average,58,789.9133333333333,273,156,17,17,19,50,0.448,0.0,0.774,0.508,0.448,0.183,0.042,96.9,102.9,-6.0,0.34,0.083,0.134,0.037,0.109,22.5,-0.4753765534273618,-1.035743116859256,0.0023844610733931293,-0.21404857949196723
2211,Troy Murphy,GSW,2002-03,Rebounder,Elite,79,2515.92,923,806,106,65,30,111,0.451,0.214,0.841,0.526,0.453,0.164,0.113,105.1,107.6,-2.5,0.95,0.086,0.217,0.066,0.152,17.80000000000001,-0.04280325539459048,-0.5453386424585505,2.2748856755570763,0.11844197284814205
238,Tyrone Hill,PHI,2002-03,Rebounder,Very Good,56,1353.1266666666668,312,391,41,46,26,68,0.422,0.0,0.675,0.457,0.422,0.131,0.071,96.3,102.5,-6.3,0.6,0.089,0.211,0.049,0.147,22.900000000000006,-1.1195111587677251,-0.8800186851041307,1.1100352918125844,0.18075506376038794
2199,Tyson Chandler,CHI,2002-03,Rebounder,Very Good,75,1825.3116666666667,691,514,76,37,106,135,0.531,0.0,0.608,0.565,0.531,0.181,0.099,97.3,105.4,-8.1,0.56,0.093,0.181,0.068,0.138,20.0,0.13732229944378793,-0.6444940754588641,1.321743968861291,0.7265113599178247
452,Vin Baker,BOS,2002-03,Rebounder,Average,52,945.145,270,198,29,22,30,61,0.478,0.0,0.673,0.531,0.478,0.151,0.05,97.1,100.8,-3.7,0.48,0.094,0.119,0.053,0.106,24.60000000000001,-0.5802920936220963,-0.9017043676325212,0.07560739867329383,0.07243515683734607
958,Vitaly Potapenko,SEA,2002-03,Rebounder,Average,26,401.38,104,89,4,9,8,25,0.441,0.0,0.759,0.492,0.441,0.153,0.058,94.2,101.2,-7.0,0.16,0.064,0.176,0.017,0.118,24.200000000000003,-0.9083457640570095,-1.195932170747998,-0.06073501529005787,-0.308348639448106
1735,Vladimir Stepania,MIA,2002-03,Rebounder,Elite,79,1594.4,441,554,24,45,40,69,0.433,0.0,0.53,0.454,0.433,0.161,0.113,91.5,96.6,-5.1,0.35,0.126,0.221,0.03,0.171,28.80000000000001,-0.8240210932552298,-1.0493088509473085,1.848287704262352,0.6586907796571567
2397,Yao Ming,HOU,2002-03,Rebounder,Elite,82,2381.893333333333,1104,675,137,31,147,173,0.498,0.5,0.811,0.57,0.499,0.22,0.141,104.0,101.1,2.8,0.79,0.088,0.199,0.104,0.145,24.30000000000001,0.7492432897604117,-0.2177973847392095,1.8381155009641625,1.3318043091267882
2216,Zach Randolph,POR,2002-03,Rebounder,Very Good,77,1300.935,650,343,41,42,14,62,0.513,0.0,0.758,0.555,0.513,0.221,0.126,98.4,102.4,-4.0,0.66,0.108,0.171,0.058,0.138,23.0,0.34339911379163707,-0.8294598050898757,0.8680162310545287,0.023775511475219797
1502,Adonal Foyle,GSW,2003-04,Rebounder,Average,44,574.5683333333334,137,167,17,6,46,21,0.454,0.0,0.543,0.471,0.454,0.132,0.083,95.9,102.7,-6.9,0.81,0.094,0.197,0.05,0.145,22.700000000000003,-1.158346232915884,-0.962713623505332,0.4901991804622017,-0.04310110872053974
1733,Al Harrington,IND,2003-04,Rebounder,Very Good,79,2440.863333333333,1048,508,131,80,22,163,0.463,0.273,0.734,0.514,0.475,0.225,0.105,99.6,98.0,1.5,0.8,0.07,0.155,0.107,0.111,27.400000000000006,0.4252793325624018,-0.2230225726684874,0.9618530311329314,0.7569675853734652
2405,Amar'e Stoudemire,PHX,2003-04,Rebounder,Very Good,55,2025.02,1133,496,78,64,89,177,0.475,0.2,0.713,0.536,0.476,0.273,0.123,101.8,104.7,-2.9,0.44,0.079,0.167,0.07,0.123,20.700000000000003,0.963745927302289,-0.625899386144353,1.0828883397851115,0.875399543734666
1712,Antawn Jamison,DAL,2003-04,Rebounder,Very Good,82,2378.895,1212,520,70,83,30,81,0.535,0.4,0.748,0.581,0.543,0.203,0.12,110.0,104.4,5.6,0.86,0.093,0.121,0.047,0.107,21.0,0.7655720775192193,-0.7845429434261555,0.9427349569181934,0.49296146589616446
952,Antoine Walker,DAL,2003-04,Rebounder,Very Good,82,2837.135,1151,684,369,65,65,202,0.428,0.269,0.554,0.475,0.464,0.213,0.099,108.6,106.5,2.1,1.83,0.066,0.17,0.195,0.117,18.900000000000006,0.1887279758556486,1.1470974555207365,1.505285587686102,0.5371833555101329
213,Antonio Davis,CHI,2003-04,Rebounder,Very Good,80,2578.5616666666665,708,671,137,37,65,114,0.403,0.0,0.765,0.465,0.403,0.155,0.094,94.2,100.0,-5.8,1.2,0.076,0.18,0.093,0.127,25.400000000000006,-0.6125043226474552,-0.279591571423299,1.5981882091452562,0.6289705810591654
686,Antonio McDyess,PHX,2003-04,Rebounder,Very Good,42,930.2016666666668,290,257,36,37,24,57,0.47,0.0,0.551,0.486,0.47,0.173,0.092,97.6,97.7,-0.1,0.63,0.08,0.199,0.066,0.142,27.700000000000003,-0.6621076386883832,-0.8029170350222292,0.6907842900780357,0.3492903095470476
1506,Austin Croshere,IND,2003-04,Rebounder,Average,77,1043.445,387,243,52,24,14,55,0.388,0.389,0.894,0.549,0.479,0.183,0.117,96.6,94.4,2.2,0.95,0.063,0.185,0.096,0.125,31.0,-0.1587465909073317,-0.5755123738173,0.43706286672715694,0.3073083789816255
1802,Brad Miller,SAC,2003-04,Rebounder,Elite,72,2626.555,1014,743,312,68,86,144,0.51,0.316,0.778,0.579,0.518,0.173,0.132,110.8,100.9,9.9,2.17,0.078,0.203,0.179,0.143,24.5,0.39173505470614156,0.8474725967887795,1.9930659360440406,1.1097603686668058
2599,Brandon Hunter,BOS,2003-04,Rebounder,Average,36,404.8016666666667,125,118,19,13,1,22,0.457,0.0,0.442,0.463,0.457,0.163,0.084,96.5,96.4,0.1,0.86,0.116,0.169,0.077,0.142,29.0,-0.9858053657224598,-0.8036776008178903,0.32196466694856213,-0.05570299547875379
258,Brian Grant,MIA,2003-04,Rebounder,Very Good,76,2302.23,664,524,69,51,35,82,0.471,0.0,0.782,0.502,0.471,0.15,0.082,100.8,99.7,1.0,0.84,0.076,0.162,0.051,0.118,25.700000000000003,-0.4692884464689539,-0.7657520214088249,1.0934846686043378,0.48813214461820725
1730,Brian Skinner,MIL,2003-04,Rebounder,Very Good,56,1579.975,589,411,49,30,61,78,0.497,0.0,0.572,0.513,0.497,0.187,0.09,103.6,105.0,-1.4,0.63,0.076,0.187,0.052,0.132,20.400000000000006,-0.1896238817380588,-0.8337281945206729,0.9720080489156857,0.2221978092311789
2430,Carlos Boozer,CLE,2003-04,Rebounder,Elite,75,2597.603333333333,1162,857,148,74,55,134,0.523,0.167,0.768,0.567,0.524,0.196,0.154,103.2,102.3,0.8,1.1,0.087,0.238,0.098,0.162,23.10000000000001,0.5982257496475109,-0.2110267002029919,2.5376045263708082,0.776030617132126
2549,Chris Kaman,LAC,2003-04,Rebounder,Very Good,82,1850.2966666666664,499,461,85,23,73,155,0.46,0.0,0.697,0.502,0.46,0.158,0.068,99.9,105.6,-5.7,0.55,0.07,0.183,0.078,0.127,19.80000000000001,-0.5297141636857265,-0.5552003202086473,1.040978706575548,0.23582503167016441
2036,Chris Mihm,BOS,2003-04,Rebounder,Very Good,76,1327.845,482,413,21,37,63,90,0.488,0.0,0.663,0.531,0.488,0.181,0.093,96.0,98.6,-2.6,0.23,0.119,0.19,0.029,0.155,26.80000000000001,-0.2077940581702846,-1.0659655782492408,1.270326855090663,0.6909921981223243
2404,Chris Wilcox,LAC,2003-04,Rebounder,Average,65,1339.685,559,305,51,29,20,80,0.521,0.0,0.7,0.557,0.521,0.189,0.09,101.4,104.4,-3.0,0.64,0.091,0.14,0.067,0.114,21.0,0.0549542073527162,-0.742104011852238,0.4614361415629209,-0.1677267728034053
363,Christian Laettner,WAS,2003-04,Rebounder,Average,48,983.1783333333332,284,232,89,37,28,42,0.465,0.286,0.8,0.511,0.477,0.144,0.11,94.4,102.7,-8.3,2.12,0.05,0.188,0.155,0.117,22.700000000000003,-0.7357901070800713,-0.10792224813066764,0.3059584678693966,0.09598679031182485
221,Clar. Weatherspoon,HOU,2003-04,Rebounder,Average,52,872.5016666666667,261,204,30,30,15,35,0.493,0.0,0.736,0.538,0.493,0.148,0.103,95.1,99.0,-3.9,0.86,0.092,0.153,0.063,0.123,26.400000000000006,-0.5687211267824438,-0.8418481429610105,0.30810179335485055,0.10932251538685815
916,Corie Blount,TOR,2003-04,Rebounder,Very Good,62,1042.8116666666667,245,275,55,49,24,43,0.455,0.0,0.556,0.462,0.455,0.132,0.085,96.4,96.7,-0.3,1.28,0.096,0.168,0.084,0.132,28.700000000000003,-1.1319199741148123,-0.631885139869292,0.611148561537208,0.5323813398562934
1504,Danny Fortson,DAL,2003-04,Rebounder,Very Good,56,620.41,217,250,9,12,11,37,0.511,0.0,0.815,0.605,0.511,0.146,0.075,109.1,104.8,4.3,0.24,0.175,0.223,0.02,0.198,20.60000000000001,-0.23201771833369364,-1.160680754131555,1.3856312810544755,-0.4584289888021615
2443,Darius Songaila,SAC,2003-04,Rebounder,Average,73,973.665,337,225,48,42,12,43,0.487,0.0,0.807,0.541,0.487,0.16,0.089,107.0,100.5,6.5,1.12,0.095,0.135,0.077,0.115,24.900000000000006,-0.40891541459300784,-0.6969665524700805,0.26190550917437905,0.11517446606312998
2561,David West,NOH,2003-04,Rebounder,Very Good,71,929.0383333333332,273,297,60,27,28,48,0.474,0.0,0.713,0.519,0.474,0.147,0.118,94.3,98.4,-4.1,1.25,0.119,0.212,0.12,0.162,27.0,-0.6760210095152258,-0.41125116320058047,1.051712519518253,0.2450182636415664
934,Derrick Coleman,PHI,2003-04,Rebounder,Average,34,845.7116666666667,271,192,46,23,26,57,0.413,0.222,0.754,0.471,0.429,0.189,0.089,96.0,100.3,-4.3,0.81,0.058,0.19,0.095,0.124,25.10000000000001,-0.6444447983999982,-0.6032081750862469,0.2890009046555475,0.0717040012881192
87,Dikembe Mutombo,NYK,2003-04,Rebounder,Very Good,65,1499.1466666666668,363,437,25,17,123,54,0.478,0.0,0.681,0.523,0.478,0.122,0.094,99.1,100.3,-1.2,0.46,0.102,0.191,0.026,0.148,25.10000000000001,-0.7712595124598537,-1.0680997729646393,1.2448303609658675,0.9909298319562824
1717,Dirk Nowitzki,DAL,2003-04,Rebounder,Very Good,77,2919.845,1680,670,207,92,104,135,0.462,0.341,0.877,0.561,0.5,0.242,0.14,112.1,105.4,6.7,1.53,0.03,0.199,0.11,0.114,20.0,1.2742178540153086,0.07348692783397262,1.429919324600747,1.276151393518836
923,Donyell Marshall,TOR,2003-04,Rebounder,Elite,82,2982.055,1205,808,122,93,124,117,0.461,0.403,0.736,0.548,0.525,0.192,0.137,99.0,101.3,-2.3,1.04,0.073,0.204,0.075,0.139,24.10000000000001,0.49132003760459836,-0.4359047012868832,2.1145769267635632,1.7297562042215595
2400,Drew Gooden,ORL,2003-04,Rebounder,Very Good,79,2137.3866666666668,914,516,89,62,72,126,0.445,0.214,0.637,0.484,0.451,0.224,0.096,98.2,110.2,-12.0,0.71,0.072,0.175,0.076,0.121,15.200000000000003,0.14979880757223363,-0.5517168615891287,1.1104766028490565,0.3595292170335451
1882,Elton Brand,LAC,2003-04,Rebounder,Elite,69,2675.2166666666667,1379,714,227,64,154,193,0.493,0.0,0.773,0.567,0.493,0.23,0.148,103.1,107.4,-4.4,1.18,0.101,0.17,0.157,0.135,18.0,1.003611458015206,0.4111104610218478,1.8142007226803056,1.374397081300723
956,Erick Dampier,GSW,2003-04,Rebounder,Elite,74,2407.9933333333333,913,887,60,33,137,131,0.535,0.0,0.654,0.573,0.535,0.177,0.138,99.8,100.8,-1.0,0.46,0.144,0.224,0.044,0.184,24.60000000000001,0.31387572364574856,-0.8381928166542898,2.8974782785837334,1.2689787974875373
2041,Etan Thomas,WAS,2003-04,Rebounder,Very Good,79,1899.753333333333,705,528,68,36,123,113,0.489,0.0,0.647,0.538,0.489,0.177,0.105,94.6,102.7,-8.1,0.6,0.093,0.185,0.066,0.138,22.700000000000003,-0.03623702123919247,-0.6851669127074047,1.358891269032605,1.0467845076654028
718,Gary Trent,MIN,2003-04,Rebounder,Average,68,1022.24,379,216,49,12,17,54,0.473,0.0,0.758,0.515,0.473,0.187,0.076,98.7,103.4,-4.6,0.91,0.084,0.131,0.081,0.108,22.0,-0.32963008499115726,-0.6708162478080733,0.14884752178862942,-0.31546765971442325
731,Greg Ostertag,UTA,2003-04,Rebounder,Very Good,78,2153.2366666666667,529,578,123,30,139,99,0.476,0.0,0.579,0.506,0.476,0.133,0.1,100.3,99.1,1.2,1.24,0.11,0.176,0.096,0.143,26.30000000000001,-0.6682216025327109,-0.314254289931283,1.55525846973927,1.3580125842629014
1751,Jahidi White,PHX,2003-04,Rebounder,Very Good,62,867.875,261,261,7,25,51,66,0.521,0.0,0.5,0.532,0.521,0.159,0.053,95.2,101.0,-5.8,0.11,0.111,0.183,0.013,0.148,24.400000000000006,-0.522501041290168,-1.207363710120652,0.7778357302407787,0.3042350547069042
2054,Jake Tsakalidis,MEM,2003-04,Rebounder,Average,40,531.66,170,128,18,9,22,23,0.504,0.0,0.59,0.532,0.504,0.152,0.069,101.5,104.4,-2.9,0.78,0.071,0.184,0.054,0.126,21.0,-0.6393689685257774,-0.9365633188433248,0.14466398391033036,-0.35471910356349895
2063,Jake Voskuhl,PHX,2003-04,Rebounder,Average,66,1598.65,438,343,57,42,25,77,0.507,0.0,0.74,0.577,0.507,0.128,0.058,100.6,100.8,-0.2,0.74,0.076,0.141,0.053,0.108,24.60000000000001,-0.3645034952568573,-0.7986730106070496,0.48582660191411964,0.22907509558822214
2048,Jamaal Magloire,NOH,2003-04,Rebounder,Elite,82,2794.248333333333,1119,847,86,43,101,201,0.473,0.0,0.751,0.551,0.473,0.201,0.116,100.6,101.1,-0.5,0.43,0.095,0.214,0.055,0.153,24.30000000000001,0.5123381766646568,-0.6807266555894054,2.396413851792033,0.9907373202451953
2407,Jared Jeffries,WAS,2003-04,Rebounder,Very Good,82,1917.2016666666664,467,424,93,48,28,107,0.379,0.194,0.614,0.428,0.385,0.146,0.05,95.5,99.7,-4.2,0.87,0.088,0.13,0.083,0.108,25.700000000000003,-1.0637343932628875,-0.4976745229553551,0.7007502671910071,0.3862258077817638
2260,Jarron Collins,UTA,2003-04,Rebounder,Average,81,1731.1233333333332,482,316,77,26,18,79,0.498,0.0,0.718,0.587,0.498,0.131,0.069,97.5,100.9,-3.4,0.97,0.071,0.132,0.078,0.1,24.5,-0.25363613404303614,-0.5846378507873535,0.3122681457177149,-0.013404426951227233
1744,Jerome James,SEA,2003-04,Rebounder,Average,65,992.1883333333334,324,230,32,20,60,82,0.498,0.0,0.66,0.535,0.498,0.18,0.055,103.9,101.3,2.5,0.39,0.083,0.153,0.053,0.119,24.10000000000001,-0.3061859266338636,-0.8906652936655064,0.3261310193114265,0.3258590135281466
966,Jerome Williams,CHI,2003-04,Rebounder,Very Good,68,1623.8283333333334,422,475,72,90,8,74,0.47,0.0,0.684,0.522,0.47,0.133,0.112,93.8,99.9,-6.1,0.97,0.104,0.195,0.076,0.147,25.5,-0.6539039589840551,-0.6142716140688793,1.3329190928404677,0.607302836119514
693,Joe Smith,MIL,2003-04,Rebounder,Elite,76,2258.603333333333,830,643,78,47,94,82,0.439,0.2,0.859,0.51,0.44,0.177,0.107,103.6,102.1,1.4,0.95,0.102,0.183,0.055,0.142,23.30000000000001,-0.10618441844803496,-0.7101641861681115,1.7149884233728327,0.9026058489274328
2572,Josh Howard,DAL,2003-04,Rebounder,Very Good,67,1586.435,575,368,97,69,54,67,0.43,0.303,0.703,0.485,0.449,0.178,0.082,112.5,105.3,7.2,1.45,0.091,0.139,0.085,0.115,20.10000000000001,-0.4256953190330727,-0.47172045099616755,0.6413386466385138,0.5378423132889861
436,Juwan Howard,ORL,2003-04,Rebounder,Very Good,81,2883.773333333333,1376,570,158,54,22,178,0.453,0.0,0.809,0.513,0.453,0.237,0.093,102.9,109.1,-6.2,0.89,0.059,0.144,0.098,0.1,16.30000000000001,0.7439444307314366,-0.17422978697960922,0.9862263059686953,-0.1646047440721233
252,Karl Malone,LAL,2003-04,Rebounder,Very Good,42,1379.5566666666666,554,367,163,50,20,103,0.483,0.0,0.747,0.555,0.483,0.192,0.14,105.8,98.2,7.6,1.58,0.046,0.209,0.185,0.131,27.200000000000003,0.06187483648205285,0.332904509769881,0.8425197369297333,0.4141408342080613
2586,Keith Bogans,ORL,2003-04,Rebounder,Average,73,1786.045,498,317,98,46,10,75,0.403,0.358,0.631,0.499,0.477,0.142,0.068,99.5,109.1,-9.6,1.31,0.057,0.122,0.087,0.088,16.30000000000001,-0.6647156342545707,-0.45680545300399483,0.1620456726452165,-0.36890521561548906
1496,Keith Van Horn,MIL,2003-04,Rebounder,Very Good,72,2342.03,1162,501,120,68,33,169,0.454,0.399,0.859,0.564,0.506,0.234,0.116,102.3,101.7,0.7,0.71,0.067,0.15,0.091,0.11,23.700000000000003,0.8592514594846472,-0.353381630572884,0.9305397267425941,0.5265310364643601
1903,Kenny Thomas,PHI,2003-04,Rebounder,Elite,74,2703.998333333333,1006,750,111,82,33,172,0.469,0.2,0.752,0.527,0.469,0.194,0.122,97.1,100.3,-3.3,0.65,0.102,0.188,0.077,0.145,25.10000000000001,0.24238410406972952,-0.46514599916276966,2.0371188947390584,0.7538466626700311
708,Kevin Garnett,MIN,2003-04,Rebounder,Elite,82,3235.055,1987,1139,409,120,178,212,0.499,0.256,0.791,0.547,0.502,0.291,0.222,106.3,96.7,9.6,1.93,0.082,0.265,0.233,0.179,28.700000000000003,1.7742686903655718,1.5077559351411218,3.5024314101439815,2.826127564949609
788,Kevin Willis,SAS,2003-04,Rebounder,Average,48,370.3633333333333,164,98,11,21,9,32,0.467,0.0,0.615,0.491,0.467,0.235,0.086,95.0,98.7,-3.7,0.34,0.097,0.164,0.059,0.13,26.700000000000003,-0.2705148350814775,-0.9342328914251066,0.11602124361909327,-0.02700813256153382
703,Kurt Thomas,NYK,2003-04,Rebounder,Elite,80,2542.445,890,662,149,56,80,132,0.473,0.0,0.835,0.503,0.473,0.183,0.104,100.9,101.0,-0.1,1.13,0.06,0.201,0.098,0.133,24.400000000000006,-0.05901534357766928,-0.20734700888065363,1.6507457277203508,0.9188437618836773
2198,Kwame Brown,WAS,2003-04,Rebounder,Very Good,74,2230.0916666666667,805,550,112,66,52,140,0.489,0.5,0.683,0.547,0.49,0.173,0.112,98.4,102.9,-4.6,0.8,0.081,0.169,0.087,0.125,22.5,0.058053769497217966,-0.4052897744912591,1.251650091912397,0.6275345165867109
1885,Lamar Odom,MIA,2003-04,Rebounder,Elite,80,3001.9566666666665,1371,776,327,85,71,236,0.43,0.298,0.742,0.516,0.457,0.243,0.143,101.1,99.9,1.2,1.39,0.054,0.213,0.203,0.133,25.5,0.8014141870666608,1.037491646661867,1.9532308862581922,1.1928962536215233
1924,Lee Nailon,CLE,2003-04,Rebounder,Average,57,778.8716666666667,341,143,38,15,8,45,0.45,0.0,0.81,0.484,0.45,0.222,0.076,95.0,107.4,-12.4,0.84,0.08,0.108,0.09,0.093,18.0,-0.27806049442394665,-0.6607339723395391,-0.23594392938914024,-0.6104594471251504
2437,Lonny Baxter,WAS,2003-04,Rebounder,Average,62,764.0633333333334,251,187,20,17,29,38,0.493,0.333,0.579,0.518,0.495,0.168,0.076,91.1,96.8,-5.7,0.53,0.085,0.159,0.05,0.123,28.60000000000001,-0.543873698864224,-0.9516745495383172,0.26299435743254085,0.24552957834072411
2254,Loren Woods,MIA,2003-04,Rebounder,Average,38,502.0916666666666,121,134,10,11,19,26,0.458,0.0,0.6,0.503,0.458,0.135,0.081,93.7,96.7,-3.0,0.38,0.127,0.149,0.036,0.137,28.700000000000003,-0.9649620111477809,-1.067118609450541,0.30072045276380543,0.08806222818507721
953,Lorenzen Wright,MEM,2003-04,Rebounder,Very Good,65,1677.1533333333334,610,445,71,45,58,77,0.439,0.0,0.733,0.474,0.439,0.194,0.095,100.7,100.4,0.2,0.92,0.086,0.186,0.072,0.135,25.0,-0.34622029162226914,-0.6404219187308865,1.1004418836743461,0.6175373665243518
990,Malik Rose,SAS,2003-04,Rebounder,Very Good,67,1253.625,529,320,69,36,24,112,0.428,0.0,0.813,0.526,0.428,0.219,0.106,98.1,93.4,4.7,0.62,0.089,0.165,0.1,0.128,32.0,0.07569057905188215,-0.4904870079978806,0.6795919805834243,0.5915740493215965
2055,Mamadou N'diaye,ATL,2003-04,Rebounder,Average,28,370.7183333333333,98,112,0,8,25,18,0.391,0.0,0.746,0.516,0.391,0.133,0.065,99.9,105.6,-5.7,0.0,0.11,0.183,0.0,0.146,19.80000000000001,-0.9218614300722262,-1.306151042730944,0.35700301266529166,-0.40523368455199577
1531,Marc Jackson,PHI,2003-04,Rebounder,Average,22,597.125,206,126,18,12,6,24,0.415,0.0,0.79,0.498,0.415,0.181,0.09,97.5,99.6,-2.1,0.75,0.074,0.146,0.054,0.109,25.80000000000001,-0.5955098580060812,-0.9365633188433248,-0.07721689643656521,-0.2034919985601106
948,Marcus Camby,DEN,2003-04,Rebounder,Elite,72,2164.398333333333,622,727,132,86,187,98,0.477,0.0,0.721,0.511,0.477,0.142,0.124,104.1,101.6,2.5,1.35,0.097,0.244,0.092,0.169,23.80000000000001,-0.5066827322921407,-0.30360768136990757,2.2818428906270842,2.2770004933320944
2033,Marcus Fizer,CHI,2003-04,Rebounder,Average,46,741.3,360,202,43,16,8,51,0.383,0.118,0.75,0.447,0.386,0.264,0.089,95.7,101.6,-5.9,0.84,0.074,0.198,0.106,0.131,23.80000000000001,-0.168447257514575,-0.5524530623691721,0.40471227062496246,-0.25932096889972295
2440,Matt Barnes,LAC,2003-04,Rebounder,Average,38,720.3866666666667,171,151,48,27,3,44,0.457,0.154,0.705,0.519,0.464,0.126,0.075,95.2,108.2,-13.0,1.09,0.072,0.141,0.116,0.105,17.200000000000003,-0.9033083239003381,-0.4778780724083085,-0.06184104906365448,-0.5837141519203717
1723,Matt Harpring,UTA,2003-04,Rebounder,Average,31,1130.855,502,247,63,22,2,65,0.471,0.242,0.688,0.524,0.48,0.22,0.111,103.7,102.5,1.2,0.97,0.087,0.148,0.102,0.118,22.900000000000006,0.052104967555011296,-0.5013298492620758,0.35849880092905595,-0.3107367828328391
1720,Michael Doleac,DEN,2003-04,Rebounder,Average,72,1024.7666666666669,325,265,44,23,36,48,0.435,0.0,0.865,0.471,0.435,0.172,0.086,92.4,97.4,-5.0,0.92,0.083,0.175,0.078,0.128,28.0,-0.7299509511816306,-0.7060676644245163,0.533656158481834,0.34326719896240143
2552,Michael Sweetney,NYK,2003-04,Rebounder,Very Good,42,496.695,180,157,14,18,12,32,0.493,0.0,0.724,0.544,0.493,0.178,0.12,101.1,97.3,3.7,0.44,0.143,0.184,0.049,0.164,28.10000000000001,-0.3732145111050256,-0.979370350807264,0.7057188264144747,0.05451671570205193
2399,Mike Dunleavy,GSW,2003-04,Rebounder,Very Good,75,2340.8483333333334,877,442,220,68,13,143,0.449,0.37,0.741,0.547,0.514,0.179,0.111,97.9,102.4,-4.4,1.54,0.037,0.152,0.161,0.094,23.0,0.15389938496607616,0.40782323510514884,0.570155921431458,0.2830534838682576
1737,Nazr Mohammed,NYK,2003-04,Rebounder,Very Good,80,1610.74,592,474,36,55,52,96,0.521,0.0,0.592,0.542,0.521,0.178,0.107,94.8,100.6,-5.9,0.38,0.113,0.19,0.039,0.151,24.80000000000001,-0.08753622364732738,-0.9545936750649944,1.3812243314755235,0.6486952768791362
970,Othella Harrington,NYK,2003-04,Rebounder,Average,56,871.035,258,177,29,12,14,65,0.495,0.0,0.744,0.546,0.495,0.159,0.056,94.8,98.8,-4.0,0.45,0.07,0.143,0.059,0.106,26.60000000000001,-0.4446189812492432,-0.8679984476230177,0.019886448416323005,-0.07554854649592853
136,P.J. Brown,NOH,2003-04,Rebounder,Elite,80,2757.1583333333333,836,690,155,78,73,101,0.476,0.0,0.854,0.527,0.476,0.147,0.116,100.9,99.0,2.0,1.53,0.085,0.166,0.097,0.125,26.400000000000006,-0.22427387134418597,-0.19088651428154127,1.6231230936255359,1.1934808486040374
2200,Pau Gasol,MEM,2003-04,Rebounder,Very Good,78,2451.613333333333,1381,600,198,44,132,187,0.482,0.267,0.714,0.542,0.484,0.264,0.137,105.7,103.6,2.1,1.06,0.085,0.163,0.143,0.124,21.80000000000001,1.111011741001763,0.22575226598519668,1.3715793667909806,1.1678533796549992
1542,Predrag Drobnjak,LAC,2003-04,Rebounder,Average,61,952.2133333333334,382,196,39,22,24,48,0.393,0.306,0.849,0.458,0.408,0.214,0.082,94.9,107.2,-12.3,0.81,0.054,0.157,0.078,0.103,18.200000000000003,-0.45571318600564625,-0.7244661210362077,0.03208167859192235,-0.36429954749790583
2047,Quentin Richardson,LAC,2003-04,Rebounder,Average,65,2339.728333333333,1121,414,139,67,19,141,0.398,0.352,0.74,0.484,0.454,0.236,0.093,102.7,106.5,-3.9,0.99,0.06,0.117,0.108,0.088,18.900000000000006,0.3869224212074241,-0.18796738875486405,0.41942339526074834,0.09250273724542063
2417,Qyntel Woods,POR,2003-04,Rebounder,Average,62,665.25,224,136,46,20,14,52,0.371,0.345,0.633,0.425,0.392,0.212,0.052,94.5,100.9,-6.3,0.88,0.069,0.145,0.121,0.106,24.5,-0.7729743760288188,-0.45714918837839896,-0.08890207351395335,-0.11604246059338896
1714,Robert Traylor,NOH,2003-04,Rebounder,Very Good,71,938.8283333333334,362,262,43,39,37,62,0.505,0.4,0.547,0.527,0.509,0.193,0.09,100.7,98.3,2.4,0.69,0.111,0.176,0.082,0.142,27.10000000000001,-0.2293562900132341,-0.6872767424071856,0.704051182996362,0.4662872624339131
955,Samaki Walker,MIA,2003-04,Rebounder,Average,33,416.17333333333335,105,112,6,9,11,15,0.384,0.0,0.659,0.444,0.384,0.146,0.07,92.3,96.6,-4.3,0.4,0.095,0.164,0.029,0.129,28.80000000000001,-1.2333097272992464,-1.1211609480843148,0.14042888948572685,-0.007724742211176139
281,Scott Williams,DAL,2003-04,Rebounder,Average,43,535.2533333333333,198,132,17,20,16,16,0.484,0.667,0.593,0.5,0.489,0.177,0.071,105.2,100.0,5.2,1.06,0.071,0.185,0.047,0.127,25.400000000000006,-0.6191259053119335,-0.9795665835100836,0.16801715254967176,-0.042928325042691284
406,Shaquille O'Neal,LAL,2003-04,Rebounder,Elite,67,2465.4416666666666,1439,769,196,34,166,195,0.584,0.0,0.49,0.578,0.584,0.258,0.156,107.5,98.4,9.0,1.01,0.101,0.203,0.14,0.154,27.0,1.314746789947357,0.20153992333576862,2.2021899765708217,1.7137578366337582
949,Shareef Abdur-Rahim,POR,2003-04,Rebounder,Very Good,85,2690.3216666666667,1384,639,174,68,37,184,0.475,0.265,0.869,0.557,0.48,0.244,0.145,97.2,99.7,-2.4,0.95,0.074,0.163,0.126,0.12,25.700000000000003,1.0525285895487293,0.04193956755548546,1.424102514335205,0.6845102425756554
2098,Slava Medvedenko,LAL,2003-04,Rebounder,Very Good,68,1448.9116666666666,563,343,57,38,18,59,0.441,0.0,0.767,0.479,0.441,0.199,0.083,98.5,99.5,-1.0,0.97,0.1,0.139,0.068,0.119,25.900000000000006,-0.31492420007788385,-0.7144082105832912,0.6259627992656028,0.19318847337781994
2212,Steven Hunter,ORL,2003-04,Rebounder,Average,59,790.2116666666667,187,170,12,5,73,29,0.529,0.0,0.333,0.504,0.529,0.123,0.053,96.7,107.8,-11.1,0.41,0.065,0.142,0.025,0.103,17.60000000000001,-0.9994944302246754,-1.121553413489954,-0.03690616458337487,-0.07993978632835624
339,Tom Gugliotta,UTA,2003-04,Rebounder,Average,55,818.4833333333333,161,187,63,31,12,39,0.345,0.25,0.714,0.374,0.347,0.143,0.069,93.3,101.5,-8.2,1.62,0.08,0.165,0.132,0.12,23.900000000000006,-1.6151143674969413,-0.33280024921455886,0.2247753945184999,-0.05755520130780386
1499,Tony Battie,CLE,2003-04,Rebounder,Very Good,73,1474.7316666666666,408,359,58,26,67,63,0.443,0.222,0.742,0.482,0.445,0.149,0.086,97.5,99.5,-2.0,0.92,0.078,0.156,0.068,0.118,25.900000000000006,-0.775573779101502,-0.7107285192609528,0.6556772022995669,0.5646078542686304
763,Tony Massenburg,SAC,2003-04,Rebounder,Average,59,783.0133333333333,251,188,29,14,18,45,0.475,0.0,0.683,0.509,0.475,0.167,0.06,96.3,104.1,-7.7,0.64,0.07,0.17,0.066,0.118,21.30000000000001,-0.6026520067517326,-0.828674874278597,0.20194946449280457,-0.325755742369378
2211,Troy Murphy,GSW,2003-04,Rebounder,Average,28,612.4866666666667,279,173,20,12,17,34,0.44,0.294,0.75,0.501,0.451,0.231,0.118,97.4,101.4,-4.0,0.59,0.081,0.207,0.06,0.144,24.0,-0.15968927416690326,-0.8954980161891448,0.49337979765951306,-0.19795830961541816
2199,Tyson Chandler,CHI,2003-04,Rebounder,Very Good,35,786.7116666666667,213,270,23,17,43,38,0.424,0.0,0.669,0.507,0.424,0.139,0.114,87.9,97.9,-10.0,0.61,0.097,0.235,0.052,0.164,27.5,-0.8464642363631828,-0.9294001689014679,1.005550606368651,0.32254393182928615
2617,Udonis Haslem,MIA,2003-04,Rebounder,Very Good,75,1796.5316666666668,550,473,51,33,24,74,0.459,0.0,0.765,0.521,0.459,0.154,0.095,99.0,99.2,-0.2,0.69,0.107,0.165,0.049,0.135,26.200000000000003,-0.4135843085771625,-0.8432217718807481,1.1747364840169738,0.21971284521954595
452,Vin Baker,NYK,2003-04,Rebounder,Average,54,1321.2266666666667,531,280,66,29,32,77,0.481,0.333,0.726,0.53,0.483,0.199,0.088,99.8,102.0,-2.1,0.86,0.089,0.126,0.09,0.108,23.400000000000006,-0.046406619561176386,-0.5577026153140676,0.31866375114320716,0.09469401535227141
958,Vitaly Potapenko,SEA,2003-04,Rebounder,Average,65,1422.4266666666667,459,289,53,22,28,77,0.489,0.0,0.641,0.511,0.489,0.173,0.064,106.3,108.9,-2.5,0.69,0.075,0.143,0.061,0.109,16.5,-0.39729506416571786,-0.7684505492170648,0.355283812700875,-0.42371263906977025
1735,Vladimir Stepania,POR,2003-04,Rebounder,Average,42,453.53333333333336,108,125,23,11,15,19,0.417,0.0,0.611,0.454,0.417,0.139,0.075,99.2,93.4,5.8,1.21,0.11,0.176,0.082,0.142,32.0,-1.2252142929287528,-0.760870568853951,0.3405383170342191,0.24148279983614537
2397,Yao Ming,HOU,2003-04,Rebounder,Elite,82,2701.445,1431,735,122,22,156,204,0.522,0.0,0.809,0.586,0.522,0.249,0.158,100.8,96.8,3.9,0.6,0.082,0.196,0.09,0.142,28.60000000000001,1.2888335495352594,-0.3516399012631247,1.9590992530700384,1.5822543214224944
2216,Zach Randolph,POR,2003-04,Rebounder,Elite,81,3072.238333333333,1626,851,163,68,41,247,0.485,0.2,0.761,0.528,0.485,0.272,0.133,102.2,103.2,-1.1,0.66,0.085,0.21,0.101,0.148,22.200000000000003,1.266211578948383,-0.13897837036316618,2.3433290946032925,0.5193387359146864
2560,Zarko Cabarkapa,PHX,2003-04,Rebounder,Average,49,574.5916666666667,203,99,40,10,13,54,0.411,0.188,0.66,0.461,0.426,0.207,0.048,93.3,105.0,-11.7,0.74,0.045,0.124,0.12,0.085,20.400000000000006,-0.6188896106236551,-0.4848449896473458,-0.4546098215078547,-0.470667721682541
2585,Zaza Pachulia,ORL,2003-04,Rebounder,Average,59,658.9166666666666,194,174,13,21,12,34,0.389,0.0,0.644,0.452,0.389,0.163,0.059,95.8,99.5,-3.8,0.38,0.098,0.161,0.033,0.129,25.900000000000006,-0.9989389876630689,-1.072932495488278,0.30493836167297406,-0.04365948059191808
1442,Zeljko Rebraca,ATL,2003-04,Rebounder,Average,24,269.8383333333333,91,58,6,5,11,17,0.442,0.0,0.767,0.504,0.442,0.182,0.048,97.8,105.4,-7.6,0.35,0.086,0.138,0.04,0.112,20.0,-0.6368162858724792,-1.0593667614002251,-0.21942767721176315,-0.566211334400047
1985,Zendon Hamilton,PHI,2003-04,Rebounder,Very Good,46,470.7366666666667,169,146,13,8,8,27,0.537,0.0,0.698,0.616,0.537,0.154,0.112,92.5,99.2,-6.8,0.48,0.108,0.212,0.049,0.16,26.200000000000003,-0.14517611231255226,-0.9830500421296022,0.6255730447754355,-0.2012006522874128
1425,Aaron Williams,TOR,2004-05,Rebounder,Average,42,311.5833333333333,73,60,8,5,8,17,0.46,0.0,0.882,0.518,0.46,0.128,0.02,86.4,106.4,-20.0,0.47,0.055,0.152,0.049,0.101,19.0,-0.965057491281418,-1.0014484987412935,-0.3542571173959158,-0.6553184014587672
1733,Al Harrington,ATL,2004-05,Rebounder,Very Good,66,2546.4483333333333,1158,461,208,85,16,204,0.459,0.216,0.672,0.508,0.468,0.236,0.095,97.8,108.0,-10.2,1.02,0.057,0.139,0.148,0.096,17.400000000000006,0.5508258005423308,0.29063744588316553,0.6460494231304589,0.16052286555156406
2744,Al Jefferson,BOS,2004-05,Rebounder,Very Good,71,1044.215,475,312,24,22,55,66,0.528,0.0,0.63,0.554,0.528,0.206,0.102,101.3,102.8,-1.5,0.36,0.12,0.178,0.042,0.15,22.60000000000001,0.10167328357544687,-0.9818970109283018,0.9386373466170684,0.20786240681515403
297,Alonzo Mourning,MIA,2004-05,Rebounder,Very Good,37,703.6566666666666,282,198,18,8,74,57,0.472,0.0,0.582,0.515,0.472,0.22,0.12,94.0,97.7,-3.7,0.32,0.082,0.2,0.052,0.144,27.700000000000003,-0.15800562324346562,-0.9477986255131592,0.559714262251145,0.5546839844896277
2760,Anderson Varejao,CLE,2004-05,Rebounder,Very Good,54,868.7616666666667,266,257,27,41,38,26,0.513,0.0,0.535,0.534,0.513,0.14,0.106,104.8,99.3,5.5,1.04,0.12,0.18,0.05,0.148,26.10000000000001,-0.6465493834489192,-0.9259167102819492,0.7672222159061175,0.4383727772641069
2804,Andres Nocioni,CHI,2004-05,Rebounder,Average,81,1895.4983333333328,677,386,122,37,34,135,0.401,0.258,0.766,0.484,0.422,0.194,0.083,97.5,101.3,-3.8,0.9,0.036,0.166,0.111,0.101,24.10000000000001,-0.24072795117222656,-0.23366918122986288,0.5107443008789646,0.23894811939956387
2740,Andris Biedrins,GSW,2004-05,Rebounder,Average,30,382.305,109,118,12,12,24,12,0.577,0.0,0.475,0.57,0.577,0.122,0.071,109.8,102.6,7.2,1.0,0.116,0.173,0.047,0.145,22.80000000000001,-0.6857071395921633,-0.997965040121775,0.36018362986260305,-0.19764167165331284
1712,Antawn Jamison,WAS,2004-05,Rebounder,Very Good,68,2608.795,1334,519,154,55,16,118,0.437,0.341,0.76,0.506,0.466,0.234,0.113,107.3,105.4,1.8,1.31,0.058,0.138,0.101,0.097,20.0,0.6516719759887507,-0.1720955922642106,0.8126850352877253,0.0024441325309123205
952,Antoine Walker,BOS,2004-05,Rebounder,Very Good,77,2965.4366666666665,1473,695,265,89,58,253,0.422,0.323,0.539,0.478,0.462,0.268,0.109,99.7,109.1,-9.4,1.05,0.061,0.188,0.163,0.122,16.30000000000001,0.8407170540112975,0.5846446512802053,1.5981710236298214,0.5622716628794052
213,Antonio Davis,CHI,2004-05,Rebounder,Very Good,72,1842.743333333333,501,428,80,27,41,96,0.461,0.0,0.757,0.516,0.461,0.143,0.089,98.3,97.3,1.0,0.83,0.081,0.148,0.071,0.114,28.10000000000001,-0.5580335899513486,-0.6129223501647594,0.78780170735375,0.4411754382359625
686,Antonio McDyess,DET,2004-05,Rebounder,Very Good,77,1805.085,740,482,71,46,52,93,0.513,0.0,0.656,0.542,0.513,0.198,0.121,101.4,100.7,0.7,0.76,0.102,0.181,0.073,0.141,24.700000000000003,0.16560345953192016,-0.6348042653959693,1.275054817098043,0.549567542929378
1506,Austin Croshere,IND,2004-05,Rebounder,Very Good,73,1826.325,647,375,98,48,17,104,0.378,0.259,0.883,0.531,0.424,0.18,0.097,99.9,105.1,-5.2,0.94,0.06,0.162,0.099,0.11,20.30000000000001,-0.09612496650314295,-0.38939361298498804,0.5962140252007692,-0.04234154151934726
1052,Ben Handlogten,UTA,2004-05,Rebounder,Average,21,294.7083333333333,95,65,13,7,5,18,0.518,0.0,0.529,0.525,0.518,0.168,0.058,100.4,108.6,-8.3,0.72,0.091,0.179,0.075,0.133,16.80000000000001,-0.6163501787923295,-0.8369910554217543,0.06667871327218,-0.794208352700266
1112,Ben Wallace,DET,2004-05,Rebounder,Elite,74,2673.775,721,902,123,106,176,82,0.453,0.111,0.428,0.459,0.454,0.15,0.126,105.1,98.0,7.1,1.5,0.111,0.227,0.075,0.169,27.400000000000006,-0.6740370140724169,-0.4322250099645449,2.746184142768508,2.5844524782427443
1802,Brad Miller,SAC,2004-05,Rebounder,Very Good,56,2092.5,876,521,220,69,68,82,0.524,0.263,0.812,0.596,0.528,0.173,0.14,109.2,104.1,5.1,2.68,0.068,0.177,0.16,0.124,21.30000000000001,0.3894146175744877,0.4022055817702316,1.1619624586814237,0.7499924193914048
2599,Brandon Hunter,ORL,2004-05,Rebounder,Average,31,216.74166666666667,95,69,3,4,7,22,0.507,0.0,0.538,0.527,0.507,0.207,0.071,100.2,103.7,-3.5,0.14,0.108,0.183,0.023,0.146,21.700000000000003,-0.3194163058779823,-1.1659059420608329,0.24290773356768475,-0.5171596057664946
2567,Brian Cook,LAL,2004-05,Rebounder,Average,72,1081.915,458,216,35,23,26,29,0.417,0.392,0.757,0.522,0.509,0.19,0.081,107.6,104.5,3.1,1.21,0.057,0.14,0.056,0.098,20.900000000000006,-0.2106751197753515,-0.8627732596937399,0.02145097874182654,-0.1750656339197917
1730,Brian Skinner,SAC,2004-05,Rebounder,Very Good,49,943.5166666666668,233,280,43,31,49,40,0.507,0.0,0.357,0.494,0.507,0.126,0.08,101.8,107.1,-5.2,1.08,0.107,0.191,0.067,0.147,18.30000000000001,-1.0015354951989315,-0.771541542430944,0.8155102690257386,-0.01223521347133453
2430,Carlos Boozer,UTA,2004-05,Rebounder,Very Good,51,1780.753333333333,909,457,144,41,24,137,0.521,0.0,0.698,0.56,0.521,0.242,0.14,104.8,107.4,-2.6,1.05,0.087,0.198,0.147,0.142,18.0,0.7124944914674546,0.04951954791859918,1.2214600068110912,-0.17918458667987971
2365,Chris Andersen,NOH,2004-05,Rebounder,Very Good,67,1423.8583333333331,513,410,71,14,100,64,0.534,0.0,0.689,0.581,0.534,0.166,0.141,98.6,100.3,-1.7,1.11,0.102,0.196,0.093,0.15,25.10000000000001,-0.009368862123754132,-0.5224511986976247,1.1986684478162657,0.7271440710706784
2547,Chris Bosh,TOR,2004-05,Rebounder,Elite,81,3013.418333333333,1361,718,153,76,113,187,0.471,0.3,0.76,0.547,0.472,0.217,0.117,105.8,106.1,-0.4,0.82,0.066,0.181,0.086,0.123,19.30000000000001,0.7811137863566109,-0.2600400836103074,1.671938385358803,1.1602984899988467
2549,Chris Kaman,LAC,2004-05,Rebounder,Very Good,63,1634.945,572,423,73,26,68,115,0.497,0.0,0.661,0.522,0.497,0.185,0.089,102.0,105.7,-3.7,0.63,0.088,0.185,0.077,0.137,19.700000000000003,-0.16506655188256647,-0.6049742694116238,1.0675468634430705,0.21044633296478685
2036,Chris Mihm,LAL,2004-05,Rebounder,Very Good,75,1873.245,735,502,50,14,108,110,0.507,0.0,0.678,0.552,0.507,0.186,0.086,104.5,108.8,-4.4,0.45,0.107,0.159,0.046,0.133,16.60000000000001,0.131327292127074,-0.863754423207838,1.2262051543339063,0.30866904517448684
185,Chris Webber,PHI,2004-05,Rebounder,Very Good,67,2373.093333333333,1306,612,318,94,53,182,0.433,0.341,0.794,0.472,0.438,0.292,0.13,106.1,105.3,0.8,1.75,0.056,0.199,0.231,0.129,20.10000000000001,0.8616715347450808,1.161668718138505,1.4671181813183654,0.786758922743712
2404,Chris Wilcox,LAC,2004-05,Rebounder,Average,54,1007.0633333333334,426,228,38,26,24,77,0.514,0.0,0.611,0.543,0.514,0.212,0.092,100.5,102.6,-2.1,0.49,0.069,0.166,0.068,0.12,22.80000000000001,0.04736698007956728,-0.7843223457077182,0.33356391644877625,-0.052582590516945804
221,Clar. Weatherspoon,HOU,2004-05,Rebounder,Average,40,523.4416666666667,123,122,17,9,6,15,0.412,0.0,0.829,0.475,0.412,0.133,0.058,105.2,99.3,5.9,1.13,0.076,0.165,0.051,0.123,26.10000000000001,-1.1382516910851308,-0.9570959701704148,0.09052474949429778,-0.2169496848601958
2414,Curtis Borchardt,UTA,2004-05,Rebounder,Very Good,67,856.25,200,224,49,10,32,52,0.43,0.0,0.732,0.492,0.43,0.136,0.056,97.6,104.4,-6.8,0.94,0.101,0.188,0.096,0.141,21.0,-0.9635636617069924,-0.5865514477843148,0.5904831425124013,-0.24318310059446188
2429,Dan Gadzuric,MIL,2004-05,Rebounder,Elite,81,1778.128333333333,593,674,30,47,106,81,0.539,0.0,0.538,0.551,0.539,0.155,0.109,105.7,106.6,-0.9,0.37,0.147,0.238,0.026,0.192,18.80000000000001,-0.20372833637223484,-1.049701316352948,2.4342258747004712,0.7596193792415415
1504,Danny Fortson,SEA,2004-05,Rebounder,Very Good,62,1046.5583333333334,463,348,8,15,7,91,0.522,0.0,0.88,0.682,0.522,0.187,0.092,110.7,105.3,5.4,0.09,0.16,0.19,0.013,0.175,20.10000000000001,0.6857749711020764,-1.2036840187983138,1.3526503332460256,-0.4971920935242671
2443,Darius Songaila,SAC,2004-05,Rebounder,Average,81,1658.48,608,344,114,51,18,70,0.527,0.0,0.847,0.566,0.527,0.161,0.095,109.2,104.6,4.6,1.63,0.075,0.133,0.106,0.104,20.80000000000001,-0.06322516697199887,-0.2911949784831552,0.43752136327906366,0.02823734882341235
2561,David West,NOH,2004-05,Rebounder,Average,30,548.9916666666667,186,129,23,12,16,37,0.436,0.4,0.68,0.479,0.442,0.191,0.084,85.8,106.5,-20.8,0.62,0.067,0.179,0.085,0.118,18.900000000000006,-0.6453612038457305,-0.7440176088491993,0.04540012805655319,-0.5077246163709533
87,Dikembe Mutombo,HOU,2004-05,Rebounder,Very Good,80,1220.361666666667,322,426,10,16,101,51,0.498,0.0,0.741,0.575,0.498,0.125,0.127,100.0,90.7,9.3,0.2,0.126,0.216,0.014,0.172,34.7,-0.48155328993291047,-1.19070698281872,1.5213948998578766,1.3220291414255991
923,Donyell Marshall,TOR,2004-05,Rebounder,Very Good,65,1657.381666666667,747,428,81,57,46,42,0.443,0.416,0.791,0.591,0.57,0.184,0.133,108.0,107.1,0.8,1.93,0.058,0.199,0.083,0.13,18.30000000000001,0.34832402707927185,-0.5418308188234142,0.9916361762286348,0.22680783091555826
2400,Drew Gooden,CLE,2004-05,Rebounder,Elite,82,2524.4866666666667,1184,753,130,77,76,133,0.492,0.179,0.81,0.548,0.495,0.215,0.14,106.8,104.3,2.5,0.98,0.084,0.229,0.088,0.156,21.10000000000001,0.6445469975185573,-0.333437677354253,2.1852152278415375,0.9020720999125796
2730,Dwight Howard,ORL,2004-05,Rebounder,Elite,82,2678.443333333333,981,823,75,77,136,165,0.52,0.0,0.671,0.571,0.52,0.167,0.115,103.0,105.9,-2.9,0.45,0.111,0.199,0.043,0.156,19.5,0.27827395795321946,-0.788615100154133,2.370951728698107,1.4151124600177265
2204,Eddie Griffin,MIN,2004-05,Rebounder,Very Good,70,1492.6683333333333,527,453,53,23,118,55,0.387,0.328,0.718,0.474,0.451,0.186,0.106,108.1,103.6,4.5,0.96,0.09,0.203,0.057,0.15,21.80000000000001,-0.4646395094685696,-0.7909211625567338,1.3127637269138726,0.8086202619074333
2059,Eduardo Najera,DEN,2004-05,Rebounder,Average,68,1182.61,354,243,65,41,24,61,0.45,0.286,0.637,0.489,0.46,0.153,0.064,104.1,102.3,1.8,1.07,0.082,0.12,0.084,0.101,23.10000000000001,-0.7452111397382479,-0.5950882266459092,0.13131116341482996,0.12046425607258386
922,Elden Campbell,DET,2004-05,Rebounder,Average,40,392.9583333333333,120,93,19,8,7,29,0.317,0.0,0.764,0.408,0.317,0.211,0.044,96.1,100.0,-3.9,0.66,0.08,0.176,0.089,0.129,25.400000000000006,-0.9524924624343408,-0.7362657607988835,0.09001469639608661,-0.25832185633008725
1882,Elton Brand,LAC,2004-05,Rebounder,Elite,81,3004.688333333333,1622,770,208,62,169,183,0.503,0.0,0.752,0.554,0.503,0.248,0.148,106.1,103.2,2.9,1.14,0.107,0.162,0.128,0.135,22.200000000000003,1.2362913549443733,0.17828437918482098,1.9627899233655612,1.752205950678098
2731,Emeka Okafor,CHA,2004-05,Rebounder,Elite,73,2599.63,1105,795,64,62,125,125,0.447,0.0,0.609,0.479,0.447,0.215,0.111,99.6,106.3,-6.7,0.51,0.101,0.215,0.042,0.154,19.10000000000001,0.19306623393615005,-0.8347093580347711,2.2711778197461188,1.124898041889449
956,Erick Dampier,DAL,2004-05,Rebounder,Very Good,59,1605.845,542,501,51,15,80,102,0.55,0.0,0.605,0.58,0.55,0.159,0.094,108.9,99.3,9.6,0.5,0.121,0.194,0.048,0.159,26.10000000000001,-0.045416453757225285,-0.8488394252156652,1.5547827876719285,0.5939108289970426
2041,Etan Thomas,WAS,2004-05,Rebounder,Average,47,979.0733333333334,332,244,20,17,51,50,0.502,0.0,0.528,0.521,0.502,0.164,0.071,102.8,108.2,-5.4,0.4,0.082,0.176,0.034,0.125,17.200000000000003,-0.4975899550456731,-1.0415570028969927,0.4397162453108222,-0.2016895091560099
2761,Jackson Vroman,NOH,2004-05,Rebounder,Average,46,706.105,212,175,40,25,19,64,0.412,0.0,0.64,0.457,0.412,0.186,0.055,99.3,103.6,-4.4,0.63,0.09,0.174,0.095,0.129,21.80000000000001,-0.788999538399706,-0.6252863230202765,0.3075917402566393,-0.1722859485201229
2048,Jamaal Magloire,NOH,2004-05,Rebounder,Very Good,23,707.2,270,205,29,8,23,59,0.432,0.0,0.602,0.48,0.432,0.22,0.084,98.2,105.4,-7.1,0.49,0.107,0.2,0.076,0.15,20.0,-0.3667731775140431,-0.7724983409294248,0.6547258381648837,-0.41371767754824096
2441,Jamal Sampson,CHA,2004-05,Rebounder,Very Good,23,327.245,79,122,8,4,17,17,0.452,0.0,0.59,0.499,0.452,0.129,0.098,91.1,98.1,-7.0,0.47,0.099,0.278,0.042,0.182,27.30000000000001,-1.0620433034757586,-1.040772072085714,0.8421643534704351,-0.08695878545855444
2044,Jason Collier,ATL,2004-05,Rebounder,Average,70,941.5116666666668,402,184,18,15,13,63,0.463,0.429,0.676,0.494,0.471,0.218,0.05,91.1,110.4,-19.3,0.29,0.086,0.124,0.035,0.103,15.0,-0.2061769758214934,-1.0432987322067522,0.00024113558793903422,-0.7361361522582954
1902,Jeff Foster,IND,2004-05,Rebounder,Elite,61,1603.34,426,550,43,46,12,55,0.519,0.0,0.634,0.551,0.519,0.129,0.117,104.3,96.4,7.9,0.78,0.135,0.222,0.047,0.179,29.0,-0.5144927416399255,-0.8838946091292886,1.9395914243651329,0.3975140855193379
966,Jerome Williams,NYK,2004-05,Rebounder,Average,79,1210.9466666666667,359,283,41,55,10,65,0.502,0.0,0.669,0.563,0.502,0.14,0.084,102.3,101.4,0.9,0.63,0.097,0.151,0.055,0.123,24.0,-0.4136739829256079,-0.8463127650946274,0.5177187014644075,0.17675804871048742
693,Joe Smith,MIL,2004-05,Rebounder,Very Good,74,2270.8683333333333,813,541,67,43,38,79,0.514,0.0,0.768,0.564,0.514,0.155,0.097,105.7,107.1,-1.4,0.85,0.078,0.164,0.047,0.12,18.30000000000001,0.02925239923653929,-0.7955820173931702,1.164071413136008,0.0008090377546109325
2038,Joel Przybilla,POR,2004-05,Rebounder,Elite,76,1857.93,488,588,74,24,163,98,0.598,0.0,0.517,0.596,0.598,0.123,0.101,101.5,105.5,-4.0,0.76,0.102,0.218,0.063,0.162,19.900000000000006,-0.25641527114433765,-0.6799417247781268,1.8238456873648485,1.1626336223899532
2823,John Edwards,IND,2004-05,Rebounder,Average,25,133.39,29,19,3,3,4,8,0.367,0.0,0.5,0.401,0.367,0.155,0.015,84.0,111.9,-27.9,0.38,0.067,0.088,0.041,0.078,13.5,-1.4680867642405537,-1.0647881820323226,-0.756057688333839,-1.0396616961199454
2735,Josh Childress,ATL,2004-05,Rebounder,Very Good,80,2371.7716666666665,807,482,151,74,35,106,0.47,0.232,0.823,0.543,0.481,0.155,0.098,99.8,109.2,-9.4,1.42,0.081,0.131,0.1,0.105,16.200000000000003,-0.09514275460775944,-0.18875231956614263,0.8164272621295523,0.1682740792291075
1908,Jumaine Jones,LAL,2004-05,Rebounder,Very Good,76,1835.0466666666664,577,398,65,44,24,49,0.432,0.391,0.733,0.556,0.537,0.139,0.086,107.0,107.4,-0.4,1.33,0.058,0.156,0.057,0.107,18.0,-0.3038067512960721,-0.7467648666886746,0.6190227697110295,-0.14810049786494392
436,Juwan Howard,HOU,2004-05,Rebounder,Very Good,61,1621.4916666666666,585,346,94,32,5,79,0.451,0.0,0.843,0.494,0.451,0.19,0.09,102.7,101.9,0.8,1.19,0.083,0.14,0.1,0.112,23.5,-0.2791802191207821,-0.3984947249394239,0.5447453548838367,-0.14151795641080103
1509,Kelvin Cato,ORL,2004-05,Rebounder,Very Good,62,1521.96,432,416,40,55,82,64,0.539,0.0,0.783,0.6,0.539,0.122,0.106,103.0,101.7,1.3,0.63,0.07,0.197,0.039,0.136,23.700000000000003,-0.28124994857391084,-0.9398749097756414,1.0362335590527332,0.8875890544168584
2570,Kendrick Perkins,BOS,2004-05,Rebounder,Very Good,60,540.8366666666667,149,176,21,9,37,43,0.471,0.0,0.638,0.515,0.471,0.153,0.081,100.0,98.7,1.3,0.49,0.107,0.213,0.062,0.164,26.700000000000003,-0.7443907294710296,-0.8805830181969722,0.7561330195041149,0.13194450426475365
1903,Kenny Thomas,SAC,2004-05,Rebounder,Very Good,73,2171.0333333333333,908,535,152,67,17,131,0.47,0.2,0.762,0.515,0.471,0.205,0.103,104.2,105.7,-1.6,1.16,0.083,0.168,0.118,0.125,19.700000000000003,0.18362637703937632,-0.08395486821529431,1.211849413157418,0.11927154927887745
708,Kevin Garnett,MIN,2004-05,Rebounder,Elite,82,3120.785,1817,1108,466,121,112,222,0.502,0.24,0.811,0.567,0.504,0.268,0.213,106.9,104.6,2.3,2.1,0.083,0.272,0.264,0.181,20.80000000000001,1.5976530085472673,1.891645593896837,3.4456559826597184,1.7045743707940655
788,Kevin Willis,ATL,2004-05,Rebounder,Average,29,345.8,87,76,9,8,7,15,0.389,0.0,0.739,0.434,0.389,0.148,0.039,96.4,112.7,-16.2,0.6,0.081,0.146,0.043,0.112,12.700000000000003,-1.288824805967021,-1.0314747274284586,-0.17166686270578818,-1.00450622945877
2743,Kris Humphries,UTA,2004-05,Rebounder,Average,67,869.0166666666667,278,197,43,25,18,52,0.404,0.333,0.436,0.419,0.408,0.198,0.063,93.3,102.5,-9.2,0.83,0.08,0.158,0.095,0.116,22.900000000000006,-0.8708242998328827,-0.6142472490532617,0.2003505631364316,-0.11777326996874289
703,Kurt Thomas,NYK,2004-05,Rebounder,Elite,80,2859.5466666666666,916,831,160,70,79,99,0.471,0.5,0.786,0.488,0.472,0.164,0.107,104.9,107.5,-2.7,1.62,0.061,0.245,0.09,0.151,17.900000000000006,-0.2651176736143616,-0.21181163101427053,2.328480485844028,0.6718799911952053
2198,Kwame Brown,WAS,2004-05,Rebounder,Average,42,906.8566666666668,292,206,39,25,15,67,0.46,0.0,0.574,0.497,0.46,0.175,0.063,97.8,105.1,-7.4,0.58,0.078,0.15,0.074,0.113,20.30000000000001,-0.5831314784679754,-0.7469367343758766,0.18601200747537816,-0.30088781710666684
1885,Lamar Odom,LAL,2004-05,Rebounder,Elite,64,2316.35,975,653,238,42,65,161,0.473,0.308,0.695,0.539,0.496,0.208,0.129,105.7,107.8,-2.1,1.48,0.059,0.215,0.182,0.139,17.60000000000001,0.3911256705184767,0.5920283989404994,1.703303246295445,0.22249093036460513
2254,Loren Woods,TOR,2004-05,Rebounder,Very Good,45,702.67,176,220,17,8,39,37,0.433,0.0,0.576,0.463,0.433,0.143,0.074,96.4,103.8,-7.4,0.46,0.105,0.21,0.038,0.154,21.60000000000001,-1.0954364114922253,-1.0301254635243386,0.7454851341385841,-0.15783077341987597
953,Lorenzen Wright,MEM,2004-05,Rebounder,Elite,80,2286.346666666667,771,613,87,58,69,100,0.469,0.0,0.662,0.501,0.469,0.179,0.099,102.3,100.8,1.6,0.87,0.082,0.205,0.066,0.143,24.60000000000001,-0.18554906711317876,-0.6152527775829775,1.6481267201675547,0.8400253187364042
2573,Maciej Lampe,NOH,2004-05,Rebounder,Average,37,379.375,115,89,11,5,7,17,0.371,0.5,0.682,0.406,0.379,0.186,0.048,98.3,100.8,-2.5,0.65,0.059,0.155,0.05,0.108,24.60000000000001,-1.1505453311064795,-0.9847917714393615,-0.1881315583368608,-0.33640968518462483
2124,Malik Allen,CHA,2004-05,Rebounder,Average,36,515.8183333333334,194,99,18,9,22,18,0.475,0.0,0.929,0.512,0.475,0.181,0.088,99.9,106.6,-6.7,1.0,0.078,0.117,0.062,0.098,18.80000000000001,-0.5241181383505101,-0.8916220921639869,-0.2889943155470109,-0.483979388672404
990,Malik Rose,NYK,2004-05,Rebounder,Very Good,76,1481.77,534,341,59,46,16,102,0.449,0.1,0.737,0.511,0.45,0.192,0.077,100.9,100.3,0.6,0.58,0.091,0.149,0.07,0.12,25.10000000000001,-0.2041197350653423,-0.6958135212687802,0.6333956964029526,0.20884070883856845
1531,Marc Jackson,PHI,2004-05,Rebounder,Very Good,81,1970.065,969,406,81,32,18,131,0.465,0.0,0.828,0.548,0.465,0.223,0.103,101.7,101.6,0.1,0.62,0.092,0.113,0.074,0.102,23.80000000000001,0.5480638337164875,-0.5923896988376693,0.5765515268569503,0.007635478143993272
2033,Marcus Fizer,MIL,2004-05,Rebounder,Average,54,903.8816666666668,336,175,64,25,13,63,0.455,0.0,0.68,0.498,0.455,0.21,0.085,99.4,108.4,-9.0,1.02,0.035,0.179,0.128,0.107,17.0,-0.28946651701849496,-0.35159117123188954,0.02731934555367274,-0.515013172776171
2435,Mario Kasun,ORL,2004-05,Rebounder,Very Good,45,351.37666666666667,118,128,8,8,13,26,0.48,0.0,0.558,0.505,0.48,0.161,0.057,100.8,103.9,-3.1,0.31,0.133,0.216,0.035,0.172,21.5,-0.7653578518649509,-1.0800956454301347,0.7306880819256238,-0.42676030500471235
1548,Mark Blount,BOS,2004-05,Rebounder,Average,82,2143.8866666666668,771,397,129,33,64,158,0.529,0.0,0.713,0.559,0.529,0.178,0.078,103.9,103.9,0.0,0.82,0.072,0.118,0.098,0.096,21.5,0.1387475505718017,-0.280940835327419,0.47623319377588114,0.34826443260978474
2588,Matt Bonner,TOR,2004-05,Rebounder,Average,82,1545.0366666666666,589,285,48,39,19,40,0.533,0.424,0.789,0.596,0.576,0.153,0.084,104.0,105.8,-1.8,1.2,0.069,0.118,0.054,0.093,19.60000000000001,0.036035232888114756,-0.8261725791731768,0.14083582949132914,-0.1564871524926616
1723,Matt Harpring,UTA,2004-05,Rebounder,Very Good,78,2585.005,1090,480,142,70,16,133,0.489,0.209,0.778,0.549,0.494,0.198,0.103,103.3,109.3,-6.0,1.07,0.081,0.125,0.097,0.102,16.10000000000001,0.45802833904702034,-0.23872250147193874,0.7729015420481808,-0.07127865608746814
2230,Maurice Evans,SAC,2004-05,Rebounder,Average,65,1225.215,416,201,45,37,8,34,0.442,0.329,0.756,0.511,0.479,0.156,0.07,104.7,105.8,-1.1,1.32,0.07,0.093,0.056,0.081,19.60000000000001,-0.5527526633228262,-0.8259763464703571,-0.23492382319271765,-0.2885019824030832
1508,Maurice Taylor,NYK,2004-05,Rebounder,Average,65,1342.6966666666667,472,257,67,27,20,94,0.455,0.333,0.612,0.48,0.459,0.204,0.063,100.8,101.7,-0.9,0.71,0.054,0.147,0.091,0.101,23.700000000000003,-0.33822880633885805,-0.5484052706568122,0.16845846358614383,-0.029811876046372143
2246,Mehmet Okur,UTA,2004-05,Rebounder,Elite,82,2303.88,1054,616,166,32,68,141,0.468,0.27,0.85,0.569,0.479,0.208,0.148,101.8,106.2,-4.3,1.18,0.088,0.202,0.132,0.144,19.200000000000003,0.6196225222004791,0.046207956986282724,1.668826510223231,0.2432371730699072
1720,Michael Doleac,MIA,2004-05,Rebounder,Average,80,1169.38,321,259,47,23,22,36,0.447,0.0,0.61,0.46,0.447,0.15,0.067,101.2,98.8,2.5,1.31,0.066,0.161,0.065,0.114,26.60000000000001,-0.9567790505522183,-0.7680580838114255,0.3393807267143182,0.11936615785008294
1709,Michael Olowokandi,MIN,2004-05,Rebounder,Very Good,62,1217.6366666666668,368,324,29,15,56,68,0.456,0.0,0.667,0.48,0.456,0.17,0.058,101.2,102.2,-1.0,0.43,0.089,0.18,0.038,0.135,23.200000000000003,-0.6621246854237818,-0.9859691676562794,0.7793830750508475,0.18070313527974421
2552,Michael Sweetney,NYK,2004-05,Rebounder,Very Good,77,1502.0933333333332,650,418,44,27,28,108,0.531,0.0,0.749,0.592,0.531,0.197,0.097,105.7,106.4,-0.7,0.41,0.118,0.177,0.05,0.147,19.0,0.37925638374276965,-0.8633619578021987,1.181676513571547,-0.22501913675445415
1630,Mikki Moore,LAC,2004-05,Rebounder,Average,74,1172.628333333333,396,246,47,19,32,63,0.502,0.2,0.787,0.571,0.503,0.162,0.078,100.8,102.7,-1.9,0.75,0.092,0.13,0.07,0.112,22.700000000000003,-0.18020057741644743,-0.7399698171368393,0.279407496517309,-0.05004788656549989
1737,Nazr Mohammed,SAS,2004-05,Rebounder,Elite,77,1938.4433333333332,731,586,34,58,86,108,0.48,0.0,0.674,0.521,0.48,0.186,0.095,100.5,104.8,-4.3,0.31,0.126,0.18,0.029,0.152,20.60000000000001,-0.048800925879558095,-1.0181295910588433,1.691142387150715,0.7770035065906269
2420,Nenad Krstic,NJN,2004-05,Rebounder,Very Good,75,1967.5666666666664,747,401,77,32,63,112,0.493,0.0,0.725,0.547,0.493,0.188,0.076,102.7,99.8,3.0,0.69,0.084,0.131,0.067,0.107,25.60000000000001,0.1260343624233498,-0.646432037471443,0.6269829054620254,0.5686797733713612
2403,Nene,DEN,2004-05,Rebounder,Very Good,55,1315.3866666666668,528,325,84,50,48,94,0.503,0.0,0.66,0.551,0.503,0.19,0.105,101.9,99.5,2.3,0.89,0.081,0.168,0.103,0.125,25.900000000000006,0.005613855318723715,-0.4184386781580549,0.6546399105877097,0.6210487487297388
2555,Nick Collison,SEA,2004-05,Rebounder,Very Good,82,1397.3666666666666,461,375,32,34,50,62,0.535,0.0,0.703,0.569,0.535,0.15,0.085,107.1,102.7,4.5,0.52,0.113,0.161,0.04,0.137,22.700000000000003,-0.2326067540327713,-0.9636947870194302,0.9401846914271372,0.2874869095644846
1918,Obinna Ekezie,ATL,2004-05,Rebounder,Average,42,729.5533333333333,230,179,11,22,12,45,0.434,0.0,0.774,0.516,0.434,0.165,0.05,101.1,106.0,-5.0,0.24,0.1,0.161,0.023,0.13,19.400000000000006,-0.5924143450282129,-1.1364684114821269,0.3309449088959807,-0.4152035054753729
970,Othella Harrington,CHI,2004-05,Rebounder,Average,70,1278.0633333333333,561,292,56,24,18,84,0.512,0.0,0.718,0.559,0.512,0.204,0.099,102.0,94.4,7.6,0.67,0.083,0.146,0.077,0.114,31.0,0.17763880858635317,-0.6675290218913743,0.4269422199752723,0.3477782349939156
136,P.J. Brown,NOH,2004-05,Rebounder,Elite,82,2825.455,886,737,178,74,50,101,0.446,0.0,0.864,0.512,0.446,0.157,0.113,99.0,106.8,-7.8,1.76,0.092,0.18,0.109,0.134,18.60000000000001,-0.20077464715412172,-0.03884177384875437,1.8624887757999267,0.4610472593940018
2776,Pape Sow,TOR,2004-05,Rebounder,Average,27,251.91666666666663,62,57,2,12,4,10,0.397,0.0,0.593,0.444,0.397,0.144,0.029,106.6,105.4,1.3,0.2,0.076,0.174,0.012,0.124,20.0,-1.2789600954912785,-1.2313798200672608,-0.06920520413926495,-0.5645040418533712
2056,Primoz Brezec,CHA,2004-05,Rebounder,Very Good,72,2282.5416666666665,938,531,86,33,55,106,0.512,0.0,0.745,0.55,0.512,0.181,0.107,99.3,106.2,-6.9,0.81,0.094,0.144,0.063,0.117,19.200000000000003,0.22968304253653873,-0.6357854289100675,1.0993186643853146,0.12207150396827625
1711,Raef LaFrentz,BOS,2004-05,Rebounder,Very Good,80,2200.873333333333,884,553,98,42,99,70,0.496,0.364,0.811,0.587,0.555,0.165,0.107,108.3,105.7,2.6,1.4,0.074,0.181,0.069,0.129,19.700000000000003,0.2851621266902579,-0.5579232130325049,1.310568844882114,0.6898695240730262
2737,Rafael Araujo,TOR,2004-05,Rebounder,Average,59,735.595,196,185,16,21,8,52,0.434,0.333,0.782,0.492,0.437,0.152,0.029,102.8,104.6,-1.8,0.31,0.082,0.182,0.032,0.131,20.80000000000001,-0.8493205444044015,-1.0675110748561805,0.35960483470265275,-0.38377817935667097
1714,Robert Traylor,CLE,2004-05,Rebounder,Very Good,74,1329.3366666666666,409,332,61,54,50,73,0.444,0.0,0.539,0.461,0.444,0.171,0.065,101.8,103.2,-1.4,0.84,0.097,0.152,0.075,0.124,22.200000000000003,-0.7338702850084143,-0.6603658719495175,0.6604739063686864,0.46533683080597205
915,Rodney Rogers,PHI,2004-05,Rebounder,Average,58,1366.825,444,246,86,41,20,86,0.382,0.286,0.743,0.462,0.436,0.188,0.057,97.4,105.8,-8.4,1.0,0.044,0.143,0.11,0.092,19.60000000000001,-0.578464341102379,-0.37175572216895775,0.024614410423703017,-0.1256469626129652
2415,Ryan Humphrey,MEM,2004-05,Rebounder,Average,35,317.26166666666666,102,87,6,10,1,23,0.408,0.0,0.486,0.428,0.408,0.199,0.053,94.8,98.7,-3.9,0.26,0.149,0.135,0.036,0.143,26.700000000000003,-0.9389682039256194,-1.0818373747398942,0.25244958515961885,-0.2219228369075453
2223,Samuel Dalembert,PHI,2004-05,Rebounder,Very Good,72,1790.815,589,542,35,46,121,114,0.524,0.0,0.601,0.543,0.524,0.16,0.091,101.3,99.9,1.4,0.31,0.107,0.195,0.031,0.152,25.5,-0.21575081139796218,-1.0032145930666705,1.5743937294694428,1.294676299180984
1513,Scot Pollard,IND,2004-05,Rebounder,Average,49,866.97,191,205,18,30,24,31,0.473,0.0,0.673,0.506,0.473,0.12,0.064,105.7,98.7,7.0,0.58,0.107,0.152,0.034,0.129,26.700000000000003,-1.007136208285718,-1.0489163855416692,0.38719309776659766,0.21800609392936146
406,Shaquille O'Neal,MIA,2004-05,Rebounder,Elite,73,2497.43,1669,760,200,36,171,203,0.601,0.0,0.461,0.583,0.601,0.301,0.161,111.8,101.7,10.0,0.99,0.112,0.197,0.149,0.158,23.700000000000003,1.8239794540191472,0.2668175686393766,2.2292681865365553,1.5911774548623863
1890,Shawn Marion,PHX,2004-05,Rebounder,Elite,81,3143.5516666666667,1569,915,154,163,119,125,0.476,0.334,0.833,0.556,0.52,0.208,0.14,114.9,105.0,9.9,1.23,0.076,0.197,0.072,0.139,20.400000000000006,0.9166862513955708,-0.3350075389768103,2.398488435215748,2.1870719922048725
2098,Slava Medvedenko,LAL,2004-05,Rebounder,Average,43,421.01166666666666,165,79,13,9,2,13,0.455,0.0,0.821,0.49,0.455,0.187,0.059,105.2,107.8,-2.7,1.0,0.071,0.111,0.052,0.091,17.60000000000001,-0.6268943614405899,-0.9661970821248507,-0.4312394673530786,-0.7568342787932577
2604,Theron Smith,CHA,2004-05,Rebounder,Average,33,507.4483333333333,105,116,28,6,4,27,0.324,0.25,0.875,0.367,0.335,0.146,0.039,90.5,106.3,-15.8,1.04,0.069,0.159,0.094,0.111,19.10000000000001,-1.6735600148974796,-0.6750602722232529,-0.07827137366385739,-0.6795514270277946
1495,Tim Duncan,SAS,2004-05,Rebounder,Elite,66,2205.3783333333336,1342,732,179,45,174,127,0.496,0.333,0.67,0.54,0.498,0.289,0.204,109.5,93.1,16.3,1.41,0.099,0.244,0.151,0.174,32.30000000000001,1.2544639118685426,0.2007793575401075,2.3588080550688115,2.220072318742134
339,Tom Gugliotta,ATL,2004-05,Rebounder,Average,47,963.085,239,191,68,41,17,57,0.411,0.308,0.767,0.46,0.427,0.148,0.068,96.0,108.0,-12.0,1.19,0.06,0.153,0.115,0.105,17.400000000000006,-1.0305542270807821,-0.4099018992964604,0.04429409428295658,-0.2852596397310886
763,Tony Massenburg,SAS,2004-05,Rebounder,Average,61,691.765,196,163,14,18,20,40,0.407,0.0,0.762,0.467,0.407,0.165,0.043,97.0,102.2,-5.2,0.35,0.08,0.171,0.035,0.124,23.200000000000003,-0.8970926826323632,-1.0580174974961052,0.2120529257292545,-0.1524414800159308
2211,Troy Murphy,GSW,2004-05,Rebounder,Elite,70,2381.3716666666664,1076,756,97,53,33,108,0.414,0.399,0.73,0.495,0.445,0.218,0.115,102.2,106.5,-4.3,0.9,0.097,0.215,0.068,0.153,18.900000000000006,0.28559494035088445,-0.5672205576897604,2.1549564006784925,0.08908815215206888
2199,Tyson Chandler,CHI,2004-05,Rebounder,Elite,80,2187.5333333333333,640,775,65,69,141,118,0.494,0.0,0.673,0.565,0.494,0.137,0.129,99.9,96.8,3.1,0.55,0.117,0.224,0.049,0.171,28.60000000000001,-0.22155750690410525,-0.7917060933680123,2.434684371252378,1.9174764194770677
2617,Udonis Haslem,MIA,2004-05,Rebounder,Elite,80,2677.5516666666667,870,726,108,63,41,113,0.54,0.0,0.791,0.588,0.54,0.146,0.11,110.2,101.9,8.2,0.96,0.098,0.182,0.061,0.142,23.5,0.1416944186265192,-0.5660675264884601,1.935218845817051,0.5439129987874799
2751,Viktor Khryapa,POR,2004-05,Rebounder,Average,32,529.0633333333334,135,108,25,20,18,33,0.435,0.364,0.548,0.474,0.452,0.148,0.05,93.4,104.3,-10.9,0.76,0.053,0.147,0.08,0.101,21.10000000000001,-1.025508209142158,-0.7647464928791089,-0.2268949453799825,-0.27533849974940705
452,Vin Baker,HOU,2004-05,Rebounder,Average,27,203.40666666666667,35,39,10,2,4,17,0.31,0.0,0.529,0.354,0.31,0.139,-0.02,92.0,110.9,-18.9,0.59,0.082,0.114,0.079,0.097,14.5,-1.8496117852007323,-0.8255595160491003,-0.4609366848716078,-0.9912683840087547
958,Vitaly Potapenko,SEA,2004-05,Rebounder,Average,33,335.4633333333333,117,78,9,7,3,12,0.517,0.0,0.871,0.581,0.517,0.155,0.074,110.6,113.9,-3.3,0.75,0.093,0.164,0.045,0.127,11.5,-0.3754691417870289,-1.0202394207586243,0.024734709031746793,-1.1258430584687753
2397,Yao Ming,HOU,2004-05,Rebounder,Elite,80,2459.333333333333,1465,669,61,34,160,196,0.552,0.0,0.783,0.614,0.552,0.261,0.148,103.9,101.5,2.4,0.31,0.091,0.193,0.048,0.143,23.900000000000006,1.5612894116574074,-0.8120425119922825,1.7967159208528103,1.4709135599618655
2216,Zach Randolph,POR,2004-05,Rebounder,Very Good,46,1607.2483333333332,871,442,86,34,17,112,0.448,0.0,0.815,0.511,0.448,0.273,0.138,100.5,103.3,-2.8,0.77,0.089,0.187,0.107,0.138,22.10000000000001,0.6318665021309713,-0.3886086821737095,1.1307007108373912,-0.0816422075666099
2585,Zaza Pachulia,MIL,2004-05,Rebounder,Very Good,74,1395.9633333333334,458,378,60,44,34,70,0.452,0.0,0.746,0.526,0.452,0.166,0.096,104.0,104.2,-0.2,0.86,0.101,0.189,0.071,0.145,21.200000000000003,-0.36349654450917557,-0.6865161766115246,1.0500620616155751,0.1410891023241897
980,Zydrunas Ilgauskas,CLE,2004-05,Rebounder,Elite,78,2615.3783333333336,1320,672,100,53,165,191,0.468,0.286,0.799,0.55,0.469,0.242,0.113,106.2,103.4,2.7,0.52,0.118,0.149,0.065,0.134,22.0,0.9517113403728511,-0.5730344437274973,1.6900191678616836,1.6067328932110996
1425,Aaron Williams,NOK,2005-06,Rebounder,Average,48,790.77,222,181,17,17,21,30,0.517,0.0,0.69,0.551,0.517,0.135,0.063,101.4,104.0,-2.6,0.57,0.085,0.16,0.036,0.122,21.400000000000006,-0.6176842313219066,-1.0413607701941732,0.23433443162586884,-0.2584437940402747
2744,Al Jefferson,BOS,2005-06,Rebounder,Very Good,59,1062.4166666666667,464,299,30,30,46,62,0.499,0.0,0.642,0.53,0.499,0.215,0.113,98.9,103.4,-4.5,0.48,0.099,0.198,0.055,0.149,22.0,0.022404115043940246,-0.8867893696403484,0.8914037707247394,0.16444332926429478
2760,Anderson Varejao,CLE,2005-06,Rebounder,Very Good,48,760.0116666666667,219,235,19,31,19,27,0.527,0.0,0.513,0.541,0.527,0.133,0.091,102.8,96.7,6.1,0.7,0.101,0.214,0.04,0.156,28.700000000000003,-0.691664004271446,-1.0115307742098276,0.8107651215029239,0.2952894869513159
101154,Andray Blatche,WAS,2005-06,Rebounder,Average,29,175.48166666666663,65,38,10,5,7,12,0.388,0.231,0.833,0.45,0.41,0.207,0.05,100.3,103.5,-3.2,0.83,0.069,0.151,0.103,0.11,21.900000000000006,-0.7813010614273939,-0.6907358360110867,-0.2979745574944293,-0.49504730781828193
2804,Andres Nocioni,CHI,2005-06,Rebounder,Very Good,82,2239.08,1063,500,117,40,52,120,0.461,0.391,0.843,0.567,0.517,0.208,0.123,101.8,103.4,-1.6,0.98,0.039,0.186,0.091,0.112,22.0,0.6146777901806836,-0.36442070453989883,0.9533656567682894,0.3287617426658493
101106,Andrew Bogut,MIL,2005-06,Rebounder,Very Good,82,2348.13,768,573,192,49,68,125,0.533,0.0,0.629,0.555,0.533,0.157,0.104,104.1,102.2,1.9,1.54,0.084,0.176,0.133,0.129,23.200000000000003,-0.040016164384720644,0.14749758470199492,1.3636364165554196,0.6543990432192204
101115,Andrew Bynum,LAL,2005-06,Rebounder,Average,46,338.32166666666666,74,80,9,4,22,17,0.402,0.0,0.296,0.394,0.402,0.146,0.02,95.6,100.7,-5.1,0.53,0.096,0.138,0.044,0.116,24.700000000000003,-1.5415421543108534,-1.0258570740935413,-0.11009473115240587,-0.18913362057189897
1712,Antawn Jamison,WAS,2005-06,Rebounder,Elite,82,3288.3116666666665,1684,765,158,90,12,137,0.442,0.394,0.731,0.518,0.491,0.233,0.129,109.2,105.9,3.3,1.15,0.05,0.193,0.083,0.119,19.5,0.9653640544523848,-0.2584945870033677,1.7456885615723499,0.2952446418347887
952,Antoine Walker,MIA,2005-06,Rebounder,Very Good,82,2198.741666666667,1000,421,166,47,30,150,0.435,0.358,0.628,0.524,0.512,0.225,0.105,105.0,102.4,2.6,1.11,0.049,0.145,0.129,0.098,23.0,0.44783954586626135,0.029354996981531017,0.5653935883932084,0.23746175021593985
213,Antonio Davis,TOR,2005-06,Rebounder,Average,44,940.1233333333332,216,208,21,23,10,51,0.432,0.0,0.642,0.479,0.432,0.133,0.041,100.1,110.2,-10.1,0.41,0.099,0.143,0.035,0.12,15.200000000000003,-1.0483146956261804,-1.0322596582397374,0.2804963447754707,-0.6718467057511169
686,Antonio McDyess,DET,2005-06,Rebounder,Very Good,82,1733.1466666666668,638,436,90,46,48,76,0.509,0.0,0.557,0.52,0.509,0.183,0.1,106.4,102.0,4.4,1.18,0.091,0.177,0.089,0.132,23.400000000000006,-0.14354675892380023,-0.4750076769128665,1.0383425135073177,0.43271660935273476
1506,Austin Croshere,IND,2005-06,Rebounder,Average,50,1148.013333333333,408,265,62,22,7,48,0.463,0.386,0.882,0.618,0.558,0.151,0.116,103.6,99.5,4.1,1.29,0.059,0.178,0.089,0.121,25.900000000000006,0.016652108577300966,-0.578039033938338,0.44447857834907184,-0.08388543766896883
101238,Boniface Ndong,LAC,2005-06,Rebounder,Average,23,151.53833333333333,50,37,7,2,5,6,0.415,0.0,0.667,0.439,0.415,0.179,0.059,94.6,109.1,-14.4,1.17,0.096,0.169,0.08,0.129,16.30000000000001,-1.0599846914327775,-0.8309809366811978,-0.05857450428916888,-0.8753925049165768
1719,Bonzi Wells,SAC,2005-06,Rebounder,Very Good,52,1684.3383333333334,707,401,144,94,25,126,0.463,0.222,0.679,0.507,0.471,0.219,0.107,108.1,104.3,3.8,1.14,0.089,0.161,0.139,0.125,21.10000000000001,0.09542190104662462,0.00457832123926147,0.8562966829462708,0.5622246057071839
1802,Brad Miller,SAC,2005-06,Rebounder,Very Good,79,2923.3566666666666,1182,615,374,61,62,180,0.495,0.386,0.828,0.576,0.514,0.186,0.126,107.4,103.5,3.9,2.08,0.044,0.172,0.205,0.11,21.900000000000006,0.5909017334614156,1.2216724454816,1.2330248852804357,0.6416495368961753
101138,Brandon Bass,NOK,2005-06,Rebounder,Average,29,268.4033333333333,68,68,3,3,7,11,0.4,0.0,0.632,0.434,0.4,0.155,0.08,96.0,103.9,-7.9,0.27,0.073,0.189,0.02,0.133,21.5,-1.251283261219065,-1.1827589020655846,0.07463884902317586,-0.5392719037147072
2217,Brendan Haywood,WAS,2005-06,Rebounder,Very Good,79,1878.611666666667,575,467,46,30,104,97,0.514,0.0,0.585,0.542,0.514,0.148,0.074,106.1,103.3,2.7,0.47,0.104,0.147,0.038,0.125,22.10000000000001,-0.3194102174164809,-0.9234144151765289,1.031419669468179,0.757131708947452
258,Brian Grant,PHX,2005-06,Rebounder,Average,21,248.22666666666663,61,57,7,5,3,7,0.415,0.0,0.875,0.445,0.415,0.134,0.038,106.5,108.8,-2.4,1.0,0.044,0.179,0.039,0.112,16.60000000000001,-1.3471685288637942,-1.0613047234128041,-0.22208105579542847,-0.8469169415929354
2430,Carlos Boozer,UTA,2005-06,Rebounder,Very Good,33,1025.236666666667,537,285,88,30,8,69,0.549,0.0,0.723,0.585,0.549,0.231,0.151,108.2,110.9,-2.7,1.28,0.076,0.227,0.154,0.151,14.5,0.5066401912294834,-0.11721959278792317,0.8797357791627862,-0.6606803657237305
101112,Channing Frye,NYK,2005-06,Rebounder,Very Good,65,1572.355,802,374,53,30,47,97,0.477,0.333,0.825,0.541,0.479,0.233,0.122,102.9,103.9,-1.0,0.55,0.089,0.159,0.066,0.124,21.5,0.46081402934695864,-0.7403622825424787,0.771915806882628,0.145183455742616
101111,Charlie Villanueva,TOR,2005-06,Rebounder,Very Good,81,2361.0066666666667,1053,521,88,60,63,99,0.463,0.327,0.706,0.521,0.5,0.213,0.095,109.6,110.3,-0.7,0.89,0.08,0.159,0.063,0.118,15.100000000000009,0.3810620458668918,-0.628426046265391,1.0855245328533418,0.24187384762431852
2365,Chris Andersen,NOK,2005-06,Rebounder,Average,32,569.8066666666666,161,155,6,8,41,26,0.571,0.0,0.476,0.562,0.571,0.137,0.079,99.2,97.9,1.3,0.23,0.107,0.186,0.018,0.144,27.5,-0.5841404537989731,-1.1829551347684042,0.44561898315353804,0.20905673737833366
2547,Chris Bosh,TOR,2005-06,Rebounder,Very Good,70,2750.995,1572,647,181,50,79,157,0.505,0.0,0.816,0.585,0.505,0.252,0.148,109.5,110.5,-1.0,1.15,0.079,0.184,0.117,0.13,14.900000000000006,1.4067594588962378,0.017138526797598308,1.5727260860513306,0.28838870728045896
2549,Chris Kaman,LAC,2005-06,Rebounder,Elite,78,2560.451666666667,932,750,79,45,108,176,0.523,0.0,0.77,0.57,0.523,0.18,0.111,104.9,101.1,3.9,0.45,0.08,0.215,0.05,0.152,24.30000000000001,0.3323863909334533,-0.7345727615203593,2.1262964748718205,1.0822822941433268
2036,Chris Mihm,LAL,2005-06,Rebounder,Very Good,59,1541.4066666666668,604,373,61,16,73,83,0.501,0.0,0.716,0.552,0.501,0.184,0.088,107.8,105.5,2.3,0.73,0.093,0.157,0.063,0.126,19.900000000000006,0.022215817944919048,-0.7277777119685243,0.7947417369083234,0.16917095860693077
185,Chris Webber,PHI,2005-06,Rebounder,Elite,75,2892.471666666667,1518,741,256,103,62,182,0.434,0.273,0.756,0.482,0.441,0.271,0.125,105.3,107.8,-2.5,1.41,0.067,0.203,0.157,0.135,17.60000000000001,0.918000346941378,0.5178215093696575,1.8858419444392682,0.8241816775924158
2404,Chris Wilcox,SEA,2005-06,Rebounder,Very Good,77,1529.83,626,410,52,33,34,72,0.571,0.0,0.732,0.605,0.571,0.172,0.113,106.3,104.7,1.5,0.72,0.083,0.193,0.054,0.139,20.700000000000003,0.2532647284068345,-0.8114538138838236,1.0585322504647825,-0.0022632275219928812
2429,Dan Gadzuric,MIL,2005-06,Rebounder,Very Good,74,885.0083333333333,383,232,24,25,43,35,0.553,0.0,0.461,0.55,0.553,0.192,0.089,102.8,104.1,-1.3,0.69,0.101,0.178,0.048,0.137,21.30000000000001,-0.09002931185253515,-0.9481910909187985,0.5607515539630026,0.0411558500288664
1504,Danny Fortson,SEA,2005-06,Rebounder,Average,23,275.51166666666666,87,78,2,4,2,26,0.529,0.0,0.767,0.622,0.529,0.152,0.026,115.1,105.5,9.6,0.08,0.123,0.196,0.011,0.159,19.900000000000006,-0.18464607162566948,-1.2369974734021778,0.4324036467815163,-0.6735053408709617
2443,Darius Songaila,CHI,2005-06,Rebounder,Average,62,1328.745,568,246,88,35,16,85,0.481,0.4,0.817,0.524,0.483,0.212,0.096,103.4,101.1,2.3,1.04,0.059,0.129,0.113,0.095,24.30000000000001,0.041136940532895926,-0.3475433795195295,0.06283337333774394,0.04786197647753532
101135,David Lee,NYK,2005-06,Rebounder,Very Good,67,1128.5233333333333,345,302,43,30,20,51,0.598,0.0,0.577,0.609,0.598,0.131,0.104,104.7,107.9,-3.2,0.84,0.105,0.184,0.062,0.145,17.5,-0.22664774123011164,-0.7996298091055303,0.8484052892570141,-0.3630067725383524
2561,David West,NOK,2005-06,Rebounder,Very Good,74,2526.0066666666667,1262,548,92,61,64,105,0.512,0.273,0.843,0.554,0.513,0.226,0.132,102.7,105.7,-3.0,0.88,0.068,0.166,0.07,0.115,19.700000000000003,0.8156271341147899,-0.5743837076316173,1.1189467916982636,0.5326241797934145
101209,Devin Green,LAL,2005-06,Rebounder,Average,27,134.61333333333334,25,24,7,3,0,5,0.214,0.0,0.619,0.336,0.214,0.139,0.019,92.8,107.8,-15.0,1.4,0.069,0.107,0.097,0.087,17.60000000000001,-1.9597389261641318,-0.7354808299876048,-0.6281339066733901,-0.8392373844292744
923,Donyell Marshall,CLE,2005-06,Rebounder,Very Good,81,2077.3116666666665,750,492,60,59,41,90,0.395,0.324,0.748,0.517,0.49,0.177,0.098,107.0,105.0,2.0,0.67,0.052,0.196,0.048,0.124,20.400000000000006,-0.1238535795664889,-0.8157222033146209,1.0850144797551307,0.32032805438077455
2400,Drew Gooden,CLE,2005-06,Rebounder,Elite,79,2173.931666666667,845,665,56,52,49,106,0.512,0.333,0.682,0.552,0.513,0.185,0.119,104.3,103.6,0.8,0.53,0.113,0.21,0.044,0.16,21.80000000000001,0.20333319255038895,-0.8529115819436428,2.0026765296977143,0.4109947709064751
2730,Dwight Howard,ORL,2005-06,Rebounder,Elite,82,3020.61,1292,1022,125,65,115,217,0.531,0.0,0.595,0.565,0.531,0.211,0.138,106.6,106.1,0.5,0.58,0.108,0.26,0.07,0.186,19.30000000000001,0.7903472693292102,-0.45295389399445446,3.2811636959879062,1.0665584256835603
2204,Eddie Griffin,MIN,2005-06,Rebounder,Very Good,70,1359.3366666666666,320,389,40,13,148,43,0.351,0.195,0.595,0.397,0.373,0.154,0.088,97.3,103.1,-5.8,0.93,0.082,0.204,0.049,0.145,22.30000000000001,-1.2884230519887614,-0.883698376426469,1.0792492260358932,1.0379078901412406
2059,Eduardo Najera,DEN,2005-06,Rebounder,Average,64,1449.4416666666666,347,325,52,53,34,54,0.422,0.333,0.781,0.494,0.429,0.121,0.069,102.1,100.8,1.4,0.96,0.085,0.138,0.054,0.111,24.60000000000001,-0.9559269273061465,-0.8114538138838236,0.47628475032218553,0.4341072639373062
2731,Emeka Okafor,CHA,2005-06,Rebounder,Very Good,26,874.1383333333333,344,261,31,22,50,53,0.415,0.0,0.656,0.464,0.415,0.216,0.102,99.4,103.2,-3.9,0.58,0.104,0.201,0.06,0.151,22.200000000000003,-0.4341706640663483,-0.8550214116434239,0.8160546931548196,0.13377321677999007
677,Eric Williams,TOR,2005-06,Rebounder,Average,28,351.74833333333333,91,50,15,7,2,15,0.387,0.278,0.737,0.496,0.42,0.143,0.028,103.8,109.7,-5.9,1.0,0.031,0.129,0.065,0.079,15.700000000000003,-0.9680553760022731,-0.88580820612625,-0.6610632979355352,-0.8891908872639368
956,Erick Dampier,DAL,2005-06,Rebounder,Elite,82,1934.0583333333332,469,640,51,27,106,115,0.493,0.0,0.591,0.531,0.493,0.132,0.082,108.2,101.0,7.2,0.44,0.152,0.203,0.041,0.177,24.400000000000006,-0.5758726154350441,-0.8881629985600858,2.1529161882856473,0.8814183007525168
101212,Esteban Batista,ATL,2005-06,Rebounder,Average,57,494.88166666666666,101,144,7,15,11,38,0.425,0.0,0.623,0.489,0.425,0.121,0.018,103.2,102.9,0.3,0.18,0.118,0.186,0.021,0.15,22.5,-1.16191724551868,-1.1624224834413142,0.49286974456130184,-0.31571101739317137
2041,Etan Thomas,WAS,2005-06,Rebounder,Very Good,71,1121.2066666666667,337,279,14,20,68,51,0.533,0.0,0.6,0.56,0.533,0.14,0.079,103.7,102.9,0.8,0.27,0.089,0.172,0.02,0.129,22.5,-0.4466918680308614,-1.1422822975198637,0.5835431129578281,0.3127912454735223
101177,Fabricio Oberto,SAS,2005-06,Rebounder,Average,59,489.8633333333333,103,123,27,9,11,28,0.473,0.0,0.556,0.491,0.473,0.121,0.043,95.8,99.3,-3.5,0.96,0.122,0.14,0.089,0.131,26.10000000000001,-1.1490398752501194,-0.7068282302201774,0.19509536251540555,-0.16636236484483322
101124,Hakim Warrick,MEM,2005-06,Rebounder,Average,68,724.015,278,144,30,14,21,56,0.443,0.0,0.661,0.499,0.443,0.213,0.06,96.0,101.6,-5.5,0.54,0.063,0.147,0.08,0.105,23.80000000000001,-0.30361417266184976,-0.7463480362674175,-0.08041469914931146,-0.148516662736404
2866,Jackie Butler,NYK,2005-06,Rebounder,Average,55,739.66,292,183,25,17,31,62,0.544,0.0,0.753,0.587,0.544,0.188,0.088,108.5,100.4,8.1,0.4,0.109,0.165,0.056,0.139,25.0,0.026613046600125128,-0.8995701729171224,0.45621531197276455,0.05424767616865944
2054,Jake Tsakalidis,MEM,2005-06,Rebounder,Very Good,51,732.4,257,212,13,14,32,39,0.606,0.0,0.655,0.632,0.606,0.159,0.104,108.1,99.0,9.2,0.33,0.125,0.192,0.03,0.16,26.400000000000006,0.046367983240453915,-1.0897854554930295,0.8006960312973437,0.11553759642610006
2048,Jamaal Magloire,MIL,2005-06,Rebounder,Elite,82,2464.4566666666665,752,778,56,29,80,166,0.467,0.0,0.535,0.494,0.467,0.174,0.078,103.2,105.1,-1.8,0.34,0.096,0.244,0.036,0.17,20.30000000000001,-0.27587606055530495,-0.8978528086229807,2.429904852698694,0.39819279484629494
101189,James Singleton,LAC,2005-06,Rebounder,Average,59,753.1883333333334,203,197,29,19,21,28,0.51,0.5,0.78,0.587,0.543,0.121,0.092,101.9,103.7,-1.7,1.04,0.091,0.184,0.059,0.139,21.700000000000003,-0.5280415066323775,-0.8679984476230177,0.4933626121440785,-0.22009466564880023
101131,Jason Maxiell,DET,2005-06,Rebounder,Average,26,158.76666666666668,60,28,3,4,5,11,0.426,0.0,0.333,0.414,0.426,0.216,0.013,91.0,120.8,-29.7,0.27,0.074,0.107,0.031,0.09,4.6000000000000085,-0.9248537707995582,-1.1209647153814952,-0.5793014294246881,-1.5420994771191332
979,Jermaine O'Neal,IND,2005-06,Rebounder,Very Good,51,1802.3933333333332,1024,476,133,27,117,151,0.472,0.3,0.709,0.53,0.474,0.289,0.152,103.8,100.5,3.3,0.88,0.061,0.204,0.148,0.136,24.900000000000006,0.967963189560309,0.014660596707795473,1.1954362740726499,1.022087742311066
1744,Jerome James,NYK,2005-06,Rebounder,Average,45,405.9483333333333,137,91,12,3,23,51,0.463,0.0,0.625,0.494,0.463,0.205,0.0,90.9,107.5,-16.7,0.24,0.097,0.142,0.058,0.118,17.900000000000006,-0.49244770955996703,-0.9361708534376855,-0.055428258122727336,-0.5889093098437558
693,Joe Smith,MIL,2005-06,Rebounder,Very Good,44,886.91,379,230,31,24,13,40,0.475,0.0,0.774,0.533,0.475,0.198,0.098,105.7,106.5,-0.8,0.78,0.095,0.187,0.058,0.138,18.900000000000006,-0.14618913063709427,-0.8662567183132583,0.5681844511003523,-0.41374065312042774
2038,Joel Przybilla,POR,2005-06,Rebounder,Very Good,56,1395.335,344,391,43,20,130,76,0.548,0.0,0.532,0.561,0.548,0.131,0.09,100.4,109.7,-9.3,0.57,0.111,0.188,0.049,0.149,15.700000000000003,-0.5018106278853912,-0.8726593024594542,1.135514600421945,0.5405422233274014
101130,Johan Petro,SEA,2005-06,Rebounder,Very Good,68,1282.2733333333333,353,296,15,25,51,60,0.51,0.0,0.627,0.53,0.51,0.14,0.047,105.6,110.7,-5.1,0.25,0.089,0.155,0.018,0.122,14.700000000000003,-0.6066795712008003,-1.1498379128673597,0.5394729687473757,-0.26568529327327084
2823,John Edwards,ATL,2005-06,Rebounder,Average,40,295.99333333333334,70,48,5,3,15,12,0.484,0.0,0.727,0.508,0.484,0.122,0.001,95.3,109.9,-14.7,0.42,0.065,0.111,0.028,0.087,15.5,-1.068319192488311,-1.1304582927415703,-0.5644528206654235,-0.8108602419871423
2735,Josh Childress,ATL,2005-06,Rebounder,Average,74,2248.833333333333,742,387,131,86,39,101,0.552,0.492,0.766,0.626,0.583,0.137,0.106,105.8,110.8,-4.9,1.3,0.063,0.119,0.095,0.091,14.600000000000009,0.2007693924869428,-0.29043441268749415,0.3860011364158268,0.23907281042193704
2572,Josh Howard,DAL,2005-06,Rebounder,Average,59,1915.19,923,371,111,68,26,79,0.471,0.429,0.734,0.536,0.489,0.225,0.123,112.2,102.9,9.3,1.41,0.07,0.138,0.1,0.104,22.5,0.46092151255579766,-0.33593997245967333,0.5091625850380261,0.3852031783834491
2694,Josh Powell,DAL,2005-06,Rebounder,Average,37,429.0283333333333,110,81,9,7,4,22,0.457,0.0,0.8,0.546,0.457,0.132,0.055,104.1,104.3,-0.2,0.41,0.077,0.134,0.034,0.106,21.10000000000001,-0.7490020388788596,-1.0820336074427137,-0.23483789561554363,-0.5516807139904776
1908,Jumaine Jones,CHA,2005-06,Rebounder,Average,76,2088.43,799,376,63,68,22,74,0.405,0.343,0.727,0.506,0.483,0.179,0.077,100.2,106.3,-6.0,0.85,0.047,0.143,0.05,0.091,19.10000000000001,-0.13676921601254013,-0.7934478226777717,0.35681397199550874,0.1449674272028508
436,Juwan Howard,HOU,2005-06,Rebounder,Very Good,80,2537.145,942,535,112,49,8,133,0.459,0.0,0.806,0.499,0.459,0.198,0.091,97.5,102.8,-5.4,0.84,0.068,0.148,0.084,0.108,22.60000000000001,0.06542148702581807,-0.4221427344960107,0.995275289977853,0.01209839800516769
1509,Kelvin Cato,DET,2005-06,Rebounder,Average,27,333.2033333333333,98,70,4,6,12,18,0.429,0.0,0.743,0.493,0.429,0.164,0.053,92.8,101.0,-8.1,0.22,0.062,0.162,0.022,0.111,24.400000000000006,-0.826429818736948,-1.1678439040734119,-0.20032678851246016,-0.287211937240851
2570,Kendrick Perkins,BOS,2005-06,Rebounder,Very Good,68,1332.27,354,404,69,21,105,107,0.515,0.0,0.615,0.548,0.515,0.145,0.081,101.6,103.3,-1.7,0.64,0.115,0.212,0.081,0.164,22.10000000000001,-0.46644036030106206,-0.597222421361308,1.3611033365797982,0.673996906505717
1903,Kenny Thomas,SAC,2005-06,Rebounder,Elite,82,2292.89,748,618,168,72,39,135,0.505,0.0,0.676,0.539,0.505,0.163,0.111,102.2,103.0,-0.8,1.24,0.089,0.188,0.122,0.139,22.400000000000006,-0.10199682987400033,-0.002609193718213082,1.6104349958671602,0.5523001946716898
2030,Kenyon Martin,DEN,2005-06,Rebounder,Very Good,56,1545.9383333333333,720,353,79,43,52,72,0.495,0.227,0.712,0.533,0.499,0.216,0.112,104.9,102.9,2.0,1.1,0.064,0.17,0.086,0.119,22.5,0.23149133223272264,-0.5323372414633392,0.6524965851022556,0.3892231690055364
708,Kevin Garnett,MIN,2005-06,Rebounder,Elite,76,2957.3966666666665,1656,966,308,104,107,180,0.526,0.267,0.81,0.589,0.529,0.252,0.214,103.8,102.7,1.1,1.71,0.081,0.26,0.194,0.175,22.700000000000003,1.4902061139698344,0.917018631523185,2.9924382979511672,1.5894777634214539
2743,Kris Humphries,UTA,2005-06,Rebounder,Average,62,619.3766666666667,188,157,30,23,16,31,0.379,0.0,0.523,0.406,0.379,0.187,0.068,94.7,100.8,-6.1,0.97,0.087,0.176,0.09,0.129,24.60000000000001,-1.0905809770276076,-0.6901715029182454,0.25983092575066435,-0.05884797626735735
703,Kurt Thomas,PHX,2005-06,Rebounder,Very Good,53,1411.115,455,415,57,23,54,57,0.486,0.0,0.815,0.527,0.486,0.156,0.091,108.1,98.9,9.2,1.0,0.076,0.211,0.057,0.147,26.5,-0.43314727574510314,-0.7762023972673807,1.173716377820551,0.43724953844345293
2198,Kwame Brown,LAL,2005-06,Rebounder,Very Good,72,1978.285,536,473,72,27,46,100,0.526,0.0,0.545,0.545,0.526,0.136,0.073,104.9,102.4,2.5,0.72,0.096,0.152,0.056,0.125,23.0,-0.41822820191735,-0.7266246807672239,1.0473399409701707,0.1921139154988615
1885,Lamar Odom,LAL,2005-06,Rebounder,Elite,80,3220.7883333333334,1186,738,443,75,64,213,0.481,0.372,0.69,0.558,0.524,0.179,0.13,107.0,103.2,3.8,2.08,0.058,0.176,0.22,0.117,22.200000000000003,0.4396273030915307,1.559835946746699,1.648568031204027,0.8245699485535379
441,Lamond Murray,NJN,2005-06,Rebounder,Average,57,575.5416666666666,196,132,13,17,7,22,0.398,0.346,0.625,0.493,0.472,0.177,0.084,94.9,99.3,-4.4,0.59,0.053,0.188,0.042,0.12,26.10000000000001,-0.6605909565933666,-1.0223736154740228,0.07883957241690964,-0.12394131735062779
101160,Lawrence Roberts,MEM,2005-06,Rebounder,Average,33,180.75833333333333,51,49,5,8,2,5,0.455,0.0,0.478,0.471,0.455,0.141,0.061,92.8,93.0,-0.2,1.0,0.149,0.131,0.048,0.14,32.400000000000006,-1.154480702463549,-1.0181052260432255,0.11340223606629785,0.10237354900106814
101132,Linas Kleiza,DEN,2005-06,Rebounder,Average,61,518.9433333333334,213,116,15,10,13,16,0.445,0.154,0.704,0.51,0.451,0.183,0.071,99.2,100.6,-1.3,0.94,0.069,0.151,0.047,0.109,24.80000000000001,-0.5072104169245693,-0.9869259661547601,-0.10375068227321799,-0.21214715146472937
2669,Linton Johnson,NOK,2005-06,Rebounder,Average,36,524.4933333333333,153,122,14,12,12,28,0.409,0.361,0.667,0.476,0.453,0.164,0.062,102.4,106.8,-4.4,0.5,0.079,0.173,0.042,0.125,18.60000000000001,-0.8839647429368872,-1.0186939241516846,0.11600405810365838,-0.5658208748980941
2437,Lonny Baxter,CHA,2005-06,Rebounder,Average,41,400.54333333333335,118,117,4,11,8,20,0.433,0.0,0.8,0.494,0.433,0.152,0.075,101.7,99.6,2.0,0.2,0.114,0.198,0.017,0.154,25.80000000000001,-0.8941350886723157,-1.195932170747998,0.47218714002106055,-0.19361843349227748
953,Lorenzen Wright,MEM,2005-06,Rebounder,Very Good,78,1688.795,454,395,48,52,46,67,0.478,0.0,0.564,0.496,0.478,0.149,0.077,102.0,97.0,4.9,0.72,0.091,0.163,0.049,0.127,28.400000000000006,-0.6623554214069864,-0.854260845847763,0.8658557200536396,0.7684232342239742
2736,Luol Deng,CHI,2005-06,Rebounder,Very Good,78,2603.623333333333,1112,516,147,72,50,105,0.463,0.269,0.75,0.517,0.474,0.202,0.125,103.6,101.3,2.3,1.4,0.048,0.145,0.095,0.097,24.10000000000001,0.32021438531952184,-0.23155935153008186,0.8047248995367294,0.763475246289642
990,Malik Rose,NYK,2005-06,Rebounder,Average,72,1117.9266666666667,318,259,67,43,14,80,0.374,1.0,0.781,0.466,0.375,0.169,0.064,99.9,111.4,-11.5,0.84,0.077,0.178,0.099,0.125,14.0,-0.7855481209094594,-0.5034640439774744,0.4795169240658014,-0.49465520103199134
1531,Marc Jackson,NOK,2005-06,Rebounder,Average,64,1027.1,415,217,44,13,8,65,0.472,0.5,0.805,0.512,0.473,0.209,0.079,101.4,107.9,-6.5,0.68,0.089,0.143,0.078,0.115,17.5,-0.15977072664202166,-0.7060676644245163,0.24067848050505686,-0.6605595105265256
948,Marcus Camby,DEN,2005-06,Rebounder,Elite,56,1856.9983333333328,716,668,115,79,184,92,0.465,0.091,0.712,0.499,0.466,0.189,0.153,103.3,101.8,1.4,1.25,0.073,0.276,0.099,0.178,23.60000000000001,-0.16344251011877012,-0.32683886050523747,2.2399504429329555,2.1623676257447926
2435,Mario Kasun,ORL,2005-06,Rebounder,Average,28,212.70666666666668,80,60,3,2,3,15,0.449,0.0,0.783,0.506,0.449,0.193,0.012,102.9,109.1,-6.2,0.2,0.121,0.185,0.024,0.153,16.30000000000001,-0.5527885490083728,-1.1602882887259156,0.30820490644745946,-0.895627432922722
101107,Marvin Williams,ATL,2005-06,Rebounder,Average,79,1952.2616666666668,672,383,63,48,24,83,0.443,0.245,0.747,0.523,0.455,0.161,0.075,104.0,106.8,-2.8,0.76,0.064,0.142,0.052,0.102,18.60000000000001,-0.26292569205351995,-0.7822125160079372,0.5155238194326489,-0.07140224108199411
2588,Matt Bonner,TOR,2005-06,Rebounder,Average,78,1709.515,583,284,56,49,31,32,0.448,0.42,0.829,0.582,0.557,0.142,0.076,106.4,109.6,-3.3,1.75,0.052,0.131,0.053,0.09,15.800000000000011,-0.12886247024588607,-0.8023527019293879,0.09996348799362295,-0.15473172026078155
1723,Matt Harpring,UTA,2005-06,Rebounder,Average,71,1943.8033333333333,885,368,98,59,14,109,0.475,0.359,0.725,0.542,0.485,0.214,0.105,101.8,104.8,-3.0,0.9,0.085,0.115,0.095,0.1,20.60000000000001,0.387297767658696,-0.41186422632465697,0.4502438320683093,0.05890746130771705
1508,Maurice Taylor,NYK,2005-06,Rebounder,Average,67,1209.4983333333332,422,229,53,21,14,103,0.468,0.0,0.699,0.496,0.468,0.198,0.054,101.1,107.0,-5.9,0.51,0.06,0.145,0.078,0.103,18.400000000000006,-0.326728566068994,-0.6729504425234719,0.1196431718528765,-0.4640846154570424
2246,Mehmet Okur,UTA,2005-06,Rebounder,Elite,82,2944.4933333333333,1472,746,194,40,73,163,0.46,0.342,0.78,0.554,0.496,0.231,0.144,104.2,106.0,-1.8,1.19,0.077,0.198,0.126,0.137,19.400000000000006,1.0036708200947295,0.11553339400225081,1.924588145966955,0.38846633160166594
2408,Melvin Ely,CHA,2005-06,Rebounder,Average,57,1348.05,560,277,76,29,44,100,0.508,0.0,0.667,0.55,0.508,0.201,0.094,99.5,102.1,-2.5,0.76,0.068,0.146,0.1,0.105,23.30000000000001,0.10349838763846197,-0.4647291687415127,0.27248465247817044,0.21022811588419177
2214,Michael Bradley,PHI,2005-06,Rebounder,Average,46,367.43666666666667,67,107,17,5,7,19,0.405,0.2,0.667,0.417,0.411,0.12,0.071,91.7,100.4,-8.7,0.89,0.108,0.19,0.085,0.148,25.0,-1.6054193978463818,-0.7660957567832289,0.3692154283563259,-0.3129078151648243
1720,Michael Doleac,MIA,2005-06,Rebounder,Average,31,371.1383333333333,98,85,8,10,7,14,0.42,0.0,0.8,0.484,0.42,0.141,0.073,89.4,104.5,-15.2,0.57,0.066,0.174,0.039,0.121,20.900000000000006,-1.046258732039902,-1.0576250320904659,-0.03312956671067807,-0.5019951681762249
1709,Michael Olowokandi,BOS,2005-06,Rebounder,Average,48,918.3133333333334,238,220,23,22,33,55,0.446,0.0,0.511,0.456,0.446,0.169,0.063,94.8,100.0,-5.2,0.42,0.061,0.201,0.044,0.132,25.400000000000006,-0.9004153974716792,-0.9743413955808057,0.46521273943561775,0.14979128888616552
2552,Michael Sweetney,CHI,2005-06,Rebounder,Very Good,66,1222.3966666666668,533,350,59,19,56,95,0.45,0.0,0.652,0.499,0.45,0.233,0.086,99.2,100.7,-1.5,0.62,0.099,0.19,0.084,0.145,24.700000000000003,0.026688446209933343,-0.617166374579939,0.9757674612729474,0.3102805996072458
1630,Mikki Moore,SEA,2005-06,Rebounder,Average,47,583.1016666666667,154,130,27,7,15,40,0.435,0.0,0.742,0.509,0.435,0.146,0.044,108.2,107.9,0.3,0.68,0.078,0.155,0.069,0.116,17.5,-0.8263335764783156,-0.8191812969185219,0.022574198030858028,-0.6519054401348896
1737,Nazr Mohammed,SAS,2005-06,Rebounder,Very Good,80,1389.118333333333,493,418,40,21,49,91,0.504,0.0,0.785,0.56,0.504,0.175,0.09,104.1,99.1,5.0,0.44,0.127,0.193,0.047,0.161,26.30000000000001,-0.07797576243289035,-0.8949336830963035,1.3600316738370712,0.35418855754156664
2420,Nenad Krstic,NJN,2005-06,Rebounder,Very Good,80,2469.335,1080,513,88,32,63,133,0.507,0.25,0.698,0.541,0.508,0.214,0.089,105.8,99.3,6.5,0.66,0.078,0.142,0.063,0.11,26.10000000000001,0.5222042731387798,-0.628426046265391,0.9623802697465773,0.5980571108961126
2555,Nick Collison,SEA,2005-06,Rebounder,Very Good,66,1448.045,493,368,74,21,35,77,0.525,0.0,0.699,0.556,0.525,0.157,0.08,111.2,110.1,1.1,0.96,0.102,0.168,0.079,0.134,15.300000000000011,-0.2326145844012796,-0.590059271419451,0.8833920784274394,-0.43375736404597703
136,P.J. Brown,NOK,2005-06,Rebounder,Very Good,75,2380.201666666667,677,547,90,46,50,90,0.461,0.0,0.827,0.515,0.461,0.145,0.088,101.6,104.8,-3.2,1.0,0.079,0.167,0.062,0.121,20.60000000000001,-0.42218795004500076,-0.6266843169556316,1.1927313389426801,0.2884384472202728
2776,Pape Sow,TOR,2005-06,Rebounder,Average,42,589.7133333333334,147,146,8,21,19,30,0.431,0.0,0.719,0.496,0.431,0.135,0.035,100.7,111.3,-10.6,0.27,0.093,0.185,0.022,0.135,14.100000000000009,-0.9862348923414478,-1.1531251387840586,0.30708168715842815,-0.6661423981545406
2200,Pau Gasol,MEM,2005-06,Rebounder,Elite,80,3135.11,1628,713,371,46,153,235,0.503,0.25,0.689,0.555,0.504,0.261,0.166,105.3,100.2,5.1,1.58,0.067,0.176,0.234,0.122,25.200000000000003,1.341502051573583,1.373545318227185,1.6459318381357964,1.6008087447644541
2056,Primoz Brezec,CHA,2005-06,Rebounder,Very Good,79,2165.403333333333,982,440,45,19,32,85,0.517,0.0,0.732,0.552,0.517,0.199,0.092,99.8,107.9,-8.1,0.53,0.08,0.136,0.037,0.105,17.5,0.40461734509484065,-0.9327117598337844,0.7049853616156107,-0.35557219682291336
2047,Quentin Richardson,NYK,2005-06,Rebounder,Average,55,1442.18,451,230,88,39,6,56,0.355,0.34,0.67,0.452,0.425,0.172,0.062,99.2,109.6,-10.3,1.57,0.046,0.123,0.105,0.084,15.800000000000011,-0.7477193736355968,-0.3924846061988674,-0.11975688135238369,-0.5112819497207141
2417,Qyntel Woods,NYK,2005-06,Rebounder,Average,49,1012.4666666666668,329,190,47,32,13,61,0.508,0.367,0.645,0.572,0.551,0.154,0.092,102.4,106.1,-3.7,0.77,0.047,0.16,0.08,0.103,19.30000000000001,-0.2813638761528782,-0.683793283787667,0.01616140708993069,-0.3073478795941309
1711,Raef LaFrentz,BOS,2005-06,Rebounder,Very Good,82,2032.5616666666667,639,406,115,29,72,65,0.431,0.392,0.68,0.546,0.533,0.144,0.074,105.4,105.9,-0.5,1.77,0.042,0.168,0.087,0.106,19.5,-0.2796684692343565,-0.39425070052424427,0.6275101440756715,0.27024934278211205
2737,Rafael Araujo,TOR,2005-06,Rebounder,Average,52,600.8033333333333,121,144,15,24,6,42,0.366,0.0,0.536,0.385,0.366,0.151,0.017,97.7,106.7,-8.9,0.36,0.072,0.195,0.038,0.13,18.700000000000003,-1.5225035700221523,-1.0374848461690152,0.238076658467696,-0.49631383615183605
2501,Reggie Evans,DEN,2005-06,Rebounder,Elite,67,1392.925,377,502,38,40,10,85,0.489,0.0,0.53,0.519,0.489,0.143,0.083,104.1,111.5,-7.4,0.45,0.121,0.268,0.042,0.19,13.900000000000006,-0.6303034488751617,-0.9303813324155661,1.952365449700683,-0.5720846133641672
2741,Robert Swift,SEA,2005-06,Rebounder,Very Good,47,986.5516666666666,301,264,8,15,56,49,0.515,0.0,0.582,0.536,0.515,0.146,0.066,105.9,108.8,-3.0,0.16,0.099,0.176,0.012,0.138,16.60000000000001,-0.565951206048032,-1.209301672133231,0.6583993229449717,-0.20707772004697236
101142,Ronny Turiaf,LAL,2005-06,Rebounder,Average,23,161.23,45,37,8,3,10,7,0.5,0.0,0.556,0.537,0.5,0.136,0.059,102.5,105.9,-3.4,1.14,0.07,0.167,0.078,0.118,19.5,-0.8180526170055621,-0.8385365520286939,-0.19871070164065224,-0.6264288618044948
101155,Ryan Gomes,BOS,2005-06,Rebounder,Average,61,1376.235,461,298,58,35,5,55,0.487,0.333,0.752,0.548,0.492,0.159,0.101,105.3,105.1,0.2,1.05,0.081,0.151,0.069,0.117,20.30000000000001,-0.28679067570778854,-0.7051108659260356,0.4810814543913049,-0.29844882775427267
2223,Samuel Dalembert,PHI,2005-06,Rebounder,Elite,66,1760.73,485,541,25,34,160,107,0.531,0.0,0.705,0.568,0.531,0.139,0.088,103.0,104.6,-1.6,0.23,0.095,0.223,0.022,0.16,20.80000000000001,-0.30154201858212565,-1.0905703863043081,1.67365758532322,1.2887740673084078
1909,Scott Padgett,NJN,2005-06,Rebounder,Average,62,718.32,211,165,41,28,12,21,0.353,0.347,0.794,0.489,0.458,0.153,0.091,94.0,100.9,-7.0,1.95,0.079,0.163,0.104,0.12,24.5,-0.8483354369721973,-0.5710477516836832,0.16640106567786378,-0.053386485093038484
1752,Sean Marks,SAS,2005-06,Rebounder,Average,25,180.625,81,43,7,5,7,7,0.521,0.0,0.583,0.531,0.521,0.205,0.123,93.3,103.9,-10.7,1.0,0.071,0.191,0.074,0.13,21.5,-0.3212832102402445,-0.8646868566907011,-0.029914578482497012,-0.5185491778380833
101118,Sean May,CHA,2005-06,Rebounder,Average,23,398.4316666666667,189,109,22,17,12,33,0.409,0.0,0.766,0.474,0.409,0.243,0.102,97.8,100.6,-2.8,0.67,0.097,0.18,0.105,0.135,24.80000000000001,-0.29112037071788743,-0.635344233473193,0.2089066795628129,-0.14973507489961838
2752,Sergei Monia,SAC,2005-06,Rebounder,Average,26,343.06333333333333,77,52,19,7,5,12,0.333,0.265,0.714,0.413,0.385,0.139,0.036,91.5,115.2,-23.8,1.58,0.033,0.134,0.091,0.081,10.200000000000003,-1.4819888941171897,-0.7250304541290491,-0.630277232158844,-1.1819892080269834
406,Shaquille O'Neal,MIA,2005-06,Rebounder,Elite,59,1805.7283333333328,1181,541,113,23,104,168,0.6,0.0,0.469,0.586,0.6,0.296,0.142,111.5,104.0,7.6,0.67,0.108,0.21,0.111,0.162,21.400000000000006,1.45260897363268,-0.2667864031309073,1.6991368939325806,0.6434738958446165
101183,Shavlik Randolph,PHI,2005-06,Rebounder,Average,57,486.9166666666667,131,133,19,19,12,21,0.454,0.0,0.606,0.511,0.454,0.136,0.066,101.3,97.2,4.2,0.9,0.119,0.16,0.062,0.14,28.200000000000003,-0.9046897501457875,-0.8879424008416487,0.3362860370941811,0.0707535461453137
1890,Shawn Marion,PHX,2005-06,Rebounder,Elite,81,3263.225,1769,959,143,160,137,125,0.525,0.331,0.809,0.591,0.56,0.218,0.159,109.9,103.7,6.2,1.14,0.078,0.21,0.068,0.146,21.700000000000003,1.3342346254702484,-0.3979547568622001,2.6044146730297815,2.4144833330095956
2212,Steven Hunter,PHI,2005-06,Rebounder,Average,69,1312.2966666666666,421,271,17,12,76,64,0.601,0.0,0.514,0.598,0.601,0.141,0.077,102.1,103.7,-1.5,0.27,0.087,0.124,0.021,0.106,21.700000000000003,-0.1615285000053953,-1.1256255702179314,0.26930403528085906,0.2638363139520051
2242,Terence Morris,ORL,2005-06,Rebounder,Average,22,191.9,35,38,4,6,5,7,0.327,0.0,1.0,0.348,0.327,0.132,0.043,101.1,101.1,0.0,0.57,0.034,0.185,0.034,0.108,24.30000000000001,-1.9351603768665482,-1.100432064054405,-0.32345386610378996,-0.3639096527673087
1495,Tim Duncan,SAS,2005-06,Rebounder,Elite,80,2783.758333333333,1485,881,253,70,162,198,0.484,0.4,0.629,0.523,0.485,0.274,0.172,106.6,97.1,9.5,1.28,0.091,0.239,0.162,0.167,28.30000000000001,1.1505828626936503,0.5348707020772289,2.6649838839021767,2.1226781239650516
1499,Tony Battie,ORL,2005-06,Rebounder,Very Good,82,2215.008333333333,649,457,49,46,69,88,0.507,0.0,0.664,0.531,0.507,0.15,0.074,105.3,108.2,-2.9,0.56,0.075,0.149,0.035,0.113,17.200000000000003,-0.31429713056988356,-0.9292283012142659,0.8520100319753627,0.28090436811034164
2772,Trevor Ariza,ORL,2005-06,Rebounder,Average,57,999.2666666666668,264,218,61,57,11,62,0.412,0.2,0.606,0.468,0.414,0.152,0.085,102.1,101.3,0.8,0.98,0.081,0.15,0.096,0.115,24.10000000000001,-0.9375032859101844,-0.5423951519162555,0.24333185908872212,0.2134737060951346
2211,Troy Murphy,GSW,2005-06,Rebounder,Elite,74,2516.181666666667,1035,743,101,47,26,108,0.433,0.32,0.787,0.529,0.468,0.191,0.12,104.0,106.4,-2.4,0.94,0.075,0.225,0.066,0.147,19.0,0.2527710493013354,-0.5637370990702418,2.044024553262762,-0.03802680599436049
2617,Udonis Haslem,MIA,2005-06,Rebounder,Very Good,81,2490.445,757,634,95,50,17,80,0.508,0.0,0.789,0.558,0.508,0.138,0.104,108.3,102.3,5.9,1.19,0.075,0.19,0.057,0.135,23.10000000000001,-0.16988535324819246,-0.6363741270185266,1.6019304359870834,0.1428942744958836
2751,Viktor Khryapa,POR,2005-06,Rebounder,Average,69,1492.165,403,307,88,50,29,84,0.462,0.333,0.694,0.516,0.477,0.15,0.062,102.3,112.6,-10.3,1.05,0.084,0.15,0.094,0.116,12.800000000000011,-0.5774628108081618,-0.45427879288295686,0.4922222073396121,-0.3408693104771224
958,Vitaly Potapenko,SAC,2005-06,Rebounder,Average,33,352.72,84,64,9,2,2,16,0.521,0.0,0.588,0.535,0.521,0.123,0.032,102.4,112.4,-10.0,0.56,0.08,0.137,0.041,0.105,13.0,-0.8965291479105789,-1.042710034098293,-0.29268498584253355,-1.0996353245891535
2209,Vladimir Radmanovic,LAC,2005-06,Rebounder,Average,77,1973.995,755,358,136,61,29,93,0.407,0.39,0.816,0.545,0.515,0.175,0.09,105.2,108.8,-3.6,1.46,0.033,0.155,0.112,0.094,16.60000000000001,0.025202214635448916,-0.1765358493822099,0.3472721204035747,-0.003626552967581446
2397,Yao Ming,HOU,2005-06,Rebounder,Elite,57,1948.96,1271,581,85,30,94,147,0.519,0.0,0.853,0.592,0.519,0.293,0.183,101.8,99.6,2.2,0.58,0.083,0.223,0.092,0.156,25.80000000000001,1.529856148508646,-0.47655317351980614,1.7288341114511099,0.8733493665998863
2216,Zach Randolph,POR,2005-06,Rebounder,Very Good,74,2545.068333333333,1333,592,144,57,14,165,0.436,0.291,0.714,0.483,0.443,0.284,0.114,100.5,110.4,-9.9,0.87,0.079,0.175,0.111,0.125,15.0,0.8854715976147528,-0.152715972138421,1.3630919924263387,-0.2908414448461217
2560,Zarko Cabarkapa,GSW,2005-06,Rebounder,Average,61,505.435,199,111,20,13,7,35,0.385,0.25,0.714,0.472,0.399,0.216,0.048,96.5,105.6,-9.1,0.57,0.07,0.166,0.069,0.114,19.80000000000001,-0.49299696954311417,-0.8449391361748897,-0.05331930366814286,-0.5355412219157415
2585,Zaza Pachulia,ATL,2005-06,Rebounder,Very Good,78,2451.955,911,613,129,89,39,180,0.451,0.0,0.735,0.53,0.451,0.193,0.087,105.3,110.1,-4.7,0.72,0.113,0.16,0.084,0.136,15.300000000000011,0.18370708210105022,-0.3595879820162602,1.5589491400347928,0.31128517177152476
980,Zydrunas Ilgauskas,CLE,2005-06,Rebounder,Very Good,78,2283.1466666666665,1217,591,91,38,136,155,0.506,0.0,0.834,0.576,0.506,0.243,0.133,105.3,101.2,4.0,0.59,0.115,0.158,0.073,0.137,24.200000000000003,1.033409423738413,-0.5612104389492039,1.513314465498837,1.2871662781562232
2744,Al Jefferson,BOS,2006-07,Rebounder,Elite,69,2319.0133333333333,1107,756,88,48,106,136,0.514,0.0,0.681,0.547,0.514,0.226,0.139,102.7,106.0,-3.3,0.65,0.11,0.239,0.071,0.175,19.400000000000006,0.6638262962823481,-0.5834848195860531,2.435228795381459,0.8052335472095548
200792,Alexander Johnson,MEM,2006-07,Rebounder,Average,59,752.6716666666666,260,181,17,25,35,47,0.538,0.0,0.661,0.588,0.538,0.158,0.064,108.4,109.1,-0.6,0.36,0.076,0.193,0.033,0.135,16.30000000000001,-0.21036064494204298,-1.0582137301989247,0.3999499375867128,-0.33355723724322667
2405,Amar'e Stoudemire,PHX,2006-07,Rebounder,Elite,82,2689.005,1671,786,84,78,110,232,0.575,0.0,0.781,0.637,0.575,0.252,0.144,113.9,105.6,8.3,0.36,0.091,0.204,0.049,0.151,19.80000000000001,1.7754650856689977,-0.7217919582435852,2.2090784495790903,1.1800461613910043
2760,Anderson Varejao,CLE,2006-07,Rebounder,Very Good,81,1932.345,547,545,75,76,52,67,0.476,0.0,0.616,0.527,0.476,0.135,0.094,104.0,97.1,6.8,1.12,0.097,0.192,0.06,0.143,28.30000000000001,-0.5205316973792634,-0.6931149934605402,1.4676969764783157,1.0719252612569459
101154,Andray Blatche,WAS,2006-07,Rebounder,Average,56,682.15,206,191,39,17,32,49,0.437,0.148,0.612,0.471,0.447,0.169,0.071,101.4,107.2,-5.8,0.8,0.107,0.174,0.094,0.139,18.200000000000003,-0.8377291202476526,-0.634583667677532,0.4774423406420868,-0.3351666501648853
2810,Andre Brown,SEA,2006-07,Rebounder,Average,38,270.92333333333335,93,74,2,6,4,29,0.568,0.0,0.6,0.577,0.568,0.171,0.091,93.3,96.9,-3.6,0.07,0.1,0.168,0.014,0.136,28.5,-0.2985191479288546,-1.2201445133974262,0.12877808343920844,-0.12725748156247105
101106,Andrew Bogut,MIL,2006-07,Rebounder,Very Good,66,2258.03,809,584,198,49,35,150,0.553,0.2,0.577,0.566,0.554,0.172,0.11,105.4,108.0,-2.6,1.32,0.078,0.2,0.138,0.138,17.400000000000006,0.16225107100861746,0.19766399931061068,1.5074804697178605,-0.02025438416928767
101115,Andrew Bynum,LAL,2006-07,Rebounder,Very Good,82,1793.4216666666666,637,484,94,12,128,115,0.558,0.0,0.668,0.593,0.558,0.163,0.097,103.0,105.8,-2.8,0.82,0.083,0.191,0.085,0.139,19.60000000000001,0.12670259364566072,-0.4827595249631823,1.254882265656013,0.6665596245078212
2740,Andris Biedrins,GSW,2006-07,Rebounder,Elite,82,2382.1,783,762,88,67,136,119,0.599,0.0,0.521,0.598,0.599,0.139,0.105,107.0,104.2,2.9,0.74,0.106,0.215,0.053,0.161,21.200000000000003,0.08488644914347827,-0.6846025796145634,2.2727939066179266,1.4113817782187617
1712,Antawn Jamison,WAS,2006-07,Rebounder,Very Good,70,2661.53,1388,562,136,80,36,104,0.45,0.364,0.736,0.545,0.51,0.224,0.116,111.3,110.1,1.2,1.31,0.05,0.17,0.084,0.108,15.300000000000011,0.8403931095578914,-0.3338301427598923,1.0669165117368153,0.1876805133174998
952,Antoine Walker,MIA,2006-07,Rebounder,Average,78,1817.763333333333,660,339,130,48,17,141,0.397,0.275,0.438,0.462,0.46,0.219,0.067,100.8,102.9,-2.2,0.92,0.054,0.141,0.122,0.098,22.5,-0.19576122785940506,-0.14243746396706725,0.34781654453265565,0.0869187435895577
686,Antonio McDyess,DET,2006-07,Rebounder,Very Good,82,1729.1816666666666,664,496,72,61,65,75,0.526,0.0,0.691,0.552,0.526,0.18,0.123,107.2,98.3,8.9,0.96,0.099,0.2,0.072,0.149,27.10000000000001,0.03620282558992174,-0.6367422274085482,1.4141193517067991,0.9775262391628065
1506,Austin Croshere,DAL,2006-07,Rebounder,Average,61,727.4616666666667,227,186,44,14,6,33,0.351,0.286,0.865,0.463,0.41,0.169,0.1,96.5,95.4,1.2,1.33,0.046,0.208,0.104,0.127,30.0,-0.8683252823024232,-0.5600086777166684,0.3112995960675967,0.06400036252442336
1802,Brad Miller,SAC,2006-07,Rebounder,Very Good,63,1783.3,568,401,224,38,39,108,0.453,0.152,0.772,0.508,0.459,0.166,0.103,105.9,104.1,1.7,2.07,0.045,0.187,0.196,0.116,21.30000000000001,-0.38708581366786254,0.619159867116605,0.7416397942041482,0.1353837122146315
101138,Brandon Bass,NOK,2006-07,Rebounder,Average,21,161.505,42,43,3,2,3,10,0.341,0.0,0.75,0.411,0.341,0.167,0.05,96.5,102.9,-6.3,0.3,0.076,0.221,0.03,0.141,22.5,-1.313690681330571,-1.1265823687164123,0.11022161886898607,-0.5313484476158067
2217,Brendan Haywood,WAS,2006-07,Rebounder,Very Good,77,1739.9,511,477,47,34,88,90,0.558,0.0,0.548,0.571,0.558,0.134,0.078,107.3,105.5,1.9,0.52,0.109,0.167,0.04,0.137,19.900000000000006,-0.30224194807173993,-0.9084994171843561,1.2108293069609957,0.5074374515426335
2567,Brian Cook,LAL,2006-07,Rebounder,Average,65,1018.37,450,215,65,25,27,51,0.453,0.4,0.723,0.525,0.51,0.208,0.089,107.7,104.6,3.0,1.27,0.064,0.156,0.1,0.111,20.80000000000001,-0.06752302546318419,-0.5052057732872336,0.18441310611900508,-0.15010091154504526
2430,Carlos Boozer,UTA,2006-07,Rebounder,Elite,74,2556.741666666667,1549,867,221,70,21,194,0.561,0.0,0.685,0.588,0.561,0.262,0.181,109.2,106.3,2.9,1.14,0.099,0.258,0.158,0.18,19.10000000000001,1.4805304627181088,0.39464996642273537,2.7934520896917063,0.15557268907640215
200759,Cedric Simmons,NOK,2006-07,Rebounder,Average,43,533.9433333333334,126,107,12,8,23,22,0.417,0.0,0.485,0.43,0.417,0.142,0.033,93.8,102.6,-8.8,0.55,0.082,0.119,0.037,0.1,22.80000000000001,-1.3274930348268181,-1.0541415734709472,-0.2422879782683281,-0.24920458740963314
101112,Channing Frye,NYK,2006-07,Rebounder,Very Good,72,1896.1716666666664,684,395,67,36,42,100,0.433,0.167,0.787,0.464,0.435,0.199,0.072,101.6,105.9,-4.3,0.67,0.051,0.17,0.063,0.111,19.5,-0.3134282223800818,-0.7056995640344946,0.662021251178755,0.03925496325811987
101111,Charlie Villanueva,MIL,2006-07,Rebounder,Average,39,984.3083333333332,462,228,36,24,12,54,0.47,0.337,0.82,0.547,0.508,0.215,0.101,107.4,107.5,-0.1,0.67,0.066,0.176,0.058,0.121,17.900000000000006,0.11815993262429421,-0.8478582617015671,0.3463035707534566,-0.48261279217300285
2547,Chris Bosh,TOR,2006-07,Rebounder,Elite,69,2657.6866666666665,1561,741,175,39,90,179,0.496,0.343,0.785,0.577,0.502,0.266,0.158,107.5,103.8,3.8,0.98,0.075,0.217,0.115,0.147,21.60000000000001,1.4555732799276146,-0.016174927806265782,2.0387177960954315,0.6793621418244927
2549,Chris Kaman,LAC,2006-07,Rebounder,Elite,75,2175.8083333333334,754,588,79,41,116,147,0.451,0.0,0.741,0.502,0.451,0.194,0.09,101.0,104.6,-3.7,0.54,0.083,0.211,0.061,0.148,20.80000000000001,-0.0822838317845289,-0.6727785748362699,1.6454905270993243,0.9161351917414002
185,Chris Webber,DET,2006-07,Rebounder,Very Good,61,1820.631666666667,684,437,188,60,41,107,0.452,0.364,0.638,0.482,0.455,0.213,0.109,106.8,104.4,2.4,1.76,0.075,0.196,0.17,0.134,21.0,-0.10802582183300406,0.34063199280457934,1.0664752007003435,0.36594222234878765
2404,Chris Wilcox,SEA,2006-07,Rebounder,Very Good,82,2585.82,1106,629,82,70,38,127,0.529,0.0,0.684,0.568,0.529,0.191,0.103,108.3,109.1,-0.8,0.65,0.073,0.189,0.05,0.131,16.30000000000001,0.5269565353528605,-0.7235336875533446,1.537704925850036,0.16305648699002806
200783,Craig Smith,MIN,2006-07,Rebounder,Very Good,82,1536.565,608,415,49,51,18,74,0.531,0.0,0.624,0.558,0.531,0.182,0.101,99.5,104.3,-4.8,0.66,0.103,0.184,0.056,0.144,21.10000000000001,0.044764666758512754,-0.8112575811810041,1.13549741490651,0.045863751338262954
200806,Damir Markota,MIL,2006-07,Rebounder,Average,30,170.39,51,31,6,3,1,15,0.365,0.375,0.636,0.449,0.423,0.19,0.02,100.3,111.1,-10.8,0.4,0.065,0.117,0.059,0.091,14.300000000000011,-0.9215628777676045,-0.9526313480367978,-0.5586016393690119,-1.02301034808956
2429,Dan Gadzuric,MIL,2006-07,Rebounder,Very Good,54,840.2816666666666,258,246,29,22,32,49,0.474,0.0,0.467,0.482,0.474,0.168,0.058,103.5,108.3,-4.8,0.59,0.112,0.192,0.053,0.151,17.10000000000001,-0.744656959634963,-0.9017043676325212,0.7762540143998404,-0.34798997802777815
101135,David Lee,NYK,2006-07,Rebounder,Elite,58,1730.545,621,602,104,48,23,92,0.6,0.0,0.815,0.652,0.6,0.142,0.157,107.9,105.1,2.8,1.13,0.119,0.238,0.095,0.18,20.30000000000001,0.2987687233391521,-0.3897860783906274,2.0903067650204075,0.01836324249908788
2561,David West,NOK,2006-07,Rebounder,Very Good,52,1899.6616666666664,949,424,114,42,38,98,0.476,0.32,0.824,0.532,0.481,0.232,0.124,107.6,107.2,0.4,1.16,0.067,0.169,0.103,0.116,18.200000000000003,0.5080446144202232,-0.3080479384879069,0.8026675016284495,-0.015427792688651762
2748,Dorell Wright,MIA,2006-07,Rebounder,Average,66,1292.4216666666666,393,272,95,41,46,65,0.445,0.147,0.744,0.489,0.452,0.167,0.103,98.1,104.7,-6.5,1.46,0.033,0.183,0.126,0.11,20.700000000000003,-0.6145995825009783,-0.2487560469092377,0.3229160310832456,0.2020372440213729
2400,Drew Gooden,CLE,2006-07,Rebounder,Elite,80,2237.958333333333,885,681,88,70,28,115,0.473,0.167,0.714,0.508,0.474,0.199,0.116,102.5,102.5,0.0,0.77,0.119,0.202,0.067,0.159,22.900000000000006,0.0830943058060881,-0.605955432925722,2.0323909327316785,0.4496627022860194
2730,Dwight Howard,ORL,2006-07,Rebounder,Elite,82,3023.42,1443,1008,158,70,156,317,0.603,0.5,0.586,0.619,0.603,0.225,0.162,104.2,102.9,1.4,0.5,0.105,0.254,0.092,0.182,22.5,1.310474461856566,-0.2079357069891126,3.193057778597871,1.7211962246595014
2853,Earl Barron,MIA,2006-07,Rebounder,Average,28,202.61166666666668,65,41,5,6,4,11,0.289,0.0,0.944,0.357,0.289,0.227,0.029,93.7,99.7,-6.1,0.45,0.096,0.125,0.045,0.11,25.700000000000003,-1.16662228698005,-1.0349581860479773,-0.29001442174343345,-0.29177057170107806
2731,Emeka Okafor,CHA,2006-07,Rebounder,Elite,67,2328.891666666667,963,757,80,57,172,111,0.532,0.0,0.593,0.554,0.532,0.191,0.14,101.7,103.8,-2.0,0.72,0.111,0.222,0.06,0.166,21.60000000000001,0.34378673128286935,-0.6747165368488488,2.3232252852230015,1.6954987229660545
956,Erick Dampier,DAL,2006-07,Rebounder,Elite,76,1915.3366666666664,537,566,44,24,82,107,0.626,0.0,0.623,0.642,0.626,0.128,0.093,111.3,98.5,12.8,0.41,0.127,0.194,0.034,0.161,26.900000000000006,0.0785301021493708,-0.9532444111608743,1.7527317042195323,0.7544017634875969
101141,Ersan Ilyasova,MIL,2006-07,Rebounder,Average,66,972.9733333333334,402,189,49,27,17,51,0.383,0.365,0.787,0.5,0.457,0.204,0.065,98.9,108.9,-10.0,0.96,0.058,0.142,0.086,0.099,16.5,-0.2743585075067846,-0.6427279811334872,-0.03745058871245563,-0.48319792841200826
2041,Etan Thomas,WAS,2006-07,Rebounder,Very Good,65,1245.6866666666667,395,377,29,22,89,71,0.574,0.0,0.558,0.585,0.574,0.145,0.088,108.4,109.7,-1.3,0.41,0.111,0.209,0.036,0.159,15.700000000000003,-0.22532441460586405,-0.9972044743261139,1.2257638432974343,0.14644892507805185
101177,Fabricio Oberto,SAS,2006-07,Rebounder,Very Good,79,1365.01,349,368,68,25,24,69,0.562,0.0,0.647,0.575,0.562,0.125,0.077,107.0,99.3,7.7,0.99,0.106,0.184,0.075,0.146,26.10000000000001,-0.46208226877685005,-0.6346080326931496,1.0362679300836026,0.1309464742081006
1922,Francisco Elson,SAS,2006-07,Rebounder,Very Good,70,1332.7066666666667,350,336,55,31,59,86,0.511,0.0,0.775,0.552,0.511,0.142,0.078,103.9,97.5,6.4,0.64,0.068,0.2,0.063,0.137,27.900000000000006,-0.4684162574106032,-0.7498558599025538,0.8367029266641914,0.652984307034615
101113,Ike Diogu,IND,2006-07,Rebounder,Average,59,759.7683333333333,366,203,25,8,26,67,0.477,0.0,0.8,0.559,0.477,0.225,0.102,97.2,98.7,-1.5,0.37,0.098,0.165,0.061,0.132,26.700000000000003,0.1907448902548018,-0.8714819062425363,0.420105303513308,0.010291037292643912
2054,Jake Tsakalidis,HOU,2006-07,Rebounder,Average,36,389.47,84,104,5,8,12,24,0.403,0.0,0.667,0.471,0.403,0.133,0.053,96.7,99.9,-3.1,0.21,0.11,0.168,0.022,0.138,25.5,-1.1892466442319602,-1.1641642127510736,0.23385874955852742,-0.20185906880977464
2063,Jake Voskuhl,CHA,2006-07,Rebounder,Very Good,73,1043.19,319,256,44,30,24,56,0.475,0.0,0.681,0.523,0.475,0.154,0.059,101.6,106.3,-4.7,0.79,0.083,0.185,0.067,0.132,19.10000000000001,-0.5687346393960857,-0.7678618511086057,0.5607343684475677,-0.22852943644685766
2048,Jamaal Magloire,POR,2006-07,Rebounder,Very Good,81,1703.2616666666668,529,492,30,21,66,129,0.504,0.0,0.541,0.527,0.504,0.175,0.074,99.9,107.9,-7.9,0.23,0.096,0.227,0.03,0.16,17.5,-0.2406930955764338,-1.027230703013279,1.5436420347236215,0.009144305158176306
101189,James Singleton,LAC,2006-07,Rebounder,Average,53,376.4116666666667,85,106,17,15,17,17,0.366,0.214,0.759,0.449,0.384,0.132,0.083,99.5,97.6,1.8,1.0,0.09,0.194,0.075,0.139,27.80000000000001,-1.3216317738212304,-0.8222722901324013,0.2519051610305382,0.05639354438762808
693,Joe Smith,PHI,2006-07,Rebounder,Very Good,65,1503.2816666666668,553,400,49,37,27,76,0.449,0.0,0.845,0.51,0.449,0.182,0.101,102.0,101.7,0.3,0.64,0.085,0.194,0.055,0.14,23.700000000000003,-0.2693402622088881,-0.8168752345159214,1.0447381189328102,0.1446240013582549
101121,Joey Graham,TOR,2006-07,Rebounder,Average,79,1319.2233333333334,503,248,44,30,4,49,0.495,0.29,0.84,0.564,0.506,0.168,0.084,104.7,102.0,2.8,0.9,0.045,0.153,0.053,0.1,23.400000000000006,-0.09913750275590254,-0.8465089977974471,0.13183840202847602,-0.17823361379544733
101130,Johan Petro,SEA,2006-07,Rebounder,Very Good,81,1510.013333333333,502,335,45,39,47,82,0.516,0.0,0.649,0.532,0.516,0.166,0.069,100.4,106.9,-6.5,0.55,0.064,0.175,0.05,0.119,18.5,-0.2974607742986675,-0.8596822664798605,0.6047357705962806,0.06217169703891573
200767,Josh Boone,NJN,2006-07,Rebounder,Average,61,668.6683333333333,254,176,10,11,21,33,0.579,0.0,0.544,0.587,0.579,0.167,0.089,101.1,99.4,1.7,0.3,0.099,0.162,0.027,0.132,26.0,-0.15452073615580728,-1.1176774894647963,0.3484640817543455,-0.050340466442434804
2694,Josh Powell,GSW,2006-07,Rebounder,Average,37,353.005,116,88,21,5,12,29,0.462,0.0,0.714,0.52,0.462,0.165,0.062,91.2,108.1,-17.0,0.72,0.063,0.165,0.1,0.115,17.30000000000001,-0.6517551784323922,-0.6671121914701175,-0.10160735678776389,-0.7147314930306309
200818,Justin Williams,SAC,2006-07,Rebounder,Very Good,26,333.32,131,115,2,5,16,15,0.614,0.0,0.365,0.566,0.614,0.169,0.084,104.4,112.4,-7.9,0.13,0.153,0.204,0.01,0.178,13.0,-0.34864935088102483,-1.242615126737095,0.772632086166057,-0.9269067397312023
436,Juwan Howard,HOU,2006-07,Rebounder,Very Good,80,2122.5333333333333,773,470,131,29,8,112,0.465,0.0,0.824,0.517,0.465,0.185,0.093,103.8,102.9,0.8,1.17,0.068,0.162,0.105,0.115,22.5,-0.04870329762254491,-0.23425787933832187,0.911983262172372,-0.2010043282660218
2570,Kendrick Perkins,BOS,2006-07,Rebounder,Very Good,72,1576.3583333333331,324,372,94,23,96,113,0.491,0.0,0.6,0.518,0.491,0.123,0.061,99.6,102.3,-2.7,0.83,0.075,0.173,0.095,0.124,23.10000000000001,-0.8206515197449193,-0.42658299161401003,0.7666090497152974,0.6624171314041907
1903,Kenny Thomas,SAC,2006-07,Rebounder,Very Good,62,1411.7233333333334,331,377,76,43,16,90,0.482,0.0,0.513,0.492,0.482,0.134,0.07,101.7,108.4,-6.7,0.84,0.096,0.191,0.085,0.141,17.0,-0.883734115782191,-0.5489939687652712,0.9964500658131887,-0.2981562478773386
708,Kevin Garnett,MIN,2006-07,Rebounder,Elite,76,2995.0783333333334,1704,975,313,89,126,205,0.476,0.214,0.835,0.546,0.48,0.272,0.191,104.4,104.4,-0.1,1.53,0.068,0.275,0.19,0.175,21.0,1.4253768472677868,0.9129464747952073,3.0163187052041547,1.5264061878209982
2743,Kris Humphries,TOR,2006-07,Rebounder,Average,60,670.155,227,187,18,14,21,32,0.47,0.0,0.671,0.516,0.47,0.166,0.074,102.8,105.3,-2.5,0.56,0.115,0.172,0.043,0.143,20.10000000000001,-0.5872573097589924,-0.9983575055274143,0.5177874435261466,-0.3659089604195636
703,Kurt Thomas,PHX,2006-07,Rebounder,Very Good,67,1208.42,308,379,24,24,29,35,0.486,0.0,0.789,0.531,0.486,0.122,0.085,112.1,100.5,11.5,0.69,0.078,0.239,0.026,0.163,24.900000000000006,-0.7651824140830846,-1.0717794642869776,1.282029217683486,0.10066682122574803
2198,Kwame Brown,LAL,2006-07,Rebounder,Average,41,1131.5366666666666,345,244,75,39,49,76,0.591,0.0,0.44,0.573,0.591,0.148,0.08,110.9,107.0,3.9,0.99,0.08,0.16,0.097,0.12,18.400000000000006,-0.3080308494290393,-0.48526182006860263,0.3760179737874207,0.07653115754011086
200746,LaMarcus Aldridge,POR,2006-07,Rebounder,Very Good,63,1391.756666666667,565,312,24,22,73,43,0.503,0.0,0.722,0.533,0.503,0.188,0.089,105.2,106.0,-0.8,0.56,0.109,0.138,0.03,0.123,19.400000000000006,-0.0852602499831737,-1.0493088509473085,0.5946666803907005,0.2019617987120511
1885,Lamar Odom,LAL,2006-07,Rebounder,Very Good,56,2202.1766666666667,890,547,270,53,32,163,0.468,0.297,0.7,0.552,0.508,0.195,0.124,107.4,106.0,1.5,1.66,0.048,0.207,0.193,0.128,19.400000000000006,0.3089897151205405,0.7715727079394135,1.2819089190754422,0.10834802567374763
101160,Lawrence Roberts,MEM,2006-07,Rebounder,Very Good,54,968.675,283,261,30,36,13,36,0.452,0.0,0.725,0.533,0.452,0.136,0.073,104.5,106.8,-2.4,0.83,0.105,0.18,0.048,0.141,18.60000000000001,-0.6692893160698463,-0.9261129429847689,0.6886581501080166,-0.3070307003755351
200796,Leon Powe,BOS,2006-07,Rebounder,Very Good,63,719.8016666666666,264,215,10,14,22,47,0.446,0.0,0.736,0.549,0.446,0.174,0.1,95.3,96.8,-1.5,0.21,0.13,0.187,0.026,0.156,28.60000000000001,-0.313332248086208,-1.1232951427997133,0.7576975498296183,0.14362324150428063
101132,Linas Kleiza,DEN,2006-07,Rebounder,Average,79,1487.996666666667,598,266,45,28,14,79,0.422,0.376,0.852,0.561,0.509,0.172,0.066,104.3,102.1,2.2,0.57,0.051,0.126,0.047,0.088,23.30000000000001,-0.018499034594207504,-0.8765352264846121,0.02672336487828734,-0.10365716714629584
990,Malik Rose,NYK,2006-07,Rebounder,Average,65,809.9233333333333,192,175,65,26,9,65,0.398,0.25,0.808,0.46,0.403,0.151,0.057,98.0,105.8,-7.8,1.0,0.06,0.169,0.135,0.114,19.60000000000001,-1.0424867806779463,-0.3085879065651306,0.11649692568643488,-0.3923595107214421
1531,Marc Jackson,NOK,2006-07,Rebounder,Average,56,1024.628333333333,408,192,58,21,7,65,0.41,0.0,0.874,0.471,0.41,0.223,0.076,98.5,106.4,-7.9,0.89,0.062,0.14,0.099,0.099,19.0,-0.2967510045687783,-0.5365812658785187,-0.0294904529614598,-0.49965405844884875
948,Marcus Camby,DEN,2006-07,Rebounder,Elite,70,2368.835,785,816,223,87,231,122,0.473,0.0,0.729,0.519,0.473,0.158,0.142,107.9,105.6,2.3,1.83,0.071,0.265,0.137,0.171,19.80000000000001,-0.22626745377406196,0.28403862903415017,2.5434728931826545,2.497511572207587
1548,Mark Blount,MIN,2006-07,Rebounder,Very Good,82,2544.3166666666666,1010,505,67,43,58,159,0.509,0.29,0.754,0.546,0.514,0.197,0.083,101.6,107.4,-5.8,0.42,0.059,0.148,0.045,0.105,18.0,0.37586333383848336,-0.8068173240630048,0.8774549695538537,0.18553191530120997
101110,Martell Webster,POR,2006-07,Rebounder,Average,82,1759.385,574,240,52,35,19,76,0.396,0.364,0.705,0.522,0.489,0.162,0.066,101.1,106.7,-5.7,0.68,0.025,0.123,0.05,0.073,18.700000000000003,-0.3319953414989381,-0.8339244272234926,-0.2333592928672143,-0.250811811790462
101107,Marvin Williams,ATL,2006-07,Rebounder,Average,64,2178.81,839,337,121,52,30,127,0.433,0.244,0.815,0.51,0.441,0.197,0.082,102.2,106.5,-4.3,0.95,0.041,0.128,0.094,0.084,18.900000000000006,0.046715563224086966,-0.33284897924579404,0.16415462709980097,0.048374397204539364
2588,Matt Bonner,SAS,2006-07,Rebounder,Average,56,653.4466666666667,275,156,22,17,11,25,0.447,0.383,0.711,0.542,0.523,0.195,0.102,102.9,102.2,0.8,0.88,0.1,0.151,0.061,0.125,23.200000000000003,-0.1916922399043571,-0.882520980209551,0.20621892994827784,-0.2538600189818955
2246,Mehmet Okur,UTA,2006-07,Rebounder,Very Good,80,2664.4466666666667,1405,579,156,36,38,125,0.462,0.384,0.765,0.571,0.523,0.226,0.118,109.5,108.6,0.9,1.25,0.065,0.169,0.097,0.117,16.80000000000001,1.0159495467925046,-0.187206822959203,1.2266808364012478,-0.15985251538782647
1720,Michael Doleac,MIA,2006-07,Rebounder,Average,56,698.355,200,155,22,18,15,30,0.469,0.0,0.878,0.518,0.469,0.15,0.073,98.5,103.4,-4.9,0.73,0.068,0.167,0.053,0.118,22.0,-0.7124209715393186,-0.9274622068888889,0.1143879712318504,-0.2735344100906967
2552,Michael Sweetney,CHI,2006-07,Rebounder,Average,48,385.27,153,120,28,9,11,42,0.433,0.0,0.561,0.469,0.433,0.223,0.065,97.3,93.6,3.7,0.67,0.116,0.187,0.122,0.152,31.80000000000001,-0.4920790545589418,-0.5177659788455705,0.45466796716269575,0.16853928293733147
2399,Mike Dunleavy,IND,2006-07,Rebounder,Average,82,2580.63,1049,431,228,84,22,149,0.452,0.313,0.784,0.542,0.493,0.187,0.102,103.2,105.1,-1.8,1.53,0.032,0.136,0.142,0.084,20.30000000000001,0.30791317672133284,0.3305253523204275,0.413572213964337,0.38125484427524503
1630,Mikki Moore,NJN,2006-07,Rebounder,Very Good,79,2081.5216666666665,776,403,74,46,60,113,0.609,0.0,0.681,0.637,0.609,0.16,0.089,105.1,104.6,0.5,0.65,0.075,0.131,0.059,0.104,20.80000000000001,0.4565524418730474,-0.7024123381177957,0.594070699715315,0.4013640222608987
200754,Mouhamed Sene,SEA,2006-07,Rebounder,Average,28,169.45333333333335,53,45,0,3,12,11,0.367,0.0,0.586,0.429,0.367,0.187,0.025,90.3,105.3,-15.1,0.0,0.086,0.18,0.0,0.13,20.10000000000001,-1.0564327501486972,-1.306151042730944,-0.024607821315166478,-0.5709411287686477
1737,Nazr Mohammed,DET,2006-07,Rebounder,Very Good,51,773.3783333333333,286,229,9,27,40,43,0.532,0.0,0.61,0.554,0.532,0.181,0.084,103.9,105.9,-2.0,0.21,0.121,0.182,0.02,0.152,19.5,-0.21763591612543612,-1.160680754131555,0.743886232782211,-0.0742322311928326
2403,Nene,DEN,2006-07,Rebounder,Very Good,64,1715.015,783,449,77,62,59,127,0.57,0.0,0.689,0.611,0.57,0.193,0.112,106.0,102.1,3.9,0.61,0.093,0.17,0.072,0.133,23.30000000000001,0.5545204512512207,-0.6183437707968569,1.0855760893996464,0.7039150528945735
2555,Nick Collison,SEA,2006-07,Rebounder,Elite,82,2378.14,790,666,82,48,66,123,0.5,0.0,0.774,0.546,0.5,0.16,0.091,105.4,106.9,-1.5,0.67,0.1,0.194,0.055,0.147,18.5,-0.05364726751734491,-0.6954454208787585,1.8397144023205358,0.34765577954210114
136,P.J. Brown,CHI,2006-07,Rebounder,Very Good,72,1455.8366666666666,436,347,48,24,52,85,0.407,0.0,0.787,0.462,0.407,0.172,0.06,103.1,95.3,7.8,0.56,0.09,0.153,0.049,0.122,30.10000000000001,-0.7013612455854412,-0.854260845847763,0.6747952765143048,0.6388928035538296
2469,Pat Burke,PHX,2006-07,Rebounder,Average,23,163.85666666666663,60,47,5,3,2,7,0.354,0.273,0.615,0.424,0.4,0.206,0.069,94.4,104.2,-9.8,0.71,0.069,0.2,0.051,0.135,21.200000000000003,-0.9408832294171979,-1.001252266038474,0.04439720737556563,-0.6074856262449204
2200,Pau Gasol,MEM,2006-07,Rebounder,Very Good,59,2132.508333333333,1226,581,201,29,126,162,0.538,0.273,0.748,0.593,0.54,0.247,0.154,107.1,112.6,-5.5,1.24,0.076,0.211,0.166,0.145,12.800000000000011,1.1663798078248862,0.3659973666553079,1.5886979140996265,0.4229360761163619
200794,Paul Millsap,UTA,2006-07,Rebounder,Very Good,82,1472.1466666666668,559,423,62,67,74,94,0.525,0.333,0.673,0.571,0.526,0.174,0.11,107.4,101.7,5.7,0.66,0.131,0.182,0.068,0.156,23.700000000000003,0.02519248322368169,-0.6960097539715997,1.309600295231996,0.9309856976520217
2056,Primoz Brezec,CHA,2006-07,Rebounder,Average,58,838.3616666666667,288,184,23,11,23,38,0.445,0.333,0.632,0.474,0.447,0.183,0.037,100.8,106.7,-5.9,0.61,0.094,0.14,0.044,0.116,18.700000000000003,-0.6589555503393044,-0.9743413955808057,0.165856641548783,-0.45901466629765836
2047,Quentin Richardson,NYK,2006-07,Rebounder,Very Good,49,1620.965,636,352,108,36,7,70,0.418,0.376,0.692,0.532,0.507,0.187,0.106,105.5,107.9,-2.4,1.54,0.044,0.182,0.113,0.115,17.5,-0.04709669409896486,-0.27394955307276414,0.5988845892998693,-0.43236562694842356
1711,Raef LaFrentz,POR,2006-07,Rebounder,Average,27,352.2633333333333,100,70,8,7,11,13,0.382,0.087,0.769,0.441,0.392,0.168,0.034,99.1,114.4,-15.3,0.62,0.073,0.155,0.038,0.111,11.0,-1.093017475150054,-1.063242685425383,-0.20032678851246016,-1.0742806839689463
2737,Rafael Araujo,UTA,2006-07,Rebounder,Average,28,247.4933333333333,72,66,10,6,2,17,0.415,0.0,0.621,0.463,0.415,0.164,0.06,104.2,93.9,10.3,0.59,0.091,0.205,0.067,0.144,31.5,-1.016705777038536,-0.892971356068107,0.2094682892073284,0.02877161557989168
2501,Reggie Evans,DEN,2006-07,Rebounder,Elite,66,1126.9316666666666,325,460,45,42,16,95,0.544,0.0,0.497,0.55,0.544,0.145,0.104,104.3,101.1,3.2,0.47,0.132,0.261,0.06,0.196,24.30000000000001,-0.47591860691538534,-0.8035057331306882,1.9173614750148231,0.12039151704571886
200764,Renaldo Balkman,NYK,2006-07,Rebounder,Very Good,68,1064.185,334,294,44,57,44,49,0.505,0.185,0.567,0.531,0.515,0.149,0.114,99.3,98.5,0.8,0.9,0.091,0.189,0.071,0.139,26.900000000000006,-0.548779526121593,-0.7453912377689369,0.7507403347596103,0.7118631083351349
101142,Ronny Turiaf,LAL,2006-07,Rebounder,Average,72,1086.9483333333333,383,259,63,17,78,52,0.549,0.0,0.664,0.586,0.549,0.15,0.084,107.1,105.5,1.6,1.21,0.078,0.161,0.092,0.118,19.900000000000006,-0.1916582552620687,-0.5575063826112481,0.39033934393303926,0.23011964156060538
101155,Ryan Gomes,BOS,2006-07,Rebounder,Average,73,2274.515,881,407,119,48,13,105,0.467,0.381,0.811,0.534,0.479,0.187,0.093,101.2,109.3,-8.0,1.13,0.058,0.136,0.092,0.096,16.10000000000001,0.14101986657413929,-0.351443668560305,0.5027669796125339,-0.32958103273954825
2223,Samuel Dalembert,PHI,2006-07,Rebounder,Elite,82,2534.6633333333334,879,733,64,47,159,161,0.541,0.0,0.746,0.581,0.541,0.166,0.106,104.0,104.4,-0.3,0.4,0.104,0.208,0.041,0.156,21.0,0.2545716468806198,-0.8403270113696883,2.132147656168232,1.4251052565132902
1513,Scot Pollard,CLE,2006-07,Rebounder,Average,24,108.76333333333334,24,31,3,4,1,4,0.423,0.0,0.5,0.432,0.423,0.133,0.026,96.1,97.1,-1.0,0.75,0.146,0.162,0.053,0.153,28.30000000000001,-1.4554994920347204,-0.9973763420133162,0.23125692752116644,-0.19008353445821227
1909,Scott Padgett,MEM,2006-07,Rebounder,Average,31,230.82166666666663,46,54,8,5,3,9,0.286,0.242,0.462,0.373,0.357,0.139,0.023,99.1,97.8,1.3,0.89,0.073,0.167,0.058,0.121,27.60000000000001,-1.733045959103052,-0.9508896187270386,-0.11538430280430162,-0.20061551604840724
101118,Sean May,CHA,2006-07,Rebounder,Very Good,35,837.98,416,233,66,19,24,56,0.5,0.667,0.768,0.551,0.503,0.229,0.135,104.5,104.4,0.2,1.18,0.091,0.192,0.139,0.143,21.0,0.2103439754768568,-0.2824376019031234,0.6398428583747493,-0.23087054617423464
949,Shareef Abdur-Rahim,SAC,2006-07,Rebounder,Very Good,80,2014.6666666666667,793,398,109,53,40,116,0.474,0.15,0.726,0.524,0.476,0.194,0.08,103.3,107.8,-4.4,0.94,0.062,0.148,0.092,0.104,17.60000000000001,0.07162677300864094,-0.3882405817836877,0.5808038067969886,0.08352932260922336
200761,Shawne Williams,IND,2006-07,Rebounder,Average,46,556.22,180,83,22,6,8,24,0.469,0.365,0.55,0.533,0.528,0.156,0.053,97.5,108.3,-10.8,0.92,0.063,0.097,0.068,0.08,17.10000000000001,-0.5971580147487898,-0.8431974068651304,-0.5607621503699006,-0.7565909211145097
200749,Shelden Williams,ATL,2006-07,Rebounder,Very Good,81,1513.44,444,435,44,52,39,96,0.455,0.5,0.764,0.518,0.458,0.156,0.093,97.7,106.0,-8.3,0.46,0.089,0.213,0.051,0.15,19.400000000000006,-0.49253773981703874,-0.8577443044672816,1.2650029124078976,0.16880891075694338
200780,Solomon Jones,ATL,2006-07,Rebounder,Average,58,665.735,189,136,11,11,42,25,0.508,0.0,0.787,0.587,0.508,0.125,0.056,98.6,110.8,-12.1,0.44,0.076,0.142,0.028,0.108,14.600000000000009,-0.508855663418907,-1.1083801448075405,-0.06342276490459275,-0.5076770179422406
2212,Steven Hunter,PHI,2006-07,Rebounder,Average,70,1604.6166666666666,450,335,26,13,76,65,0.577,0.0,0.49,0.573,0.577,0.131,0.079,96.4,104.9,-8.5,0.4,0.077,0.14,0.028,0.11,20.5,-0.35675840669366865,-1.0531847749724665,0.49007888185415804,0.20369206683091376
2031,Stromile Swift,MEM,2006-07,Rebounder,Average,54,1029.2333333333331,419,250,17,30,62,69,0.465,0.0,0.724,0.517,0.465,0.204,0.077,99.6,108.9,-9.3,0.25,0.086,0.17,0.029,0.128,16.5,-0.16490086022401773,-1.0806843435385938,0.49385547972685484,0.0031720405411910977
1495,Tim Duncan,SAS,2006-07,Rebounder,Elite,80,2725.9333333333334,1599,846,273,66,190,224,0.546,0.111,0.637,0.579,0.547,0.279,0.189,111.1,96.5,14.6,1.22,0.09,0.239,0.182,0.168,28.900000000000006,1.5895782785739885,0.7208175952223387,2.584855287778572,2.399774469327536
1501,Tim Thomas,LAC,2006-07,Rebounder,Average,76,2053.81,836,378,171,55,28,106,0.414,0.382,0.708,0.532,0.508,0.198,0.097,104.8,100.6,4.3,1.61,0.034,0.153,0.142,0.096,24.80000000000001,0.17765839494994573,0.12078294694714624,0.4258190006862408,0.40587614080539564
1499,Tony Battie,ORL,2006-07,Rebounder,Very Good,66,1574.5716666666667,404,344,35,29,30,61,0.489,0.0,0.675,0.513,0.489,0.135,0.071,101.3,100.7,0.6,0.57,0.065,0.168,0.036,0.118,24.700000000000003,-0.7037015014492553,-0.9751263263920844,0.6158765235445878,0.15084016491047955
2211,Troy Murphy,IND,2006-07,Rebounder,Very Good,68,1851.9216666666664,698,414,126,46,42,78,0.458,0.395,0.745,0.541,0.508,0.172,0.101,101.5,107.4,-5.8,1.62,0.053,0.175,0.112,0.112,18.0,-0.06073486547510278,-0.21333276260559259,0.7251750985730756,0.054736580066985376
2199,Tyson Chandler,NOK,2006-07,Rebounder,Elite,73,2525.1366666666668,690,904,66,37,129,126,0.624,0.0,0.527,0.62,0.624,0.121,0.119,104.9,105.4,-0.5,0.52,0.126,0.244,0.04,0.183,20.0,0.0118367177933724,-0.8385852820599291,2.9298460602013625,0.9592130319884927
2617,Udonis Haslem,MIA,2006-07,Rebounder,Elite,79,2482.901666666666,844,654,97,49,26,110,0.492,0.0,0.68,0.523,0.492,0.17,0.1,104.2,103.7,0.6,0.88,0.082,0.188,0.064,0.137,21.700000000000003,-0.07300373722105256,-0.5896911710294294,1.6804773162697497,0.14133354251592048
2751,Viktor Khryapa,CHI,2006-07,Rebounder,Average,33,230.82666666666665,73,57,21,10,1,16,0.386,0.0,0.731,0.448,0.386,0.179,0.046,95.9,100.8,-5.0,1.31,0.09,0.176,0.145,0.132,24.60000000000001,-0.9919404401803709,-0.41431779139884223,0.032712030298177486,-0.34530765451150036
2209,Vladimir Radmanovic,LAL,2006-07,Rebounder,Average,55,986.0666666666668,361,180,66,25,18,69,0.424,0.339,0.726,0.518,0.487,0.187,0.069,101.1,106.4,-5.3,0.96,0.054,0.133,0.113,0.093,19.0,-0.3254581571541408,-0.4284965886109714,-0.13776892179352498,-0.34691650266180324
2216,Zach Randolph,POR,2006-07,Rebounder,Elite,68,2424.865,1608,688,147,53,15,215,0.467,0.292,0.819,0.537,0.472,0.328,0.162,105.4,108.8,-3.4,0.68,0.089,0.23,0.126,0.157,16.60000000000001,1.714635719603798,-0.057412098147647764,2.0254852742079748,-0.2281619525170923
2585,Zaza Pachulia,ATL,2006-07,Rebounder,Very Good,72,2025.445,875,500,106,77,36,162,0.474,0.0,0.786,0.562,0.474,0.214,0.108,101.2,103.6,-2.4,0.65,0.104,0.163,0.092,0.133,21.80000000000001,0.4944370023931259,-0.3992796557507025,1.2208983971665757,0.5385018123243307
980,Zydrunas Ilgauskas,CLE,2006-07,Rebounder,Elite,78,2129.7233333333334,925,599,123,48,98,141,0.485,0.0,0.807,0.527,0.485,0.215,0.121,103.6,97.9,5.7,0.87,0.115,0.182,0.099,0.147,27.5,0.33770116395265504,-0.29740132992653134,1.6619380372149621,1.200206703085945
201189,Aaron Gray,CHI,2007-08,Rebounder,Average,61,612.9966666666667,262,168,41,21,16,57,0.505,0.0,0.566,0.529,0.505,0.213,0.074,101.8,102.4,-0.6,0.72,0.112,0.163,0.113,0.137,23.0,-0.1436264694919109,-0.520488871669428,0.3909353246084249,-0.17357818222318586
1502,Adonal Foyle,ORL,2007-08,Rebounder,Average,82,773.7616666666667,156,208,18,16,45,32,0.458,0.0,0.471,0.464,0.458,0.12,0.07,99.1,99.6,-0.5,0.56,0.093,0.174,0.038,0.134,25.80000000000001,-1.272512941403553,-1.0264457722020004,0.45885150504099503,0.23253454931296555
1733,Al Harrington,GSW,2007-08,Rebounder,Very Good,81,2190.3016666666667,1102,439,132,74,16,90,0.434,0.375,0.774,0.547,0.517,0.209,0.093,110.3,107.0,3.2,1.47,0.045,0.156,0.089,0.098,18.400000000000006,0.5357723565300652,-0.3204606413746593,0.6131544028991833,0.10530254827963537
201143,Al Horford,ATL,2007-08,Rebounder,Elite,81,2539.8866666666668,821,785,124,60,76,137,0.499,0.0,0.731,0.539,0.499,0.16,0.104,104.6,106.9,-2.2,0.91,0.102,0.223,0.078,0.162,18.5,-0.071314404052482,-0.4116923586374549,2.3465612683469086,0.5731667748325696
2744,Al Jefferson,MIN,2007-08,Rebounder,Elite,82,2918.768333333333,1726,911,117,74,119,167,0.5,0.0,0.721,0.535,0.5,0.273,0.147,102.4,112.2,-9.8,0.7,0.105,0.227,0.075,0.163,13.200000000000003,1.3856697076013367,-0.4543031578985745,2.6936266241934135,0.8418770303386918
200792,Alexander Johnson,MIA,2007-08,Rebounder,Average,43,548.725,179,94,13,13,10,42,0.488,0.0,0.687,0.554,0.488,0.177,0.045,98.3,111.5,-13.2,0.31,0.064,0.131,0.045,0.097,13.900000000000006,-0.32408078007532537,-1.0055206554692713,-0.3150008627700176,-0.8518414126985894
2760,Anderson Varejao,CLE,2007-08,Rebounder,Very Good,48,1319.4466666666667,321,399,53,37,26,59,0.461,0.0,0.598,0.485,0.461,0.133,0.093,104.3,101.0,3.3,0.9,0.099,0.213,0.065,0.154,24.400000000000006,-0.93828884058161,-0.745979935877396,1.2204399006146687,0.17563480988983435
101154,Andray Blatche,WAS,2007-08,Rebounder,Very Good,82,1674.6266666666668,618,425,92,53,114,112,0.474,0.231,0.695,0.512,0.477,0.194,0.084,102.0,108.2,-6.2,0.82,0.1,0.167,0.096,0.133,17.200000000000003,-0.12318472447079205,-0.42832472092376933,1.0218950033916798,0.8087197888167887
2810,Andre Brown,MEM,2007-08,Rebounder,Average,33,286.30333333333334,100,92,8,7,4,14,0.5,0.0,0.449,0.502,0.5,0.167,0.069,103.7,113.3,-9.6,0.57,0.113,0.196,0.045,0.151,12.100000000000009,-0.7515682488573506,-1.0239191120809625,0.3676337125153877,-1.0804727894360007
101106,Andrew Bogut,MIL,2007-08,Rebounder,Elite,78,2720.0333333333333,1119,763,199,64,135,172,0.511,0.0,0.587,0.532,0.511,0.204,0.113,105.2,111.2,-6.1,1.16,0.095,0.205,0.121,0.15,14.200000000000003,0.42566643500875706,0.10584358393935599,2.1353110878501083,0.9588975000542354
101115,Andrew Bynum,LAL,2007-08,Rebounder,Very Good,35,1008.25,460,356,61,12,72,52,0.636,0.0,0.695,0.659,0.636,0.168,0.154,112.9,101.5,11.4,1.17,0.108,0.232,0.091,0.173,23.900000000000006,0.413019032425316,-0.5704834185908418,1.3483980533059872,0.3526267430486208
2740,Andris Biedrins,GSW,2007-08,Rebounder,Elite,76,2078.345,796,744,75,56,94,85,0.626,0.0,0.62,0.637,0.626,0.143,0.121,111.1,106.3,4.8,0.88,0.116,0.229,0.051,0.172,19.10000000000001,0.346527225413413,-0.7436738734747953,2.3651692894634344,0.7490884801643293
1712,Antawn Jamison,WAS,2007-08,Rebounder,Elite,79,3060.776666666666,1689,806,120,106,34,113,0.436,0.339,0.76,0.525,0.478,0.253,0.133,109.8,106.8,2.9,1.06,0.07,0.207,0.07,0.136,18.60000000000001,1.1554021938157042,-0.4713523506061458,2.0710512066821916,0.6307314493708234
952,Antoine Walker,MIN,2007-08,Rebounder,Average,46,892.3666666666667,368,168,45,33,8,46,0.363,0.324,0.53,0.455,0.444,0.22,0.069,99.2,104.4,-5.2,0.98,0.059,0.128,0.085,0.092,21.0,-0.4390389872712222,-0.6630643997577574,-0.1823491191021886,-0.24769088908702788
686,Antonio McDyess,DET,2007-08,Rebounder,Elite,78,2284.8083333333334,683,666,89,61,53,75,0.488,0.0,0.622,0.511,0.488,0.155,0.096,110.2,102.6,7.6,1.19,0.093,0.225,0.061,0.157,22.80000000000001,-0.3675263806216788,-0.6359816616128872,1.9671109453673388,0.6034715684130751
1506,Austin Croshere,GSW,2007-08,Rebounder,Average,44,456.8733333333333,173,104,30,8,6,22,0.445,0.361,0.906,0.573,0.526,0.157,0.088,103.8,103.3,0.4,1.36,0.065,0.151,0.1,0.107,22.10000000000001,-0.36618412710341514,-0.633994969569073,-0.16107053388656192,-0.462329747996518
2852,Awvee Storey,MIL,2007-08,Rebounder,Average,26,258.48833333333334,92,54,16,7,1,10,0.438,0.0,0.483,0.452,0.438,0.179,0.046,98.6,107.7,-9.0,1.6,0.108,0.094,0.102,0.102,17.700000000000003,-0.9553684656676601,-0.6742753414119743,-0.35743773459322725,-0.7817990011680043
2250,Bobby Simmons,MIL,2007-08,Rebounder,Average,70,1521.2033333333334,531,226,80,50,5,78,0.421,0.351,0.757,0.504,0.482,0.176,0.067,101.1,108.8,-7.7,1.03,0.043,0.117,0.087,0.077,16.60000000000001,-0.36343364830789615,-0.5230398968060836,-0.21954797581980695,-0.3604206813627533
1802,Brad Miller,SAC,2007-08,Rebounder,Elite,72,2512.5383333333334,964,681,264,69,74,164,0.463,0.311,0.848,0.558,0.482,0.181,0.122,108.7,107.0,1.7,1.61,0.072,0.211,0.161,0.143,18.400000000000006,0.29417320438148886,0.5697296532880326,1.8285564638567937,0.640308645766282
201148,Brandan Wright,GSW,2007-08,Rebounder,Average,38,375.69666666666666,151,99,9,6,22,13,0.554,0.0,0.675,0.583,0.554,0.158,0.106,103.1,105.2,-2.1,0.69,0.092,0.15,0.035,0.121,20.200000000000003,-0.3175535595108628,-1.0764159541077967,0.004017733460635831,-0.43280693241803664
101138,Brandon Bass,DAL,2007-08,Rebounder,Very Good,79,1556.4833333333331,654,347,58,22,48,82,0.499,0.0,0.822,0.564,0.499,0.193,0.108,102.6,103.6,-1.0,0.71,0.081,0.148,0.067,0.115,21.80000000000001,0.19276803754015479,-0.71634617259587,0.5856176963815429,0.0900364187540445
2217,Brendan Haywood,WAS,2007-08,Rebounder,Very Good,80,2227.773333333333,848,576,71,31,133,108,0.528,0.0,0.735,0.582,0.528,0.171,0.098,108.7,106.8,1.9,0.66,0.125,0.145,0.051,0.135,18.60000000000001,0.2745359765220023,-0.7583926387641484,1.4480344781344974,0.8552581653016081
2073,Brian Cardinal,MEM,2007-08,Rebounder,Average,37,439.7816666666667,124,96,22,10,2,23,0.341,0.309,0.684,0.461,0.44,0.151,0.044,102.6,101.1,1.5,0.96,0.055,0.157,0.074,0.105,24.30000000000001,-1.0858073718313757,-0.8094914868556271,-0.20777687116524476,-0.35281659302327845
1730,Brian Skinner,PHX,2007-08,Rebounder,Very Good,66,843.975,219,238,15,21,77,39,0.465,0.667,0.524,0.485,0.47,0.135,0.071,102.2,105.2,-3.0,0.38,0.075,0.187,0.025,0.134,20.200000000000003,-0.9972050674869392,-1.1105143395229393,0.5384528625509534,0.2790740318256311
201171,Carl Landry,HOU,2007-08,Rebounder,Very Good,42,711.3933333333333,342,207,21,17,7,26,0.616,0.0,0.661,0.641,0.616,0.18,0.131,107.7,101.9,5.8,0.81,0.134,0.161,0.05,0.148,23.5,0.31285359160973575,-0.947994858215979,0.6345532867228537,-0.27670347247933497
2430,Carlos Boozer,UTA,2007-08,Rebounder,Elite,81,2826.6016666666665,1708,844,233,100,41,210,0.547,0.0,0.738,0.581,0.547,0.263,0.155,113.5,106.1,7.4,1.11,0.079,0.245,0.135,0.165,19.30000000000001,1.5624908715056705,0.30960023558769834,2.5413295676972005,0.6805137922971114
2568,Carlos Delfino,TOR,2007-08,Rebounder,Average,82,1928.2016666666664,738,359,145,69,11,75,0.397,0.382,0.744,0.527,0.492,0.184,0.091,105.5,105.2,0.3,1.93,0.035,0.162,0.117,0.098,20.200000000000003,-0.024088630270846585,-0.11533036080657932,0.4008841162059612,0.1086668286618175
101112,Channing Frye,POR,2007-08,Rebounder,Very Good,78,1341.96,530,354,57,29,27,55,0.488,0.3,0.78,0.529,0.491,0.193,0.095,105.8,104.0,1.8,1.04,0.083,0.193,0.073,0.138,21.400000000000006,-0.09676819708148732,-0.6863199439087051,0.8972033954748467,-0.07340265476209633
101111,Charlie Villanueva,MIL,2007-08,Rebounder,Very Good,76,1828.7583333333332,886,466,78,30,35,107,0.435,0.297,0.783,0.502,0.469,0.235,0.097,103.8,112.9,-9.0,0.73,0.077,0.187,0.072,0.129,12.5,0.3130475918385301,-0.6146640794745186,1.079724908103235,-0.5050181877397774
2549,Chris Kaman,LAC,2007-08,Rebounder,Elite,56,2082.69,878,711,107,33,155,164,0.483,0.0,0.762,0.538,0.483,0.217,0.139,99.1,104.1,-5.0,0.65,0.087,0.266,0.094,0.177,21.30000000000001,0.3813410265194718,-0.3843646577585298,2.341306067725882,1.2572027218794846
2036,Chris Mihm,LAL,2007-08,Rebounder,Average,23,278.11833333333334,82,77,13,4,14,17,0.337,0.0,0.667,0.384,0.337,0.19,0.039,102.1,105.0,-2.9,0.76,0.099,0.158,0.071,0.13,20.400000000000006,-1.27084711405206,-0.8594616687614233,0.06030029336212245,-0.52271843530934
2404,Chris Wilcox,SEA,2007-08,Rebounder,Very Good,62,1738.695,828,433,74,46,36,103,0.524,0.0,0.645,0.554,0.524,0.208,0.106,100.1,105.3,-5.2,0.72,0.071,0.167,0.07,0.12,20.10000000000001,0.37087982059632046,-0.6406181514337062,0.8775065261001581,0.11741661365250612
200783,Craig Smith,MIN,2007-08,Rebounder,Very Good,77,1546.545,727,353,60,36,17,89,0.563,0.0,0.665,0.59,0.563,0.202,0.1,100.8,108.2,-7.5,0.67,0.082,0.16,0.066,0.12,17.200000000000003,0.45995218940067023,-0.7146044432861107,0.665236239406936,-0.348817389432549
2788,DJ Mbenga,LAL,2007-08,Rebounder,Average,42,325.64166666666665,83,72,10,7,26,12,0.464,0.0,0.417,0.465,0.464,0.132,0.033,103.2,103.9,-0.6,0.83,0.079,0.132,0.044,0.105,21.5,-1.2315934924434513,-1.0221773827712033,-0.2714579571732114,-0.3055946359030815
2429,Dan Gadzuric,MIL,2007-08,Rebounder,Average,51,533.9633333333334,161,144,11,20,24,34,0.416,0.0,0.524,0.443,0.416,0.172,0.047,98.3,104.5,-6.2,0.32,0.109,0.157,0.034,0.131,20.900000000000006,-1.0083103896534895,-1.0746742247980372,0.25081631277237637,-0.22638465074087258
2545,Darko Milicic,MEM,2007-08,Rebounder,Very Good,70,1663.2033333333334,505,424,58,32,114,101,0.438,0.0,0.554,0.456,0.438,0.173,0.064,101.1,109.3,-8.2,0.57,0.077,0.179,0.055,0.128,16.10000000000001,-0.6785867044488398,-0.7837580126148769,0.9555433532846132,0.5265010245577857
101135,David Lee,NYK,2007-08,Rebounder,Elite,81,2355.76,876,724,95,55,29,97,0.552,0.0,0.819,0.606,0.552,0.154,0.131,103.7,108.8,-5.1,0.98,0.099,0.216,0.067,0.155,16.60000000000001,0.3075008203778025,-0.5801975936693542,2.095527594610564,-0.06579473059745307
2561,David West,NOH,2007-08,Rebounder,Very Good,76,2869.555,1564,675,177,62,99,165,0.482,0.24,0.85,0.535,0.484,0.259,0.131,110.8,103.3,7.4,1.07,0.065,0.183,0.104,0.123,22.10000000000001,1.1663568317642368,-0.07060973184567879,1.5578431062611962,1.0381080029580714
2046,Desmond Mason,MIL,2007-08,Rebounder,Average,59,1701.7016666666666,574,256,121,40,30,83,0.482,0.0,0.659,0.519,0.482,0.166,0.078,104.7,109.7,-5.0,1.46,0.045,0.113,0.107,0.079,15.700000000000003,-0.31986602184930785,-0.2598194858918701,-0.11446730970048802,-0.26397691821361224
923,Donyell Marshall,SEA,2007-08,Rebounder,Average,26,340.095,98,76,10,6,16,15,0.327,0.283,0.864,0.455,0.403,0.161,0.057,102.3,115.9,-13.6,0.67,0.068,0.159,0.044,0.111,9.5,-1.0656576406277924,-1.0221773827712033,-0.1844065170104685,-1.1221867394661496
2748,Dorell Wright,MIA,2007-08,Rebounder,Average,44,1103.861666666667,347,220,60,29,41,29,0.488,0.364,0.826,0.537,0.495,0.146,0.103,99.8,107.1,-7.3,2.07,0.046,0.164,0.087,0.105,18.30000000000001,-0.5270608189869842,-0.596633723252849,0.12124207320924964,-0.11389765137253861
2400,Drew Gooden,CHI,2007-08,Rebounder,Very Good,69,2121.5916666666667,826,590,81,48,53,122,0.449,0.0,0.753,0.495,0.449,0.201,0.096,104.4,106.5,-2.2,0.66,0.082,0.207,0.062,0.143,18.900000000000006,-0.0191404876693535,-0.659801538856676,1.5870990127432534,0.23963061752195966
2730,Dwight Howard,ORL,2007-08,Rebounder,Elite,82,3087.7266666666665,1695,1161,110,74,176,263,0.599,0.0,0.59,0.619,0.599,0.239,0.155,112.5,105.0,7.5,0.42,0.098,0.278,0.059,0.192,20.400000000000006,1.5946907415472005,-0.569943450513618,3.7264212449454615,1.8416061388702445
2853,Earl Barron,MIA,2007-08,Rebounder,Average,46,889.1016666666667,326,198,29,19,8,48,0.404,0.077,0.701,0.446,0.405,0.218,0.06,93.7,105.3,-11.6,0.6,0.077,0.165,0.063,0.119,20.10000000000001,-0.5354260323547186,-0.8455278342833488,0.24122290463413762,-0.4456291777679468
2731,Emeka Okafor,CHA,2007-08,Rebounder,Elite,82,2718.1183333333333,1133,876,70,62,138,164,0.535,0.0,0.57,0.553,0.535,0.199,0.12,103.1,107.6,-4.4,0.43,0.097,0.236,0.044,0.167,17.80000000000001,0.519228369985012,-0.801395903430907,2.65171699098385,1.1800439963650386
1922,Francisco Elson,SEA,2007-08,Rebounder,Average,63,813.4616666666667,210,200,24,15,20,47,0.39,0.0,0.703,0.416,0.39,0.167,0.054,94.0,99.6,-5.6,0.51,0.061,0.186,0.051,0.123,25.80000000000001,-1.1639499797911006,-0.9313381309140469,0.29748827902018943,-0.03076341370215944
101124,Hakim Warrick,MEM,2007-08,Rebounder,Average,75,1753.67,852,356,53,36,28,85,0.502,0.271,0.704,0.555,0.512,0.211,0.098,99.0,112.0,-13.0,0.62,0.066,0.138,0.055,0.101,13.400000000000006,0.41586637735285276,-0.8021564692265682,0.43114294336900627,-0.4607930505868607
200756,Hilton Armstrong,NOH,2007-08,Rebounder,Average,65,732.2533333333333,178,163,23,15,34,59,0.453,0.0,0.629,0.498,0.453,0.148,0.03,100.9,102.2,-1.3,0.39,0.092,0.151,0.048,0.12,23.200000000000003,-0.8572779362170153,-0.9518707822411367,0.16109430851053325,-0.041881072787851324
1956,Ira Newble,LAL,2007-08,Rebounder,Average,49,697.9966666666667,188,125,18,28,8,34,0.437,0.327,0.769,0.507,0.483,0.137,0.059,95.2,108.1,-12.9,0.53,0.062,0.12,0.044,0.089,17.30000000000001,-0.8791339237845083,-0.992739852192497,-0.33466336111383643,-0.5168900014617464
2063,Jake Voskuhl,MIL,2007-08,Rebounder,Average,44,385.895,98,97,13,9,21,29,0.463,0.0,0.828,0.528,0.463,0.136,0.043,96.6,105.1,-8.5,0.45,0.074,0.179,0.053,0.124,20.30000000000001,-0.8312895494483176,-0.9605794287899334,0.03692993920734616,-0.40596484010122263
2048,Jamaal Magloire,DAL,2007-08,Rebounder,Very Good,31,285.80333333333334,56,89,7,1,10,30,0.327,0.0,0.455,0.377,0.327,0.17,0.01,94.8,97.3,-2.5,0.23,0.077,0.238,0.043,0.165,28.10000000000001,-1.4760293809812037,-1.038834110073135,0.5380287370299162,-0.14186138225539602
201162,Jared Dudley,CHA,2007-08,Rebounder,Average,73,1383.8166666666666,422,286,81,55,10,50,0.468,0.22,0.737,0.528,0.481,0.144,0.087,104.3,105.7,-1.4,1.62,0.087,0.121,0.094,0.104,19.700000000000003,-0.5390734390608859,-0.48003663213932474,0.28362540542647763,-0.07588705400237342
2407,Jared Jeffries,NYK,2007-08,Rebounder,Average,73,1324.62,269,243,66,36,23,64,0.4,0.16,0.527,0.433,0.407,0.124,0.037,104.3,106.8,-2.5,1.03,0.085,0.1,0.072,0.092,18.60000000000001,-1.3389848061432366,-0.6588203753425779,0.016654274672707185,-0.20585606034480985
101131,Jason Maxiell,DET,2007-08,Rebounder,Very Good,82,1767.8333333333333,651,433,46,21,94,71,0.538,0.0,0.633,0.576,0.538,0.164,0.104,108.4,101.6,6.8,0.65,0.102,0.152,0.042,0.127,23.80000000000001,0.04692104531011639,-0.90094380183686,0.9666841062329202,0.6625877500560737
201145,Jeff Green,SEA,2007-08,Rebounder,Average,80,2253.0666666666666,838,379,119,46,49,158,0.427,0.276,0.744,0.491,0.441,0.192,0.062,98.4,108.9,-10.5,0.75,0.044,0.12,0.082,0.082,16.5,-0.09924118387822589,-0.4076202019094773,0.250117219004382,0.037426815514239244
201176,Jermareo Davidson,CHA,2007-08,Rebounder,Average,38,321.595,120,62,13,7,15,17,0.408,0.0,0.643,0.437,0.408,0.214,0.052,96.0,106.6,-10.6,0.76,0.062,0.128,0.077,0.094,18.80000000000001,-0.7647224663666662,-0.8257557487519198,-0.43812794036134745,-0.5755243625705356
201149,Joakim Noah,CHI,2007-08,Rebounder,Very Good,74,1533.715,488,416,84,68,64,89,0.482,0.0,0.691,0.539,0.482,0.153,0.099,101.8,102.2,-0.4,0.94,0.109,0.158,0.087,0.133,23.200000000000003,-0.36270037276092887,-0.5083211315167306,0.9980145961386924,0.810795083034857
693,Joe Smith,CLE,2007-08,Rebounder,Very Good,77,1725.805,778,401,66,34,47,71,0.478,0.0,0.755,0.524,0.478,0.209,0.103,102.2,103.1,-1.0,0.93,0.09,0.144,0.068,0.116,22.30000000000001,0.170616769998128,-0.6812909886822467,0.7416397942041482,0.2336326475354665
101121,Joey Graham,TOR,2007-08,Rebounder,Average,38,330.635,138,67,15,3,0,23,0.434,0.667,0.844,0.52,0.442,0.216,0.065,103.2,104.5,-1.2,0.65,0.058,0.163,0.071,0.11,20.900000000000006,-0.2625453166536023,-0.8521022861167467,-0.22102657856813623,-0.6453469567659161
101130,Johan Petro,SEA,2007-08,Rebounder,Very Good,72,1310.27,432,370,32,35,42,73,0.419,0.0,0.736,0.453,0.419,0.176,0.071,94.0,104.1,-10.1,0.44,0.07,0.201,0.039,0.134,21.30000000000001,-0.7264217388780815,-0.9693124403543475,0.88869883559477,0.13465201540891322
200767,Josh Boone,NJN,2007-08,Rebounder,Very Good,70,1772.7383333333332,575,509,55,36,61,68,0.548,0.0,0.456,0.543,0.548,0.149,0.091,104.6,108.8,-4.2,0.81,0.109,0.182,0.05,0.145,16.60000000000001,-0.306372199149568,-0.8228853532564777,1.3976546560757264,0.061098221672940954
2694,Josh Powell,LAC,2007-08,Rebounder,Very Good,64,1227.4783333333332,353,331,47,14,23,65,0.46,0.0,0.724,0.5,0.46,0.156,0.076,97.8,110.4,-12.6,0.72,0.097,0.193,0.066,0.143,15.0,-0.6610779442486195,-0.7624404304765082,0.8998739595739464,-0.6453228751658822
200818,Justin Williams,HOU,2007-08,Rebounder,Very Good,23,122.78833333333333,34,49,0,5,5,4,0.448,0.0,0.308,0.42,0.448,0.155,0.08,89.8,92.3,-2.5,0.0,0.152,0.246,0.0,0.196,33.10000000000001,-1.3558478317331095,-1.306151042730944,0.8268228771283943,0.1427701247300018
101235,Kelenna Azubuike,GSW,2007-08,Rebounder,Average,81,1732.05,692,324,75,45,34,58,0.445,0.364,0.717,0.534,0.505,0.169,0.083,107.7,107.6,0.1,1.29,0.056,0.122,0.063,0.088,17.80000000000001,-0.12704595867637472,-0.6762620334557885,0.18061932273087344,-0.04831542990580658
708,Kevin Garnett,BOS,2007-08,Rebounder,Elite,71,2327.98,1337,655,244,100,89,138,0.539,0.0,0.801,0.588,0.539,0.256,0.197,112.0,96.0,16.0,1.77,0.067,0.22,0.186,0.15,29.400000000000006,1.283723996810419,0.6365771602141979,1.8487462008142586,1.7595742824445681
2743,Kris Humphries,TOR,2007-08,Rebounder,Very Good,70,925.0333333333332,397,259,28,25,28,47,0.483,0.0,0.605,0.512,0.483,0.212,0.1,100.4,101.7,-1.3,0.6,0.097,0.191,0.053,0.143,23.700000000000003,-0.15078996121971333,-0.9053840589548594,0.7088307015500466,0.0304051101015842
703,Kurt Thomas,SAS,2007-08,Rebounder,Very Good,70,1584.155,443,507,67,56,57,46,0.492,0.0,0.663,0.514,0.492,0.136,0.107,99.2,101.7,-2.5,1.46,0.083,0.234,0.065,0.16,23.700000000000003,-0.6625386748458107,-0.6944642573646602,1.5834427134786004,0.6450138172783574
2198,Kwame Brown,MEM,2007-08,Rebounder,Average,38,713.4166666666666,184,188,45,22,23,51,0.507,0.0,0.408,0.497,0.507,0.148,0.07,97.4,101.8,-4.4,0.88,0.072,0.183,0.099,0.129,23.60000000000001,-0.8586685788293541,-0.5844172530689162,0.3420856618442879,-0.05714176623366418
200746,LaMarcus Aldridge,POR,2007-08,Rebounder,Very Good,76,2648.9133333333334,1350,578,122,55,94,126,0.484,0.143,0.762,0.523,0.484,0.252,0.116,106.5,106.3,0.1,0.97,0.087,0.142,0.086,0.114,19.10000000000001,0.8921771514979032,-0.37411051460279365,1.1858084949035417,0.7387271172260174
1885,Lamar Odom,LAL,2007-08,Rebounder,Elite,77,2921.2616666666668,1094,819,273,75,72,156,0.525,0.274,0.698,0.582,0.544,0.164,0.125,111.1,103.0,8.0,1.75,0.069,0.202,0.138,0.138,22.400000000000006,0.4006952392712944,0.4736408484859807,2.131024436879201,0.9172605955880188
200796,Leon Powe,BOS,2007-08,Rebounder,Very Good,56,809.3066666666666,445,227,15,15,16,43,0.572,0.0,0.71,0.629,0.572,0.218,0.141,104.3,97.0,7.3,0.35,0.124,0.166,0.036,0.146,28.400000000000006,0.5966998155894138,-1.0487201528388497,0.6621415497867986,0.08152888541425678
2449,Luis Scola,HOU,2007-08,Rebounder,Very Good,82,2023.5783333333331,847,525,106,60,19,105,0.515,0.0,0.668,0.548,0.515,0.195,0.112,104.9,100.3,4.6,1.01,0.085,0.173,0.088,0.129,25.10000000000001,0.25511016624688726,-0.42175026909037144,1.2362742445394863,0.3842521819841531
990,Malik Rose,NYK,2007-08,Rebounder,Average,49,494.2466666666666,171,103,28,16,7,40,0.367,0.286,0.725,0.422,0.372,0.221,0.037,100.4,104.8,-4.4,0.7,0.062,0.154,0.093,0.106,20.60000000000001,-0.7624635394379112,-0.6806779255581702,-0.1764635667749075,-0.4574533930612039
948,Marcus Camby,DEN,2007-08,Rebounder,Elite,79,2757.725,721,1037,259,85,285,118,0.45,0.3,0.708,0.498,0.455,0.128,0.128,108.6,104.7,3.9,2.19,0.082,0.271,0.126,0.18,20.700000000000003,-0.6121037075874584,0.3547133299542382,3.2445264489148036,3.076011110041431
1548,Mark Blount,MIA,2007-08,Rebounder,Average,69,1541.638333333333,581,263,41,33,34,70,0.462,0.386,0.638,0.505,0.479,0.196,0.072,95.2,106.3,-11.0,0.59,0.047,0.134,0.048,0.09,19.10000000000001,-0.17524902423325625,-0.885636338439048,0.04424253773665212,-0.09627070760119666
101107,Marvin Williams,ATL,2007-08,Rebounder,Average,80,2765.326666666667,1185,457,137,81,33,127,0.462,0.1,0.822,0.54,0.462,0.2,0.095,104.0,107.0,-3.0,1.08,0.045,0.126,0.083,0.086,18.400000000000006,0.48972062586459125,-0.33576810477247127,0.5080393657489947,0.3498289769000518
2440,Matt Barnes,GSW,2007-08,Rebounder,Average,73,1413.7666666666669,486,324,139,48,36,85,0.423,0.293,0.747,0.51,0.483,0.163,0.083,109.7,109.2,0.5,1.64,0.06,0.158,0.136,0.108,16.200000000000003,-0.456746399855616,-0.030673095377181568,0.4354124088244794,-0.09100389316393033
2588,Matt Bonner,SAS,2007-08,Rebounder,Average,68,852.5566666666666,326,192,32,14,17,39,0.416,0.336,0.864,0.525,0.495,0.191,0.085,101.3,95.9,5.4,0.82,0.066,0.166,0.066,0.117,29.5,-0.2813936880884737,-0.8176358003115822,0.19982332452278553,0.14591512903346984
2246,Mehmet Okur,UTA,2007-08,Rebounder,Very Good,72,2389.7116666666666,1047,556,145,55,29,104,0.445,0.388,0.804,0.556,0.512,0.197,0.103,112.9,105.2,7.8,1.39,0.063,0.19,0.089,0.128,20.200000000000003,0.4597212063373477,-0.2726246541842618,1.3057893263284297,0.1457220995807558
2408,Melvin Ely,NOH,2007-08,Rebounder,Average,52,620.6383333333333,202,145,22,7,18,42,0.472,0.0,0.552,0.491,0.472,0.188,0.063,104.9,96.5,8.5,0.52,0.049,0.181,0.055,0.119,28.900000000000006,-0.5871738327005572,-0.9162269002190545,0.1005938396998779,0.04825024743865761
1630,Mikki Moore,SAC,2007-08,Rebounder,Very Good,82,2385.201666666667,698,494,84,35,46,110,0.577,0.0,0.736,0.613,0.577,0.126,0.07,106.1,107.8,-1.7,0.76,0.073,0.146,0.053,0.11,17.60000000000001,0.014185566150690812,-0.6993213449039164,0.9119660766569371,-0.04227042626195634
1737,Nazr Mohammed,CHA,2007-08,Rebounder,Very Good,82,1649.795,639,494,72,45,60,101,0.515,0.0,0.583,0.533,0.515,0.19,0.095,100.5,106.9,-6.4,0.71,0.118,0.182,0.074,0.15,18.5,-0.017254264908257304,-0.6255069207387137,1.421552248844149,0.2558669067087302
2420,Nenad Krstic,NJN,2007-08,Rebounder,Average,45,811.5783333333334,298,200,27,9,17,41,0.41,0.0,0.754,0.451,0.41,0.212,0.063,99.2,103.6,-4.4,0.66,0.044,0.202,0.056,0.125,21.80000000000001,-0.5709534138156432,-0.8922107902724459,0.32296758762955,-0.3583026835392589
2555,Nick Collison,SEA,2007-08,Rebounder,Elite,78,2222.675,767,730,113,47,60,118,0.502,0.0,0.737,0.537,0.502,0.159,0.105,100.9,108.0,-7.1,0.96,0.11,0.208,0.077,0.159,17.400000000000006,-0.12901200083409006,-0.4577866165180931,2.162406483331277,0.21195949003090153
201174,Nick Fazekas,LAC,2007-08,Rebounder,Average,26,268.94166666666666,107,89,11,8,11,13,0.561,0.0,0.682,0.584,0.561,0.175,0.155,100.0,94.9,5.1,0.85,0.126,0.194,0.074,0.161,30.5,-0.21911838120959667,-0.8499680914013481,0.4870701198111949,0.08179684243466563
200762,Oleksiy Pecherov,WAS,2007-08,Rebounder,Average,35,319.5133333333333,125,66,7,6,5,17,0.352,0.283,0.645,0.451,0.42,0.223,0.054,100.0,111.8,-11.8,0.41,0.065,0.15,0.038,0.106,13.600000000000009,-0.6151868762930482,-1.0669223767477214,-0.27463857437052275,-0.9925846757969863
200753,Patrick O'Bryant,GSW,2007-08,Rebounder,Average,24,99.31666666666666,35,29,4,4,9,7,0.552,0.0,0.6,0.561,0.552,0.152,0.052,106.2,119.1,-12.9,0.57,0.096,0.183,0.056,0.139,6.300000000000011,-0.5709155244314198,-0.9768436906862261,0.047595010088311906,-1.4017466735226887
2200,Pau Gasol,LAL,2007-08,Rebounder,Very Good,66,2350.78,1246,553,211,30,98,124,0.534,0.25,0.807,0.594,0.536,0.223,0.145,110.1,105.5,4.6,1.7,0.071,0.165,0.148,0.12,19.900000000000006,1.0108287531174576,0.30167651985018035,1.1959119561399914,0.5671666398201111
200781,Paul Davis,LAC,2007-08,Rebounder,Average,22,194.03,54,47,10,6,6,9,0.369,0.0,0.6,0.389,0.369,0.175,0.04,86.4,106.0,-19.6,1.11,0.112,0.117,0.103,0.114,19.400000000000006,-1.3722588340920303,-0.6907358360110867,-0.22313553302272066,-0.641690096506799
200794,Paul Millsap,UTA,2007-08,Rebounder,Very Good,82,1701.7333333333331,661,460,81,72,73,87,0.504,0.0,0.677,0.548,0.504,0.177,0.104,108.5,101.5,7.0,0.93,0.103,0.181,0.074,0.142,23.900000000000006,-0.010792212208509197,-0.5923896988376693,1.229420142562087,0.9844259833504095
2056,Primoz Brezec,TOR,2007-08,Rebounder,Average,50,474.5266666666666,112,81,11,3,7,24,0.468,0.0,0.6,0.502,0.468,0.126,0.015,99.5,105.6,-6.2,0.46,0.064,0.116,0.036,0.089,19.80000000000001,-1.0430542263147546,-1.0634389181282027,-0.45141201879510867,-0.639154851298861
2047,Quentin Richardson,NYK,2007-08,Rebounder,Average,65,1840.986666666667,527,315,116,44,15,69,0.359,0.322,0.682,0.444,0.421,0.161,0.06,101.9,109.9,-8.0,1.68,0.03,0.146,0.099,0.087,15.5,-0.8191776471542634,-0.3231591691828992,0.1439992611732056,-0.3860443615163531
1725,Rasho Nesterovic,TOR,2007-08,Rebounder,Very Good,71,1486.13,552,342,82,20,52,60,0.55,0.333,0.755,0.565,0.551,0.171,0.101,105.0,102.2,2.8,1.37,0.091,0.15,0.086,0.121,23.200000000000003,-0.03612222270672175,-0.5212981674963244,0.6487887292912982,0.1920400939590138
2501,Reggie Evans,PHI,2007-08,Rebounder,Elite,81,1879.015,425,611,65,86,8,108,0.439,1.0,0.467,0.463,0.441,0.136,0.074,101.3,102.8,-1.5,0.6,0.119,0.228,0.051,0.171,22.60000000000001,-0.9671137019478149,-0.7804707866981779,1.9995302835312727,0.3954688267227093
200764,Renaldo Balkman,NYK,2007-08,Rebounder,Average,65,951.9733333333334,224,216,40,44,30,37,0.489,0.083,0.432,0.492,0.492,0.123,0.063,101.4,105.2,-3.8,1.08,0.084,0.144,0.066,0.113,20.200000000000003,-1.0414223541824492,-0.7881982697328761,0.21254579331203094,0.041864571262397045
101155,Ryan Gomes,MIN,2007-08,Rebounder,Very Good,82,2433.895,1033,475,145,65,10,96,0.457,0.33,0.83,0.539,0.492,0.191,0.104,104.0,109.6,-5.5,1.51,0.055,0.152,0.094,0.101,15.800000000000011,0.3085041134636682,-0.2445363875096756,0.7468949948251743,-0.2014166573123136
200797,Ryan Hollins,CHA,2007-08,Rebounder,Average,60,531.5816666666667,147,107,14,10,30,25,0.489,0.0,0.671,0.565,0.489,0.126,0.043,101.2,104.7,-3.5,0.56,0.1,0.103,0.04,0.102,20.700000000000003,-0.6576092329428561,-1.029929230821519,-0.21680866965896764,-0.28104443111545757
2223,Samuel Dalembert,PHI,2007-08,Rebounder,Elite,82,2724.2883333333334,864,849,45,40,192,155,0.513,0.0,0.707,0.556,0.513,0.155,0.103,105.0,104.5,0.5,0.29,0.116,0.215,0.026,0.165,20.900000000000006,0.020290705132947156,-0.9945059465178739,2.554596460615527,1.6805765605415501
201157,Sean Williams,NJN,2007-08,Rebounder,Very Good,73,1278.3083333333334,409,322,28,28,106,70,0.538,0.0,0.609,0.563,0.538,0.149,0.078,99.6,106.8,-7.2,0.4,0.091,0.171,0.037,0.13,18.60000000000001,-0.3117321977612654,-0.9952665123135349,0.7103780463601154,0.5510025484037141
406,Shaquille O'Neal,PHX,2007-08,Rebounder,Elite,61,1748.0666666666666,832,554,93,32,88,181,0.593,0.0,0.503,0.589,0.593,0.232,0.112,105.9,104.8,1.1,0.51,0.107,0.226,0.088,0.17,20.60000000000001,0.7495697529573718,-0.4695862562807689,1.8355480499576715,0.5278429982006615
1890,Shawn Marion,MIA,2007-08,Rebounder,Elite,63,2315.1383333333333,972,643,138,125,85,86,0.508,0.333,0.707,0.57,0.55,0.18,0.132,109.3,104.8,4.5,1.6,0.062,0.212,0.087,0.141,20.60000000000001,0.3612323482016908,-0.30961780011046414,1.7022487690681523,1.461097359454454
200749,Shelden Williams,SAC,2007-08,Rebounder,Average,64,775.99,255,205,19,22,21,35,0.434,0.0,0.676,0.494,0.434,0.164,0.074,100.7,102.6,-1.9,0.54,0.089,0.174,0.041,0.132,22.80000000000001,-0.7074919002565411,-1.0059131208749104,0.4254120606806386,-0.1243804342794111
200780,Solomon Jones,ATL,2007-08,Rebounder,Average,35,145.08833333333334,35,42,0,3,5,11,0.4,0.0,0.55,0.451,0.4,0.135,0.015,96.8,111.9,-15.2,0.0,0.107,0.154,0.0,0.128,13.5,-1.3242927018083634,-1.306151042730944,-0.05804726567552276,-1.0295442321168728
201150,Spencer Hawes,SAC,2007-08,Rebounder,Average,71,931.2533333333332,334,230,44,14,40,56,0.459,0.19,0.655,0.486,0.465,0.187,0.074,102.1,107.1,-5.0,0.79,0.076,0.177,0.076,0.127,18.30000000000001,-0.5278903367925839,-0.7173029710943508,0.4280482537488689,-0.2794355594502902
2031,Stromile Swift,NJN,2007-08,Rebounder,Average,56,844.6416666666667,343,199,26,15,54,51,0.509,0.0,0.67,0.548,0.509,0.193,0.087,99.8,104.4,-4.6,0.51,0.078,0.157,0.053,0.118,21.0,-0.12298985946158324,-0.9127434415995359,0.23113662891312262,0.031207922164693352
201152,Thaddeus Young,PHI,2007-08,Rebounder,Average,74,1554.415,610,312,58,73,8,64,0.539,0.316,0.738,0.57,0.545,0.17,0.103,108.3,101.8,6.5,0.91,0.08,0.126,0.056,0.103,23.60000000000001,0.026971614280756655,-0.7781403592799596,0.3398735942970945,0.3195257835741567
1495,Tim Duncan,SAS,2007-08,Rebounder,Elite,78,2650.786666666667,1508,881,218,56,152,178,0.497,0.0,0.73,0.546,0.497,0.28,0.177,108.2,99.9,8.3,1.22,0.098,0.256,0.152,0.178,25.5,1.3425955131681302,0.34990497244621716,2.8051200812536594,1.7119313126593516
2211,Troy Murphy,IND,2007-08,Rebounder,Very Good,75,2105.673333333333,916,543,165,49,32,96,0.455,0.398,0.797,0.573,0.522,0.184,0.115,105.4,106.4,-1.0,1.72,0.05,0.207,0.122,0.128,19.0,0.36728254489123535,-0.01364826768522788,1.2712954047407812,0.04340070390069852
200748,Tyrus Thomas,CHI,2007-08,Rebounder,Very Good,74,1330.243333333333,502,342,90,48,72,77,0.423,0.167,0.741,0.486,0.424,0.195,0.097,101.4,102.1,-0.7,1.17,0.076,0.188,0.11,0.131,23.30000000000001,-0.34817345975127867,-0.3570369568796047,0.7761852723381013,0.6903830037981492
2199,Tyson Chandler,NOH,2007-08,Rebounder,Elite,79,2782.721666666667,929,928,81,45,84,136,0.623,0.0,0.593,0.632,0.623,0.142,0.113,111.8,103.9,7.9,0.6,0.119,0.232,0.043,0.175,21.5,0.40653187025309223,-0.7665369522201034,2.8916099117718863,0.6749500679309784
2617,Udonis Haslem,MIA,2007-08,Rebounder,Very Good,49,1805.49,589,443,68,39,18,67,0.467,0.0,0.81,0.517,0.467,0.161,0.096,99.6,108.9,-9.3,1.01,0.063,0.2,0.062,0.131,16.5,-0.35708627060055975,-0.7076375260470735,1.0441765092882944,-0.34874410914919257
201163,Wilson Chandler,NYK,2007-08,Rebounder,Average,35,685.065,255,127,33,15,16,27,0.438,0.3,0.63,0.48,0.457,0.183,0.066,102.0,107.4,-5.4,1.22,0.05,0.133,0.074,0.089,18.0,-0.6484482478701536,-0.7690148823099061,-0.3293566039465059,-0.5295197351005702
2397,Yao Ming,HOU,2007-08,Rebounder,Elite,55,2043.868333333333,1209,594,129,25,111,183,0.507,0.0,0.85,0.587,0.507,0.266,0.167,104.0,99.2,4.8,0.7,0.086,0.204,0.116,0.146,26.200000000000003,1.2589042179928687,-0.17982307529890884,1.6359314899919553,1.0170413099803601
201146,Yi Jianlian,MIL,2007-08,Rebounder,Average,66,1646.6016666666667,566,344,55,36,56,90,0.421,0.286,0.841,0.485,0.427,0.186,0.076,100.4,108.1,-7.7,0.61,0.065,0.158,0.056,0.11,17.30000000000001,-0.3736218029037188,-0.7891794332469744,0.5139592891071456,0.05163917419223024
2216,Zach Randolph,NYK,2007-08,Rebounder,Elite,69,2243.96,1217,710,140,59,16,186,0.459,0.275,0.772,0.513,0.47,0.27,0.135,103.4,109.7,-6.3,0.75,0.08,0.248,0.118,0.161,15.700000000000003,0.8708576587133602,-0.12811116408335352,2.134818220267332,-0.2087555184287008
2585,Zaza Pachulia,ATL,2007-08,Rebounder,Very Good,62,943.8733333333332,322,248,36,24,13,69,0.437,0.0,0.706,0.515,0.437,0.184,0.065,103.7,105.3,-1.6,0.52,0.103,0.178,0.061,0.141,20.10000000000001,-0.39269702029141107,-0.8310053016968153,0.6541642285203679,-0.3432350430610245
980,Zydrunas Ilgauskas,CLE,2007-08,Rebounder,Elite,73,2221.846666666667,1029,682,104,34,120,135,0.474,0.0,0.802,0.522,0.474,0.225,0.121,103.6,102.7,0.9,0.77,0.118,0.194,0.082,0.155,22.700000000000003,0.4573177924805847,-0.46281557174455135,1.9840856940966223,0.9957093897795612
201189,Aaron Gray,CHI,2008-09,Rebounder,Very Good,56,715.1083333333333,196,220,46,14,18,40,0.485,0.0,0.576,0.508,0.485,0.139,0.066,100.8,104.0,-3.1,1.15,0.116,0.192,0.098,0.153,21.400000000000006,-0.8530062319996095,-0.5863552150814952,0.7327454798339038,-0.3198802748644281
201143,Al Horford,ATL,2008-09,Rebounder,Elite,67,2242.2116666666666,773,624,163,53,95,103,0.525,0.0,0.727,0.565,0.525,0.165,0.125,107.1,106.5,0.6,1.58,0.069,0.223,0.119,0.147,18.900000000000006,0.07932879881426042,-0.037860610334656125,1.728272501806594,0.7163709203425653
2744,Al Jefferson,MIN,2008-09,Rebounder,Elite,50,1835.7866666666664,1156,548,79,39,83,92,0.497,0.0,0.738,0.532,0.497,0.285,0.156,106.4,109.0,-2.6,0.86,0.093,0.219,0.082,0.154,16.400000000000006,1.0453079926932884,-0.554807854803008,1.615793309580795,0.30301558354557157
2760,Anderson Varejao,CLE,2008-09,Rebounder,Very Good,81,2305.795,694,581,81,75,66,80,0.536,0.0,0.616,0.565,0.536,0.14,0.1,111.1,100.4,10.7,1.01,0.077,0.185,0.055,0.132,25.0,-0.16065401839896923,-0.6991251122010967,1.4230824081387827,1.00931796669829
101154,Andray Blatche,WAS,2008-09,Rebounder,Very Good,71,1702.9383333333333,713,378,118,53,74,117,0.471,0.238,0.704,0.508,0.475,0.218,0.09,102.0,107.9,-5.9,1.01,0.076,0.16,0.118,0.117,17.5,0.09814584877509634,-0.20906437317479543,0.6933517410845271,0.4216476312087385
101106,Andrew Bogut,MIL,2008-09,Rebounder,Very Good,36,1123.6633333333334,422,369,72,23,37,86,0.577,0.0,0.571,0.586,0.577,0.178,0.137,102.5,98.6,3.9,0.84,0.109,0.237,0.109,0.172,26.80000000000001,0.041440050875938605,-0.4288890540166107,1.3701523205889556,0.28287905290607146
101115,Andrew Bynum,LAL,2008-09,Rebounder,Very Good,50,1446.0816666666667,714,398,71,18,90,85,0.56,0.0,0.707,0.598,0.56,0.206,0.124,110.3,102.0,8.3,0.84,0.099,0.178,0.076,0.14,23.400000000000006,0.5255994711664421,-0.6179513053912176,1.0394313617654796,0.5675319352090465
2740,Andris Biedrins,GSW,2008-09,Rebounder,Elite,62,1863.0433333333333,735,693,121,63,96,110,0.578,0.0,0.551,0.585,0.578,0.168,0.127,105.6,110.1,-4.5,1.1,0.117,0.252,0.101,0.183,15.300000000000011,0.18823730965393923,-0.29352540590137344,2.369983179047989,0.6185851835505484
1712,Antawn Jamison,WAS,2008-09,Rebounder,Elite,81,3095.71,1801,721,153,95,25,125,0.468,0.351,0.754,0.549,0.507,0.255,0.132,103.9,112.3,-8.4,1.22,0.063,0.184,0.09,0.121,13.100000000000009,1.3880327071572331,-0.2375694702706384,1.6544192125004384,0.10254856824947527
201576,Anthony Randolph,GSW,2008-09,Rebounder,Very Good,63,1129.1266666666668,499,363,49,42,74,80,0.462,0.0,0.716,0.506,0.462,0.211,0.103,106.5,110.1,-3.6,0.61,0.11,0.198,0.066,0.154,15.300000000000011,-0.11885846946549268,-0.7550810478318317,1.1249182716027188,0.17841235377840217
686,Antonio McDyess,DET,2008-09,Rebounder,Elite,62,1866.1616666666664,596,607,83,41,50,51,0.51,0.0,0.698,0.529,0.51,0.155,0.121,106.7,108.3,-1.6,1.63,0.104,0.249,0.073,0.175,17.10000000000001,-0.3273506860337552,-0.5906479695279101,2.0398753864153325,0.03099026985545411
2250,Bobby Simmons,NJN,2008-09,Rebounder,Average,71,1729.2416666666666,556,277,92,50,10,62,0.449,0.447,0.741,0.596,0.582,0.139,0.074,108.9,108.3,0.7,1.48,0.043,0.125,0.081,0.083,17.10000000000001,-0.09024943075891893,-0.5125895209475277,-0.007787742224795967,-0.28045602382263946
1802,Brad Miller,CHI,2008-09,Rebounder,Very Good,70,2100.151666666666,831,545,234,52,36,130,0.476,0.411,0.824,0.566,0.494,0.183,0.118,107.4,111.0,-3.6,1.8,0.074,0.198,0.173,0.136,14.400000000000006,0.2586416502138708,0.5267507536368912,1.378519396345554,-0.15531685649978702
201148,Brandan Wright,GSW,2008-09,Rebounder,Average,39,688.2666666666667,323,157,21,22,37,23,0.528,0.0,0.741,0.57,0.528,0.189,0.104,105.6,110.4,-4.7,0.91,0.09,0.129,0.047,0.11,15.0,-0.0409089698964182,-0.9648478182207305,0.017777493961738722,-0.42078747561637136
101138,Brandon Bass,DAL,2008-09,Rebounder,Very Good,81,1574.33,686,367,43,27,55,86,0.496,0.0,0.867,0.571,0.496,0.195,0.105,108.2,106.3,1.9,0.5,0.087,0.155,0.045,0.121,19.10000000000001,0.2705085209014429,-0.8951299157991232,0.7151231938829301,0.05402785883345471
1730,Brian Skinner,LAC,2008-09,Rebounder,Average,51,843.0216666666666,214,203,27,17,52,43,0.449,0.0,0.638,0.474,0.449,0.144,0.066,93.9,111.0,-17.2,0.63,0.082,0.164,0.054,0.121,14.400000000000006,-0.9978193717947422,-0.9034460969422804,0.2799691061618247,-0.3560851352915444
201572,Brook Lopez,NJN,2008-09,Rebounder,Elite,82,2501.401666666666,1068,665,86,44,151,147,0.531,0.0,0.793,0.568,0.531,0.198,0.112,106.8,109.1,-2.3,0.59,0.093,0.189,0.06,0.14,16.30000000000001,0.5507962503984039,-0.6526383889148192,1.7478834436041086,1.036934482941113
201171,Carl Landry,HOU,2008-09,Rebounder,Very Good,69,1466.7583333333334,638,343,39,26,31,68,0.574,0.333,0.813,0.634,0.575,0.177,0.123,105.0,103.4,1.6,0.57,0.087,0.155,0.048,0.121,22.0,0.46432947578365735,-0.8929957210837245,0.6514421078749635,-0.02876408253504083
2430,Carlos Boozer,UTA,2008-09,Rebounder,Very Good,37,1196.53,599,385,79,39,7,79,0.49,0.0,0.698,0.523,0.49,0.241,0.123,107.1,108.5,-1.4,1.0,0.096,0.25,0.11,0.171,16.900000000000006,0.2700690010790197,-0.3975135614253256,1.39986672362292,-0.43653434316318895
101112,Channing Frye,POR,2008-09,Rebounder,Average,63,745.69,263,140,24,17,16,29,0.423,0.333,0.722,0.465,0.444,0.191,0.057,100.0,108.3,-8.3,0.83,0.056,0.146,0.058,0.099,17.10000000000001,-0.6698782429404154,-0.8920145575696263,-0.1674661393120542,-0.5616762167684982
101111,Charlie Villanueva,MIL,2008-09,Rebounder,Very Good,78,2094.8716666666664,1264,520,137,50,56,138,0.447,0.345,0.838,0.529,0.488,0.279,0.125,106.4,107.7,-1.3,0.99,0.075,0.191,0.119,0.131,17.700000000000003,1.0621165763237765,-0.13353258471545107,1.2484866602305207,0.22020012534839783
2547,Chris Bosh,TOR,2008-09,Rebounder,Elite,77,2927.865,1746,771,191,67,77,174,0.487,0.245,0.817,0.569,0.492,0.268,0.148,107.0,108.4,-1.3,1.1,0.079,0.196,0.114,0.139,17.0,1.5578865068012948,0.03708248001622927,2.0164019191679476,0.5676817668295718
2549,Chris Kaman,LAC,2008-09,Rebounder,Very Good,31,920.6316666666668,373,247,46,17,45,84,0.528,0.0,0.68,0.552,0.528,0.206,0.101,99.3,107.3,-8.0,0.55,0.083,0.194,0.085,0.138,18.10000000000001,0.01668102013629208,-0.6593847084354192,0.613291887022662,-0.2095150856298924
2404,Chris Wilcox,NYK,2008-09,Rebounder,Very Good,62,1049.6266666666668,447,277,47,26,16,75,0.497,0.0,0.564,0.518,0.497,0.209,0.09,99.3,107.6,-8.3,0.63,0.09,0.18,0.081,0.134,17.80000000000001,-0.10238874361198484,-0.6781756304527498,0.6419346273138992,-0.4272956777890388
2429,Dan Gadzuric,MIL,2008-09,Rebounder,Very Good,67,941.235,271,255,39,32,43,41,0.48,0.0,0.544,0.495,0.48,0.148,0.066,105.2,107.2,-2.0,0.95,0.103,0.189,0.063,0.144,18.200000000000003,-0.8073636941760863,-0.8087309210599661,0.7109568415200658,-0.06845410205640852
2545,Darko Milicic,MEM,2008-09,Rebounder,Very Good,61,1034.381666666667,333,264,34,22,51,48,0.515,0.0,0.562,0.533,0.515,0.159,0.087,99.5,103.2,-3.7,0.71,0.086,0.182,0.054,0.135,22.200000000000003,-0.4648607820047657,-0.8776882576859125,0.6201803600309308,0.14389068078306258
201616,Darnell Jackson,CLE,2008-09,Rebounder,Average,51,429.5516666666667,98,87,8,10,4,14,0.43,0.0,0.686,0.483,0.43,0.123,0.028,100.4,109.7,-9.3,0.57,0.08,0.138,0.03,0.109,15.700000000000003,-1.1837449454005677,-1.108183912104721,-0.180698661199511,-0.8378718704428559
201589,Darrell Arthur,MEM,2008-09,Rebounder,Very Good,76,1464.1783333333333,422,346,43,52,52,47,0.438,0.0,0.667,0.456,0.438,0.159,0.066,99.4,107.0,-7.6,0.91,0.078,0.181,0.049,0.128,18.400000000000006,-0.8409288146811704,-0.8726593024594542,0.7485798237587215,0.24158126774738362
101135,David Lee,NYK,2008-09,Rebounder,Elite,81,2824.06,1293,951,174,80,22,150,0.549,0.0,0.755,0.59,0.549,0.189,0.133,107.1,110.0,-2.9,1.16,0.087,0.25,0.098,0.167,15.400000000000006,0.7729562179098327,-0.11535472582219694,2.850720384758746,0.051911484779434414
2561,David West,NOH,2008-09,Rebounder,Very Good,76,2981.8233333333333,1593,646,173,49,68,163,0.472,0.24,0.884,0.54,0.474,0.259,0.131,109.8,105.7,4.1,1.06,0.059,0.175,0.105,0.117,19.700000000000003,1.2158578317965814,-0.07971084380011463,1.4044572015068215,0.4487576805459614
201599,DeAndre Jordan,LAC,2008-09,Rebounder,Very Good,53,771.3916666666667,228,237,11,11,59,41,0.633,0.0,0.385,0.585,0.633,0.137,0.084,96.7,112.5,-15.7,0.27,0.093,0.223,0.025,0.157,12.900000000000006,-0.40432014271546307,-1.1252331048122923,0.8288115329749347,-0.4355630774741622
2400,Drew Gooden,SAS,2008-09,Rebounder,Very Good,51,1264.0883333333334,605,362,48,30,18,76,0.468,0.0,0.84,0.526,0.468,0.231,0.118,100.7,104.9,-4.2,0.63,0.089,0.201,0.069,0.144,20.5,0.2183436826335947,-0.7419077791494182,0.9948683499722504,-0.20697767539598977
2730,Dwight Howard,ORL,2008-09,Rebounder,Elite,79,2821.235,1624,1093,112,77,231,240,0.572,0.0,0.594,0.6,0.572,0.258,0.173,110.3,100.3,10.1,0.47,0.126,0.262,0.072,0.196,25.10000000000001,1.5739451387695942,-0.4895545745150175,3.5969501184749437,2.705297720586831
2059,Eduardo Najera,NJN,2008-09,Rebounder,Average,27,318.81666666666666,79,67,19,10,4,18,0.446,0.2,0.364,0.472,0.48,0.147,0.049,90.7,104.6,-14.0,1.06,0.052,0.17,0.11,0.108,20.80000000000001,-1.0846481037871778,-0.6182950407656217,-0.24650588717749689,-0.5382230276903924
1882,Elton Brand,PHI,2008-09,Rebounder,Very Good,29,920.4133333333332,399,254,37,17,45,68,0.447,0.0,0.676,0.484,0.447,0.231,0.106,99.8,100.4,-0.6,0.54,0.085,0.197,0.07,0.141,25.0,-0.17034951780595634,-0.7767667303602219,0.6700845000223596,0.19589217221167476
2731,Emeka Okafor,CHA,2008-09,Rebounder,Elite,82,2691.338333333333,1085,827,53,48,136,144,0.561,0.0,0.593,0.581,0.561,0.187,0.125,103.6,103.0,0.6,0.37,0.111,0.219,0.034,0.165,22.400000000000006,0.55685845016315,-0.92012718925983,2.496222131774891,1.2850214924502381
2041,Etan Thomas,WAS,2008-09,Rebounder,Average,26,305.655,80,66,6,3,18,18,0.485,0.0,0.696,0.525,0.485,0.143,0.056,95.3,115.3,-20.0,0.33,0.08,0.153,0.032,0.114,10.100000000000009,-0.8101794643763789,-1.104307988079563,-0.1727213399330803,-1.097783095245238
201175,Glen Davis,BOS,2008-09,Rebounder,Average,76,1637.07,530,301,69,53,19,71,0.442,0.4,0.73,0.502,0.444,0.171,0.061,107.1,103.1,4.0,0.97,0.081,0.12,0.07,0.101,22.30000000000001,-0.412192279966443,-0.6590166080453974,0.28520712126741604,0.1472095512773626
201141,Greg Oden,POR,2008-09,Rebounder,Very Good,61,1313.8933333333334,540,424,31,25,69,87,0.564,0.0,0.637,0.599,0.564,0.189,0.096,114.5,106.8,7.6,0.36,0.137,0.225,0.038,0.179,18.60000000000001,0.28138889815843016,-0.9786097850116029,1.605265722823308,0.14557229147509496
101124,Hakim Warrick,MEM,2008-09,Rebounder,Very Good,82,2029.43,951,406,66,48,39,98,0.491,0.217,0.711,0.554,0.494,0.215,0.113,101.5,105.9,-4.5,0.67,0.068,0.148,0.06,0.108,19.5,0.51082451364652,-0.7262322153615846,0.6529894526850322,0.13323892650864555
201581,JJ Hickson,CLE,2008-09,Rebounder,Average,62,704.7016666666667,245,165,9,14,30,45,0.515,0.0,0.672,0.548,0.515,0.177,0.084,99.3,107.0,-7.7,0.2,0.081,0.157,0.023,0.121,18.400000000000006,-0.3107901677981801,-1.1438277941268034,0.1791407199825441,-0.3747347319760655
201580,JaVale McGee,WAS,2008-09,Rebounder,Very Good,75,1142.5916666666667,489,294,23,33,75,61,0.494,0.0,0.66,0.534,0.494,0.2,0.088,100.9,112.7,-11.9,0.38,0.104,0.161,0.035,0.132,12.700000000000003,-0.04650424781818956,-1.0249002755950607,0.6615627546268482,-0.057484603792039936
2063,Jake Voskuhl,TOR,2008-09,Rebounder,Average,38,239.79833333333332,35,59,8,3,4,17,0.267,0.0,0.786,0.342,0.267,0.126,-0.019,103.8,103.1,0.7,0.47,0.094,0.153,0.043,0.125,22.30000000000001,-2.0133884864680254,-1.035154418750797,-0.05115879266725404,-0.5226205556843221
2048,Jamaal Magloire,MIA,2008-09,Rebounder,Very Good,55,708.925,159,222,22,11,25,32,0.496,0.0,0.483,0.505,0.496,0.125,0.062,105.1,102.8,2.3,0.69,0.118,0.226,0.047,0.169,22.60000000000001,-0.9993280999811903,-0.9611681268983923,0.9418867058761193,-0.20963650559845293
1899,James Posey,NOH,2008-09,Rebounder,Average,75,2140.0716666666667,668,362,82,58,21,79,0.412,0.369,0.822,0.568,0.523,0.147,0.082,105.9,104.3,1.5,1.04,0.019,0.165,0.065,0.091,21.10000000000001,-0.11100790756523153,-0.6392688875295861,0.31966667182419484,0.1487456839156641
101189,James Singleton,DAL,2008-09,Rebounder,Very Good,62,884.285,314,250,17,26,28,36,0.529,0.325,0.859,0.615,0.559,0.146,0.107,104.9,101.4,3.4,0.47,0.102,0.17,0.031,0.138,24.0,-0.10489090993247285,-1.0694490368687593,0.6212520227736579,0.058392875554746704
201162,Jared Dudley,PHX,2008-09,Rebounder,Average,68,1155.7416666666666,372,205,56,57,8,43,0.477,0.392,0.676,0.562,0.528,0.14,0.086,106.8,106.8,0.0,1.3,0.072,0.111,0.072,0.092,18.60000000000001,-0.4100165830160046,-0.6956172885659605,-0.08417411150657333,-0.1400293986863471
101131,Jason Maxiell,DET,2008-09,Rebounder,Very Good,78,1407.618333333333,452,324,24,25,63,45,0.575,0.0,0.532,0.58,0.575,0.142,0.082,103.5,107.9,-4.4,0.53,0.124,0.119,0.028,0.121,17.5,-0.2347680527045131,-1.060544157617143,0.6010279147853232,0.020237364902206456
201574,Jason Thompson,SAC,2008-09,Rebounder,Very Good,82,2302.8766666666666,910,606,93,46,59,146,0.497,0.0,0.692,0.54,0.497,0.19,0.081,104.4,110.4,-6.0,0.64,0.104,0.168,0.066,0.135,15.0,0.2181998490020736,-0.593174629648948,1.5276358356444557,0.05046944297071062
201145,Jeff Green,OKC,2008-09,Rebounder,Very Good,78,2873.01,1290,519,155,81,33,173,0.446,0.389,0.788,0.536,0.491,0.209,0.097,101.4,108.7,-7.2,0.9,0.042,0.146,0.09,0.093,16.700000000000003,0.6084554574624627,-0.23021008762596187,0.761726418069004,0.24994602931589727
979,Jermaine O'Neal,MIA,2008-09,Rebounder,Very Good,68,2027.575,905,433,122,29,136,144,0.474,0.0,0.788,0.522,0.474,0.236,0.098,104.8,108.1,-3.2,0.85,0.068,0.161,0.105,0.115,17.30000000000001,0.4484206276567706,-0.26737510123936625,0.8138082545767568,0.7885067538698486
201149,Joakim Noah,CHI,2008-09,Rebounder,Elite,80,1938.27,537,606,106,49,110,82,0.556,0.0,0.676,0.594,0.556,0.121,0.1,107.6,105.6,2.1,1.29,0.131,0.193,0.078,0.162,19.80000000000001,-0.24715501002457238,-0.4779268024395437,1.8716065018708237,0.8795666361799582
693,Joe Smith,CLE,2008-09,Rebounder,Average,57,1101.7833333333333,374,263,41,17,40,25,0.468,0.429,0.72,0.507,0.473,0.162,0.095,101.5,103.1,-1.6,1.64,0.079,0.159,0.063,0.119,22.30000000000001,-0.561988170878743,-0.8013715384152895,0.41369251257238066,-0.013332770437344118
101121,Joey Graham,TOR,2008-09,Rebounder,Average,78,1540.6666666666667,597,292,48,35,12,74,0.481,0.188,0.825,0.542,0.484,0.18,0.076,101.4,105.8,-4.4,0.65,0.063,0.132,0.051,0.098,19.60000000000001,-0.06928951486012085,-0.8430255391779284,0.2231077511003876,-0.26875485226741697
101130,Johan Petro,DEN,2008-09,Rebounder,Average,49,558.7116666666667,162,158,16,19,15,28,0.415,0.0,0.552,0.429,0.415,0.168,0.048,93.1,108.8,-15.6,0.57,0.071,0.224,0.047,0.143,16.60000000000001,-1.1169166758151796,-0.9832462748324219,0.4408394645998535,-0.5804482924196982
200767,Josh Boone,NJN,2008-09,Rebounder,Very Good,62,994.675,258,258,31,22,48,31,0.528,0.0,0.376,0.513,0.528,0.132,0.079,104.8,106.1,-1.3,1.0,0.109,0.164,0.052,0.136,19.30000000000001,-0.8309506916713377,-0.8999626383227618,0.6169997428336195,-0.05685026886971192
201177,Josh McRoberts,IND,2008-09,Rebounder,Average,33,279.385,80,74,16,12,16,12,0.422,0.0,0.769,0.451,0.422,0.157,0.077,101.9,103.6,-1.7,1.33,0.09,0.165,0.091,0.128,21.80000000000001,-1.1307903944661508,-0.7360695280960639,0.02686084900176605,-0.33733605872739564
2694,Josh Powell,LAL,2008-09,Rebounder,Average,60,703.12,250,176,27,9,17,51,0.444,0.0,0.76,0.479,0.444,0.189,0.058,96.6,108.0,-11.4,0.53,0.099,0.152,0.06,0.125,17.400000000000006,-0.6138486363452272,-0.869740176932777,0.2592865016215834,-0.6168232537570706
2570,Kendrick Perkins,BOS,2008-09,Rebounder,Elite,76,2253.28,648,619,96,22,150,165,0.577,0.0,0.6,0.591,0.577,0.147,0.089,109.9,102.1,7.8,0.58,0.107,0.186,0.063,0.15,23.30000000000001,0.006072446459862342,-0.5989885156866849,1.7532245718023085,1.210149759641696
708,Kevin Garnett,BOS,2008-09,Rebounder,Very Good,57,1771.4833333333331,899,485,144,63,68,90,0.531,0.25,0.841,0.563,0.532,0.232,0.17,111.0,97.3,13.6,1.6,0.052,0.228,0.137,0.148,28.10000000000001,0.6492307901147338,-0.006656985430572998,1.3721925329818008,1.0873560320981503
201567,Kevin Love,MIN,2008-09,Rebounder,Elite,81,2047.7016666666664,899,734,84,35,50,118,0.459,0.105,0.789,0.538,0.461,0.203,0.125,103.3,109.4,-6.1,0.71,0.128,0.239,0.07,0.18,16.0,0.29399840518455883,-0.6038212382103234,2.4405527380642242,-0.09580805032887081
201585,Kosta Koufos,UTA,2008-09,Rebounder,Average,48,565.1883333333334,224,138,20,12,31,26,0.508,0.0,0.706,0.54,0.508,0.18,0.105,99.6,101.4,-1.9,0.77,0.088,0.155,0.061,0.122,24.0,-0.3497131387915853,-0.8898803628542277,0.1202391525282619,-0.0563138135724028
2743,Kris Humphries,TOR,2008-09,Rebounder,Average,29,265.13166666666666,114,70,10,8,6,8,0.422,0.0,0.792,0.513,0.422,0.196,0.103,102.5,103.2,-0.8,1.25,0.092,0.188,0.062,0.138,22.200000000000003,-0.4662852857193344,-0.921059622742693,0.14364387771390796,-0.4564542804915681
703,Kurt Thomas,SAS,2008-09,Rebounder,Very Good,79,1403.695,343,405,66,34,58,42,0.503,0.0,0.822,0.53,0.503,0.123,0.1,102.9,98.6,4.3,1.57,0.099,0.201,0.074,0.15,26.80000000000001,-0.738339255611613,-0.6475850686727433,1.1854015548979393,0.6093207892920257
2198,Kwame Brown,DET,2008-09,Rebounder,Very Good,58,998.6933333333334,243,290,32,24,24,50,0.533,0.0,0.516,0.546,0.533,0.132,0.075,103.3,103.3,0.0,0.64,0.097,0.219,0.05,0.157,22.10000000000001,-0.6530892309619695,-0.907518253670258,0.9694405979091945,-0.11443358892822163
201178,Kyrylo Fesenko,UTA,2008-09,Rebounder,Average,21,156.005,49,37,4,7,15,9,0.583,0.0,0.333,0.542,0.583,0.148,0.048,105.5,101.9,3.6,0.44,0.09,0.145,0.041,0.118,23.5,-0.6987345554938051,-1.0611084907099844,-0.19871070164065224,-0.2993773898378742
200746,LaMarcus Aldridge,POR,2008-09,Rebounder,Very Good,81,3003.813333333333,1470,605,157,77,77,121,0.484,0.25,0.781,0.529,0.486,0.234,0.12,113.5,104.7,8.8,1.3,0.083,0.139,0.091,0.11,20.700000000000003,0.8812515633599712,-0.21723305164636814,1.206491099443783,0.8886876938958509
1885,Lamar Odom,LAL,2008-09,Rebounder,Elite,78,2315.8116666666665,885,637,204,77,98,138,0.492,0.32,0.623,0.542,0.516,0.178,0.115,114.4,99.1,15.3,1.48,0.077,0.194,0.126,0.137,26.30000000000001,0.12376041334251293,0.1523303072256335,1.6353698803474401,1.430180618237589
200796,Leon Powe,BOS,2008-09,Rebounder,Very Good,70,1226.8266666666666,538,345,46,24,38,76,0.524,0.0,0.689,0.591,0.524,0.195,0.114,106.3,98.4,7.9,0.61,0.127,0.175,0.065,0.151,27.0,0.27812920306045313,-0.7717377751337637,1.038938494182703,0.3151088148573558
200811,Lou Amundson,PHX,2008-09,Rebounder,Average,76,1043.7316666666666,321,270,28,32,65,56,0.536,0.0,0.442,0.53,0.536,0.141,0.063,108.5,105.6,2.9,0.5,0.121,0.132,0.038,0.127,19.80000000000001,-0.6224358549510521,-0.9896488589786177,0.53418339709548,0.2481375860903916
201601,Luc Mbah a Moute,MIL,2008-09,Rebounder,Very Good,82,2113.6916666666666,594,487,87,87,45,100,0.462,0.0,0.729,0.516,0.462,0.141,0.086,102.2,102.5,-0.2,0.87,0.089,0.154,0.064,0.12,22.900000000000006,-0.5056077034313731,-0.626488084252812,1.0207889696180832,0.7978027602895552
2449,Luis Scola,HOU,2008-09,Rebounder,Elite,82,2487.94,1044,720,123,68,11,123,0.531,0.0,0.76,0.572,0.531,0.192,0.122,106.9,102.0,4.9,1.0,0.086,0.209,0.083,0.149,23.400000000000006,0.5124359284617285,-0.387283783285207,2.008476154447821,0.2863204258819139
1766,Maceo Baston,IND,2008-09,Rebounder,Average,27,217.1083333333333,67,52,7,6,10,12,0.543,0.0,0.63,0.579,0.543,0.139,0.068,96.9,99.8,-2.9,0.58,0.101,0.123,0.051,0.113,25.60000000000001,-0.5400893738068894,-0.9938928833937974,-0.2226082944090746,-0.23694125518759282
990,Malik Rose,OKC,2008-09,Rebounder,Average,38,469.3033333333333,130,96,36,10,3,36,0.344,0.0,0.784,0.424,0.344,0.181,0.039,100.2,101.0,-0.7,1.0,0.037,0.167,0.118,0.103,24.400000000000006,-1.0734148558062426,-0.5107990616065333,-0.2332561797746054,-0.33682366151525606
201188,Marc Gasol,MEM,2008-09,Rebounder,Very Good,82,2520.98,975,605,143,63,90,164,0.53,0.0,0.733,0.59,0.53,0.182,0.109,102.5,109.4,-7.0,0.87,0.087,0.184,0.096,0.135,16.0,0.4923874831769748,-0.24066046348451767,1.5249824570607904,0.5990086720667643
101162,Marcin Gortat,ORL,2008-09,Rebounder,Very Good,63,794.0683333333334,239,286,14,18,53,25,0.567,1.0,0.578,0.578,0.57,0.129,0.125,96.9,100.8,-3.9,0.56,0.116,0.229,0.032,0.172,24.60000000000001,-0.4949741143994264,-1.074870457500857,1.1499218981447377,0.26369137715476637
948,Marcus Camby,LAC,2008-09,Rebounder,Elite,62,1925.365,641,690,127,51,132,93,0.512,0.25,0.725,0.556,0.513,0.157,0.15,100.0,105.4,-5.4,1.37,0.084,0.277,0.107,0.181,20.0,-0.12588454250880055,-0.23774133795784047,2.3365437346876323,1.1346245051340773
1548,Mark Blount,MIA,2008-09,Rebounder,Average,20,207.14666666666668,79,41,4,1,7,14,0.385,0.407,0.615,0.472,0.455,0.222,0.06,105.0,103.0,2.0,0.29,0.052,0.145,0.034,0.101,22.400000000000006,-0.5356119489617964,-1.100432064054405,-0.40467131048555605,-0.5071154220467785
201578,Marreese Speights,PHI,2008-09,Rebounder,Average,79,1262.4233333333334,608,293,30,27,56,46,0.502,0.25,0.773,0.543,0.504,0.213,0.105,105.2,108.4,-3.3,0.65,0.099,0.146,0.044,0.121,17.0,0.1859365677143867,-0.9485835563244378,0.5187731786916996,-0.059239494767428645
101107,Marvin Williams,ATL,2008-09,Rebounder,Average,61,2093.465,845,382,81,57,39,70,0.458,0.355,0.806,0.569,0.502,0.181,0.104,107.0,106.6,0.4,1.16,0.056,0.136,0.064,0.096,18.80000000000001,0.27124937973680047,-0.6485662321868416,0.43643251502090197,0.18536292041880184
2440,Matt Barnes,PHX,2008-09,Rebounder,Very Good,77,2082.1566666666668,788,421,212,52,26,130,0.423,0.343,0.743,0.537,0.51,0.179,0.085,112.5,111.0,1.5,1.63,0.04,0.163,0.139,0.103,14.400000000000006,0.0325417680185029,0.25479733115826364,0.6290918599166098,-0.2564914965305123
2588,Matt Bonner,SAS,2008-09,Rebounder,Very Good,81,1927.7266666666667,667,386,82,47,26,37,0.496,0.44,0.739,0.611,0.606,0.145,0.095,109.8,101.2,8.6,2.22,0.056,0.156,0.064,0.108,24.200000000000003,0.11948403608508758,-0.6448865408645034,0.5999218810117266,0.267497504263053
2246,Mehmet Okur,UTA,2008-09,Rebounder,Very Good,72,2409.08,1225,557,120,54,53,132,0.485,0.446,0.817,0.592,0.536,0.214,0.12,110.9,107.2,3.7,0.91,0.057,0.19,0.078,0.125,18.200000000000003,0.9183652145674381,-0.42641112392680797,1.270223741998054,0.2606705226171793
2050,Morris Peterson,NOH,2008-09,Rebounder,Average,43,515.085,191,84,16,15,2,15,0.399,0.388,0.632,0.499,0.489,0.19,0.074,104.0,104.2,-0.2,1.07,0.027,0.153,0.056,0.089,21.200000000000003,-0.5347252172000501,-0.9326873948181669,-0.4434518830441128,-0.4831492709851772
1737,Nazr Mohammed,CHA,2008-09,Rebounder,Average,39,341.12833333333333,104,79,8,5,16,23,0.406,0.0,0.55,0.438,0.406,0.199,0.023,100.8,106.9,-6.1,0.35,0.113,0.155,0.041,0.133,18.5,-0.8803505440364628,-1.0463897254206314,0.1038260134434939,-0.6037560269589383
2420,Nenad Krstic,OKC,2008-09,Rebounder,Average,46,1141.265,445,253,29,21,49,45,0.469,0.0,0.797,0.504,0.469,0.185,0.085,99.6,105.9,-6.2,0.64,0.075,0.152,0.043,0.113,19.5,-0.3595681178555612,-0.9578809009816933,0.3107208009076462,-0.0453432327950515
2403,Nene,DEN,2008-09,Rebounder,Very Good,77,2510.43,1123,598,108,95,101,147,0.604,0.2,0.723,0.645,0.604,0.181,0.124,111.0,104.3,6.7,0.73,0.079,0.17,0.069,0.126,21.10000000000001,0.906261534146711,-0.5211262998091222,1.3917519182330107,1.3415132328790076
2555,Nick Collison,OKC,2008-09,Rebounder,Very Good,71,1831.2933333333333,584,489,66,51,50,73,0.568,0.0,0.721,0.599,0.568,0.134,0.095,100.5,105.9,-5.4,0.9,0.1,0.176,0.057,0.137,19.5,-0.08950706238512136,-0.7430851753663363,1.2426698499649789,0.2756151193573791
200762,Oleksiy Pecherov,WAS,2008-09,Rebounder,Average,32,277.3016666666667,116,76,2,6,3,10,0.386,0.326,0.828,0.51,0.455,0.187,0.071,103.4,114.1,-10.8,0.2,0.12,0.171,0.012,0.143,11.300000000000011,-0.5478799350426917,-1.2313798200672608,0.22326242073930075,-1.1479553564169869
2200,Pau Gasol,LAL,2008-09,Rebounder,Elite,81,2999.3516666666665,1528,780,284,52,81,157,0.567,0.5,0.781,0.617,0.567,0.203,0.153,113.1,103.7,9.4,1.81,0.089,0.172,0.146,0.131,21.700000000000003,1.1992864432309769,0.5590586797110394,1.938365091983493,0.7288781514998451
200781,Paul Davis,LAC,2008-09,Rebounder,Average,27,319.62,107,67,12,10,3,13,0.408,0.0,0.794,0.474,0.408,0.173,0.065,96.5,101.4,-4.9,0.92,0.082,0.124,0.067,0.102,24.0,-0.8626883276214637,-0.8856119734234303,-0.32294381300557873,-0.3603255315350575
200794,Paul Millsap,UTA,2008-09,Rebounder,Elite,76,2290.3783333333336,1028,654,138,78,73,129,0.534,0.0,0.699,0.576,0.534,0.197,0.124,109.5,103.2,6.2,1.07,0.117,0.186,0.098,0.152,22.200000000000003,0.5603701006864235,-0.24782361342637457,1.8715721308399538,0.9467112133961265
200822,Pops Mensah-Bonsu,TOR,2008-09,Rebounder,Very Good,22,282.6016666666667,111,113,6,9,5,19,0.379,0.0,0.688,0.447,0.379,0.198,0.081,100.5,99.8,0.7,0.32,0.167,0.212,0.032,0.187,25.60000000000001,-0.8311651577556897,-1.104307988079563,0.8819822177408492,-0.2564444863880196
2047,Quentin Richardson,NYK,2008-09,Rebounder,Average,72,1893.8833333333332,733,319,117,47,7,74,0.393,0.365,0.761,0.51,0.483,0.18,0.076,106.1,109.1,-3.0,1.58,0.036,0.13,0.093,0.082,16.30000000000001,-0.15417441863049586,-0.35318539787006437,0.09091450398446538,-0.3888962446863948
201043,Randolph Morris,ATL,2008-09,Rebounder,Average,23,88.51166666666667,18,20,2,2,1,7,0.412,0.0,1.0,0.48,0.412,0.124,-0.005,108.3,99.5,8.8,0.29,0.049,0.193,0.032,0.122,25.900000000000006,-1.2512689864804278,-1.119026753368916,-0.19285952034424086,-0.35181748045364264
739,Rasheed Wallace,DET,2008-09,Rebounder,Very Good,66,2122.505,795,490,91,62,86,59,0.419,0.354,0.772,0.52,0.498,0.184,0.108,106.3,104.8,1.5,1.54,0.028,0.214,0.07,0.121,20.60000000000001,-0.02300589458162926,-0.5780633989539555,1.0414887596737592,0.8184489583438745
1725,Rasho Nesterovic,IND,2008-09,Rebounder,Average,70,1214.2666666666669,473,240,109,30,38,63,0.513,0.0,0.781,0.524,0.513,0.185,0.085,102.6,106.5,-3.9,1.73,0.079,0.118,0.145,0.099,18.900000000000006,-0.2250252237163056,-0.09050495503307465,0.0978717190544735,-0.09863587541374302
2501,Reggie Evans,PHI,2008-09,Rebounder,Very Good,79,1137.29,262,361,26,41,8,69,0.444,0.0,0.594,0.514,0.444,0.129,0.065,104.7,106.8,-2.1,0.38,0.119,0.219,0.035,0.167,18.60000000000001,-0.8443100059349549,-1.013861201628046,1.2852270203962322,-0.305811205699338
200764,Renaldo Balkman,DEN,2008-09,Rebounder,Average,53,779.7633333333333,264,203,34,47,23,35,0.558,0.286,0.646,0.585,0.563,0.141,0.106,106.1,102.3,3.8,0.97,0.113,0.148,0.068,0.131,23.10000000000001,-0.3490768529166958,-0.7990411109970712,0.4073656492086277,0.17251496969938293
201633,Rob Kurz,GSW,2008-09,Rebounder,Average,40,441.91333333333336,157,81,20,14,19,16,0.389,0.395,0.8,0.513,0.447,0.157,0.053,96.8,108.7,-11.9,1.25,0.063,0.103,0.072,0.082,16.700000000000003,-0.7207746821651773,-0.8280861761701381,-0.5405895989278706,-0.5859097835940178
201577,Robin Lopez,PHX,2008-09,Rebounder,Average,60,614.3333333333334,189,118,8,11,41,28,0.518,0.0,0.691,0.566,0.518,0.136,0.051,103.3,107.8,-4.5,0.29,0.087,0.108,0.019,0.097,17.60000000000001,-0.5483986209652482,-1.1699780987888104,-0.251319776762051,-0.3415304567968054
201579,Roy Hibbert,IND,2008-09,Rebounder,Average,70,1009.1016666666668,494,243,49,20,76,55,0.471,0.0,0.667,0.51,0.471,0.228,0.066,103.7,105.6,-1.9,0.89,0.109,0.126,0.077,0.117,19.80000000000001,0.024854125780028675,-0.6932868611477423,0.33514563228971467,0.2350933348644462
201583,Ryan Anderson,NJN,2008-09,Rebounder,Very Good,66,1312.425,487,311,52,44,20,63,0.393,0.365,0.845,0.532,0.478,0.181,0.084,105.7,105.6,0.1,0.83,0.083,0.167,0.065,0.125,19.80000000000001,-0.19847077730918042,-0.7496596271997342,0.6174926104163958,-0.08281193878812872
2223,Samuel Dalembert,PHI,2008-09,Rebounder,Elite,82,2036.0983333333331,523,701,18,33,146,117,0.498,0.0,0.734,0.535,0.498,0.136,0.092,105.1,102.8,2.2,0.15,0.111,0.26,0.013,0.185,22.60000000000001,-0.48477850005527184,-1.166887105574931,2.416689516326672,1.242526623416185
1752,Sean Marks,NOH,2008-09,Rebounder,Average,60,837.87,192,187,14,7,33,35,0.485,0.2,0.682,0.521,0.491,0.123,0.051,100.7,102.9,-2.3,0.4,0.077,0.158,0.028,0.117,22.5,-0.8986905701223799,-1.0973410708405258,0.18655643160445914,-0.17601771283207132
101118,Sean May,CHA,2008-09,Rebounder,Average,24,300.93333333333334,93,69,10,5,4,26,0.398,1.0,0.7,0.435,0.403,0.209,0.052,89.8,104.6,-14.8,0.38,0.069,0.172,0.068,0.12,20.80000000000001,-0.8322309702495677,-0.8873537027331897,-0.08832327835400283,-0.590029842381952
201157,Sean Williams,NJN,2008-09,Rebounder,Average,33,366.38666666666666,80,79,13,7,29,20,0.417,0.0,0.625,0.465,0.417,0.133,0.027,104.1,106.2,-2.2,0.65,0.096,0.133,0.054,0.114,19.200000000000003,-1.2264364571742306,-0.9549617754550161,-0.13822741834543173,-0.41037799650771967
406,Shaquille O'Neal,PHX,2008-09,Rebounder,Elite,75,2252.115,1333,633,126,49,108,168,0.609,0.0,0.595,0.623,0.609,0.243,0.127,114.3,111.3,3.0,0.75,0.095,0.198,0.084,0.15,14.100000000000009,1.3857869013373019,-0.37062705598327494,1.7903718719736224,0.5244300603916483
1890,Shawn Marion,TOR,2008-09,Rebounder,Very Good,69,2470.5383333333334,891,589,139,88,66,105,0.485,0.189,0.796,0.522,0.491,0.173,0.11,105.8,106.2,-0.4,1.32,0.074,0.174,0.086,0.124,19.200000000000003,-0.02286582744043278,-0.31155576212304315,1.3423922023706627,0.8032385696092305
200749,Shelden Williams,MIN,2008-09,Rebounder,Very Good,45,512.625,186,153,12,22,18,34,0.446,0.0,0.73,0.503,0.446,0.182,0.093,102.0,103.6,-1.6,0.35,0.096,0.213,0.036,0.153,21.80000000000001,-0.5740246735629894,-1.0597592268058644,0.5549691147283302,-0.2134875013381312
201150,Spencer Hawes,SAC,2008-09,Rebounder,Very Good,77,2258.8966666666665,876,549,149,44,93,160,0.466,0.348,0.662,0.509,0.491,0.201,0.088,103.2,114.5,-11.3,0.93,0.068,0.187,0.111,0.127,10.900000000000006,0.09696246575198596,-0.13431751552672966,1.2744760219380924,0.13284632549559242
2419,Tayshaun Prince,DET,2008-09,Rebounder,Average,82,3057.3483333333334,1163,476,253,44,51,101,0.45,0.397,0.778,0.516,0.477,0.189,0.109,105.6,107.1,-1.5,2.5,0.044,0.123,0.139,0.083,18.30000000000001,0.2561091777975508,0.40566467537413264,0.5202345959245942,0.14269743273286567
1495,Tim Duncan,SAS,2008-09,Rebounder,Elite,75,2524.018333333333,1450,800,264,38,126,165,0.504,0.0,0.692,0.549,0.504,0.285,0.167,108.8,103.6,5.2,1.6,0.089,0.249,0.188,0.172,21.80000000000001,1.3545238940586006,0.7214062933307978,2.5137584901486902,1.0449804180066924
1499,Tony Battie,ORL,2008-09,Rebounder,Average,77,1202.4133333333334,372,278,31,26,25,46,0.489,0.222,0.659,0.518,0.492,0.154,0.09,102.3,98.5,3.8,0.67,0.078,0.15,0.044,0.115,26.900000000000006,-0.5591014270285433,-0.9449038650020996,0.4025345741086388,0.1984290411890869
2211,Troy Murphy,IND,2008-09,Rebounder,Elite,73,2482.385,1041,861,172,58,34,114,0.475,0.45,0.826,0.614,0.58,0.167,0.14,108.1,108.7,-0.6,1.51,0.058,0.294,0.103,0.174,16.700000000000003,0.5673969505662778,-0.09462584179228738,2.7010938923616328,0.021752145737795252
2199,Tyson Chandler,NOH,2008-09,Rebounder,Very Good,45,1444.7333333333331,397,393,22,15,56,70,0.565,0.0,0.579,0.581,0.565,0.136,0.078,111.8,104.0,7.8,0.31,0.126,0.165,0.023,0.146,21.400000000000006,-0.3126366001317956,-1.0959918069364059,1.1026023946752346,0.07494472019063976
2617,Udonis Haslem,MIA,2008-09,Rebounder,Very Good,75,2560.36,794,618,85,43,25,82,0.518,0.0,0.753,0.553,0.518,0.143,0.095,106.2,105.3,0.9,1.04,0.068,0.191,0.051,0.128,20.10000000000001,-0.1351881134662531,-0.7068769602514127,1.4702987985156768,-0.02495957919622743
200835,Walter Herrmann,DET,2008-09,Rebounder,Average,59,630.2233333333334,224,107,22,7,4,17,0.396,0.342,0.76,0.514,0.495,0.163,0.081,104.4,103.7,0.7,1.29,0.042,0.13,0.055,0.085,21.700000000000003,-0.6228172751522744,-0.9162269002190545,-0.43338279283853254,-0.5164279089607764
2397,Yao Ming,HOU,2008-09,Rebounder,Elite,77,2588.9066666666668,1514,761,137,30,150,234,0.548,1.0,0.866,0.618,0.549,0.258,0.161,109.0,100.1,8.9,0.59,0.087,0.21,0.096,0.152,25.30000000000001,1.597534407928281,-0.26273861141854726,2.1554836392921386,1.4105500132471966
201146,Yi Jianlian,NJN,2008-09,Rebounder,Very Good,61,1421.2133333333334,525,326,60,29,36,70,0.382,0.343,0.772,0.474,0.43,0.205,0.073,105.8,109.2,-3.3,0.86,0.049,0.198,0.07,0.122,16.200000000000003,-0.3269926481095516,-0.6921338299464419,0.619074326257334,-0.2878697889918571
2216,Zach Randolph,LAC,2008-09,Rebounder,Very Good,50,1756.3983333333333,1041,504,103,43,16,114,0.475,0.33,0.734,0.531,0.494,0.277,0.134,103.6,108.0,-4.4,0.9,0.089,0.209,0.106,0.147,17.400000000000006,0.898094472829824,-0.3316715830288761,1.4098670717667607,-0.27465437785753727
2585,Zaza Pachulia,ATL,2008-09,Rebounder,Very Good,77,1472.9,481,436,57,35,26,91,0.497,0.0,0.709,0.571,0.497,0.16,0.089,106.7,101.7,4.9,0.63,0.121,0.185,0.062,0.153,23.700000000000003,-0.13354388235011935,-0.7481141305927945,1.3058752539056038,0.1137838114785585
980,Zydrunas Ilgauskas,CLE,2008-09,Rebounder,Very Good,65,1765.3916666666669,838,490,64,28,84,90,0.472,0.385,0.799,0.523,0.483,0.236,0.116,112.3,98.2,14.1,0.71,0.097,0.19,0.06,0.145,27.200000000000003,0.4058211854350471,-0.7335915980062611,1.3472404629860861,0.8337085457618403
201189,Aaron Gray,NOH,2009-10,Rebounder,Very Good,32,310.92833333333334,104,106,22,9,11,18,0.512,0.0,0.714,0.551,0.512,0.16,0.101,100.8,104.0,-3.1,1.22,0.149,0.205,0.109,0.176,21.400000000000006,-0.5197677536547473,-0.6128736201335241,0.7232723703037087,-0.4425093375774954
201143,Al Horford,ATL,2009-10,Rebounder,Elite,81,2844.9416666666666,1148,799,189,59,91,122,0.551,1.0,0.789,0.594,0.552,0.177,0.132,113.1,104.5,8.6,1.55,0.088,0.207,0.102,0.148,20.900000000000006,0.6034139828507081,-0.03768874264745406,2.205353408252698,0.855578592059152
2744,Al Jefferson,MIN,2009-10,Rebounder,Elite,76,2463.16,1301,703,137,63,98,136,0.498,0.0,0.68,0.524,0.498,0.242,0.131,99.6,110.0,-10.4,1.01,0.072,0.224,0.099,0.145,15.400000000000006,0.7893535694035023,-0.24588565141379562,1.9124101013067902,0.6446955790616434
101161,Amir Johnson,TOR,2009-10,Rebounder,Very Good,82,1452.6533333333334,511,395,48,44,66,63,0.623,0.0,0.638,0.639,0.623,0.141,0.095,107.1,104.3,2.8,0.76,0.111,0.16,0.05,0.136,21.10000000000001,0.13779388815369228,-0.8486431925128457,0.9805126087957625,0.4589724829175606
2760,Anderson Varejao,CLE,2009-10,Rebounder,Very Good,76,2165.623333333333,651,578,87,71,67,67,0.572,0.2,0.663,0.598,0.573,0.13,0.11,113.0,99.9,13.1,1.3,0.097,0.182,0.062,0.142,25.5,-0.07618954842075154,-0.6377233909226465,1.5425188154345897,1.007367316472866
101154,Andray Blatche,WAS,2009-10,Rebounder,Very Good,81,2255.951666666667,1143,509,170,85,71,182,0.478,0.295,0.744,0.519,0.485,0.254,0.12,101.0,107.4,-6.4,0.93,0.071,0.167,0.138,0.118,18.0,0.7346701419531526,0.09463264228513919,1.0536839898493586,0.752236190750254
101106,Andrew Bogut,MIL,2009-10,Rebounder,Elite,69,2229.37,1095,701,127,39,175,131,0.52,0.0,0.629,0.54,0.52,0.232,0.149,104.8,99.0,5.8,0.97,0.092,0.235,0.101,0.161,26.400000000000006,0.6590726480698861,-0.2714472579673438,2.1109378130143446,1.8213690223232692
101115,Andrew Bynum,LAL,2009-10,Rebounder,Very Good,65,1976.9466666666667,977,541,68,35,94,115,0.57,0.0,0.739,0.608,0.57,0.206,0.13,108.9,101.6,7.4,0.59,0.092,0.184,0.055,0.139,23.80000000000001,0.772437002230849,-0.7469610993914942,1.4061248449249337,0.8076468311924409
1712,Antawn Jamison,CLE,2009-10,Rebounder,Very Good,66,2405.8033333333333,1235,555,84,71,21,91,0.461,0.344,0.647,0.529,0.502,0.234,0.112,107.7,106.9,0.7,0.92,0.058,0.18,0.058,0.119,18.5,0.7117815644090754,-0.6712330782293302,1.1884790590026415,0.13068124698501207
201576,Anthony Randolph,GSW,2009-10,Rebounder,Very Good,33,749.0666666666667,384,215,42,28,51,49,0.443,0.2,0.801,0.521,0.445,0.233,0.113,105.1,109.4,-4.3,0.86,0.096,0.193,0.089,0.144,16.0,0.04502305184238653,-0.6516328603851034,0.6048216981734547,-0.15822012689398182
201229,Anthony Tolliver,GSW,2009-10,Rebounder,Average,46,1427.63,539,320,87,32,33,46,0.43,0.329,0.769,0.531,0.486,0.166,0.087,109.5,109.3,0.2,1.89,0.057,0.165,0.084,0.111,16.10000000000001,-0.2764958000281222,-0.5141350175544674,0.46301785740385915,-0.2930135596910888
101120,Antoine Wright,TOR,2009-10,Rebounder,Average,67,1392.0583333333334,435,190,71,30,11,58,0.406,0.335,0.688,0.502,0.479,0.157,0.053,108.8,108.1,0.7,1.22,0.029,0.112,0.075,0.072,17.30000000000001,-0.5831881773792451,-0.6235689587261348,-0.37876787635515846,-0.4658148835759049
686,Antonio McDyess,SAS,2009-10,Rebounder,Very Good,77,1617.121666666667,446,455,83,43,32,79,0.479,0.0,0.632,0.492,0.479,0.148,0.092,106.9,100.4,6.5,1.05,0.097,0.191,0.076,0.145,25.0,-0.6983152397352702,-0.5737950095231583,1.2543722125578016,0.33376057656784225
201948,Austin Daye,DET,2009-10,Rebounder,Average,69,914.915,349,174,34,25,26,48,0.464,0.305,0.821,0.546,0.514,0.176,0.086,101.9,108.5,-6.7,0.71,0.036,0.178,0.063,0.1,16.900000000000006,-0.25454623337024973,-0.8271293776716575,-0.0645116131627545,-0.3893616082411781
1802,Brad Miller,CHI,2009-10,Rebounder,Very Good,82,1949.6933333333332,719,399,154,44,29,107,0.43,0.28,0.827,0.53,0.462,0.175,0.096,101.4,102.7,-1.3,1.44,0.043,0.162,0.122,0.103,22.700000000000003,-0.08652218994458187,-0.05412487223094883,0.5707175310759736,0.17863379488308093
2217,Brendan Haywood,DAL,2009-10,Rebounder,Elite,77,2354.83,704,715,43,26,158,99,0.562,0.0,0.62,0.588,0.562,0.132,0.102,105.2,104.2,1.0,0.43,0.121,0.186,0.028,0.154,21.200000000000003,-0.08050305293740452,-0.990630022492716,2.0589075330528965,1.2091501058155678
201572,Brook Lopez,NJN,2009-10,Rebounder,Elite,82,3026.7066666666665,1542,709,187,55,139,204,0.499,0.0,0.817,0.57,0.499,0.233,0.126,99.8,109.9,-10.1,0.92,0.09,0.157,0.116,0.122,15.5,1.1602727886840127,0.03359902139671067,1.6353183238011353,0.9824961671860714
2430,Carlos Boozer,UTA,2009-10,Rebounder,Elite,78,2672.713333333333,1519,874,247,84,36,212,0.562,0.0,0.742,0.599,0.562,0.245,0.163,110.7,105.3,5.4,1.17,0.074,0.271,0.155,0.174,20.10000000000001,1.3973406979014964,0.47346898079877864,2.735587813949281,0.5111484053083597
101112,Channing Frye,PHX,2009-10,Rebounder,Very Good,81,2190.0816666666665,904,427,113,64,74,73,0.451,0.439,0.81,0.598,0.573,0.167,0.091,115.9,108.0,7.9,1.55,0.033,0.158,0.072,0.099,17.400000000000006,0.37711896768137265,-0.48587488319267924,0.5940535141998804,0.5297471560252198
101111,Charlie Villanueva,DET,2009-10,Rebounder,Average,78,1847.5566666666664,931,365,53,48,55,74,0.439,0.351,0.815,0.526,0.499,0.234,0.1,103.6,112.6,-9.0,0.72,0.046,0.174,0.053,0.106,12.800000000000011,0.47539968056274623,-0.8133917758964027,0.5187216221453952,-0.09853797227386063
2547,Chris Bosh,TOR,2009-10,Rebounder,Elite,70,2525.525,1678,759,166,43,68,169,0.518,0.364,0.797,0.592,0.522,0.285,0.167,110.9,110.6,0.3,0.98,0.089,0.223,0.116,0.159,14.800000000000011,1.764799907198256,-0.04367449637239294,2.23935446225757,0.0986915951735277
201805,Chris Hunter,GSW,2009-10,Rebounder,Average,60,782.9366666666666,270,167,37,13,35,30,0.502,0.0,0.754,0.546,0.502,0.147,0.061,109.7,109.1,0.6,1.23,0.069,0.146,0.065,0.106,16.30000000000001,-0.523810978840833,-0.8048549970348082,-0.006647337420329774,-0.45789359250296985
2549,Chris Kaman,LAC,2009-10,Rebounder,Elite,76,2608.401666666666,1408,704,120,37,94,223,0.49,0.0,0.749,0.527,0.49,0.267,0.118,100.9,106.6,-5.7,0.54,0.073,0.199,0.086,0.137,18.80000000000001,1.066681165312222,-0.3814698972474702,1.8131462454530136,0.534596181821552
2404,Chris Wilcox,DET,2009-10,Rebounder,Average,34,440.89166666666665,152,117,13,13,12,38,0.525,0.0,0.5,0.532,0.525,0.186,0.072,94.4,110.8,-16.4,0.34,0.098,0.194,0.051,0.141,14.600000000000009,-0.4034532591089781,-0.9718147354597679,0.3065716340602166,-0.7904782121577925
201967,Dante Cunningham,POR,2009-10,Rebounder,Average,63,707.3833333333333,243,160,14,24,22,15,0.495,0.0,0.646,0.517,0.495,0.16,0.08,108.5,103.5,5.0,0.93,0.08,0.163,0.032,0.121,21.900000000000006,-0.6139242830351533,-1.074870457500857,0.16587382706421774,-0.14641945194426734
2545,Darko Milicic,MIN,2009-10,Rebounder,Average,32,684.9516666666667,215,151,47,22,34,35,0.49,0.0,0.536,0.497,0.49,0.157,0.077,99.3,107.0,-7.7,1.34,0.066,0.163,0.105,0.112,18.400000000000006,-0.7704286233674242,-0.5433519504147364,0.02733653106910766,-0.25137397245727994
201589,Darrell Arthur,MEM,2009-10,Rebounder,Average,32,457.3033333333333,143,110,15,14,14,22,0.432,0.0,0.567,0.449,0.432,0.168,0.06,97.4,109.6,-12.2,0.68,0.075,0.164,0.052,0.118,15.800000000000011,-1.0162677814661032,-0.958837699480174,-0.005014065033087045,-0.6893763111539322
2431,David Andersen,HOU,2009-10,Rebounder,Average,63,890.8033333333333,367,208,44,15,12,37,0.432,0.346,0.687,0.497,0.472,0.199,0.084,105.8,103.6,2.2,1.19,0.059,0.177,0.084,0.116,21.80000000000001,-0.3533537390459078,-0.672361744415013,0.22953772755674962,-0.3467218259247499
101135,David Lee,NYK,2009-10,Rebounder,Elite,81,3018.98,1640,949,295,85,40,189,0.545,0.0,0.812,0.584,0.545,0.235,0.159,106.5,110.1,-3.6,1.56,0.077,0.249,0.172,0.162,15.300000000000011,1.3256318549559138,0.7455942709646083,2.781715356068014,0.27995718402134956
2561,David West,NOH,2009-10,Rebounder,Very Good,81,2948.651666666666,1541,605,239,76,60,173,0.505,0.259,0.865,0.56,0.508,0.238,0.123,107.1,109.8,-2.7,1.38,0.058,0.159,0.135,0.108,15.600000000000009,1.1389786880482546,0.33167838352172796,1.1810117908344222,0.4066806001528433
201599,DeAndre Jordan,LAC,2009-10,Rebounder,Very Good,70,1137.335,336,352,21,16,62,75,0.605,0.0,0.375,0.571,0.605,0.145,0.073,99.9,110.1,-10.2,0.28,0.111,0.218,0.029,0.163,15.300000000000011,-0.34791770841255687,-1.0659655782492408,1.2103879959245236,-0.21239265065457846
201971,DeJuan Blair,SAS,2009-10,Rebounder,Elite,82,1494.3166666666666,638,526,65,50,39,112,0.556,0.0,0.547,0.564,0.556,0.197,0.114,106.2,103.0,3.2,0.58,0.139,0.221,0.07,0.18,22.400000000000006,0.21051158289021343,-0.6737353733347504,1.8886499926618465,0.3243502100288272
201960,DeMarre Carroll,MEM,2009-10,Rebounder,Average,71,795.2683333333333,209,150,33,28,9,24,0.396,0.0,0.623,0.426,0.396,0.141,0.043,102.8,104.4,-1.6,1.38,0.068,0.118,0.059,0.093,21.0,-1.2978283003698612,-0.8532796823336646,-0.21737027930348332,-0.28938023977551497
2400,Drew Gooden,LAC,2009-10,Rebounder,Elite,70,1755.3666666666666,763,542,47,41,58,108,0.478,0.125,0.861,0.547,0.479,0.205,0.105,102.8,111.0,-8.2,0.44,0.122,0.199,0.045,0.16,14.400000000000006,0.26202094042439783,-0.88041115050977,1.6763109639068854,-0.046707640753622846
2730,Dwight Howard,ORL,2009-10,Rebounder,Elite,82,2842.8016666666667,1503,1082,144,75,228,274,0.612,0.0,0.592,0.63,0.612,0.241,0.167,112.2,100.9,11.3,0.53,0.11,0.28,0.087,0.199,24.5,1.5337640090166562,-0.2875396521764345,3.605981916968667,2.6189697976712876
2731,Emeka Okafor,NOH,2009-10,Rebounder,Elite,82,2370.065,850,742,55,54,127,111,0.53,0.0,0.562,0.547,0.53,0.169,0.1,105.7,108.4,-2.6,0.5,0.108,0.221,0.035,0.163,17.0,0.061223543166631755,-0.9071501532802362,2.2452056435539816,0.9388572487851428
101141,Ersan Ilyasova,MIL,2009-10,Rebounder,Very Good,81,1897.6866666666667,840,517,84,53,23,71,0.443,0.336,0.715,0.526,0.499,0.201,0.107,104.4,99.5,4.9,1.18,0.079,0.198,0.072,0.136,25.900000000000006,0.168199219654338,-0.592585931540489,1.3042247960029263,0.39919623746786165
2041,Etan Thomas,OKC,2009-10,Rebounder,Average,23,320.74,75,64,1,4,16,18,0.456,0.0,0.591,0.483,0.456,0.135,0.046,99.5,102.8,-3.2,0.06,0.063,0.156,0.005,0.11,22.60000000000001,-1.1124855860577434,-1.2743830847340196,-0.22898671431913203,-0.3732232221942892
2222,Gerald Wallace,CHA,2009-10,Rebounder,Elite,76,3119.418333333333,1386,762,161,117,83,178,0.484,0.371,0.776,0.586,0.511,0.202,0.144,103.9,101.4,2.5,0.9,0.052,0.206,0.09,0.13,24.0,0.9123191905845868,-0.20813193969193228,1.8778646231728373,1.5577374231101218
201175,Glen Davis,BOS,2009-10,Rebounder,Average,54,933.1733333333332,340,205,35,21,14,53,0.437,0.0,0.696,0.5,0.437,0.193,0.062,99.9,105.1,-5.2,0.66,0.115,0.124,0.064,0.12,20.30000000000001,-0.3995950439802753,-0.817832033014402,0.2725362090244749,-0.3524507328629871
255,Grant Hill,PHX,2009-10,Rebounder,Very Good,81,2430.36,912,445,193,60,36,108,0.478,0.438,0.817,0.561,0.503,0.165,0.098,112.0,108.7,3.3,1.79,0.033,0.143,0.111,0.092,16.700000000000003,0.15669835551108882,0.027588902656154102,0.5526367485730932,0.06270979962056421
201141,Greg Oden,POR,2009-10,Rebounder,Very Good,21,501.7633333333333,233,178,19,8,48,39,0.605,0.0,0.766,0.647,0.605,0.206,0.148,113.1,102.8,10.3,0.49,0.144,0.24,0.066,0.194,22.60000000000001,0.4588861089420339,-0.8654717875019797,1.1436294058118543,-0.008018922342720688
101124,Hakim Warrick,CHI,2009-10,Rebounder,Average,76,1557.22,733,314,52,24,18,80,0.482,0.143,0.737,0.547,0.483,0.215,0.102,100.3,104.9,-4.6,0.65,0.08,0.126,0.058,0.102,20.5,0.3135912931166039,-0.7889832005441548,0.3324406971597448,-0.2691458530258614
201632,Hamed Haddadi,MEM,2009-10,Rebounder,Average,36,240.1483333333333,62,75,10,1,14,20,0.387,0.0,0.737,0.441,0.387,0.155,0.029,94.0,105.6,-11.6,0.5,0.1,0.2,0.064,0.149,19.80000000000001,-1.2155874013912793,-0.9098243160728586,0.2970469679837173,-0.5890553291539771
200756,Hilton Armstrong,HOU,2009-10,Rebounder,Average,33,335.3183333333333,71,81,21,15,12,22,0.354,0.0,0.469,0.381,0.354,0.153,0.031,95.1,101.0,-5.9,0.95,0.078,0.168,0.095,0.121,24.400000000000006,-1.5667901972890703,-0.6952004581447035,-0.043743081045339194,-0.19395967079604357
2137,Ime Udoka,SAC,2009-10,Rebounder,Average,69,944.24,250,191,58,34,6,42,0.378,0.286,0.737,0.47,0.432,0.139,0.073,102.3,103.7,-1.3,1.38,0.053,0.146,0.091,0.099,21.700000000000003,-1.0313305653853182,-0.5815224925578566,-0.032143831545125096,-0.21643618162020903
201592,J.R. Giddens,NYK,2009-10,Rebounder,Average,32,239.09333333333333,69,51,13,9,2,17,0.467,0.0,0.565,0.492,0.467,0.154,0.062,95.7,110.0,-14.3,0.76,0.067,0.154,0.096,0.109,15.400000000000006,-0.926265494602379,-0.7190203353884925,-0.276220290211461,-0.8860945639021636
201581,JJ Hickson,CLE,2009-10,Rebounder,Very Good,81,1691.3383333333334,689,400,40,36,39,92,0.554,0.0,0.681,0.58,0.554,0.186,0.099,108.3,106.8,1.5,0.43,0.073,0.173,0.037,0.126,18.60000000000001,0.2582454549406851,-0.9511102164454757,0.8663829586672858,-0.04397663629564949
201580,JaVale McGee,WAS,2009-10,Rebounder,Average,60,967.905,386,243,14,16,101,51,0.508,0.0,0.638,0.539,0.508,0.19,0.096,99.7,108.0,-8.3,0.27,0.095,0.162,0.024,0.129,17.400000000000006,-0.16539972741441328,-1.1198116841801948,0.4880214839458782,0.305573263069205
2048,Jamaal Magloire,MIA,2009-10,Rebounder,Very Good,36,359.4033333333333,77,121,1,9,11,17,0.5,0.0,0.356,0.47,0.5,0.128,0.053,99.7,101.6,-1.9,0.06,0.116,0.231,0.005,0.173,23.80000000000001,-1.2366146332781685,-1.2743830847340196,0.7248540861446471,-0.301498117458689
101189,James Singleton,WAS,2009-10,Rebounder,Very Good,57,977.8766666666668,254,276,31,28,43,49,0.382,0.189,0.855,0.452,0.396,0.15,0.077,97.6,105.4,-7.8,0.63,0.107,0.187,0.051,0.144,20.0,-1.050836318597112,-0.9055802916576791,0.7666777917770367,-0.004141138720551792
101131,Jason Maxiell,DET,2009-10,Rebounder,Very Good,76,1549.6916666666666,513,401,39,36,38,68,0.511,0.0,0.574,0.531,0.511,0.161,0.081,104.0,110.4,-6.4,0.57,0.105,0.18,0.04,0.14,15.0,-0.3318480825741687,-0.9379369477630624,1.0473914975164753,-0.26561093047693174
201160,Jason Smith,PHI,2009-10,Rebounder,Average,56,658.3433333333334,189,135,33,21,28,35,0.431,0.345,0.69,0.491,0.46,0.153,0.048,102.7,105.8,-3.1,0.94,0.086,0.135,0.076,0.11,19.60000000000001,-0.8527656410645791,-0.7577795756400717,-0.04059683487889737,-0.25193450935462375
201574,Jason Thompson,SAC,2009-10,Rebounder,Elite,75,2357.3516666666665,939,637,124,41,73,139,0.472,0.1,0.715,0.518,0.473,0.195,0.095,103.3,107.5,-4.3,0.89,0.094,0.182,0.084,0.137,17.900000000000006,0.1499297818865998,-0.3779864386279515,1.6353698803474401,0.31069568196572406
979,Jermaine O'Neal,MIA,2009-10,Rebounder,Very Good,70,1991.3366666666664,950,486,92,25,95,125,0.529,0.0,0.72,0.563,0.529,0.228,0.119,107.8,102.6,5.2,0.74,0.068,0.19,0.078,0.13,22.80000000000001,0.6567274573743832,-0.5294424809522795,1.1455321340812208,0.6553959907628916
201149,Joakim Noah,CHI,2009-10,Rebounder,Elite,64,1924.69,687,704,132,32,100,117,0.504,0.0,0.744,0.557,0.504,0.17,0.133,102.0,103.7,-1.6,1.13,0.117,0.241,0.107,0.181,21.700000000000003,0.008172111388646633,-0.21934288134614915,2.373691034858946,0.7138827087919842
693,Joe Smith,ATL,2009-10,Rebounder,Average,64,591.9383333333334,194,157,21,6,19,22,0.399,0.143,0.813,0.453,0.402,0.175,0.058,107.3,108.4,-1.1,0.95,0.109,0.167,0.055,0.136,17.0,-0.9053756666884336,-0.9199065915413929,0.34900850588342647,-0.6511742845856626
101130,Johan Petro,DEN,2009-10,Rebounder,Average,36,435.49,122,129,14,10,13,23,0.535,0.0,0.667,0.553,0.535,0.137,0.069,108.0,106.4,1.7,0.61,0.076,0.226,0.045,0.152,19.0,-0.663723087958675,-1.001840964146933,0.4785483744156832,-0.5529242667518449
201973,Jonas Jerebko,DET,2009-10,Rebounder,Very Good,80,2232.2,741,478,58,79,29,82,0.481,0.313,0.71,0.545,0.511,0.155,0.082,104.7,108.3,-3.6,0.71,0.088,0.146,0.041,0.115,17.10000000000001,-0.13130351169520255,-0.862405159303718,0.9332102908416943,0.21225531744678464
201941,Jordan Hill,HOU,2009-10,Rebounder,Average,47,624.0983333333334,244,175,20,14,21,30,0.493,0.0,0.676,0.528,0.493,0.177,0.086,105.6,106.3,-0.8,0.67,0.113,0.174,0.052,0.141,19.10000000000001,-0.4258620407813753,-0.9404392428684827,0.4604675919128027,-0.4246636354690662
200767,Josh Boone,NJN,2009-10,Rebounder,Very Good,63,1045.4633333333334,253,315,29,30,48,37,0.525,0.0,0.328,0.509,0.525,0.121,0.09,93.8,105.5,-11.7,0.78,0.113,0.196,0.047,0.152,19.900000000000006,-0.9379518838478879,-0.9354102876420244,0.9720767909774248,0.06129343966648478
201177,Josh McRoberts,IND,2009-10,Rebounder,Average,42,524.0316666666666,179,127,44,17,16,19,0.521,0.348,0.5,0.55,0.548,0.147,0.088,104.6,105.8,-1.2,2.32,0.075,0.162,0.124,0.119,19.60000000000001,-0.5665653868157757,-0.4476556110183238,0.05283302519390293,-0.4147895291447418
2694,Josh Powell,LAL,2009-10,Rebounder,Average,63,580.8333333333334,169,116,35,9,6,33,0.366,0.438,0.645,0.407,0.384,0.181,0.038,98.8,104.6,-5.8,1.06,0.07,0.125,0.097,0.096,20.80000000000001,-1.1424881629134769,-0.6324494729621334,-0.2693661882340618,-0.5283494626225592
436,Juwan Howard,POR,2009-10,Rebounder,Average,73,1631.5233333333333,437,335,61,27,10,72,0.509,0.0,0.786,0.538,0.509,0.14,0.07,104.6,106.6,-2.0,0.85,0.07,0.158,0.062,0.113,18.80000000000001,-0.5003627713169055,-0.7333953653034414,0.528297844768199,-0.41888442381965946
2570,Kendrick Perkins,BOS,2009-10,Rebounder,Elite,78,2153.52,791,595,80,26,132,165,0.602,0.0,0.582,0.613,0.602,0.176,0.105,108.4,101.4,6.9,0.48,0.087,0.209,0.057,0.153,24.0,0.447276520016264,-0.6915694968536006,1.7277624487083827,1.1106091318742892
2030,Kenyon Martin,DEN,2009-10,Rebounder,Very Good,58,1986.2283333333328,667,546,109,72,61,91,0.456,0.276,0.557,0.481,0.463,0.172,0.095,108.9,105.4,3.6,1.2,0.073,0.205,0.087,0.139,20.0,-0.4261426545124547,-0.4163288484582739,1.4193917378432603,0.6338731826204789
708,Kevin Garnett,BOS,2009-10,Rebounder,Very Good,69,2060.1716666666666,990,506,185,68,57,101,0.521,0.2,0.837,0.569,0.521,0.218,0.151,107.9,100.5,7.4,1.83,0.045,0.209,0.148,0.133,24.900000000000006,0.6466738112146833,0.2060045454693854,1.2368186686685672,0.8398557825975038
201567,Kevin Love,MIN,2009-10,Rebounder,Elite,60,1713.9383333333333,842,658,136,43,23,117,0.45,0.33,0.815,0.549,0.478,0.216,0.146,102.1,108.7,-6.6,1.16,0.129,0.255,0.127,0.19,16.700000000000003,0.4109520811420387,-0.09227104935845148,2.3662925087524664,-0.2449604023706815
201585,Kosta Koufos,UTA,2009-10,Rebounder,Average,36,172.42333333333335,53,45,6,2,4,15,0.468,0.0,0.6,0.494,0.468,0.167,0.051,90.8,106.3,-15.5,0.4,0.095,0.178,0.057,0.136,19.10000000000001,-0.8312025382681255,-0.9638666547066324,0.051830104512915365,-0.7209968787810425
2743,Kris Humphries,NJN,2009-10,Rebounder,Very Good,69,1221.368333333333,487,378,32,36,48,66,0.441,0.0,0.668,0.495,0.441,0.205,0.098,100.3,108.5,-8.2,0.48,0.102,0.228,0.046,0.164,16.900000000000006,-0.23432804726031362,-0.9299888670099269,1.292115493404501,-0.05280240785215131
2198,Kwame Brown,DET,2009-10,Rebounder,Average,48,659.6266666666667,157,177,22,15,12,43,0.5,0.0,0.337,0.47,0.5,0.148,0.047,97.2,105.2,-8.0,0.51,0.083,0.209,0.056,0.144,20.200000000000003,-1.032513077454925,-0.9106092468841372,0.5039933119941742,-0.4407293060039545
200746,LaMarcus Aldridge,POR,2009-10,Rebounder,Very Good,78,2921.6383333333333,1393,627,160,67,48,104,0.495,0.313,0.757,0.535,0.497,0.228,0.126,109.9,104.9,4.9,1.54,0.072,0.164,0.099,0.118,20.5,0.81610542044803,-0.16125275100001546,1.3667826627218613,0.4799166734137275
1885,Lamar Odom,LAL,2009-10,Rebounder,Elite,82,2584.5816666666665,882,802,267,75,59,150,0.463,0.319,0.693,0.533,0.502,0.166,0.131,106.0,100.3,5.7,1.78,0.071,0.232,0.159,0.152,25.10000000000001,-0.017706644047835944,0.569533420585213,2.264272161222415,0.9443711861817331
200796,Leon Powe,CLE,2009-10,Rebounder,Average,20,235.70333333333332,79,61,0,6,2,11,0.429,0.0,0.587,0.515,0.429,0.17,0.053,100.2,102.0,-1.7,0.0,0.083,0.172,0.0,0.129,23.400000000000006,-0.6704229595966922,-1.306151042730944,0.0051065817187977425,-0.44714125232107876
200811,Lou Amundson,PHX,2009-10,Rebounder,Very Good,79,1168.0916666666667,371,346,31,24,73,57,0.551,0.0,0.545,0.562,0.551,0.142,0.086,107.7,104.5,3.2,0.54,0.113,0.186,0.04,0.15,20.900000000000006,-0.3960967678190339,-0.9673744783417685,1.028852218461688,0.31081653716292884
201601,Luc Mbah a Moute,MIL,2009-10,Rebounder,Very Good,73,1866.3283333333331,453,400,81,60,39,70,0.48,0.353,0.699,0.53,0.488,0.12,0.076,102.2,100.2,2.0,1.16,0.086,0.134,0.067,0.108,25.200000000000003,-0.6809743193169747,-0.63171327218209,0.6370691811830405,0.5924769295505535
2449,Luis Scola,HOU,2009-10,Rebounder,Elite,82,2671.293333333333,1329,705,169,63,26,163,0.514,0.2,0.779,0.55,0.514,0.227,0.128,105.8,106.7,-0.9,1.04,0.065,0.21,0.11,0.135,18.700000000000003,0.8483944497931284,-0.06634134241488154,1.7903203154273182,0.11012859850377987
2736,Luol Deng,CHI,2009-10,Rebounder,Very Good,70,2650.6866666666665,1230,512,143,66,61,134,0.466,0.386,0.764,0.531,0.482,0.215,0.116,103.5,102.6,0.9,1.07,0.049,0.139,0.088,0.095,22.80000000000001,0.5805217329332646,-0.28560169016385556,0.7686320765927077,0.7362180951292151
2124,Malik Allen,DEN,2009-10,Rebounder,Average,51,456.43,105,82,16,11,5,22,0.397,0.167,0.923,0.431,0.401,0.14,0.025,98.3,111.4,-13.1,0.73,0.081,0.107,0.055,0.094,14.0,-1.3515605903187449,-0.9383050481530841,-0.38506036868804183,-0.9172759910856261
201612,Malik Hairston,SAS,2009-10,Rebounder,Average,47,317.13,99,49,16,4,9,11,0.526,0.182,0.567,0.555,0.539,0.135,0.068,106.6,107.9,-1.3,1.45,0.046,0.108,0.075,0.079,17.5,-0.6835154051114395,-0.8259519814547396,-0.6637166765192004,-0.7436943129682604
201188,Marc Gasol,MEM,2009-10,Rebounder,Elite,69,2468.92,1008,640,165,69,109,135,0.581,0.0,0.67,0.617,0.581,0.17,0.122,109.4,107.1,2.3,1.22,0.088,0.188,0.1,0.137,18.30000000000001,0.5827130906207204,-0.13723664105340688,1.6433300160984357,0.9885444183688704
101162,Marcin Gortat,ORL,2009-10,Rebounder,Very Good,81,1087.95,293,341,17,17,70,46,0.533,0.0,0.68,0.563,0.533,0.125,0.094,104.8,102.2,2.6,0.37,0.096,0.209,0.024,0.154,23.200000000000003,-0.5710770433832763,-1.10877261021318,1.0665439427620826,0.34307035719938345
948,Marcus Camby,POR,2009-10,Rebounder,Elite,74,2314.293333333333,556,871,186,95,146,91,0.475,0.286,0.639,0.501,0.477,0.126,0.138,107.0,104.2,2.8,2.04,0.111,0.278,0.119,0.194,21.200000000000003,-0.7285816368398917,0.04677229007912405,2.9824207642918914,1.802674580522221
201578,Marreese Speights,PHI,2009-10,Rebounder,Very Good,62,1015.8416666666668,532,252,36,29,34,51,0.477,0.0,0.745,0.524,0.477,0.249,0.097,103.6,112.4,-8.8,0.71,0.087,0.182,0.062,0.133,13.0,0.2860334153720036,-0.825387648361898,0.5628605084175868,-0.49611967715641053
2440,Matt Barnes,ORL,2009-10,Rebounder,Very Good,81,2097.273333333333,716,445,134,59,30,112,0.487,0.319,0.74,0.576,0.546,0.16,0.098,112.4,101.2,11.2,1.2,0.055,0.162,0.097,0.111,24.200000000000003,0.0645137976136488,-0.26816003205064487,0.7946901803620188,0.43230371553508634
2588,Matt Bonner,SAS,2009-10,Rebounder,Average,65,1160.8116666666667,457,214,68,30,24,39,0.446,0.39,0.729,0.581,0.567,0.165,0.099,111.3,103.0,8.3,1.74,0.047,0.14,0.09,0.095,22.400000000000006,-0.05707368436362514,-0.5503432326693911,-0.02207474133954493,-0.03463900878349938
2246,Mehmet Okur,UTA,2009-10,Rebounder,Very Good,73,2148.925,988,515,119,38,81,127,0.458,0.385,0.82,0.561,0.511,0.209,0.106,108.6,104.2,4.4,0.94,0.066,0.186,0.085,0.127,21.200000000000003,0.5336068851516305,-0.3907672419047256,1.184261150093473,0.5544417328387268
201563,Michael Beasley,MIA,2009-10,Rebounder,Very Good,78,2328.13,1156,498,100,80,49,131,0.45,0.275,0.8,0.505,0.463,0.253,0.109,104.9,104.9,0.0,0.76,0.056,0.17,0.076,0.113,20.5,0.6566790891649489,-0.5112402570434078,0.9607985539056392,0.6247318556148552
2050,Morris Peterson,NOH,2009-10,Rebounder,Average,46,972.5533333333332,327,126,41,25,5,27,0.385,0.363,0.611,0.503,0.488,0.162,0.052,104.9,111.1,-6.1,1.52,0.018,0.126,0.059,0.07,14.300000000000011,-0.61875231547922,-0.8238421517549586,-0.5740634143190966,-0.7545905074344074
201605,Nathan Jawai,MIN,2009-10,Rebounder,Average,39,411.97,124,104,24,10,9,27,0.441,0.0,0.684,0.485,0.441,0.151,0.06,95.2,104.0,-8.9,0.89,0.107,0.133,0.09,0.119,21.400000000000006,-0.9485865029695888,-0.7122496508522749,-0.008194682230398431,-0.4523829026453285
1737,Nazr Mohammed,CHA,2009-10,Rebounder,Very Good,58,984.21,459,304,28,15,43,53,0.553,0.0,0.648,0.578,0.553,0.208,0.125,103.4,102.8,0.6,0.53,0.123,0.214,0.049,0.167,22.60000000000001,0.24199673365861515,-0.9278546722945282,1.1339844411273114,0.013923298210100224
2420,Nenad Krstic,OKC,2009-10,Rebounder,Very Good,76,1740.5283333333334,639,383,52,32,45,58,0.502,0.2,0.717,0.527,0.503,0.169,0.081,107.4,104.4,3.0,0.9,0.081,0.143,0.046,0.113,21.0,-0.2052896054748108,-0.8563950405631615,0.6556600167841322,0.11629391608834355
2403,Nene,DEN,2009-10,Rebounder,Very Good,82,2754.5866666666666,1135,627,203,115,82,125,0.587,0.0,0.704,0.631,0.587,0.165,0.125,112.1,106.1,5.9,1.62,0.063,0.173,0.114,0.118,19.30000000000001,0.7177421014617251,0.08123877588428849,1.3667826627218613,1.250750260497764
2555,Nick Collison,OKC,2009-10,Rebounder,Very Good,75,1557.1516666666666,439,384,38,37,48,63,0.589,0.25,0.692,0.616,0.591,0.12,0.084,107.1,97.6,9.5,0.6,0.104,0.15,0.038,0.127,27.80000000000001,-0.1993622909394547,-0.952851945755235,0.8366685556333217,0.5979849131257389
200762,Oleksiy Pecherov,MIN,2009-10,Rebounder,Average,44,447.2133333333333,197,124,11,9,14,32,0.41,0.269,0.906,0.487,0.447,0.219,0.086,98.7,101.3,-2.6,0.34,0.069,0.203,0.04,0.135,24.10000000000001,-0.38671477817489386,-1.0409683047885339,0.24870735831779206,-0.25351932293462076
201956,Omri Casspi,SAC,2009-10,Rebounder,Average,77,1931.0933333333328,792,349,95,54,17,98,0.446,0.369,0.672,0.529,0.502,0.188,0.094,102.9,106.2,-3.2,0.97,0.038,0.142,0.076,0.089,19.200000000000003,0.05557041270377677,-0.5296387136550991,0.25969344162718566,-0.04480350644392897
2200,Pau Gasol,LAL,2009-10,Rebounder,Elite,65,2403.313333333333,1190,734,218,37,113,143,0.536,0.0,0.79,0.593,0.536,0.21,0.16,109.4,103.3,6.0,1.52,0.103,0.203,0.147,0.153,22.10000000000001,0.8695606099029508,0.32181670577163096,2.0965820718378563,0.9207184255432882
200794,Paul Millsap,UTA,2009-10,Rebounder,Very Good,82,2276.965,954,559,131,64,99,116,0.538,0.111,0.693,0.573,0.538,0.184,0.111,109.5,101.8,7.7,1.13,0.089,0.167,0.09,0.129,23.60000000000001,0.39468620429606105,-0.3185226793620803,1.326489116384106,1.146962741408949
200822,Pops Mensah-Bonsu,TOR,2009-10,Rebounder,Average,20,119.68,39,35,3,4,9,10,0.394,0.0,0.542,0.448,0.394,0.192,0.045,91.2,105.2,-14.0,0.3,0.126,0.158,0.041,0.142,20.200000000000003,-0.9212932370219734,-1.0647881820323226,0.1017342445043441,-0.5850566903346034
2047,Quentin Richardson,MIA,2009-10,Rebounder,Average,76,2081.728333333333,678,374,93,70,18,62,0.431,0.397,0.732,0.572,0.558,0.145,0.09,108.0,102.9,5.1,1.5,0.033,0.154,0.067,0.094,22.5,-0.0955672375665511,-0.5875569763140307,0.3897261777422191,0.3249861922354928
201043,Randolph Morris,ATL,2009-10,Rebounder,Average,28,124.415,62,38,2,5,3,12,0.561,0.0,0.593,0.586,0.561,0.209,0.083,93.3,100.0,-6.7,0.17,0.079,0.226,0.027,0.151,25.400000000000006,0.00876137945629126,-1.1471150200435023,0.22435126899746272,-0.3298758011573131
1725,Rasho Nesterovic,TOR,2009-10,Rebounder,Average,42,413.3716666666666,163,89,25,10,17,16,0.544,0.0,0.2,0.539,0.544,0.178,0.081,106.8,118.8,-12.0,1.56,0.103,0.147,0.091,0.125,6.6000000000000085,-0.4140617239568989,-0.7029523061950194,0.028442564842704243,-1.241012381353386
2501,Reggie Evans,TOR,2009-10,Rebounder,Very Good,28,310.68,95,105,8,14,4,22,0.493,0.0,0.45,0.498,0.493,0.167,0.08,100.0,100.2,-0.2,0.36,0.105,0.25,0.038,0.179,25.200000000000003,-0.7780441383261784,-1.063242685425383,0.7588379546340845,-0.23825700571933384
201577,Robin Lopez,PHX,2009-10,Rebounder,Average,51,986.0416666666666,430,248,7,10,53,41,0.588,0.0,0.704,0.621,0.588,0.166,0.097,113.2,108.0,5.2,0.17,0.113,0.135,0.01,0.125,17.400000000000006,0.1594772246476314,-1.2242166701254038,0.45032975964548333,-0.24223318670814778
101155,Ryan Gomes,MIN,2009-10,Rebounder,Average,76,2210.088333333333,832,348,124,62,16,95,0.447,0.372,0.825,0.528,0.497,0.172,0.081,99.8,109.0,-9.2,1.31,0.034,0.131,0.087,0.081,16.400000000000006,-0.03842887925997488,-0.3611334786231999,0.15512282860607812,-0.13654315707911305
2223,Samuel Dalembert,PHI,2009-10,Rebounder,Elite,82,2123.708333333333,667,784,64,42,151,123,0.545,0.0,0.729,0.573,0.545,0.151,0.117,102.6,106.9,-4.3,0.52,0.119,0.275,0.047,0.196,18.5,-0.05385944722671143,-0.806621091360185,2.777056136122373,1.1454720421733942
101118,Sean May,SAC,2009-10,Rebounder,Average,37,331.18666666666667,123,70,17,12,7,19,0.459,0.0,0.656,0.492,0.459,0.194,0.074,105.7,104.5,1.2,0.89,0.061,0.154,0.083,0.107,20.900000000000006,-0.5945041697167215,-0.7773310634530635,-0.2512854057311814,-0.4812724422996009
201586,Serge Ibaka,OKC,2009-10,Rebounder,Very Good,73,1323.3933333333334,461,397,10,25,97,68,0.543,0.5,0.63,0.562,0.545,0.158,0.105,100.8,100.4,0.4,0.15,0.107,0.189,0.013,0.15,25.0,-0.21406565093608454,-1.1963246361536373,1.164174526228617,0.8048912038779416
406,Shaquille O'Neal,CLE,2009-10,Rebounder,Very Good,53,1240.3866666666668,636,355,80,15,62,105,0.566,0.0,0.496,0.565,0.566,0.251,0.114,106.8,102.6,4.3,0.76,0.086,0.214,0.11,0.154,22.80000000000001,0.6100928527036505,-0.3938338701029873,1.1036912429333965,0.21790604927837887
1890,Shawn Marion,DAL,2009-10,Rebounder,Very Good,75,2385.0116666666668,898,477,107,69,61,99,0.508,0.158,0.755,0.535,0.51,0.178,0.096,108.1,103.1,5.0,1.08,0.071,0.136,0.069,0.104,22.30000000000001,0.09311259603666894,-0.5248059911314604,0.7904207149065455,0.7379248464193996
200749,Shelden Williams,BOS,2009-10,Rebounder,Average,54,597.305,201,146,21,13,21,30,0.521,0.0,0.765,0.612,0.521,0.149,0.097,101.4,99.6,1.8,0.7,0.082,0.168,0.058,0.125,25.80000000000001,-0.18157190162995218,-0.9030536315366411,0.17968514411162506,-0.041368675575710855
201150,Spencer Hawes,SAC,2009-10,Rebounder,Very Good,72,1904.0816666666667,723,436,158,32,83,131,0.468,0.299,0.689,0.507,0.488,0.195,0.09,102.7,108.6,-5.9,1.21,0.076,0.155,0.132,0.115,16.80000000000001,-0.06873128559020229,0.01677042640757658,0.8217683903277526,0.25398791299718937
2212,Steven Hunter,MEM,2009-10,Rebounder,Average,21,157.975,53,42,0,1,10,9,0.395,0.0,0.528,0.45,0.395,0.178,0.069,91.2,100.6,-9.4,0.0,0.108,0.142,0.0,0.125,24.80000000000001,-1.002248828473679,-1.306151042730944,-0.09626622858956374,-0.33575180991875436
201959,Taj Gibson,CHI,2009-10,Rebounder,Very Good,82,2203.5816666666665,735,611,70,50,104,114,0.494,0.0,0.646,0.521,0.494,0.165,0.086,102.4,103.2,-0.8,0.61,0.101,0.168,0.049,0.135,22.200000000000003,-0.19964645350384103,-0.773307636756321,1.540902728562782,0.9702344352186406
1495,Tim Duncan,SAS,2009-10,Rebounder,Elite,78,2438.1866666666665,1395,788,246,45,117,140,0.518,0.182,0.725,0.56,0.519,0.263,0.18,109.3,101.1,8.2,1.76,0.097,0.237,0.175,0.169,24.30000000000001,1.2167029956276483,0.5821423561747849,2.4436989842306662,1.1733394701709796
2239,Trenton Hassell,NJN,2009-10,Rebounder,Average,52,1106.2616666666668,232,152,50,17,9,47,0.411,0.0,0.754,0.465,0.411,0.121,0.041,91.9,108.0,-16.1,1.06,0.049,0.096,0.077,0.071,17.400000000000006,-1.2046676043269888,-0.689607169825404,-0.49233591683911926,-0.6148720622751552
2211,Troy Murphy,IND,2009-10,Rebounder,Elite,72,2344.2883333333334,1050,737,150,72,34,100,0.472,0.384,0.798,0.585,0.551,0.185,0.147,101.3,106.7,-5.4,1.5,0.054,0.257,0.108,0.154,18.700000000000003,0.5398474182350632,-0.14749078420914308,2.1172818618935323,0.2843205769731674
201946,Tyler Hansbrough,IND,2009-10,Rebounder,Average,29,510.79833333333335,246,138,28,17,8,21,0.36,0.0,0.743,0.448,0.36,0.245,0.086,97.9,102.3,-4.4,1.33,0.106,0.15,0.097,0.127,23.10000000000001,-0.38402985874890777,-0.6582073122185013,0.1839374240516634,-0.29008787849606305
2199,Tyson Chandler,CHA,2009-10,Rebounder,Very Good,51,1163.07,333,320,16,17,55,91,0.574,0.0,0.732,0.643,0.574,0.138,0.09,99.1,99.5,-0.3,0.18,0.105,0.188,0.023,0.147,25.900000000000006,0.010338076927317882,-1.1180699548704354,0.9216454123723498,0.3499460197869526
2617,Udonis Haslem,MIA,2009-10,Rebounder,Elite,78,2176.643333333333,771,629,52,30,23,75,0.494,0.0,0.762,0.538,0.494,0.168,0.123,103.4,102.0,1.4,0.69,0.081,0.22,0.042,0.151,23.400000000000006,-0.05452553032564606,-0.8788656539028303,1.7924980119436416,0.013998202262930656
2209,Vladimir Radmanovic,GSW,2009-10,Rebounder,Average,41,891.085,256,178,45,29,7,44,0.377,0.278,0.741,0.449,0.432,0.156,0.053,99.9,106.5,-6.6,1.02,0.055,0.15,0.073,0.1,18.900000000000006,-1.022623736955393,-0.7304762397767642,-0.053898098828093405,-0.42263862244730327
201146,Yi Jianlian,NJN,2009-10,Rebounder,Very Good,52,1654.5616666666667,623,372,47,37,52,77,0.403,0.366,0.798,0.481,0.417,0.2,0.073,101.2,108.1,-6.9,0.61,0.071,0.168,0.048,0.118,17.30000000000001,-0.25289970970604014,-0.8635581905050183,0.6901711238872156,0.021530681118252088
2216,Zach Randolph,MEM,2009-10,Rebounder,Elite,81,3050.893333333333,1681,950,149,80,34,174,0.488,0.288,0.778,0.546,0.494,0.243,0.141,108.9,109.2,-0.2,0.86,0.111,0.22,0.08,0.164,16.200000000000003,1.196496441972736,-0.30846476890916374,2.8098480432610398,0.22032479285590656
2585,Zaza Pachulia,ATL,2009-10,Rebounder,Very Good,78,1088.8166666666666,333,293,42,37,31,58,0.488,0.0,0.65,0.539,0.488,0.15,0.07,104.9,104.5,0.4,0.72,0.106,0.172,0.058,0.138,20.900000000000006,-0.4964399033683648,-0.8257801137675375,0.7353473018712648,0.02058076723193798
980,Zydrunas Ilgauskas,CLE,2009-10,Rebounder,Very Good,64,1338.5166666666669,474,345,48,14,50,63,0.443,0.478,0.743,0.491,0.455,0.187,0.077,109.1,100.8,8.3,0.76,0.092,0.173,0.058,0.134,24.60000000000001,-0.39834180534088004,-0.8037019658335078,0.8223643710031381,0.19189353339230106
201189,Aaron Gray,NOH,2010-11,Rebounder,Very Good,41,530.825,129,171,16,11,12,32,0.566,0.0,0.5,0.566,0.566,0.13,0.065,107.4,103.5,3.9,0.5,0.121,0.236,0.044,0.178,21.900000000000006,-0.635590449253635,-1.0000992348371736,0.9212212868513125,-0.3822918101730477
1733,Al Harrington,DEN,2010-11,Rebounder,Average,73,1664.5483333333334,765,332,101,39,10,106,0.416,0.357,0.735,0.527,0.503,0.219,0.078,111.6,106.9,4.8,0.95,0.047,0.157,0.096,0.102,18.5,0.2515992631370584,-0.3952074990227249,0.3802015116657198,-0.31217447107476765
201143,Al Horford,ATL,2010-11,Rebounder,Elite,77,2703.7066666666665,1178,718,266,59,80,119,0.557,0.5,0.798,0.587,0.558,0.197,0.15,105.9,105.2,0.7,2.24,0.073,0.21,0.169,0.142,20.200000000000003,0.7314353386706336,0.622030262612047,1.9139918171477284,0.7031582154907022
2744,Al Jefferson,UTA,2010-11,Rebounder,Elite,82,2940.4133333333334,1528,794,149,46,153,105,0.496,0.0,0.761,0.528,0.496,0.239,0.134,107.7,110.8,-3.1,1.42,0.085,0.202,0.09,0.143,14.600000000000009,0.9539630755180332,-0.25228823555999147,2.12838824381097,0.9780091892397272
201154,Al Thornton,GSW,2010-11,Rebounder,Average,71,1383.5916666666667,524,213,62,35,12,64,0.476,0.154,0.775,0.531,0.48,0.179,0.077,101.5,106.4,-5.0,0.97,0.042,0.122,0.072,0.082,19.0,-0.19214676716731197,-0.6735391406319309,-0.190343625884054,-0.30400765729711904
201582,Alexis Ajinca,TOR,2010-11,Rebounder,Average,34,339.84,143,78,10,11,19,18,0.444,0.353,0.722,0.507,0.489,0.207,0.068,101.3,100.6,0.7,0.56,0.052,0.179,0.049,0.117,24.80000000000001,-0.3991518812075865,-0.9940891160966171,-0.10266183401505607,-0.1410810045079823
202087,Alonzo Gee,CLE,2010-11,Rebounder,Average,56,1117.388333333333,331,182,38,40,18,55,0.458,0.333,0.783,0.544,0.491,0.142,0.069,98.9,109.9,-11.0,0.69,0.054,0.111,0.056,0.082,15.5,-0.5278583767336118,-0.851734185726725,-0.2725983619776776,-0.39713742126038315
101161,Amir Johnson,TOR,2010-11,Rebounder,Very Good,72,1852.6516666666664,688,461,81,53,88,69,0.568,0.0,0.788,0.608,0.568,0.152,0.097,106.6,109.1,-2.4,1.17,0.104,0.158,0.064,0.131,16.30000000000001,0.16871892949355793,-0.6485662321868416,1.0919373237942693,0.49278651719235134
2760,Anderson Varejao,CLE,2010-11,Rebounder,Very Good,31,993.895,282,301,45,27,38,40,0.528,0.0,0.667,0.56,0.528,0.133,0.107,99.0,108.0,-9.0,1.13,0.097,0.215,0.074,0.154,17.400000000000006,-0.537598433725057,-0.724858586441847,0.9604087994154715,-0.2178519768029327
101154,Andray Blatche,WAS,2010-11,Rebounder,Very Good,64,2171.931666666667,1076,526,144,98,51,172,0.445,0.222,0.777,0.497,0.447,0.254,0.112,101.8,107.9,-6.1,0.84,0.084,0.169,0.115,0.125,17.5,0.5605673670722163,-0.13024535879875207,1.1879690059044303,0.6552072913621074
2804,Andres Nocioni,PHI,2010-11,Rebounder,Average,54,930.8183333333334,327,169,45,14,15,47,0.426,0.356,0.803,0.538,0.502,0.169,0.073,98.7,106.5,-7.8,0.96,0.021,0.169,0.076,0.095,18.900000000000006,-0.3673951739387448,-0.7136232797720126,-0.1414767776044824,-0.497119354497402
101106,Andrew Bogut,MIL,2010-11,Rebounder,Elite,65,2297.373333333333,830,720,131,47,168,125,0.495,0.0,0.442,0.496,0.495,0.197,0.126,100.4,99.5,0.8,1.05,0.089,0.237,0.103,0.163,25.900000000000006,-0.03982028399730897,-0.24549318600815634,2.186831314713346,1.804060340283506
101115,Andrew Bynum,LAL,2010-11,Rebounder,Elite,54,1500.005,612,508,73,19,106,74,0.574,0.0,0.66,0.606,0.574,0.178,0.143,107.0,99.6,7.4,0.99,0.119,0.225,0.079,0.173,25.80000000000001,0.29280907195155637,-0.5937389627417893,1.7517115980231095,0.8807839423153254
201576,Anthony Randolph,MIN,2010-11,Rebounder,Average,40,589.6416666666667,305,160,33,22,24,53,0.466,0.25,0.674,0.505,0.468,0.256,0.11,96.3,107.0,-10.7,0.62,0.069,0.198,0.103,0.132,18.400000000000006,0.06494279447620939,-0.6061029355973065,0.30601002441570113,-0.3525486124880051
201229,Anthony Tolliver,MIN,2010-11,Rebounder,Average,65,1362.415,434,295,82,28,28,49,0.45,0.409,0.802,0.585,0.526,0.13,0.091,102.3,104.8,-2.5,1.67,0.064,0.153,0.09,0.107,20.60000000000001,-0.3070068372344085,-0.49882755415665536,0.345724775593506,-0.1206502937369376
686,Antonio McDyess,SAS,2010-11,Rebounder,Very Good,73,1386.4616666666666,390,395,84,36,39,72,0.491,0.0,0.675,0.516,0.491,0.147,0.092,107.8,102.0,5.7,1.17,0.095,0.2,0.093,0.15,23.400000000000006,-0.6087991931133542,-0.4746152115072272,1.1588677690612865,0.23804580394196265
201948,Austin Daye,DET,2010-11,Rebounder,Average,72,1446.115,537,274,78,39,39,59,0.41,0.401,0.759,0.518,0.483,0.181,0.078,105.0,109.5,-4.6,1.32,0.045,0.16,0.085,0.1,15.900000000000006,-0.24245883755992592,-0.5416345861205946,0.20082624520377323,-0.17153017011437077
201933,Blake Griffin,LAC,2010-11,Rebounder,Elite,82,3111.4733333333334,1845,989,312,63,45,223,0.506,0.292,0.642,0.549,0.508,0.27,0.16,105.9,108.0,-2.2,1.4,0.09,0.238,0.184,0.164,17.400000000000006,1.529570491117371,0.8755608634633656,2.9133298080239856,0.22597933699780468
201148,Brandan Wright,NJN,2010-11,Rebounder,Average,37,378.67333333333335,141,89,12,11,17,14,0.513,0.0,0.677,0.54,0.513,0.165,0.108,95.5,103.0,-7.5,0.86,0.078,0.156,0.053,0.116,22.400000000000006,-0.5193757310882544,-0.9642591201122717,-0.08621432389941835,-0.3023271526329338
101138,Brandon Bass,ORL,2010-11,Rebounder,Very Good,76,1980.195,854,424,57,27,52,97,0.515,0.0,0.815,0.571,0.515,0.198,0.115,103.9,98.9,5.0,0.59,0.073,0.149,0.051,0.112,26.5,0.41362298762105604,-0.8099083172768842,0.7517088844097284,0.45846006219055563
2217,Brendan Haywood,DAL,2010-11,Rebounder,Very Good,72,1331.365,320,376,19,16,74,51,0.574,0.0,0.362,0.532,0.574,0.12,0.066,103.6,104.0,-0.5,0.37,0.102,0.197,0.022,0.149,21.400000000000006,-0.7654520548287159,-1.1126485342383379,1.0957139216669658,0.2674204351842572
2567,Brian Cook,LAC,2010-11,Rebounder,Average,40,447.22833333333335,193,96,15,12,11,25,0.424,0.43,0.625,0.534,0.524,0.202,0.077,102.5,105.1,-2.6,0.6,0.041,0.186,0.057,0.109,20.30000000000001,-0.24532336747447092,-0.9307494328055879,-0.15681825394652354,-0.476055391317012
2430,Carlos Boozer,CHI,2010-11,Rebounder,Elite,59,1881.7616666666668,1033,565,145,45,18,149,0.51,0.0,0.701,0.542,0.51,0.267,0.142,109.3,102.4,6.9,0.97,0.075,0.242,0.137,0.161,23.0,0.8820133589611112,-0.0029772941082347286,1.750078325635867,0.0953294563024457
101112,Channing Frye,PHX,2010-11,Rebounder,Very Good,77,2541.1266666666666,976,513,96,46,79,73,0.432,0.39,0.832,0.557,0.535,0.167,0.085,109.8,107.7,2.1,1.32,0.027,0.177,0.056,0.104,17.700000000000003,0.19462270645864796,-0.6383120890311055,0.8859423439184955,0.4114563456658182
2365,Chris Andersen,DEN,2010-11,Rebounder,Very Good,45,732.32,250,219,20,23,58,25,0.599,0.0,0.637,0.636,0.599,0.129,0.123,106.4,100.2,6.2,0.8,0.102,0.192,0.043,0.148,25.200000000000003,-0.15542437640134232,-0.9909981228827378,0.666393829726837,0.4013383168913898
2547,Chris Bosh,MIA,2010-11,Rebounder,Very Good,77,2794.7633333333333,1438,641,144,59,49,138,0.496,0.24,0.815,0.569,0.499,0.232,0.139,111.7,100.5,11.2,1.04,0.057,0.178,0.086,0.122,24.900000000000006,1.0722352815196823,-0.2931573055113518,1.4548885801118965,0.6656638041281163
2549,Chris Kaman,LAC,2010-11,Rebounder,Average,32,837.54,397,225,46,16,48,58,0.471,0.0,0.754,0.495,0.471,0.242,0.121,99.0,102.6,-3.6,0.79,0.061,0.2,0.1,0.132,22.80000000000001,-0.028373614733326707,-0.5751199084116607,0.4784796323539441,0.08662291617367542
2404,Chris Wilcox,DET,2010-11,Rebounder,Very Good,57,994.6933333333334,424,271,43,29,17,43,0.581,0.0,0.562,0.587,0.581,0.183,0.1,110.8,110.8,0.0,1.0,0.101,0.209,0.068,0.152,14.600000000000009,0.08520229526361707,-0.7659238890960268,0.8553281332961526,-0.5741090851294389
101236,Chuck Hayes,HOU,2010-11,Rebounder,Elite,74,2079.16,582,599,202,79,49,86,0.527,0.0,0.662,0.554,0.527,0.13,0.106,112.0,105.8,6.1,2.35,0.108,0.186,0.14,0.147,19.60000000000001,-0.3775204176217371,0.2236180712697982,1.6619380372149621,0.5614912851319915
201591,DJ White,CHA,2010-11,Rebounder,Average,47,684.655,268,158,19,12,20,14,0.507,0.0,0.719,0.542,0.507,0.18,0.112,100.8,103.3,-2.5,1.36,0.068,0.173,0.051,0.122,22.10000000000001,-0.30654751339137504,-0.9497365875257382,0.17330672420156745,-0.2792398002002549
2429,Dan Gadzuric,NJN,2010-11,Rebounder,Average,42,462.695,118,135,14,13,29,29,0.419,0.0,0.37,0.419,0.419,0.156,0.031,98.6,105.6,-7.0,0.48,0.139,0.15,0.046,0.144,19.80000000000001,-1.2936683756080465,-0.9962233108120158,0.39255141148023254,-0.31295701384814606
2431,David Andersen,NOH,2010-11,Rebounder,Average,40,372.52166666666665,134,84,13,5,9,22,0.463,0.348,0.636,0.513,0.496,0.18,0.08,104.2,102.9,1.3,0.59,0.056,0.19,0.054,0.121,22.5,-0.5689900201146304,-0.9549617754550161,-0.03578294529434334,-0.43955957478243574
101135,David Lee,GSW,2010-11,Rebounder,Elite,73,2634.285,1203,714,233,74,31,170,0.507,0.333,0.787,0.549,0.508,0.209,0.119,108.1,110.1,-2.0,1.37,0.084,0.194,0.136,0.139,15.300000000000011,0.6200434710375139,0.31521788892261554,1.865159339899027,0.07492501567226557
2561,David West,NOH,2010-11,Rebounder,Very Good,70,2450.526666666666,1322,529,164,67,62,142,0.508,0.222,0.807,0.558,0.509,0.257,0.138,106.6,103.6,3.0,1.15,0.069,0.17,0.126,0.119,21.80000000000001,1.108701158821935,0.005142654332102786,1.1194912158273445,0.6979422470210971
201971,DeJuan Blair,SAS,2010-11,Rebounder,Elite,81,1733.5233333333333,674,565,77,95,42,113,0.501,0.0,0.657,0.524,0.501,0.193,0.104,108.6,104.6,3.9,0.68,0.129,0.208,0.067,0.168,20.80000000000001,-0.021510431928704304,-0.646432037471443,1.839255905768629,0.726956454182878
202326,DeMarcus Cousins,SAC,2010-11,Rebounder,Elite,81,2309.4266666666667,1143,699,204,85,68,268,0.43,0.167,0.687,0.484,0.432,0.27,0.099,101.3,107.5,-6.3,0.76,0.091,0.223,0.149,0.154,17.900000000000006,0.6516840878924611,0.28153633392872973,2.016453475714252,0.7160083312360866
202382,Derrick Caracter,LAL,2010-11,Rebounder,Average,41,215.00333333333333,81,43,7,4,10,19,0.485,0.0,0.739,0.532,0.485,0.186,0.034,98.2,110.0,-11.8,0.37,0.09,0.105,0.054,0.098,15.400000000000006,-0.45465483326009987,-0.9770399233890457,-0.43758351623226643,-0.856961666569143
202324,Derrick Favors,UTA,2010-11,Rebounder,Very Good,78,1535.7216666666666,533,412,39,29,68,77,0.517,0.0,0.595,0.542,0.517,0.168,0.079,98.0,104.7,-6.7,0.51,0.114,0.161,0.044,0.137,20.700000000000003,-0.20328883126136188,-0.9154663344233934,1.0383596990227526,0.3002850968292252
201187,Dominic McGuire,CHA,2010-11,Rebounder,Average,52,760.3883333333333,174,199,43,10,33,25,0.396,0.0,0.769,0.437,0.396,0.134,0.077,98.7,102.2,-3.6,1.72,0.086,0.183,0.092,0.135,23.200000000000003,-1.3114189892016188,-0.6311002090580133,0.44771075209268785,-0.10380535148248353
2400,Drew Gooden,MIL,2010-11,Rebounder,Very Good,35,859.8783333333333,396,238,47,21,18,46,0.431,0.15,0.794,0.487,0.435,0.245,0.116,99.9,102.1,-2.2,1.02,0.085,0.207,0.108,0.144,23.30000000000001,-0.052873607092613094,-0.5264989904099846,0.6658494055977561,-0.13571685170218936
2730,Dwight Howard,ORL,2010-11,Rebounder,Elite,78,2934.9166666666665,1784,1098,107,107,186,279,0.593,0.0,0.596,0.616,0.593,0.272,0.184,109.0,100.6,8.4,0.38,0.113,0.268,0.067,0.193,24.80000000000001,1.8832962959844737,-0.536041297801295,3.5719980484792293,2.5432263260830745
2853,Earl Barron,POR,2010-11,Rebounder,Average,21,305.5083333333333,79,76,11,8,6,16,0.323,0.0,0.625,0.361,0.323,0.184,0.022,104.4,109.2,-4.8,0.69,0.108,0.164,0.054,0.135,16.200000000000003,-1.4484367858924212,-0.9623211580996927,0.1213451863018587,-0.8089823307885835
201947,Earl Clark,ORL,2010-11,Rebounder,Average,42,463.79,163,101,9,8,18,28,0.43,0.0,0.574,0.456,0.43,0.194,0.063,96.7,102.8,-6.1,0.32,0.08,0.136,0.035,0.108,22.60000000000001,-0.7714895157411642,-1.0764159541077967,-0.15629101533287748,-0.3115428424348964
202334,Ed Davis,TOR,2010-11,Rebounder,Very Good,65,1601.753333333333,501,462,40,39,67,48,0.576,0.0,0.555,0.583,0.576,0.131,0.098,101.4,111.2,-9.8,0.83,0.107,0.19,0.039,0.148,14.200000000000003,-0.2628044491509211,-0.9398749097756414,1.3111648255574995,0.011875874387505333
1882,Elton Brand,PHI,2010-11,Rebounder,Very Good,81,2809.133333333333,1217,676,120,92,106,101,0.512,0.0,0.78,0.553,0.512,0.196,0.116,105.8,103.3,2.5,1.19,0.087,0.164,0.07,0.125,22.10000000000001,0.5578434340552957,-0.4713523506061458,1.585975793454222,1.419771139128937
2731,Emeka Okafor,NOH,2010-11,Rebounder,Elite,72,2286.7533333333336,745,684,42,40,127,119,0.573,0.0,0.562,0.584,0.573,0.157,0.102,106.4,102.5,3.8,0.35,0.11,0.22,0.029,0.164,22.900000000000006,0.10920596006070149,-0.988692060480137,2.1040493400060756,1.1404507504408412
101141,Ersan Ilyasova,MIL,2010-11,Rebounder,Very Good,60,1505.285,571,365,56,51,24,63,0.436,0.298,0.894,0.516,0.471,0.186,0.104,102.9,101.0,1.9,0.89,0.069,0.19,0.064,0.126,24.400000000000006,-0.19277243596538077,-0.7405585152452983,0.773514708239001,0.3004589630200564
202081,Garret Siler,PHX,2010-11,Rebounder,Average,21,101.29333333333334,45,28,3,1,4,10,0.548,0.0,0.5,0.553,0.548,0.196,0.044,104.6,110.4,-5.8,0.3,0.15,0.136,0.041,0.144,15.0,-0.2873431139040657,-1.0647881820323226,0.10863990302804782,-0.9722524094223153
2222,Gerald Wallace,POR,2010-11,Rebounder,Very Good,71,2693.0333333333333,1113,569,173,105,63,152,0.454,0.333,0.746,0.548,0.49,0.202,0.117,107.2,104.7,2.4,1.14,0.044,0.181,0.108,0.113,20.700000000000003,0.4981791565310362,-0.06285788379536293,1.149188433345874,1.0371613601255698
202328,Greg Monroe,DET,2010-11,Rebounder,Elite,80,2221.863333333333,751,601,105,93,45,81,0.551,0.0,0.622,0.575,0.551,0.153,0.108,107.0,109.5,-2.5,1.3,0.116,0.181,0.075,0.147,15.900000000000006,0.032793099570413285,-0.4984594537666337,1.6672447943822926,0.44868821257290886
201632,Hamed Haddadi,MEM,2010-11,Rebounder,Very Good,31,168.38666666666666,75,68,5,2,13,11,0.517,0.0,0.652,0.55,0.517,0.196,0.115,113.1,101.5,11.6,0.45,0.152,0.273,0.042,0.213,23.900000000000006,-0.2828612545606109,-1.0518111460527289,1.0938111933975994,-0.3479172625157774
101133,Ian Mahinmi,DAL,2010-11,Rebounder,Average,56,487.8783333333333,173,120,8,14,15,25,0.561,0.0,0.768,0.645,0.561,0.151,0.069,108.7,100.0,8.7,0.32,0.099,0.152,0.025,0.127,25.400000000000006,0.0015555870959157077,-1.136272178779307,0.13617660954568844,-0.1152139666756354
101113,Ike Diogu,LAC,2010-11,Rebounder,Average,36,469.615,207,115,2,3,3,22,0.561,0.0,0.661,0.59,0.561,0.179,0.091,99.5,105.3,-5.8,0.09,0.082,0.164,0.008,0.121,20.10000000000001,-0.08341634256620216,-1.2538504334069296,0.046471790799280266,-0.6619983047963004
201581,JJ Hickson,CLE,2010-11,Rebounder,Elite,80,2256.32,1105,695,91,48,54,173,0.458,0.0,0.673,0.503,0.458,0.249,0.106,99.1,111.1,-12.0,0.53,0.094,0.218,0.075,0.155,14.300000000000011,0.5791834929854434,-0.5499751322793694,2.018579615684271,-0.02052342370267927
201580,JaVale McGee,WAS,2010-11,Rebounder,Elite,79,2192.56,798,634,38,41,193,102,0.55,0.0,0.583,0.566,0.55,0.162,0.104,103.2,107.8,-4.5,0.37,0.103,0.189,0.027,0.146,17.60000000000001,0.08111361211646807,-1.0146461324393248,1.7420666333385664,1.5071649598195762
101131,Jason Maxiell,DET,2010-11,Rebounder,Average,57,930.1183333333332,237,173,17,24,21,44,0.492,0.0,0.515,0.51,0.492,0.14,0.047,104.4,111.3,-6.8,0.39,0.077,0.126,0.028,0.102,14.100000000000009,-0.8046835713301785,-1.086301996873511,-0.04168568313705931,-0.6148233813334597
201160,Jason Smith,NOH,2010-11,Rebounder,Average,77,1101.825,331,241,36,26,32,53,0.443,0.0,0.843,0.49,0.443,0.163,0.067,99.9,98.5,1.3,0.68,0.085,0.141,0.055,0.113,26.900000000000006,-0.6828752083215258,-0.8647112217063188,0.2788802579036629,0.2692512892105946
201574,Jason Thompson,SAC,2010-11,Rebounder,Very Good,75,1748.0666666666666,663,454,88,28,44,99,0.507,0.0,0.605,0.533,0.507,0.178,0.089,103.3,106.6,-3.3,0.89,0.082,0.183,0.078,0.131,18.80000000000001,-0.08779247531937584,-0.5441612462416325,1.0733636737086123,-0.06452928477688168
202399,Jeff Adrien,GSW,2010-11,Rebounder,Average,23,195.935,57,58,10,4,5,9,0.426,0.0,0.579,0.457,0.426,0.159,0.064,108.0,106.4,1.6,1.11,0.117,0.187,0.075,0.151,19.0,-1.0984306385512639,-0.8480301293887691,0.2774188406707683,-0.6960321564062967
201149,Joakim Noah,CHI,2010-11,Rebounder,Very Good,48,1575.5283333333334,561,498,107,48,72,90,0.525,0.0,0.739,0.579,0.525,0.163,0.128,106.9,101.1,5.7,1.19,0.12,0.2,0.105,0.161,24.30000000000001,-0.008150232000033175,-0.3225704710744403,1.5723019605302935,0.7491376788476519
201595,Joey Dorsey,TOR,2010-11,Rebounder,Very Good,43,521.98,135,190,27,24,17,39,0.525,0.0,0.477,0.529,0.525,0.141,0.091,100.5,101.2,-0.7,0.69,0.145,0.231,0.078,0.186,24.200000000000003,-0.7622870924509314,-0.7686224169042668,1.0735527143783952,-0.061871019345774214
101130,Johan Petro,NJN,2010-11,Rebounder,Average,77,893.4133333333333,273,212,44,34,34,46,0.445,0.0,0.536,0.452,0.445,0.18,0.058,94.5,101.4,-6.9,0.96,0.071,0.175,0.088,0.122,24.0,-0.8175200269645466,-0.649891131075344,0.3165891677194924,0.20198856307967736
201941,Jordan Hill,HOU,2010-11,Rebounder,Very Good,72,1124.496666666667,406,306,29,14,52,62,0.491,0.0,0.706,0.521,0.491,0.173,0.074,103.4,110.4,-7.1,0.47,0.111,0.163,0.043,0.136,15.0,-0.378340595520388,-0.9578809009816933,0.7443619148495528,-0.351916419076779
2735,Josh Childress,PHX,2010-11,Rebounder,Average,54,893.77,272,155,42,33,23,44,0.565,0.063,0.492,0.567,0.568,0.139,0.081,105.1,111.9,-6.8,0.95,0.08,0.102,0.072,0.091,13.5,-0.46086427723806517,-0.7471329670786963,-0.22958269499451756,-0.5365889919122093
201177,Josh McRoberts,IND,2010-11,Rebounder,Very Good,72,1596.9883333333332,533,382,150,47,57,93,0.547,0.383,0.739,0.608,0.576,0.144,0.111,104.7,102.8,1.8,1.61,0.072,0.16,0.143,0.119,22.60000000000001,-0.0016230114355701246,0.04912708251295986,0.7294445640285486,0.48713140827909746
2694,Josh Powell,ATL,2010-11,Rebounder,Average,54,653.145,224,135,22,5,5,53,0.452,0.0,0.8,0.492,0.452,0.195,0.053,97.0,105.3,-8.3,0.42,0.082,0.141,0.059,0.112,20.10000000000001,-0.5143476455500832,-0.8937562868793856,-0.015117526269536774,-0.6210406509135314
2746,Josh Smith,ATL,2010-11,Rebounder,Elite,77,2644.83,1274,657,255,99,120,197,0.477,0.331,0.725,0.54,0.502,0.245,0.135,105.3,103.4,1.9,1.29,0.055,0.208,0.168,0.133,22.0,0.8833245736816485,0.5759360047314088,1.6374788348020242,1.628069708235185
436,Juwan Howard,MIA,2010-11,Rebounder,Average,57,591.5133333333333,139,122,23,10,4,25,0.44,0.0,0.829,0.495,0.44,0.129,0.065,103.6,101.9,1.7,0.92,0.067,0.145,0.062,0.108,23.5,-1.0416445123837004,-0.8732236355522955,-0.10057006507590666,-0.37958540505673616
2570,Kendrick Perkins,OKC,2010-11,Rebounder,Very Good,29,742.0133333333333,174,232,26,9,26,56,0.515,0.0,0.556,0.538,0.515,0.133,0.074,105.7,98.6,7.1,0.46,0.09,0.227,0.052,0.161,26.80000000000001,-0.7412683148059368,-0.9183610949344532,0.8665032572753295,0.02652786773590658
2030,Kenyon Martin,DEN,2010-11,Rebounder,Very Good,48,1233.18,414,297,109,43,35,59,0.511,0.222,0.583,0.526,0.514,0.164,0.095,111.9,103.7,8.2,1.85,0.059,0.183,0.13,0.125,21.700000000000003,-0.4098680616329138,-0.174769755056833,0.580345310245082,0.17022254091370156
708,Kevin Garnett,BOS,2010-11,Rebounder,Elite,71,2219.7566666666667,1056,631,171,95,57,115,0.528,0.2,0.862,0.575,0.529,0.219,0.168,109.2,96.4,12.9,1.49,0.044,0.249,0.127,0.155,29.0,0.7358953399870605,0.03651814692338788,1.8487633863296935,1.3605067496348864
201567,Kevin Love,MIN,2010-11,Rebounder,Elite,73,2610.543333333333,1476,1112,184,45,28,155,0.47,0.417,0.85,0.593,0.513,0.224,0.184,104.2,109.5,-5.3,1.19,0.121,0.3,0.116,0.208,15.900000000000006,1.1782959532715875,0.02255994742969586,3.800240163220747,-0.22065409651829693
202338,Kevin Seraphin,WAS,2010-11,Rebounder,Average,58,634.6283333333333,154,152,10,17,28,42,0.449,0.0,0.71,0.479,0.449,0.132,0.024,94.3,109.2,-14.9,0.24,0.11,0.12,0.025,0.115,16.200000000000003,-1.100346411456287,-1.1289127961346306,0.06820887256681385,-0.4931458562761805
201585,Kosta Koufos,DEN,2010-11,Rebounder,Average,50,433.6,160,130,7,10,25,31,0.453,0.0,0.558,0.474,0.453,0.184,0.062,102.3,107.5,-5.3,0.23,0.119,0.165,0.025,0.141,17.900000000000006,-0.7439421315333262,-1.1399518701016453,0.3410655556478652,-0.49614484126942715
2743,Kris Humphries,NJN,2010-11,Rebounder,Elite,74,2060.7633333333333,741,771,84,33,80,103,0.527,0.0,0.665,0.555,0.527,0.17,0.138,101.7,107.8,-6.1,0.82,0.111,0.279,0.069,0.194,17.60000000000001,0.03567908129561847,-0.6094388915452407,2.7170829059253636,0.28100062396588554
2198,Kwame Brown,CHA,2010-11,Rebounder,Very Good,66,1714.165,524,450,43,26,39,69,0.517,0.0,0.589,0.55,0.517,0.15,0.083,100.7,107.7,-7.0,0.62,0.09,0.197,0.041,0.142,17.700000000000003,-0.29580755918421126,-0.917600529138792,1.2028863567254342,-0.2004694732233215
201178,Kyrylo Fesenko,UTA,2010-11,Rebounder,Average,53,455.94,106,108,18,4,16,25,0.44,0.0,0.391,0.441,0.44,0.142,0.024,100.0,95.4,4.6,0.72,0.077,0.173,0.063,0.125,30.0,-1.2790231152326175,-0.8860044388290698,0.07885675793234448,0.06156137317202933
200746,LaMarcus Aldridge,POR,2010-11,Rebounder,Elite,81,3211.4216666666666,1769,709,170,82,94,153,0.5,0.174,0.791,0.549,0.501,0.257,0.141,109.1,104.2,4.9,1.11,0.092,0.152,0.099,0.121,21.200000000000003,1.3795969054713197,-0.12445583777663279,1.622578669496455,1.1418687341643947
1885,Lamar Odom,LAL,2010-11,Rebounder,Elite,82,2638.715,1180,710,249,47,61,139,0.53,0.382,0.675,0.589,0.568,0.194,0.143,109.8,102.8,7.0,1.79,0.069,0.198,0.154,0.135,22.60000000000001,0.7223512627461792,0.47521071010853794,1.8035872083456446,0.5276012642913877
202361,Landry Fields,NYK,2010-11,Rebounder,Very Good,82,2541.3283333333334,797,521,155,80,17,107,0.497,0.393,0.769,0.598,0.568,0.134,0.098,110.4,108.7,1.6,1.45,0.043,0.165,0.087,0.105,16.700000000000003,0.0583801238656693,-0.2470630476307136,0.9199090268924981,0.07770524232842496
202351,Lazar Hayward,MIN,2010-11,Rebounder,Average,42,419.41833333333335,160,70,28,12,7,19,0.357,0.283,0.786,0.464,0.412,0.183,0.061,98.3,111.2,-12.9,1.47,0.048,0.118,0.107,0.08,14.200000000000003,-0.8084379756234089,-0.602030778869329,-0.5952560719575493,-0.8749287651312683
101132,Linas Kleiza,TOR,2010-11,Rebounder,Average,39,1031.9616666666666,436,177,40,19,7,65,0.438,0.298,0.631,0.502,0.486,0.212,0.066,105.3,108.5,-3.3,0.62,0.037,0.147,0.06,0.091,16.900000000000006,-0.1798405149089263,-0.8219041897423796,-0.1712083661538814,-0.6437616019294277
200811,Lou Amundson,GSW,2010-11,Rebounder,Average,46,691.1066666666667,200,185,17,14,33,24,0.454,0.0,0.391,0.452,0.454,0.152,0.056,101.2,107.3,-6.1,0.71,0.109,0.145,0.039,0.127,18.10000000000001,-1.075137396780556,-1.0245078101894216,0.30864621748393145,-0.3620087424816985
2449,Luis Scola,HOU,2010-11,Rebounder,Very Good,74,2411.838333333333,1352,606,185,48,44,147,0.504,0.0,0.738,0.538,0.504,0.255,0.125,111.6,107.3,4.3,1.26,0.061,0.194,0.131,0.127,18.10000000000001,1.001343938592947,0.11050443877579258,1.4257186012070133,0.10156970145470508
202376,Luke Harangody,CLE,2010-11,Rebounder,Average,49,640.6383333333333,193,143,30,15,17,16,0.383,0.242,0.731,0.444,0.422,0.165,0.069,98.6,104.2,-5.6,1.88,0.063,0.159,0.078,0.111,21.200000000000003,-1.0307594620866938,-0.757583342937252,-0.00663015190489491,-0.33138731093908935
101162,Marcin Gortat,PHX,2010-11,Rebounder,Elite,80,2032.8916666666669,817,631,70,36,91,81,0.561,0.25,0.725,0.594,0.561,0.173,0.132,105.7,105.2,0.5,0.86,0.076,0.239,0.057,0.158,20.200000000000003,0.33543175819868837,-0.7283664100769832,1.8869823492437343,0.5761389719433255
201578,Marreese Speights,PHI,2010-11,Rebounder,Very Good,64,733.5483333333333,344,210,30,8,19,40,0.495,0.25,0.753,0.532,0.497,0.222,0.101,101.4,97.2,4.2,0.75,0.094,0.197,0.069,0.148,28.200000000000003,-0.0014553099052546231,-0.8081422229515071,0.6425134224738495,0.027600801845390082
101107,Marvin Williams,ATL,2010-11,Rebounder,Average,65,1864.55,676,313,88,34,23,62,0.458,0.336,0.845,0.551,0.493,0.17,0.095,104.0,104.7,-0.7,1.42,0.04,0.14,0.076,0.091,20.700000000000003,-0.03406574407556548,-0.5553965529114671,0.18965112122459626,-0.10319396861747869
2440,Matt Barnes,LAL,2010-11,Rebounder,Average,53,1019.8583333333332,356,228,71,39,22,58,0.47,0.318,0.779,0.569,0.53,0.162,0.097,103.9,102.4,1.5,1.22,0.072,0.144,0.112,0.109,23.0,-0.22048160708983391,-0.4157157853341973,0.19342771909729306,0.07363113468486417
2588,Matt Bonner,SAS,2010-11,Rebounder,Average,66,1431.7116666666666,481,239,60,26,21,27,0.464,0.457,0.744,0.617,0.605,0.134,0.086,111.2,102.4,8.8,2.22,0.046,0.127,0.063,0.088,23.0,-0.06086975070449285,-0.7314574032908625,-0.04491785688067515,-0.07118404751626355
2034,Mike Miller,MIA,2010-11,Rebounder,Average,41,837.645,228,184,51,20,2,41,0.401,0.364,0.676,0.525,0.507,0.138,0.075,104.5,107.1,-2.5,1.24,0.048,0.174,0.096,0.112,18.30000000000001,-0.7400518328055918,-0.5791920651396383,0.1148980243300618,-0.6017310139371744
1737,Nazr Mohammed,OKC,2010-11,Rebounder,Very Good,75,1279.6,535,368,23,30,56,70,0.522,0.0,0.598,0.538,0.522,0.202,0.091,105.8,105.0,0.8,0.33,0.119,0.187,0.031,0.153,20.400000000000006,0.02417971197925836,-1.0473708889347297,1.125445510216365,0.17161048921581623
2420,Nenad Krstic,BOS,2010-11,Rebounder,Very Good,71,1571.0666666666666,575,335,27,26,25,56,0.511,0.0,0.774,0.557,0.511,0.168,0.074,106.2,104.4,1.8,0.48,0.087,0.143,0.027,0.115,21.0,-0.08723753309109546,-1.0551227369850456,0.5537771533775596,-0.14822354160297854
2403,Nene,DEN,2010-11,Rebounder,Very Good,75,2290.7966666666666,1091,571,149,84,73,134,0.615,0.2,0.711,0.657,0.615,0.189,0.132,112.0,104.5,7.4,1.11,0.07,0.183,0.104,0.13,20.900000000000006,1.0103590592777216,-0.1736410888711503,1.3710693136927694,0.932498313461645
201593,Nikola Pekovic,MIN,2010-11,Rebounder,Average,65,887.4083333333333,359,193,27,18,35,91,0.517,0.0,0.763,0.573,0.517,0.193,0.049,97.0,107.8,-10.8,0.3,0.095,0.121,0.052,0.108,17.60000000000001,0.03148692851007273,-0.9146814036121149,0.08781981436432804,-0.329705700247057
201600,Omer Asik,CHI,2010-11,Rebounder,Very Good,82,989.4483333333334,229,306,32,20,56,64,0.553,0.0,0.503,0.559,0.553,0.123,0.076,103.2,90.2,13.1,0.5,0.118,0.196,0.049,0.158,35.2,-0.6547416839514306,-0.9131359070051752,1.0246343095525192,0.9375660505653346
201956,Omri Casspi,SAC,2010-11,Rebounder,Average,71,1702.18,610,307,74,54,13,68,0.412,0.372,0.673,0.517,0.496,0.163,0.082,103.9,108.5,-4.6,1.09,0.042,0.144,0.063,0.091,16.900000000000006,-0.3273011789060582,-0.6799417247781268,0.1737308497226046,-0.2204091150700748
202335,Patrick Patterson,HOU,2010-11,Rebounder,Average,52,867.5366666666666,328,200,41,17,37,31,0.558,0.0,0.714,0.574,0.558,0.16,0.108,106.1,105.8,0.3,1.32,0.097,0.129,0.078,0.113,19.60000000000001,-0.22672706029340473,-0.717106738391531,0.1700917359733865,-0.20232278508021875
2200,Pau Gasol,LAL,2010-11,Rebounder,Elite,82,3037.083333333333,1541,836,273,48,130,142,0.529,0.333,0.823,0.589,0.53,0.214,0.159,110.8,102.1,8.6,1.92,0.091,0.183,0.148,0.138,23.30000000000001,1.1290956683787916,0.5298173818351529,2.1761318728015104,1.2771959159763557
200794,Paul Millsap,UTA,2010-11,Rebounder,Very Good,76,2604.9483333333333,1315,579,187,103,69,145,0.531,0.391,0.757,0.578,0.536,0.223,0.129,108.3,107.4,0.9,1.29,0.067,0.166,0.121,0.118,18.0,0.9691074501639759,0.06168728807129677,1.239420490705928,0.9185057956337239
2047,Quentin Richardson,ORL,2010-11,Rebounder,Average,57,955.37,249,178,38,25,5,33,0.341,0.288,0.75,0.454,0.424,0.145,0.065,103.5,100.3,3.1,1.15,0.042,0.152,0.064,0.096,25.10000000000001,-1.0796094011721848,-0.8067929590473871,-0.10485671604681462,-0.12004001689977999
201577,Robin Lopez,PHX,2010-11,Rebounder,Average,67,991.125,432,216,8,18,45,48,0.501,0.0,0.74,0.539,0.501,0.198,0.068,106.9,108.7,-1.8,0.17,0.084,0.134,0.012,0.11,16.700000000000003,-0.07366302004123267,-1.209301672133231,0.17432683039799007,-0.28141026776088435
201579,Roy Hibbert,IND,2010-11,Rebounder,Very Good,81,2244.0216666666665,1025,610,166,33,142,185,0.461,0.0,0.745,0.507,0.461,0.234,0.106,103.9,104.4,-0.4,0.9,0.084,0.185,0.123,0.136,21.0,0.4345544922941898,-0.004350923027972381,1.550989004283797,1.1080492873246903
201583,Ryan Anderson,ORL,2010-11,Rebounder,Very Good,64,1424.368333333333,681,355,52,30,38,49,0.43,0.393,0.812,0.591,0.558,0.195,0.126,109.1,99.5,9.6,1.06,0.091,0.161,0.061,0.126,25.900000000000006,0.38125350029440247,-0.772130240539403,0.7469809224023483,0.312646849932775
202396,Samardo Samuels,CLE,2010-11,Rebounder,Average,37,701.4166666666666,288,158,17,15,18,53,0.456,0.0,0.618,0.498,0.456,0.211,0.058,98.8,108.2,-9.4,0.32,0.102,0.129,0.043,0.115,17.200000000000003,-0.31676118367604167,-1.0020371968497526,0.0841291440688055,-0.556288547134027
2223,Samuel Dalembert,SAC,2010-11,Rebounder,Elite,80,1937.4616666666664,644,657,67,36,116,132,0.473,0.0,0.73,0.509,0.473,0.171,0.1,101.3,106.6,-5.2,0.51,0.109,0.232,0.054,0.17,18.80000000000001,-0.2899585483339446,-0.7562584440487496,2.1088460440751953,0.7468190269508356
1752,Sean Marks,POR,2010-11,Rebounder,Average,29,208.45833333333331,45,40,4,3,5,11,0.432,1.0,0.625,0.473,0.455,0.123,0.006,88.2,105.9,-17.7,0.36,0.074,0.122,0.033,0.097,19.5,-1.279141200806727,-1.1060497173893222,-0.4582833062879426,-0.6770161818198573
201586,Serge Ibaka,OKC,2010-11,Rebounder,Elite,82,2215.708333333333,808,622,22,31,198,71,0.543,0.0,0.75,0.579,0.543,0.156,0.109,108.1,104.9,3.2,0.31,0.102,0.183,0.016,0.144,20.5,0.11873017968096496,-1.1353153802808265,1.6847467817252224,1.6245272080953763
1890,Shawn Marion,DAL,2010-11,Rebounder,Very Good,80,2252.9133333333334,999,551,110,68,50,130,0.52,0.152,0.768,0.551,0.523,0.21,0.123,105.0,105.0,0.0,0.85,0.08,0.173,0.084,0.128,20.400000000000006,0.4916846434389896,-0.42950211714068726,1.2925224334101033,0.5046374968532347
200749,Shelden Williams,NYK,2010-11,Rebounder,Very Good,59,910.3683333333332,264,273,32,23,26,43,0.468,0.0,0.773,0.522,0.468,0.141,0.079,105.6,107.8,-2.2,0.74,0.101,0.197,0.053,0.149,17.60000000000001,-0.7092816336788864,-0.8906652936655064,0.8224159275494423,-0.36895606158315003
201150,Spencer Hawes,PHI,2010-11,Rebounder,Very Good,81,1718.2883333333334,584,465,121,29,71,97,0.465,0.243,0.534,0.481,0.473,0.187,0.085,102.9,104.0,-1.1,1.25,0.076,0.203,0.112,0.139,21.400000000000006,-0.37619078487897134,-0.2317312192172839,1.2044680725663728,0.3717657613730947
101211,Stephen Graham,NJN,2010-11,Rebounder,Average,59,958.4533333333334,198,123,40,14,1,38,0.405,0.238,0.816,0.457,0.418,0.121,0.031,96.9,111.5,-14.6,1.05,0.019,0.117,0.066,0.068,13.900000000000006,-1.2749269576255864,-0.7881982697328761,-0.6075028586794531,-0.9325372257879302
201168,Tiago Splitter,SAS,2010-11,Rebounder,Very Good,60,738.045,278,201,26,29,17,32,0.529,0.0,0.543,0.55,0.529,0.174,0.096,103.5,104.8,-1.3,0.81,0.104,0.178,0.06,0.142,20.60000000000001,-0.29751862683975044,-0.8734198682551153,0.5421950893927802,-0.2215810348324235
1495,Tim Duncan,SAS,2010-11,Rebounder,Elite,76,2156.218333333333,1022,678,203,50,146,122,0.5,0.0,0.716,0.537,0.5,0.225,0.154,110.3,100.3,10.0,1.66,0.084,0.233,0.15,0.162,25.10000000000001,0.5380327929972601,0.2834742959413087,2.0626497598947235,1.5655564809912443
202389,Timofey Mozgov,DEN,2010-11,Rebounder,Average,45,524.095,163,121,15,15,25,35,0.474,0.0,0.712,0.523,0.474,0.158,0.054,102.8,105.8,-3.0,0.43,0.088,0.142,0.045,0.115,19.60000000000001,-0.6519519444848586,-0.9981612728245947,-0.014045863526809754,-0.3444550789937129
1499,Tony Battie,PHI,2010-11,Rebounder,Average,38,376.9916666666667,100,99,12,5,15,12,0.469,0.667,0.571,0.489,0.479,0.138,0.079,93.4,97.7,-4.3,1.0,0.043,0.209,0.055,0.125,27.700000000000003,-1.0381901993566327,-0.9530238134424371,0.05497635067935702,-0.07333048050658708
2566,Travis Outlaw,NJN,2010-11,Rebounder,Average,82,2357.695,756,325,84,34,36,71,0.375,0.302,0.772,0.469,0.427,0.171,0.062,101.3,109.1,-7.8,1.18,0.023,0.121,0.059,0.072,16.30000000000001,-0.4378913160858578,-0.665615424894413,-0.020561767560346028,-0.2301875067953467
202344,Trevor Booker,WAS,2010-11,Rebounder,Average,65,1063.0916666666667,346,251,35,29,42,38,0.549,0.0,0.673,0.582,0.549,0.135,0.096,101.2,108.6,-7.4,0.92,0.088,0.148,0.051,0.117,16.80000000000001,-0.3510181415105625,-0.8908615263683259,0.35637266095903686,-0.19191219994371997
2211,Troy Murphy,BOS,2010-11,Rebounder,Average,35,465.9066666666667,109,113,23,15,3,20,0.368,0.152,0.667,0.428,0.39,0.147,0.078,88.1,102.7,-14.6,1.15,0.049,0.204,0.088,0.126,22.700000000000003,-1.3145852287492756,-0.7271646488444476,0.1048633051553512,-0.3848997944078509
201946,Tyler Hansbrough,IND,2010-11,Rebounder,Very Good,70,1535.405,767,366,41,37,15,76,0.465,0.0,0.779,0.529,0.465,0.224,0.105,102.5,106.1,-3.6,0.54,0.09,0.145,0.047,0.117,19.30000000000001,0.3010790437273113,-0.8912539917739652,0.6615111980805437,-0.23530613689642618
200748,Tyrus Thomas,CHA,2010-11,Rebounder,Very Good,41,861.0716666666667,419,224,29,30,66,65,0.471,0.0,0.787,0.536,0.471,0.241,0.124,100.4,101.7,-1.3,0.45,0.084,0.19,0.064,0.139,23.700000000000003,0.21459016400541853,-0.8399101809484315,0.565003833903041,0.46667555690989976
2199,Tyson Chandler,DAL,2010-11,Rebounder,Elite,74,2058.5116666666668,748,692,32,36,80,88,0.654,0.0,0.732,0.697,0.654,0.141,0.12,109.3,101.3,8.0,0.36,0.113,0.233,0.024,0.177,24.10000000000001,0.6403232847173181,-1.053577240378106,2.290891874636242,0.693990100602588
201146,Yi Jianlian,WAS,2010-11,Rebounder,Average,63,1111.835,355,248,25,27,32,51,0.418,0.231,0.681,0.459,0.422,0.173,0.063,99.4,108.2,-8.8,0.49,0.067,0.159,0.036,0.111,17.200000000000003,-0.7696064355970073,-1.011923239615467,0.2719745993799592,-0.29030769583126853
2216,Zach Randolph,MEM,2010-11,Rebounder,Elite,75,2723.5583333333334,1504,914,163,63,25,151,0.503,0.186,0.758,0.552,0.507,0.247,0.162,109.1,104.4,4.7,1.08,0.125,0.233,0.1,0.178,21.0,1.132440226533585,-0.14459602369808344,2.8926815745146137,0.23514688711456308
2585,Zaza Pachulia,ATL,2010-11,Rebounder,Very Good,79,1243.7816666666668,349,333,58,34,22,69,0.461,0.0,0.754,0.562,0.461,0.141,0.076,101.2,106.4,-5.2,0.84,0.103,0.189,0.074,0.146,19.0,-0.419282526380903,-0.6770225992514495,0.9433996796553179,-0.21319438020470574
980,Zydrunas Ilgauskas,MIA,2010-11,Rebounder,Very Good,72,1145.3533333333332,360,287,26,23,58,52,0.508,0.0,0.783,0.531,0.508,0.158,0.065,112.4,102.5,9.9,0.5,0.108,0.161,0.033,0.136,22.900000000000006,-0.4641453153181927,-1.0250965082978805,0.6939477217599125,0.26620256427753414
201189,Aaron Gray,TOR,2011-12,Rebounder,Very Good,49,812.6583333333333,191,281,27,22,17,51,0.516,0.0,0.532,0.526,0.516,0.134,0.078,96.4,106.5,-10.0,0.53,0.105,0.265,0.055,0.183,18.900000000000006,-0.7902987353334909,-0.8978284436073631,1.2767912025778947,-0.39399352298476153
1733,Al Harrington,DEN,2011-12,Rebounder,Very Good,64,1760.985,910,390,88,58,12,112,0.446,0.333,0.676,0.535,0.512,0.241,0.104,107.5,102.5,5.0,0.79,0.042,0.181,0.083,0.113,22.900000000000006,0.5629567532704605,-0.5160729795670465,0.6742336668697892,0.16344692297711583
2744,Al Jefferson,UTA,2011-12,Rebounder,Elite,61,2074.96,1170,585,134,47,101,62,0.492,0.25,0.774,0.52,0.493,0.258,0.154,108.8,104.8,4.1,2.16,0.067,0.223,0.113,0.146,20.60000000000001,0.7891406275691409,-0.1782775786919692,1.6120510827389678,0.8147904743152834
2405,Amar'e Stoudemire,NYK,2011-12,Rebounder,Very Good,47,1543.22,823,367,52,38,45,112,0.483,0.238,0.765,0.541,0.487,0.248,0.124,99.9,101.8,-1.9,0.46,0.069,0.176,0.063,0.121,23.60000000000001,0.5857653878778595,-0.7608949338695686,0.7151231938829301,0.3312242488469223
101161,Amir Johnson,TOR,2011-12,Rebounder,Very Good,64,1552.8933333333334,452,408,79,33,69,94,0.576,0.4,0.69,0.6,0.579,0.141,0.096,101.2,100.6,0.6,0.84,0.102,0.166,0.085,0.135,24.80000000000001,-0.12773781071736226,-0.5379548947982563,1.0022668760787308,0.5927421802885064
2760,Anderson Varejao,CLE,2011-12,Rebounder,Very Good,25,784.6033333333334,271,287,43,35,17,45,0.514,0.0,0.672,0.542,0.514,0.163,0.129,104.3,105.3,-1.0,0.96,0.135,0.241,0.086,0.186,20.10000000000001,-0.4288322616900102,-0.6648061290675168,1.3309304369939272,-0.1887901947273031
101154,Andray Blatche,WAS,2011-12,Rebounder,Average,26,626.0133333333333,221,150,28,20,17,37,0.38,0.286,0.673,0.415,0.384,0.214,0.07,95.9,108.3,-12.4,0.76,0.062,0.196,0.076,0.122,17.10000000000001,-0.8176722207210044,-0.7761780322517631,0.1520796955322452,-0.5204746639504898
101115,Andrew Bynum,LAL,2011-12,Rebounder,Elite,60,2111.54,1123,709,85,27,116,152,0.558,0.2,0.692,0.594,0.558,0.234,0.165,103.4,101.3,2.1,0.56,0.096,0.234,0.074,0.169,24.10000000000001,1.0026527372253495,-0.5776709335483163,2.2340820761211093,0.9649665382683915
202687,Bismack Biyombo,CHA,2011-12,Rebounder,Very Good,63,1455.22,327,368,27,20,115,71,0.464,0.0,0.483,0.48,0.464,0.129,0.066,91.4,107.3,-15.8,0.38,0.075,0.177,0.032,0.125,18.10000000000001,-0.9918315562616004,-1.0270344703104595,0.7687351896853166,0.52979148340012
201933,Blake Griffin,LAC,2011-12,Rebounder,Elite,66,2391.883333333333,1368,717,210,54,48,150,0.549,0.125,0.521,0.557,0.55,0.262,0.156,111.0,103.6,7.4,1.4,0.093,0.217,0.156,0.155,21.80000000000001,1.172758883799526,0.34293805520717996,2.0769539445249072,0.42160003278002645
2217,Brendan Haywood,DAL,2011-12,Rebounder,Very Good,54,1145.881666666667,281,324,19,24,54,46,0.518,0.0,0.469,0.52,0.518,0.126,0.071,100.2,98.8,1.4,0.41,0.123,0.16,0.025,0.142,26.60000000000001,-0.8182644052101105,-1.095795574233586,0.8685606551836093,0.4534863688867156
201957,Byron Mullens,CHA,2011-12,Rebounder,Average,65,1465.2583333333334,606,327,57,21,52,74,0.425,0.235,0.821,0.473,0.435,0.221,0.086,96.3,109.3,-12.9,0.77,0.065,0.163,0.073,0.113,16.10000000000001,-0.15716940781453015,-0.6863199439087051,0.5070708160988767,-0.21475673595414213
2430,Carlos Boozer,CHI,2011-12,Rebounder,Very Good,66,1948.3733333333328,991,564,125,63,24,115,0.532,0.0,0.693,0.549,0.532,0.235,0.146,106.0,99.8,6.2,1.09,0.06,0.231,0.112,0.147,25.60000000000001,0.6574924311886535,-0.21701245392793084,1.5690697867866774,0.49530092833920286
101112,Channing Frye,PHX,2011-12,Rebounder,Very Good,64,1669.425,674,379,88,42,70,63,0.416,0.346,0.89,0.519,0.49,0.192,0.092,109.1,104.1,5.1,1.4,0.046,0.178,0.077,0.116,21.30000000000001,-0.057418595005915035,-0.5497788995765498,0.6832654653635121,0.4904705480631275
2365,Chris Andersen,DEN,2011-12,Rebounder,Average,32,486.28833333333336,168,148,6,19,46,17,0.546,0.0,0.61,0.583,0.546,0.145,0.113,106.7,101.7,5.0,0.35,0.101,0.192,0.019,0.149,23.700000000000003,-0.4004602945082613,-1.177337481433487,0.4907436045912826,0.150351284527018
2547,Chris Bosh,MIA,2011-12,Rebounder,Very Good,57,2006.9116666666664,1025,452,103,51,45,117,0.487,0.286,0.821,0.551,0.493,0.239,0.136,107.7,97.7,10.0,0.88,0.054,0.177,0.086,0.12,27.700000000000003,0.7227284955291582,-0.4440246497272208,0.9279207191897983,0.7068161347479377
202419,Chris Johnson,NOH,2011-12,Rebounder,Average,27,175.46166666666667,55,40,2,6,9,15,0.488,0.0,0.789,0.557,0.488,0.155,0.045,99.7,111.3,-11.6,0.13,0.085,0.14,0.017,0.113,14.100000000000009,-0.5574012444145836,-1.2032915533926745,-0.2544488374130579,-0.9227374822599449
2549,Chris Kaman,NOH,2011-12,Rebounder,Very Good,47,1371.9716666666666,616,364,101,25,77,129,0.446,0.0,0.785,0.478,0.446,0.262,0.114,100.1,102.8,-2.7,0.78,0.071,0.207,0.134,0.141,22.60000000000001,0.17876952715327676,-0.1817366722958702,0.9619561442255401,0.4615307036976854
2404,Chris Wilcox,BOS,2011-12,Rebounder,Average,28,481.2433333333333,152,122,12,11,9,30,0.598,0.0,0.615,0.612,0.598,0.147,0.091,95.0,98.4,-3.5,0.4,0.084,0.175,0.042,0.131,27.0,-0.23154916341222007,-1.026053306796361,0.19244198393174028,-0.11299535942980254
202874,Chris Wright,GSW,2011-12,Rebounder,Average,24,185.83166666666668,70,45,4,7,13,8,0.511,0.0,0.774,0.597,0.511,0.152,0.11,96.8,101.3,-4.5,0.5,0.094,0.134,0.035,0.113,24.10000000000001,-0.33984400852903196,-1.094814410719488,-0.24118194449473151,-0.2843595128143172
202332,Cole Aldrich,OKC,2011-12,Rebounder,Average,26,173.14166666666668,57,48,3,8,16,9,0.524,0.0,0.929,0.592,0.524,0.149,0.123,92.5,103.2,-10.7,0.33,0.08,0.192,0.034,0.139,22.200000000000003,-0.3997680718470967,-1.1041117553767434,0.09800920317795214,-0.35527964046084276
200783,Craig Smith,POR,2011-12,Rebounder,Average,47,463.9033333333333,156,110,19,16,5,24,0.504,0.0,0.717,0.556,0.504,0.154,0.089,98.1,106.1,-8.1,0.79,0.068,0.17,0.067,0.118,19.30000000000001,-0.49760322057919654,-0.8598541341670625,-0.005014065033087045,-0.554069398631702
201591,DJ White,CHA,2011-12,Rebounder,Average,58,1097.8333333333333,392,209,47,17,23,43,0.493,1.0,0.705,0.516,0.494,0.176,0.091,92.5,108.5,-16.0,1.09,0.044,0.157,0.08,0.098,16.900000000000006,-0.39506291538412824,-0.683793283787667,0.0028773286561695893,-0.5026049037568912
101135,David Lee,GSW,2011-12,Rebounder,Very Good,57,2120.998333333333,1147,545,162,54,22,149,0.503,0.0,0.782,0.549,0.503,0.256,0.126,105.2,108.2,-3.0,1.09,0.084,0.179,0.132,0.132,17.200000000000003,0.9237217878858871,0.031489191696929646,1.327560779126833,-0.11172553652757149
2561,David West,IND,2011-12,Rebounder,Very Good,66,1924.565,842,433,140,52,46,93,0.487,0.222,0.807,0.531,0.489,0.207,0.125,106.0,100.4,5.6,1.51,0.062,0.16,0.123,0.112,25.0,0.24215209091665255,-0.10002289740876734,0.7755892916627158,0.568657339055665
201971,DeJuan Blair,SAS,2011-12,Rebounder,Very Good,64,1363.236666666667,611,351,78,59,12,92,0.534,0.0,0.613,0.549,0.534,0.21,0.098,104.3,102.7,1.7,0.85,0.115,0.148,0.091,0.131,22.700000000000003,0.20044378553193606,-0.5079286661110912,0.8000656795910888,0.16205735090552706
202326,DeMarcus Cousins,SAC,2011-12,Rebounder,Elite,64,1950.14,1160,703,102,93,75,170,0.448,0.143,0.702,0.499,0.449,0.286,0.127,104.2,108.2,-3.9,0.6,0.124,0.234,0.092,0.175,17.200000000000003,0.8668343757994933,-0.4139984210400556,2.294599730447199,0.8285932102294377
201960,DeMarre Carroll,UTA,2011-12,Rebounder,Average,24,348.00166666666667,107,53,18,12,1,11,0.41,0.368,0.875,0.478,0.443,0.157,0.055,105.8,107.9,-2.1,1.64,0.083,0.081,0.078,0.082,17.5,-0.9569458958405805,-0.8017396388053113,-0.6148841992704984,-0.7417431214863451
201974,Derrick Brown,CHA,2011-12,Rebounder,Average,65,1443.28,524,236,67,48,12,55,0.518,0.25,0.667,0.556,0.526,0.166,0.096,94.3,107.5,-13.2,1.22,0.064,0.104,0.086,0.083,17.900000000000006,-0.14437462893934971,-0.5764935373313984,-0.11657626415507233,-0.23394008165351635
202324,Derrick Favors,UTA,2011-12,Rebounder,Very Good,65,1375.67,570,425,43,38,65,103,0.499,0.0,0.649,0.537,0.499,0.2,0.116,100.4,100.9,-0.5,0.42,0.113,0.199,0.053,0.155,24.5,0.029061424257714946,-0.8501886891197854,1.3021673980946462,0.5864527364529246
202682,Derrick Williams,MIN,2011-12,Rebounder,Average,66,1417.685,583,311,38,30,31,77,0.412,0.268,0.697,0.499,0.449,0.205,0.089,100.6,103.9,-3.2,0.49,0.054,0.161,0.046,0.108,21.5,-0.14222760500624554,-0.9079107190758973,0.40091848723683077,-0.01669596830654435
2748,Dorell Wright,GSW,2011-12,Rebounder,Average,61,1650.0483333333334,629,278,94,58,26,51,0.422,0.36,0.816,0.553,0.522,0.168,0.093,103.3,108.6,-5.3,1.84,0.037,0.133,0.085,0.085,16.80000000000001,-0.07116563558927258,-0.4827595249631823,0.020344944968229917,-0.05331209878183416
2400,Drew Gooden,MIL,2011-12,Rebounder,Very Good,56,1468.815,766,363,144,46,34,109,0.437,0.291,0.846,0.512,0.449,0.255,0.115,105.6,110.3,-4.7,1.32,0.086,0.167,0.162,0.124,15.100000000000009,0.4300947233463304,0.1337843479423577,0.74272864246231,-0.19659168960115173
2730,Dwight Howard,ORL,2011-12,Rebounder,Elite,54,2069.651666666666,1113,785,104,81,116,175,0.573,0.0,0.491,0.569,0.573,0.259,0.172,104.6,100.5,4.1,0.59,0.1,0.284,0.098,0.193,24.900000000000006,1.0355148944523889,-0.3729331183858757,2.7414905517919976,1.5714838769768378
201947,Earl Clark,ORL,2011-12,Rebounder,Average,45,559.2933333333333,123,124,18,12,32,25,0.367,0.0,0.724,0.405,0.367,0.147,0.05,89.6,105.1,-15.5,0.72,0.062,0.17,0.059,0.114,20.30000000000001,-1.4359924763646046,-0.9084750521687386,-0.018825382080494224,-0.2635886472524891
202334,Ed Davis,TOR,2011-12,Rebounder,Very Good,66,1533.8933333333334,415,438,60,40,63,67,0.513,0.0,0.67,0.544,0.513,0.133,0.112,94.3,102.7,-8.4,0.9,0.088,0.207,0.068,0.147,22.700000000000003,-0.5331662050493584,-0.7033691366162763,1.2347440852448526,0.48118211923429904
2731,Emeka Okafor,NOH,2011-12,Rebounder,Very Good,27,781.4383333333334,266,213,24,16,26,37,0.533,0.0,0.514,0.539,0.533,0.171,0.104,96.2,104.8,-8.6,0.65,0.092,0.2,0.055,0.144,20.60000000000001,-0.3910267584415559,-0.908867517574378,0.5995149410061241,-0.2652215770028259
202683,Enes Freedom,UTA,2011-12,Rebounder,Very Good,66,874.435,304,278,8,18,23,54,0.496,0.0,0.667,0.539,0.496,0.164,0.11,94.0,102.4,-8.4,0.15,0.118,0.202,0.016,0.159,23.0,-0.4148664734870991,-1.1868310587935622,0.9630793635145718,-0.13384002301661393
101141,Ersan Ilyasova,MIL,2011-12,Rebounder,Very Good,60,1654.888333333333,782,529,71,42,44,76,0.492,0.455,0.781,0.577,0.535,0.197,0.136,106.9,105.3,1.6,0.93,0.11,0.202,0.069,0.154,20.10000000000001,0.38868499968933673,-0.6572748787356382,1.5653791164911548,0.15691087392383857
202323,Evan Turner,PHI,2011-12,Rebounder,Very Good,65,1712.525,610,376,180,40,20,105,0.446,0.224,0.676,0.478,0.455,0.197,0.106,101.4,99.3,2.1,1.71,0.016,0.205,0.164,0.11,26.10000000000001,-0.301388700618956,0.27748854221636976,0.5988674037844344,0.24589706227048955
201175,Glen Davis,ORL,2011-12,Rebounder,Very Good,61,1426.885,566,331,47,43,19,75,0.421,0.143,0.683,0.466,0.423,0.222,0.09,100.7,102.8,-2.1,0.63,0.076,0.167,0.062,0.121,22.60000000000001,-0.21871763643645023,-0.7849110438161772,0.6196015648709802,0.061222324409093844
202328,Greg Monroe,DET,2011-12,Rebounder,Elite,66,2081.8783333333336,1015,637,152,83,46,161,0.521,0.0,0.739,0.563,0.521,0.232,0.145,102.3,107.8,-5.5,0.94,0.119,0.214,0.13,0.165,17.60000000000001,0.7328840661926229,-0.016543028196287494,1.9920802008784881,0.4550749947770166
202970,Gustavo Ayon,NOH,2011-12,Rebounder,Average,54,1088.3116666666667,319,265,74,53,46,46,0.536,0.0,0.619,0.552,0.536,0.142,0.112,100.7,101.3,-0.5,1.61,0.086,0.169,0.109,0.128,24.10000000000001,-0.4907718742934874,-0.4215296713719342,0.533656158481834,0.5261394944494252
201632,Hamed Haddadi,MEM,2011-12,Rebounder,Average,35,205.95666666666668,70,71,8,1,26,21,0.542,0.0,0.692,0.589,0.542,0.164,0.109,96.1,91.0,5.1,0.38,0.128,0.192,0.064,0.16,34.400000000000006,-0.2977385133775665,-0.9171836987175351,0.4265696510005396,0.39017249460563025
201934,Hasheem Thabeet,POR,2011-12,Rebounder,Average,20,138.645,35,42,0,1,10,8,0.524,0.0,0.65,0.587,0.524,0.124,0.075,77.4,112.3,-34.9,0.0,0.109,0.178,0.0,0.143,13.100000000000009,-0.6272330809659601,-1.306151042730944,0.1330475488946814,-1.0231815079979345
101133,Ian Mahinmi,DAL,2011-12,Rebounder,Very Good,61,1139.1533333333334,354,289,12,38,31,50,0.546,0.0,0.639,0.585,0.546,0.142,0.075,100.2,97.3,2.8,0.24,0.095,0.162,0.018,0.128,28.10000000000001,-0.27685296699882284,-1.1608769868343747,0.5973372444898006,0.4539757905266686
201581,JJ Hickson,POR,2011-12,Rebounder,Very Good,54,1244.2766666666666,452,335,45,30,35,70,0.467,0.0,0.642,0.501,0.467,0.188,0.092,101.1,108.8,-7.7,0.64,0.105,0.169,0.062,0.136,16.60000000000001,-0.34971123774832774,-0.7922704264608538,0.8213098937758458,-0.2641240200368163
201580,JaVale McGee,DEN,2011-12,Rebounder,Very Good,61,1534.7933333333333,691,477,31,35,132,87,0.556,0.0,0.461,0.552,0.556,0.202,0.122,98.3,108.3,-10.1,0.36,0.103,0.201,0.035,0.151,17.10000000000001,0.2167244521614274,-0.9954627450163547,1.3891844672265194,0.7984541404775293
202686,Jan Vesely,WAS,2011-12,Rebounder,Average,57,1077.5583333333334,267,249,47,39,32,60,0.537,0.0,0.532,0.544,0.537,0.125,0.067,97.7,101.3,-3.6,0.78,0.091,0.142,0.067,0.116,24.10000000000001,-0.698460103456545,-0.756822777141591,0.338326249487026,0.23943591727004274
101131,Jason Maxiell,DET,2011-12,Rebounder,Very Good,65,1465.7316666666666,424,333,41,32,50,71,0.478,0.0,0.547,0.493,0.478,0.156,0.07,100.0,102.4,-2.4,0.58,0.088,0.149,0.045,0.118,23.0,-0.649899123515519,-0.9024892984437998,0.5866893591242698,0.2843905862027113
201574,Jason Thompson,SAC,2011-12,Rebounder,Very Good,64,1657.2733333333333,583,443,79,43,44,68,0.535,0.0,0.602,0.558,0.535,0.151,0.098,105.1,107.5,-2.4,1.16,0.095,0.176,0.07,0.133,17.900000000000006,-0.20019900052862669,-0.6222196948220148,1.069655817897655,0.03801195175324471
201965,Jeff Ayres,IND,2011-12,Rebounder,Average,20,106.3,34,33,4,3,2,2,0.417,0.0,0.571,0.435,0.417,0.162,0.076,105.7,103.4,2.3,2.0,0.101,0.2,0.063,0.147,22.0,-1.2188414142441235,-0.9375201173418055,0.16012575886041513,-0.5604818862053185
202719,Jeremy Tyler,GSW,2011-12,Rebounder,Average,42,568.21,205,140,16,16,20,36,0.421,0.0,0.558,0.442,0.421,0.204,0.046,98.9,109.0,-10.0,0.44,0.091,0.159,0.044,0.124,16.400000000000006,-0.7480419468021733,-1.0000992348371736,0.15102521830495313,-0.572695996229172
201149,Joakim Noah,CHI,2011-12,Rebounder,Elite,64,1944.8733333333328,652,629,160,41,92,92,0.508,0.0,0.748,0.561,0.508,0.156,0.127,107.1,99.6,7.4,1.74,0.129,0.194,0.122,0.162,25.80000000000001,-0.09668470531150135,-0.032046724296919224,1.932634209295125,0.9670894309151725
101130,Johan Petro,NJN,2011-12,Rebounder,Average,59,920.045,250,224,45,21,23,38,0.419,1.0,0.838,0.452,0.421,0.153,0.067,95.4,103.9,-8.5,1.18,0.071,0.18,0.085,0.122,21.5,-1.0317594681309206,-0.6630643997577574,0.3484297107234757,-0.190887946775932
201973,Jonas Jerebko,DET,2011-12,Rebounder,Average,64,1468.1683333333333,556,308,43,41,21,66,0.468,0.302,0.806,0.548,0.503,0.18,0.094,98.7,103.0,-4.3,0.65,0.068,0.158,0.053,0.112,22.400000000000006,-0.0645514038446176,-0.8501886891197854,0.44391696870455616,0.04898359152871434
202706,Jordan Hamilton,DEN,2011-12,Rebounder,Average,26,258.03833333333336,115,62,20,4,3,16,0.432,0.362,0.4,0.508,0.509,0.215,0.102,113.1,105.1,8.0,1.25,0.046,0.184,0.114,0.12,20.30000000000001,-0.35506265857807096,-0.5921447361036145,-0.10689692843965981,-0.6398860068480877
201941,Jordan Hill,LAL,2011-12,Rebounder,Very Good,39,551.3033333333333,194,186,16,14,27,31,0.497,0.0,0.638,0.522,0.497,0.176,0.095,103.0,105.3,-2.3,0.52,0.112,0.236,0.044,0.174,20.10000000000001,-0.5035451866464575,-1.0000992348371736,0.9100633483875704,-0.30520417640112857
202716,Jordan Williams,NJN,2011-12,Rebounder,Average,43,634.8133333333334,197,156,11,21,15,23,0.507,0.0,0.652,0.544,0.507,0.144,0.08,105.8,103.2,2.6,0.48,0.103,0.151,0.027,0.126,22.200000000000003,-0.6098513694535309,-1.1139977981424578,0.21895858425295817,-0.2306993862658602
436,Juwan Howard,MIA,2011-12,Rebounder,Average,28,190.21833333333333,42,47,10,4,1,20,0.309,0.0,0.8,0.354,0.309,0.182,0.034,82.9,96.3,-13.4,0.5,0.095,0.163,0.098,0.128,29.10000000000001,-1.5297830139122388,-0.7188241026856729,-0.044780372757196485,-0.1430797944186104
202702,Kenneth Faried,DEN,2011-12,Rebounder,Very Good,46,1037.263333333333,471,352,36,34,47,54,0.586,0.0,0.665,0.618,0.586,0.181,0.13,108.5,107.8,0.7,0.67,0.139,0.205,0.055,0.172,17.60000000000001,0.2816989532049277,-0.8647112217063188,1.3250448846666458,-0.042514325197195744
708,Kevin Garnett,BOS,2011-12,Rebounder,Very Good,60,1864.125,947,494,175,56,61,107,0.503,0.333,0.857,0.55,0.505,0.246,0.168,102.3,95.3,7.0,1.64,0.04,0.231,0.171,0.141,30.10000000000001,0.7120047171038894,0.2984136589490991,1.3068953601020261,1.0615135936074642
201567,Kevin Love,MIN,2011-12,Rebounder,Elite,55,2145.471666666667,1432,734,111,47,28,128,0.448,0.372,0.824,0.568,0.497,0.282,0.176,105.4,104.8,0.6,0.87,0.102,0.236,0.098,0.168,20.60000000000001,1.4282149549437928,-0.3471752791295078,2.287676886408061,0.07621560209098917
201585,Kosta Koufos,DEN,2011-12,Rebounder,Very Good,48,791.5166666666667,263,258,15,24,41,33,0.599,0.0,0.6,0.608,0.599,0.139,0.108,108.9,102.0,7.0,0.45,0.126,0.209,0.028,0.169,23.400000000000006,-0.23293563331786574,-1.0936613795181875,1.0374083348880692,0.13394437668836445
2743,Kris Humphries,NJN,2011-12,Rebounder,Elite,62,2161.7833333333333,855,681,90,50,74,119,0.481,0.0,0.752,0.539,0.481,0.191,0.122,103.1,107.2,-4.1,0.76,0.11,0.217,0.073,0.163,18.200000000000003,0.18013960362001089,-0.5648901302715422,2.0833495499504,0.4316918149284546
1885,Lamar Odom,DAL,2011-12,Rebounder,Average,50,1027.045,332,208,83,20,18,52,0.352,0.252,0.592,0.423,0.393,0.197,0.066,97.5,102.6,-5.1,1.6,0.035,0.165,0.136,0.101,22.80000000000001,-0.8163325947748025,-0.23673580942812456,0.038442912986545244,-0.17545555216525255
202498,Lance Thomas,NOH,2011-12,Rebounder,Average,42,629.4633333333334,166,126,12,10,7,24,0.452,0.0,0.839,0.541,0.452,0.133,0.06,95.3,101.8,-6.5,0.5,0.083,0.128,0.033,0.106,23.60000000000001,-0.7298848976518609,-1.0766121868106162,-0.11543585935060613,-0.34335754554256787
200811,Lou Amundson,IND,2011-12,Rebounder,Very Good,60,752.5916666666667,213,222,14,27,44,45,0.43,0.0,0.427,0.438,0.43,0.166,0.058,98.2,100.9,-2.7,0.31,0.116,0.175,0.033,0.144,24.5,-1.043321218603683,-1.0692528041659397,0.6233953482591117,0.2600110000669703
201601,Luc Mbah a Moute,MIL,2011-12,Rebounder,Average,43,1008.7566666666668,333,227,29,40,22,39,0.51,0.25,0.641,0.544,0.511,0.149,0.089,103.7,100.7,2.9,0.74,0.076,0.143,0.044,0.11,24.700000000000003,-0.4751727044198309,-0.9522632476467761,0.20351399481830812,0.18387544520733065
2449,Luis Scola,HOU,2011-12,Rebounder,Very Good,66,2067.235,1025,428,140,35,24,153,0.491,0.0,0.773,0.526,0.491,0.246,0.104,103.9,102.2,1.7,0.92,0.061,0.151,0.118,0.106,23.200000000000003,0.6310334649151654,-0.12811116408335352,0.6858844729163076,0.06417154594766217
202376,Luke Harangody,CLE,2011-12,Rebounder,Average,21,230.78666666666663,60,53,6,6,3,4,0.354,0.238,0.75,0.427,0.392,0.147,0.068,98.6,107.0,-8.4,1.5,0.086,0.147,0.045,0.116,18.400000000000006,-1.355639062605441,-1.031278494725639,-0.18173595291136835,-0.7307971635655192
101162,Marcin Gortat,PHX,2011-12,Rebounder,Elite,66,2114.015,1017,659,59,48,99,90,0.555,0.0,0.649,0.578,0.555,0.205,0.136,106.3,104.2,2.1,0.66,0.091,0.219,0.045,0.157,21.200000000000003,0.6224363913575143,-0.8362548546417109,1.9485372952816817,0.8401697142771515
948,Marcus Camby,HOU,2011-12,Rebounder,Elite,59,1351.5616666666667,287,530,107,50,85,57,0.446,0.4,0.453,0.455,0.449,0.124,0.122,104.3,103.0,1.3,1.88,0.117,0.29,0.113,0.202,22.400000000000006,-1.2002183289158914,-0.27762924439510245,2.1795359016994746,0.7897535541701632
202693,Markieff Morris,PHX,2011-12,Rebounder,Average,63,1226.985,467,279,65,41,42,70,0.399,0.347,0.717,0.484,0.448,0.199,0.077,100.3,102.3,-2.1,0.93,0.055,0.177,0.087,0.114,23.10000000000001,-0.3555668165087818,-0.5782352666411577,0.39244829838762374,0.3025786081278892
201578,Marreese Speights,MEM,2011-12,Rebounder,Very Good,60,1344.8083333333334,526,374,48,21,29,74,0.453,0.0,0.771,0.491,0.453,0.204,0.094,98.9,101.1,-2.2,0.65,0.1,0.195,0.059,0.146,24.30000000000001,-0.23639386579841823,-0.7980843124985906,1.0521882015855943,0.03432992738111099
101107,Marvin Williams,ATL,2011-12,Rebounder,Average,57,1499.505,579,294,71,47,18,39,0.432,0.389,0.788,0.542,0.494,0.175,0.11,103.4,100.8,2.6,1.82,0.052,0.146,0.078,0.099,24.60000000000001,-0.11887260595251986,-0.606715998721383,0.24115416257239847,0.2100596622582742
2440,Matt Barnes,LAL,2011-12,Rebounder,Very Good,63,1440.1783333333333,491,344,126,35,48,73,0.452,0.333,0.742,0.554,0.512,0.161,0.1,103.9,102.3,1.6,1.73,0.072,0.163,0.136,0.12,23.10000000000001,-0.21621002641248674,-0.07850908256757905,0.6413558321539484,0.3011152145164528
202148,Mickell Gladness,GSW,2011-12,Rebounder,Average,26,252.04833333333332,56,58,5,4,20,7,0.424,0.0,0.5,0.436,0.424,0.122,0.055,91.8,106.4,-14.6,0.71,0.053,0.151,0.03,0.105,19.0,-1.4900778841175553,-1.1192229860717358,-0.30860525734452526,-0.5442701963602088
1737,Nazr Mohammed,OKC,2011-12,Rebounder,Average,63,692.2033333333334,171,170,14,20,37,26,0.467,0.0,0.565,0.477,0.467,0.136,0.06,106.9,100.5,6.4,0.54,0.098,0.155,0.032,0.129,24.900000000000006,-1.0702400237650815,-1.074870457500857,0.29432484733831293,0.14016108149708048
2403,Nene,WAS,2011-12,Rebounder,Very Good,39,1109.7516666666668,535,291,80,42,38,96,0.537,0.0,0.673,0.573,0.537,0.229,0.134,103.9,99.5,4.3,0.83,0.061,0.214,0.123,0.139,25.900000000000006,0.4219464948065011,-0.32080437674906337,0.7427801990086145,0.43698320519251815
201593,Nikola Pekovic,MIN,2011-12,Rebounder,Very Good,47,1263.9333333333334,651,346,31,29,31,87,0.564,0.0,0.743,0.607,0.564,0.216,0.124,105.2,106.8,-1.6,0.36,0.142,0.129,0.043,0.135,18.60000000000001,0.6048297349355224,-0.9505215183370168,0.8377574038914836,-0.19744588888841322
202696,Nikola Vučević,PHI,2011-12,Rebounder,Very Good,51,811.5733333333334,283,246,31,20,34,33,0.45,0.375,0.529,0.462,0.455,0.188,0.087,98.5,97.1,1.4,0.94,0.104,0.193,0.063,0.148,28.30000000000001,-0.6945693191070351,-0.8381684516386723,0.7380350514857995,0.309574584656172
201600,Omer Asik,CHI,2011-12,Rebounder,Very Good,66,971.4583333333334,205,350,32,30,68,68,0.506,0.0,0.456,0.509,0.506,0.125,0.1,98.4,90.5,7.9,0.47,0.128,0.215,0.053,0.172,34.900000000000006,-0.9432851043124194,-0.8906652936655064,1.3197381274993154,1.1449628454704739
201956,Omri Casspi,CLE,2011-12,Rebounder,Average,65,1341.368333333333,459,228,66,37,21,64,0.403,0.315,0.685,0.499,0.467,0.174,0.071,96.1,107.3,-11.1,1.03,0.045,0.129,0.084,0.085,18.10000000000001,-0.45858501653227296,-0.591408535323571,-0.11232398421503394,-0.24510696293739428
202335,Patrick Patterson,HOU,2011-12,Rebounder,Average,64,1482.885,490,286,53,27,36,49,0.44,0.0,0.702,0.457,0.44,0.175,0.073,101.4,103.0,-1.6,1.08,0.073,0.122,0.059,0.096,22.400000000000006,-0.6690454380931775,-0.7796858558868993,0.18170817098903533,0.05568647043843509
2200,Pau Gasol,LAL,2011-12,Rebounder,Elite,65,2429.9733333333334,1129,678,237,37,88,142,0.501,0.259,0.782,0.547,0.504,0.217,0.148,104.5,101.4,3.1,1.67,0.078,0.194,0.17,0.138,24.0,0.6138072342008329,0.5209368675991544,1.7568980565823966,0.7794157080605294
200794,Paul Millsap,UTA,2011-12,Rebounder,Very Good,64,2099.48,1061,563,150,118,52,112,0.495,0.226,0.792,0.545,0.499,0.232,0.14,108.2,103.3,4.9,1.34,0.088,0.19,0.12,0.138,22.10000000000001,0.6631412654047564,-0.08007894419013636,1.4517595194608897,1.142823519359131
201577,Robin Lopez,PHX,2011-12,Rebounder,Average,64,894.675,348,209,20,18,60,43,0.461,0.0,0.714,0.526,0.461,0.187,0.086,100.6,103.6,-2.9,0.47,0.097,0.135,0.039,0.116,21.80000000000001,-0.28909280364572226,-1.0134687362224066,0.2321911061404149,0.17000053503766707
201579,Roy Hibbert,IND,2011-12,Rebounder,Elite,65,1936.9416666666664,834,572,108,32,128,128,0.497,0.0,0.711,0.539,0.497,0.209,0.122,106.7,101.4,5.3,0.84,0.114,0.183,0.093,0.15,24.0,0.29676415321227756,-0.3863026197711088,1.6285157783700406,1.1323074534918707
201583,Ryan Anderson,ORL,2011-12,Rebounder,Very Good,61,1963.6233333333328,980,471,54,50,26,57,0.439,0.393,0.877,0.589,0.548,0.203,0.123,108.3,101.9,6.4,0.95,0.114,0.133,0.047,0.123,23.5,0.644005814984037,-0.8434180045835677,1.0165538751934795,0.25745332054333686
2223,Samuel Dalembert,HOU,2011-12,Rebounder,Very Good,65,1446.3766666666668,490,456,33,37,111,82,0.506,0.0,0.796,0.551,0.506,0.164,0.112,104.0,102.2,1.7,0.4,0.114,0.214,0.036,0.164,23.200000000000003,-0.2121223377589008,-0.9824857090367609,1.4990790229303927,0.9651136400915957
201623,Semih Erden,CLE,2011-12,Rebounder,Average,28,332.5833333333333,99,72,9,10,5,16,0.527,0.0,0.512,0.538,0.527,0.145,0.052,95.1,108.3,-13.2,0.56,0.059,0.168,0.049,0.111,17.10000000000001,-0.7075086999118213,-0.9977688074189554,-0.19502003134512957,-0.7454978613704796
1890,Shawn Marion,DAL,2011-12,Rebounder,Very Good,63,1919.2683333333332,670,465,132,67,36,98,0.446,0.294,0.796,0.488,0.461,0.185,0.111,99.7,101.3,-1.6,1.35,0.075,0.169,0.115,0.122,24.10000000000001,-0.2887901874629161,-0.1744016546668113,0.9878939493868075,0.570023935555067
200780,Solomon Jones,NOH,2011-12,Rebounder,Average,21,292.31666666666666,67,58,9,9,11,18,0.393,0.0,0.826,0.471,0.393,0.137,0.036,91.4,110.0,-18.6,0.5,0.101,0.098,0.056,0.1,15.400000000000006,-1.1722242478136076,-0.9584452340745347,-0.37230352886792667,-0.7950373878745108
201150,Spencer Hawes,PHI,2011-12,Rebounder,Very Good,37,920.0583333333332,355,270,98,16,48,55,0.489,0.25,0.727,0.517,0.494,0.196,0.123,102.2,98.3,3.9,1.78,0.085,0.21,0.169,0.148,27.10000000000001,-0.26961824836790504,0.003842120459218029,0.8017161374937661,0.3392680188865363
201168,Tiago Splitter,SAS,2011-12,Rebounder,Very Good,59,1120.81,549,306,65,21,47,87,0.618,0.0,0.691,0.649,0.618,0.207,0.13,111.4,101.0,10.4,0.75,0.092,0.19,0.094,0.144,24.400000000000006,0.7055247258305982,-0.538911693296737,0.846279149286995,0.22231974694136636
1495,Tim Duncan,SAS,2011-12,Rebounder,Elite,58,1634.0483333333334,895,520,132,38,88,97,0.492,0.0,0.695,0.531,0.492,0.26,0.163,107.1,97.9,9.2,1.36,0.069,0.247,0.137,0.16,27.5,0.6683585337070036,-0.050813281298632204,1.6179366350662492,0.9954184336721004
202389,Timofey Mozgov,DEN,2011-12,Rebounder,Average,44,687.1066666666667,239,179,22,15,42,53,0.526,0.0,0.684,0.556,0.526,0.17,0.077,104.2,108.6,-4.4,0.42,0.082,0.186,0.049,0.135,16.80000000000001,-0.3206201462181888,-0.9499328202285579,0.3946431804193823,-0.33697128108008706
202344,Trevor Booker,WAS,2011-12,Rebounder,Very Good,50,1261.4366666666667,419,325,40,48,43,58,0.531,0.5,0.602,0.549,0.532,0.155,0.097,101.5,106.2,-4.7,0.69,0.094,0.162,0.051,0.128,19.200000000000003,-0.3406433228942172,-0.8724630697566347,0.6928588735017507,0.15608238000608501
202717,Trey Thompkins,LAC,2011-12,Rebounder,Average,24,119.02333333333333,57,24,3,3,3,6,0.393,0.308,0.714,0.445,0.426,0.25,0.082,87.9,112.8,-24.9,0.5,0.032,0.192,0.05,0.105,12.600000000000009,-0.5008772051273617,-1.0142293020180677,-0.39882012918914467,-1.1026583676675699
202684,Tristan Thompson,CLE,2011-12,Rebounder,Very Good,60,1423.753333333333,494,389,27,27,62,81,0.439,0.0,0.552,0.469,0.439,0.189,0.074,97.3,108.5,-11.2,0.33,0.124,0.146,0.035,0.134,16.900000000000006,-0.4950636590347226,-1.0101815103057077,0.9391130286844103,-0.004410178253943371
201946,Tyler Hansbrough,IND,2011-12,Rebounder,Average,66,1441.655,614,290,30,54,9,65,0.405,0.0,0.813,0.511,0.405,0.208,0.093,101.1,101.4,-0.4,0.46,0.076,0.127,0.038,0.101,24.0,-0.029300107499452555,-0.9822894763339411,0.256019956847098,0.15627922176910297
200748,Tyrus Thomas,CHA,2011-12,Rebounder,Average,54,1013.2666666666668,304,200,35,36,60,53,0.367,0.333,0.759,0.418,0.369,0.189,0.048,95.1,109.6,-14.6,0.66,0.048,0.158,0.059,0.101,15.800000000000011,-0.9236763023901484,-0.8459202996889881,0.01721588431722304,0.003977017630266477
2199,Tyson Chandler,NYK,2011-12,Rebounder,Elite,62,2060.5516666666667,699,612,56,56,89,102,0.679,0.0,0.689,0.708,0.679,0.129,0.136,102.4,99.2,3.2,0.55,0.105,0.196,0.044,0.151,26.200000000000003,0.5800341005199854,-0.8529115819436428,1.7473905760213317,1.1156593530004344
2617,Udonis Haslem,MIA,2011-12,Rebounder,Very Good,64,1588.7516666666668,385,470,42,35,24,60,0.423,0.0,0.814,0.479,0.423,0.133,0.101,100.7,96.9,3.8,0.7,0.078,0.22,0.043,0.151,28.5,-0.9264405261678768,-0.9100449137912958,1.3706108171408626,0.3755713237100256
202731,Vernon Macklin,DET,2011-12,Rebounder,Average,23,135.45666666666668,46,34,5,4,4,3,0.543,0.0,0.571,0.559,0.543,0.142,0.105,101.8,98.6,3.2,1.67,0.097,0.147,0.057,0.121,26.80000000000001,-0.6476227792311877,-0.9675463460289706,-0.16845187447760718,-0.2478631550232485
201146,Yi Jianlian,DAL,2011-12,Rebounder,Average,30,203.125,79,49,5,7,8,14,0.378,0.3,0.667,0.433,0.396,0.216,0.065,85.0,99.8,-14.7,0.36,0.055,0.173,0.047,0.113,25.60000000000001,-0.8025187532482306,-1.0237228793781428,-0.23056843016007034,-0.24681482025542598
2216,Zach Randolph,MEM,2011-12,Rebounder,Very Good,28,734.995,324,225,48,21,4,40,0.463,0.25,0.659,0.5,0.467,0.219,0.13,108.1,99.5,8.6,1.2,0.108,0.215,0.108,0.16,25.900000000000006,-0.2208008932147715,-0.5228192990876463,0.8351899528849923,-0.12459919261649828
2585,Zaza Pachulia,ATL,2011-12,Rebounder,Very Good,58,1640.31,455,457,79,55,29,81,0.499,0.0,0.741,0.557,0.499,0.139,0.097,102.9,100.0,2.9,0.98,0.098,0.193,0.074,0.146,25.400000000000006,-0.3860693847616223,-0.5997490814823458,1.2724186240298123,0.45124640983816927
201189,Aaron Gray,TOR,2012-13,Rebounder,Average,42,513.3416666666667,119,133,33,7,5,36,0.533,0.0,0.523,0.544,0.533,0.131,0.053,96.2,104.3,-8.1,0.92,0.094,0.181,0.103,0.136,21.10000000000001,-0.7612672529629935,-0.6061029355973065,0.2853274198754598,-0.5415632499874051
201143,Al Horford,ATL,2012-13,Rebounder,Elite,74,2756.445,1289,757,240,78,78,147,0.543,0.5,0.644,0.56,0.545,0.219,0.143,105.8,102.6,3.2,1.63,0.077,0.206,0.149,0.144,22.80000000000001,0.8181599980359282,0.4140052215329073,2.042952890520035,1.0325513384411913
2744,Al Jefferson,UTA,2012-13,Rebounder,Elite,78,2578.1283333333336,1391,720,164,80,89,105,0.494,0.118,0.77,0.522,0.495,0.257,0.148,105.1,108.5,-3.4,1.56,0.063,0.237,0.119,0.148,16.900000000000006,0.9526291318169643,-0.034180919012317845,1.995736500143141,0.8179135855595474
202329,Al-Farouq Aminu,NOH,2012-13,Rebounder,Elite,76,2066.103333333333,555,585,103,92,51,116,0.475,0.211,0.737,0.519,0.479,0.143,0.103,105.3,105.9,-0.6,0.89,0.07,0.23,0.076,0.149,19.5,-0.5019389390315044,-0.500201183076393,1.6502700456530088,0.710548463831241
101161,Amir Johnson,TOR,2012-13,Rebounder,Very Good,81,2324.81,813,611,122,81,110,117,0.554,0.385,0.727,0.591,0.559,0.158,0.109,107.6,102.3,5.4,1.04,0.101,0.172,0.085,0.137,23.10000000000001,0.2055873228990651,-0.3797281679377108,1.5663820371721426,1.4050206778692986
2760,Anderson Varejao,CLE,2012-13,Rebounder,Elite,25,900.905,353,361,84,37,14,44,0.478,0.0,0.755,0.529,0.478,0.178,0.164,103.4,107.3,-4.0,1.91,0.141,0.272,0.157,0.2,18.10000000000001,-0.33421878895851503,-0.11508539807252452,1.7056356124506817,-0.315929210958902
101154,Andray Blatche,BKN,2012-13,Rebounder,Very Good,82,1555.1783333333333,843,417,85,86,54,123,0.512,0.136,0.685,0.547,0.514,0.258,0.146,103.3,103.0,0.3,0.69,0.104,0.185,0.108,0.142,22.400000000000006,0.7076984043708093,-0.38667072016113047,1.1153248634644801,0.8491212358541446
203083,Andre Drummond,DET,2012-13,Rebounder,Elite,60,1242.69,476,457,30,59,95,57,0.608,0.5,0.371,0.578,0.61,0.167,0.137,103.7,106.1,-2.4,0.53,0.133,0.235,0.04,0.183,19.30000000000001,-0.045883499140258834,-0.9710541696641067,1.7437858333029834,0.8020409679922383
101106,Andrew Bogut,GSW,2012-13,Rebounder,Very Good,32,785.71,186,245,67,20,55,35,0.451,1.0,0.5,0.463,0.454,0.134,0.092,105.7,103.4,2.3,1.91,0.089,0.212,0.121,0.153,22.0,-1.1541092607542114,-0.37987567060929534,0.7990799444255358,0.15188687590882813
1712,Antawn Jamison,LAL,2012-13,Rebounder,Average,76,1635.5916666666667,712,362,50,30,22,53,0.464,0.361,0.691,0.561,0.537,0.183,0.099,106.6,106.1,0.5,0.94,0.066,0.146,0.051,0.107,19.30000000000001,0.14423724632799229,-0.8356661565332519,0.5235011406990796,-0.23701342944310208
203076,Anthony Davis,NOH,2012-13,Rebounder,Very Good,64,1845.9516666666664,867,522,63,75,112,89,0.516,0.0,0.751,0.559,0.516,0.212,0.135,104.0,107.8,-3.8,0.71,0.094,0.213,0.06,0.152,17.60000000000001,0.4568742382030781,-0.7372712893285993,1.5213261577961372,1.0399367154733077
201576,Anthony Randolph,DEN,2012-13,Rebounder,Average,39,328.9033333333333,143,95,12,19,21,37,0.491,0.0,0.689,0.534,0.491,0.213,0.096,103.3,102.7,0.6,0.32,0.091,0.174,0.054,0.136,22.700000000000003,-0.20085551135204546,-0.9586414667773544,0.18449903369617926,-0.16133999059929768
203102,Arnett Moultrie,PHI,2012-13,Rebounder,Average,47,541.7083333333334,174,145,10,17,10,19,0.582,0.0,0.643,0.595,0.582,0.135,0.099,97.4,104.4,-7.0,0.53,0.132,0.134,0.031,0.133,21.0,-0.400727787130516,-1.0952068761251272,0.2789489999654022,-0.39323776809387373
203108,Bernard James,DAL,2012-13,Rebounder,Average,46,457.025,131,131,6,12,38,18,0.515,0.0,0.61,0.541,0.515,0.129,0.076,101.9,103.7,-1.8,0.33,0.107,0.173,0.02,0.139,21.700000000000003,-0.7844070385189225,-1.1717198280985697,0.3182396256221702,-0.12062731816475088
201933,Blake Griffin,LAC,2012-13,Rebounder,Elite,80,2598.4083333333333,1440,662,299,97,50,185,0.538,0.179,0.66,0.572,0.541,0.25,0.15,113.0,105.0,8.0,1.62,0.077,0.2,0.192,0.138,20.400000000000006,1.2225988651489088,0.872666102952306,1.7144439992437523,0.8051170220642808
101138,Brandon Bass,BOS,2012-13,Rebounder,Very Good,81,2239.245,701,425,84,44,64,80,0.486,0.0,0.86,0.535,0.486,0.154,0.081,101.1,104.6,-3.5,1.05,0.063,0.137,0.06,0.101,20.80000000000001,-0.22464531305352317,-0.6599977715594958,0.6142260656419104,0.42111115239656494
201957,Byron Mullens,CHA,2012-13,Rebounder,Very Good,53,1427.665,564,337,81,34,32,74,0.385,0.317,0.646,0.465,0.444,0.21,0.085,98.1,113.1,-14.9,1.09,0.046,0.196,0.102,0.116,12.300000000000011,-0.3137232552744977,-0.43509540545998693,0.5718235648495704,-0.505676063005647
201171,Carl Landry,GSW,2012-13,Rebounder,Very Good,81,1875.6916666666664,874,483,65,35,31,115,0.54,0.333,0.817,0.605,0.541,0.195,0.115,102.8,103.9,-1.0,0.57,0.098,0.158,0.056,0.129,21.5,0.6004807509496913,-0.7523825200235917,1.1248323440255448,0.035110846385015326
2430,Carlos Boozer,CHI,2012-13,Rebounder,Elite,79,2546.24,1281,771,179,66,28,176,0.477,0.0,0.731,0.51,0.477,0.255,0.138,101.1,102.5,-1.5,1.02,0.069,0.244,0.132,0.155,22.900000000000006,0.7900513507697404,0.09404394417668022,2.2202363880428324,0.4082172505327717
101111,Charlie Villanueva,DET,2012-13,Rebounder,Average,69,1091.8633333333332,467,241,54,31,39,39,0.377,0.347,0.551,0.481,0.474,0.212,0.091,103.7,108.2,-4.5,1.38,0.043,0.181,0.082,0.109,17.200000000000003,-0.27755315828010585,-0.6468001378614647,0.22792164068494167,-0.1780399960565131
2365,Chris Andersen,MIA,2012-13,Rebounder,Average,42,624.47,207,172,17,16,44,24,0.577,0.667,0.677,0.631,0.585,0.14,0.109,106.2,99.0,7.2,0.71,0.102,0.18,0.045,0.144,26.400000000000006,-0.1344961587698473,-0.9908018901799182,0.4907264190758478,0.2576698903395942
2549,Chris Kaman,DAL,2012-13,Rebounder,Very Good,66,1362.9766666666667,693,372,51,29,52,103,0.507,0.0,0.788,0.529,0.507,0.251,0.113,100.1,105.5,-5.3,0.5,0.075,0.203,0.066,0.141,19.900000000000006,0.44536703851820897,-0.7477216651871552,0.9831831728948623,0.09140193274046293
202332,Cole Aldrich,SAC,2012-13,Rebounder,Average,45,387.74,100,120,9,5,23,23,0.55,0.0,0.6,0.563,0.55,0.121,0.071,105.1,103.7,1.5,0.39,0.075,0.22,0.032,0.148,21.700000000000003,-0.7395407154598762,-1.0932689141125482,0.40370934994397456,-0.34491881877902225
101135,David Lee,GSW,2012-13,Rebounder,Elite,79,2907.35,1459,886,279,67,22,207,0.519,0.0,0.797,0.561,0.519,0.23,0.141,107.0,104.3,2.7,1.35,0.078,0.221,0.158,0.152,21.10000000000001,1.026998155336235,0.6080720631183549,2.4871559622502986,0.252115414363544
2561,David West,IND,2012-13,Rebounder,Very Good,73,2435.401666666666,1250,563,213,74,69,157,0.498,0.211,0.768,0.545,0.5,0.243,0.151,105.9,98.2,7.7,1.36,0.062,0.167,0.157,0.116,27.200000000000003,0.8799637162049015,0.35959478250911203,1.171487124757923,1.1585692808781014
201599,DeAndre Jordan,LAC,2012-13,Rebounder,Elite,82,2009.69,724,594,28,48,112,100,0.643,0.0,0.386,0.606,0.643,0.158,0.099,113.4,105.5,8.0,0.28,0.114,0.207,0.02,0.161,19.900000000000006,0.22716811101585335,-1.090766619007128,1.82702630456216,0.8953156687527409
201971,DeJuan Blair,SAS,2012-13,Rebounder,Very Good,61,850.9883333333333,328,230,45,37,10,49,0.524,0.0,0.629,0.543,0.524,0.183,0.098,99.4,100.8,-1.4,0.92,0.082,0.192,0.084,0.138,24.60000000000001,-0.23559959509342887,-0.6686820530926747,0.5681844511003523,0.02550632085057462
202326,DeMarcus Cousins,SAC,2012-13,Rebounder,Elite,75,2289.3166666666666,1280,746,199,108,55,225,0.465,0.182,0.738,0.524,0.467,0.278,0.132,104.1,110.2,-6.1,0.88,0.097,0.245,0.154,0.168,15.200000000000003,1.0377467961538607,0.29122614399162455,2.319517429412044,0.6641550241436612
202324,Derrick Favors,UTA,2012-13,Rebounder,Elite,77,1786.861666666667,727,546,75,67,130,129,0.482,0.0,0.688,0.533,0.482,0.201,0.116,102.5,102.4,0.1,0.58,0.103,0.21,0.071,0.155,23.0,0.12673214378958805,-0.6313208067764506,1.6232262067181447,1.456435409289431
202682,Derrick Williams,MIN,2012-13,Rebounder,Very Good,78,1915.825,933,430,46,44,37,101,0.43,0.332,0.706,0.515,0.471,0.234,0.103,99.7,104.2,-4.5,0.46,0.05,0.183,0.044,0.114,21.200000000000003,0.4139490801978391,-0.8897084951670255,0.7931084645210806,0.17144149433340727
2730,Dwight Howard,LAL,2012-13,Rebounder,Elite,76,2721.7816666666668,1296,945,108,84,186,225,0.578,0.167,0.492,0.573,0.579,0.223,0.126,106.3,103.4,2.9,0.48,0.094,0.244,0.068,0.172,22.0,0.9268179394486907,-0.5267439531440394,2.8984983847801553,2.1404018883632925
201947,Earl Clark,LAL,2012-13,Rebounder,Very Good,59,1363.0783333333334,428,325,65,36,44,62,0.44,0.337,0.697,0.51,0.486,0.154,0.087,102.4,106.2,-3.9,1.05,0.061,0.172,0.073,0.118,19.200000000000003,-0.5644573764736063,-0.6568824133299989,0.5654623304549475,0.04186348874941432
202334,Ed Davis,MEM,2012-13,Rebounder,Very Good,81,1630.8766666666668,623,460,63,38,85,63,0.539,0.0,0.617,0.561,0.539,0.175,0.118,102.1,102.6,-0.4,1.0,0.097,0.201,0.066,0.149,22.80000000000001,0.021491134891456265,-0.703565369319096,1.318597722694849,0.6889190689302215
1882,Elton Brand,DAL,2012-13,Rebounder,Very Good,72,1526.9983333333332,518,430,70,50,90,57,0.473,0.0,0.71,0.499,0.473,0.167,0.096,102.1,104.1,-2.1,1.23,0.088,0.189,0.072,0.14,21.30000000000001,-0.4672806040119913,-0.6441016100532247,1.1243394764427683,0.7757107316310735
2731,Emeka Okafor,WAS,2012-13,Rebounder,Elite,79,2051.951666666667,765,692,93,45,77,107,0.477,0.0,0.571,0.496,0.477,0.193,0.122,99.3,100.1,-0.8,0.87,0.095,0.239,0.077,0.167,25.30000000000001,-0.11597689281554875,-0.5313804429648584,2.1634953315894387,0.8273955850975812
202683,Enes Freedom,UTA,2012-13,Rebounder,Very Good,70,1077.746666666667,506,304,31,28,32,101,0.544,1.0,0.795,0.588,0.545,0.206,0.13,103.1,98.0,5.1,0.31,0.125,0.155,0.05,0.14,27.400000000000006,0.3184251313458621,-0.9111979449925962,0.7900137749009435,0.31935135261196973
101141,Ersan Ilyasova,MIL,2012-13,Rebounder,Very Good,73,2012.2733333333333,962,520,117,68,36,75,0.462,0.444,0.796,0.552,0.521,0.202,0.119,105.0,104.8,0.2,1.56,0.072,0.185,0.092,0.126,20.60000000000001,0.4121558126537371,-0.35880305120498157,1.1847883887071191,0.37474393582011994
201175,Glen Davis,ORL,2012-13,Rebounder,Average,34,1064.2766666666666,512,246,70,32,21,64,0.448,0.0,0.718,0.483,0.448,0.255,0.108,100.8,101.8,-1.0,1.09,0.053,0.182,0.115,0.118,23.60000000000001,0.08111434481836229,-0.40254251665178387,0.3558454223453907,0.02623693514331012
202328,Greg Monroe,DET,2012-13,Rebounder,Elite,81,2687.26,1298,777,281,105,55,234,0.486,0.0,0.689,0.527,0.486,0.244,0.142,100.8,106.0,-5.2,1.2,0.089,0.212,0.189,0.149,19.400000000000006,0.8189836953447848,0.7895786991454655,2.1597187337167423,0.8798405705366363
202962,Greg Smith,HOU,2012-13,Rebounder,Very Good,70,1110.3416666666667,421,321,25,18,40,41,0.62,0.0,0.623,0.636,0.62,0.144,0.096,109.0,103.5,5.5,0.61,0.099,0.18,0.036,0.14,21.900000000000006,0.07769932188544959,-1.011923239615467,0.8351212108232532,-0.02647327751883351
202970,Gustavo Ayon,MIL,2012-13,Rebounder,Average,55,734.7016666666667,204,199,71,22,17,47,0.551,0.0,0.4,0.54,0.551,0.141,0.085,101.6,101.5,0.1,1.51,0.085,0.185,0.142,0.136,23.900000000000006,-0.6496349179349024,-0.24718618528668054,0.4604504063973681,-0.1002201477372487
101124,Hakim Warrick,CHA,2012-13,Rebounder,Average,28,488.905,194,89,25,13,6,29,0.406,0.0,0.682,0.476,0.406,0.215,0.075,95.7,107.8,-12.2,0.86,0.042,0.141,0.091,0.091,17.60000000000001,-0.4810530514556845,-0.7029523061950194,-0.40470568151642583,-0.6749189710277199
201632,Hamed Haddadi,PHX,2012-13,Rebounder,Very Good,30,321.56333333333333,84,111,12,6,27,31,0.427,0.0,0.519,0.447,0.427,0.164,0.055,93.6,93.8,-0.1,0.39,0.122,0.203,0.058,0.161,31.60000000000001,-1.0995325690992561,-0.9361708534376855,0.5454444486518311,0.28758368316165545
201274,Ivan Johnson,ATL,2012-13,Rebounder,Very Good,69,1034.868333333333,452,266,46,56,14,71,0.52,0.077,0.618,0.546,0.521,0.207,0.11,97.8,98.7,-0.9,0.65,0.075,0.187,0.079,0.131,26.700000000000003,0.04666705058995296,-0.6930906284449225,0.5745284999795403,0.38622689029474655
201581,JJ Hickson,POR,2012-13,Rebounder,Elite,80,2322.565,1018,828,88,48,51,145,0.562,0.0,0.679,0.591,0.562,0.196,0.137,102.8,108.2,-5.3,0.61,0.117,0.251,0.065,0.183,17.200000000000003,0.6316011723436427,-0.6171907395955565,2.7281892878428016,0.11951274193166012
202686,Jan Vesely,WAS,2012-13,Rebounder,Average,51,601.365,126,122,28,15,17,27,0.5,0.0,0.308,0.48,0.5,0.121,0.031,101.0,103.2,-2.2,1.04,0.074,0.133,0.069,0.104,22.200000000000003,-1.1953463480492017,-0.8155016055961837,-0.15152868229462788,-0.2726326358895868
203096,Jared Sullinger,BOS,2012-13,Rebounder,Very Good,45,891.5316666666666,270,264,35,22,22,29,0.493,0.2,0.746,0.534,0.496,0.146,0.091,101.9,98.3,3.6,1.21,0.112,0.195,0.062,0.155,27.10000000000001,-0.599741895336065,-0.8290673396842364,0.8749734461245365,0.1383821324365223
101131,Jason Maxiell,DET,2012-13,Rebounder,Very Good,72,1788.8116666666667,498,409,54,32,95,81,0.446,0.0,0.621,0.478,0.446,0.155,0.07,99.6,105.4,-5.8,0.67,0.077,0.16,0.049,0.118,20.0,-0.6896176276722349,-0.8321826979137332,0.7883461314828308,0.5634124411924673
201574,Jason Thompson,SAC,2012-13,Rebounder,Very Good,82,2284.69,891,549,84,48,61,101,0.502,0.0,0.694,0.533,0.502,0.182,0.09,104.7,109.2,-4.5,0.83,0.076,0.175,0.059,0.124,16.200000000000003,0.10591140936693215,-0.665615424894413,1.2362570590240516,0.16193270691288275
202399,Jeff Adrien,CHA,2012-13,Rebounder,Average,52,713.0083333333333,209,196,36,18,27,32,0.429,0.0,0.65,0.493,0.429,0.154,0.086,98.1,105.0,-7.0,1.13,0.091,0.187,0.082,0.137,20.400000000000006,-0.8195871079609729,-0.7130345816635535,0.46522992495105264,-0.24613232213303016
201965,Jeff Ayres,IND,2012-13,Rebounder,Average,37,369.1333333333333,145,104,15,6,12,23,0.484,0.5,0.913,0.533,0.492,0.183,0.11,102.4,95.8,6.6,0.65,0.08,0.177,0.068,0.132,29.60000000000001,-0.42474521162136053,-0.8689552461214983,0.15742082373044558,0.018312373016562484
202379,Jeremy Evans,UTA,2012-13,Rebounder,Average,37,215.06833333333333,75,58,11,8,13,8,0.614,0.0,0.636,0.641,0.614,0.125,0.115,105.1,100.0,5.1,1.38,0.119,0.145,0.076,0.132,25.400000000000006,-0.28231968669436314,-0.8387327847315136,0.03536540888184281,-0.19761707231165201
979,Jermaine O'Neal,PHX,2012-13,Rebounder,Very Good,55,1028.725,454,293,42,19,78,73,0.482,0.0,0.835,0.538,0.482,0.217,0.125,96.5,103.5,-7.0,0.58,0.081,0.204,0.074,0.143,21.900000000000006,0.07557387947615338,-0.7358976604088618,0.799045573394666,0.36835171753623436
201149,Joakim Noah,CHI,2012-13,Rebounder,Elite,66,2426.2616666666668,784,733,262,78,141,176,0.481,0.0,0.751,0.534,0.481,0.17,0.139,100.9,99.3,1.6,1.49,0.11,0.193,0.176,0.152,26.10000000000001,-0.053379774895089854,0.6466350706671143,2.0811890389495105,1.8638419982981187
200777,Joel Freeland,POR,2012-13,Rebounder,Average,51,477.3366666666666,134,119,13,13,11,19,0.408,0.0,0.667,0.435,0.408,0.161,0.059,91.8,101.0,-9.2,0.68,0.077,0.168,0.05,0.12,24.400000000000006,-1.154047003137868,-0.977432388794685,0.04434565082926106,-0.22479986067573995
101130,Johan Petro,ATL,2012-13,Rebounder,Very Good,31,351.71,108,112,16,10,9,24,0.436,0.25,0.917,0.468,0.441,0.175,0.081,94.6,107.6,-12.9,0.67,0.093,0.23,0.076,0.16,17.80000000000001,-0.8816314317765274,-0.8203343281198223,0.535358172930816,-0.6638997328235374
203089,John Henson,MIL,2012-13,Rebounder,Very Good,63,827.1483333333333,380,297,31,19,42,47,0.482,0.0,0.533,0.497,0.482,0.216,0.121,100.6,102.3,-1.7,0.66,0.125,0.21,0.063,0.166,23.10000000000001,-0.21953060783997755,-0.8381684516386723,1.1026711367369741,0.07462862348502668
202720,Jon Leuer,MEM,2012-13,Rebounder,Average,28,186.54166666666663,56,37,8,6,0,8,0.481,0.0,0.462,0.485,0.481,0.153,0.061,89.0,106.0,-17.0,1.0,0.065,0.143,0.074,0.101,19.400000000000006,-0.9829836661969159,-0.8610071653683629,-0.4152848248202171,-0.702394880525234
201973,Jonas Jerebko,DET,2012-13,Rebounder,Average,49,891.6283333333333,377,185,43,38,8,42,0.449,0.301,0.773,0.531,0.489,0.195,0.095,102.6,108.0,-5.4,1.02,0.076,0.146,0.079,0.109,17.400000000000006,-0.18102794709867032,-0.7041297024119373,0.07933243999968614,-0.4074009045736771
202685,Jonas Valančiūnas,TOR,2012-13,Rebounder,Very Good,62,1481.5983333333334,554,372,45,17,78,94,0.557,0.0,0.789,0.619,0.557,0.169,0.099,101.9,105.6,-3.7,0.48,0.087,0.176,0.051,0.132,19.80000000000001,0.25942606596703427,-0.8540646131449433,0.8685262841527399,0.22424417405565544
202706,Jordan Hamilton,DEN,2012-13,Rebounder,Average,40,396.58,208,95,23,15,8,19,0.418,0.37,0.5,0.49,0.485,0.236,0.11,101.4,104.7,-3.3,1.21,0.074,0.153,0.089,0.113,20.700000000000003,-0.23718133622465218,-0.7215469955095304,-0.10851301531146762,-0.45182182449149333
201941,Jordan Hill,LAL,2012-13,Rebounder,Very Good,29,457.97333333333336,194,166,13,8,19,26,0.497,0.0,0.656,0.533,0.497,0.188,0.108,103.4,106.4,-3.0,0.5,0.156,0.177,0.05,0.166,19.0,-0.3528065036460773,-0.977432388794685,0.7550785422768228,-0.5129422086100336
201177,Josh McRoberts,CHA,2012-13,Rebounder,Average,67,1487.4433333333334,401,325,141,32,27,66,0.455,0.286,0.765,0.527,0.49,0.136,0.09,98.7,106.9,-8.2,2.14,0.064,0.162,0.151,0.113,18.5,-0.6184989593439921,0.06095108729125332,0.5017640589315462,-0.2127071235907183
202702,Kenneth Faried,DEN,2012-13,Rebounder,Elite,80,2247.5783333333334,923,734,77,81,83,113,0.552,0.0,0.613,0.573,0.552,0.177,0.121,109.3,103.6,5.7,0.68,0.116,0.212,0.051,0.164,21.80000000000001,0.32108721296280796,-0.7363144908301187,2.23671826918934,1.0554680722219871
708,Kevin Garnett,BOS,2012-13,Rebounder,Very Good,68,2022.23,1004,530,159,78,62,110,0.496,0.125,0.786,0.535,0.498,0.246,0.16,99.2,96.4,2.8,1.45,0.042,0.229,0.147,0.14,29.0,0.667347163172511,0.1047149177536732,1.3896773348092961,1.2349508996989462
203158,Kevin Jones,CLE,2012-13,Rebounder,Average,32,334.01666666666665,95,78,10,9,5,8,0.402,0.0,0.6,0.418,0.402,0.155,0.063,107.9,98.7,9.2,1.25,0.107,0.127,0.043,0.116,26.700000000000003,-1.3232928193041962,-1.0277950361061206,-0.1154014883197364,-0.1918143438335671
202338,Kevin Seraphin,WAS,2012-13,Rebounder,Average,79,1720.8183333333334,721,346,57,24,59,130,0.461,0.0,0.693,0.478,0.461,0.233,0.069,95.2,101.1,-5.9,0.44,0.061,0.137,0.063,0.099,24.30000000000001,0.04219618511658633,-0.7424964772578773,0.3791298489229929,0.3689379362882225
201585,Kosta Koufos,DEN,2012-13,Rebounder,Elite,81,1817.12,648,562,32,44,103,53,0.581,0.0,0.558,0.585,0.581,0.143,0.103,110.2,101.2,9.0,0.6,0.115,0.192,0.026,0.154,24.200000000000003,-0.05751469901293815,-1.0423419337082716,1.6529406097521089,1.0154581436847017
2743,Kris Humphries,BKN,2012-13,Rebounder,Very Good,65,1191.1833333333334,375,365,32,16,33,57,0.448,0.0,0.789,0.515,0.448,0.161,0.092,102.8,106.5,-3.7,0.56,0.11,0.211,0.043,0.16,18.900000000000006,-0.5228472143907797,-0.9468418270146786,1.206662954598131,-0.29428227656547273
203124,Kyle O'Quinn,ORL,2012-13,Rebounder,Very Good,57,637.9166666666666,232,209,52,11,26,37,0.513,0.0,0.667,0.535,0.513,0.173,0.101,100.9,104.8,-3.8,1.41,0.1,0.214,0.122,0.158,20.60000000000001,-0.423775002801179,-0.42945338710945213,0.7672565869369873,-0.3170283916943855
200746,LaMarcus Aldridge,POR,2012-13,Rebounder,Very Good,74,2789.92,1560,670,192,62,91,143,0.484,0.143,0.81,0.53,0.485,0.262,0.135,106.1,106.8,-0.7,1.34,0.064,0.187,0.125,0.124,18.60000000000001,1.1568460012175559,0.10255635802265704,1.55731586764755,0.7515269282602323
1885,Lamar Odom,LAC,2012-13,Rebounder,Very Good,82,1615.9766666666667,330,480,142,69,58,86,0.399,0.2,0.476,0.429,0.423,0.13,0.09,105.3,95.4,9.9,1.65,0.075,0.222,0.128,0.15,30.0,-1.2739419737334414,-0.06457524808950464,1.384404948672835,1.1599834522913512
202361,Landry Fields,TOR,2012-13,Rebounder,Average,51,1036.69,240,208,60,32,8,42,0.457,0.143,0.642,0.487,0.462,0.126,0.077,105.4,106.2,-0.8,1.43,0.06,0.149,0.084,0.105,19.200000000000003,-1.036510206095011,-0.6134866832576007,0.0894015302052663,-0.36381066711444426
202730,Lavoy Allen,PHI,2012-13,Rebounder,Very Good,79,1668.7016666666666,455,395,73,24,55,55,0.454,0.0,0.717,0.474,0.454,0.146,0.071,98.2,100.4,-2.2,1.33,0.093,0.147,0.068,0.119,25.0,-0.809381515124934,-0.6555331494258788,0.7639384856161973,0.3695963528105835
200811,Lou Amundson,NOH,2012-13,Rebounder,Average,39,371.455,76,106,11,16,12,19,0.395,0.0,0.333,0.392,0.395,0.14,0.042,95.7,104.2,-8.5,0.58,0.128,0.177,0.051,0.151,21.200000000000003,-1.5954578212386208,-0.9791741181044444,0.4047810126867016,-0.3716132680161401
201601,Luc Mbah a Moute,MIL,2012-13,Rebounder,Average,58,1326.18,387,256,55,42,14,70,0.401,0.351,0.571,0.447,0.418,0.164,0.058,100.0,103.1,-3.0,0.79,0.063,0.121,0.063,0.091,22.30000000000001,-0.8810244427923563,-0.7498558599025538,0.03840854195567548,-0.017352761059431326
2449,Luis Scola,PHX,2012-13,Rebounder,Very Good,82,2184.215,1048,541,182,67,35,126,0.472,0.188,0.787,0.516,0.474,0.228,0.113,100.9,105.6,-4.8,1.44,0.071,0.185,0.14,0.126,19.80000000000001,0.45867585116056603,0.15002424482303287,1.24050933896409,0.30726136883913363
202337,Luke Babbitt,POR,2012-13,Rebounder,Average,62,730.375,244,137,29,14,5,22,0.368,0.348,0.769,0.509,0.5,0.156,0.064,100.7,103.0,-2.3,1.32,0.02,0.171,0.064,0.093,22.400000000000006,-0.6882253519813967,-0.8399101809484315,-0.2518642008911319,-0.39265263185486826
101162,Marcin Gortat,PHX,2012-13,Rebounder,Very Good,61,1875.7516666666668,680,516,75,40,98,99,0.521,0.0,0.652,0.543,0.521,0.171,0.114,100.2,105.7,-5.4,0.76,0.067,0.217,0.063,0.14,19.700000000000003,-0.069600955904999,-0.6762620334557885,1.3525300346379823,0.6590293341933297
948,Marcus Camby,NYK,2012-13,Rebounder,Average,24,250.43666666666667,42,80,14,7,14,15,0.321,0.0,0.421,0.342,0.321,0.145,0.067,96.4,98.3,-1.9,0.93,0.094,0.229,0.096,0.16,27.10000000000001,-1.8692512847236535,-0.7153406440661543,0.45045005825352713,-0.09797802366273693
202694,Marcus Morris Sr.,PHX,2012-13,Rebounder,Average,77,1523.91,596,277,62,45,20,77,0.422,0.369,0.564,0.516,0.504,0.184,0.067,101.6,105.7,-4.1,0.81,0.051,0.13,0.068,0.09,19.700000000000003,-0.18938467680140914,-0.6960097539715997,0.081389837907966,-0.07832604335476753
202693,Markieff Morris,PHX,2012-13,Rebounder,Very Good,82,1836.9816666666663,670,396,108,77,64,104,0.407,0.336,0.732,0.473,0.442,0.195,0.075,99.3,108.7,-9.4,1.04,0.07,0.154,0.095,0.11,16.700000000000003,-0.30134840985814876,-0.3750673131012743,0.6519349754577399,0.5221419616578978
201578,Marreese Speights,CLE,2012-13,Rebounder,Very Good,79,1300.006666666667,658,386,47,24,53,80,0.445,0.3,0.771,0.498,0.448,0.252,0.106,99.0,103.8,-4.8,0.59,0.109,0.194,0.067,0.15,21.60000000000001,0.2502036856930312,-0.756822777141591,1.134987361808299,0.14959552963613026
203086,Meyers Leonard,POR,2012-13,Rebounder,Average,69,1206.2516666666668,377,255,33,11,38,49,0.545,0.429,0.809,0.596,0.551,0.137,0.071,99.4,106.6,-7.2,0.67,0.07,0.154,0.045,0.112,18.80000000000001,-0.23397605366295907,-0.9319268290225058,0.30328790377029646,-0.30137723874661976
203077,Michael Kidd-Gilchrist,CHA,2012-13,Rebounder,Very Good,78,2024.763333333333,704,455,117,54,70,101,0.458,0.222,0.749,0.506,0.46,0.175,0.094,100.6,107.8,-7.2,1.16,0.063,0.17,0.096,0.115,17.60000000000001,-0.23456029278195809,-0.33633243786531264,0.8721825834173929,0.39741460563971104
203118,Mike Scott,ATL,2012-13,Rebounder,Average,40,375.72833333333335,183,110,12,4,2,21,0.476,0.0,0.768,0.533,0.476,0.226,0.114,96.8,102.6,-5.8,0.57,0.103,0.188,0.058,0.146,22.80000000000001,-0.08256082344998279,-0.9361708534376855,0.35169625549796113,-0.5031167832274038
203141,Mirza Teletovic,BKN,2012-13,Rebounder,Average,53,499.425,188,95,23,13,8,20,0.384,0.343,0.818,0.495,0.484,0.189,0.075,100.2,103.2,-3.0,1.15,0.065,0.132,0.08,0.097,22.200000000000003,-0.5670792908698042,-0.7721058755237855,-0.31234748418635233,-0.3844125377938634
1737,Nazr Mohammed,CHI,2012-13,Rebounder,Very Good,63,692.9283333333333,166,195,26,21,32,24,0.367,0.0,0.723,0.414,0.367,0.15,0.066,98.8,98.8,0.1,1.08,0.104,0.191,0.06,0.145,26.60000000000001,-1.3315638002850643,-0.8734198682551153,0.5644937808048294,0.1998180720041843
2403,Nene,WAS,2012-13,Rebounder,Very Good,61,1659.29,766,407,177,55,37,139,0.48,0.0,0.729,0.538,0.48,0.233,0.125,101.7,98.3,3.4,1.27,0.063,0.183,0.184,0.124,27.10000000000001,0.41770005919782144,0.37880253494769955,0.8594773001435821,0.6320690694469041
201593,Nikola Pekovic,MIN,2012-13,Rebounder,Very Good,62,1959.378333333333,1011,545,53,43,50,101,0.52,0.0,0.744,0.572,0.52,0.221,0.13,103.7,104.3,-0.5,0.52,0.115,0.171,0.048,0.142,21.10000000000001,0.7009319935812467,-0.8414800425709887,1.4549573221736356,0.28673169593008824
202696,Nikola Vučević,ORL,2012-13,Rebounder,Elite,77,2559.133333333333,1008,917,143,61,79,141,0.519,0.0,0.683,0.534,0.519,0.191,0.132,99.6,107.9,-8.3,1.01,0.107,0.258,0.093,0.182,17.5,0.26188770915814735,-0.2575134234892694,2.9516003274843303,0.5551258547305965
201600,Omer Asik,HOU,2012-13,Rebounder,Elite,82,2464.0533333333333,832,956,75,46,87,173,0.541,0.0,0.562,0.558,0.541,0.162,0.11,108.7,102.3,6.4,0.43,0.116,0.269,0.046,0.195,23.10000000000001,0.05989238617387497,-0.7717621401493814,3.2206975982081207,0.8096713029577125
200782,P.J. Tucker,PHX,2012-13,Rebounder,Average,79,1910.4333333333332,506,350,109,62,19,67,0.473,0.314,0.744,0.525,0.498,0.125,0.078,100.5,104.4,-3.9,1.63,0.067,0.118,0.085,0.092,21.0,-0.6347386966277401,-0.4275641551281083,0.30056578312489185,0.164080740157816
202335,Patrick Patterson,SAC,2012-13,Rebounder,Average,71,1774.92,737,337,81,31,40,61,0.512,0.386,0.762,0.566,0.553,0.173,0.092,109.1,107.7,1.4,1.33,0.065,0.127,0.07,0.096,17.700000000000003,0.11764882999012823,-0.6148603121773382,0.31703047875596446,-0.1385451945286893
2200,Pau Gasol,LAL,2012-13,Rebounder,Very Good,49,1654.9566666666667,673,421,200,24,61,104,0.466,0.286,0.702,0.512,0.473,0.203,0.124,106.6,103.7,2.9,1.92,0.07,0.177,0.196,0.126,21.700000000000003,-0.017637194647919574,0.5308472753804865,0.9221039089242566,0.23641070916566043
200794,Paul Millsap,UTA,2012-13,Rebounder,Very Good,78,2374.768333333333,1135,554,201,102,80,138,0.49,0.333,0.742,0.55,0.498,0.227,0.123,106.2,105.9,0.3,1.46,0.078,0.173,0.143,0.124,19.5,0.708491557042176,0.2367913399522115,1.249523951942378,1.1075685493034635
203103,Perry Jones III,OKC,2012-13,Rebounder,Average,38,279.8666666666667,88,62,10,5,6,15,0.394,0.0,0.667,0.417,0.394,0.19,0.065,98.8,99.3,-0.5,0.67,0.044,0.172,0.057,0.11,26.10000000000001,-1.0778415257768674,-0.9491478894172793,-0.23429347148646268,-0.25839513661344354
739,Rasheed Wallace,NYK,2012-13,Rebounder,Average,21,296.04,146,83,6,13,15,10,0.387,0.319,0.7,0.484,0.465,0.261,0.117,99.6,97.7,1.9,0.6,0.037,0.235,0.039,0.138,27.700000000000003,-0.13318573559740657,-1.0649844147351424,0.1781377993015566,0.009560422999908372
203135,Robert Sacre,LAL,2012-13,Rebounder,Average,32,203.445,43,34,6,0,10,10,0.375,0.0,0.636,0.407,0.375,0.127,0.002,94.6,109.3,-14.7,0.6,0.041,0.123,0.045,0.08,16.10000000000001,-1.6286589597827,-1.031278494725639,-0.6907777009694992,-0.8572788457877388
201577,Robin Lopez,NOH,2012-13,Rebounder,Very Good,82,2135.7633333333333,929,462,64,32,128,110,0.534,0.0,0.778,0.573,0.534,0.196,0.103,103.8,106.8,-3.1,0.58,0.111,0.12,0.051,0.115,18.60000000000001,0.4645032657754736,-0.7841504780205162,0.8907562335030498,0.8150322082245575
201583,Ryan Anderson,NOH,2012-13,Rebounder,Very Good,81,2502.768333333333,1309,519,97,42,31,97,0.423,0.382,0.844,0.548,0.519,0.237,0.11,104.7,110.0,-5.4,1.0,0.077,0.144,0.071,0.109,15.400000000000006,0.8957412193972448,-0.5503675976850088,0.9655608869438888,-0.25076313084876645
2223,Samuel Dalembert,MIL,2012-13,Rebounder,Very Good,47,764.6866666666666,313,276,21,17,53,51,0.542,1.0,0.691,0.565,0.543,0.18,0.117,99.7,107.1,-7.3,0.41,0.123,0.238,0.044,0.175,18.30000000000001,-0.14259247880539572,-0.9817007782254823,1.1616070752221257,-0.11682443859541157
1890,Shawn Marion,DAL,2012-13,Rebounder,Very Good,67,2010.2783333333332,812,525,163,75,47,103,0.514,0.315,0.782,0.553,0.531,0.185,0.128,101.1,104.7,-3.6,1.58,0.075,0.185,0.129,0.132,20.700000000000003,0.18525281400666738,0.018315923014516206,1.2744932074535273,0.5644410479270513
201150,Spencer Hawes,PHI,2012-13,Rebounder,Very Good,82,2233.32,905,590,183,24,113,131,0.464,0.356,0.777,0.514,0.483,0.204,0.109,99.9,103.6,-3.8,1.4,0.075,0.187,0.134,0.13,21.80000000000001,0.16842491197734563,0.11999801613586775,1.4214835067824096,0.7683943048303825
203080,Thomas Robinson,HOU,2012-13,Rebounder,Very Good,70,1055.715,333,315,46,41,26,88,0.43,0.0,0.523,0.451,0.43,0.187,0.069,100.9,107.6,-6.7,0.52,0.111,0.188,0.073,0.148,17.80000000000001,-0.7287252528143958,-0.726796548454426,0.9211181737587036,-0.17070059368363452
201168,Tiago Splitter,SAS,2012-13,Rebounder,Very Good,81,1997.015,838,515,130,63,64,100,0.56,0.0,0.73,0.609,0.56,0.179,0.127,105.9,96.2,9.6,1.3,0.081,0.178,0.099,0.133,29.200000000000003,0.48026182118916055,-0.27164349067016347,1.2606990759215548,1.1115163186403128
1495,Tim Duncan,SAS,2012-13,Rebounder,Elite,69,2078.0316666666668,1227,686,184,50,183,147,0.502,0.286,0.817,0.554,0.503,0.276,0.178,108.1,97.8,10.3,1.25,0.067,0.258,0.151,0.17,27.60000000000001,1.1564110247220032,0.21917781415179882,2.1857940230014883,2.086789336728684
202389,Timofey Mozgov,DEN,2012-13,Rebounder,Average,41,366.2083333333333,108,107,9,6,18,25,0.506,0.0,0.769,0.549,0.506,0.141,0.069,96.1,105.7,-9.6,0.36,0.131,0.141,0.039,0.136,19.700000000000003,-0.6674073895555024,-1.0539453407681276,0.21633957670016257,-0.5026541259550781
202699,Tobias Harris,ORL,2012-13,Rebounder,Average,55,1298.595,603,287,69,32,44,66,0.455,0.315,0.752,0.527,0.488,0.216,0.104,100.0,106.6,-6.6,1.05,0.053,0.17,0.087,0.109,18.80000000000001,0.11281169000768092,-0.5635165013518046,0.3499770555335444,-0.02308383302363395
202344,Trevor Booker,WAS,2012-13,Rebounder,Average,48,886.885,256,239,40,32,16,31,0.491,0.0,0.556,0.509,0.491,0.143,0.091,95.4,104.1,-8.7,1.29,0.105,0.163,0.079,0.133,21.30000000000001,-0.7747378316373249,-0.7151687763789522,0.5283665868299383,-0.15948613748590817
202684,Tristan Thompson,CLE,2012-13,Rebounder,Elite,82,2564.161666666667,957,773,108,60,71,123,0.488,0.0,0.608,0.516,0.488,0.181,0.102,103.0,107.6,-4.6,0.88,0.114,0.196,0.069,0.153,17.80000000000001,0.04898864135141984,-0.5211262998091222,2.2000638366008025,0.4814511822825558
201946,Tyler Hansbrough,IND,2012-13,Rebounder,Very Good,81,1365.5366666666666,568,373,36,29,18,78,0.432,0.0,0.72,0.527,0.432,0.198,0.109,96.9,97.6,-0.8,0.46,0.11,0.15,0.05,0.13,27.80000000000001,-0.04419719976011841,-0.8927994883809048,0.8457003541270445,0.2115700895270677
203092,Tyler Zeller,CLE,2012-13,Rebounder,Very Good,77,2033.1783333333333,610,438,96,35,70,95,0.438,0.0,0.764,0.486,0.438,0.157,0.064,101.2,107.2,-6.0,1.01,0.074,0.145,0.075,0.108,18.200000000000003,-0.5484676935718971,-0.5315766756676781,0.7378975673623209,0.23580151484148548
2199,Tyson Chandler,NYK,2012-13,Rebounder,Elite,66,2163.53,689,703,62,42,75,87,0.638,0.0,0.694,0.671,0.638,0.126,0.121,111.2,105.1,6.1,0.71,0.126,0.217,0.044,0.17,20.30000000000001,0.3393123255146562,-0.8308334340096133,2.230901458923798,0.48230319302898755
202333,Xavier Henry,NOH,2012-13,Rebounder,Average,50,625.1366666666667,194,90,13,16,5,31,0.41,0.364,0.63,0.481,0.422,0.169,0.039,95.1,106.7,-11.6,0.42,0.033,0.129,0.036,0.078,18.700000000000003,-0.7892075454023791,-1.0560795354835262,-0.5676678088936044,-0.5893222036614041
2216,Zach Randolph,MEM,2012-13,Rebounder,Elite,76,2606.991666666667,1169,854,108,61,31,150,0.46,0.087,0.75,0.506,0.461,0.227,0.139,104.1,98.3,5.7,0.72,0.12,0.226,0.073,0.171,27.10000000000001,0.4814390278069018,-0.49865568646945335,2.644301279361935,0.6335324630583405
2585,Zaza Pachulia,ATL,2012-13,Rebounder,Very Good,52,1134.3116666666667,306,336,79,35,12,70,0.473,0.0,0.757,0.534,0.473,0.142,0.092,101.4,102.6,-1.2,1.13,0.122,0.186,0.107,0.154,22.80000000000001,-0.6030624620520049,-0.41436652143007735,1.0532770498437563,-0.08073989210900863
201189,Aaron Gray,SAC,2013-14,Rebounder,Average,37,354.375,65,111,22,10,8,31,0.443,0.0,0.55,0.466,0.443,0.122,0.044,97.6,108.7,-11.1,0.71,0.113,0.199,0.092,0.154,16.700000000000003,-1.3120614576549678,-0.708373726827117,0.4562668685190689,-0.7386473393810632
2744,Al Jefferson,CHA,2013-14,Rebounder,Elite,73,2553.238333333333,1594,792,155,67,79,124,0.509,0.2,0.69,0.532,0.51,0.293,0.17,103.6,103.1,0.5,1.25,0.063,0.247,0.122,0.156,22.30000000000001,1.4197350812951974,-0.05044518090861056,2.288696992604484,0.899316472598081
202329,Al-Farouq Aminu,NOP,2013-14,Rebounder,Very Good,80,2045.4266666666667,572,496,114,82,38,88,0.474,0.271,0.664,0.516,0.487,0.14,0.093,103.4,108.8,-5.4,1.3,0.064,0.188,0.083,0.125,16.60000000000001,-0.528793461993242,-0.42040100518625145,1.108367648394472,0.3050192447646219
203458,Alex Len,PHX,2013-14,Rebounder,Average,42,362.28333333333336,86,99,4,4,18,26,0.423,0.0,0.645,0.469,0.423,0.134,0.027,98.2,106.4,-8.2,0.15,0.106,0.171,0.017,0.138,19.0,-1.191918936709359,-1.195932170747998,0.22059185664020103,-0.5645051243663538
201582,Alexis Ajinca,NOP,2013-14,Rebounder,Very Good,56,950.5783333333334,328,277,40,23,46,63,0.546,0.0,0.836,0.589,0.546,0.163,0.084,102.9,107.7,-4.8,0.63,0.106,0.201,0.067,0.154,17.700000000000003,-0.11900257106177244,-0.7825806163979588,0.8967277134075049,-0.16073131401674962
101161,Amir Johnson,TOR,2013-14,Rebounder,Very Good,77,2213.8783333333336,799,505,115,56,88,123,0.562,0.303,0.636,0.592,0.578,0.162,0.1,107.8,103.4,4.3,0.93,0.08,0.153,0.085,0.117,22.0,0.23049070231511007,-0.4054860071940787,1.0303308212100173,0.858772253789451
2760,Anderson Varejao,CLE,2013-14,Rebounder,Elite,65,1800.2383333333332,546,629,140,69,39,72,0.495,0.0,0.681,0.527,0.495,0.145,0.131,104.9,103.2,1.7,1.94,0.1,0.253,0.122,0.174,22.200000000000003,-0.4480480256675854,-0.10564055074368457,2.085510060951288,0.5094651708468533
101154,Andray Blatche,BKN,2013-14,Rebounder,Very Good,73,1618.128333333333,821,390,112,75,38,110,0.476,0.278,0.742,0.532,0.487,0.248,0.124,106.2,105.6,0.6,1.02,0.079,0.176,0.126,0.127,19.80000000000001,0.5328652641912776,-0.18620129442948713,0.8525888271353133,0.4205046643548467
203083,Andre Drummond,DET,2013-14,Rebounder,Elite,81,2619.0783333333334,1095,1071,35,101,131,110,0.623,0.0,0.418,0.599,0.623,0.166,0.135,105.2,109.4,-4.2,0.32,0.157,0.253,0.021,0.202,16.0,0.5132554677754432,-1.0593911264158427,3.61501371546239,1.4075564878485913
101106,Andrew Bogut,GSW,2013-14,Rebounder,Elite,67,1769.4083333333333,492,671,112,47,121,97,0.627,0.0,0.344,0.61,0.627,0.123,0.123,108.3,99.3,9.0,1.15,0.107,0.264,0.087,0.189,26.10000000000001,-0.17348516858147142,-0.4052897744912591,2.3880467760354347,1.3402904671489981
101115,Andrew Bynum,IND,2013-14,Rebounder,Average,26,515.5116666666667,225,145,29,6,29,34,0.418,0.0,0.755,0.456,0.418,0.237,0.102,95.6,108.3,-12.7,0.85,0.095,0.174,0.099,0.133,17.10000000000001,-0.4119975532088442,-0.6432923142263285,0.2789489999654022,-0.5441241770499866
203094,Andrew Nicholson,ORL,2013-14,Rebounder,Average,76,1173.5333333333333,435,255,25,18,23,51,0.429,0.315,0.825,0.489,0.462,0.191,0.07,95.5,102.3,-6.8,0.49,0.045,0.169,0.037,0.108,23.10000000000001,-0.40861975782520693,-1.0063055862805497,0.2523292865515752,-0.1279645555116632
203461,Anthony Bennett,CLE,2013-14,Rebounder,Average,52,662.6383333333333,217,155,17,21,8,47,0.356,0.245,0.638,0.425,0.384,0.194,0.037,98.7,104.5,-5.7,0.36,0.068,0.16,0.043,0.112,20.900000000000006,-0.9097910957088519,-1.0020371968497526,0.03795004540376873,-0.37790271185172103
201576,Anthony Randolph,DEN,2013-14,Rebounder,Average,43,527.0033333333333,206,122,32,26,19,39,0.386,0.295,0.754,0.499,0.438,0.196,0.091,95.1,104.4,-9.3,0.82,0.036,0.185,0.104,0.11,21.0,-0.47998509083843044,-0.6041649735847276,-0.075090756466546,-0.2089283256214137
203382,Aron Baynes,SAS,2013-14,Rebounder,Average,53,490.8083333333333,161,145,34,2,5,36,0.436,0.0,0.905,0.467,0.436,0.184,0.061,106.0,102.7,3.3,0.94,0.119,0.186,0.103,0.152,22.700000000000003,-0.7832437360196413,-0.6024232442749683,0.5210024317543276,-0.4993625845997609
201948,Austin Daye,SAS,2013-14,Rebounder,Average,22,148.22333333333333,66,27,8,4,4,5,0.353,0.324,0.6,0.456,0.441,0.224,0.062,106.2,106.3,0.0,1.6,0.034,0.156,0.081,0.093,19.10000000000001,-0.6218265001864879,-0.8216835920239423,-0.5437358450943124,-0.7002741529044184
201933,Blake Griffin,LAC,2013-14,Rebounder,Elite,80,2863.3016666666667,1930,757,309,92,51,224,0.528,0.273,0.715,0.583,0.533,0.286,0.162,112.9,103.1,9.8,1.38,0.07,0.191,0.185,0.133,22.30000000000001,1.902392094229321,0.8701394428312681,1.902816693168552,0.8750615539698487
101138,Brandon Bass,BOS,2013-14,Rebounder,Very Good,82,2266.398333333333,911,470,87,36,71,102,0.486,0.333,0.858,0.549,0.487,0.184,0.099,99.3,107.1,-7.8,0.85,0.071,0.143,0.065,0.106,18.30000000000001,0.2264559313709192,-0.6208704309178947,0.7973263734302493,0.2621558092878207
201957,Byron Mullens,PHI,2013-14,Rebounder,Average,45,414.41833333333335,189,92,14,15,11,27,0.442,0.371,0.5,0.544,0.542,0.205,0.075,95.7,112.2,-16.4,0.52,0.054,0.172,0.06,0.109,13.200000000000003,-0.16907115498253492,-0.9175761641231746,-0.16743176828118467,-0.8621294953535449
2430,Carlos Boozer,CHI,2013-14,Rebounder,Elite,76,2141.123333333333,1042,632,118,53,22,154,0.456,0.0,0.767,0.489,0.456,0.257,0.12,99.8,100.8,-1.0,0.77,0.063,0.239,0.105,0.149,24.60000000000001,0.5122694599666341,-0.2820938665287194,1.7749788390852768,0.3126976959004359
2365,Chris Andersen,MIA,2013-14,Rebounder,Very Good,72,1396.0216666666668,477,379,19,32,97,53,0.644,0.25,0.71,0.683,0.649,0.136,0.118,107.2,100.6,6.6,0.36,0.108,0.186,0.021,0.149,24.80000000000001,0.3282440070672748,-1.118266187573255,1.1036740574179618,0.8656698094362252
2549,Chris Kaman,LAL,2013-14,Rebounder,Very Good,39,735.975,404,229,58,11,40,74,0.509,0.0,0.765,0.537,0.509,0.26,0.121,100.0,103.7,-3.7,0.78,0.071,0.214,0.14,0.145,21.700000000000003,0.34857962545483395,-0.3062574791469123,0.6547086526494489,-0.11075375309691775
202698,Chris Singleton,WAS,2013-14,Rebounder,Average,25,249.96833333333333,75,55,6,9,3,17,0.373,0.368,0.72,0.481,0.425,0.167,0.062,91.9,103.4,-11.5,0.35,0.064,0.167,0.043,0.11,22.0,-0.889665232404063,-1.0425138013954736,-0.2528671215721196,-0.4881962445723744
203469,Cody Zeller,CHA,2013-14,Rebounder,Very Good,82,1416.6816666666666,490,353,92,40,41,87,0.426,0.0,0.73,0.498,0.426,0.178,0.086,98.5,101.6,-3.0,1.06,0.08,0.159,0.106,0.12,23.80000000000001,-0.4126650075946096,-0.3721481875745971,0.665236239406936,0.32322805372115676
202332,Cole Aldrich,NYK,2013-14,Rebounder,Very Good,46,330.01666666666665,92,129,14,8,30,18,0.541,0.0,0.867,0.62,0.541,0.124,0.137,104.3,105.7,-1.5,0.78,0.113,0.279,0.063,0.197,19.700000000000003,-0.39744889717376436,-0.9007232041184228,1.0518328181262966,-0.36052183204158395
202350,Daniel Orton,PHI,2013-14,Rebounder,Average,22,250.8033333333333,65,61,15,6,16,18,0.447,0.0,0.767,0.54,0.447,0.126,0.074,93.1,100.2,-7.1,0.83,0.059,0.184,0.097,0.118,25.200000000000003,-0.8596818504071043,-0.7060432994088988,-0.13502961563268562,-0.19973834118895906
101135,David Lee,GSW,2013-14,Rebounder,Elite,69,2288.3033333333333,1257,643,147,48,26,152,0.523,0.0,0.78,0.566,0.523,0.24,0.134,109.4,99.4,10.0,0.97,0.081,0.193,0.101,0.139,26.0,0.9831185727878909,-0.19785343152057847,1.6767694604587922,0.3836172822904694
201599,DeAndre Jordan,LAC,2013-14,Rebounder,Elite,82,2870.435,856,1114,74,80,203,123,0.676,0.0,0.428,0.63,0.676,0.123,0.121,113.0,104.3,8.7,0.6,0.119,0.26,0.036,0.193,21.10000000000001,0.20336376661097985,-0.8316183648208919,3.6144521058178736,2.218074117117726
201971,DeJuan Blair,DAL,2013-14,Rebounder,Very Good,78,1213.8233333333333,497,368,70,60,21,77,0.534,0.0,0.636,0.557,0.534,0.187,0.097,106.0,105.3,0.7,0.91,0.114,0.198,0.088,0.155,20.10000000000001,-0.004397990541728902,-0.5542191566945491,1.1509248188257255,0.11071373474278538
202326,DeMarcus Cousins,SAC,2013-14,Rebounder,Elite,71,2297.9416666666666,1614,831,207,109,91,251,0.496,0.0,0.726,0.555,0.496,0.323,0.182,105.4,106.0,-0.7,0.82,0.097,0.275,0.175,0.185,19.400000000000006,1.7852758545186813,0.43863439460359244,2.7616287322031576,1.285514726400495
202324,Derrick Favors,UTA,2013-14,Rebounder,Elite,73,2201.193333333333,970,637,91,75,108,129,0.522,0.0,0.669,0.556,0.522,0.206,0.118,102.6,110.8,-8.2,0.71,0.092,0.212,0.072,0.151,14.600000000000009,0.47007707717503594,-0.5668280922841211,1.813725040612964,0.8232028343125098
202682,Derrick Williams,SAC,2013-14,Rebounder,Average,78,1820.2016666666664,624,323,56,48,20,76,0.427,0.263,0.718,0.524,0.454,0.158,0.08,102.5,106.8,-4.3,0.74,0.037,0.134,0.049,0.085,18.60000000000001,-0.31378475076584594,-0.8248233152690567,0.1397469812331674,-0.11187209709428421
203473,Dewayne Dedmon,ORL,2013-14,Rebounder,Very Good,31,390.42333333333335,97,127,5,7,22,18,0.458,0.0,0.656,0.5,0.458,0.129,0.077,95.4,102.0,-6.7,0.28,0.096,0.255,0.021,0.171,23.400000000000006,-1.0433450865024774,-1.1697818660859907,0.7152950490372785,-0.2344306093213164
202091,Dionte Christmas,PHX,2013-14,Rebounder,Average,31,197.8733333333333,71,38,8,2,3,6,0.355,0.29,0.75,0.489,0.427,0.163,0.072,98.3,105.9,-7.6,1.33,0.059,0.136,0.067,0.094,19.5,-0.8760914667676447,-0.9003307387127835,-0.501809026369314,-0.7076124727643144
202700,Donatas Motiejunas,HOU,2013-14,Rebounder,Average,62,952.1983333333334,341,225,34,20,21,49,0.443,0.25,0.604,0.504,0.478,0.172,0.068,103.8,100.6,3.2,0.69,0.062,0.163,0.058,0.113,24.80000000000001,-0.5297338735893784,-0.8552176443462436,0.23642620056501842,-0.027593810057029804
2748,Dorell Wright,POR,2013-14,Rebounder,Average,68,984.49,343,191,64,23,16,39,0.374,0.342,0.754,0.524,0.49,0.159,0.09,106.6,103.0,3.6,1.64,0.029,0.157,0.096,0.093,22.400000000000006,-0.5091071185108765,-0.5313560779492408,-0.10858175737320694,-0.18810826137626313
2400,Drew Gooden,WAS,2013-14,Rebounder,Average,22,395.1016666666667,183,114,15,10,7,17,0.531,0.412,0.889,0.591,0.556,0.2,0.127,105.0,108.7,-3.7,0.88,0.099,0.214,0.066,0.156,16.700000000000003,0.058723742626536644,-0.8801905527913327,0.4897063128794254,-0.7487648033841358
2730,Dwight Howard,HOU,2013-14,Rebounder,Elite,71,2396.411666666667,1297,866,131,60,128,229,0.591,0.286,0.547,0.6,0.593,0.241,0.146,111.3,104.3,7.0,0.57,0.102,0.25,0.091,0.18,21.10000000000001,1.2136812430079986,-0.3129050260271631,2.790798711108041,1.2520370581210478
201947,Earl Clark,NYK,2013-14,Rebounder,Average,54,768.4383333333334,257,143,18,17,25,31,0.372,0.336,0.647,0.466,0.45,0.176,0.063,95.5,104.8,-9.3,0.58,0.028,0.159,0.039,0.092,20.60000000000001,-0.7782948312931529,-1.0208281188670831,-0.24868358369382054,-0.2649776780675865
202334,Ed Davis,MEM,2013-14,Rebounder,Very Good,63,956.0833333333334,357,260,27,17,43,40,0.534,0.0,0.528,0.542,0.534,0.171,0.104,102.5,99.1,3.4,0.68,0.097,0.177,0.045,0.137,26.30000000000001,-0.308249597048592,-0.9540049769565355,0.6350461543056304,0.2520383217698838
1882,Elton Brand,ATL,2013-14,Rebounder,Very Good,73,1413.6583333333333,419,361,74,40,88,60,0.539,0.0,0.649,0.561,0.539,0.138,0.088,103.3,105.1,-1.8,1.23,0.075,0.19,0.081,0.134,20.30000000000001,-0.3964810835570767,-0.5788239647496166,0.8648184283417825,0.5931074991923065
202683,Enes Freedom,UTA,2013-14,Rebounder,Elite,80,2138.16,987,598,75,28,42,144,0.491,0.0,0.73,0.523,0.491,0.228,0.101,99.8,112.0,-12.2,0.52,0.103,0.195,0.064,0.146,13.400000000000006,0.4547085197445249,-0.6706443801208712,1.6465450043266165,-0.40203945805034086
101141,Ersan Ilyasova,MIL,2013-14,Rebounder,Very Good,55,1478.505,618,342,72,46,8,61,0.409,0.282,0.823,0.486,0.441,0.21,0.097,99.2,107.3,-8.1,1.18,0.068,0.168,0.086,0.115,18.10000000000001,-0.1547129527083135,-0.558095080719707,0.5723508034632165,-0.28338172853252963
201175,Glen Davis,LAC,2013-14,Rebounder,Average,68,1661.88,641,351,77,58,29,76,0.457,0.364,0.693,0.491,0.46,0.2,0.084,100.0,105.0,-5.0,1.01,0.065,0.149,0.08,0.106,20.400000000000006,-0.18274366690958863,-0.573402544117519,0.48157432197408123,0.1885571234055923
203476,Gorgui Dieng,MIN,2013-14,Rebounder,Very Good,60,817.8233333333334,286,300,39,30,50,54,0.498,1.0,0.634,0.534,0.5,0.167,0.111,100.4,103.9,-3.5,0.72,0.117,0.234,0.076,0.174,21.5,-0.4344733890776631,-0.7357014277060421,1.212548506925412,0.17553584775183362
202328,Greg Monroe,DET,2013-14,Rebounder,Elite,82,2689.4483333333333,1249,760,171,91,47,166,0.497,0.0,0.657,0.531,0.497,0.211,0.118,105.6,108.3,-2.7,1.03,0.088,0.196,0.101,0.138,17.10000000000001,0.5649416343783237,-0.10954083978446005,1.9744751004429495,0.5187060247618333
201141,Greg Oden,MIA,2013-14,Rebounder,Average,23,212.145,67,54,1,7,13,12,0.551,0.0,0.565,0.567,0.551,0.15,0.039,101.0,108.2,-7.2,0.08,0.112,0.158,0.007,0.135,17.200000000000003,-0.5281745055300604,-1.263147778064185,0.06297085746122266,-0.6897667706558853
202970,Gustavo Ayon,ATL,2013-14,Rebounder,Average,26,429.25,112,125,28,25,10,29,0.51,0.0,0.4,0.505,0.51,0.146,0.089,98.5,102.0,-3.5,0.97,0.101,0.2,0.101,0.15,23.400000000000006,-0.879491976420263,-0.6357366988788323,0.4424555514716616,-0.16933564446857183
2045,Hedo Turkoglu,LAC,2013-14,Rebounder,Average,38,391.885,115,89,33,19,10,16,0.385,0.44,0.5,0.492,0.486,0.15,0.085,102.8,101.0,1.8,2.06,0.028,0.184,0.127,0.11,24.400000000000006,-0.9223745720012594,-0.471279255559293,-0.16265224972750014,-0.17274914704894087
203156,Henry Sims,PHI,2013-14,Rebounder,Average,46,875.0333333333333,350,237,52,28,20,41,0.474,0.0,0.744,0.535,0.474,0.181,0.099,98.3,105.9,-7.6,1.27,0.109,0.157,0.101,0.131,19.5,-0.28011557234517076,-0.547424107142714,0.4975805210532472,-0.26622014831597113
201581,JJ Hickson,DEN,2013-14,Rebounder,Elite,69,1859.445,814,632,96,47,51,128,0.508,0.0,0.517,0.521,0.508,0.205,0.113,102.7,107.1,-4.4,0.75,0.104,0.22,0.085,0.161,18.30000000000001,0.15014359467446473,-0.4754001423185058,1.9278546907414404,0.1737815215478015
203096,Jared Sullinger,BOS,2013-14,Rebounder,Elite,74,2041.2316666666663,982,601,118,35,49,119,0.427,0.269,0.778,0.497,0.458,0.234,0.104,102.7,103.5,-0.8,0.99,0.112,0.183,0.097,0.146,21.900000000000006,0.34636972620508977,-0.3270350932080572,1.6545051400776123,0.24072706846012212
101131,Jason Maxiell,ORL,2013-14,Rebounder,Average,34,488.4716666666667,109,86,9,8,20,14,0.448,0.0,0.484,0.459,0.448,0.12,0.042,98.6,108.1,-9.5,0.64,0.055,0.119,0.027,0.086,17.30000000000001,-1.3349946222066045,-1.1213571807871343,-0.4763640887908232,-0.6027076921911148
201160,Jason Smith,NOP,2013-14,Rebounder,Average,31,830.1033333333334,301,181,29,11,29,28,0.465,0.0,0.78,0.495,0.465,0.178,0.071,105.4,108.0,-2.5,1.04,0.06,0.169,0.054,0.112,17.400000000000006,-0.5661147642947556,-0.8960867142976039,0.10693788857906597,-0.4746909598435763
201574,Jason Thompson,SAC,2013-14,Rebounder,Very Good,82,2006.6666666666667,586,527,53,32,56,95,0.506,0.0,0.579,0.523,0.506,0.143,0.073,106.0,105.6,0.4,0.56,0.077,0.188,0.04,0.133,19.80000000000001,-0.45671317733832245,-0.8864212692503266,1.292539618925538,0.1570804100627389
202399,Jeff Adrien,MIL,2013-14,Rebounder,Very Good,53,961.9283333333332,362,306,38,24,36,39,0.52,0.0,0.639,0.553,0.52,0.164,0.115,104.3,107.5,-3.2,0.97,0.104,0.223,0.064,0.162,17.900000000000006,-0.29299432861211216,-0.8067929590473871,1.0755929267712405,-0.23979365609926226
201965,Jeff Ayres,SAS,2013-14,Rebounder,Very Good,73,952.255,240,258,60,13,25,63,0.58,0.0,0.691,0.605,0.58,0.12,0.068,107.6,101.4,6.2,0.95,0.102,0.172,0.085,0.139,24.0,-0.40576382657725585,-0.6078690299226834,0.6552187057476604,-0.10665723465252604
202379,Jeremy Evans,UTA,2013-14,Rebounder,Very Good,66,1209.4066666666668,401,310,44,42,46,40,0.527,0.0,0.68,0.549,0.527,0.149,0.102,98.8,106.2,-7.4,1.1,0.101,0.167,0.061,0.133,19.200000000000003,-0.3975468960509547,-0.8015677711181093,0.716756466270173,0.12426659438543097
202719,Jeremy Tyler,NYK,2013-14,Rebounder,Average,41,397.52166666666665,146,109,8,6,20,26,0.517,0.0,0.542,0.532,0.517,0.183,0.069,103.4,108.5,-5.1,0.31,0.099,0.189,0.032,0.144,16.900000000000006,-0.429741598892229,-1.0969486054348865,0.3235635683049353,-0.64693228808754
979,Jermaine O'Neal,GSW,2013-14,Rebounder,Very Good,44,883.3233333333334,349,242,25,14,40,52,0.504,0.0,0.75,0.57,0.504,0.181,0.1,104.0,101.8,2.1,0.48,0.099,0.164,0.045,0.134,23.60000000000001,-0.08072295418677115,-0.961364359601212,0.5490663768856144,0.031964218312073224
201149,Joakim Noah,CHI,2013-14,Rebounder,Elite,80,2819.695,1007,900,431,99,121,194,0.475,0.0,0.737,0.531,0.475,0.185,0.156,103.5,99.1,4.4,2.22,0.102,0.221,0.258,0.161,26.30000000000001,0.20009105923268747,1.7291504776054942,2.638960151163735,1.8908322749511195
200777,Joel Freeland,POR,2013-14,Rebounder,Average,52,727.2383333333333,174,208,36,10,22,32,0.475,0.0,0.69,0.498,0.475,0.12,0.071,105.8,103.9,1.9,1.13,0.113,0.155,0.072,0.134,21.5,-1.0651360297453147,-0.7692111150127259,0.45885150504099503,-0.3149804031004358
203089,John Henson,MIL,2013-14,Rebounder,Very Good,70,1856.3733333333328,779,497,113,41,116,114,0.538,0.0,0.514,0.543,0.538,0.201,0.118,99.4,110.9,-11.5,0.99,0.093,0.18,0.111,0.136,14.5,0.22140725026404154,-0.2667864031309073,1.2511572243296207,0.5459807389295334
202720,Jon Leuer,MEM,2013-14,Rebounder,Average,49,641.6566666666666,302,158,20,18,13,27,0.492,0.469,0.787,0.566,0.539,0.208,0.119,105.4,106.0,-0.6,0.74,0.061,0.208,0.052,0.133,19.400000000000006,0.06016591694988906,-0.9404392428684827,0.3134429215530508,-0.44653149322554814
201973,Jonas Jerebko,DET,2013-14,Rebounder,Average,64,741.085,270,175,39,21,6,43,0.471,0.419,0.729,0.577,0.546,0.158,0.095,101.0,106.2,-5.2,0.91,0.061,0.17,0.088,0.112,19.200000000000003,-0.2660420538533027,-0.6682895876870354,0.09101761707707429,-0.49802058744202066
202685,Jonas Valančiūnas,TOR,2013-14,Rebounder,Elite,81,2282.21,916,714,57,24,71,136,0.531,0.0,0.762,0.579,0.531,0.183,0.113,107.6,105.1,2.5,0.42,0.104,0.22,0.041,0.163,20.30000000000001,0.3942672800423437,-0.8660848506260563,2.170911043211354,0.25532880412708253
201941,Jordan Hill,LAL,2013-14,Rebounder,Elite,72,1499.7583333333334,696,535,54,29,64,75,0.549,0.0,0.685,0.579,0.549,0.194,0.129,99.4,108.8,-9.4,0.72,0.124,0.217,0.063,0.17,16.60000000000001,0.3161398177747596,-0.753535551224892,1.7851338568680313,0.01892107311397495
203482,Kelly Olynyk,BOS,2013-14,Rebounder,Very Good,70,1399.955,607,365,109,35,27,106,0.466,0.351,0.811,0.546,0.506,0.201,0.09,104.0,104.7,-0.7,1.03,0.097,0.164,0.123,0.129,20.700000000000003,0.1145222426183433,-0.21409332840125364,0.8117336711530421,-0.05236274966687666
202702,Kenneth Faried,DEN,2013-14,Rebounder,Elite,80,2178.0733333333333,1096,684,96,70,69,135,0.545,0.0,0.65,0.573,0.545,0.208,0.126,106.5,109.7,-3.2,0.71,0.103,0.204,0.071,0.152,15.700000000000003,0.6727809221424265,-0.554047289007347,1.951173488349912,0.4414450660555742
708,Kevin Garnett,BKN,2013-14,Rebounder,Very Good,54,1108.5533333333333,352,358,82,43,40,69,0.441,0.0,0.809,0.467,0.441,0.19,0.122,99.3,100.3,-1.0,1.19,0.059,0.28,0.13,0.172,25.10000000000001,-0.6015813976777763,-0.2741214207599662,1.3409651561686375,0.42057575609737324
201567,Kevin Love,MIN,2013-14,Rebounder,Elite,77,2796.5,2010,963,341,59,35,196,0.457,0.376,0.821,0.591,0.524,0.281,0.191,110.5,104.6,5.9,1.74,0.076,0.267,0.205,0.168,20.80000000000001,1.9692218880647008,1.1002426318444372,2.8953005820674096,0.2831251403821407
202338,Kevin Seraphin,WAS,2013-14,Rebounder,Average,53,578.425,249,128,17,3,26,41,0.505,0.0,0.871,0.533,0.505,0.21,0.073,97.9,99.5,-1.6,0.41,0.09,0.139,0.054,0.113,25.900000000000006,-0.15209270698680552,-0.9402430101656631,-0.020951522050513482,-0.08851951743851767
201585,Kosta Koufos,MEM,2013-14,Rebounder,Very Good,80,1349.365,514,418,39,32,71,67,0.495,0.0,0.645,0.514,0.495,0.187,0.104,101.4,99.7,1.7,0.58,0.118,0.195,0.047,0.156,25.700000000000003,-0.23799251541342983,-0.8986133744186418,1.2963334023136697,0.6554949529008914
2743,Kris Humphries,BOS,2013-14,Rebounder,Very Good,69,1375.8383333333334,579,409,67,31,61,64,0.501,0.0,0.813,0.552,0.501,0.189,0.132,98.7,104.3,-5.6,1.05,0.089,0.213,0.087,0.149,21.10000000000001,0.04078950497396267,-0.5708758839964811,1.1832754149279199,0.2736874447041428
203124,Kyle O'Quinn,ORL,2013-14,Rebounder,Very Good,69,1188.075,429,364,78,39,88,78,0.501,0.0,0.687,0.526,0.501,0.181,0.11,101.3,102.4,-1.2,1.0,0.09,0.213,0.104,0.154,23.0,-0.2746026325635717,-0.4348991727571673,1.127571650186384,0.7413837588876507
200746,LaMarcus Aldridge,POR,2013-14,Rebounder,Elite,69,2498.891666666667,1603,765,178,63,68,123,0.458,0.2,0.822,0.507,0.459,0.296,0.155,112.1,104.6,7.5,1.45,0.065,0.229,0.128,0.148,20.80000000000001,1.3052484628092043,0.06789363951467299,2.1151385364080784,0.6584469042367819
202361,Landry Fields,TOR,2013-14,Rebounder,Average,30,322.195,68,59,20,10,3,11,0.403,0.0,0.636,0.443,0.403,0.12,0.066,102.7,105.4,-2.7,1.82,0.049,0.138,0.096,0.094,20.0,-1.4560423076477393,-0.6932624961321245,-0.4460880761123432,-0.5953442317330676
202336,Larry Sanders,MIL,2013-14,Rebounder,Average,23,584.4316666666666,178,165,19,18,40,26,0.469,0.0,0.473,0.478,0.469,0.163,0.084,96.4,105.4,-9.1,0.73,0.095,0.185,0.055,0.138,20.0,-0.8618214293034282,-0.9272659741860694,0.3957148431621093,-0.13810716011288873
202730,Lavoy Allen,IND,2013-14,Rebounder,Very Good,65,1071.4583333333333,303,311,71,24,33,44,0.447,0.154,0.66,0.47,0.45,0.139,0.087,94.7,103.5,-8.8,1.61,0.098,0.179,0.105,0.136,21.900000000000006,-0.9931096720049034,-0.45503935867861794,0.7576288077678792,-0.0351273479104696
2449,Luis Scola,IND,2013-14,Rebounder,Very Good,82,1399.125,626,391,81,26,16,108,0.47,0.143,0.728,0.505,0.471,0.234,0.115,98.5,98.3,0.2,0.75,0.063,0.215,0.106,0.141,27.10000000000001,0.13538099613837093,-0.412624792120318,1.0335973659845026,0.11912280017133492
202337,Luke Babbitt,NOP,2013-14,Rebounder,Average,27,473.39,170,88,29,7,11,15,0.39,0.379,0.778,0.525,0.506,0.173,0.072,114.8,106.9,7.9,1.93,0.042,0.16,0.089,0.101,18.5,-0.5256615985926919,-0.6994688475755009,-0.279962517053288,-0.633620621097677
201188,Marc Gasol,MEM,2013-14,Rebounder,Very Good,59,1970.2316666666663,859,424,215,59,76,111,0.473,0.182,0.768,0.526,0.474,0.22,0.131,103.4,103.3,0.0,1.94,0.046,0.185,0.18,0.116,22.10000000000001,0.32099020857918076,0.49616019185688476,0.8026675016284495,0.7743222420724675
101162,Marcin Gortat,WAS,2013-14,Rebounder,Elite,81,2654.975,1068,767,138,41,121,126,0.542,1.0,0.686,0.568,0.542,0.179,0.125,105.9,100.4,5.5,1.1,0.077,0.218,0.08,0.147,25.0,0.4117070911759737,-0.3489413734548847,2.107705639270729,1.2134921469646731
202693,Markieff Morris,PHX,2013-14,Rebounder,Very Good,81,2153.1,1115,485,144,68,51,147,0.486,0.315,0.792,0.564,0.507,0.228,0.122,107.1,103.6,3.4,0.98,0.066,0.159,0.112,0.113,21.80000000000001,0.7814345673084376,-0.14709831880350377,0.9263046323179905,0.5970115059256111
201578,Marreese Speights,GSW,2013-14,Rebounder,Very Good,79,982.23,508,290,32,10,34,66,0.441,0.258,0.821,0.507,0.45,0.243,0.103,94.6,99.1,-4.6,0.48,0.097,0.185,0.061,0.141,26.30000000000001,0.1276048331812646,-0.8457240669861685,0.7656061290343096,0.08845160517404745
101107,Marvin Williams,UTA,2013-14,Rebounder,Average,66,1673.5816666666667,603,334,78,54,31,53,0.439,0.359,0.781,0.54,0.519,0.167,0.088,104.9,110.6,-5.7,1.47,0.05,0.16,0.075,0.104,14.800000000000011,-0.17156396051143344,-0.597811119469767,0.4109875774424109,-0.16167958061872442
203486,Mason Plumlee,BKN,2013-14,Rebounder,Very Good,70,1274.7616666666668,520,308,60,49,55,77,0.659,0.0,0.626,0.67,0.659,0.168,0.114,104.8,108.1,-3.3,0.78,0.084,0.175,0.082,0.13,17.30000000000001,0.5191808665559915,-0.6247219899274351,0.6732307461888014,0.17621942838721286
203086,Meyers Leonard,POR,2013-14,Rebounder,Average,40,355.21166666666664,98,111,18,7,5,15,0.451,0.0,0.762,0.489,0.451,0.135,0.063,96.2,108.1,-12.0,1.2,0.07,0.234,0.08,0.151,17.30000000000001,-1.06159394341306,-0.7905043321354768,0.41804790560502797,-0.7648310151755147
203077,Michael Kidd-Gilchrist,CHA,2013-14,Rebounder,Average,62,1502.0683333333334,448,324,52,43,39,60,0.473,0.111,0.614,0.516,0.475,0.153,0.075,102.0,100.6,1.4,0.87,0.075,0.141,0.055,0.109,24.80000000000001,-0.5230496626883792,-0.8058361605489065,0.4481520631291597,0.3928318895794501
203488,Mike Muscala,ATL,2013-14,Rebounder,Average,20,214.97,76,52,7,3,10,12,0.425,0.0,1.0,0.48,0.425,0.185,0.065,92.8,114.5,-21.7,0.58,0.078,0.181,0.058,0.127,10.900000000000006,-0.7628929425168399,-0.9545693100493768,-0.04425313414355048,-1.1317190672302164
203101,Miles Plumlee,PHX,2013-14,Rebounder,Elite,80,1963.7183333333328,646,626,43,50,90,111,0.517,0.0,0.561,0.529,0.517,0.16,0.101,105.6,104.3,1.3,0.39,0.101,0.216,0.033,0.159,21.10000000000001,-0.2546908291267661,-0.9625417558181298,1.8864551106300884,0.7639597966211727
203545,Miroslav Raduljica,MIL,2013-14,Rebounder,Average,48,464.5466666666667,181,108,23,7,13,28,0.54,0.0,0.818,0.603,0.54,0.167,0.08,100.3,105.5,-5.2,0.82,0.114,0.116,0.084,0.115,19.900000000000006,-0.11568402892914949,-0.7496352621841165,-0.04853978511445839,-0.5311291480222281
203141,Mirza Teletovic,BKN,2013-14,Rebounder,Average,72,1395.5883333333334,622,266,57,29,23,54,0.418,0.39,0.71,0.559,0.546,0.197,0.09,105.0,109.0,-4.0,1.06,0.045,0.157,0.069,0.1,16.400000000000006,0.17038551897004672,-0.7087905572483739,0.17959921653445102,-0.4076458860218993
1737,Nazr Mohammed,CHI,2013-14,Rebounder,Very Good,80,562.4383333333334,124,175,20,14,30,37,0.429,0.0,0.533,0.445,0.429,0.144,0.081,92.5,93.1,-0.6,0.54,0.121,0.188,0.066,0.156,32.30000000000001,-1.228531325522936,-0.8617920961796415,0.6515624064830072,0.44195525121202045
201593,Nikola Pekovic,MIN,2013-14,Rebounder,Very Good,54,1663.4366666666667,944,468,50,30,23,84,0.541,0.0,0.747,0.582,0.541,0.223,0.125,110.6,102.9,7.7,0.6,0.117,0.163,0.049,0.139,22.5,0.72443134131137,-0.8469014632030865,1.2124282083173687,-0.03888100528162201
202696,Nikola Vučević,ORL,2013-14,Rebounder,Elite,57,1812.265,811,626,104,60,47,112,0.507,0.0,0.766,0.536,0.507,0.214,0.134,101.6,106.7,-5.1,0.93,0.101,0.248,0.098,0.174,18.700000000000003,0.2996275294970097,-0.3729331183858757,2.0775499252002927,0.29151125375336706
203136,Ognjen Kuzmic,GSW,2013-14,Rebounder,Average,21,92.46666666666668,15,21,2,3,4,10,0.385,0.0,0.455,0.42,0.385,0.12,-0.01,85.0,114.6,-29.7,0.2,0.088,0.121,0.034,0.103,10.800000000000011,-1.6257665336873668,-1.1077914466990815,-0.4322595735495012,-1.1982993187536015
201600,Omer Asik,HOU,2013-14,Rebounder,Very Good,48,968.0883333333334,280,378,25,14,37,59,0.532,0.0,0.619,0.57,0.532,0.134,0.109,105.0,102.0,3.1,0.42,0.104,0.263,0.039,0.187,23.400000000000006,-0.47454488749838647,-0.9950702796107154,1.5851275424121476,-0.010139108707045005
200782,P.J. Tucker,PHX,2013-14,Rebounder,Very Good,81,2490.1266666666666,760,529,141,110,23,102,0.431,0.387,0.776,0.54,0.491,0.139,0.088,108.3,105.9,2.4,1.38,0.064,0.146,0.08,0.105,19.5,-0.26331707603507654,-0.3379022994878699,0.9411360555618203,0.6137640046348252
202335,Patrick Patterson,TOR,2013-14,Rebounder,Average,65,1532.46,555,342,78,55,37,65,0.46,0.364,0.704,0.533,0.516,0.17,0.095,107.0,101.6,5.3,1.2,0.074,0.15,0.083,0.111,23.80000000000001,-0.22424041645832452,-0.5528698927904291,0.5213921862444952,0.43817864178354576
2200,Pau Gasol,LAL,2013-14,Rebounder,Elite,60,1884.2216666666664,1041,580,201,27,92,141,0.48,0.286,0.736,0.522,0.482,0.261,0.136,102.2,110.8,-8.6,1.43,0.065,0.228,0.184,0.148,14.600000000000009,0.729508933977239,0.46711512668381794,1.6242634984300022,0.16397798922437665
203544,Pero Antic,ATL,2013-14,Rebounder,Average,50,924.8083333333332,352,209,58,19,12,55,0.418,0.327,0.758,0.545,0.514,0.178,0.077,104.9,99.9,5.0,1.05,0.061,0.168,0.1,0.114,25.5,-0.24345935864902954,-0.5309636125436015,0.20671179753105431,-0.08788407648834336
203113,Quincy Miller,DEN,2013-14,Rebounder,Average,52,789.1016666666667,257,147,26,22,32,48,0.367,0.319,0.709,0.459,0.426,0.169,0.052,103.5,107.0,-3.5,0.54,0.042,0.141,0.047,0.09,18.400000000000006,-0.869560959161543,-0.9464493616090393,-0.26354937796852,-0.27160890046342495
2501,Reggie Evans,SAC,2013-14,Rebounder,Very Good,54,898.9816666666667,214,334,21,37,3,58,0.473,0.0,0.554,0.516,0.473,0.132,0.082,101.6,107.5,-5.8,0.36,0.125,0.26,0.037,0.19,17.900000000000006,-0.8455286360586758,-1.021024351569903,1.5065978476449164,-0.4389722500026004
203133,Robbie Hummel,MIN,2013-14,Rebounder,Average,53,655.1533333333333,181,132,23,16,2,10,0.379,0.36,0.938,0.492,0.469,0.123,0.072,104.4,101.9,2.5,2.3,0.049,0.152,0.052,0.098,23.5,-1.0724317582458047,-0.9294001689014679,-0.20143282228605675,-0.3376521554330096
203135,Robert Sacre,LAL,2013-14,Rebounder,Average,65,1088.8,350,254,51,24,47,44,0.477,0.0,0.681,0.513,0.477,0.154,0.07,101.5,107.1,-5.6,1.16,0.073,0.153,0.072,0.113,18.30000000000001,-0.6035543845389462,-0.7140157451776519,0.31337417949131147,-0.10499968204566314
201577,Robin Lopez,POR,2013-14,Rebounder,Elite,82,2603.616666666667,908,700,73,25,139,84,0.551,0.0,0.818,0.605,0.551,0.139,0.102,110.6,104.6,6.0,0.87,0.122,0.138,0.041,0.13,20.80000000000001,0.21505281902474202,-0.807209789468644,1.7133551509855902,0.9830550567990773
203497,Rudy Gobert,UTA,2013-14,Rebounder,Very Good,45,433.69166666666666,104,155,7,8,41,32,0.486,0.0,0.492,0.507,0.486,0.134,0.09,94.7,96.7,-2.0,0.22,0.114,0.226,0.026,0.171,28.700000000000003,-0.9616718802408224,-1.134334216766728,0.7895896493799062,0.27956234743773695
2223,Samuel Dalembert,DAL,2013-14,Rebounder,Elite,80,1613.68,529,541,38,41,94,90,0.568,0.0,0.737,0.605,0.568,0.148,0.101,105.5,104.6,0.8,0.42,0.133,0.218,0.035,0.176,20.80000000000001,0.007621712487236421,-0.9697049057599868,1.8774920541981044,0.6935509836738049
1890,Shawn Marion,DAL,2013-14,Rebounder,Very Good,76,2408.693333333333,791,497,124,90,37,95,0.482,0.358,0.785,0.537,0.523,0.155,0.093,106.8,109.2,-2.4,1.31,0.058,0.153,0.076,0.107,16.200000000000003,-0.14098635473050125,-0.42292766530728937,0.881707249493892,0.35429081424824355
201150,Spencer Hawes,CLE,2013-14,Rebounder,Very Good,80,2469.583333333333,1053,660,240,44,94,173,0.456,0.416,0.783,0.554,0.529,0.194,0.111,100.6,110.2,-9.6,1.39,0.051,0.203,0.152,0.128,15.200000000000003,0.43065158132941916,0.43085818153765904,1.5817406990296186,0.39560889221152573
203093,Terrence Jones,HOU,2013-14,Rebounder,Very Good,76,2078.06,921,528,87,53,99,71,0.542,0.307,0.605,0.577,0.564,0.181,0.122,109.9,107.3,2.6,1.23,0.082,0.167,0.067,0.127,18.10000000000001,0.3717969881670476,-0.6096351242480602,1.2187550716811215,0.7098370363152536
203080,Thomas Robinson,POR,2013-14,Rebounder,Very Good,70,872.975,339,307,34,23,20,57,0.481,0.0,0.564,0.502,0.481,0.191,0.092,104.0,109.0,-4.9,0.6,0.113,0.229,0.061,0.17,16.400000000000006,-0.40352208463550915,-0.8383646843414919,1.180163539792348,-0.5001664556609885
201168,Tiago Splitter,SAS,2013-14,Rebounder,Very Good,59,1271.165,483,363,90,29,31,75,0.523,0.0,0.699,0.572,0.523,0.171,0.111,104.8,94.8,10.0,1.2,0.097,0.176,0.103,0.138,30.60000000000001,-0.04585874557641034,-0.3963605302240253,0.9210838027278343,0.5076102117056175
1495,Tim Duncan,SAS,2013-14,Rebounder,Elite,74,2158.1583333333333,1119,721,220,43,139,159,0.49,0.0,0.731,0.535,0.49,0.251,0.154,108.2,101.5,6.7,1.38,0.079,0.255,0.159,0.171,23.900000000000006,0.7868817006403862,0.3965879284353143,2.2914019277344533,1.35169908234215
202389,Timofey Mozgov,DEN,2013-14,Rebounder,Very Good,82,1770.04,770,528,62,27,100,122,0.523,0.167,0.754,0.584,0.527,0.186,0.11,105.5,104.5,1.0,0.51,0.094,0.187,0.055,0.141,20.900000000000006,0.3395286632191641,-0.7690392473255239,1.3971102319466455,0.6150721540608227
202699,Tobias Harris,ORL,2013-14,Rebounder,Very Good,61,1849.545,893,424,82,41,24,78,0.464,0.254,0.807,0.542,0.486,0.218,0.116,101.4,107.7,-6.3,1.05,0.047,0.187,0.077,0.115,17.700000000000003,0.4223488873696973,-0.5718570475105794,0.7899278473237692,-0.19681098919473028
203502,Tony Mitchell,DET,2013-14,Rebounder,Average,21,79.12833333333333,22,26,2,6,3,4,0.417,1.0,0.579,0.54,0.458,0.129,0.098,99.4,93.1,6.2,0.5,0.156,0.167,0.04,0.16,32.30000000000001,-0.8687298082774445,-1.0740855266895784,0.30716761473560217,0.08589281962256685
202344,Trevor Booker,WAS,2013-14,Rebounder,Very Good,72,1553.4216666666666,491,379,64,41,45,58,0.551,0.0,0.618,0.563,0.551,0.142,0.09,106.3,107.2,-1.0,1.1,0.097,0.159,0.061,0.127,18.200000000000003,-0.30384135981174726,-0.7279739446713439,0.8234016627149953,0.04503309239454396
202684,Tristan Thompson,CLE,2013-14,Rebounder,Elite,82,2593.6116666666667,961,754,72,42,35,108,0.477,0.0,0.693,0.528,0.477,0.173,0.098,103.7,108.7,-5.0,0.67,0.099,0.193,0.044,0.144,16.700000000000003,0.06191981499442976,-0.7940365207862305,2.034992754769039,-0.1339121972721232
201946,Tyler Hansbrough,TOR,2013-14,Rebounder,Very Good,64,978.03,312,287,17,28,19,47,0.474,0.0,0.681,0.562,0.474,0.144,0.09,102.1,101.9,0.2,0.36,0.118,0.178,0.029,0.147,23.5,-0.4240035906610075,-1.0806843435385938,0.8340839191113956,-0.04131891212103341
203092,Tyler Zeller,CLE,2013-14,Rebounder,Very Good,70,1049.4083333333333,399,282,36,18,38,60,0.538,0.0,0.719,0.581,0.538,0.168,0.099,100.8,101.5,-0.7,0.6,0.098,0.167,0.055,0.132,23.900000000000006,-0.07693887620955438,-0.8647112217063188,0.6297222116228649,0.07080114457402657
2199,Tyson Chandler,NYK,2013-14,Rebounder,Elite,55,1661.9133333333334,480,529,59,36,63,71,0.593,0.0,0.632,0.615,0.593,0.128,0.113,108.3,107.5,0.8,0.83,0.099,0.238,0.054,0.167,17.900000000000006,-0.11694886442737824,-0.7856959746274559,1.7309946224519988,0.1577142272434391
2617,Udonis Haslem,MIA,2013-14,Rebounder,Very Good,46,652.87,173,175,13,11,15,24,0.507,0.0,0.568,0.523,0.507,0.137,0.073,102.2,107.3,-5.1,0.54,0.071,0.231,0.032,0.15,18.10000000000001,-0.7984705785189058,-1.0785501488231952,0.5751244806549254,-0.5752071833519398
203139,Viacheslav Kravtsov,PHX,2013-14,Rebounder,Average,20,59.46666666666667,20,17,1,0,1,6,0.533,0.0,0.5,0.54,0.533,0.168,0.052,79.4,115.5,-36.1,0.17,0.132,0.154,0.034,0.142,9.900000000000006,-0.5846733056316579,-1.11147113802142,0.05397342999836918,-1.3126150071223075
203543,Vitor Faverani,BOS,2013-14,Rebounder,Average,37,487.615,164,128,16,14,27,41,0.435,0.3,0.649,0.502,0.476,0.189,0.071,92.7,101.5,-8.9,0.39,0.087,0.175,0.059,0.131,23.900000000000006,-0.5443641118127255,-0.9158344348134152,0.20836225543373194,-0.08193641121301898
2216,Zach Randolph,MEM,2013-14,Rebounder,Elite,79,2705.005,1372,795,200,54,23,183,0.467,0.1,0.742,0.51,0.468,0.258,0.128,106.6,103.6,3.0,1.09,0.102,0.211,0.124,0.156,21.80000000000001,0.8776373497479962,0.12637623526644592,2.2966571283554793,0.16866343270321335
2585,Zaza Pachulia,MIL,2013-14,Rebounder,Very Good,53,1324.575,408,333,136,45,14,92,0.427,0.0,0.846,0.502,0.427,0.167,0.09,102.5,108.9,-6.4,1.48,0.107,0.162,0.16,0.133,16.5,-0.5294543778919213,0.0931115106938171,0.7777841736944744,-0.32704578753161107
203932,Aaron Gordon,ORL,2014-15,Rebounder,Average,47,796.925,243,169,33,21,22,38,0.447,0.271,0.721,0.517,0.478,0.151,0.074,97.9,105.8,-7.9,0.87,0.058,0.151,0.064,0.105,19.60000000000001,-0.6798086216141992,-0.8251914156590785,-0.01408023455767951,-0.3126392933730589
203940,Adreian Payne,MIN,2014-15,Rebounder,Average,32,739.6383333333333,213,162,30,19,9,44,0.414,0.111,0.652,0.443,0.416,0.173,0.047,98.8,115.8,-17.0,0.68,0.066,0.168,0.067,0.115,9.600000000000009,-0.9634901631404421,-0.8193775296213415,0.0947426584034666,-1.0524358017846513
2744,Al Jefferson,CHA,2014-15,Rebounder,Very Good,65,1991.7733333333333,1082,548,113,47,84,68,0.481,0.4,0.655,0.5,0.482,0.265,0.142,99.8,103.2,-3.4,1.66,0.049,0.23,0.11,0.137,22.200000000000003,0.6625721719778981,-0.27240405646582455,1.3992191864012302,0.7368010663422543
203458,Alex Len,PHX,2014-15,Rebounder,Very Good,69,1518.0,432,454,32,34,105,74,0.507,0.333,0.702,0.542,0.508,0.133,0.084,102.5,102.9,-0.3,0.43,0.092,0.196,0.03,0.145,22.5,-0.5323417456155064,-1.0198713203686025,1.2517188339741363,0.8321964947235726
201582,Alexis Ajinca,NOP,2014-15,Rebounder,Very Good,68,956.5366666666666,443,315,47,21,51,69,0.55,0.0,0.818,0.595,0.55,0.21,0.134,103.0,103.2,-0.2,0.68,0.115,0.22,0.084,0.169,22.200000000000003,0.34229743032376286,-0.6613226704479981,1.18865091415699,0.13352931784475064
2405,Amar'e Stoudemire,DAL,2014-15,Rebounder,Very Good,59,1244.375,680,329,45,29,38,78,0.557,0.0,0.72,0.595,0.557,0.232,0.131,103.8,106.3,-2.5,0.58,0.091,0.187,0.064,0.138,19.10000000000001,0.6742603325535158,-0.7810351197910193,0.8308689308832148,-0.0972463033421543
101161,Amir Johnson,TOR,2014-15,Rebounder,Very Good,75,1978.75,694,456,117,44,59,110,0.574,0.413,0.612,0.603,0.592,0.155,0.093,107.6,105.8,1.8,1.06,0.082,0.146,0.092,0.115,19.60000000000001,0.16641958826393652,-0.35880305120498157,0.8748359620010582,0.30001822232179903
2760,Anderson Varejao,CLE,2014-15,Rebounder,Average,26,635.6016666666667,255,170,35,19,16,35,0.555,0.0,0.733,0.58,0.555,0.182,0.112,105.8,105.7,0.1,1.0,0.096,0.191,0.09,0.144,19.700000000000003,-0.08401510967704644,-0.671773046306554,0.4854196619085172,-0.38819133576316794
203083,Andre Drummond,DET,2014-15,Rebounder,Elite,82,2501.858333333333,1130,1104,55,73,153,120,0.514,0.0,0.389,0.504,0.514,0.217,0.125,104.9,105.5,-0.6,0.46,0.162,0.272,0.037,0.215,19.900000000000006,0.3686743264218369,-0.8959148466104017,3.8681907146841867,1.569165766336513
101106,Andrew Bogut,GSW,2014-15,Rebounder,Elite,67,1582.5333333333333,422,543,180,39,113,106,0.563,0.0,0.524,0.565,0.563,0.131,0.113,112.6,95.7,16.9,1.7,0.092,0.237,0.149,0.168,29.700000000000003,-0.42269086640203063,0.1932237421926113,1.7808815769279929,1.3879766817961314
203461,Anthony Bennett,MIN,2014-15,Rebounder,Average,57,893.825,298,216,48,27,16,36,0.421,0.304,0.641,0.458,0.433,0.172,0.079,96.9,113.3,-16.4,1.33,0.054,0.202,0.087,0.121,12.100000000000009,-0.8237499429711588,-0.6407900191209082,0.31446302774947327,-0.7518359626328918
201229,Anthony Tolliver,DET,2014-15,Rebounder,Average,76,1432.785,482,236,59,24,16,51,0.41,0.366,0.783,0.569,0.545,0.145,0.069,106.5,103.3,3.2,1.16,0.034,0.134,0.061,0.082,22.10000000000001,-0.2540650367886387,-0.7463724012830353,-0.12931591845975265,-0.1953733009528018
203382,Aron Baynes,SAS,2014-15,Rebounder,Very Good,70,1122.34,461,318,35,16,22,65,0.566,0.25,0.865,0.618,0.567,0.172,0.106,104.3,97.5,6.8,0.54,0.1,0.18,0.049,0.141,27.900000000000006,0.20860312530882244,-0.9020968330381605,0.8399007293769374,0.1232176948462526
201948,Austin Daye,ATL,2014-15,Rebounder,Average,34,343.99333333333334,129,75,17,12,5,23,0.355,0.338,0.833,0.449,0.44,0.211,0.066,98.4,102.8,-4.4,0.74,0.028,0.18,0.083,0.105,22.60000000000001,-0.7115831377434345,-0.7773310634530635,-0.26349782142221556,-0.4016244227215915
101138,Brandon Bass,BOS,2014-15,Rebounder,Average,82,1928.67,866,398,104,41,32,83,0.504,0.281,0.79,0.557,0.51,0.195,0.11,100.6,103.5,-2.9,1.25,0.07,0.131,0.091,0.1,21.900000000000006,0.32026982177247026,-0.41225669173029633,0.5298451895782677,0.13089835803776081
203561,Brandon Davies,PHI,2014-15,Rebounder,Average,27,422.845,142,83,30,18,7,29,0.401,0.235,0.649,0.463,0.431,0.183,0.05,94.7,112.7,-18.0,1.03,0.084,0.119,0.123,0.1,12.700000000000003,-0.8271361925966904,-0.5047889428659768,-0.3059690642762947,-0.9008926000756506
2217,Brendan Haywood,CLE,2014-15,Rebounder,Average,22,119.03,35,29,2,2,10,10,0.467,0.0,0.538,0.49,0.467,0.169,0.05,82.5,105.9,-23.3,0.2,0.048,0.176,0.032,0.114,19.5,-0.8524123997204535,-1.119026753368916,-0.27089634752869557,-0.6367902247428067
201572,Brook Lopez,BKN,2014-15,Rebounder,Very Good,72,2100.275,1236,535,50,43,126,104,0.513,0.1,0.814,0.558,0.513,0.257,0.13,103.2,106.3,-3.2,0.48,0.102,0.152,0.044,0.127,19.10000000000001,1.0466823506952243,-0.8749897298776725,1.2373287217667785,0.938149610064595
201171,Carl Landry,SAC,2014-15,Rebounder,Average,70,1191.7133333333334,503,268,26,15,17,54,0.515,0.0,0.82,0.578,0.515,0.18,0.096,98.6,107.4,-8.8,0.48,0.082,0.135,0.04,0.109,18.0,0.06875378885220085,-0.9857729349534599,0.2995628624439042,-0.5194022710974977
2430,Carlos Boozer,LAL,2014-15,Rebounder,Very Good,71,1691.71,836,482,95,41,12,92,0.499,0.0,0.627,0.517,0.499,0.231,0.115,101.2,110.6,-9.3,1.03,0.062,0.223,0.101,0.14,14.800000000000011,0.3334712600344965,-0.3891973802821684,1.2623151627933629,-0.4886091148751575
201978,Chase Budinger,MIN,2014-15,Rebounder,Average,67,1285.88,457,198,64,44,10,49,0.433,0.364,0.827,0.537,0.5,0.161,0.086,98.9,108.2,-9.3,1.31,0.026,0.131,0.082,0.078,17.200000000000003,-0.33792720553425454,-0.610003224638082,-0.28110292185775443,-0.33674873394756116
2365,Chris Andersen,MIA,2014-15,Rebounder,Very Good,60,1131.71,320,299,43,26,61,40,0.58,0.308,0.667,0.622,0.589,0.123,0.12,100.0,100.4,-0.4,1.08,0.075,0.201,0.063,0.141,25.0,-0.22891235040399946,-0.794012155770613,0.789486536287297,0.4510238627056426
2549,Chris Kaman,POR,2014-15,Rebounder,Elite,74,1398.1716666666666,638,484,65,18,54,108,0.515,0.0,0.706,0.537,0.515,0.222,0.124,102.4,103.1,-0.7,0.6,0.105,0.235,0.079,0.17,22.30000000000001,0.23915015702916395,-0.6231764933204955,1.649811549101102,0.13867308854398316
203469,Cody Zeller,CHA,2014-15,Rebounder,Very Good,62,1486.685,472,362,100,34,49,62,0.461,1.0,0.774,0.53,0.462,0.153,0.1,101.2,100.0,1.2,1.61,0.064,0.175,0.106,0.119,25.400000000000006,-0.42569658149139405,-0.3427106569958909,0.6763769923552431,0.4360070681950691
202332,Cole Aldrich,NYK,2014-15,Rebounder,Very Good,61,976.2983333333332,338,338,75,37,65,59,0.478,0.0,0.781,0.513,0.478,0.178,0.133,91.6,105.1,-13.5,1.27,0.099,0.249,0.143,0.172,20.30000000000001,-0.43651660217529553,-0.22684976666241022,1.287897584495332,0.3293217383067026
203928,Cory Jefferson,BKN,2014-15,Rebounder,Average,50,531.1583333333333,183,145,16,10,21,20,0.449,0.133,0.574,0.48,0.455,0.17,0.087,102.9,94.7,8.2,0.8,0.087,0.173,0.047,0.131,30.700000000000003,-0.7955372377893806,-0.9832462748324219,0.25346969135604164,0.21544514335191542
101135,David Lee,GSW,2014-15,Rebounder,Very Good,49,904.3733333333332,388,257,85,31,26,49,0.511,0.0,0.654,0.541,0.511,0.192,0.121,104.9,103.6,1.3,1.73,0.086,0.19,0.142,0.138,21.80000000000001,-0.13788139301717564,-0.1956705067739448,0.6398256728593148,-0.039295522868743625
2561,David West,IND,2014-15,Rebounder,Very Good,66,1895.31,769,449,223,48,48,120,0.471,0.2,0.739,0.508,0.474,0.208,0.121,101.8,103.1,-1.2,1.86,0.056,0.171,0.199,0.115,22.30000000000001,0.06532536830724472,0.6323331357990183,0.8562623119154011,0.38880919267490616
201599,DeAndre Jordan,LAC,2014-15,Rebounder,Elite,82,2820.0416666666665,946,1226,61,81,183,109,0.71,0.25,0.397,0.638,0.711,0.134,0.132,116.1,104.5,11.7,0.56,0.144,0.289,0.03,0.218,20.900000000000006,0.39453276279283295,-0.9131602720207928,4.230121864805392,2.014335264984687
201971,DeJuan Blair,WAS,2014-15,Rebounder,Average,29,180.3683333333333,56,56,3,7,1,13,0.456,0.0,0.667,0.469,0.456,0.172,0.051,91.6,105.9,-14.3,0.23,0.092,0.207,0.029,0.153,19.5,-0.9353750862156774,-1.1322000220513295,0.2975913921127984,-0.6760405860788997
202326,DeMarcus Cousins,SAC,2014-15,Rebounder,Elite,59,2013.1816666666664,1421,747,210,90,103,254,0.467,0.25,0.782,0.545,0.468,0.334,0.18,105.2,104.2,1.1,0.83,0.096,0.269,0.202,0.186,21.200000000000003,1.6694440513814133,0.6013501086133726,2.5514845854799546,1.3158168136985429
202324,Derrick Favors,UTA,2014-15,Rebounder,Very Good,74,2279.61,1187,607,112,60,123,121,0.525,0.167,0.669,0.558,0.526,0.237,0.138,105.0,103.4,1.5,0.93,0.09,0.185,0.09,0.138,22.0,0.8649364117548647,-0.38843681448650735,1.5685081771421618,1.2543289456502371
203473,Dewayne Dedmon,ORL,2014-15,Rebounder,Very Good,59,845.0616666666666,216,295,9,16,50,51,0.562,0.0,0.531,0.568,0.562,0.124,0.08,97.0,97.6,-0.6,0.18,0.135,0.208,0.016,0.171,27.80000000000001,-0.6053383121760998,-1.183151367471224,1.161062651093045,0.4006312194273333
202700,Donatas Motiejunas,HOU,2014-15,Rebounder,Very Good,71,2036.9683333333328,855,421,130,56,34,123,0.504,0.368,0.602,0.553,0.539,0.19,0.097,105.1,102.4,2.7,1.06,0.066,0.14,0.109,0.102,23.0,0.2528646283917149,-0.2154669573209912,0.6163522056119295,0.3711838726730374
2400,Drew Gooden,WAS,2014-15,Rebounder,Average,51,863.73,277,223,49,21,9,28,0.399,0.39,0.773,0.469,0.44,0.167,0.086,101.5,101.3,0.1,1.75,0.085,0.166,0.089,0.127,24.10000000000001,-0.8126035826303566,-0.6258750211287355,0.409474603663212,-0.17977028769024017
2730,Dwight Howard,HOU,2014-15,Rebounder,Very Good,41,1222.7733333333333,646,431,50,28,53,115,0.593,0.5,0.528,0.596,0.595,0.232,0.141,106.9,97.5,9.3,0.43,0.092,0.259,0.072,0.177,27.900000000000006,0.6554588050780884,-0.7176954364999901,1.5983600642996043,0.5611954342012441
203939,Dwight Powell,DAL,2014-15,Rebounder,Average,29,236.35166666666663,90,50,9,9,6,11,0.463,0.273,0.758,0.552,0.485,0.166,0.068,104.1,103.0,1.1,0.82,0.071,0.147,0.058,0.106,22.400000000000006,-0.48022341011002534,-0.9472099274047003,-0.31709263170916724,-0.43434198254335543
202334,Ed Davis,LAL,2014-15,Rebounder,Elite,79,1840.0333333333333,656,600,94,49,98,58,0.601,0.0,0.487,0.594,0.601,0.144,0.121,101.9,108.5,-6.6,1.62,0.118,0.208,0.082,0.161,16.900000000000006,0.007032800328217996,-0.499612484967934,1.8429465760641515,0.5877685104995302
202683,Enes Freedom,OKC,2014-15,Rebounder,Elite,75,2135.64,1163,671,55,36,29,145,0.519,0.356,0.782,0.564,0.528,0.238,0.124,108.5,109.1,-0.7,0.38,0.128,0.191,0.044,0.159,16.30000000000001,0.8892545366737067,-0.8565912732659811,2.0058571468950257,-0.28028702894023044
203105,Festus Ezeli,GSW,2014-15,Rebounder,Average,46,503.625,201,155,9,7,42,32,0.547,0.0,0.628,0.58,0.547,0.173,0.091,101.2,99.8,1.4,0.28,0.115,0.165,0.028,0.141,25.60000000000001,-0.188841490568213,-1.115739527452217,0.4074000202394971,0.09717895584903984
203476,Gorgui Dieng,MIN,2014-15,Rebounder,Elite,73,2193.028333333333,710,609,146,71,126,126,0.506,0.167,0.783,0.573,0.507,0.149,0.112,100.6,109.0,-8.4,1.16,0.101,0.186,0.105,0.142,16.400000000000006,-0.037491007292032884,-0.17906250950324787,1.6247735515282133,1.069630149703672
202328,Greg Monroe,DET,2014-15,Rebounder,Elite,69,2137.1966666666667,1098,704,142,78,34,149,0.496,0.0,0.75,0.549,0.496,0.234,0.15,103.0,103.7,-0.7,0.95,0.099,0.23,0.119,0.16,21.700000000000003,0.7273348848168508,-0.11513412810375974,2.10615829446066,0.5227527797515468
203084,Harrison Barnes,GSW,2014-15,Rebounder,Very Good,82,2318.3316666666665,827,453,116,61,19,71,0.482,0.405,0.72,0.573,0.548,0.147,0.089,110.0,98.4,11.6,1.63,0.051,0.133,0.068,0.094,27.0,0.03224245358888522,-0.4973064225653333,0.5993430858517761,0.5062474275165195
202355,Hassan Whiteside,MIA,2014-15,Rebounder,Elite,48,1142.2066666666667,564,482,6,27,123,58,0.628,0.0,0.5,0.619,0.628,0.202,0.173,104.7,106.8,-2.1,0.1,0.134,0.293,0.009,0.216,18.60000000000001,0.5082134634072615,-1.2335140147826593,2.230528889949065,0.7126380735176351
203156,Henry Sims,PHI,2014-15,Rebounder,Very Good,73,1398.611666666667,586,359,79,39,30,99,0.474,0.182,0.774,0.521,0.478,0.2,0.111,90.7,102.9,-12.2,0.8,0.08,0.17,0.109,0.123,22.5,-0.05088077207618141,-0.40313121476024283,0.7193754738229685,0.12519350918469307
101133,Ian Mahinmi,IND,2014-15,Rebounder,Very Good,61,1145.8516666666667,265,356,33,30,46,59,0.552,0.0,0.304,0.516,0.552,0.122,0.073,100.5,99.2,1.4,0.56,0.09,0.215,0.045,0.153,26.200000000000003,-0.881954861185057,-0.9319268290225058,1.0936049672123815,0.41121296447220573
201581,JJ Hickson,DEN,2014-15,Rebounder,Very Good,73,1411.2733333333333,552,452,57,36,35,96,0.475,0.0,0.577,0.504,0.475,0.197,0.1,98.2,105.8,-7.6,0.59,0.099,0.205,0.069,0.152,19.60000000000001,-0.19455939739096453,-0.7087905572483739,1.3355896569395678,-0.02569181725843703
203210,JaMychal Green,MEM,2014-15,Rebounder,Average,24,163.93,62,45,4,5,5,14,0.574,0.0,0.8,0.603,0.574,0.168,0.092,95.3,101.2,-5.9,0.29,0.11,0.167,0.04,0.137,24.200000000000003,-0.19418026973781788,-1.0667261440449016,0.06456975881759575,-0.38014648321057126
201580,JaVale McGee,DEN,2014-15,Rebounder,Average,23,256.02166666666665,106,61,3,2,20,18,0.532,0.0,0.667,0.567,0.532,0.187,0.086,97.4,109.3,-11.9,0.17,0.066,0.16,0.021,0.113,16.10000000000001,-0.22919186081300735,-1.1771412487306674,-0.19872788715608702,-0.7353814798803896
203096,Jared Sullinger,BOS,2014-15,Rebounder,Very Good,58,1566.3483333333334,770,441,134,44,42,78,0.439,0.283,0.744,0.503,0.476,0.231,0.12,101.9,103.2,-1.3,1.72,0.089,0.187,0.14,0.137,22.200000000000003,0.20582992370586206,-0.026600938649203973,1.1153076779490456,0.2807834893982724
101131,Jason Maxiell,CHA,2014-15,Rebounder,Average,61,877.9033333333333,203,203,19,18,44,29,0.422,0.0,0.577,0.455,0.422,0.125,0.058,93.5,102.3,-8.8,0.66,0.088,0.128,0.036,0.107,23.10000000000001,-1.253474357114852,-1.0340013875494967,0.10161394589630052,0.0845021885528598
201160,Jason Smith,NYK,2014-15,Rebounder,Average,82,1784.8666666666666,656,324,140,32,44,104,0.434,0.357,0.83,0.497,0.447,0.193,0.076,98.0,110.8,-12.8,1.35,0.054,0.133,0.134,0.092,14.600000000000009,-0.18886459016892174,-0.03822871072467777,0.23157793994959466,-0.2698534682315449
201574,Jason Thompson,SAC,2014-15,Rebounder,Very Good,81,1990.995,491,530,85,33,57,84,0.47,0.0,0.622,0.5,0.47,0.128,0.072,103.1,107.5,-4.4,1.01,0.072,0.195,0.063,0.135,17.900000000000006,-0.7665328894746756,-0.6394651202324058,1.3259790632858945,0.06592535441006814
201965,Jeff Ayres,SAS,2014-15,Rebounder,Average,51,382.77,137,117,14,8,8,26,0.579,0.0,0.75,0.618,0.579,0.153,0.096,98.6,106.9,-8.3,0.54,0.095,0.219,0.061,0.155,18.5,-0.1641382877863319,-0.9119585107882573,0.4849267943257408,-0.6536116501685827
203481,Jeff Withey,NOP,2014-15,Rebounder,Average,37,258.585,98,64,11,4,18,12,0.5,0.0,0.68,0.57,0.5,0.171,0.098,101.4,108.5,-7.1,0.92,0.089,0.173,0.07,0.129,16.900000000000006,-0.33493615668834603,-0.8724387047410169,0.013066717469793598,-0.687889941970309
202366,Jerome Jordan,BKN,2014-15,Rebounder,Average,44,383.00666666666666,138,105,13,8,15,22,0.532,0.0,0.864,0.609,0.532,0.153,0.093,94.2,103.7,-9.6,0.59,0.128,0.136,0.06,0.132,21.700000000000003,-0.21487496467779602,-0.9212558554455128,0.16007420231411085,-0.3947744419886667
201149,Joakim Noah,CHI,2014-15,Rebounder,Elite,67,2048.645,485,646,312,48,74,123,0.445,0.0,0.603,0.482,0.445,0.135,0.111,104.4,102.3,2.0,2.54,0.105,0.2,0.227,0.153,23.10000000000001,-0.8225320602608824,1.1171199568648065,1.863084756475312,0.6988669967943936
200777,Joel Freeland,POR,2014-15,Rebounder,Very Good,48,616.655,169,191,16,9,23,23,0.49,0.0,0.84,0.522,0.49,0.131,0.082,102.8,96.4,6.4,0.7,0.101,0.193,0.039,0.149,29.0,-0.8509956028343347,-1.0281875015117596,0.6048388836888895,0.12543576083559405
203530,Joffrey Lauvergne,DEN,2014-15,Rebounder,Average,24,267.9533333333333,93,77,13,8,10,22,0.404,0.188,0.643,0.459,0.421,0.185,0.063,89.7,108.8,-19.1,0.59,0.082,0.198,0.09,0.133,16.60000000000001,-0.8707016709319024,-0.7527262553979959,0.09851925627616337,-0.7450106047564921
203948,Johnny O'Bryant III,MIL,2014-15,Rebounder,Average,34,367.62666666666667,100,64,17,5,4,25,0.367,0.0,0.444,0.379,0.367,0.188,0.012,90.5,103.3,-12.8,0.68,0.07,0.108,0.076,0.089,22.10000000000001,-1.3010950784229023,-0.8166546367974841,-0.4965194547174183,-0.5136487648175988
202720,Jon Leuer,MEM,2014-15,Rebounder,Average,63,824.0133333333333,286,207,46,17,9,35,0.443,0.241,0.627,0.478,0.456,0.181,0.093,96.3,97.4,-1.1,1.31,0.06,0.188,0.091,0.124,28.0,-0.6521686675210953,-0.6256787884259158,0.3288015834105267,0.007927493249571649
201973,Jonas Jerebko,BOS,2014-15,Rebounder,Average,75,1230.16,448,282,71,46,18,44,0.446,0.386,0.848,0.549,0.517,0.16,0.1,105.3,99.2,6.0,1.61,0.071,0.156,0.091,0.112,26.200000000000003,-0.2831275935530529,-0.5336865053674591,0.37492912552925894,0.293705779399166
202685,Jonas Valančiūnas,TOR,2014-15,Rebounder,Elite,80,2095.9133333333334,963,693,39,33,95,109,0.572,0.0,0.786,0.623,0.572,0.192,0.134,106.2,106.9,-0.7,0.36,0.106,0.229,0.031,0.168,18.5,0.7456172113248449,-0.9884958277773175,2.1788883644777846,0.48564179155652526
201941,Jordan Hill,LAL,2014-15,Rebounder,Very Good,70,1874.29,841,556,103,34,52,106,0.459,0.273,0.738,0.494,0.461,0.222,0.108,99.3,110.0,-10.7,0.97,0.086,0.208,0.096,0.144,15.400000000000006,0.13968933345476783,-0.3878481163780484,1.5096237952033142,-0.12118729029073892
203120,Justin Hamilton,MIN,2014-15,Rebounder,Average,41,712.5566666666666,219,134,36,27,30,26,0.478,0.323,0.83,0.551,0.506,0.144,0.084,97.6,110.7,-13.0,1.38,0.083,0.114,0.09,0.098,14.700000000000003,-0.5539633395379789,-0.6680933549842156,-0.1961260651187262,-0.45742931146117
203994,Jusuf Nurkić,DEN,2014-15,Rebounder,Very Good,62,1103.2583333333334,426,382,50,52,68,86,0.446,0.0,0.636,0.483,0.446,0.203,0.088,102.2,101.7,0.5,0.58,0.102,0.225,0.072,0.162,23.700000000000003,-0.3615695306539461,-0.7176954364999901,1.2772496991298015,0.7148604695589075
2570,Kendrick Perkins,CLE,2014-15,Rebounder,Very Good,68,1148.2933333333333,246,320,51,16,42,95,0.449,0.0,0.506,0.467,0.449,0.136,0.051,100.9,100.0,0.9,0.54,0.077,0.19,0.065,0.134,25.400000000000006,-1.0733292159128804,-0.7533393185220725,0.7560299064115061,0.17868028728394658
202702,Kenneth Faried,DEN,2014-15,Rebounder,Elite,75,2085.905,946,668,89,62,57,118,0.507,0.125,0.691,0.548,0.507,0.199,0.116,107.2,107.8,-0.6,0.75,0.108,0.209,0.067,0.156,17.60000000000001,0.35578583874312897,-0.6022757416033837,1.959678048229989,0.34877847710626364
708,Kevin Garnett,MIN,2014-15,Rebounder,Very Good,47,952.4616666666668,323,311,77,46,17,46,0.467,0.143,0.8,0.496,0.469,0.179,0.126,101.9,102.6,-0.6,1.67,0.054,0.289,0.131,0.173,22.80000000000001,-0.5372114695303121,-0.2869022240367403,1.2289960170410499,0.08382242022778526
201567,Kevin Love,CLE,2014-15,Rebounder,Elite,75,2531.765,1228,731,168,51,39,122,0.434,0.367,0.804,0.562,0.509,0.214,0.135,111.1,103.6,7.5,1.38,0.058,0.235,0.104,0.148,21.80000000000001,0.7490025752853228,-0.10372695374672321,2.024923664563459,0.2994587679374379
202338,Kevin Seraphin,WAS,2014-15,Rebounder,Average,79,1235.1366666666668,520,288,59,10,59,98,0.513,0.0,0.707,0.535,0.513,0.216,0.086,99.0,104.6,-5.7,0.6,0.074,0.159,0.085,0.118,20.80000000000001,0.0986966182966836,-0.6115487212450217,0.4672873228593323,0.018237492478596417
201585,Kosta Koufos,MEM,2014-15,Rebounder,Very Good,81,1348.246666666667,419,426,37,29,63,69,0.508,0.0,0.647,0.53,0.508,0.154,0.111,98.5,94.2,4.3,0.54,0.087,0.219,0.044,0.153,31.200000000000003,-0.45659699280747046,-0.9228257170680699,1.279341468068951,0.8666218648336393
2743,Kris Humphries,WAS,2014-15,Rebounder,Very Good,64,1344.9566666666667,509,416,57,34,25,46,0.473,0.0,0.744,0.512,0.473,0.181,0.119,99.9,102.4,-2.5,1.24,0.089,0.216,0.068,0.153,23.0,-0.296956224863139,-0.7144082105832912,1.2528076822322982,0.05217671200252207
203937,Kyle Anderson,SAS,2014-15,Rebounder,Average,33,358.08,74,72,28,15,7,10,0.348,0.273,0.643,0.389,0.365,0.13,0.071,100.1,105.5,-5.3,2.8,0.015,0.189,0.116,0.105,19.900000000000006,-1.6872575483531402,-0.5514718988550739,-0.2714579571732114,-0.5089430285341677
203124,Kyle O'Quinn,ORL,2014-15,Rebounder,Average,51,823.9066666666666,294,199,59,31,39,55,0.492,0.279,0.772,0.55,0.517,0.179,0.101,95.2,101.9,-6.7,1.07,0.059,0.184,0.119,0.123,23.5,-0.2493778336107633,-0.42054850785783593,0.29483490043652416,0.19211445675535288
200746,LaMarcus Aldridge,POR,2014-15,Rebounder,Elite,71,2511.588333333333,1661,726,124,48,68,122,0.466,0.352,0.845,0.528,0.479,0.297,0.156,109.9,103.4,6.6,1.02,0.069,0.209,0.089,0.14,22.0,1.4744638431665515,-0.3498981719533654,1.9097395372076906,0.5735320702215052
202336,Larry Sanders,MIL,2014-15,Rebounder,Average,27,585.5616666666666,196,166,23,26,39,28,0.5,0.0,0.5,0.507,0.5,0.166,0.084,96.3,101.3,-5.0,0.82,0.113,0.163,0.065,0.138,24.10000000000001,-0.6610707524650467,-0.856370675547544,0.3983682217457746,0.1755604470934952
202730,Lavoy Allen,IND,2014-15,Rebounder,Very Good,63,1070.0483333333334,315,323,73,15,42,40,0.472,0.0,0.702,0.493,0.472,0.147,0.107,103.4,99.3,4.1,1.83,0.108,0.187,0.107,0.146,26.10000000000001,-0.7943886956505123,-0.4364446693641069,0.9168658938186651,0.20944719688028668
200811,Lou Amundson,NYK,2014-15,Rebounder,Very Good,53,937.2516666666668,259,268,70,22,52,62,0.427,0.0,0.471,0.442,0.427,0.173,0.07,96.7,103.6,-7.0,1.13,0.098,0.188,0.118,0.143,21.80000000000001,-0.9360348484845433,-0.38568955664703225,0.732711108803034,0.1305062747663346
2449,Luis Scola,IND,2014-15,Rebounder,Very Good,81,1659.0633333333333,763,526,105,47,18,94,0.467,0.25,0.699,0.515,0.471,0.221,0.13,101.4,100.5,0.9,1.12,0.081,0.232,0.11,0.156,24.900000000000006,0.19618749497142982,-0.3018415870445307,1.5828982893495196,0.2276860647731248
101162,Marcin Gortat,WAS,2014-15,Rebounder,Elite,82,2452.7166666666667,1001,717,97,49,110,100,0.566,0.0,0.703,0.587,0.566,0.173,0.133,104.2,99.1,5.1,0.97,0.076,0.209,0.062,0.145,26.30000000000001,0.42810040821456,-0.6009264776992638,1.949557401478104,1.2614720240017248
202694,Marcus Morris Sr.,PHX,2014-15,Rebounder,Average,81,2045.003333333333,845,385,133,63,16,73,0.434,0.358,0.628,0.52,0.507,0.188,0.091,104.6,106.0,-1.3,1.82,0.035,0.151,0.1,0.092,19.400000000000006,0.042333480261021426,-0.25498676336823145,0.3934340335531766,0.05008223100770661
203486,Mason Plumlee,BKN,2014-15,Rebounder,Very Good,82,1742.62,717,512,74,65,63,106,0.573,0.0,0.495,0.57,0.573,0.192,0.104,102.0,106.6,-4.6,0.7,0.103,0.198,0.069,0.151,18.80000000000001,0.2651851553887373,-0.6462358047686233,1.4820527176548042,0.5110729599990379
203086,Meyers Leonard,POR,2014-15,Rebounder,Very Good,55,846.585,327,250,32,10,14,39,0.51,0.42,0.938,0.631,0.606,0.157,0.116,99.9,99.3,0.6,0.82,0.055,0.22,0.063,0.141,26.10000000000001,0.0764899081286184,-0.834488760316334,0.6594709856876985,-0.12564860989730367
203077,Michael Kidd-Gilchrist,CHA,2014-15,Rebounder,Very Good,55,1587.37,598,416,77,30,38,63,0.465,0.0,0.701,0.519,0.465,0.179,0.11,100.5,97.4,3.1,1.22,0.066,0.191,0.078,0.128,28.0,-0.20739218065196596,-0.5846378507873535,0.9343163246152909,0.43603166753673
203488,Mike Muscala,ATL,2014-15,Rebounder,Average,40,502.14,197,119,25,16,19,21,0.55,0.409,0.88,0.608,0.579,0.16,0.11,103.6,98.8,4.8,1.19,0.106,0.129,0.08,0.118,26.60000000000001,-0.12680133945935115,-0.7647464928791089,0.018866342219900467,0.016484225272681785
203101,Miles Plumlee,MIL,2014-15,Rebounder,Very Good,73,1194.236666666667,294,320,34,41,66,51,0.535,0.0,0.478,0.536,0.535,0.12,0.084,105.5,104.8,0.6,0.67,0.096,0.177,0.041,0.137,20.60000000000001,-0.7613317822427724,-0.9507177510398364,0.7942488693255471,0.3985110565778735
203141,Mirza Teletovic,BKN,2014-15,Rebounder,Average,40,892.3683333333333,339,194,46,14,16,53,0.382,0.321,0.717,0.5,0.48,0.197,0.088,98.6,99.8,-1.2,0.87,0.03,0.175,0.087,0.104,25.60000000000001,-0.3710342646546276,-0.6481494017655848,0.03951457572927208,-0.09334556766266222
203956,Mitch McGary,OKC,2014-15,Rebounder,Very Good,32,484.935,201,165,14,16,16,31,0.533,0.0,0.625,0.55,0.533,0.18,0.104,106.4,100.8,5.6,0.45,0.105,0.218,0.043,0.162,24.60000000000001,-0.3091242021950773,-1.0130762708167673,0.7014665464744363,-0.1313775168355409
1737,Nazr Mohammed,CHI,2014-15,Rebounder,Average,23,128.04333333333332,27,38,3,4,5,7,0.433,0.0,0.333,0.431,0.433,0.131,0.064,100.0,95.7,4.3,0.43,0.087,0.209,0.038,0.148,29.700000000000003,-1.473694545570854,-1.0816411420370744,0.1861323060834218,-0.06735713337661912
202703,Nikola Mirotic,CHI,2014-15,Rebounder,Very Good,82,1654.121666666667,833,404,97,54,54,89,0.405,0.316,0.803,0.556,0.485,0.225,0.131,105.4,100.4,5.0,1.09,0.039,0.193,0.102,0.119,25.0,0.5103688327537522,-0.37622034430257467,0.7878188928691847,0.6703197769568691
201593,Nikola Pekovic,MIN,2014-15,Rebounder,Very Good,31,815.0616666666666,386,234,27,19,12,42,0.424,0.0,0.837,0.502,0.424,0.224,0.112,101.7,106.1,-4.4,0.64,0.104,0.181,0.057,0.141,19.30000000000001,-0.1280521767221622,-0.8865931369375287,0.6170169283490541,-0.45216306179525856
202696,Nikola Vučević,ORL,2014-15,Rebounder,Elite,74,2528.6633333333334,1428,810,147,54,54,148,0.523,0.333,0.752,0.548,0.524,0.254,0.146,101.3,107.5,-6.1,0.99,0.095,0.236,0.106,0.164,17.900000000000006,1.1060061373640047,-0.16976516484599236,2.438375041547901,0.2531615841054012
203943,Noah Vonleh,CHA,2014-15,Rebounder,Average,25,258.51666666666665,83,86,4,4,9,11,0.395,0.385,0.692,0.475,0.428,0.167,0.105,88.8,102.2,-13.3,0.36,0.092,0.227,0.029,0.154,23.200000000000003,-0.9182012581658622,-1.1285203307289913,0.38993240392743694,-0.40879266518609575
201600,Omer Asik,NOP,2014-15,Rebounder,Elite,76,1981.8083333333332,557,748,72,29,54,95,0.517,0.0,0.582,0.545,0.517,0.138,0.109,104.8,103.8,1.0,0.76,0.123,0.26,0.054,0.191,21.60000000000001,-0.38844311022284844,-0.7378599874370584,2.6178362355870215,0.21151980833076248
200782,P.J. Tucker,PHX,2014-15,Rebounder,Very Good,78,2383.45,713,502,122,107,23,96,0.438,0.345,0.727,0.541,0.511,0.138,0.093,102.6,103.8,-1.2,1.27,0.046,0.157,0.076,0.101,21.60000000000001,-0.2988140216870197,-0.43028704795196593,0.8185362165841368,0.7060647334238452
202335,Patrick Patterson,TOR,2014-15,Rebounder,Very Good,81,2156.29,648,433,155,60,44,54,0.449,0.371,0.788,0.568,0.547,0.127,0.099,111.4,105.8,5.6,2.87,0.057,0.145,0.108,0.1,19.60000000000001,-0.2718405274861186,-0.12909232759745176,0.6227134400065524,0.31403806928870215
2200,Pau Gasol,CHI,2014-15,Rebounder,Elite,78,2680.7433333333333,1446,919,210,25,147,158,0.494,0.462,0.803,0.55,0.5,0.242,0.169,106.1,102.9,3.2,1.33,0.08,0.237,0.142,0.161,22.5,1.0425761057677996,0.2642909085183387,2.689374344253375,1.1638777164078113
203112,Quincy Acy,NYK,2014-15,Rebounder,Average,68,1287.0816666666667,398,301,68,27,22,60,0.459,0.3,0.784,0.533,0.486,0.151,0.089,94.6,101.9,-7.3,1.13,0.059,0.176,0.091,0.116,23.5,-0.47654995795858707,-0.544725579334474,0.4763019358376204,-0.021327883050127783
2501,Reggie Evans,SAC,2014-15,Rebounder,Very Good,47,763.8416666666667,176,299,32,22,5,45,0.423,0.0,0.619,0.49,0.423,0.128,0.096,103.4,106.9,-3.5,0.71,0.124,0.27,0.065,0.195,18.5,-1.0508701649877912,-0.8232534536464995,1.4774278687400333,-0.5389049610414332
203133,Robbie Hummel,MIN,2014-15,Rebounder,Average,45,741.79,198,134,27,16,9,18,0.459,0.314,0.828,0.536,0.506,0.12,0.063,102.4,111.5,-9.1,1.5,0.04,0.147,0.058,0.091,13.900000000000006,-0.8305620796865426,-0.8809754836026115,-0.2853036452514884,-0.8308747878867262
201577,Robin Lopez,POR,2014-15,Rebounder,Very Good,59,1637.8583333333331,566,394,55,16,84,73,0.535,0.0,0.772,0.574,0.535,0.153,0.089,107.6,103.2,4.3,0.75,0.116,0.115,0.05,0.116,22.200000000000003,-0.10633698899776005,-0.8228853532564777,0.7230661441184911,0.41559881525458425
201579,Roy Hibbert,IND,2014-15,Rebounder,Very Good,76,1926.425,802,540,84,18,125,107,0.446,0.0,0.824,0.501,0.446,0.216,0.108,101.2,102.4,-1.1,0.79,0.082,0.193,0.076,0.139,23.0,0.10766438615022689,-0.5701153182008201,1.4034714663412686,0.8981413052967836
203497,Rudy Gobert,UTA,2014-15,Rebounder,Elite,82,2158.425,686,775,109,64,189,111,0.604,0.0,0.623,0.627,0.604,0.138,0.16,99.9,99.4,0.5,0.98,0.123,0.232,0.087,0.178,26.0,0.17342307057832307,-0.4163288484582739,2.52386195138514,2.198545721804282
200797,Ryan Hollins,SAC,2014-15,Rebounder,Average,46,441.0783333333333,137,103,14,6,19,25,0.646,0.0,0.574,0.648,0.646,0.131,0.073,97.7,103.0,-5.3,0.56,0.085,0.137,0.048,0.113,22.400000000000006,-0.15366280712454308,-0.9849880041421812,-0.08728598664214537,-0.33389903931834847
2223,Samuel Dalembert,NYK,2014-15,Rebounder,Very Good,32,543.5833333333334,128,168,29,14,41,39,0.438,0.0,0.7,0.461,0.438,0.149,0.087,92.4,108.3,-15.8,0.74,0.101,0.218,0.088,0.159,17.10000000000001,-1.0975637402332286,-0.705086500910418,0.6712077193113912,-0.3398237055066209
101183,Shavlik Randolph,PHX,2014-15,Rebounder,Average,21,126.24666666666668,24,38,4,5,3,3,0.257,0.0,0.5,0.298,0.257,0.142,0.033,91.6,99.6,-8.0,1.33,0.101,0.182,0.051,0.136,25.80000000000001,-2.1557650046006525,-1.0049319573608122,0.03325645442725844,-0.3063739311375117
200761,Shawne Williams,DET,2014-15,Rebounder,Average,63,1086.6966666666667,341,166,44,25,21,30,0.403,0.36,0.875,0.537,0.51,0.149,0.062,102.4,107.5,-5.1,1.47,0.035,0.131,0.068,0.082,17.900000000000006,-0.5094262663842046,-0.7622441977736886,-0.31505241931632205,-0.3811942532070382
201150,Spencer Hawes,LAC,2014-15,Rebounder,Average,73,1274.02,425,258,88,24,53,61,0.393,0.313,0.647,0.478,0.459,0.181,0.068,101.3,104.4,-3.1,1.44,0.024,0.173,0.11,0.1,21.0,-0.5519289660139697,-0.3643963395242812,0.1583721878651288,0.11434272460642823
203500,Steven Adams,OKC,2014-15,Rebounder,Very Good,70,1770.55,537,523,66,38,86,99,0.544,0.0,0.502,0.549,0.544,0.142,0.083,105.3,103.5,1.8,0.67,0.107,0.179,0.056,0.142,21.900000000000006,-0.3507140157893159,-0.7487028287012535,1.3965829933329994,0.6461573253887413
201959,Taj Gibson,CHI,2014-15,Rebounder,Very Good,62,1691.9033333333334,640,396,71,36,75,77,0.502,0.0,0.717,0.545,0.502,0.175,0.1,104.7,103.0,1.7,0.92,0.095,0.132,0.071,0.114,22.400000000000006,-0.05772991251073415,-0.6460395720658038,0.7028935926764612,0.5435198330030709
204028,Tarik Black,LAL,2014-15,Rebounder,Very Good,63,1195.3133333333333,379,368,42,19,24,48,0.575,0.0,0.551,0.583,0.575,0.138,0.093,101.5,105.3,-3.8,0.88,0.114,0.201,0.059,0.155,20.10000000000001,-0.2995412443686768,-0.8201624604326203,1.1509248188257255,-0.2837497537187864
203080,Thomas Robinson,PHI,2014-15,Rebounder,Very Good,54,797.7066666666667,308,303,33,32,20,59,0.485,0.0,0.528,0.502,0.485,0.19,0.113,99.7,99.3,0.4,0.56,0.106,0.25,0.07,0.176,26.10000000000001,-0.4331981835827317,-0.791485495649575,1.2459879512857683,0.16300615876399407
1495,Tim Duncan,SAS,2014-15,Rebounder,Elite,77,2226.8016666666667,1070,704,230,63,151,131,0.512,0.286,0.74,0.56,0.513,0.221,0.156,106.9,100.2,6.8,1.76,0.081,0.236,0.166,0.161,25.200000000000003,0.674869346121004,0.4727084150031176,2.1188979487653405,1.756716986709612
202389,Timofey Mozgov,CLE,2014-15,Rebounder,Very Good,81,2045.53,785,591,55,33,97,116,0.555,0.333,0.718,0.594,0.557,0.166,0.098,110.3,103.6,6.7,0.47,0.1,0.186,0.04,0.143,21.80000000000001,0.26111161793372956,-0.8790618866056501,1.5897523913269187,0.6997671472260295
202344,Trevor Booker,UTA,2014-15,Rebounder,Very Good,79,1563.8333333333333,567,397,83,43,41,88,0.487,0.345,0.581,0.536,0.518,0.177,0.106,102.2,101.2,1.0,0.94,0.09,0.167,0.093,0.129,24.200000000000003,-0.14719064621976108,-0.47829490282956544,0.8966417858303308,0.3778140125558931
202684,Tristan Thompson,CLE,2014-15,Rebounder,Elite,82,2193.938333333333,693,657,39,34,61,83,0.547,0.0,0.641,0.58,0.547,0.139,0.097,110.5,104.5,5.9,0.47,0.124,0.174,0.028,0.149,20.900000000000006,-0.08293260635639661,-1.005348787782069,1.841313303676909,0.2930205985091779
203092,Tyler Zeller,BOS,2014-15,Rebounder,Very Good,82,1730.775,833,465,113,18,52,76,0.549,0.0,0.823,0.594,0.549,0.195,0.127,100.3,102.3,-2.0,1.49,0.081,0.178,0.106,0.13,23.10000000000001,0.5080207465214287,-0.2948746698054935,1.0898111838242501,0.16544190057744002
2199,Tyson Chandler,DAL,2014-15,Rebounder,Elite,75,2285.84,771,864,84,42,91,105,0.666,0.0,0.72,0.697,0.666,0.126,0.141,107.3,102.6,4.7,0.8,0.129,0.244,0.053,0.188,22.80000000000001,0.5471024791814786,-0.6993213449039164,2.887409188378153,0.7910693047019043
2617,Udonis Haslem,MIA,2014-15,Rebounder,Very Good,62,994.8116666666666,261,258,46,21,13,41,0.448,0.2,0.703,0.488,0.452,0.141,0.082,97.3,105.5,-8.2,1.12,0.072,0.195,0.078,0.132,19.900000000000006,-0.9058413113615359,-0.6987082817798398,0.5660411256148983,-0.386070066885861
201163,Wilson Chandler,DEN,2014-15,Rebounder,Very Good,78,2471.151666666666,1085,475,134,58,29,110,0.429,0.342,0.775,0.523,0.5,0.198,0.087,104.7,108.6,-3.9,1.22,0.036,0.155,0.086,0.093,16.80000000000001,0.30576665312155454,-0.32995421873473446,0.6449777603877318,-0.02295970677261659
2216,Zach Randolph,MEM,2014-15,Rebounder,Elite,71,2303.59,1143,747,153,69,14,156,0.487,0.35,0.765,0.538,0.491,0.24,0.143,107.4,100.6,6.8,0.98,0.103,0.23,0.111,0.167,24.80000000000001,0.7408165809013294,-0.1195987502373766,2.3094311536910292,0.4092907258987473
2585,Zaza Pachulia,MIL,2014-15,Rebounder,Very Good,73,1729.6666666666667,606,500,178,80,21,133,0.454,0.0,0.788,0.506,0.454,0.186,0.112,104.8,97.3,7.5,1.34,0.118,0.183,0.155,0.15,28.10000000000001,-0.22470758538141752,0.21957027955743816,1.4374725203461405,0.7879783939050448
203932,Aaron Gordon,ORL,2015-16,Rebounder,Very Good,78,1863.12,719,507,128,59,55,66,0.473,0.296,0.668,0.541,0.509,0.169,0.113,103.2,104.6,-1.4,1.94,0.08,0.189,0.103,0.133,20.80000000000001,-0.06755218410229312,-0.25653225997517115,1.2394720472522325,0.4854744204435912
203940,Adreian Payne,MIN,2015-16,Rebounder,Average,52,485.59,132,111,29,16,11,36,0.366,0.281,0.654,0.422,0.397,0.175,0.039,98.8,110.8,-12.0,0.81,0.044,0.198,0.093,0.121,14.600000000000009,-1.1273305227340102,-0.6769982342358318,0.03585827646461914,-0.7695115873459292
2744,Al Jefferson,CHA,2015-16,Rebounder,Very Good,47,1096.4383333333333,562,301,70,30,41,34,0.485,0.0,0.649,0.507,0.485,0.24,0.124,103.2,100.7,2.5,2.06,0.05,0.216,0.114,0.133,24.700000000000003,0.1445854293003701,-0.4081601699867011,0.6928760590171854,0.27249363188258924
202329,Al-Farouq Aminu,POR,2015-16,Rebounder,Very Good,82,2340.8883333333333,839,499,138,72,53,120,0.416,0.361,0.737,0.533,0.503,0.166,0.088,108.2,106.7,1.6,1.15,0.041,0.168,0.087,0.104,18.700000000000003,-0.04871604811119134,-0.30961780011046414,0.8487950437471816,0.4765523930315454
203458,Alex Len,PHX,2015-16,Rebounder,Elite,78,1820.795,703,594,97,38,62,145,0.423,0.143,0.728,0.482,0.424,0.202,0.091,98.2,105.9,-7.7,0.67,0.091,0.223,0.087,0.156,19.5,-0.17484929483831368,-0.46048514432633314,1.7633280330387584,0.26232696919619425
201582,Alexis Ajinca,NOP,2015-16,Rebounder,Very Good,59,860.715,352,269,31,19,36,54,0.476,0.0,0.839,0.514,0.476,0.201,0.095,98.8,101.4,-2.6,0.57,0.085,0.227,0.059,0.154,24.0,-0.25233189344905416,-0.8606390649783412,0.8755006847381827,0.06680304701114333
2405,Amar'e Stoudemire,MIA,2015-16,Rebounder,Very Good,52,762.3016666666666,300,222,27,18,41,47,0.566,0.0,0.746,0.599,0.566,0.176,0.109,103.6,103.6,0.0,0.57,0.092,0.206,0.054,0.151,21.80000000000001,0.013146887712605082,-0.9034460969422804,0.7125729283918738,-0.022231281020710907
101161,Amir Johnson,BOS,2015-16,Rebounder,Very Good,79,1800.128333333333,577,505,138,52,83,94,0.585,0.233,0.57,0.602,0.596,0.136,0.103,106.9,102.3,4.6,1.47,0.092,0.173,0.11,0.132,23.10000000000001,-0.06276153217066278,-0.18041177340736783,1.2214256357802218,0.8313696245752941
2760,Anderson Varejao,GSW,2015-16,Rebounder,Average,53,495.6066666666667,138,141,35,16,10,22,0.427,0.0,0.64,0.473,0.427,0.143,0.08,102.8,100.0,2.8,1.59,0.068,0.204,0.102,0.134,25.400000000000006,-1.0656647088713065,-0.6043612062875473,0.2810751399354215,-0.14507856081437417
203083,Andre Drummond,DET,2015-16,Rebounder,Elite,81,2665.4666666666667,1314,1198,67,119,112,155,0.521,0.333,0.355,0.499,0.522,0.239,0.14,105.9,103.6,2.4,0.43,0.135,0.309,0.042,0.217,21.80000000000001,0.6338286542583027,-0.8236702840677563,4.143087610158084,1.7426063199669437
203094,Andrew Nicholson,ORL,2015-16,Rebounder,Average,56,822.7716666666666,384,201,25,10,22,41,0.471,0.36,0.785,0.567,0.537,0.205,0.119,100.6,97.8,2.8,0.61,0.041,0.191,0.05,0.118,27.60000000000001,0.1030562193593353,-0.9332760929266257,0.23644338608045318,0.04342311470153034
203076,Anthony Davis,NOP,2015-16,Rebounder,Elite,61,2164.26,1481,627,116,78,125,121,0.493,0.324,0.758,0.559,0.508,0.29,0.165,103.7,107.8,-4.1,0.96,0.059,0.234,0.1,0.145,17.60000000000001,1.4706572832889215,-0.317541515847982,1.710753328948229,1.2025478363281863
203382,Aron Baynes,DET,2015-16,Rebounder,Very Good,81,1232.9466666666667,514,384,51,21,52,67,0.505,0.0,0.764,0.563,0.505,0.184,0.112,101.0,104.4,-3.4,0.76,0.106,0.202,0.07,0.152,21.0,0.020205312319702944,-0.7252510518474862,1.155159913250329,0.07314117178841993
1626246,Boban Marjanovic,SAS,2015-16,Rebounder,Very Good,54,507.805,297,194,21,12,23,29,0.603,0.0,0.763,0.662,0.603,0.22,0.181,106.8,102.3,4.5,0.72,0.154,0.246,0.072,0.201,23.10000000000001,0.6932894325105688,-0.8244064848477999,1.275261043283261,-0.1901327331415348
1626171,Bobby Portis,CHI,2015-16,Rebounder,Very Good,62,1102.08,436,337,52,25,22,54,0.427,0.308,0.727,0.469,0.445,0.203,0.093,100.4,108.0,-7.6,0.96,0.101,0.186,0.076,0.142,17.400000000000006,-0.43440354817292914,-0.6878654405156446,0.9030545767712579,-0.40045412672871694
101138,Brandon Bass,LAL,2015-16,Rebounder,Average,66,1342.4116666666666,473,285,74,33,55,42,0.549,0.0,0.845,0.619,0.549,0.136,0.105,105.3,106.2,-0.9,1.76,0.074,0.136,0.088,0.104,19.200000000000003,-0.04056290562431464,-0.539500391405196,0.2809720268428123,0.12207150396827625
201575,Brandon Rush,GSW,2015-16,Rebounder,Average,72,1054.7416666666666,305,181,57,20,23,33,0.427,0.414,0.643,0.56,0.552,0.125,0.071,107.8,108.7,-0.9,1.73,0.021,0.14,0.072,0.084,16.700000000000003,-0.5795758648105279,-0.6919375972436222,-0.24977243195198226,-0.483271749951856
101112,Channing Frye,CLE,2015-16,Rebounder,Average,70,1199.4066666666668,425,234,71,29,28,43,0.438,0.387,0.857,0.586,0.569,0.153,0.088,106.8,102.0,4.8,1.65,0.03,0.172,0.086,0.1,23.400000000000006,-0.139408553937404,-0.5617747720420454,0.09469110185716213,0.054224159339981336
101111,Charlie Villanueva,DAL,2015-16,Rebounder,Average,62,665.0366666666666,319,152,24,18,15,31,0.382,0.273,0.917,0.473,0.454,0.236,0.084,97.2,105.2,-8.0,0.77,0.032,0.193,0.063,0.108,20.200000000000003,-0.25433192024905876,-0.8639262908950401,-0.02096870756594832,-0.3792928251798011
1626191,Chris McCullough,BKN,2015-16,Rebounder,Average,24,362.385,112,68,9,28,12,15,0.404,0.382,0.478,0.47,0.463,0.158,0.056,101.1,115.8,-14.7,0.6,0.063,0.126,0.038,0.092,9.600000000000009,-0.991759958738308,-1.0595629941030449,-0.44768697746871633,-0.9288311433306262
203991,Clint Capela,HOU,2015-16,Rebounder,Very Good,77,1470.71,542,494,47,59,92,60,0.582,0.0,0.379,0.553,0.582,0.156,0.105,105.9,102.2,3.7,0.78,0.123,0.202,0.05,0.161,23.200000000000003,-0.22175137741975037,-0.852322883835184,1.5616884461956322,1.0008318086760803
203469,Cody Zeller,CHA,2015-16,Rebounder,Very Good,73,1773.7316666666666,638,455,71,57,63,68,0.529,0.1,0.754,0.592,0.53,0.152,0.095,108.4,103.4,5.0,1.04,0.077,0.178,0.061,0.128,22.0,0.041180903667069536,-0.702216105414976,1.0377980893782368,0.61619701665095
202332,Cole Aldrich,LAC,2015-16,Rebounder,Very Good,60,799.6366666666667,328,288,50,47,68,64,0.596,0.0,0.714,0.626,0.596,0.185,0.146,99.1,99.8,-0.7,0.78,0.11,0.252,0.107,0.182,25.60000000000001,0.2535968738489277,-0.5210775697778871,1.282625198358871,0.774687537461403
1626245,Cristiano Felicio,CHI,2015-16,Rebounder,Average,31,320.7033333333333,105,102,26,6,13,13,0.556,0.0,0.714,0.601,0.556,0.135,0.123,107.5,99.5,8.0,2.0,0.094,0.218,0.115,0.157,25.900000000000006,-0.41618184620277915,-0.5644489348346676,0.4706054241801223,-0.18896246066352465
101135,David Lee,DAL,2015-16,Rebounder,Very Good,55,902.93,427,305,84,22,28,66,0.531,0.0,0.763,0.568,0.531,0.21,0.138,98.4,102.4,-4.0,1.27,0.108,0.218,0.162,0.163,23.0,0.1763855699469573,-0.08699713139793835,1.0856792024922555,-0.04180725124800359
201599,DeAndre Jordan,LAC,2015-16,Rebounder,Elite,77,2597.681666666667,980,1059,90,51,177,107,0.703,0.0,0.43,0.628,0.703,0.155,0.141,111.1,102.1,8.9,0.84,0.105,0.286,0.051,0.199,23.30000000000001,0.5156065877961967,-0.6884785036397213,3.5449542095443656,1.7838008129357001
201971,DeJuan Blair,WAS,2015-16,Rebounder,Average,29,218.07,61,57,11,8,2,15,0.412,0.0,0.385,0.414,0.412,0.166,0.016,96.2,105.7,-9.5,0.73,0.081,0.18,0.077,0.126,19.700000000000003,-1.2901567250847732,-0.8331151313965963,-0.04372589552990436,-0.6438108241276146
202326,DeMarcus Cousins,SAC,2015-16,Rebounder,Elite,65,2245.835,1748,747,214,101,92,249,0.451,0.333,0.718,0.538,0.477,0.351,0.156,106.3,104.9,1.3,0.86,0.07,0.249,0.167,0.162,20.5,1.9896851937249875,0.41945100718062256,2.2457328821676277,1.2773714294515244
202324,Derrick Favors,UTA,2015-16,Rebounder,Very Good,62,1983.2016666666664,1016,503,94,74,91,104,0.515,0.0,0.709,0.551,0.515,0.234,0.14,105.6,103.2,2.3,0.9,0.089,0.18,0.086,0.134,22.200000000000003,0.6796357448221128,-0.47714187162826516,1.241598187222252,1.0873801136981844
203473,Dewayne Dedmon,ORL,2015-16,Rebounder,Very Good,58,704.875,255,228,13,22,46,32,0.559,0.0,0.75,0.606,0.559,0.151,0.109,102.3,103.5,-1.1,0.41,0.095,0.223,0.029,0.16,21.900000000000006,-0.16229411240460134,-1.0954031088279468,0.8431500886359882,0.07567695825284937
2400,Drew Gooden,WAS,2015-16,Rebounder,Average,30,305.17833333333334,82,85,13,8,11,13,0.32,0.171,0.643,0.376,0.354,0.169,0.048,97.1,109.2,-12.2,1.0,0.083,0.198,0.066,0.136,16.200000000000003,-1.4703175270237623,-0.8875499354360094,0.15796524785952648,-0.7583950107732208
2730,Dwight Howard,HOU,2015-16,Rebounder,Elite,71,2279.6633333333334,976,835,98,69,113,166,0.62,0.0,0.489,0.604,0.62,0.184,0.128,106.5,105.6,0.9,0.59,0.103,0.261,0.071,0.182,19.80000000000001,0.5877951030734,-0.5466879063626705,2.734023283623778,1.1171462869554145
203939,Dwight Powell,DAL,2015-16,Rebounder,Very Good,69,991.6283333333332,399,273,44,36,24,40,0.493,0.125,0.739,0.557,0.497,0.175,0.117,97.7,100.0,-2.3,1.1,0.082,0.188,0.077,0.135,25.400000000000006,-0.16291637062097208,-0.7116853177594336,0.6440607672839184,0.2037931939948799
202334,Ed Davis,POR,2015-16,Rebounder,Elite,81,1684.1866666666667,526,599,88,57,72,64,0.611,0.0,0.559,0.616,0.611,0.125,0.123,104.5,103.5,1.0,1.38,0.125,0.211,0.078,0.168,21.900000000000006,-0.10001992355934582,-0.5441612462416325,1.9294707776132487,0.7013787251736527
202683,Enes Freedom,OKC,2015-16,Rebounder,Elite,82,1720.6783333333333,1038,664,33,26,33,115,0.576,0.476,0.797,0.626,0.583,0.229,0.162,110.3,106.6,3.8,0.29,0.145,0.23,0.032,0.189,18.80000000000001,1.0877138261910353,-1.0049563223764297,2.369473125949778,-0.19654411468730335
101141,Ersan Ilyasova,ORL,2015-16,Rebounder,Very Good,74,1880.3866666666668,767,403,67,52,33,71,0.424,0.371,0.721,0.526,0.496,0.18,0.086,103.2,107.2,-4.0,0.94,0.069,0.15,0.055,0.106,18.200000000000003,-0.03817477571130249,-0.7506407907138325,0.6195500083246757,0.03759851667910497
203105,Festus Ezeli,GSW,2015-16,Rebounder,Very Good,46,770.1883333333334,320,257,32,18,50,38,0.548,0.0,0.53,0.559,0.548,0.177,0.105,111.1,96.8,14.3,0.84,0.121,0.196,0.06,0.161,28.60000000000001,-0.19381109969191554,-0.8513417203210857,0.9328377218669615,0.4683576853435591
203507,Giannis Antetokounmpo,MIL,2015-16,Rebounder,Very Good,80,2823.4133333333334,1350,612,345,94,113,208,0.506,0.257,0.724,0.566,0.52,0.221,0.128,104.8,107.9,-3.1,1.66,0.042,0.18,0.195,0.112,17.5,0.9110962642141134,1.058784863784618,1.2505440581388005,1.2410446077993562
203476,Gorgui Dieng,MIN,2015-16,Rebounder,Very Good,82,2220.068333333333,827,585,143,94,96,140,0.532,0.3,0.827,0.601,0.537,0.165,0.115,106.2,106.5,-0.3,1.02,0.077,0.196,0.099,0.138,18.900000000000006,0.3241021444190618,-0.223807503479766,1.5101338483015256,1.1513042648164271
202328,Greg Monroe,MIL,2015-16,Rebounder,Elite,79,2314.185,1210,696,178,72,67,129,0.522,0.0,0.74,0.562,0.522,0.231,0.146,105.8,108.2,-2.4,1.38,0.099,0.215,0.128,0.157,17.200000000000003,0.860470089608369,0.06789363951467299,2.046712302877297,0.530064876500307
203084,Harrison Barnes,GSW,2015-16,Rebounder,Average,66,2041.5766666666664,774,325,117,41,10,57,0.466,0.383,0.761,0.559,0.531,0.156,0.079,112.0,101.8,10.2,2.05,0.038,0.114,0.077,0.078,23.60000000000001,-0.020139608048525603,-0.44306785122874004,0.055876158267735815,0.008197097554319818
202355,Hassan Whiteside,MIA,2015-16,Rebounder,Elite,73,2125.3566666666666,1040,865,29,44,269,137,0.606,0.0,0.65,0.629,0.606,0.201,0.172,105.5,103.5,1.9,0.21,0.116,0.282,0.022,0.202,21.900000000000006,0.9013352348606949,-1.0758516210149551,3.0684177272273425,2.5598214155808843
101133,Ian Mahinmi,IND,2015-16,Rebounder,Very Good,71,1815.763333333333,660,507,104,65,75,100,0.589,0.0,0.587,0.603,0.589,0.157,0.111,102.9,99.3,3.6,1.04,0.076,0.197,0.09,0.137,26.10000000000001,0.1565414887146114,-0.4178743450652135,1.290430664470954,1.0613916558972767
201581,JJ Hickson,WAS,2015-16,Rebounder,Average,35,436.5466666666667,206,132,23,15,14,25,0.516,0.0,0.447,0.514,0.516,0.22,0.107,96.7,104.0,-7.2,0.92,0.083,0.201,0.091,0.142,21.400000000000006,-0.21853047825569152,-0.710311688839696,0.35911196711987603,-0.3499887679384062
203210,JaMychal Green,MEM,2015-16,Rebounder,Very Good,78,1446.12,578,373,67,46,33,83,0.465,0.333,0.752,0.52,0.48,0.188,0.09,103.2,104.5,-1.3,0.81,0.092,0.174,0.074,0.131,20.900000000000006,-0.1502132845044645,-0.6439053773504051,0.858440008431725,0.13406796168289045
201580,JaVale McGee,DAL,2015-16,Rebounder,Very Good,34,369.78333333333336,172,133,3,5,26,21,0.575,0.0,0.5,0.574,0.575,0.206,0.122,96.2,102.4,-6.2,0.14,0.136,0.208,0.015,0.172,23.0,-0.002484118679964268,-1.210847168740171,0.7439549748439502,-0.2381853492054515
203949,James Michael McAdoo,GSW,2015-16,Rebounder,Average,41,261.525,117,58,17,10,8,16,0.536,0.5,0.531,0.554,0.542,0.194,0.074,97.3,114.4,-17.1,1.06,0.107,0.115,0.11,0.111,11.0,-0.24434381874734043,-0.6256544234102982,-0.23216733151644348,-1.073548987163228
203096,Jared Sullinger,BOS,2015-16,Rebounder,Elite,81,1914.62,834,673,187,75,47,102,0.435,0.282,0.64,0.476,0.453,0.216,0.122,107.4,102.1,5.3,1.83,0.094,0.243,0.148,0.167,23.30000000000001,-0.012197253099544595,0.2133639281140619,2.1130811384997985,0.7172032030557585
1626185,Jarell Martin,MEM,2015-16,Rebounder,Average,27,379.54,153,86,15,8,7,19,0.466,0.0,0.726,0.534,0.466,0.179,0.071,102.0,106.1,-4.1,0.79,0.091,0.131,0.065,0.11,19.30000000000001,-0.44254041222249213,-0.88580820612625,-0.170612385478496,-0.6167253741320525
201574,Jason Thompson,TOR,2015-16,Rebounder,Average,47,471.3983333333333,147,134,29,12,20,15,0.481,0.333,0.704,0.558,0.505,0.137,0.085,104.4,105.5,-1.1,1.93,0.067,0.209,0.094,0.139,19.900000000000006,-0.6171066836531541,-0.6713805809009146,0.326199761373166,-0.4085000853091607
201149,Joakim Noah,CHI,2015-16,Rebounder,Very Good,29,635.4233333333333,124,255,110,18,29,52,0.383,0.0,0.489,0.406,0.383,0.137,0.115,98.8,99.9,-1.2,2.12,0.123,0.235,0.256,0.179,25.5,-1.5027586118737084,0.5367342564650761,1.1568447421838761,0.07375144862557763
203530,Joffrey Lauvergne,DEN,2015-16,Rebounder,Very Good,59,1041.243333333333,465,290,56,13,15,54,0.513,0.245,0.899,0.567,0.53,0.196,0.114,101.0,110.8,-9.8,1.04,0.073,0.204,0.093,0.138,14.600000000000009,0.09558494424847082,-0.5776465685326987,0.727387166120269,-0.7601258201485749
203948,Johnny O'Bryant III,MIL,2015-16,Rebounder,Average,66,857.085,200,176,32,18,8,31,0.411,1.0,0.675,0.441,0.414,0.135,0.045,99.7,106.6,-6.9,1.03,0.079,0.133,0.057,0.106,18.80000000000001,-1.2624784901026278,-0.8681946803258374,0.017233069832657738,-0.5323716182706119
202720,Jon Leuer,PHX,2015-16,Rebounder,Very Good,67,1255.3183333333334,567,373,72,38,30,75,0.481,0.382,0.762,0.555,0.526,0.195,0.126,101.7,103.9,-2.2,0.96,0.058,0.23,0.09,0.143,21.5,0.09321121878724535,-0.5356244673800381,1.0113158600878882,0.056077471196878594
201973,Jonas Jerebko,BOS,2015-16,Rebounder,Average,78,1176.496666666667,340,288,62,20,24,52,0.413,0.398,0.782,0.531,0.488,0.133,0.08,101.1,98.1,3.0,1.19,0.06,0.17,0.078,0.115,27.30000000000001,-0.6615803455607719,-0.6398332206224275,0.4290683599452916,0.14964526957594418
202685,Jonas Valančiūnas,TOR,2015-16,Rebounder,Elite,60,1556.9216666666666,768,547,42,25,80,85,0.565,0.0,0.761,0.61,0.565,0.204,0.142,110.8,107.1,3.7,0.49,0.125,0.245,0.045,0.185,18.30000000000001,0.6185109837807796,-0.8988096071214615,2.008069214442219,0.2392379929940421
201941,Jordan Hill,IND,2015-16,Rebounder,Very Good,73,1512.6666666666667,645,451,87,36,37,92,0.506,0.0,0.712,0.534,0.506,0.201,0.118,102.6,101.2,1.3,0.95,0.1,0.186,0.096,0.143,24.200000000000003,0.07331546759227546,-0.44672317753546065,1.2182793896137798,0.2648146159754195
203944,Julius Randle,LAL,2015-16,Rebounder,Elite,81,2286.1966666666667,919,829,144,53,29,149,0.429,0.278,0.715,0.482,0.435,0.209,0.11,98.9,113.0,-14.1,0.97,0.069,0.292,0.111,0.174,12.400000000000006,0.032162248860538124,-0.152715972138421,2.616185777684344,-0.33328709168198783
203994,Jusuf Nurkić,DEN,2015-16,Rebounder,Very Good,32,547.075,263,175,40,24,44,55,0.417,0.0,0.616,0.46,0.417,0.266,0.085,104.7,105.3,-0.6,0.73,0.113,0.2,0.123,0.155,20.10000000000001,-0.1494297691279063,-0.46799202964259407,0.638822752178327,-0.029593658965776273
1626157,Karl-Anthony Towns,MIN,2015-16,Rebounder,Elite,82,2626.485,1503,858,161,58,138,183,0.542,0.341,0.811,0.59,0.555,0.243,0.154,106.8,109.3,-2.5,0.88,0.092,0.242,0.108,0.169,16.10000000000001,1.3197035250423543,-0.10701417966342215,2.6294354850872357,1.0387155970276365
1626162,Kelly Oubre Jr.,WAS,2015-16,Rebounder,Average,63,671.3816666666667,236,133,13,22,7,34,0.427,0.316,0.633,0.507,0.486,0.166,0.051,100.4,103.0,-2.6,0.38,0.035,0.155,0.029,0.095,22.400000000000006,-0.6322247951968091,-1.0954031088279468,-0.2369984066164324,-0.28952680034222783
202702,Kenneth Faried,DEN,2015-16,Rebounder,Elite,67,1694.4516666666666,835,581,79,32,60,91,0.558,0.5,0.613,0.577,0.558,0.203,0.126,106.5,110.0,-3.5,0.87,0.132,0.21,0.077,0.17,15.400000000000006,0.47082878545578205,-0.5828961214775942,1.907189271716634,-0.06097030414278263
201567,Kevin Love,CLE,2015-16,Rebounder,Elite,77,2424.395,1234,762,185,58,41,142,0.419,0.36,0.822,0.553,0.499,0.233,0.143,112.4,103.6,8.8,1.3,0.064,0.258,0.119,0.162,21.80000000000001,0.8409608022748181,0.04309259875678577,2.285533560922607,0.39222323651176655
201585,Kosta Koufos,SAC,2015-16,Rebounder,Very Good,78,1482.4,529,423,33,40,70,48,0.532,0.0,0.548,0.54,0.532,0.152,0.088,101.2,107.8,-6.6,0.69,0.107,0.17,0.034,0.138,17.60000000000001,-0.3347362124227493,-0.9937210157065952,1.080286517747751,0.252355524503344
2743,Kris Humphries,ATL,2015-16,Rebounder,Average,53,834.7133333333334,343,218,36,16,23,38,0.41,0.315,0.798,0.517,0.468,0.189,0.087,101.2,105.5,-4.3,0.95,0.064,0.19,0.068,0.126,19.900000000000006,-0.32951540999874535,-0.7916817283523947,0.3834680564402053,-0.3367022415466954
203124,Kyle O'Quinn,NYK,2015-16,Rebounder,Very Good,65,764.2883333333333,309,250,72,20,49,61,0.476,0.227,0.767,0.52,0.485,0.206,0.123,99.9,103.8,-3.9,1.18,0.097,0.208,0.161,0.155,21.60000000000001,-0.21243366997527088,-0.1367710806009148,0.8378261459532227,0.06768022187059247
200746,LaMarcus Aldridge,SAS,2015-16,Rebounder,Elite,74,2260.86,1331,632,110,38,81,99,0.513,0.0,0.858,0.565,0.513,0.258,0.151,109.6,97.9,11.7,1.11,0.084,0.199,0.081,0.144,27.5,1.1625347346896475,-0.446355077145439,1.7112805675618754,0.9245961856505928
1626204,Larry Nance Jr.,LAL,2015-16,Rebounder,Very Good,63,1265.715,349,312,44,54,23,41,0.527,0.1,0.681,0.544,0.528,0.124,0.09,101.4,104.8,-3.4,1.07,0.076,0.165,0.055,0.12,20.60000000000001,-0.6466463731209963,-0.8352736911276126,0.5564477174766596,0.09815782264381008
202730,Lavoy Allen,IND,2015-16,Rebounder,Very Good,79,1598.8066666666666,428,424,76,26,42,69,0.516,0.0,0.63,0.532,0.516,0.128,0.09,104.8,98.9,6.0,1.1,0.101,0.159,0.07,0.13,26.5,-0.6290041136897669,-0.6332587687890295,0.9810226618939737,0.3469240592215184
200811,Lou Amundson,NYK,2015-16,Rebounder,Average,29,204.435,52,49,12,6,7,15,0.358,0.0,0.519,0.401,0.358,0.166,0.009,89.4,100.5,-11.1,0.8,0.098,0.118,0.107,0.108,24.900000000000006,-1.3709750361035944,-0.6609058400267412,-0.29426670168347185,-0.3084219197314623
2449,Luis Scola,TOR,2015-16,Rebounder,Very Good,76,1636.195,664,360,66,46,27,68,0.45,0.404,0.726,0.523,0.504,0.19,0.086,105.1,107.0,-1.9,0.97,0.052,0.179,0.066,0.114,18.400000000000006,-0.056400903641353445,-0.6925262953520812,0.6073719636645112,-0.07352350995930111
202337,Luke Babbitt,NOP,2015-16,Rebounder,Average,47,845.0833333333334,327,148,53,11,7,23,0.422,0.404,0.78,0.526,0.498,0.168,0.072,105.7,108.2,-2.5,2.3,0.028,0.147,0.092,0.086,17.200000000000003,-0.4433260904339768,-0.5943032958346307,-0.311854616603576,-0.7090261029210726
2736,Luol Deng,MIA,2015-16,Rebounder,Very Good,74,2393.918333333333,911,443,140,74,29,81,0.455,0.344,0.755,0.549,0.514,0.168,0.101,104.3,103.9,0.5,1.73,0.047,0.139,0.087,0.094,21.5,0.1093282183415046,-0.30225841746578763,0.5728093000151233,0.41896907297303576
101162,Marcin Gortat,WAS,2015-16,Rebounder,Elite,75,2255.9166666666665,1012,741,106,47,96,121,0.567,0.0,0.705,0.592,0.567,0.186,0.13,105.2,103.8,1.3,0.88,0.096,0.226,0.072,0.161,21.60000000000001,0.5597869943125972,-0.5116327224490471,2.2170729563609557,0.8229578293494232
202693,Markieff Morris,WAS,2015-16,Rebounder,Average,64,1628.875,765,352,124,58,34,135,0.425,0.303,0.735,0.489,0.458,0.24,0.088,102.2,104.5,-2.3,0.92,0.043,0.177,0.125,0.108,20.900000000000006,0.18806301079033552,-0.14766265189634514,0.5097070091671072,0.26852178094570617
201578,Marreese Speights,GSW,2015-16,Rebounder,Very Good,72,832.4166666666666,512,239,61,19,34,66,0.432,0.387,0.825,0.506,0.458,0.293,0.109,105.2,104.1,1.1,0.92,0.092,0.182,0.126,0.138,21.30000000000001,0.4907959959224346,-0.37386555186873877,0.5920648583533399,-0.11206950362865796
101107,Marvin Williams,CHA,2015-16,Rebounder,Very Good,81,2338.165,948,521,110,58,77,62,0.452,0.402,0.833,0.585,0.554,0.166,0.11,108.5,103.6,5.0,1.77,0.053,0.165,0.074,0.109,21.80000000000001,0.3272010679786275,-0.4856786504898596,0.9708676441112193,0.7564519406223774
203486,Mason Plumlee,POR,2015-16,Rebounder,Elite,82,2083.5133333333333,749,628,226,68,85,154,0.516,0.0,0.642,0.564,0.516,0.171,0.106,109.0,107.4,1.6,1.47,0.096,0.203,0.161,0.149,18.0,0.10022658063677392,0.42990138303917835,1.7643653247506157,0.7177375168419665
2440,Matt Barnes,MEM,2015-16,Rebounder,Average,76,2190.153333333333,758,420,163,78,57,121,0.381,0.322,0.804,0.503,0.467,0.175,0.078,103.2,107.7,-4.5,1.35,0.036,0.16,0.117,0.095,17.700000000000003,-0.2127708590775607,-0.04909591700449052,0.5245212468955022,0.5204357516242045
203086,Meyers Leonard,POR,2015-16,Rebounder,Average,61,1332.5933333333332,511,314,92,8,18,77,0.448,0.377,0.761,0.561,0.547,0.174,0.082,108.5,105.3,3.2,1.19,0.037,0.192,0.103,0.115,20.10000000000001,-0.06659802752394743,-0.3890011475793488,0.49805620312058874,-0.4584295300586528
203101,Miles Plumlee,MIL,2015-16,Rebounder,Average,61,869.8966666666666,314,232,16,21,50,40,0.601,0.0,0.576,0.606,0.601,0.151,0.109,98.0,103.6,-5.6,0.4,0.109,0.153,0.03,0.131,21.80000000000001,-0.11974632543395096,-1.0787463815260148,0.4843136281349208,0.0999099838218776
203956,Mitch McGary,OKC,2015-16,Rebounder,Average,20,72.45,26,18,3,1,2,7,0.478,0.0,0.4,0.474,0.478,0.192,0.046,84.4,118.9,-34.4,0.43,0.055,0.2,0.071,0.126,6.5,-0.7820122318672148,-0.8962585819848059,-0.14720766029285015,-1.4919020753492322
202357,Nemanja Bjelica,MIN,2015-16,Rebounder,Average,60,1074.8033333333333,308,210,82,26,21,47,0.468,0.384,0.727,0.594,0.57,0.123,0.073,101.9,107.6,-5.7,1.74,0.047,0.156,0.115,0.101,17.80000000000001,-0.3976571512565558,-0.3583862207837246,0.043749670153875805,-0.37670835777367623
2403,Nene,WAS,2015-16,Rebounder,Average,57,1093.91,525,259,97,54,26,76,0.544,0.0,0.578,0.564,0.544,0.218,0.113,102.7,101.4,1.3,1.28,0.049,0.199,0.145,0.123,24.0,0.2827518769585489,-0.13466125090113384,0.4540376154564408,0.32827610982133587
203999,Nikola Jokić,DEN,2015-16,Rebounder,Elite,80,1732.5516666666667,796,560,189,79,50,104,0.512,0.333,0.811,0.582,0.535,0.194,0.145,105.5,103.1,2.4,1.82,0.099,0.223,0.176,0.159,22.30000000000001,0.40540731955307696,0.3780176041364208,1.7113321241081798,0.7302463717687212
202703,Nikola Mirotic,CHI,2015-16,Rebounder,Average,66,1646.11,777,362,100,58,46,102,0.407,0.39,0.807,0.564,0.518,0.209,0.103,105.3,104.7,0.7,0.98,0.035,0.174,0.095,0.106,20.700000000000003,0.3985970691693999,-0.4045048436799804,0.5107614863943992,0.3781804139726758
202696,Nikola Vučević,ORL,2015-16,Rebounder,Very Good,65,2036.8216666666667,1181,576,179,53,70,123,0.51,0.222,0.753,0.531,0.511,0.265,0.14,104.9,106.1,-1.2,1.46,0.084,0.203,0.154,0.142,19.30000000000001,0.9112095384965945,0.21763231754485918,1.5372120582672593,0.48693619028555374
203943,Noah Vonleh,POR,2015-16,Rebounder,Very Good,78,1173.493333333333,283,305,30,27,26,50,0.421,0.239,0.745,0.471,0.441,0.13,0.056,103.5,105.3,-1.8,0.6,0.074,0.184,0.037,0.128,20.10000000000001,-1.0676994530154935,-0.9879071296688584,0.6397913018284451,-0.18062392220614587
201956,Omri Casspi,SAC,2015-16,Rebounder,Very Good,69,1880.405,813,410,95,56,17,94,0.481,0.409,0.648,0.587,0.571,0.174,0.102,105.6,104.6,1.0,1.01,0.03,0.176,0.074,0.104,20.80000000000001,0.29984489111818186,-0.5408740203249336,0.612644349800972,0.06992669951189949
200782,P.J. Tucker,PHX,2015-16,Rebounder,Very Good,82,2539.5983333333334,652,512,177,106,20,111,0.411,0.33,0.746,0.506,0.469,0.125,0.078,100.7,107.1,-6.4,1.59,0.062,0.138,0.104,0.098,18.30000000000001,-0.6380841404475878,-0.07060973184567879,0.8068510395067486,0.4714605508129575
2200,Pau Gasol,CHI,2015-16,Rebounder,Elite,72,2291.358333333333,1187,793,294,42,146,164,0.469,0.348,0.792,0.529,0.481,0.244,0.165,104.2,104.4,-0.2,1.79,0.065,0.249,0.215,0.161,21.0,0.7503712363305745,0.983473673043711,2.3550486427115502,1.2417714097817878
203112,Quincy Acy,SAC,2015-16,Rebounder,Average,59,875.8933333333333,307,188,27,29,24,27,0.556,0.388,0.735,0.629,0.6,0.128,0.089,99.2,105.2,-6.0,1.0,0.071,0.139,0.045,0.104,20.200000000000003,-0.1616621227764634,-0.9540049769565355,0.023594304227280427,-0.17426065683071715
203135,Robert Sacre,LAL,2015-16,Rebounder,Average,25,320.09,87,72,14,4,10,12,0.413,0.0,0.658,0.474,0.413,0.139,0.05,98.8,102.9,-4.1,1.17,0.086,0.124,0.072,0.104,22.5,-1.1260076964430885,-0.8501643241041678,-0.2841976114778917,-0.4398034737176751
201577,Robin Lopez,NYK,2015-16,Rebounder,Very Good,82,2218.94,842,602,114,16,129,133,0.539,0.0,0.795,0.574,0.539,0.174,0.106,104.3,106.5,-2.2,0.86,0.12,0.145,0.083,0.133,18.900000000000006,0.24643023950418605,-0.42040100518625145,1.4915430127004339,0.6769942677294895
1626178,Rondae Hollis-Jefferson,BKN,2015-16,Rebounder,Average,29,615.4566666666667,167,154,43,39,16,26,0.457,0.286,0.712,0.519,0.471,0.131,0.096,98.9,102.1,-3.2,1.65,0.061,0.179,0.1,0.12,23.30000000000001,-0.8695905093054699,-0.5861589823786755,0.13721390125754573,0.03055275318128048
201579,Roy Hibbert,LAL,2015-16,Rebounder,Average,81,1877.87,481,398,95,32,110,76,0.443,0.0,0.807,0.507,0.443,0.13,0.06,95.8,113.7,-17.9,1.25,0.064,0.139,0.082,0.1,11.700000000000003,-0.7190806612450368,-0.4959327936455957,0.5298451895782677,0.22751059832768394
203497,Rudy Gobert,UTA,2015-16,Rebounder,Elite,61,1932.0733333333333,557,668,91,45,135,114,0.559,0.0,0.569,0.582,0.559,0.143,0.126,105.5,100.6,4.9,0.8,0.115,0.242,0.073,0.18,24.80000000000001,-0.14029186040590205,-0.5612104389492039,2.2654297515423156,1.3848311597510363
203527,Ryan Kelly,LAL,2015-16,Rebounder,Average,36,469.8066666666667,152,121,20,13,10,18,0.369,0.135,0.685,0.44,0.386,0.173,0.085,99.0,97.8,1.2,1.11,0.04,0.202,0.07,0.119,27.60000000000001,-1.0246328565822278,-0.8393214828399725,0.03691275369191127,-0.04690236452040416
1626257,Salah Mejri,DAL,2015-16,Rebounder,Average,34,397.23,125,123,10,8,36,23,0.628,0.0,0.587,0.636,0.628,0.138,0.095,106.8,101.3,5.5,0.43,0.105,0.19,0.038,0.149,24.10000000000001,-0.17968365428553898,-1.0558833027807064,0.42440913999965063,-0.041296477805337184
201150,Spencer Hawes,CHA,2015-16,Rebounder,Average,57,1035.003333333333,340,244,109,22,27,58,0.405,0.373,0.831,0.508,0.467,0.168,0.094,101.1,99.3,1.8,1.88,0.047,0.175,0.171,0.112,26.10000000000001,-0.53686680596814,0.05555403167477342,0.2741007393499784,0.13021477740238238
1626169,Stanley Johnson,DET,2015-16,Rebounder,Average,73,1687.0716666666667,593,306,118,55,12,114,0.375,0.307,0.784,0.46,0.428,0.191,0.064,100.6,104.2,-3.6,1.04,0.031,0.147,0.113,0.086,21.200000000000003,-0.46048677649032754,-0.2371526398493815,0.10737919961553782,0.032479886578025474
203500,Steven Adams,OKC,2015-16,Rebounder,Very Good,80,2014.388333333333,636,533,62,42,89,84,0.613,0.0,0.582,0.621,0.613,0.125,0.087,111.8,99.9,11.9,0.74,0.109,0.142,0.042,0.126,25.5,0.007894139941179823,-0.8420687406794476,1.2192823102947676,0.9294719993294155
201959,Taj Gibson,CHI,2015-16,Rebounder,Very Good,73,1935.5583333333332,627,504,106,47,77,78,0.526,0.0,0.692,0.556,0.526,0.144,0.096,102.2,105.3,-3.1,1.36,0.104,0.14,0.083,0.122,20.10000000000001,-0.23114689438908317,-0.4498385357649576,1.0913757141497533,0.5425940007167916
204028,Tarik Black,LAL,2015-16,Rebounder,Very Good,39,495.59,133,157,16,14,18,22,0.548,0.0,0.422,0.537,0.548,0.13,0.081,102.8,99.4,3.4,0.73,0.086,0.228,0.053,0.155,26.0,-0.79851440340147,-0.9495403548229187,0.5910619376723519,-0.0496087696367166
203093,Terrence Jones,HOU,2015-16,Rebounder,Average,50,1044.235,434,211,41,23,39,49,0.452,0.316,0.664,0.519,0.486,0.19,0.082,101.8,112.0,-10.3,0.84,0.056,0.148,0.069,0.1,13.400000000000006,-0.24513530274401743,-0.7676656184057862,0.03366339443286076,-0.4841986647511181
201152,Thaddeus Young,BKN,2015-16,Rebounder,Elite,73,2407.418333333333,1102,660,136,112,37,136,0.514,0.233,0.644,0.533,0.518,0.217,0.118,103.4,108.0,-4.6,1.0,0.076,0.208,0.094,0.142,17.400000000000006,0.5142907062087301,-0.27765360941072004,1.7600958592951423,0.6527464089505094
203080,Thomas Robinson,BKN,2015-16,Rebounder,Very Good,71,916.4483333333334,307,359,46,39,36,69,0.447,0.0,0.431,0.453,0.447,0.186,0.091,96.6,110.3,-13.6,0.67,0.134,0.255,0.08,0.19,15.100000000000009,-0.7433605346979397,-0.6874729751100053,1.5729323122365484,-0.24888630216319022
1495,Tim Duncan,SAS,2015-16,Rebounder,Very Good,61,1536.4266666666667,522,447,163,47,78,90,0.488,0.0,0.702,0.523,0.488,0.171,0.122,108.1,94.5,13.6,1.81,0.079,0.212,0.153,0.148,30.900000000000006,-0.29789321116602674,0.15313960305252966,1.27136414680252,1.1872619552544916
202389,Timofey Mozgov,CLE,2015-16,Rebounder,Very Good,76,1325.5883333333334,475,337,33,22,57,71,0.565,0.143,0.716,0.593,0.567,0.16,0.089,104.6,104.0,0.6,0.46,0.087,0.168,0.039,0.129,21.400000000000006,-0.012084979483716785,-0.9656327490320091,0.7374390708104143,0.15759172476189584
202699,Tobias Harris,DET,2015-16,Rebounder,Very Good,76,2513.395,1116,510,169,65,40,108,0.469,0.335,0.831,0.56,0.514,0.192,0.116,104.8,104.3,0.5,1.56,0.038,0.166,0.106,0.101,21.10000000000001,0.4957482171136633,-0.08881195575455048,0.839763245253459,0.4135070405422256
202344,Trevor Booker,UTA,2015-16,Rebounder,Very Good,79,1632.0333333333333,463,452,83,59,41,81,0.49,0.293,0.67,0.533,0.505,0.141,0.1,102.4,98.9,3.5,1.02,0.102,0.178,0.083,0.14,26.5,-0.5028800980410852,-0.5344714361787377,1.1827138052834045,0.6787315721827398
1626168,Trey Lyles,UTA,2015-16,Rebounder,Average,80,1382.3933333333334,488,299,59,26,18,65,0.438,0.383,0.695,0.517,0.494,0.178,0.09,101.6,103.3,-1.7,0.91,0.043,0.18,0.072,0.111,22.10000000000001,-0.3054741176091067,-0.6845782145989456,0.4072969071468884,-0.15441564707003289
201946,Tyler Hansbrough,CHA,2015-16,Rebounder,Average,44,342.65833333333336,104,89,8,12,7,12,0.451,0.667,0.585,0.522,0.465,0.144,0.054,102.9,107.0,-4.1,0.67,0.108,0.148,0.038,0.127,18.400000000000006,-0.8027040165588214,-1.063242685425383,0.05392187345206484,-0.6281591299233574
203092,Tyler Zeller,BOS,2015-16,Rebounder,Average,60,709.9383333333334,364,178,29,10,22,46,0.476,0.0,0.815,0.539,0.476,0.225,0.102,98.0,102.3,-4.3,0.63,0.08,0.148,0.073,0.114,23.10000000000001,0.07495186833990065,-0.7893513009341765,0.12445706143743071,-0.2209729230212312
2199,Tyson Chandler,PHX,2015-16,Rebounder,Elite,66,1617.9133333333334,472,576,64,36,44,93,0.583,0.0,0.62,0.606,0.583,0.126,0.117,96.3,107.9,-11.5,0.69,0.103,0.251,0.064,0.174,17.5,-0.1888168458328728,-0.7111209846665922,1.9448809960170286,-0.05801945883474021
2617,Udonis Haslem,MIA,2015-16,Rebounder,Average,37,259.53833333333336,59,75,14,5,2,5,0.377,0.111,0.75,0.434,0.385,0.131,0.09,97.5,100.6,-3.1,2.8,0.043,0.26,0.08,0.156,24.80000000000001,-1.4334651711485407,-0.8052230974248299,0.38622454811647955,-0.3752460701900868
203115,Will Barton,DEN,2015-16,Rebounder,Very Good,82,2353.3716666666664,1178,476,203,71,39,139,0.432,0.345,0.806,0.535,0.489,0.226,0.125,103.7,106.8,-3.1,1.46,0.024,0.177,0.147,0.099,18.60000000000001,0.6464174360025763,0.26662133593655696,0.7240690647994789,0.3186710665452683
1626161,Willie Cauley-Stein,SAC,2015-16,Rebounder,Very Good,66,1411.545,463,352,37,47,66,46,0.563,0.0,0.648,0.588,0.563,0.131,0.088,105.6,106.8,-1.2,0.8,0.094,0.15,0.038,0.122,18.60000000000001,-0.26162042754287446,-0.9565316370775733,0.6880621694326312,0.34316988410874
203186,Willie Reed,BKN,2015-16,Rebounder,Average,39,425.6333333333333,182,122,10,6,30,16,0.571,0.0,0.545,0.579,0.571,0.175,0.114,97.2,104.4,-7.2,0.63,0.113,0.174,0.039,0.143,21.0,-0.19361989234452348,-1.0502656494457894,0.3453178355879035,-0.30486348035385463
2216,Zach Randolph,MEM,2015-16,Rebounder,Very Good,68,2016.405,1040,529,142,43,13,105,0.475,0.231,0.796,0.519,0.479,0.247,0.13,105.9,106.9,-1.1,1.35,0.088,0.187,0.125,0.136,18.5,0.6091484275370719,-0.08142820809425634,1.3360653390069097,-0.24037662731230233
2585,Zaza Pachulia,DAL,2015-16,Rebounder,Elite,76,2004.1066666666663,650,718,128,64,22,119,0.466,0.0,0.768,0.55,0.466,0.163,0.118,103.9,103.8,0.1,1.08,0.124,0.237,0.101,0.18,21.60000000000001,-0.10977652695286333,-0.26776756664500556,2.39809868072558,0.2504086630733595
1627773,AJ Hammons,DAL,2016-17,Rebounder,Average,22,163.23166666666663,48,36,4,1,13,10,0.405,0.5,0.45,0.472,0.464,0.165,0.043,101.2,101.5,-0.3,0.4,0.045,0.172,0.038,0.106,23.900000000000006,-0.9752350435119702,-1.0779614507147361,-0.3542399318804811,-0.35827862545408934
203932,Aaron Gordon,ORL,2016-17,Rebounder,Average,80,2297.965,1019,405,150,65,40,89,0.454,0.288,0.719,0.53,0.499,0.197,0.088,107.2,110.4,-3.1,1.69,0.048,0.124,0.097,0.086,15.0,0.2908730949826454,-0.2092849708932326,0.3700636793984003,0.055103522740259425
2744,Al Jefferson,IND,2016-17,Rebounder,Very Good,66,930.635,535,278,57,19,16,33,0.499,0.0,0.765,0.526,0.499,0.254,0.133,102.2,107.6,-5.4,1.73,0.077,0.225,0.114,0.148,17.80000000000001,0.3362343448939624,-0.4559961571770986,0.8229431661630884,-0.4998252183572223
202329,Al-Farouq Aminu,POR,2016-17,Rebounder,Very Good,61,1772.9183333333333,532,451,99,60,44,94,0.393,0.33,0.706,0.506,0.468,0.155,0.092,108.1,107.1,0.9,1.05,0.044,0.204,0.082,0.126,18.30000000000001,-0.505007550322148,-0.48121402835624266,1.001705266434215,0.23765699172434895
1626210,Alan Williams,PHX,2016-17,Rebounder,Very Good,47,707.7133333333334,346,292,23,27,32,37,0.517,0.0,0.625,0.547,0.517,0.203,0.127,106.2,105.1,1.2,0.62,0.121,0.255,0.049,0.188,20.30000000000001,-0.05333912822565565,-0.9462531289062196,1.3696766385216141,-0.10816820317781006
203458,Alex Len,PHX,2016-17,Rebounder,Very Good,77,1559.5966666666666,613,510,44,38,98,102,0.497,0.25,0.721,0.553,0.5,0.174,0.095,100.8,111.9,-11.1,0.43,0.091,0.222,0.043,0.154,13.5,-0.038781126110537266,-0.9026855311466193,1.5149649234015146,0.2740276230097897
201582,Alexis Ajinca,NOP,2016-17,Rebounder,Average,39,584.335,207,177,12,20,22,31,0.5,0.0,0.725,0.529,0.5,0.166,0.088,100.2,105.3,-5.1,0.39,0.076,0.2,0.031,0.14,20.10000000000001,-0.5273523177596431,-1.0878474934804507,0.45303469477545333,-0.2936233187866195
101161,Amir Johnson,BOS,2016-17,Rebounder,Very Good,80,1607.985,520,366,140,51,62,77,0.576,0.409,0.67,0.628,0.612,0.136,0.091,112.3,104.6,7.7,1.82,0.074,0.15,0.125,0.113,20.80000000000001,0.044788919989034705,-0.08878759073893287,0.6105525808618225,0.4734057649586034
203083,Andre Drummond,DET,2016-17,Rebounder,Elite,81,2409.4216666666666,1105,1115,90,124,89,152,0.53,0.286,0.386,0.518,0.531,0.222,0.136,104.3,109.9,-5.6,0.59,0.132,0.341,0.06,0.229,15.5,0.46729352028692306,-0.6379196236254662,4.0757330393700295,1.1915570097759687
203094,Andrew Nicholson,BKN,2016-17,Rebounder,Average,38,341.9916666666667,100,61,10,16,6,17,0.387,0.185,0.643,0.427,0.41,0.172,0.031,95.4,113.1,-17.7,0.59,0.045,0.133,0.047,0.089,12.300000000000011,-1.1437810537287432,-1.0053244227664515,-0.5044795904684142,-0.9552346599751474
203461,Anthony Bennett,BKN,2016-17,Rebounder,Average,23,264.15,115,78,12,5,3,12,0.413,0.271,0.722,0.533,0.484,0.188,0.094,107.0,118.5,-11.5,1.0,0.092,0.187,0.075,0.14,6.900000000000006,-0.40977726925084657,-0.8406707467440926,0.19035021499259086,-1.4168372895731105
203076,Anthony Davis,NOP,2016-17,Rebounder,Elite,75,2707.661666666667,2099,884,157,94,167,181,0.505,0.299,0.802,0.58,0.518,0.321,0.192,105.2,104.1,1.1,0.87,0.062,0.241,0.11,0.155,21.30000000000001,2.2633305273317466,-0.11049763828294075,2.5200681679970085,2.010655429153383
201229,Anthony Tolliver,SAC,2016-17,Rebounder,Average,65,1476.725,461,237,77,34,20,56,0.442,0.391,0.744,0.595,0.57,0.133,0.073,106.3,110.5,-4.2,1.38,0.036,0.132,0.077,0.084,14.900000000000006,-0.20839900785958823,-0.5902555041222708,-0.10118323126672675,-0.4743234759138109
203382,Aron Baynes,DET,2016-17,Rebounder,Very Good,75,1162.545,365,333,32,17,39,50,0.513,0.0,0.84,0.57,0.513,0.139,0.085,103.0,97.1,5.9,0.64,0.093,0.183,0.039,0.138,28.30000000000001,-0.37664481798168953,-0.9693124403543475,0.841482445217876,0.3290778158565988
202687,Bismack Biyombo,ORL,2016-17,Rebounder,Elite,81,1793.415,483,567,74,25,91,95,0.528,0.0,0.534,0.546,0.528,0.134,0.087,100.3,108.9,-8.6,0.78,0.083,0.227,0.065,0.153,16.5,-0.4653725232238672,-0.6687064181082922,1.653467848365755,0.24477168193873464
1626246,Boban Marjanovic,DET,2016-17,Rebounder,Very Good,35,293.27,191,130,9,6,12,10,0.545,0.0,0.81,0.606,0.545,0.239,0.196,105.0,100.2,4.8,0.9,0.145,0.285,0.054,0.212,25.200000000000003,0.43575477762799925,-0.9696805407443692,1.2455810112801662,-0.24020819720124917
1626171,Bobby Portis,CHI,2016-17,Rebounder,Very Good,64,1000.4516666666668,437,296,35,16,11,37,0.488,0.333,0.661,0.545,0.531,0.19,0.11,102.4,105.9,-3.4,0.95,0.07,0.22,0.059,0.142,19.5,-0.09431591468196358,-0.8459202996889881,0.7942660548409815,-0.48161367960336715
1627742,Brandon Ingram,LAL,2016-17,Rebounder,Average,79,2279.2616666666668,740,316,166,50,36,116,0.402,0.294,0.621,0.474,0.442,0.166,0.055,105.7,112.9,-7.2,1.43,0.025,0.114,0.105,0.068,12.5,-0.4574444283019727,-0.1054686830564825,-0.09540079203205454,-0.28767346497046614
203991,Clint Capela,HOU,2016-17,Rebounder,Elite,65,1551.3016666666667,818,526,63,34,79,87,0.643,0.0,0.531,0.638,0.643,0.199,0.13,114.9,107.5,7.4,0.72,0.113,0.222,0.066,0.167,17.900000000000006,0.7780570337164697,-0.703565369319096,1.723034486701003,0.29887092541597565
203469,Cody Zeller,CHA,2016-17,Rebounder,Very Good,62,1725.4716666666666,639,405,99,62,58,65,0.571,0.0,0.679,0.604,0.571,0.153,0.096,110.0,104.1,6.0,1.52,0.076,0.157,0.087,0.116,21.30000000000001,0.11783296909400742,-0.4531257616816566,0.7522533085388092,0.5762882387924959
1626245,Cristiano Felicio,CHI,2016-17,Rebounder,Very Good,66,1040.0733333333333,316,311,40,25,17,33,0.579,0.0,0.645,0.603,0.579,0.124,0.1,103.5,104.1,-0.7,1.21,0.114,0.176,0.061,0.145,21.30000000000001,-0.3331096519153996,-0.8162865364074623,0.8722856965100017,-0.2218982140510192
203967,Dario Saric,PHI,2016-17,Rebounder,Very Good,81,2129.023333333333,1040,513,182,57,30,183,0.411,0.311,0.782,0.508,0.468,0.24,0.103,100.6,106.8,-6.2,0.99,0.051,0.183,0.145,0.117,18.60000000000001,0.49501215485838373,0.17811251149761886,1.0515578498793394,0.08255480938124846
101135,David Lee,SAS,2016-17,Rebounder,Very Good,79,1476.9583333333333,576,441,124,31,40,82,0.59,0.0,0.708,0.613,0.59,0.161,0.126,109.8,99.5,10.3,1.51,0.106,0.189,0.126,0.149,25.900000000000006,0.1824222687344108,-0.14204499856142794,1.2681835296052089,0.3432431408772319
201599,DeAndre Jordan,LAC,2016-17,Rebounder,Elite,81,2570.305,1029,1114,96,51,134,115,0.714,0.0,0.482,0.673,0.714,0.152,0.15,114.7,105.8,8.9,0.83,0.122,0.305,0.054,0.217,19.60000000000001,0.7862705683726235,-0.6495473957009399,3.9202038091302005,1.1313575631204218
202326,DeMarcus Cousins,NOP,2016-17,Rebounder,Elite,72,2465.363333333333,1942,794,332,100,93,269,0.452,0.361,0.772,0.562,0.498,0.359,0.178,108.6,109.5,-0.9,1.23,0.064,0.273,0.262,0.167,15.900000000000006,2.3253728118524344,1.387331650033675,2.434139947123297,1.0068560252885737
202324,Derrick Favors,UTA,2016-17,Rebounder,Very Good,50,1185.611666666667,476,305,56,45,40,60,0.487,0.3,0.615,0.512,0.49,0.204,0.108,104.2,101.5,2.6,0.93,0.083,0.185,0.079,0.135,23.900000000000006,-0.15238305212965148,-0.6562937152215399,0.7289688819612072,0.37079287191459387
1717,Dirk Nowitzki,DAL,2016-17,Rebounder,Very Good,54,1424.235,769,353,82,30,38,51,0.437,0.378,0.875,0.529,0.495,0.246,0.124,103.7,105.0,-1.3,1.61,0.016,0.238,0.099,0.126,20.400000000000006,0.4635719470061683,-0.44826867414240035,0.7416741652350178,-0.010503862839489175
202700,Donatas Motiejunas,NOP,2016-17,Rebounder,Average,34,478.685,150,101,32,18,11,31,0.413,0.234,0.51,0.47,0.453,0.168,0.053,101.7,112.8,-11.1,1.03,0.052,0.16,0.096,0.104,12.600000000000009,-0.891151478690098,-0.6491062002640654,-0.2072496325515987,-0.8662982115683103
1627733,Dragan Bender,PHX,2016-17,Rebounder,Average,43,573.6433333333333,146,103,23,10,22,32,0.354,0.277,0.364,0.44,0.441,0.145,0.033,105.4,106.7,-1.3,0.72,0.039,0.135,0.057,0.087,18.700000000000003,-1.233933247973939,-0.9013119022268818,-0.4185169985638331,-0.47949349323904283
2730,Dwight Howard,ATL,2016-17,Rebounder,Elite,74,2198.72,1002,940,104,64,92,170,0.633,0.0,0.533,0.627,0.633,0.19,0.151,103.0,105.0,-2.0,0.61,0.133,0.278,0.076,0.207,20.400000000000006,0.7819712003429977,-0.4965214917540547,3.3311193925256397,0.888125533229033
203939,Dwight Powell,DAL,2016-17,Rebounder,Very Good,77,1333.4533333333334,516,306,49,61,39,34,0.515,0.284,0.759,0.588,0.542,0.162,0.107,103.7,109.0,-5.4,1.44,0.069,0.179,0.062,0.12,16.400000000000006,0.0035354098320312666,-0.7775516611715007,0.5405274459746678,0.08579715205324312
202683,Enes Freedom,OKC,2016-17,Rebounder,Very Good,72,1532.835,1033,482,67,32,38,123,0.545,0.132,0.786,0.599,0.549,0.271,0.154,109.3,108.0,1.3,0.54,0.126,0.185,0.078,0.156,17.400000000000006,1.2371948507652089,-0.6214347640107362,1.4661496316682474,-0.16604516211137302
101141,Ersan Ilyasova,ATL,2016-17,Rebounder,Very Good,82,2142.398333333333,1071,481,141,58,23,116,0.431,0.353,0.778,0.546,0.511,0.216,0.106,103.9,104.3,-0.4,1.22,0.052,0.163,0.107,0.108,21.10000000000001,0.5589425778949756,-0.18622565944510472,0.8519928464599278,0.16898061192180913
1626163,Frank Kaminsky,CHA,2016-17,Rebounder,Average,75,1954.015,874,336,162,46,34,76,0.399,0.328,0.756,0.502,0.471,0.216,0.085,108.7,108.3,0.4,2.13,0.029,0.141,0.131,0.086,17.10000000000001,0.16530464543562898,0.025871538362012413,0.18698055712549613,-0.07908233950214662
1627834,Georgios Papagiannis,SAC,2016-17,Rebounder,Average,22,355.01666666666665,124,86,20,3,17,24,0.549,0.0,0.857,0.573,0.549,0.165,0.082,103.9,108.9,-5.0,0.83,0.078,0.169,0.085,0.127,16.5,-0.34295656824229875,-0.7550566828162142,0.04596173770106898,-0.7318706389314947
203922,Glenn Robinson III,IND,2016-17,Rebounder,Average,69,1426.7066666666667,419,246,47,41,20,37,0.467,0.392,0.711,0.564,0.54,0.125,0.081,102.9,105.3,-2.4,1.27,0.041,0.127,0.048,0.085,20.10000000000001,-0.4744947417857534,-0.8635581905050183,-0.06456316970905895,-0.09626962508821392
203476,Gorgui Dieng,MIN,2016-17,Rebounder,Very Good,82,2653.215,816,647,158,88,95,107,0.502,0.372,0.814,0.555,0.514,0.14,0.092,110.1,109.3,0.8,1.48,0.073,0.181,0.086,0.126,16.10000000000001,-0.1298492107565886,-0.24164162699861605,1.5217674688326093,0.914505533044876
202328,Greg Monroe,MIL,2016-17,Rebounder,Very Good,81,1822.6933333333332,951,532,187,92,38,140,0.533,0.0,0.741,0.572,0.533,0.238,0.139,111.0,107.0,4.0,1.34,0.099,0.208,0.165,0.155,18.400000000000006,0.7821112527726433,0.3088640348076549,1.586078906546831,0.5143912892368457
202355,Hassan Whiteside,MIA,2016-17,Rebounder,Elite,77,2513.3766666666666,1309,1088,57,57,161,154,0.557,0.0,0.628,0.579,0.557,0.223,0.163,108.7,106.6,2.0,0.37,0.115,0.313,0.037,0.214,18.80000000000001,0.9704980927763148,-0.8885554639657252,3.8129970030408624,1.4196935287936496
101133,Ian Mahinmi,WAS,2016-17,Rebounder,Average,31,554.8016666666666,173,150,19,33,24,34,0.586,0.0,0.573,0.601,0.586,0.138,0.082,105.1,102.4,2.7,0.56,0.085,0.184,0.05,0.134,23.0,-0.34518227265376006,-0.9553542408606555,0.30495554718840895,0.03169788506113761
1627826,Ivica Zubac,LAL,2016-17,Rebounder,Average,38,608.515,284,159,30,14,33,30,0.529,0.0,0.653,0.547,0.529,0.201,0.1,103.1,113.7,-10.5,1.0,0.065,0.188,0.078,0.126,11.700000000000003,-0.11269132612010078,-0.757583342937252,0.22691872000395397,-0.7380386627985153
203210,JaMychal Green,MEM,2016-17,Rebounder,Very Good,77,2101.103333333333,689,544,84,47,34,94,0.5,0.379,0.802,0.601,0.555,0.144,0.093,105.6,105.2,0.3,0.89,0.081,0.186,0.064,0.133,20.200000000000003,0.07085346849253527,-0.6375271582198268,1.3376470548478478,0.11341851608962294
201580,JaVale McGee,GSW,2016-17,Rebounder,Very Good,77,739.0983333333334,472,244,17,19,67,40,0.652,0.0,0.505,0.642,0.652,0.221,0.125,122.6,102.5,20.1,0.43,0.138,0.167,0.032,0.154,22.900000000000006,0.7124602535719576,-1.063831383533842,0.8091662201465508,0.3158142885519391
1626185,Jarell Martin,MEM,2016-17,Rebounder,Average,42,558.4216666666666,165,162,8,17,9,28,0.384,0.36,0.8,0.477,0.414,0.156,0.069,94.4,99.8,-5.4,0.29,0.067,0.206,0.025,0.134,25.60000000000001,-0.9281572760685487,-1.136272178779307,0.3367960901923923,-0.13308372686923406
201160,Jason Smith,WAS,2016-17,Rebounder,Average,74,1067.743333333333,420,258,37,21,54,58,0.529,0.474,0.686,0.598,0.585,0.166,0.087,106.5,106.4,0.1,0.64,0.061,0.178,0.052,0.121,19.0,0.020762402671359387,-0.8778844903887322,0.4259049282634149,-0.02413325030444019
203481,Jeff Withey,UTA,2016-17,Rebounder,Average,51,432.34833333333336,146,121,7,16,32,14,0.534,0.0,0.75,0.588,0.534,0.139,0.096,103.9,106.8,-2.8,0.5,0.121,0.159,0.025,0.14,18.60000000000001,-0.43166078237894995,-1.1399518701016453,0.3044454940901978,-0.3220261430833959
203087,Jeremy Lamb,CHA,2016-17,Rebounder,Average,62,1142.545,603,264,75,27,23,40,0.46,0.281,0.853,0.55,0.502,0.228,0.124,107.4,108.9,-1.5,1.88,0.026,0.2,0.113,0.113,16.5,0.33216080743895465,-0.395379366709927,0.33990796532796425,-0.42249314439357316
201149,Joakim Noah,NYK,2016-17,Rebounder,Elite,46,1014.5816666666668,232,403,103,30,37,58,0.49,0.0,0.436,0.491,0.49,0.124,0.094,106.2,112.6,-6.4,1.78,0.146,0.229,0.138,0.187,12.800000000000011,-1.0340502168670378,-0.15190667631152474,1.6514620070037795,-0.4671568572187809
203530,Joffrey Lauvergne,CHI,2016-17,Rebounder,Average,70,980.105,375,251,70,25,6,56,0.44,0.337,0.63,0.509,0.49,0.185,0.094,103.3,106.9,-3.6,1.25,0.069,0.182,0.11,0.124,18.5,-0.38146086206210467,-0.43063078332637006,0.44555024109179886,-0.49770340822342485
203089,John Henson,MIL,2016-17,Rebounder,Very Good,58,1122.5266666666666,392,295,57,29,78,52,0.515,0.0,0.692,0.55,0.515,0.163,0.092,106.3,108.2,-1.9,1.1,0.084,0.179,0.076,0.132,17.200000000000003,-0.29583295133299575,-0.6694669839039533,0.6642161332105135,0.19581837418669154
202720,Jon Leuer,DET,2016-17,Rebounder,Very Good,75,1943.7383333333328,767,402,111,31,26,66,0.48,0.293,0.867,0.551,0.518,0.169,0.1,102.4,104.5,-2.0,1.68,0.049,0.156,0.088,0.1,20.900000000000006,0.024238326645336622,-0.4033518124786801,0.5404587039129287,-0.09217473041329627
202685,Jonas Valančiūnas,TOR,2016-17,Rebounder,Elite,80,2065.475,959,759,57,37,63,106,0.557,0.5,0.811,0.601,0.558,0.193,0.136,111.1,109.1,2.0,0.54,0.112,0.264,0.043,0.188,16.30000000000001,0.6242673012057215,-0.8548495439562218,2.6088044370932986,0.07406811010254725
1626175,Jordan Mickey,BOS,2016-17,Rebounder,Average,25,141.03166666666667,38,34,7,3,6,9,0.441,0.0,0.571,0.473,0.441,0.148,0.06,94.6,116.6,-22.0,0.78,0.087,0.163,0.084,0.122,8.800000000000011,-1.1011771917202084,-0.8085103233415287,-0.1557122201729269,-1.2955737408464618
1627823,Juancho Hernangomez,DEN,2016-17,Rebounder,Average,62,841.9016666666666,305,187,29,30,12,31,0.451,0.407,0.75,0.592,0.554,0.139,0.086,107.9,110.1,-2.2,0.94,0.047,0.171,0.048,0.107,15.300000000000011,-0.29412795742740766,-0.9297926343071071,0.05915988855765608,-0.5732067696718376
203944,Julius Randle,LAL,2016-17,Rebounder,Elite,74,2132.1066666666666,975,636,264,49,37,173,0.488,0.27,0.723,0.543,0.499,0.212,0.113,104.2,114.0,-9.8,1.53,0.066,0.231,0.195,0.145,11.400000000000006,0.4432777435861282,0.7607298666752184,1.7346337362012167,-0.352547506460158
1626147,Justin Anderson,PHI,2016-17,Rebounder,Average,75,1227.2333333333331,532,245,66,41,23,66,0.424,0.299,0.791,0.537,0.49,0.202,0.091,101.5,108.6,-7.1,1.0,0.054,0.151,0.089,0.1,16.80000000000001,0.016298728981566073,-0.5633202686489849,0.12387826627748019,-0.2598076607423547
203120,Justin Hamilton,BKN,2016-17,Rebounder,Average,64,1176.513333333333,442,262,55,29,43,43,0.459,0.306,0.75,0.55,0.532,0.158,0.092,98.0,109.8,-11.7,1.28,0.057,0.152,0.074,0.104,15.600000000000009,-0.2963779150693909,-0.6880616732184643,0.21994431941851095,-0.25230034600005063
203994,Jusuf Nurkić,POR,2016-17,Rebounder,Very Good,65,1390.98,662,467,123,50,74,143,0.507,0.0,0.571,0.528,0.507,0.232,0.117,106.3,107.7,-1.4,0.86,0.108,0.212,0.142,0.161,17.700000000000003,0.27820472621032055,-0.0558422365250906,1.4900472244366698,0.4023144774037033
1626157,Karl-Anthony Towns,MIN,2016-17,Rebounder,Elite,82,3030.33,2061,1007,220,56,103,212,0.542,0.367,0.832,0.618,0.576,0.271,0.17,111.8,112.1,-0.3,1.04,0.101,0.247,0.127,0.173,13.300000000000011,2.0871691404078296,0.21682302171796303,3.075747511272083,0.49936854090486743
203482,Kelly Olynyk,BOS,2016-17,Rebounder,Very Good,75,1538.33,678,361,148,44,29,96,0.512,0.354,0.732,0.603,0.579,0.185,0.11,105.1,105.2,-0.1,1.54,0.046,0.181,0.159,0.113,20.200000000000003,0.374495667286794,0.13165015322695905,0.5972856879434961,0.031747107259324524
202702,Kenneth Faried,DEN,2016-17,Rebounder,Elite,61,1295.8766666666668,587,462,55,43,40,59,0.548,0.0,0.693,0.588,0.548,0.179,0.124,110.7,112.3,-1.7,0.93,0.135,0.218,0.064,0.175,13.100000000000009,0.179185179076906,-0.7442382065676365,1.6551354917838672,-0.28448034449665754
201567,Kevin Love,CLE,2016-17,Rebounder,Elite,60,1884.645,1142,666,116,53,21,122,0.427,0.373,0.871,0.573,0.51,0.253,0.148,115.5,107.1,8.4,0.95,0.077,0.267,0.093,0.172,18.30000000000001,1.0353754658961287,-0.3568650891924026,2.158205759937543,-0.06757422091450262
202338,Kevin Seraphin,IND,2016-17,Rebounder,Average,49,559.315,232,142,23,7,20,29,0.551,0.0,0.636,0.559,0.551,0.184,0.095,99.6,109.4,-9.8,0.79,0.07,0.181,0.069,0.125,16.0,-0.2060288312316693,-0.8339000622078749,0.16907162977696394,-0.6894501326937807
1626172,Kevon Looney,GSW,2016-17,Rebounder,Average,53,446.9966666666666,135,124,29,15,17,17,0.523,0.222,0.618,0.553,0.533,0.126,0.085,100.1,103.5,-3.4,1.71,0.093,0.164,0.094,0.129,21.900000000000006,-0.7348734545542204,-0.6713805809009146,0.17226943248971022,-0.2902590384044374
201585,Kosta Koufos,SAC,2016-17,Rebounder,Very Good,71,1419.371666666667,470,403,47,36,48,61,0.551,0.0,0.613,0.56,0.551,0.151,0.093,103.0,108.5,-5.5,0.77,0.084,0.202,0.053,0.143,16.900000000000006,-0.2702537574062489,-0.8354699238304323,1.0909172175978465,-0.05280240785215131
2743,Kris Humphries,ATL,2016-17,Rebounder,Very Good,56,688.6483333333333,257,206,29,15,21,28,0.407,0.352,0.78,0.514,0.451,0.176,0.105,96.9,101.1,-4.2,1.04,0.083,0.214,0.07,0.146,24.30000000000001,-0.503853093569579,-0.8062042609389282,0.6064205995298277,-0.1087779622733408
203124,Kyle O'Quinn,NYK,2016-17,Rebounder,Very Good,79,1229.1683333333333,496,439,117,36,104,76,0.521,0.118,0.771,0.552,0.523,0.182,0.132,103.7,109.1,-5.4,1.54,0.12,0.219,0.149,0.169,16.30000000000001,-0.07030923080799928,-0.03859681111469958,1.5176698585314845,0.47852277129020876
200746,LaMarcus Aldridge,SAS,2016-17,Rebounder,Very Good,72,2335.0116666666668,1243,523,139,46,88,98,0.477,0.411,0.812,0.532,0.488,0.248,0.122,110.5,104.4,6.2,1.42,0.076,0.153,0.1,0.115,21.0,0.837190113371184,-0.23290861543420185,1.0526123271066317,0.6964039493568291
202498,Lance Thomas,NYK,2016-17,Rebounder,Average,46,967.6483333333332,275,142,35,21,5,25,0.398,0.447,0.843,0.516,0.475,0.131,0.055,102.6,112.4,-9.8,1.4,0.031,0.109,0.053,0.069,13.0,-0.8088590332889519,-0.8796262196984915,-0.5443490112851326,-0.8724170367520093
1626204,Larry Nance Jr.,LAL,2016-17,Rebounder,Very Good,63,1441.84,449,369,96,82,39,56,0.526,0.278,0.738,0.567,0.54,0.133,0.101,104.1,108.2,-4.1,1.71,0.08,0.18,0.096,0.127,17.200000000000003,-0.3771438087121444,-0.41360595563441627,0.7968678768783425,0.35038951379739564
2449,Luis Scola,BKN,2016-17,Rebounder,Average,36,460.90833333333336,184,139,37,14,4,34,0.47,0.34,0.676,0.55,0.526,0.18,0.089,102.5,111.2,-8.6,1.09,0.105,0.189,0.124,0.146,14.200000000000003,-0.3213837340340782,-0.47341345027469167,0.42864423442425414,-0.884558431263862
2736,Luol Deng,LAL,2016-17,Rebounder,Average,56,1485.8733333333332,425,295,74,48,20,43,0.387,0.309,0.73,0.47,0.447,0.141,0.077,102.8,108.9,-6.1,1.72,0.04,0.155,0.073,0.096,16.5,-0.8904885382081021,-0.6237651914289545,0.2055885782420228,-0.2352569146982401
101162,Marcin Gortat,WAS,2016-17,Rebounder,Elite,82,2555.478333333333,883,849,121,40,61,119,0.579,0.0,0.648,0.593,0.579,0.146,0.11,112.1,108.6,3.5,1.02,0.093,0.243,0.065,0.168,16.80000000000001,0.1796570357515687,-0.4957609259583937,2.5928154235295677,0.11429460843608935
202693,Markieff Morris,WAS,2016-17,Rebounder,Very Good,76,2374.333333333333,1063,493,126,82,42,129,0.457,0.362,0.837,0.54,0.497,0.203,0.089,111.1,106.9,4.2,0.98,0.046,0.162,0.076,0.105,18.5,0.4237019023894819,-0.4155682826626128,0.8456144265498704,0.4571229833709663
1627737,Marquese Chriss,PHX,2016-17,Rebounder,Average,82,1743.36,753,348,60,67,70,108,0.449,0.321,0.624,0.529,0.506,0.194,0.063,104.3,113.8,-9.5,0.56,0.052,0.148,0.051,0.098,11.600000000000009,0.07136849675327567,-0.7988692433098693,0.37169695178564316,0.17958427354075082
201578,Marreese Speights,LAC,2016-17,Rebounder,Very Good,82,1285.861666666667,711,373,65,23,41,69,0.445,0.372,0.876,0.584,0.539,0.234,0.114,105.3,106.3,-0.9,0.94,0.069,0.218,0.085,0.144,19.10000000000001,0.6483640153367577,-0.5894705733109921,1.0240555143925685,-0.12906208896280832
1627850,Marshall Plumlee,NYK,2016-17,Rebounder,Average,21,170.18,40,51,10,4,4,12,0.533,0.0,0.421,0.521,0.533,0.121,0.06,108.4,105.6,2.8,0.83,0.124,0.163,0.082,0.143,19.80000000000001,-1.0229461718703596,-0.8087065560443485,0.15692795614766886,-0.6591458803697664
101107,Marvin Williams,CHA,2016-17,Rebounder,Very Good,76,2294.543333333333,849,500,106,58,53,60,0.422,0.35,0.873,0.551,0.51,0.16,0.096,107.1,107.9,-0.8,1.77,0.037,0.18,0.072,0.107,17.5,0.017488200466177856,-0.5116327224490471,0.8896673852448879,0.2609877018357751
203486,Mason Plumlee,DEN,2016-17,Rebounder,Very Good,81,2147.58,842,605,284,69,92,134,0.536,0.0,0.58,0.558,0.536,0.18,0.112,112.6,111.9,0.7,2.12,0.08,0.2,0.187,0.141,13.5,0.1988725526490258,0.7893824664426459,1.6014203828888718,0.5345250900790245
2440,Matt Barnes,GSW,2016-17,Rebounder,Very Good,74,1775.9133333333334,527,384,195,48,26,107,0.391,0.331,0.787,0.514,0.483,0.155,0.081,105.4,107.4,-2.0,1.82,0.04,0.176,0.162,0.109,18.0,-0.462873005360082,0.32144860538160935,0.6073547781490763,-0.08642011810555111
203086,Meyers Leonard,POR,2016-17,Rebounder,Average,74,1221.9033333333334,401,237,71,13,28,35,0.386,0.347,0.875,0.507,0.484,0.154,0.061,105.2,107.0,-1.9,2.03,0.022,0.171,0.085,0.096,18.400000000000006,-0.60108100623739,-0.5673924253769624,0.05169262038943675,-0.40533102292052253
203077,Michael Kidd-Gilchrist,CHA,2016-17,Rebounder,Very Good,81,2349.4083333333333,743,565,114,81,77,56,0.477,0.111,0.784,0.528,0.478,0.144,0.093,106.7,105.8,0.9,2.04,0.064,0.171,0.074,0.117,19.60000000000001,-0.3075846319832792,-0.4709598852005065,1.189533536229934,0.8655030030946461
203488,Mike Muscala,ATL,2016-17,Rebounder,Average,70,1236.861666666667,435,240,95,30,41,55,0.504,0.418,0.766,0.596,0.573,0.145,0.097,102.5,105.4,-2.9,1.73,0.059,0.13,0.121,0.094,20.0,-0.13358555910930736,-0.27684431358382383,0.03417344753107197,-0.00365334085007298
203101,Miles Plumlee,CHA,2016-17,Rebounder,Average,45,484.61,113,95,21,18,13,30,0.478,0.0,0.641,0.518,0.478,0.128,0.04,100.0,107.2,-7.2,0.7,0.082,0.112,0.065,0.097,18.200000000000003,-0.9362115340131805,-0.8637300581922205,-0.31234748418635233,-0.5170371032849513
202357,Nemanja Bjelica,MIN,2016-17,Rebounder,Average,65,1189.645,403,244,79,40,20,59,0.424,0.316,0.738,0.526,0.503,0.159,0.078,104.0,103.6,0.5,1.34,0.047,0.157,0.102,0.101,21.80000000000001,-0.45440311020337126,-0.4424547881046635,0.13396454199849522,-0.006748040442371317
203457,Nerlens Noel,DAL,2016-17,Rebounder,Very Good,51,1046.8233333333333,445,294,50,65,50,51,0.595,0.0,0.694,0.622,0.595,0.171,0.126,102.3,105.6,-3.3,0.98,0.09,0.198,0.078,0.143,19.80000000000001,0.21261440514748706,-0.6839895164904868,0.8016989519783312,0.43830060300859763
203999,Nikola Jokić,DEN,2016-17,Rebounder,Elite,73,2037.7283333333328,1221,718,359,61,55,171,0.578,0.324,0.825,0.64,0.605,0.231,0.167,116.3,109.7,6.5,2.1,0.106,0.248,0.266,0.178,15.700000000000003,1.3143705516579416,1.509153929076477,2.372619372116219,0.20654830356775147
202703,Nikola Mirotic,CHI,2016-17,Rebounder,Very Good,70,1678.9116666666666,744,384,75,53,55,80,0.413,0.342,0.773,0.546,0.516,0.194,0.104,108.2,102.7,5.4,0.94,0.036,0.186,0.069,0.111,22.700000000000003,0.16207627181168807,-0.642556113446285,0.632834086758437,0.5349401254077739
202696,Nikola Vučević,ORL,2016-17,Rebounder,Elite,75,2162.735,1096,779,208,76,74,117,0.468,0.307,0.669,0.498,0.48,0.241,0.142,104.3,107.8,-3.5,1.78,0.077,0.272,0.157,0.173,17.60000000000001,0.4855416150725101,0.34119632589742066,2.4707771941963994,0.6658344462948637
203943,Noah Vonleh,POR,2016-17,Rebounder,Very Good,74,1265.375,327,387,31,30,27,64,0.481,0.35,0.638,0.525,0.494,0.129,0.073,103.1,105.9,-2.8,0.48,0.098,0.199,0.036,0.148,19.5,-0.7345424271457496,-0.9898450916814374,1.1121614317826036,-0.1746751744178396
201956,Omri Casspi,MIN,2016-17,Rebounder,Average,36,642.155,186,112,37,23,3,29,0.47,0.349,0.586,0.526,0.515,0.138,0.069,106.0,112.8,-6.8,1.28,0.042,0.145,0.087,0.091,12.600000000000009,-0.7646225517346669,-0.6812666236666292,-0.34367797409212447,-0.8954311089013309
203490,Otto Porter Jr.,WAS,2016-17,Rebounder,Very Good,80,2605.0716666666667,1075,514,121,116,42,44,0.516,0.434,0.832,0.628,0.608,0.147,0.109,111.6,108.4,3.2,2.75,0.045,0.154,0.066,0.099,17.0,0.5255518797935537,-0.49014327262347646,0.8248974509787594,0.7212773106993183
1627783,Pascal Siakam,TOR,2016-17,Rebounder,Average,55,859.0866666666667,229,185,17,26,45,33,0.502,0.143,0.688,0.523,0.505,0.129,0.06,105.3,107.3,-2.1,0.52,0.077,0.148,0.028,0.112,18.10000000000001,-0.8166500948580806,-1.086301996873511,0.11755140291372707,-0.116262819185085
202335,Patrick Patterson,TOR,2016-17,Rebounder,Average,65,1598.5316666666668,445,293,76,40,23,38,0.401,0.372,0.717,0.542,0.523,0.123,0.075,114.0,103.6,10.4,2.0,0.04,0.143,0.066,0.092,21.80000000000001,-0.5961716301467134,-0.6557293821286985,0.14932320385597106,0.023604351566846243
2200,Pau Gasol,SAS,2016-17,Rebounder,Very Good,64,1626.735,792,501,150,24,70,81,0.502,0.538,0.707,0.578,0.548,0.213,0.143,110.8,104.0,6.8,1.85,0.069,0.245,0.143,0.159,21.400000000000006,0.5187417382383851,0.04912708251295986,1.5547827876719285,0.30984148267846257
200794,Paul Millsap,ATL,2016-17,Rebounder,Very Good,69,2342.83,1246,533,252,90,62,158,0.442,0.311,0.768,0.542,0.481,0.241,0.126,106.2,103.5,2.7,1.59,0.047,0.171,0.172,0.11,21.900000000000006,0.8452855477416774,0.5873675441040628,1.0154478414198829,0.9421290621072215
203112,Quincy Acy,BKN,2016-17,Rebounder,Average,38,557.7333333333333,222,115,18,14,15,21,0.412,0.411,0.75,0.565,0.521,0.165,0.083,103.0,107.1,-4.1,0.86,0.034,0.168,0.053,0.1,18.30000000000001,-0.3180242625557123,-0.942180972178242,-0.22106094959900585,-0.5323721595271033
1626158,Richaun Holmes,PHI,2016-17,Rebounder,Very Good,57,1192.7,559,311,58,42,55,55,0.558,0.351,0.699,0.611,0.591,0.184,0.116,102.4,109.6,-7.2,1.05,0.079,0.178,0.081,0.129,15.800000000000011,0.3270987519700444,-0.6376990259070289,0.6684512276351171,0.01555787524477544
201577,Robin Lopez,CHI,2016-17,Rebounder,Very Good,81,2270.7566666666667,839,520,80,18,117,91,0.493,0.0,0.721,0.511,0.493,0.172,0.083,107.2,105.9,1.4,0.88,0.102,0.12,0.054,0.111,19.5,-0.13057895218179918,-0.7084224568583521,0.9936935741369146,0.6115602305989444
1626178,Rondae Hollis-Jefferson,BKN,2016-17,Rebounder,Very Good,78,1761.4083333333333,675,452,154,82,44,116,0.434,0.224,0.751,0.517,0.447,0.185,0.098,102.2,107.7,-5.5,1.33,0.053,0.186,0.135,0.121,17.700000000000003,-0.119375892929727,0.01890462112297521,0.9406603734944787,0.4303541713375095
201579,Roy Hibbert,DEN,2016-17,Rebounder,Average,48,682.31,221,152,21,8,46,32,0.544,0.0,0.813,0.614,0.544,0.136,0.071,103.6,105.6,-2.0,0.66,0.077,0.127,0.048,0.103,19.80000000000001,-0.25088011742708366,-0.9592301648858133,-0.08466697908934984,-0.19276694048747278
203497,Rudy Gobert,UTA,2016-17,Rebounder,Elite,81,2743.7466666666664,1137,1035,97,49,214,147,0.661,0.0,0.653,0.681,0.661,0.166,0.161,110.3,102.0,8.3,0.66,0.124,0.259,0.057,0.194,23.400000000000006,1.0123816915181987,-0.62901474437385,3.417574852012997,2.1432997226777095
1626155,Sam Dekker,HOU,2016-17,Rebounder,Average,77,1419.065,504,284,76,38,21,41,0.473,0.321,0.559,0.549,0.543,0.148,0.087,110.1,106.4,3.7,1.85,0.064,0.126,0.079,0.095,19.0,-0.33058903814958135,-0.5826998887747745,0.1636617595170245,-0.1818663924545305
201586,Serge Ibaka,TOR,2016-17,Rebounder,Very Good,79,2422.08,1173,538,75,41,124,105,0.48,0.391,0.856,0.566,0.543,0.208,0.106,106.0,108.9,-2.9,0.71,0.053,0.169,0.05,0.111,16.5,0.6882866364657626,-0.7492915268097124,1.0414543886428895,0.7444298010531187
1627746,Skal Labissiere,SAC,2016-17,Rebounder,Average,33,611.6383333333333,289,162,27,16,13,37,0.537,0.375,0.703,0.577,0.544,0.209,0.106,104.4,107.2,-2.8,0.73,0.086,0.175,0.071,0.132,18.200000000000003,0.12100436113036935,-0.8079459902486875,0.31131678158303167,-0.5377598291615752
201150,Spencer Hawes,MIL,2016-17,Rebounder,Average,54,797.1283333333333,337,191,81,15,30,49,0.484,0.309,0.846,0.562,0.529,0.193,0.109,99.6,110.7,-11.2,1.65,0.046,0.187,0.174,0.116,14.700000000000003,-0.047271246215776386,-0.030624365345946508,0.1844302916344399,-0.5817656667209131
203500,Steven Adams,OKC,2016-17,Rebounder,Very Good,80,2389.365,905,613,86,89,78,146,0.571,0.0,0.611,0.589,0.571,0.159,0.097,109.2,104.9,4.2,0.59,0.11,0.136,0.054,0.122,20.5,0.2678184342752011,-0.6863443089243226,1.3805939797692686,1.011390578148766
201959,Taj Gibson,OKC,2016-17,Rebounder,Very Good,78,1988.5583333333332,846,485,73,41,65,105,0.515,0.231,0.715,0.543,0.517,0.188,0.097,106.4,105.9,0.5,0.7,0.075,0.163,0.057,0.118,19.5,0.17455796185194003,-0.7173273361099683,0.990002903841392,0.3237634500203476
204028,Tarik Black,LAL,2016-17,Rebounder,Very Good,67,1090.8983333333333,383,343,39,29,44,58,0.51,0.5,0.752,0.56,0.512,0.152,0.085,105.0,105.9,-0.9,0.67,0.123,0.177,0.052,0.149,19.5,-0.3256732324003273,-0.8705251077440557,1.0081524284060117,-0.013039649303918635
203093,Terrence Jones,MIL,2016-17,Rebounder,Average,54,1270.8566666666666,584,306,59,40,54,48,0.47,0.253,0.606,0.515,0.489,0.209,0.11,102.7,105.5,-2.9,1.23,0.048,0.178,0.075,0.113,19.900000000000006,-0.02074394857599447,-0.6677252545941941,0.4513498658419059,0.22561185306803924
203080,Thomas Robinson,LAL,2016-17,Rebounder,Very Good,48,560.4083333333333,241,223,31,26,9,46,0.536,0.0,0.47,0.535,0.536,0.2,0.114,103.6,110.9,-7.2,0.67,0.14,0.263,0.088,0.198,14.5,-0.21963164667868817,-0.6977271182657415,1.3139900592955132,-0.6920083534739057
1627748,Thon Maker,MIL,2016-17,Rebounder,Average,57,562.1883333333334,226,114,23,10,26,17,0.459,0.378,0.653,0.558,0.536,0.181,0.072,105.0,106.6,-1.6,1.35,0.075,0.145,0.069,0.109,18.80000000000001,-0.23803470721749465,-0.8339000622078749,-0.10905743944054852,-0.43314816972180203
202389,Timofey Mozgov,LAL,2016-17,Rebounder,Average,54,1103.86,401,264,43,16,31,72,0.515,0.0,0.808,0.553,0.515,0.168,0.072,101.1,109.8,-8.7,0.6,0.088,0.146,0.061,0.116,15.600000000000009,-0.2355875920182268,-0.8052474624404475,0.37812692824200517,-0.5084076322349761
202344,Trevor Booker,BKN,2016-17,Rebounder,Elite,71,1754.315,709,571,138,75,28,127,0.516,0.321,0.673,0.554,0.537,0.185,0.127,100.1,108.2,-8.1,1.09,0.079,0.223,0.131,0.153,17.200000000000003,0.11669201024353008,-0.062441053374106006,1.6640813627004163,0.1665678691954143
1626168,Trey Lyles,UTA,2016-17,Rebounder,Average,71,1158.35,440,235,69,26,20,64,0.362,0.319,0.722,0.464,0.436,0.209,0.076,103.9,103.1,0.8,1.08,0.042,0.158,0.098,0.101,22.30000000000001,-0.41618374107294703,-0.501722314667715,0.11008413474550774,-0.12242978405398715
203092,Tyler Zeller,BOS,2016-17,Rebounder,Average,51,524.655,178,124,42,7,21,20,0.494,0.0,0.564,0.508,0.494,0.159,0.085,104.1,104.6,-0.5,2.1,0.078,0.143,0.125,0.111,20.80000000000001,-0.7195772714835481,-0.4493973403280831,-0.057044344994535146,-0.3973102284530953
202325,Wesley Johnson,LAC,2016-17,Rebounder,Average,68,810.1183333333333,186,181,23,29,30,18,0.365,0.246,0.647,0.448,0.438,0.122,0.067,100.0,102.4,-2.4,1.28,0.031,0.186,0.042,0.109,23.0,-1.3277180885648894,-0.9855767022506401,0.06871892566502505,0.050957217326325
1626161,Willie Cauley-Stein,SAC,2016-17,Rebounder,Very Good,75,1420.79,611,339,80,53,44,69,0.53,0.0,0.669,0.558,0.53,0.195,0.106,102.6,109.5,-6.9,1.16,0.062,0.18,0.093,0.121,15.900000000000006,0.14209438039003008,-0.48933397679658025,0.6408285935403024,0.024116231037358937
203186,Willie Reed,MIA,2016-17,Rebounder,Very Good,71,1030.7166666666667,374,332,26,18,47,31,0.568,0.25,0.557,0.578,0.57,0.15,0.108,103.8,101.9,1.9,0.84,0.119,0.192,0.04,0.155,23.5,-0.2438888852680179,-0.9857729349534599,1.0554031898137755,0.13835645058187793
1626195,Willy Hernangomez,NYK,2016-17,Rebounder,Elite,72,1324.41,587,502,96,41,36,100,0.529,0.267,0.728,0.564,0.533,0.199,0.133,106.4,107.6,-1.1,0.96,0.123,0.237,0.116,0.181,17.80000000000001,0.18837395150188738,-0.30125288893607166,1.8377085609585602,-0.06952595365290927
201163,Wilson Chandler,DEN,2016-17,Rebounder,Very Good,71,2196.6833333333334,1117,460,141,51,30,114,0.461,0.337,0.727,0.545,0.52,0.217,0.098,111.1,112.1,-1.0,1.24,0.046,0.162,0.097,0.103,13.300000000000011,0.5937183746152127,-0.242402192794277,0.7325736246795556,-0.2910131460109866
2216,Zach Randolph,MEM,2016-17,Rebounder,Elite,73,1786.235,1028,598,122,38,10,99,0.449,0.223,0.731,0.49,0.46,0.28,0.152,105.8,105.8,0.0,1.23,0.096,0.246,0.131,0.167,19.60000000000001,0.676261998605109,-0.12131611453151828,1.9140777447249029,-0.25790569145862624
2585,Zaza Pachulia,GSW,2016-17,Rebounder,Very Good,70,1268.3333333333333,426,410,132,59,33,87,0.534,0.0,0.778,0.588,0.534,0.15,0.1,116.7,101.0,15.7,1.52,0.115,0.202,0.131,0.161,24.400000000000006,-0.14921377879356434,-0.08451920130813562,1.3388046451677489,0.47440704255420457
203932,Aaron Gordon,ORL,2017-18,Rebounder,Very Good,58,1909.0783333333331,1022,457,136,59,45,107,0.434,0.336,0.698,0.53,0.5,0.238,0.113,106.3,108.3,-2.0,1.27,0.044,0.191,0.111,0.116,17.10000000000001,0.5931763064156382,-0.18215350271712713,0.8902289948894037,0.16690748272970635
2744,Al Jefferson,IND,2017-18,Rebounder,Average,36,483.56,252,143,30,16,23,21,0.534,0.0,0.833,0.563,0.534,0.218,0.135,105.4,107.2,-1.8,1.43,0.061,0.227,0.098,0.144,18.200000000000003,0.08016068240025294,-0.6452302762389075,0.4137784401495547,-0.4365851891308499
202329,Al-Farouq Aminu,POR,2017-18,Rebounder,Very Good,69,2072.1716666666666,644,525,84,79,40,79,0.395,0.369,0.738,0.522,0.503,0.145,0.09,109.6,104.4,5.2,1.06,0.045,0.198,0.056,0.121,21.0,-0.40596311137327556,-0.6824683848991646,1.134357010102044,0.5526906541736419
203458,Alex Len,PHX,2017-18,Rebounder,Elite,69,1395.3466666666666,587,518,82,27,61,78,0.566,0.333,0.684,0.612,0.567,0.164,0.129,101.8,110.4,-8.6,1.05,0.116,0.228,0.093,0.172,15.0,0.20659881697361693,-0.4819745941519037,1.7655057295550818,-0.1261615248510711
101161,Amir Johnson,PHI,2017-18,Rebounder,Very Good,74,1170.3016666666667,342,330,118,45,44,55,0.538,0.313,0.612,0.575,0.558,0.125,0.088,102.5,101.0,1.5,2.15,0.102,0.169,0.137,0.136,24.400000000000006,-0.4671303112987917,-0.10232895981136796,0.8080430008575195,0.4406400654516352
203083,Andre Drummond,DET,2017-18,Rebounder,Elite,78,2624.8483333333334,1171,1247,237,114,127,200,0.529,0.0,0.605,0.555,0.529,0.207,0.156,107.0,108.0,-1.0,1.19,0.145,0.329,0.14,0.234,17.400000000000006,0.6166309583096938,0.35240726755163754,4.489677283937247,1.5840408951036604
203382,Aron Baynes,BOS,2017-18,Rebounder,Very Good,81,1484.493333333333,482,434,93,22,51,80,0.471,0.143,0.756,0.502,0.474,0.166,0.087,104.1,97.7,6.5,1.16,0.086,0.196,0.095,0.141,27.700000000000003,-0.48340983901002016,-0.4302626829363483,1.1476926450821094,0.46704139355532676
1628389,Bam Adebayo,MIA,2017-18,Rebounder,Very Good,69,1368.185,477,381,101,32,41,66,0.512,0.0,0.721,0.57,0.512,0.157,0.111,101.9,102.6,-0.6,1.53,0.086,0.194,0.115,0.14,22.80000000000001,-0.1641074604725328,-0.2884720856592976,0.9943239258431699,0.1815824751651587
202687,Bismack Biyombo,ORL,2017-18,Rebounder,Very Good,82,1494.89,468,468,66,21,95,84,0.52,0.0,0.65,0.556,0.52,0.146,0.098,97.9,111.4,-13.6,0.79,0.091,0.209,0.07,0.149,14.0,-0.33116861040165074,-0.6700556820124122,1.3398247513641715,0.09690939857402052
1626246,Boban Marjanovic,LAC,2017-18,Rebounder,Very Good,39,337.87,235,144,22,10,11,36,0.534,0.0,0.794,0.616,0.534,0.276,0.166,109.8,103.5,6.3,0.61,0.151,0.274,0.1,0.215,21.900000000000006,0.7955185290293268,-0.6634325001477791,1.3209472743655208,-0.40277063711443223
1626171,Bobby Portis,CHI,2017-18,Rebounder,Very Good,73,1642.52,964,498,123,50,23,103,0.471,0.359,0.769,0.548,0.52,0.25,0.133,107.4,109.5,-2.1,1.19,0.089,0.207,0.126,0.145,15.900000000000006,0.7421111047950949,-0.1457246898837662,1.3684674916554085,-0.21943460184209987
1628403,Caleb Swanigan,POR,2017-18,Rebounder,Average,27,189.34666666666664,61,54,14,5,3,18,0.4,0.125,0.667,0.449,0.408,0.189,0.054,95.9,99.0,-3.1,0.78,0.075,0.207,0.124,0.139,26.400000000000006,-0.9216718705148835,-0.5580463506884719,0.11392947467994385,-0.27112112610781053
2546,Carmelo Anthony,OKC,2017-18,Rebounder,Average,78,2501.14,1261,453,103,47,49,99,0.404,0.357,0.767,0.503,0.476,0.223,0.086,111.6,106.4,5.2,1.04,0.025,0.158,0.061,0.088,19.0,0.501350192658771,-0.5844659831001515,0.5229051600236942,0.19467486607630757
1627767,Cheick Diallo,NOP,2017-18,Rebounder,Very Good,52,580.95,254,211,19,11,21,28,0.58,0.0,0.758,0.619,0.58,0.168,0.118,102.7,110.0,-7.4,0.68,0.079,0.262,0.048,0.173,15.400000000000006,0.03576090439091395,-0.9665895475304898,0.9636581586745221,-0.6731400219671616
203991,Clint Capela,HOU,2017-18,Rebounder,Elite,74,2034.1083333333331,1026,802,68,58,137,103,0.652,0.0,0.56,0.65,0.652,0.19,0.155,114.2,104.9,9.3,0.66,0.119,0.278,0.055,0.198,20.5,0.9307821073631529,-0.7469610993914942,2.850296259237709,1.2871187032423748
203469,Cody Zeller,CHA,2017-18,Rebounder,Average,33,627.1833333333333,233,177,31,14,21,33,0.545,0.667,0.718,0.602,0.551,0.152,0.096,106.8,104.7,2.1,0.94,0.097,0.184,0.075,0.138,20.700000000000003,-0.1937090516480914,-0.7707566116196656,0.4275553861660927,-0.3306561553898624
202332,Cole Aldrich,MIN,2017-18,Rebounder,Average,21,48.69833333333333,12,15,3,2,1,1,0.333,0.0,0.333,0.34,0.333,0.151,0.028,100.9,102.7,-1.8,3.0,0.057,0.286,0.081,0.158,22.700000000000003,-1.8583979326939504,-0.8400820486356336,0.2525011417059234,-0.539832440612051
1626245,Cristiano Felicio,CHI,2017-18,Rebounder,Average,55,977.45,308,233,55,16,11,54,0.591,0.0,0.667,0.614,0.591,0.133,0.082,94.8,111.2,-16.4,1.02,0.076,0.158,0.093,0.114,14.200000000000003,-0.2101016065616823,-0.5813262598550369,0.27039288353902097,-0.7930134573657305
1628464,Daniel Theis,BOS,2017-18,Rebounder,Very Good,63,935.63,331,274,56,30,48,56,0.541,0.31,0.753,0.616,0.579,0.15,0.105,103.1,101.9,1.2,1.0,0.092,0.189,0.099,0.141,23.5,-0.0576319136335437,-0.5439406485231952,0.7231520716956651,0.27281026984469364
1627863,Danuel House Jr.,PHX,2017-18,Rebounder,Average,23,402.625,152,76,25,7,6,11,0.434,0.259,0.806,0.533,0.492,0.16,0.091,106.7,103.4,3.2,2.27,0.032,0.14,0.092,0.088,22.0,-0.5880682565792025,-0.6973346528601021,-0.4774185660181154,-0.47856657843978073
203967,Dario Saric,PHI,2017-18,Rebounder,Very Good,78,2310.07,1141,520,202,51,20,148,0.453,0.393,0.86,0.582,0.541,0.204,0.115,108.9,103.0,5.9,1.36,0.067,0.147,0.129,0.108,22.400000000000006,0.7274085216350102,0.16182388458570862,0.9554746112228738,0.14247975690876116
1628021,David Nwaba,CHI,2017-18,Rebounder,Average,70,1645.9533333333334,555,326,104,59,29,77,0.478,0.346,0.655,0.542,0.499,0.153,0.075,103.9,109.7,-5.8,1.35,0.05,0.142,0.094,0.095,15.700000000000003,-0.29723078572890754,-0.39540373172554455,0.2751036600309661,-0.077228486388758
201599,DeAndre Jordan,LAC,2017-18,Rebounder,Elite,77,2423.4366666666665,927,1171,117,39,70,137,0.645,0.0,0.58,0.648,0.645,0.151,0.152,107.9,110.3,-2.4,0.85,0.132,0.339,0.074,0.236,15.100000000000009,0.5624544902099177,-0.4599208112334917,4.3134998201880475,0.09510747394127561
202326,DeMarcus Cousins,NOP,2017-18,Rebounder,Elite,48,1737.07,1210,617,257,79,76,242,0.47,0.354,0.746,0.583,0.53,0.318,0.167,108.5,106.6,1.9,1.06,0.065,0.292,0.241,0.183,18.80000000000001,1.6174202894598741,0.9933840808250429,2.168326406689428,0.7876590731753478
201960,DeMarre Carroll,BKN,2017-18,Rebounder,Very Good,73,2179.7166666666667,983,479,147,59,30,103,0.414,0.371,0.764,0.55,0.506,0.194,0.101,106.5,107.8,-1.2,1.43,0.045,0.165,0.106,0.104,17.60000000000001,0.3573010112997055,-0.16976516484599236,0.7957274720738761,0.04452286020836974
1627749,Dejounte Murray,SAS,2017-18,Rebounder,Very Good,81,1742.925,654,459,231,97,31,134,0.443,0.265,0.709,0.485,0.451,0.201,0.117,103.0,98.7,4.3,1.72,0.061,0.196,0.202,0.128,26.700000000000003,-0.20035346594851977,0.6786236263824762,1.0484116037128977,0.9830396588177689
202324,Derrick Favors,UTA,2017-18,Rebounder,Very Good,77,2153.401666666666,944,552,102,54,82,88,0.563,0.222,0.651,0.593,0.573,0.181,0.119,106.2,102.6,3.6,1.16,0.097,0.167,0.075,0.133,22.80000000000001,0.47986399283747566,-0.5094985277336486,1.3588740835171702,0.8243484839339947
203473,Dewayne Dedmon,ATL,2017-18,Rebounder,Very Good,62,1542.2733333333333,617,489,90,40,51,85,0.524,0.355,0.779,0.599,0.577,0.166,0.119,103.2,108.3,-5.1,1.06,0.065,0.249,0.09,0.158,17.10000000000001,0.16854627842000394,-0.46939002357794923,1.510202590363265,0.030746370920214688
1627738,Deyonta Davis,MEM,2017-18,Rebounder,Average,62,942.6733333333332,360,250,40,15,39,32,0.608,0.0,0.667,0.621,0.608,0.144,0.108,101.0,109.3,-8.3,1.25,0.078,0.182,0.068,0.13,16.10000000000001,-0.052053805987229675,-0.7769629630630417,0.5193347883362154,-0.40845194562395654
1717,Dirk Nowitzki,DAL,2017-18,Rebounder,Very Good,77,1900.3383333333331,927,438,120,43,45,51,0.456,0.409,0.898,0.575,0.547,0.199,0.119,105.5,107.5,-2.0,2.35,0.012,0.227,0.098,0.118,17.900000000000006,0.496457486510226,-0.31405805722846336,0.8652941104091239,0.04812941575631724
1627734,Domantas Sabonis,IND,2017-18,Rebounder,Elite,74,1810.12,861,572,151,40,32,137,0.514,0.351,0.75,0.567,0.524,0.214,0.121,107.2,105.8,1.4,1.1,0.093,0.227,0.127,0.16,19.60000000000001,0.5129285983621145,-0.03707567952337747,1.7559123214168437,-0.01459875751440686
1627733,Dragan Bender,PHX,2017-18,Rebounder,Average,82,2069.38,531,361,130,22,53,112,0.386,0.366,0.765,0.524,0.508,0.125,0.058,100.6,110.9,-10.3,1.16,0.018,0.149,0.089,0.082,14.5,-0.622427509537666,-0.3278200240193358,0.202356404498407,-0.2882853890919623
1628407,Dwayne Bacon,CHA,2017-18,Rebounder,Average,53,712.9983333333333,175,124,38,16,2,23,0.375,0.256,0.8,0.431,0.404,0.13,0.058,104.6,104.7,-0.2,1.65,0.005,0.158,0.077,0.081,20.700000000000003,-1.3742849857427133,-0.7337634656934632,-0.43923397413494397,-0.5021652455716166
2730,Dwight Howard,CHA,2017-18,Rebounder,Elite,81,2463.343333333333,1347,1012,105,48,131,208,0.555,0.143,0.574,0.577,0.556,0.238,0.136,109.6,108.2,1.4,0.5,0.101,0.295,0.069,0.199,17.200000000000003,1.0962739107410677,-0.5321653737761369,3.420245416112097,0.9289098621774619
203939,Dwight Powell,DAL,2017-18,Rebounder,Very Good,79,1671.745,671,444,91,67,32,59,0.593,0.333,0.719,0.656,0.626,0.151,0.119,105.3,104.5,0.9,1.54,0.08,0.19,0.085,0.134,20.900000000000006,0.42358065331379274,-0.4937985989301971,1.0850488507860003,0.3415391193843686
202334,Ed Davis,POR,2017-18,Rebounder,Elite,78,1470.885,414,575,40,32,52,66,0.582,0.0,0.667,0.607,0.582,0.12,0.115,107.9,103.9,4.1,0.61,0.121,0.254,0.039,0.188,21.5,-0.2688488400552734,-0.9398749097756414,2.1205827776988873,0.2164935016346025
2731,Emeka Okafor,NOP,2017-18,Rebounder,Average,26,353.235,114,120,8,8,25,13,0.505,0.0,0.818,0.545,0.505,0.133,0.096,103.0,102.7,0.3,0.62,0.12,0.175,0.028,0.148,22.700000000000003,-0.7445144972902717,-1.1194192187745555,0.40370934994397456,-0.23484512690843884
202683,Enes Freedom,NYK,2017-18,Rebounder,Elite,71,1829.7,1000,780,105,36,37,122,0.592,0.0,0.848,0.63,0.592,0.212,0.161,106.6,111.5,-4.9,0.86,0.146,0.279,0.091,0.212,13.900000000000006,0.9587321165027541,-0.408577000407958,2.970277090662597,-0.3403585370344568
101141,Ersan Ilyasova,PHI,2017-18,Rebounder,Very Good,69,1729.6483333333333,750,405,90,61,26,72,0.452,0.36,0.778,0.558,0.526,0.183,0.099,107.0,106.1,0.9,1.25,0.067,0.161,0.078,0.114,19.30000000000001,0.15448829712509463,-0.536801863596956,0.7267739999294487,0.12465867765685806
1627780,Gary Payton II,LAL,2017-18,Rebounder,Average,23,220.86,69,44,21,7,3,7,0.405,0.24,0.333,0.443,0.446,0.162,0.058,109.9,104.9,4.9,3.0,0.056,0.144,0.13,0.098,20.5,-1.14786091201382,-0.4985825914226006,-0.4349301376486011,-0.5970509830232521
203476,Gorgui Dieng,MIN,2017-18,Rebounder,Very Good,79,1332.615,470,360,71,45,39,59,0.479,0.311,0.775,0.543,0.504,0.159,0.093,103.9,110.5,-6.6,1.2,0.078,0.201,0.08,0.137,14.900000000000006,-0.3088880163353074,-0.5954806920515486,0.9003840126721581,-0.1681166675340017
202328,Greg Monroe,BOS,2017-18,Rebounder,Very Good,51,1040.8483333333334,524,350,114,44,23,94,0.565,0.0,0.739,0.598,0.565,0.218,0.153,100.9,110.5,-9.6,1.21,0.104,0.244,0.189,0.172,14.900000000000006,0.47642695891437475,0.1750702483149748,1.3197381274993154,-0.34035745452147403
1627824,Guerschon Yabusele,BOS,2017-18,Rebounder,Average,33,235.05666666666667,79,52,16,4,5,12,0.426,0.324,0.682,0.559,0.525,0.146,0.08,101.0,101.8,-0.8,1.33,0.065,0.152,0.107,0.105,23.60000000000001,-0.594542936227538,-0.6461870747373881,-0.324525528846517,-0.42576065117858447
202355,Hassan Whiteside,MIA,2017-18,Rebounder,Elite,54,1364.07,754,618,54,37,94,92,0.54,1.0,0.703,0.573,0.542,0.235,0.176,102.1,105.0,-2.8,0.59,0.121,0.317,0.068,0.218,20.400000000000006,0.6238010032361322,-0.7254472845503059,2.6168676859369033,0.6286036619007557
1627740,Henry Ellenson,DET,2017-18,Rebounder,Average,38,328.92333333333335,151,81,20,5,0,18,0.363,0.333,0.862,0.476,0.432,0.233,0.096,97.5,97.0,0.5,1.11,0.029,0.208,0.098,0.118,28.400000000000006,-0.3802937783609482,-0.6820271894622901,-0.08196204395938012,-0.18396416801802293
101133,Ian Mahinmi,WAS,2017-18,Rebounder,Very Good,77,1145.3266666666666,366,312,53,38,42,100,0.556,0.0,0.703,0.601,0.556,0.15,0.061,106.6,105.2,1.4,0.53,0.118,0.156,0.068,0.137,20.200000000000003,-0.11815474406245279,-0.7291269758726442,0.7730218406562248,0.10110596166939571
1628397,Ivan Rabb,MEM,2017-18,Rebounder,Very Good,36,515.61,201,158,32,12,13,35,0.566,0.0,0.806,0.599,0.566,0.167,0.111,102.5,110.9,-8.4,0.91,0.102,0.216,0.095,0.157,14.5,-0.12413119510532855,-0.6547238535989827,0.6191946248653779,-0.7965975785979826
1627826,Ivica Zubac,LAL,2017-18,Rebounder,Average,43,409.82166666666666,161,123,25,8,15,26,0.5,0.0,0.765,0.557,0.5,0.172,0.108,99.8,94.7,5.0,0.96,0.101,0.168,0.095,0.135,30.700000000000003,-0.35651126256000093,-0.6804816928553505,0.24605397973412674,0.13401763345685644
203210,JaMychal Green,MEM,2017-18,Rebounder,Very Good,55,1541.8133333333333,569,464,79,32,25,76,0.457,0.339,0.721,0.53,0.501,0.178,0.101,102.5,110.5,-8.0,1.04,0.096,0.218,0.082,0.155,14.900000000000006,-0.17273308350745756,-0.554807854803008,1.405649162857592,-0.44445888177507226
201580,JaVale McGee,GSW,2017-18,Rebounder,Average,65,615.3866666666667,310,169,33,21,57,27,0.621,0.0,0.731,0.641,0.621,0.183,0.118,110.5,107.9,2.6,1.22,0.101,0.166,0.08,0.136,17.5,0.3117382719881609,-0.7353089623004028,0.3808490488874098,-0.08191287086947646
1627751,Jakob Poeltl,TOR,2017-18,Rebounder,Very Good,82,1523.545,567,393,57,39,100,85,0.659,0.5,0.594,0.662,0.66,0.143,0.097,111.9,103.7,8.3,0.67,0.107,0.15,0.054,0.129,21.700000000000003,0.3243225251171144,-0.7930553572721324,0.8860282714956698,0.7864122493601678
1626185,Jarell Martin,MEM,2017-18,Rebounder,Average,73,1660.6266666666668,565,318,73,39,49,86,0.446,0.347,0.767,0.516,0.48,0.168,0.066,100.6,108.1,-7.6,0.85,0.057,0.139,0.073,0.096,17.30000000000001,-0.3288680067137078,-0.6274448827512927,0.2666162856663242,0.011901014985658376
1628386,Jarrett Allen,BKN,2017-18,Rebounder,Very Good,72,1441.115,587,388,49,28,88,82,0.589,0.333,0.776,0.636,0.596,0.162,0.108,104.1,108.2,-4.1,0.6,0.096,0.157,0.055,0.127,17.200000000000003,0.3291787217067272,-0.8168752345159214,0.8472820699679827,0.2866316512791048
201160,Jason Smith,WAS,2017-18,Rebounder,Average,33,284.74666666666667,113,53,14,3,13,16,0.391,0.125,0.905,0.455,0.409,0.204,0.046,95.5,111.3,-15.8,0.88,0.06,0.122,0.084,0.09,14.100000000000009,-0.7400596778856516,-0.782752484085161,-0.5129669648330561,-0.9133517150625905
203954,Joel Embiid,PHI,2017-18,Rebounder,Elite,63,1912.135,1445,690,199,40,111,234,0.483,0.308,0.769,0.573,0.514,0.33,0.177,110.6,98.9,11.7,0.85,0.078,0.255,0.182,0.173,26.5,1.8175607111570864,0.4485204373693069,2.23462650025019,1.1900881565698898
203530,Joffrey Lauvergne,SAS,2017-18,Rebounder,Very Good,55,533.9083333333333,226,171,41,9,3,33,0.516,0.0,0.638,0.536,0.516,0.192,0.119,100.5,106.3,-5.8,1.24,0.118,0.207,0.121,0.162,19.10000000000001,-0.2832952009664102,-0.4755476449900903,0.717386817976428,-0.6585848022159314
1628381,John Collins,ATL,2017-18,Rebounder,Very Good,74,1784.62,777,541,98,47,80,105,0.576,0.34,0.715,0.62,0.591,0.174,0.119,101.0,107.3,-6.2,0.93,0.094,0.201,0.09,0.147,18.10000000000001,0.46256222426172516,-0.4399524929992431,1.5080420793623759,0.455437042627004
203089,John Henson,MIL,2017-18,Rebounder,Very Good,76,1969.505,665,513,114,45,109,84,0.572,0.143,0.57,0.582,0.573,0.149,0.097,111.2,106.3,4.9,1.36,0.083,0.185,0.083,0.136,19.10000000000001,-0.018484883395630036,-0.42040100518625145,1.293611281668265,0.7868754478889858
204066,John Holland,CLE,2017-18,Rebounder,Average,24,174.44166666666666,54,24,5,7,2,8,0.288,0.306,0.692,0.417,0.381,0.178,0.034,103.5,112.3,-8.8,0.63,0.036,0.104,0.04,0.07,13.100000000000009,-1.1902063742269304,-1.0630464527225634,-0.8447080298529549,-1.0419530423926433
203948,Johnny O'Bryant III,CHA,2017-18,Rebounder,Average,36,379.06166666666667,171,93,14,9,6,15,0.398,0.326,0.84,0.47,0.439,0.219,0.08,94.1,104.8,-10.7,0.93,0.063,0.173,0.067,0.112,20.60000000000001,-0.5026627658430142,-0.8782525907787538,-0.12655942678347842,-0.54010039763246
201973,Jonas Jerebko,UTA,2017-18,Rebounder,Average,74,1133.515,429,246,42,24,12,27,0.466,0.414,0.807,0.586,0.562,0.151,0.091,105.9,104.2,1.7,1.56,0.048,0.175,0.057,0.112,21.200000000000003,-0.15116492233925705,-0.8313977671024547,0.279407496517309,-0.28872236450964456
202685,Jonas Valančiūnas,TOR,2017-18,Rebounder,Elite,77,1727.24,980,660,81,29,69,115,0.568,0.405,0.806,0.628,0.59,0.222,0.151,112.9,107.2,5.6,0.7,0.106,0.263,0.075,0.187,18.200000000000003,1.0060788861068708,-0.5867720455027521,2.3333803030057556,0.1635158732085413
1628395,Jordan Bell,GSW,2017-18,Rebounder,Average,57,808.9133333333333,262,207,102,35,56,51,0.627,0.0,0.682,0.641,0.627,0.134,0.111,113.2,104.3,8.9,2.0,0.082,0.162,0.166,0.126,21.10000000000001,-0.08158049788630654,0.001707925743819394,0.3542808920198873,0.26454557644202786
1626175,Jordan Mickey,MIA,2017-18,Rebounder,Average,23,284.05833333333334,93,81,9,6,10,18,0.476,0.125,0.684,0.515,0.488,0.168,0.08,101.4,107.4,-6.0,0.5,0.065,0.226,0.051,0.146,18.0,-0.6749678386814858,-0.9865335007491209,0.27474827657166806,-0.6834767855638129
1628404,Josh Hart,LAL,2017-18,Rebounder,Average,63,1460.5216666666668,496,263,80,47,16,47,0.469,0.396,0.702,0.596,0.573,0.133,0.088,106.4,108.3,-1.9,1.7,0.028,0.143,0.076,0.086,17.10000000000001,-0.17744125904730587,-0.5848340834901731,-0.006716079482069107,-0.2508353286191401
1627823,Juancho Hernangomez,DEN,2017-18,Rebounder,Average,25,277.08,82,54,12,6,3,9,0.387,0.28,0.833,0.511,0.48,0.134,0.061,105.1,109.2,-4.2,1.33,0.062,0.139,0.06,0.098,16.200000000000003,-0.9546670119280551,-0.9249355467678511,-0.40839635181194833,-0.8600574486744249
203944,Julius Randle,LAL,2017-18,Rebounder,Elite,82,2190.383333333333,1323,654,210,43,45,213,0.558,0.222,0.718,0.606,0.563,0.251,0.135,107.0,108.4,-1.4,0.99,0.082,0.202,0.158,0.144,17.0,1.339941153091184,0.3541733618770144,1.7696548964025114,-0.004749791788235406
1626159,Justise Winslow,MIA,2017-18,Rebounder,Very Good,68,1680.4566666666667,529,370,148,54,33,77,0.424,0.38,0.635,0.496,0.474,0.158,0.092,103.8,102.9,1.0,1.92,0.037,0.178,0.134,0.107,22.5,-0.5423849129499952,-0.00879118014597163,0.5447281693684018,0.3109663452685897
203994,Jusuf Nurkić,POR,2017-18,Rebounder,Elite,79,2088.11,1132,708,143,64,111,183,0.505,0.0,0.63,0.528,0.505,0.257,0.127,106.7,103.1,3.6,0.78,0.087,0.237,0.115,0.162,22.30000000000001,0.8001567757205725,-0.13392505012109032,2.142251117404682,1.191991231881466
1626157,Karl-Anthony Towns,MIN,2017-18,Rebounder,Elite,82,2918.188333333333,1743,1012,199,64,115,159,0.545,0.421,0.858,0.646,0.596,0.225,0.165,115.3,109.2,6.1,1.25,0.085,0.272,0.105,0.179,16.200000000000003,1.6811926188378585,0.015961130580680327,3.1654523300184914,0.87405757009179
203482,Kelly Olynyk,MIA,2017-18,Rebounder,Very Good,76,1778.6816666666666,872,431,207,62,35,147,0.497,0.379,0.77,0.612,0.58,0.213,0.122,110.0,104.6,5.3,1.41,0.052,0.2,0.18,0.126,20.80000000000001,0.7708298836623921,0.46672266127817863,0.9486376947609094,0.31420922919707656
202702,Kenneth Faried,DEN,2017-18,Rebounder,Very Good,32,460.7533333333333,188,153,18,12,13,23,0.514,0.0,0.706,0.552,0.514,0.173,0.108,103.2,108.1,-5.0,0.78,0.135,0.193,0.064,0.162,17.30000000000001,-0.3583074403524746,-0.8803867854941525,0.6696260034704531,-0.6320844884593747
201567,Kevin Love,CLE,2017-18,Rebounder,Elite,59,1651.0083333333334,1039,546,103,43,24,90,0.458,0.415,0.88,0.614,0.552,0.248,0.15,112.7,111.3,1.4,1.14,0.065,0.274,0.099,0.172,14.100000000000009,1.1589136999142777,-0.3709951563732967,1.8398003298977097,-0.38760509349631533
1626172,Kevon Looney,GSW,2017-18,Rebounder,Average,66,910.07,267,215,42,34,56,31,0.58,0.2,0.545,0.588,0.583,0.121,0.079,110.7,104.6,6.1,1.35,0.094,0.135,0.062,0.116,20.80000000000001,-0.47617043880062276,-0.8033095004278685,0.2481113776424066,0.23655781098886533
203920,Khem Birch,ORL,2017-18,Rebounder,Very Good,42,578.4066666666666,178,180,34,15,21,21,0.54,0.0,0.689,0.582,0.54,0.131,0.109,104.9,104.0,0.8,1.62,0.114,0.191,0.088,0.152,21.400000000000006,-0.5014530902945142,-0.6866880442987267,0.6138706821826123,-0.27916651991689856
201585,Kosta Koufos,SAC,2017-18,Rebounder,Very Good,71,1391.065,477,472,87,47,32,49,0.571,0.0,0.446,0.566,0.571,0.15,0.124,98.8,106.8,-8.0,1.78,0.1,0.236,0.1,0.165,18.60000000000001,-0.23822097973319967,-0.4242525641957917,1.5542727345737175,-0.0008238919957258654
1627858,Kyle Collinsworth,DAL,2017-18,Rebounder,Average,32,479.5566666666667,101,107,56,17,9,24,0.384,0.235,0.525,0.433,0.404,0.124,0.066,105.3,107.4,-2.1,2.33,0.06,0.162,0.163,0.107,18.0,-1.4601378266698344,-0.18441083508849263,-0.15311039813556612,-0.579619257245454
203124,Kyle O'Quinn,NYK,2017-18,Rebounder,Very Good,77,1386.595,550,470,158,36,98,100,0.583,0.235,0.772,0.625,0.589,0.168,0.137,105.6,106.8,-1.1,1.58,0.09,0.242,0.166,0.168,18.60000000000001,0.28352620539131884,0.20777063979476237,1.587184940320428,0.5529537398856293
202362,Lance Stephenson,IND,2017-18,Rebounder,Very Good,82,1850.0283333333332,757,424,235,46,17,131,0.427,0.289,0.661,0.495,0.475,0.208,0.097,106.1,109.4,-3.2,1.79,0.033,0.203,0.186,0.115,16.0,-0.01765638950669457,0.6034599383131536,0.7899278473237692,-0.3157093701088328
1626204,Larry Nance Jr.,CLE,2017-18,Rebounder,Very Good,66,1420.5183333333334,573,452,82,88,38,51,0.581,0.167,0.664,0.605,0.584,0.155,0.128,104.9,103.9,1.0,1.61,0.107,0.199,0.085,0.152,21.5,0.09059563993266673,-0.5269158208312416,1.3355896569395678,0.6550853301370555
1628374,Lauri Markkanen,CHI,2017-18,Rebounder,Very Good,68,2020.02,1033,508,79,39,40,83,0.434,0.362,0.843,0.552,0.518,0.215,0.114,101.5,110.5,-9.0,0.95,0.037,0.217,0.064,0.123,14.900000000000006,0.5585236536412582,-0.6559256148315181,1.1147288827890949,-0.22016738116080084
1628436,Luke Kornet,NYK,2017-18,Rebounder,Average,20,326.48833333333334,134,64,26,6,16,12,0.392,0.354,0.727,0.516,0.504,0.189,0.083,102.2,111.5,-9.3,2.17,0.032,0.158,0.114,0.094,13.900000000000006,-0.48595307292786116,-0.5700665881695849,-0.4328211831940168,-0.8636661692483378
201188,Marc Gasol,MEM,2017-18,Rebounder,Very Good,73,2408.335,1258,592,305,54,101,194,0.42,0.341,0.834,0.532,0.473,0.255,0.14,102.7,109.7,-6.9,1.57,0.033,0.225,0.225,0.127,15.700000000000003,0.899250721797142,1.0801268109386042,1.3885713010356993,0.5994221071409039
101162,Marcin Gortat,WAS,2017-18,Rebounder,Elite,82,2074.495,690,623,151,40,61,99,0.518,0.0,0.675,0.546,0.518,0.153,0.104,107.4,105.3,2.1,1.53,0.089,0.213,0.103,0.151,20.10000000000001,-0.17700553513830783,-0.171899359561391,1.7765777404416498,0.30818503609944764
202693,Markieff Morris,WAS,2017-18,Rebounder,Very Good,73,1967.753333333333,841,409,142,56,38,127,0.48,0.367,0.82,0.566,0.536,0.194,0.092,108.4,107.7,0.7,1.12,0.04,0.173,0.107,0.107,17.700000000000003,0.3463784422386529,-0.18254596812276647,0.6482099341313476,0.10025395092296406
1627737,Marquese Chriss,PHX,2017-18,Rebounder,Very Good,72,1526.9,556,395,83,51,70,107,0.423,0.295,0.608,0.509,0.482,0.176,0.075,100.8,109.2,-8.4,0.78,0.046,0.2,0.081,0.121,16.200000000000003,-0.3168172440023753,-0.5457067428485722,0.7894177942255579,0.28407397175547133
101107,Marvin Williams,CHA,2017-18,Rebounder,Average,78,2005.8516666666667,744,370,96,56,38,66,0.458,0.413,0.829,0.603,0.57,0.145,0.093,108.7,107.1,1.6,1.45,0.036,0.14,0.069,0.089,18.30000000000001,0.12927221420584925,-0.5652825956771814,0.3154143918841565,0.1355067559526661
203486,Mason Plumlee,DEN,2017-18,Rebounder,Very Good,74,1439.45,524,400,142,49,81,102,0.601,0.0,0.458,0.586,0.601,0.161,0.098,107.5,108.2,-0.7,1.39,0.092,0.182,0.145,0.138,17.200000000000003,-0.009450953183808545,0.030924858604088182,1.0192588103234494,0.4333980249621478
1628467,Maxi Kleber,DAL,2017-18,Rebounder,Average,72,1206.1083333333331,386,234,51,26,47,30,0.489,0.313,0.746,0.576,0.553,0.135,0.08,101.8,105.3,-3.6,1.7,0.055,0.137,0.066,0.095,20.10000000000001,-0.3564774014577717,-0.7477216651871552,0.030992830333760615,0.02148145892006517
203086,Meyers Leonard,POR,2017-18,Rebounder,Average,33,253.63666666666663,112,70,17,7,0,10,0.59,0.423,0.818,0.676,0.66,0.155,0.12,103.3,112.1,-8.8,1.7,0.047,0.251,0.11,0.144,13.300000000000011,0.16409105279901537,-0.6256544234102982,0.22008180354198947,-1.0504370353888874
203488,Mike Muscala,ATL,2017-18,Rebounder,Average,53,1060.0866666666666,405,230,51,31,27,42,0.458,0.371,0.919,0.597,0.558,0.149,0.096,103.5,107.9,-4.4,1.21,0.049,0.152,0.074,0.1,17.5,-0.1202205626005574,-0.7027804385078174,0.08407758752250102,-0.28182316157853277
203101,Miles Plumlee,ATL,2017-18,Rebounder,Average,55,917.6316666666668,237,228,45,17,30,63,0.583,0.0,0.45,0.574,0.583,0.127,0.071,99.1,106.4,-7.3,0.71,0.082,0.16,0.074,0.121,19.0,-0.5339275212018131,-0.724858586441847,0.3463035707534566,-0.30839783813142846
202357,Nemanja Bjelica,MIN,2017-18,Rebounder,Average,67,1370.9583333333333,454,274,86,50,16,52,0.461,0.415,0.8,0.581,0.563,0.139,0.082,107.8,107.8,0.0,1.65,0.039,0.164,0.088,0.101,17.60000000000001,-0.24956966483154178,-0.49534409553713676,0.21356589950845356,-0.19037390227945303
2403,Nene,HOU,2017-18,Rebounder,Average,52,758.4066666666666,340,176,45,28,14,38,0.569,0.0,0.636,0.594,0.569,0.183,0.092,115.2,98.1,17.1,1.18,0.074,0.156,0.093,0.116,27.30000000000001,0.06464853841833935,-0.6181231730784196,0.14462961287946077,0.13136153305171447
203457,Nerlens Noel,DAL,2017-18,Rebounder,Very Good,30,471.64,131,168,20,31,22,26,0.524,0.0,0.75,0.558,0.524,0.131,0.115,93.8,106.1,-12.3,0.77,0.092,0.273,0.07,0.174,19.30000000000001,-0.6725679589464798,-0.8393214828399725,0.8623025338815955,-0.2266520665047901
203999,Nikola Jokić,DEN,2017-18,Rebounder,Elite,75,2442.505,1385,803,458,90,61,210,0.499,0.396,0.85,0.603,0.554,0.238,0.169,114.0,107.8,6.2,2.18,0.081,0.254,0.286,0.168,17.60000000000001,1.2723335114128294,1.98579643668631,2.4707600086809656,0.679366495391288
202703,Nikola Mirotic,NOP,2017-18,Rebounder,Very Good,55,1493.98,859,405,80,44,39,62,0.447,0.377,0.818,0.577,0.546,0.223,0.13,109.6,105.4,4.2,1.29,0.038,0.213,0.079,0.127,20.0,0.634546001103493,-0.5679811234854215,0.8923895058902924,0.12117081228014909
202696,Nikola Vučević,ORL,2017-18,Rebounder,Very Good,57,1683.128333333333,939,523,191,56,62,109,0.475,0.314,0.819,0.533,0.513,0.252,0.139,106.1,107.5,-1.3,1.75,0.059,0.249,0.184,0.153,17.900000000000006,0.6529603025925065,0.43031821346043525,1.5367191906844828,0.3548240220066053
203943,Noah Vonleh,CHI,2017-18,Rebounder,Very Good,54,875.6633333333333,264,311,34,19,17,31,0.444,0.303,0.621,0.509,0.487,0.142,0.108,102.5,104.6,-2.1,1.1,0.074,0.265,0.059,0.167,20.80000000000001,-0.7762891222480159,-0.8495999910113263,1.1525580912129685,-0.3134437292056422
201956,Omri Casspi,GSW,2017-18,Rebounder,Average,53,741.5933333333334,300,200,51,18,19,37,0.58,0.455,0.725,0.632,0.604,0.157,0.119,106.5,103.4,3.2,1.38,0.044,0.205,0.099,0.132,22.0,0.06273642317513246,-0.5623391051348866,0.4121451677623122,-0.23306455407840657
1627783,Pascal Siakam,TOR,2017-18,Rebounder,Very Good,81,1679.2266666666667,589,364,159,62,42,67,0.508,0.22,0.621,0.549,0.537,0.154,0.102,111.2,102.3,8.9,2.37,0.048,0.168,0.133,0.109,23.10000000000001,-0.2253684865685459,0.02606777106483208,0.5542872064757708,0.5201672298324399
2200,Pau Gasol,SAS,2017-18,Rebounder,Elite,77,1811.9216666666664,775,619,238,24,79,108,0.458,0.358,0.756,0.539,0.492,0.201,0.15,102.6,101.6,1.0,2.2,0.069,0.256,0.208,0.164,23.80000000000001,0.19565250972691992,0.7380873856483473,1.9315797320678327,0.5419098788249217
200794,Paul Millsap,DEN,2017-18,Rebounder,Average,38,1143.4766666666667,555,245,105,39,44,73,0.464,0.345,0.696,0.549,0.509,0.217,0.105,111.8,107.8,3.9,1.44,0.058,0.153,0.139,0.107,17.60000000000001,0.21130281980677237,-0.13892964033193095,0.21305584641024217,-0.02105990251485366
1627835,Paul Zipser,CHI,2017-18,Rebounder,Average,54,824.0,218,131,46,20,15,43,0.346,0.336,0.76,0.445,0.425,0.156,0.042,97.7,109.9,-12.2,1.07,0.015,0.147,0.086,0.078,15.5,-1.0728975411705166,-0.653767055100502,-0.45887928696332797,-0.6347170720358394
203112,Quincy Acy,BKN,2017-18,Rebounder,Average,70,1359.2216666666666,411,257,57,33,29,60,0.356,0.349,0.817,0.525,0.496,0.143,0.058,104.8,106.7,-1.9,0.95,0.028,0.153,0.061,0.091,18.700000000000003,-0.5714791679817129,-0.7537317839277118,0.04106192053934076,-0.1703598976363606
1626158,Richaun Holmes,PHI,2017-18,Rebounder,Average,48,745.9216666666666,311,211,61,20,29,25,0.56,0.129,0.661,0.585,0.568,0.159,0.115,104.1,105.7,-1.6,2.44,0.074,0.182,0.122,0.131,19.700000000000003,-0.18341417596842502,-0.3963361652084077,0.42859267787794997,-0.24630294078491322
1626178,Rondae Hollis-Jefferson,BKN,2017-18,Rebounder,Very Good,68,1920.5633333333333,946,459,167,65,48,121,0.472,0.241,0.788,0.548,0.481,0.217,0.119,105.9,109.6,-3.7,1.38,0.05,0.175,0.143,0.113,15.800000000000011,0.4875545159012204,0.11168183499271041,0.8573167891426933,0.18304697480444232
200752,Rudy Gay,SAS,2017-18,Rebounder,Average,57,1231.1833333333334,655,291,73,46,38,78,0.471,0.314,0.772,0.545,0.506,0.237,0.125,106.4,103.9,2.5,0.94,0.06,0.175,0.097,0.117,21.5,0.4069572094538368,-0.4926212027132792,0.462507804305648,0.21990808672795428
203497,Rudy Gobert,UTA,2017-18,Rebounder,Elite,56,1816.04,756,601,80,44,129,107,0.622,0.0,0.682,0.657,0.622,0.163,0.147,107.7,98.3,9.4,0.75,0.093,0.234,0.068,0.165,27.10000000000001,0.5784416334834331,-0.6297753101695109,1.8965585718665383,1.448900765408145
201583,Ryan Anderson,HOU,2017-18,Rebounder,Average,66,1725.3666666666666,617,331,60,24,21,42,0.431,0.386,0.774,0.592,0.568,0.141,0.077,113.8,106.9,6.9,1.43,0.054,0.139,0.05,0.096,18.5,-0.05448852660647785,-0.8044868966447865,0.3011102072539728,-0.35630281111564893
1626257,Salah Mejri,DAL,2017-18,Rebounder,Very Good,61,728.7566666666667,214,246,35,22,67,39,0.642,0.0,0.576,0.644,0.642,0.126,0.103,105.1,103.1,2.0,0.9,0.113,0.216,0.071,0.165,22.30000000000001,-0.15760689451517562,-0.7785084596699814,0.9546091746653648,0.3116455723371737
1626155,Sam Dekker,LAC,2017-18,Rebounder,Average,73,882.7516666666667,303,174,38,24,9,33,0.494,0.167,0.661,0.534,0.514,0.148,0.079,106.6,102.5,4.2,1.15,0.05,0.136,0.059,0.095,22.900000000000006,-0.5613030164610922,-0.8348812257219733,-0.12820988468615602,-0.21919180893470758
201586,Serge Ibaka,TOR,2017-18,Rebounder,Very Good,76,2093.2,959,478,62,29,99,90,0.483,0.36,0.797,0.574,0.552,0.189,0.098,112.8,106.1,6.8,0.69,0.037,0.183,0.044,0.112,19.30000000000001,0.4406118954788573,-0.8308334340096133,0.8949913279276533,0.5316699358551704
1627746,Skal Labissiere,SAC,2017-18,Rebounder,Average,60,1240.2516666666668,523,287,72,25,49,73,0.448,0.353,0.805,0.513,0.467,0.204,0.084,104.5,108.8,-4.3,0.99,0.078,0.157,0.088,0.117,16.60000000000001,-0.11277151613689784,-0.5468597740498725,0.45189428997098685,-0.17428633868536067
203500,Steven Adams,OKC,2017-18,Rebounder,Elite,76,2486.8516666666665,1056,685,88,92,78,128,0.629,0.0,0.559,0.63,0.629,0.16,0.109,112.1,105.7,6.4,0.69,0.142,0.123,0.051,0.133,19.700000000000003,0.6184513893326893,-0.6958378862843978,1.7117734351446519,0.9954709269240999
1628388,T.J. Leaf,IND,2017-18,Rebounder,Average,53,459.2433333333333,156,82,9,5,4,10,0.471,0.429,0.625,0.545,0.537,0.136,0.061,101.4,113.1,-11.7,0.9,0.058,0.119,0.028,0.087,12.300000000000011,-0.6922647959656071,-1.115739527452217,-0.47423794882080395,-1.0894445803027237
201959,Taj Gibson,MIN,2017-18,Rebounder,Very Good,82,2726.37,999,584,99,62,59,89,0.577,0.2,0.768,0.61,0.581,0.144,0.094,113.2,108.5,4.6,1.11,0.072,0.146,0.051,0.109,16.900000000000006,0.3458674631445467,-0.6553612817386769,1.1380304948821318,0.32788513257775675
204028,Tarik Black,HOU,2017-18,Rebounder,Average,51,536.5,180,163,13,21,30,35,0.591,0.091,0.46,0.582,0.594,0.147,0.073,97.7,105.0,-7.3,0.37,0.108,0.181,0.042,0.144,20.400000000000006,-0.3828830794016877,-1.0223736154740228,0.4668460118228603,-0.1846958413088768
1627748,Thon Maker,MIL,2017-18,Rebounder,Average,74,1237.885,356,225,46,38,53,44,0.411,0.298,0.699,0.499,0.46,0.147,0.05,105.8,110.8,-5.0,1.05,0.064,0.13,0.055,0.097,14.600000000000009,-0.730516372235122,-0.8279143084829361,0.03259173169013373,-0.11662811457402056
202389,Timofey Mozgov,BKN,2017-18,Rebounder,Average,31,359.4833333333333,131,98,11,5,13,33,0.559,0.222,0.767,0.617,0.581,0.161,0.085,93.4,106.2,-12.8,0.33,0.083,0.178,0.05,0.129,19.200000000000003,-0.11561886106443457,-0.9847917714393615,0.103281589314413,-0.5929801464335039
202344,Trevor Booker,IND,2017-18,Rebounder,Very Good,68,1158.09,428,318,82,28,21,59,0.516,0.242,0.71,0.557,0.528,0.159,0.1,105.0,105.7,-0.7,1.39,0.097,0.172,0.106,0.134,19.700000000000003,-0.2591307646309144,-0.40894510079797974,0.7507231492441755,-0.24435174930299794
1626168,Trey Lyles,DEN,2017-18,Rebounder,Very Good,73,1390.6816666666666,724,347,91,30,34,61,0.491,0.381,0.706,0.591,0.566,0.205,0.128,108.2,108.4,-0.2,1.49,0.039,0.215,0.105,0.125,17.0,0.48546772500114194,-0.38144553223185257,0.7130142394283457,-0.2507396140200883
202684,Tristan Thompson,CLE,2017-18,Rebounder,Very Good,53,1072.245,307,352,33,16,17,36,0.562,0.0,0.544,0.569,0.562,0.121,0.085,107.7,113.2,-5.5,0.92,0.113,0.21,0.043,0.161,12.200000000000003,-0.5559576693813,-0.9431621356923403,1.1849086873151629,-0.8498180234463005
1628463,Tyler Cavanaugh,ATL,2017-18,Rebounder,Average,39,518.48,183,127,27,9,4,13,0.441,0.36,0.81,0.567,0.546,0.139,0.082,105.0,107.1,-2.1,2.08,0.081,0.171,0.076,0.122,18.30000000000001,-0.5250465321598939,-0.7798577235741013,0.09105198810794385,-0.6954710782524608
203092,Tyler Zeller,MIL,2017-18,Rebounder,Very Good,66,1108.16,441,305,47,15,35,47,0.56,0.357,0.722,0.598,0.575,0.157,0.096,106.8,106.0,0.8,1.0,0.094,0.168,0.063,0.131,19.400000000000006,-0.029977808341861662,-0.77929339048126,0.678010264742486,-0.25503137397288833
1626161,Willie Cauley-Stein,SAC,2017-18,Rebounder,Very Good,73,2043.8233333333333,932,510,172,77,67,109,0.502,0.25,0.619,0.529,0.504,0.215,0.115,101.8,109.6,-7.8,1.58,0.064,0.197,0.135,0.128,15.800000000000011,0.3541842788797456,0.08513906492506401,1.1837339114798269,0.4996151461225635
203186,Willie Reed,DET,2017-18,Rebounder,Average,42,427.855,195,121,10,9,22,19,0.669,0.5,0.582,0.671,0.674,0.159,0.115,107.8,105.1,2.8,0.53,0.08,0.205,0.035,0.142,20.30000000000001,0.22464066137508967,-1.0727362627854582,0.329924802699558,-0.39584737609815007
1626195,Willy Hernangomez,CHA,2017-18,Rebounder,Very Good,48,494.325,246,183,33,18,16,35,0.555,0.417,0.656,0.604,0.57,0.203,0.134,103.2,103.1,0.1,0.94,0.115,0.248,0.109,0.179,22.30000000000001,0.20044554215049412,-0.5723970155878031,0.9658014841599761,-0.24579054357277272
201163,Wilson Chandler,DEN,2017-18,Rebounder,Average,74,2346.2533333333336,738,398,159,43,39,92,0.445,0.358,0.772,0.542,0.515,0.142,0.072,110.5,109.1,1.4,1.73,0.044,0.127,0.094,0.085,16.30000000000001,-0.24578583393444328,-0.19302070899693985,0.33875037500806315,-0.1065828483413217
1628380,Zach Collins,POR,2017-18,Rebounder,Average,66,1045.45,292,221,52,17,31,58,0.398,0.31,0.643,0.475,0.458,0.153,0.052,107.6,106.3,1.3,0.9,0.044,0.163,0.07,0.105,19.10000000000001,-0.8699678803400587,-0.7215713605251479,0.1238954517929149,-0.2924049066234052
2216,Zach Randolph,SAC,2017-18,Rebounder,Very Good,59,1507.611666666667,857,397,127,42,10,116,0.473,0.347,0.785,0.529,0.507,0.27,0.122,102.5,114.7,-12.2,1.09,0.063,0.215,0.146,0.135,10.700000000000003,0.7027246225404132,-0.018652857896068596,0.9730797116584127,-0.7393768476459517
2585,Zaza Pachulia,GSW,2017-18,Rebounder,Very Good,69,971.7466666666668,373,321,109,38,17,72,0.564,0.0,0.806,0.612,0.564,0.165,0.106,116.5,107.1,9.4,1.51,0.1,0.223,0.141,0.167,18.30000000000001,0.0595934276528843,-0.11297556837274358,1.1790918770496213,-0.2634645210014717
203932,Aaron Gordon,ORL,2018-19,Rebounder,Very Good,78,2632.5333333333333,1246,574,289,57,56,162,0.449,0.349,0.731,0.538,0.507,0.213,0.109,107.4,105.9,1.5,1.78,0.047,0.165,0.166,0.106,19.5,0.617441905129904,0.6898102030210754,1.073277746131438,0.39848808100568583
202329,Al-Farouq Aminu,POR,2018-19,Rebounder,Very Good,81,2291.6983333333333,760,610,104,68,33,72,0.433,0.343,0.867,0.568,0.514,0.134,0.097,116.3,108.2,8.2,1.44,0.048,0.204,0.057,0.127,17.200000000000003,-0.13982847268468432,-0.6032569051174821,1.4363321155416742,0.1446256486425934
203458,Alex Len,ATL,2018-19,Rebounder,Very Good,77,1544.075,854,424,86,27,69,97,0.494,0.363,0.648,0.575,0.551,0.214,0.1,106.0,110.4,-4.4,0.89,0.09,0.159,0.086,0.124,15.0,0.5536208454607685,-0.5065794022069713,0.9045847360658918,-0.045221812826490924
1627816,Alex Poythress,ATL,2018-19,Rebounder,Average,21,304.9,107,76,17,4,10,13,0.494,0.391,0.621,0.571,0.549,0.14,0.069,101.5,111.5,-10.0,1.31,0.085,0.151,0.085,0.117,13.900000000000006,-0.5496632240949091,-0.7660957567832289,-0.10796859118238666,-0.9450936791433969
1628035,Alfonzo McKinnie,GSW,2018-19,Rebounder,Average,72,1003.3583333333332,337,247,31,18,15,30,0.487,0.356,0.563,0.569,0.564,0.131,0.065,108.8,107.9,0.9,1.03,0.075,0.152,0.041,0.114,17.5,-0.4611183807867376,-0.9617568250068512,0.30754018371033487,-0.5379304478134582
101161,Amir Johnson,PHI,2018-19,Rebounder,Average,51,529.1716666666666,201,147,60,16,13,45,0.503,0.3,0.756,0.574,0.541,0.169,0.08,104.7,109.7,-5.0,1.33,0.084,0.185,0.156,0.133,15.700000000000003,-0.25242863604101323,-0.2090156431435602,0.28425575713273277,-0.6846465167853316
203083,Andre Drummond,DET,2018-19,Rebounder,Elite,79,2646.89,1370,1232,112,136,138,175,0.533,0.132,0.59,0.555,0.536,0.226,0.159,111.7,108.4,3.3,0.64,0.151,0.311,0.068,0.228,17.0,0.8992287549416059,-0.5120251878546864,4.373438679354186,1.8997811137605192
1627790,Ante Zizic,CLE,2018-19,Rebounder,Very Good,59,1081.9683333333332,459,320,53,13,22,61,0.553,0.0,0.705,0.59,0.553,0.178,0.103,106.3,110.2,-3.9,0.87,0.097,0.193,0.075,0.144,15.200000000000003,0.09099270615935622,-0.6898034025282236,0.8834264494583088,-0.654050767097366
203076,Anthony Davis,NOP,2018-19,Rebounder,Elite,56,1849.8833333333332,1452,672,218,88,135,112,0.517,0.331,0.794,0.597,0.54,0.288,0.197,113.5,110.1,3.4,1.95,0.089,0.249,0.186,0.17,15.300000000000011,1.6523693758386013,0.540905185833403,2.148646722830174,1.2722003531281751
201229,Anthony Tolliver,MIN,2018-19,Rebounder,Average,65,1079.3416666666667,326,177,46,17,21,36,0.382,0.377,0.783,0.571,0.539,0.121,0.064,104.5,108.6,-4.1,1.28,0.012,0.143,0.059,0.075,16.80000000000001,-0.5308207672737383,-0.8054436951432672,-0.3750428350287661,-0.5287152992679861
203382,Aron Baynes,BOS,2018-19,Rebounder,Very Good,51,820.795,284,240,57,12,34,40,0.471,0.344,0.855,0.567,0.518,0.147,0.083,110.0,102.2,7.7,1.43,0.103,0.175,0.092,0.139,23.200000000000003,-0.3936466335428868,-0.5795845305452776,0.6074578912416854,-0.07296516160278714
1628389,Bam Adebayo,MIA,2018-19,Rebounder,Elite,82,1912.6,729,597,184,71,65,121,0.576,0.2,0.735,0.623,0.579,0.157,0.133,105.0,104.5,0.5,1.52,0.083,0.221,0.146,0.151,20.900000000000006,0.3206514890538105,0.19108954747721263,1.7075898972663528,0.7168608832390095
202687,Bismack Biyombo,CHA,2018-19,Rebounder,Very Good,54,782.4416666666667,236,247,33,11,41,34,0.571,0.0,0.637,0.602,0.571,0.128,0.085,104.1,111.8,-7.7,0.97,0.099,0.205,0.064,0.151,13.600000000000009,-0.36723717439709563,-0.8251914156590785,0.7789073929835056,-0.5765491569948157
1626246,Boban Marjanovic,PHI,2018-19,Rebounder,Very Good,58,680.6583333333333,422,265,54,16,27,59,0.615,0.4,0.748,0.664,0.623,0.222,0.164,105.3,105.3,0.1,0.92,0.124,0.232,0.128,0.18,20.10000000000001,0.8095090855076371,-0.3883880844552722,1.1961181823252092,-0.28448145052450463
1626171,Bobby Portis,WAS,2018-19,Rebounder,Very Good,50,1298.1766666666667,710,403,72,35,20,74,0.444,0.393,0.794,0.529,0.504,0.241,0.106,109.9,114.3,-4.4,0.97,0.083,0.226,0.085,0.154,11.100000000000009,0.3844217497138258,-0.5637127340546242,1.2310534149493297,-0.6872298781636085
203998,Bruno Caboclo,MEM,2018-19,Rebounder,Average,34,799.7016666666667,282,158,50,14,33,38,0.427,0.369,0.84,0.571,0.533,0.15,0.078,108.4,107.5,0.9,1.32,0.05,0.137,0.091,0.093,17.900000000000006,-0.35025734040298556,-0.6109600231365628,-0.19614325063416108,-0.3737596774915992
1628403,Caleb Swanigan,SAC,2018-19,Rebounder,Average,21,178.03333333333333,43,64,11,6,1,18,0.34,0.143,0.667,0.377,0.349,0.17,0.053,90.9,107.6,-16.8,0.61,0.081,0.236,0.098,0.156,17.80000000000001,-1.485404317093381,-0.7151444113633345,0.35703738369616156,-0.7862848966013654
1628990,Chandler Hutchison,CHI,2018-19,Rebounder,Average,44,894.615,229,185,34,23,6,25,0.459,0.28,0.605,0.507,0.493,0.121,0.073,101.9,107.6,-5.6,1.36,0.033,0.167,0.055,0.1,17.80000000000001,-0.9666945306139795,-0.8720706043509954,-0.035324448742436454,-0.5595544066346998
1627767,Cheick Diallo,NOP,2018-19,Rebounder,Very Good,64,895.645,387,332,33,29,33,49,0.62,0.25,0.746,0.644,0.622,0.155,0.121,105.3,110.0,-4.7,0.67,0.079,0.26,0.051,0.171,15.400000000000006,0.17944585053576598,-0.8982209090130024,1.2592376586886602,-0.3652259210406766
1629002,Chimezie Metu,SAS,2018-19,Rebounder,Average,29,145.44,51,36,13,6,2,15,0.328,0.0,0.765,0.389,0.328,0.223,0.052,99.4,100.6,-1.3,0.87,0.061,0.179,0.14,0.121,24.80000000000001,-1.0230391417989042,-0.4718435886521344,-0.16314511731027664,-0.3648847072517749
1628449,Chris Boucher,TOR,2018-19,Rebounder,Average,28,163.16166666666666,93,56,2,6,24,7,0.447,0.324,0.867,0.563,0.526,0.214,0.114,105.5,109.7,-4.2,0.29,0.086,0.209,0.02,0.148,15.700000000000003,-0.06378392599834519,-1.1864385933879227,0.23389312058939682,-0.6769680421346532
203991,Clint Capela,HOU,2018-19,Rebounder,Elite,67,2248.728333333333,1114,848,96,44,102,94,0.648,0.0,0.636,0.658,0.648,0.18,0.156,114.0,108.7,5.4,1.02,0.13,0.241,0.07,0.185,16.700000000000003,0.966778682330487,-0.5596649423422642,2.8067361681254672,0.5646806168103599
203469,Cody Zeller,CHA,2018-19,Rebounder,Very Good,49,1242.9633333333334,497,333,102,38,41,62,0.551,0.273,0.787,0.611,0.559,0.159,0.101,112.3,110.9,1.4,1.65,0.084,0.171,0.114,0.127,14.5,0.0993754665958158,-0.2904100476718765,0.7013462478663925,-0.24391315011584158
1626245,Cristiano Felicio,CHI,2018-19,Rebounder,Very Good,60,746.3966666666666,240,218,37,11,7,33,0.531,0.0,0.685,0.568,0.531,0.138,0.086,103.7,111.7,-8.0,1.12,0.101,0.187,0.07,0.143,13.700000000000003,-0.48554398891441936,-0.7767667303602219,0.6000421796197701,-0.9146674655943315
1628391,D.J. Wilson,MIL,2018-19,Rebounder,Average,48,882.0383333333333,280,222,52,18,20,32,0.414,0.362,0.553,0.515,0.506,0.141,0.075,107.0,102.2,4.9,1.63,0.047,0.174,0.08,0.112,23.200000000000003,-0.7377660041896125,-0.6653948271759758,0.21572641050934233,-0.1524414800159308
1628464,Daniel Theis,BOS,2018-19,Rebounder,Average,66,907.58,374,225,68,21,42,33,0.549,0.388,0.737,0.624,0.598,0.15,0.095,110.0,102.6,7.4,2.06,0.088,0.145,0.108,0.116,22.80000000000001,0.019117780050407356,-0.4492254726408811,0.2746451634790593,0.07772494684679994
203967,Dario Saric,MIN,2018-19,Rebounder,Very Good,81,2022.4116666666664,858,457,127,45,9,97,0.437,0.365,0.88,0.563,0.522,0.172,0.088,108.7,110.7,-2.0,1.31,0.058,0.153,0.089,0.106,14.700000000000003,0.1804347600544851,-0.3388590979863506,0.7628324518426006,-0.4833915226360781
1628021,David Nwaba,CLE,2018-19,Rebounder,Average,51,984.23,334,163,54,36,17,29,0.481,0.32,0.682,0.558,0.527,0.141,0.071,108.1,111.9,-3.8,1.86,0.039,0.128,0.077,0.082,13.5,-0.4529699051667899,-0.6748884045360508,-0.32301255506731785,-0.5662096871157086
201599,DeAndre Jordan,NYK,2018-19,Rebounder,Elite,69,2047.1833333333332,758,902,156,42,73,153,0.641,0.0,0.705,0.674,0.641,0.148,0.154,105.1,110.1,-5.1,1.02,0.105,0.315,0.119,0.21,15.300000000000011,0.5672748158255346,-0.063618449591024,3.2685099692604,0.1682948897753296
202326,DeMarcus Cousins,GSW,2018-19,Rebounder,Very Good,30,770.5783333333334,488,247,107,40,44,72,0.48,0.274,0.736,0.562,0.515,0.281,0.139,111.0,106.5,4.5,1.49,0.059,0.232,0.206,0.153,18.900000000000006,0.7058246641336012,0.24481251575219976,0.8043867015928663,0.06568253798781147
201960,DeMarre Carroll,BKN,2018-19,Rebounder,Average,67,1703.4583333333333,744,349,85,31,10,73,0.395,0.342,0.76,0.546,0.487,0.181,0.092,108.2,106.2,2.0,1.16,0.037,0.151,0.075,0.094,19.200000000000003,0.06691000497528857,-0.5720532802133991,0.3233917131505872,-0.3539371020466111
1629028,Deandre Ayton,PHX,2018-19,Rebounder,Elite,71,2182.688333333333,1159,729,125,61,67,126,0.585,0.0,0.746,0.608,0.585,0.21,0.139,105.2,113.3,-8.1,0.99,0.101,0.24,0.094,0.169,12.100000000000009,0.9329680360586837,-0.318130213956441,2.287149647794415,0.11644104142641291
202324,Derrick Favors,UTA,2018-19,Rebounder,Elite,76,1766.4716666666666,897,560,89,56,106,84,0.586,0.218,0.675,0.624,0.6,0.188,0.142,106.3,101.6,4.6,1.06,0.115,0.188,0.079,0.152,23.80000000000001,0.6744569897774738,-0.534863901584377,1.6221545439754177,1.146645020933862
203473,Dewayne Dedmon,ATL,2018-19,Rebounder,Very Good,64,1609.2066666666667,693,480,90,69,71,84,0.492,0.382,0.814,0.602,0.571,0.166,0.107,107.9,112.0,-4.1,1.07,0.063,0.229,0.079,0.145,13.400000000000006,0.24050620583737878,-0.5311842102620388,1.3207066771494334,0.31618287850955173
1717,Dirk Nowitzki,DAL,2018-19,Rebounder,Average,51,795.14,373,158,35,9,18,18,0.359,0.312,0.78,0.469,0.444,0.217,0.073,104.8,109.7,-4.8,1.94,0.006,0.18,0.068,0.092,15.700000000000003,-0.37734918196966566,-0.795361419674733,-0.20888290493884137,-0.7065887373381526
1627734,Domantas Sabonis,IND,2018-19,Rebounder,Elite,74,1838.4466666666667,1043,690,212,48,30,160,0.59,0.529,0.715,0.63,0.596,0.226,0.162,108.8,103.6,5.2,1.33,0.099,0.269,0.18,0.184,21.80000000000001,1.0922282694668477,0.4851211178898699,2.3747626976016734,0.1773175030948494
1627827,Dorian Finney-Smith,DAL,2018-19,Rebounder,Average,81,1985.2833333333333,608,389,95,69,36,74,0.432,0.311,0.709,0.53,0.507,0.135,0.069,106.8,108.7,-1.9,1.28,0.064,0.119,0.07,0.092,16.700000000000003,-0.45938900393747767,-0.5633446336646024,0.4040475478878377,0.15596206606537164
1627733,Dragan Bender,PHX,2018-19,Rebounder,Average,46,826.2083333333334,230,183,56,18,22,37,0.447,0.218,0.593,0.521,0.503,0.13,0.066,104.6,112.7,-8.1,1.51,0.04,0.168,0.094,0.105,12.700000000000003,-0.8200435362671851,-0.5720289151977814,0.023067065613634363,-0.7491306400295628
1629234,Drew Eubanks,SAS,2018-19,Rebounder,Average,23,113.41,41,34,7,2,5,8,0.577,0.0,0.846,0.646,0.577,0.148,0.111,95.4,105.5,-10.0,0.88,0.056,0.214,0.1,0.143,19.900000000000006,-0.10987998187970908,-0.7186278699828531,0.11182052022535915,-0.663875674738368
203939,Dwight Powell,DAL,2018-19,Rebounder,Very Good,77,1662.535,815,411,112,44,50,67,0.597,0.307,0.772,0.682,0.637,0.167,0.123,110.8,109.9,0.9,1.67,0.081,0.16,0.101,0.12,15.5,0.7932097537757988,-0.3266426278024178,0.819132197259522,-0.03193312140881469
202334,Ed Davis,BKN,2018-19,Rebounder,Elite,81,1446.0116666666668,472,694,61,35,33,64,0.616,0.0,0.617,0.632,0.616,0.125,0.139,106.5,102.2,4.3,0.95,0.135,0.307,0.064,0.22,23.200000000000003,-0.04748138663027516,-0.722160058633607,2.844003766904825,0.15522872197531487
202327,Ekpe Udoh,UTA,2018-19,Rebounder,Average,51,320.01166666666666,119,90,28,10,31,13,0.694,0.0,0.633,0.698,0.694,0.128,0.125,102.8,110.5,-7.7,2.15,0.09,0.189,0.131,0.142,14.900000000000006,0.09727187604045717,-0.46720709883131545,0.24767006660593438,-0.6117040823994997
202683,Enes Freedom,POR,2018-19,Rebounder,Elite,67,1639.378333333333,915,659,116,32,26,118,0.549,0.294,0.787,0.594,0.556,0.219,0.152,106.4,112.6,-6.2,0.98,0.138,0.245,0.12,0.188,12.800000000000011,0.7428465284654377,-0.20518844914963746,2.3434665787267708,-0.5577262353759548
101141,Ersan Ilyasova,MIL,2018-19,Rebounder,Average,67,1231.3133333333333,453,302,52,32,20,48,0.438,0.363,0.824,0.548,0.514,0.151,0.071,111.2,101.5,9.7,1.08,0.071,0.151,0.056,0.112,23.900000000000006,-0.3511237236761435,-0.8002185072139892,0.4279966972025645,0.033745873655088264
203507,Giannis Antetokounmpo,MIL,2018-19,Rebounder,Elite,72,2358.221666666667,1994,898,424,92,110,268,0.578,0.256,0.729,0.644,0.599,0.314,0.218,114.3,101.8,12.5,1.58,0.066,0.273,0.294,0.176,23.60000000000001,2.5022888320170193,1.9056281584061465,2.8247482085666085,1.5483730077154807
203476,Gorgui Dieng,MIN,2018-19,Rebounder,Very Good,76,1031.2216666666666,485,311,72,48,41,57,0.501,0.339,0.83,0.572,0.527,0.194,0.118,105.2,109.0,-3.8,1.26,0.072,0.225,0.106,0.145,16.400000000000006,0.12395463976678507,-0.44574201402136243,0.8722856965100017,-0.028665638138667033
202328,Greg Monroe,PHI,2018-19,Rebounder,Very Good,43,479.9166666666667,230,172,24,14,8,32,0.487,0.2,0.625,0.521,0.489,0.211,0.106,100.1,106.7,-6.6,0.75,0.119,0.218,0.079,0.165,18.700000000000003,-0.2270844890557735,-0.7740438375363645,0.7582591594741342,-0.5796925375288103
1627824,Guerschon Yabusele,BOS,2018-19,Rebounder,Average,41,250.8033333333333,94,53,15,8,7,15,0.455,0.321,0.682,0.542,0.513,0.168,0.068,102.4,106.0,-3.6,1.0,0.084,0.104,0.088,0.094,19.400000000000006,-0.5198732122802694,-0.7566021794231538,-0.4620083476143349,-0.6108499066271026
1628977,Hamidou Diallo,OKC,2018-19,Rebounder,Average,51,526.28,190,97,17,21,10,23,0.455,0.167,0.61,0.497,0.467,0.16,0.049,103.5,110.3,-6.8,0.74,0.065,0.11,0.044,0.086,15.100000000000009,-0.7664959004670574,-0.9964195435148353,-0.44717692437050516,-0.6984448991326907
1628385,Harry Giles III,SAC,2018-19,Rebounder,Average,58,819.99,408,222,85,31,22,73,0.503,0.0,0.637,0.526,0.503,0.227,0.09,104.1,109.1,-5.0,1.16,0.076,0.171,0.155,0.125,16.30000000000001,0.04699541483017087,-0.12264101342002073,0.3813419164701861,-0.40291609165329784
202355,Hassan Whiteside,MIA,2018-19,Rebounder,Elite,72,1674.2266666666667,887,817,56,46,136,97,0.571,0.125,0.449,0.564,0.572,0.215,0.162,107.0,106.2,0.7,0.58,0.139,0.305,0.054,0.222,19.200000000000003,0.5218463440430838,-0.7967350485944706,3.195848641305015,1.0762838064152058
101133,Ian Mahinmi,WAS,2018-19,Rebounder,Average,34,497.76666666666665,139,128,25,25,16,21,0.452,0.188,0.689,0.531,0.466,0.128,0.068,102.1,105.3,-3.2,1.19,0.088,0.161,0.073,0.123,20.10000000000001,-0.8431336911553579,-0.8040700662235296,0.10644502099628944,-0.30252128811349493
1628397,Ivan Rabb,MEM,2018-19,Rebounder,Very Good,49,720.6816666666666,284,206,54,17,14,35,0.547,0.2,0.71,0.586,0.554,0.166,0.106,103.3,109.5,-6.2,1.54,0.097,0.197,0.123,0.146,15.900000000000006,-0.145924286471542,-0.4164763511298583,0.6064205995298277,-0.6524167548340465
1627826,Ivica Zubac,LAC,2018-19,Rebounder,Very Good,59,1039.2,525,362,63,14,51,70,0.559,0.0,0.802,0.604,0.559,0.199,0.127,106.5,104.7,1.8,0.9,0.108,0.216,0.093,0.164,20.700000000000003,0.37236416583909754,-0.5518887292763308,1.2496614360658564,-0.02713223529768674
203210,JaMychal Green,LAC,2018-19,Rebounder,Very Good,65,1370.5833333333333,611,409,50,45,34,87,0.483,0.403,0.792,0.587,0.558,0.185,0.103,103.3,109.1,-5.8,0.57,0.071,0.218,0.058,0.143,16.30000000000001,0.23469810962130463,-0.7963425831888313,1.106837489099838,-0.13644744248006044
201580,JaVale McGee,LAL,2018-19,Rebounder,Elite,75,1670.6933333333334,897,566,52,47,148,108,0.624,0.083,0.632,0.634,0.625,0.197,0.127,106.7,111.1,-4.4,0.48,0.112,0.203,0.045,0.159,14.300000000000011,0.7975166903822641,-0.8620126938980788,1.7272523956101717,0.9201568296478261
203953,Jabari Parker,WAS,2018-19,Rebounder,Very Good,64,1724.2716666666668,930,421,152,46,30,151,0.493,0.313,0.712,0.56,0.533,0.236,0.111,104.6,110.8,-6.2,1.01,0.045,0.187,0.14,0.117,14.600000000000009,0.6837157266472488,0.03963350515288484,0.807447020182134,-0.26643888313819314
203109,Jae Crowder,UTA,2018-19,Rebounder,Average,80,2165.7316666666666,951,384,133,64,31,85,0.399,0.331,0.721,0.538,0.508,0.183,0.086,109.7,105.3,4.4,1.56,0.027,0.139,0.09,0.083,20.10000000000001,0.18508850834649923,-0.3111632967174037,0.2761237662273887,0.2533338265267584
1626143,Jahlil Okafor,NOP,2018-19,Rebounder,Very Good,59,934.8483333333334,484,278,40,15,40,52,0.586,0.2,0.663,0.603,0.587,0.198,0.115,106.0,111.5,-5.5,0.77,0.084,0.196,0.064,0.14,13.900000000000006,0.32975904137224116,-0.7994335764027105,0.7210259317256463,-0.5275947667297899
1627751,Jakob Poeltl,SAS,2018-19,Rebounder,Very Good,77,1272.655,423,410,93,29,68,48,0.645,0.0,0.533,0.64,0.645,0.125,0.11,110.0,106.1,3.9,1.94,0.136,0.171,0.099,0.154,19.30000000000001,-0.03707739466327046,-0.40779206959667935,1.2496270650349868,0.2180285517599221
1626185,Jarell Martin,ORL,2018-19,Rebounder,Average,42,327.88,115,73,18,3,8,11,0.413,0.351,0.818,0.528,0.51,0.153,0.065,106.0,101.6,4.4,1.64,0.031,0.185,0.078,0.106,23.80000000000001,-0.6945818225155636,-0.8017396388053113,-0.2560649242848658,-0.39401868709777815
1628417,Jaron Blossomgame,CLE,2018-19,Rebounder,Average,27,439.16,114,98,13,7,8,11,0.443,0.256,0.769,0.51,0.491,0.12,0.078,103.7,109.6,-6.0,1.18,0.055,0.162,0.043,0.107,15.800000000000011,-1.0397945312167776,-1.0167559621391056,-0.17699080538855358,-0.8226106357405509
1628386,Jarrett Allen,BKN,2018-19,Rebounder,Elite,80,2095.97,873,672,110,43,120,103,0.59,0.133,0.709,0.632,0.595,0.158,0.121,109.2,111.6,-2.4,1.07,0.088,0.208,0.076,0.15,13.800000000000011,0.4832752431069744,-0.4744433438200251,1.8938536367365681,0.5660450482837964
201160,Jason Smith,NOP,2018-19,Rebounder,Average,20,190.51666666666668,65,52,14,3,7,13,0.356,0.346,0.875,0.492,0.432,0.169,0.062,96.0,108.1,-12.1,1.08,0.077,0.174,0.112,0.125,17.30000000000001,-0.8193428593641263,-0.6254581907074785,-0.06973244275291107,-0.7860415389226173
201149,Joakim Noah,MEM,2018-19,Rebounder,Very Good,42,692.485,298,238,89,20,31,50,0.516,0.0,0.716,0.571,0.516,0.191,0.142,103.5,101.7,1.8,1.78,0.078,0.247,0.202,0.161,23.700000000000003,-0.03857919285781538,0.1561074586104422,0.8824235287773212,0.008950687419242098
203954,Joel Embiid,PHI,2018-19,Rebounder,Elite,64,2154.305,1761,871,234,46,122,226,0.484,0.3,0.804,0.593,0.517,0.327,0.196,112.5,104.8,7.6,1.04,0.075,0.292,0.185,0.191,20.60000000000001,2.1378330514346375,0.5941625936558981,2.944201801377851,1.0168958554414946
1628381,John Collins,ATL,2018-19,Rebounder,Elite,61,1828.4016666666664,1188,595,121,22,39,120,0.56,0.348,0.763,0.627,0.593,0.23,0.136,111.7,113.0,-1.4,1.01,0.112,0.196,0.102,0.154,12.400000000000006,1.2089241842138392,-0.28790775256645623,1.7405021030130632,-0.5533147027389326
1629140,Johnathan Williams,LAL,2018-19,Rebounder,Average,24,371.7033333333333,157,99,13,8,7,16,0.591,0.0,0.563,0.599,0.591,0.158,0.078,110.0,102.4,7.6,0.81,0.116,0.13,0.051,0.123,23.0,-0.22174608667943563,-0.9718147354597679,0.029497042069996426,-0.39933307644889365
202720,Jon Leuer,DET,2018-19,Rebounder,Average,41,402.3683333333333,156,97,14,12,4,23,0.584,0.091,0.742,0.616,0.588,0.157,0.091,93.9,107.2,-13.3,0.61,0.062,0.182,0.06,0.118,18.200000000000003,-0.1325896022317142,-0.9175761641231746,-0.03950798662073568,-0.6702624569424757
1628413,Jonah Bolden,PHI,2018-19,Rebounder,Average,44,638.6716666666666,207,165,40,17,39,36,0.494,0.354,0.481,0.595,0.599,0.131,0.072,106.2,107.9,-1.8,1.11,0.067,0.173,0.085,0.119,17.5,-0.4062118006415738,-0.6814628563694487,0.15366141137318345,-0.30547267467802963
201973,Jonas Jerebko,GSW,2018-19,Rebounder,Average,73,1217.9633333333334,459,288,96,27,18,43,0.459,0.367,0.8,0.588,0.556,0.144,0.092,109.6,108.1,1.5,2.23,0.055,0.168,0.106,0.111,17.30000000000001,-0.16933875643329888,-0.357429422285244,0.3781097427265703,-0.4260767243693331
202685,Jonas Valančiūnas,MEM,2018-19,Rebounder,Elite,49,1091.1733333333334,763,419,70,19,53,90,0.559,0.292,0.795,0.616,0.572,0.274,0.169,109.7,107.0,2.7,0.78,0.096,0.268,0.109,0.184,18.400000000000006,1.161644200841386,-0.43624843666128726,1.6556971014283832,-0.09022624521383778
1628395,Jordan Bell,GSW,2018-19,Rebounder,Average,68,788.29,223,184,76,20,51,42,0.516,0.0,0.61,0.531,0.516,0.133,0.083,105.7,111.2,-5.4,1.81,0.068,0.154,0.134,0.112,14.200000000000003,-0.7459547705703669,-0.2737289553543269,0.1148980243300618,-0.3468694454895818
203994,Jusuf Nurkić,POR,2018-19,Rebounder,Elite,72,1973.5533333333333,1125,748,233,71,103,168,0.508,0.103,0.773,0.57,0.51,0.241,0.146,117.0,106.5,10.5,1.39,0.119,0.241,0.168,0.181,18.900000000000006,0.918117540677343,0.4949827956399669,2.4904396925402184,0.9838151652567605
1626157,Karl-Anthony Towns,MIN,2018-19,Rebounder,Elite,77,2544.66,1880,954,259,67,125,240,0.518,0.4,0.836,0.622,0.572,0.28,0.177,112.2,111.3,0.9,1.08,0.097,0.257,0.169,0.176,14.100000000000009,2.0453956671583984,0.5962724233556791,2.9733374092518643,0.882931481333496
1628966,Keita Bates-Diop,MIN,2018-19,Rebounder,Average,30,503.37666666666667,151,83,17,18,14,14,0.423,0.25,0.643,0.489,0.468,0.14,0.065,107.1,112.2,-5.1,1.21,0.029,0.129,0.047,0.077,13.200000000000003,-0.9867706397109529,-0.9795665835100836,-0.5989811132839415,-0.8006930145293915
203482,Kelly Olynyk,MIA,2018-19,Rebounder,Average,79,1812.253333333333,787,375,140,53,37,114,0.463,0.354,0.822,0.61,0.563,0.175,0.102,107.9,106.0,1.9,1.23,0.038,0.16,0.113,0.099,19.400000000000006,0.4199188336173784,-0.1561994307579396,0.45607782784928597,0.15893534568911025
202702,Kenneth Faried,HOU,2018-19,Rebounder,Very Good,37,728.1766666666666,384,250,20,17,23,33,0.589,0.32,0.646,0.622,0.604,0.194,0.124,113.7,109.6,4.1,0.61,0.123,0.21,0.043,0.164,15.800000000000011,0.3369954077932083,-0.9909981228827378,0.9524830346953455,-0.5672350463113437
201567,Kevin Love,CLE,2018-19,Rebounder,Very Good,22,597.9116666666666,374,239,48,6,5,42,0.385,0.361,0.904,0.561,0.479,0.259,0.148,110.5,114.7,-4.2,1.14,0.051,0.344,0.125,0.193,10.700000000000003,0.4568455443011044,-0.42731919239405347,1.2927458451107559,-1.162973233440544
1626172,Kevon Looney,GSW,2018-19,Rebounder,Very Good,80,1481.3233333333333,500,417,123,46,53,51,0.625,0.1,0.619,0.636,0.627,0.122,0.092,116.3,106.1,10.3,2.41,0.126,0.133,0.106,0.129,19.30000000000001,-0.02638051792522626,-0.2580777565821108,0.9497093575036364,0.24240976166513714
203920,Khem Birch,ORL,2018-19,Rebounder,Average,50,642.8616666666667,240,190,38,18,29,20,0.603,0.0,0.699,0.64,0.603,0.136,0.116,105.9,102.7,3.2,1.9,0.112,0.166,0.087,0.138,22.700000000000003,-0.08852234645773487,-0.6775869323442909,0.46204930775374126,-0.09076164151302939
201585,Kosta Koufos,SAC,2018-19,Rebounder,Very Good,42,501.56166666666667,156,177,36,15,18,27,0.477,0.0,0.417,0.477,0.477,0.15,0.088,106.0,107.4,-1.3,1.33,0.088,0.229,0.099,0.156,18.0,-0.9785705088399329,-0.6175344749699606,0.6568691636503379,-0.5092848070944251
203124,Kyle O'Quinn,IND,2018-19,Rebounder,Average,45,370.7166666666666,156,119,56,9,25,31,0.507,0.083,0.81,0.537,0.511,0.196,0.111,106.7,107.0,-0.3,1.81,0.078,0.216,0.204,0.151,18.400000000000006,-0.2987761617258978,0.04591295164311365,0.4392749342743502,-0.47712886668298776
200746,LaMarcus Aldridge,SAS,2018-19,Rebounder,Elite,81,2686.65,1727,744,194,43,107,144,0.519,0.238,0.847,0.576,0.522,0.268,0.143,112.5,111.0,1.5,1.35,0.096,0.18,0.115,0.139,14.400000000000006,1.584207430516903,0.053739207318161314,1.9447606974089853,0.4697708212735548
202498,Lance Thomas,NYK,2018-19,Rebounder,Average,46,783.36,205,117,27,17,7,24,0.396,0.278,0.75,0.482,0.452,0.127,0.043,97.1,107.9,-10.9,1.13,0.023,0.115,0.051,0.068,17.5,-1.083017617653253,-0.9202990569470322,-0.6234231301814448,-0.6292315227763504
1626204,Larry Nance Jr.,CLE,2018-19,Rebounder,Elite,67,1795.4433333333334,627,552,214,100,40,97,0.52,0.337,0.716,0.583,0.554,0.152,0.123,105.8,114.6,-8.8,2.21,0.09,0.224,0.179,0.154,10.800000000000011,-0.018209560404865988,0.48686284719962925,1.626406823915456,0.170981590373267
1628374,Lauri Markkanen,CHI,2018-19,Rebounder,Very Good,52,1682.128333333333,974,470,75,37,33,85,0.43,0.361,0.872,0.553,0.506,0.245,0.125,106.8,112.3,-5.5,0.88,0.043,0.234,0.07,0.138,13.100000000000009,0.7413078648033347,-0.6369384601113678,1.204995311180019,-0.41747077014803685
201188,Marc Gasol,TOR,2018-19,Rebounder,Very Good,79,2435.985,1071,627,349,84,86,155,0.448,0.363,0.759,0.546,0.505,0.21,0.131,108.4,104.9,3.5,2.25,0.034,0.227,0.222,0.132,20.5,0.515019685508945,1.2251802691167362,1.5451378229873856,1.0405234754817865
101162,Marcin Gortat,LAC,2018-19,Rebounder,Very Good,47,750.4816666666667,233,261,65,6,24,50,0.532,0.0,0.729,0.562,0.532,0.148,0.097,106.0,112.5,-6.5,1.3,0.089,0.253,0.123,0.172,12.900000000000006,-0.45169242800842296,-0.3759997465841374,1.0835874335531057,-0.8414811322732602
202694,Marcus Morris Sr.,BOS,2018-19,Rebounder,Very Good,75,2090.5066666666667,1046,458,109,43,25,92,0.447,0.375,0.844,0.568,0.533,0.203,0.099,110.3,108.9,1.4,1.18,0.035,0.176,0.073,0.106,16.5,0.5715333842225653,-0.4949759951471151,0.765485830426266,-0.23647640937443715
1626209,Mario Hezonja,NYK,2018-19,Rebounder,Average,58,1206.27,511,239,88,57,8,88,0.412,0.276,0.763,0.497,0.457,0.208,0.082,102.0,112.0,-10.0,1.0,0.021,0.168,0.116,0.093,13.400000000000006,-0.18362395430120682,-0.33069041951477784,0.018780414642726388,-0.4455537089437605
202693,Markieff Morris,OKC,2018-19,Rebounder,Average,58,1270.5266666666666,547,265,79,36,22,54,0.421,0.335,0.772,0.521,0.492,0.191,0.075,107.1,113.0,-5.9,1.46,0.045,0.161,0.092,0.101,12.400000000000006,-0.14488991899175888,-0.4986313214538357,0.18968549225546605,-0.5802525096547985
1627737,Marquese Chriss,CLE,2018-19,Rebounder,Average,43,498.8016666666667,182,142,22,17,11,36,0.372,0.222,0.711,0.455,0.417,0.196,0.054,100.7,117.9,-17.2,0.61,0.072,0.216,0.069,0.138,7.5,-0.7488642581126491,-0.8375797535302132,0.33468713573780795,-1.1763084172590859
1628963,Marvin Bagley III,SAC,2018-19,Rebounder,Very Good,62,1567.495,923,471,62,33,59,98,0.504,0.313,0.691,0.562,0.525,0.237,0.124,107.8,111.0,-3.2,0.63,0.092,0.18,0.06,0.136,14.400000000000006,0.6974232385947946,-0.7409509806509376,1.1821693811543237,-0.1194810802570458
101107,Marvin Williams,CHA,2018-19,Rebounder,Average,75,2133.2633333333333,756,407,92,71,61,47,0.422,0.366,0.767,0.548,0.529,0.147,0.08,110.5,110.9,-0.4,1.96,0.033,0.152,0.061,0.091,14.5,-0.1618975256265974,-0.6249425876458724,0.43906870808913234,0.30036110690990286
203486,Mason Plumlee,DEN,2018-19,Rebounder,Very Good,82,1730.92,637,524,243,66,76,126,0.593,0.2,0.561,0.602,0.595,0.159,0.115,109.3,106.1,3.2,1.93,0.091,0.198,0.199,0.144,19.30000000000001,0.1488784912114772,0.7059269622457837,1.4247156805260253,0.6823386925020439
203086,Meyers Leonard,POR,2018-19,Rebounder,Average,61,877.6783333333333,357,233,75,13,9,43,0.545,0.45,0.843,0.675,0.649,0.149,0.108,108.5,112.2,-3.7,1.74,0.055,0.206,0.123,0.13,13.200000000000003,0.2911321124783657,-0.33920283336075474,0.4742273524139057,-0.9030871492363138
203077,Michael Kidd-Gilchrist,CHA,2018-19,Rebounder,Average,64,1179.1633333333334,427,246,61,32,39,43,0.476,0.34,0.772,0.553,0.5,0.153,0.075,106.4,107.4,-0.9,1.42,0.069,0.129,0.077,0.098,18.0,-0.3266449507589488,-0.649130565279683,0.10105233625178485,-0.12067489307859929
203488,Mike Muscala,LAL,2018-19,Rebounder,Average,64,1305.881666666667,449,244,76,22,38,48,0.402,0.348,0.824,0.564,0.525,0.138,0.07,107.6,106.5,1.0,1.58,0.041,0.133,0.081,0.088,18.900000000000006,-0.3576940069981758,-0.5714645821049401,-0.03165096396234876,-0.18152677892023852
203118,Mike Scott,PHI,2018-19,Rebounder,Average,79,1395.7816666666668,459,276,66,26,13,44,0.4,0.401,0.667,0.528,0.52,0.139,0.063,108.2,106.4,1.8,1.5,0.029,0.147,0.064,0.09,19.0,-0.548993338909458,-0.7037616020219156,0.07873645932430073,-0.387142459738854
1628970,Miles Bridges,CHA,2018-19,Rebounder,Average,80,1696.3333333333333,597,323,95,55,49,50,0.464,0.325,0.753,0.548,0.527,0.147,0.085,107.8,111.5,-3.7,1.9,0.037,0.148,0.081,0.091,13.900000000000006,-0.27656020576784185,-0.501550446980513,0.21618490706124904,-0.0220830731696597
1628964,Mo Bamba,ORL,2018-19,Rebounder,Very Good,47,766.1933333333334,292,233,39,13,64,43,0.481,0.3,0.587,0.539,0.525,0.174,0.103,94.3,109.2,-14.9,0.91,0.074,0.213,0.086,0.14,16.200000000000003,-0.35031544002418635,-0.6795248943568699,0.6016238954607088,-0.1703626039188174
202357,Nemanja Bjelica,SAC,2018-19,Rebounder,Very Good,77,1787.91,741,444,147,54,56,82,0.479,0.401,0.761,0.585,0.566,0.162,0.096,111.5,108.7,2.7,1.79,0.065,0.171,0.107,0.117,16.700000000000003,0.14864131085814428,-0.16414751151107512,0.8684747276064353,0.202890902052143
202703,Nikola Mirotic,MIL,2018-19,Rebounder,Very Good,46,1245.195,697,339,55,31,34,48,0.439,0.365,0.847,0.584,0.546,0.206,0.116,112.0,108.3,3.7,1.15,0.045,0.198,0.061,0.123,17.10000000000001,0.43329443249139876,-0.7610911665723883,0.666307902149663,-0.23450278357682564
202696,Nikola Vučević,ORL,2018-19,Rebounder,Elite,80,2510.1766666666667,1665,960,307,81,89,159,0.518,0.364,0.789,0.573,0.549,0.276,0.185,110.4,106.4,4.0,1.93,0.088,0.286,0.208,0.188,19.0,1.5809074446581188,0.9919860868896877,3.1421335324100195,0.9516597661018144
203943,Noah Vonleh,NYK,2018-19,Rebounder,Very Good,68,1721.695,571,528,129,46,51,88,0.47,0.336,0.712,0.561,0.523,0.144,0.104,104.7,112.4,-7.7,1.47,0.06,0.234,0.108,0.145,13.0,-0.24294355355174355,-0.2247643019782467,1.4480688491653666,-0.1479796191528747
1629016,Omari Spellman,ATL,2018-19,Rebounder,Average,46,804.5416666666666,272,194,47,26,25,31,0.402,0.344,0.711,0.516,0.492,0.146,0.079,102.6,112.8,-10.3,1.52,0.08,0.144,0.085,0.111,12.600000000000009,-0.7012152491189935,-0.6557050171130809,0.12869215586203422,-0.6417628120187996
1626192,Pat Connaughton,MIL,2018-19,Rebounder,Average,61,1261.1733333333334,421,258,122,33,25,33,0.466,0.33,0.725,0.573,0.56,0.13,0.094,111.0,106.1,5.0,3.7,0.046,0.135,0.128,0.092,19.30000000000001,-0.3849922077774792,-0.13816907453626998,0.05645495342768635,-0.17557694861894868
2200,Pau Gasol,MIL,2018-19,Rebounder,Very Good,30,360.545,118,137,52,5,15,16,0.447,0.462,0.7,0.529,0.479,0.151,0.13,104.9,111.1,-6.2,3.25,0.058,0.304,0.209,0.181,14.300000000000011,-0.7013418036465481,0.05928245302834678,0.869225377920734,-0.8606431261699209
200794,Paul Millsap,DEN,2018-19,Rebounder,Very Good,70,1894.5183333333332,883,505,141,83,54,95,0.484,0.365,0.727,0.57,0.528,0.191,0.113,114.0,105.4,8.6,1.48,0.078,0.182,0.104,0.13,20.0,0.3775753959875849,-0.20307861944985645,1.1959463271708612,0.6770259269204023
1626158,Richaun Holmes,PHX,2018-19,Rebounder,Very Good,70,1183.6883333333333,572,331,60,42,79,52,0.608,0.0,0.731,0.647,0.608,0.174,0.125,103.5,108.9,-5.4,1.15,0.095,0.173,0.082,0.134,16.5,0.4691001707315181,-0.6247219899274351,0.7852170708318241,0.2995052838531672
1629066,Rodions Kurucs,BKN,2018-19,Rebounder,Average,63,1293.75,534,246,52,41,25,77,0.45,0.315,0.783,0.545,0.514,0.175,0.069,107.0,107.4,-0.4,0.68,0.04,0.131,0.057,0.086,18.0,-0.13417169927156375,-0.7946008538790721,-0.05182351540437882,-0.1690671226768072
203585,Rodney McGruder,LAC,2018-19,Rebounder,Average,66,1549.715,503,238,112,36,12,64,0.403,0.351,0.722,0.51,0.489,0.147,0.068,104.9,106.3,-1.4,1.75,0.035,0.106,0.103,0.07,19.10000000000001,-0.5616145810460298,-0.3154073211325834,-0.2768850129485856,-0.28777082685385635
1626178,Rondae Hollis-Jefferson,BKN,2018-19,Rebounder,Average,59,1233.9633333333334,527,310,96,44,27,68,0.411,0.184,0.645,0.464,0.42,0.21,0.088,106.3,105.6,0.7,1.41,0.06,0.17,0.119,0.115,19.80000000000001,-0.3461233019501919,-0.28439992893132005,0.48744268878592767,-0.011989690766621054
200752,Rudy Gay,SAS,2018-19,Rebounder,Very Good,69,1842.2933333333333,946,470,182,54,34,114,0.504,0.402,0.816,0.583,0.554,0.216,0.128,110.9,106.8,4.1,1.6,0.034,0.209,0.145,0.125,18.60000000000001,0.6803478009269875,0.17811251149761886,1.039379805219175,0.09194057657860273
203497,Rudy Gobert,UTA,2018-19,Rebounder,Elite,81,2576.6866666666665,1284,1041,161,66,187,130,0.669,0.0,0.636,0.682,0.669,0.175,0.17,110.5,103.6,6.9,1.24,0.117,0.27,0.095,0.194,21.80000000000001,1.1899924592605917,-0.18004367301734614,3.433495123514989,1.9522638844668503
201583,Ryan Anderson,MIA,2018-19,Rebounder,Average,25,321.2916666666667,63,54,19,4,1,14,0.304,0.225,0.75,0.414,0.37,0.12,0.036,95.8,108.6,-12.8,1.36,0.055,0.112,0.088,0.084,16.80000000000001,-1.6254566021809282,-0.7418834141338007,-0.5867515120774724,-0.8657622975274918
1626257,Salah Mejri,DAL,2018-19,Rebounder,Average,36,399.12666666666667,141,131,35,10,26,21,0.491,0.324,0.625,0.559,0.54,0.153,0.108,104.3,108.7,-4.4,1.67,0.081,0.216,0.137,0.149,16.700000000000003,-0.4985883280114008,-0.4077433395654442,0.4456361686689729,-0.556532987325758
1626155,Sam Dekker,WAS,2018-19,Rebounder,Average,47,788.605,287,148,46,38,7,24,0.469,0.306,0.609,0.519,0.506,0.157,0.083,106.9,112.2,-5.3,1.92,0.064,0.123,0.081,0.092,13.200000000000003,-0.5927201038279583,-0.6818553217750881,-0.23541669077549415,-0.6642880037846606
201586,Serge Ibaka,TOR,2018-19,Rebounder,Elite,74,2010.375,1112,601,99,29,103,114,0.529,0.29,0.763,0.582,0.557,0.227,0.123,113.5,107.4,6.1,0.87,0.078,0.204,0.076,0.144,18.0,0.8748662900953216,-0.5149199483657461,1.6290258314682518,0.49575871430310653
1627746,Skal Labissiere,POR,2018-19,Rebounder,Average,22,176.47,67,43,11,5,6,11,0.531,0.462,0.529,0.593,0.592,0.154,0.064,112.6,120.8,-8.3,1.0,0.051,0.185,0.078,0.12,4.6000000000000085,-0.35023663600577076,-0.8274974780616791,-0.15731112152930005,-1.5216206501777485
1628425,Sterling Brown,MIL,2018-19,Rebounder,Average,58,1034.3633333333332,372,184,84,25,8,46,0.465,0.361,0.69,0.563,0.55,0.149,0.078,106.4,106.1,0.2,1.83,0.026,0.13,0.115,0.08,19.30000000000001,-0.33841470823438513,-0.3510268381390481,-0.2927709134197077,-0.43046474017767705
203500,Steven Adams,OKC,2018-19,Rebounder,Elite,80,2669.258333333333,1108,760,124,117,76,135,0.595,0.0,0.5,0.591,0.595,0.16,0.103,112.6,105.9,6.7,0.92,0.129,0.133,0.063,0.131,19.5,0.4329672218809941,-0.49595715866121337,1.8852975203101874,1.2225191373658526
1628388,T.J. Leaf,IND,2018-19,Rebounder,Average,58,521.5666666666667,225,125,24,9,19,12,0.541,0.258,0.613,0.572,0.563,0.158,0.111,105.1,101.5,3.6,2.0,0.077,0.145,0.063,0.111,23.900000000000006,-0.32708143679294227,-0.8639262908950401,-0.05439096641086988,-0.21468293792915882
201959,Taj Gibson,MIN,2018-19,Rebounder,Very Good,70,1686.35,753,458,84,53,39,73,0.566,0.324,0.757,0.612,0.576,0.167,0.108,109.5,111.6,-2.1,1.15,0.095,0.161,0.072,0.128,13.800000000000011,0.34827098582981825,-0.592585931540489,1.0457582251292326,-0.14985590658195871
201152,Thaddeus Young,IND,2018-19,Rebounder,Very Good,81,2488.838333333333,1024,523,204,123,36,123,0.527,0.349,0.644,0.569,0.557,0.179,0.104,109.0,106.5,2.5,1.66,0.078,0.132,0.12,0.105,18.900000000000006,0.3856940743834869,0.1186243872161301,0.9252157840598286,0.844735949843122
1628418,Thomas Bryant,WAS,2018-19,Rebounder,Very Good,72,1496.3433333333332,758,454,92,25,67,60,0.616,0.333,0.781,0.674,0.648,0.17,0.135,109.0,112.6,-3.6,1.53,0.072,0.219,0.09,0.145,12.800000000000011,0.7283254212409799,-0.46203064093327273,1.2517188339741363,-0.21543975181816485
1627789,Timothe Luwawu-Cabarrot,CHI,2018-19,Rebounder,Average,50,669.29,231,97,26,19,8,21,0.376,0.31,0.756,0.489,0.459,0.156,0.049,98.5,112.9,-14.4,1.24,0.015,0.125,0.057,0.067,12.5,-0.8119510121450633,-0.890272828259867,-0.6892303561594306,-0.8921647081441669
1628470,Torrey Craig,DEN,2018-19,Rebounder,Average,75,1503.015,430,263,72,37,46,44,0.442,0.324,0.7,0.547,0.526,0.121,0.055,112.0,108.7,3.3,1.64,0.057,0.112,0.062,0.084,16.700000000000003,-0.593042147238107,-0.6929187607577205,-0.03219538809142954,-0.0744269079298851
1626168,Trey Lyles,DEN,2018-19,Rebounder,Average,64,1119.695,546,246,87,30,23,68,0.418,0.255,0.698,0.5,0.47,0.229,0.094,105.7,105.7,0.0,1.28,0.036,0.172,0.116,0.103,19.700000000000003,0.012498990267331367,-0.3343701108371161,0.16475060777518621,-0.20339409542022902
202684,Tristan Thompson,CLE,2018-19,Rebounder,Elite,43,1197.6883333333333,470,438,86,28,16,59,0.529,0.0,0.642,0.551,0.529,0.175,0.121,106.5,118.8,-12.3,1.46,0.137,0.237,0.11,0.184,6.6000000000000085,-0.14602001368529713,-0.37175572216895775,1.7061112945180235,-1.0646253124668437
1627786,Troy Williams,SAC,2018-19,Rebounder,Average,21,311.9716666666667,111,59,11,10,8,9,0.449,0.318,0.6,0.531,0.52,0.144,0.069,100.1,109.6,-9.5,1.22,0.034,0.144,0.051,0.086,15.800000000000011,-0.7461981482137096,-0.9791741181044444,-0.5480053105497856,-0.7915265469256152
1628976,Wendell Carter Jr.,CHI,2018-19,Rebounder,Very Good,44,1109.8,455,307,78,26,58,65,0.485,0.188,0.795,0.541,0.493,0.192,0.1,97.8,109.5,-11.7,1.2,0.075,0.198,0.118,0.136,15.900000000000006,-0.08956441459287767,-0.35625202606832607,0.747015293433218,-0.11399607225404802
1626161,Willie Cauley-Stein,SAC,2018-19,Rebounder,Elite,81,2212.5466666666666,965,678,194,96,51,84,0.556,0.5,0.551,0.566,0.557,0.173,0.118,110.0,108.7,1.2,2.31,0.074,0.213,0.121,0.142,16.700000000000003,0.2820707864190825,0.08744512732766464,1.8078566738011173,0.5874808254458818
1626195,Willy Hernangomez,CHA,2018-19,Rebounder,Very Good,58,811.8533333333334,421,311,60,16,20,58,0.519,0.385,0.694,0.587,0.544,0.206,0.118,109.2,115.3,-6.2,1.03,0.13,0.24,0.112,0.182,10.100000000000009,0.2514099359482828,-0.4561923898799183,1.3436529057831725,-0.942850449041038
1628380,Zach Collins,POR,2018-19,Rebounder,Average,77,1355.736666666667,512,324,71,25,66,77,0.473,0.331,0.746,0.562,0.523,0.166,0.08,107.9,107.8,0.1,0.92,0.078,0.144,0.076,0.112,17.60000000000001,-0.11872319890437422,-0.6179513053912176,0.4863710260432006,0.056465224416374825
2585,Zaza Pachulia,DET,2018-19,Rebounder,Very Good,68,878.165,267,265,91,31,17,57,0.44,0.0,0.782,0.539,0.44,0.147,0.088,100.8,105.3,-4.6,1.6,0.101,0.184,0.161,0.141,20.10000000000001,-0.5659971790539721,-0.06685694547648771,0.6992716644426776,-0.23023564648055084
203932,Aaron Gordon,ORL,2019-20,Rebounder,Very Good,62,2017.1433333333332,894,475,228,51,39,100,0.437,0.308,0.674,0.516,0.484,0.205,0.104,108.6,109.7,-1.2,2.28,0.05,0.181,0.165,0.114,15.700000000000003,0.17924782819806762,0.4597313790235239,0.9125105007860181,-0.058944749864528245
201143,Al Horford,PHI,2019-20,Rebounder,Very Good,67,2025.5433333333333,798,456,270,52,61,80,0.45,0.35,0.763,0.536,0.52,0.173,0.112,110.1,106.8,3.3,3.38,0.051,0.171,0.187,0.111,18.60000000000001,-0.009887171253042717,0.7378667879299101,0.8238773447823369,0.34438937878493703
203458,Alex Len,SAC,2019-20,Rebounder,Very Good,55,970.5233333333332,438,321,50,23,48,55,0.555,0.271,0.648,0.6,0.58,0.176,0.118,102.3,107.8,-5.4,0.91,0.094,0.202,0.083,0.149,17.60000000000001,0.11838297649059926,-0.6559012498159006,0.9497780995653755,-0.1463718535155545
1628035,Alfonzo McKinnie,CLE,2019-20,Rebounder,Average,40,593.4583333333334,182,113,14,23,8,26,0.427,0.215,0.71,0.493,0.468,0.147,0.047,105.6,113.0,-7.4,0.54,0.061,0.131,0.032,0.095,12.400000000000006,-0.8903015035674023,-1.074870457500857,-0.29006597828973796,-0.8565947238958689
203083,Andre Drummond,CLE,2019-20,Rebounder,Elite,57,1878.2016666666664,1010,864,152,109,93,203,0.533,0.143,0.575,0.553,0.536,0.253,0.153,107.0,112.0,-5.0,0.75,0.129,0.336,0.133,0.229,13.400000000000006,0.8258330828594559,0.0003099318084642047,3.409735014870045,0.9532216041096246
1627790,Ante Zizic,CLE,2019-20,Rebounder,Average,22,220.62166666666667,96,66,6,7,5,10,0.569,0.0,0.737,0.597,0.569,0.168,0.101,114.2,112.9,1.3,0.6,0.084,0.211,0.038,0.149,12.5,-0.2039664232752627,-1.0706020680700596,0.27316656073072987,-1.0468534554131277
1628394,Anžejs Pasečņiks,WAS,2019-20,Rebounder,Average,27,436.89666666666665,156,107,18,9,12,24,0.526,0.0,0.586,0.551,0.526,0.151,0.057,109.6,109.4,0.2,0.75,0.086,0.153,0.058,0.117,16.0,-0.5481523477850841,-0.9140927055036558,-0.02571385508876306,-0.749667118841737
203382,Aron Baynes,PHX,2019-20,Rebounder,Average,42,934.4366666666666,481,237,67,10,23,50,0.48,0.351,0.747,0.581,0.558,0.205,0.094,110.2,111.7,-1.5,1.34,0.075,0.178,0.108,0.126,13.700000000000003,0.25305317257085397,-0.45290516396321934,0.4338822495298456,-0.7631494044834831
1628389,Bam Adebayo,MIA,2019-20,Rebounder,Elite,72,2416.9616666666666,1146,735,368,82,93,204,0.557,0.143,0.691,0.598,0.558,0.212,0.147,112.6,107.7,5.0,1.8,0.077,0.224,0.238,0.153,17.700000000000003,0.8810587020494388,1.384976857599839,2.0992354504215216,0.9261099074880632
202687,Bismack Biyombo,CHA,2019-20,Rebounder,Very Good,53,1029.0416666666667,393,308,50,10,49,48,0.543,0.0,0.603,0.57,0.543,0.168,0.097,104.1,110.8,-6.6,1.04,0.112,0.178,0.079,0.145,14.600000000000009,-0.1441586680281091,-0.6783718631555695,0.8643255607590057,-0.4472161328590449
1626246,Boban Marjanovic,DAL,2019-20,Rebounder,Elite,44,421.89166666666665,289,197,20,8,10,30,0.573,0.235,0.754,0.612,0.583,0.258,0.159,116.0,110.5,5.5,0.67,0.158,0.298,0.073,0.229,14.900000000000006,0.679821749373058,-0.8224685228352209,1.639931499565305,-0.8448935523406466
1626171,Bobby Portis,NYK,2019-20,Rebounder,Very Good,66,1393.506666666667,668,338,98,32,18,73,0.45,0.358,0.763,0.53,0.507,0.207,0.108,102.3,110.2,-7.9,1.34,0.053,0.18,0.112,0.114,15.200000000000003,0.11095464059724454,-0.31636411963106403,0.5489976348238751,-0.4976547272817293
203998,Bruno Caboclo,HOU,2019-20,Rebounder,Average,30,244.22,90,60,12,15,17,13,0.427,0.182,0.889,0.484,0.461,0.17,0.081,99.3,104.3,-5.1,0.92,0.081,0.145,0.076,0.111,21.10000000000001,-0.8397339436277352,-0.8350530934091753,-0.22686057434911294,-0.33726277844403924
1628981,Bruno Fernando,ATL,2019-20,Rebounder,Average,56,712.5283333333333,240,198,49,18,17,42,0.518,0.135,0.569,0.542,0.53,0.147,0.079,102.0,107.6,-5.6,1.17,0.085,0.179,0.101,0.131,17.80000000000001,-0.5683155916023092,-0.5584631811097287,0.39409875629030133,-0.5000691172924617
1628403,Caleb Swanigan,POR,2019-20,Rebounder,Very Good,27,288.0566666666667,65,100,31,3,7,37,0.596,0.0,0.529,0.597,0.596,0.132,0.054,108.0,114.5,-6.5,0.84,0.099,0.248,0.138,0.176,10.900000000000006,-0.48985939447432997,-0.41684445151988003,0.7073520988017171,-1.1620714592394341
2546,Carmelo Anthony,POR,2019-20,Rebounder,Average,58,1902.0466666666664,895,368,85,49,27,100,0.43,0.385,0.845,0.525,0.485,0.214,0.078,113.6,113.0,0.6,0.85,0.036,0.145,0.063,0.092,12.400000000000006,0.2973111415319896,-0.6394651202324058,0.3483265976308669,-0.39496747144138067
1628990,Chandler Hutchison,CHI,2019-20,Rebounder,Average,28,526.7916666666666,218,108,26,27,7,27,0.457,0.316,0.59,0.521,0.491,0.183,0.086,97.0,108.9,-11.9,0.96,0.032,0.18,0.077,0.101,16.5,-0.44071177403772044,-0.7779197615615223,-0.2268949453799825,-0.5843725684427336
1628449,Chris Boucher,TOR,2019-20,Rebounder,Very Good,62,818.605,411,277,26,22,61,28,0.472,0.322,0.784,0.587,0.535,0.185,0.128,109.4,103.8,5.7,0.93,0.121,0.185,0.049,0.154,21.60000000000001,0.09046832328011671,-0.9352140549392047,0.8967277134075049,0.20981251578408666
1629735,Chris Silva,MIA,2019-20,Rebounder,Very Good,44,346.27166666666665,133,126,23,9,21,32,0.615,0.0,0.673,0.651,0.615,0.155,0.084,103.8,109.8,-6.0,0.72,0.162,0.184,0.103,0.173,15.600000000000009,0.036296775300478513,-0.6428998488206892,0.7381209790629735,-0.6821118128338849
1626174,Christian Wood,DET,2019-20,Rebounder,Very Good,62,1324.6433333333334,810,390,60,34,54,84,0.567,0.386,0.744,0.659,0.62,0.223,0.153,110.8,108.8,2.0,0.71,0.079,0.214,0.074,0.147,16.60000000000001,1.0680476720610077,-0.669663216606773,1.107381913228919,-0.030446752225190648
203991,Clint Capela,ATL,2019-20,Rebounder,Elite,39,1279.3033333333333,543,537,48,33,72,63,0.629,0.0,0.529,0.626,0.629,0.156,0.143,110.0,107.4,2.5,0.76,0.118,0.265,0.056,0.191,18.0,0.19634991429989065,-0.8149372725033424,2.0579733544336483,0.223562781961106
203469,Cody Zeller,CHA,2019-20,Rebounder,Very Good,58,1340.6083333333331,642,411,88,40,25,75,0.524,0.24,0.682,0.576,0.543,0.201,0.114,105.3,113.6,-8.3,1.17,0.11,0.197,0.111,0.151,11.800000000000011,0.31128854130528444,-0.358778686189364,1.2140614807046113,-0.5437074709220343
1628391,D.J. Wilson,MIL,2019-20,Rebounder,Average,37,362.94,133,92,25,3,5,19,0.394,0.247,0.611,0.475,0.462,0.175,0.076,98.4,104.7,-6.3,1.32,0.031,0.181,0.104,0.112,20.700000000000003,-0.823579955065858,-0.6299228128410954,-0.12921280536714375,-0.6065105717604541
1628464,Daniel Theis,BOS,2019-20,Rebounder,Very Good,65,1566.135,601,426,111,37,84,54,0.566,0.333,0.763,0.631,0.603,0.144,0.108,111.0,104.0,7.0,2.06,0.086,0.172,0.104,0.129,21.400000000000006,0.17891844857964637,-0.31346935912000445,0.973589764756624,0.586183696919533
203967,Dario Saric,PHX,2019-20,Rebounder,Very Good,66,1631.7816666666668,704,406,123,37,16,88,0.476,0.357,0.844,0.592,0.554,0.174,0.099,110.8,112.0,-1.2,1.4,0.06,0.186,0.105,0.123,13.400000000000006,0.24982733857510672,-0.263695409917028,0.8440842672552366,-0.5718412556854191
1629647,Darius Bazley,OKC,2019-20,Rebounder,Average,61,1129.46,342,246,41,23,41,45,0.394,0.348,0.694,0.497,0.472,0.146,0.087,98.9,102.1,-3.2,0.91,0.025,0.172,0.054,0.101,23.30000000000001,-0.7593680117484926,-0.8519304184295446,0.13927129916582578,0.1177075462451026
201599,DeAndre Jordan,BKN,2019-20,Rebounder,Elite,56,1234.1666666666667,465,561,105,18,52,74,0.666,0.0,0.68,0.682,0.666,0.136,0.168,104.0,105.8,-1.8,1.42,0.105,0.293,0.132,0.202,19.60000000000001,0.313872683684229,-0.17825321367635158,2.261790637793098,-0.04019946209581894
201960,DeMarre Carroll,HOU,2019-20,Rebounder,Average,24,289.8666666666667,87,55,25,8,5,17,0.379,0.242,0.69,0.515,0.439,0.148,0.059,105.5,105.5,0.0,1.47,0.042,0.138,0.116,0.093,19.900000000000006,-0.8257043735584899,-0.5625109728220886,-0.46944124475168464,-0.6017074971084962
1629028,Deandre Ayton,PHX,2019-20,Rebounder,Very Good,38,1236.335,690,436,72,26,58,80,0.546,0.231,0.753,0.568,0.548,0.231,0.137,112.5,108.5,4.0,0.9,0.12,0.225,0.091,0.174,16.900000000000006,0.5197778623367264,-0.5300068140451208,1.5734079943038897,-0.05524139720454546
202324,Derrick Favors,NOP,2019-20,Rebounder,Elite,51,1242.455,459,501,81,30,46,55,0.617,0.143,0.563,0.62,0.618,0.135,0.129,112.1,107.9,4.2,1.47,0.121,0.249,0.087,0.185,17.5,-0.052261936529961694,-0.5193602054837454,1.8860137995936161,-0.09995270845846677
203473,Dewayne Dedmon,ATL,2019-20,Rebounder,Very Good,44,773.655,256,249,22,25,41,57,0.4,0.206,0.833,0.473,0.443,0.179,0.065,107.4,108.1,-0.7,0.39,0.075,0.241,0.041,0.157,17.30000000000001,-0.7170317806138226,-0.9948740469078956,0.8606520759789181,-0.21409777817528894
1627734,Domantas Sabonis,IND,2019-20,Rebounder,Elite,62,2158.65,1147,771,310,47,30,170,0.54,0.254,0.723,0.586,0.55,0.229,0.156,109.9,106.8,3.1,1.82,0.089,0.262,0.215,0.177,18.60000000000001,0.9376176116440043,1.0423487342011233,2.500508782745799,-0.021058820001870916
1627827,Dorian Finney-Smith,DAL,2019-20,Rebounder,Average,71,2119.5383333333334,678,405,114,45,39,69,0.466,0.376,0.722,0.595,0.575,0.128,0.072,116.1,109.5,6.5,1.65,0.066,0.113,0.073,0.09,15.900000000000006,-0.08851210000109148,-0.4765775385354238,0.42102229661712154,-0.10936199248449917
1629234,Drew Eubanks,SAS,2019-20,Rebounder,Average,22,272.22,107,85,15,5,17,21,0.642,1.0,0.769,0.682,0.649,0.15,0.104,101.5,112.5,-11.0,0.71,0.099,0.203,0.089,0.151,12.900000000000006,0.15818811503424035,-0.7509845260882366,0.34906006242973076,-0.9226647432330798
2730,Dwight Howard,LAL,2019-20,Rebounder,Elite,69,1305.7133333333334,517,507,45,31,79,84,0.729,0.6,0.514,0.696,0.735,0.146,0.114,112.3,106.4,5.9,0.54,0.128,0.257,0.048,0.191,19.0,0.5046227556123638,-0.8709175731496949,1.9783719969236897,0.33241697915549234
202683,Enes Freedom,BOS,2019-20,Rebounder,Elite,58,983.3383333333334,469,431,56,22,41,56,0.572,0.143,0.707,0.599,0.573,0.186,0.153,113.8,103.9,9.9,1.0,0.158,0.257,0.084,0.208,21.5,0.20822587781429316,-0.6282054485469537,1.9932893477446934,0.0015877682176853776
101141,Ersan Ilyasova,MIL,2019-20,Rebounder,Very Good,63,986.3833333333332,414,302,49,24,17,34,0.466,0.365,0.828,0.589,0.546,0.158,0.105,109.5,105.3,4.2,1.44,0.059,0.212,0.065,0.138,20.10000000000001,-0.09358617325675378,-0.760698701166749,0.7592277091242523,-0.3027651870487344
1626163,Frank Kaminsky,PHX,2019-20,Rebounder,Average,39,777.4233333333333,378,176,75,14,10,37,0.45,0.331,0.678,0.545,0.516,0.204,0.099,108.0,109.0,-1.0,2.03,0.043,0.179,0.144,0.11,16.400000000000006,-0.0343769527518763,-0.22123211332749299,0.06819168705137899,-0.6945933621365211
203507,Giannis Antetokounmpo,MIL,2019-20,Rebounder,Elite,63,1916.88,1857,856,354,61,66,230,0.553,0.304,0.633,0.613,0.589,0.363,0.239,112.8,97.4,15.4,1.54,0.068,0.307,0.328,0.196,28.0,2.58495142724608,1.839049979229654,2.9680993941462734,1.0405229107104308
203476,Gorgui Dieng,MEM,2019-20,Rebounder,Very Good,63,1096.496666666667,464,354,73,51,59,60,0.456,0.355,0.772,0.568,0.53,0.175,0.131,99.6,103.2,-3.6,1.22,0.074,0.221,0.107,0.146,22.200000000000003,-0.05314879183176754,-0.4364446693641069,0.9991206299122888,0.525309918018689
1628385,Harry Giles III,SAC,2019-20,Rebounder,Very Good,46,667.0033333333333,316,188,60,22,18,44,0.554,0.0,0.776,0.58,0.554,0.206,0.103,106.7,115.0,-8.2,1.36,0.065,0.241,0.135,0.149,10.400000000000006,0.13566654470113781,-0.32698636317682195,0.5968787479378936,-0.8832907969024607
202355,Hassan Whiteside,POR,2019-20,Rebounder,Elite,67,2008.0833333333333,1040,905,78,26,196,120,0.621,0.571,0.686,0.644,0.624,0.192,0.159,114.8,112.0,2.7,0.65,0.123,0.294,0.058,0.211,13.400000000000006,0.9212139393202662,-0.6933112261633598,3.2892097593160763,1.1353272725462038
101133,Ian Mahinmi,WAS,2019-20,Rebounder,Average,38,807.825,283,218,49,31,44,45,0.495,0.192,0.619,0.545,0.507,0.154,0.078,109.5,114.0,-4.5,1.09,0.089,0.176,0.084,0.13,11.400000000000006,-0.4689102044808613,-0.6539632878033216,0.4344266736589265,-0.46822979132826514
1628392,Isaiah Hartenstein,HOU,2019-20,Rebounder,Average,23,266.02166666666665,107,90,18,9,12,16,0.657,0.0,0.679,0.674,0.657,0.144,0.118,113.3,104.6,8.7,1.13,0.107,0.2,0.095,0.156,20.80000000000001,0.06852493302761402,-0.7062395321117183,0.4260252268714587,-0.4676446786041241
1627826,Ivica Zubac,LAC,2019-20,Rebounder,Elite,72,1326.0,596,543,82,16,66,61,0.613,0.0,0.747,0.651,0.613,0.163,0.143,113.0,104.1,8.9,1.34,0.14,0.24,0.091,0.191,21.30000000000001,0.4287525871950361,-0.4932099008217382,2.0738936259356398,0.18060525565472707
203210,JaMychal Green,LAC,2019-20,Rebounder,Very Good,63,1307.0416666666667,430,388,49,29,24,54,0.429,0.387,0.75,0.576,0.56,0.132,0.083,110.7,105.7,5.0,0.91,0.055,0.209,0.051,0.134,19.700000000000003,-0.3467082946557256,-0.8393458478555902,0.936459650100745,-0.20363799435546845
201580,JaVale McGee,LAL,2019-20,Rebounder,Very Good,68,1130.0916666666667,446,390,37,36,94,55,0.637,0.5,0.646,0.652,0.642,0.145,0.113,111.5,105.7,5.8,0.67,0.111,0.218,0.044,0.166,19.700000000000003,0.19452910648362795,-0.9228257170680699,1.349435345017845,0.5771140264277917
203109,Jae Crowder,MIA,2019-20,Rebounder,Average,65,1874.7316666666663,684,384,161,72,24,69,0.401,0.343,0.776,0.553,0.521,0.152,0.089,109.0,111.9,-2.9,2.33,0.026,0.169,0.117,0.098,13.5,-0.14863015737486066,-0.056455299649167054,0.46721858079759315,-0.1223783733149713
1627751,Jakob Poeltl,SAS,2019-20,Rebounder,Very Good,66,1171.1166666666666,372,375,116,37,95,54,0.624,0.0,0.465,0.612,0.624,0.125,0.107,114.5,108.9,5.7,2.15,0.108,0.194,0.126,0.152,16.5,-0.23394700385235842,-0.17148252914013407,1.1312795059973415,0.40957789321076793
203516,James Ennis III,ORL,2019-20,Rebounder,Average,69,1265.905,454,245,63,35,22,58,0.446,0.325,0.806,0.565,0.522,0.151,0.068,110.3,110.2,0.1,1.09,0.055,0.137,0.067,0.096,15.200000000000003,-0.2532044593006723,-0.6979477159841787,0.07291964905875897,-0.4261007824545034
1628386,Jarrett Allen,BKN,2019-20,Rebounder,Elite,70,1851.8633333333328,775,671,110,40,92,77,0.649,0.0,0.633,0.664,0.649,0.148,0.139,110.6,109.6,0.9,1.43,0.108,0.226,0.086,0.167,15.800000000000011,0.5223589856387909,-0.4182668104708529,2.1077743813324683,0.369181317481835
1629750,Javonte Green,BOS,2019-20,Rebounder,Average,48,467.84833333333336,163,93,26,24,8,23,0.5,0.273,0.667,0.564,0.536,0.149,0.086,103.7,106.2,-2.6,1.13,0.051,0.134,0.079,0.094,19.200000000000003,-0.48341729875835204,-0.7666844548916879,-0.3558732042677238,-0.4467015706209398
203954,Joel Embiid,PHI,2019-20,Rebounder,Elite,51,1505.815,1172,593,152,45,65,159,0.477,0.331,0.807,0.59,0.512,0.315,0.194,107.2,102.0,5.2,0.96,0.091,0.279,0.178,0.187,23.400000000000006,1.6080779372800544,0.2531043318797394,2.155603937900182,0.5943521344666557
1628381,John Collins,ATL,2019-20,Rebounder,Very Good,41,1363.1616666666666,885,416,60,31,66,75,0.583,0.401,0.8,0.659,0.632,0.224,0.152,107.0,112.1,-5.1,0.8,0.08,0.208,0.075,0.144,13.300000000000011,1.1294543240032917,-0.6640455632718558,1.1381507934901753,-0.1340117006666144
203089,John Henson,DET,2019-20,Rebounder,Average,40,600.2066666666667,221,162,54,24,42,36,0.556,0.222,0.5,0.578,0.579,0.16,0.108,104.0,104.7,-0.7,1.5,0.077,0.191,0.133,0.134,20.700000000000003,-0.28101985117564243,-0.360299817780686,0.3367960901923923,-0.014575781942220117
202685,Jonas Valančiūnas,MEM,2019-20,Rebounder,Elite,70,1845.1033333333328,1044,788,131,30,76,127,0.585,0.352,0.74,0.631,0.606,0.211,0.163,107.5,107.3,0.3,1.03,0.11,0.279,0.109,0.197,18.10000000000001,0.9888597236360517,-0.21178726599865294,2.8004093047617147,0.23882401666341105
1628395,Jordan Bell,CLE,2019-20,Rebounder,Average,29,256.38666666666666,93,81,16,3,10,21,0.522,0.333,0.613,0.577,0.552,0.159,0.096,108.0,109.7,-1.6,0.76,0.11,0.187,0.09,0.149,15.700000000000003,-0.38636493270091554,-0.7416871814309811,0.312967239485709,-0.8496966269926043
1628404,Josh Hart,NOP,2019-20,Rebounder,Very Good,65,1755.215,656,425,108,63,23,75,0.423,0.342,0.739,0.563,0.537,0.15,0.091,108.2,111.2,-3.1,1.44,0.032,0.195,0.084,0.113,14.200000000000003,-0.12628792956555981,-0.4368614997853638,0.7671019172980739,-0.18461983122819925
1629006,Josh Okogie,MIN,2019-20,Rebounder,Average,62,1547.2933333333333,533,268,99,68,26,87,0.427,0.266,0.796,0.553,0.479,0.148,0.07,106.3,111.0,-4.7,1.14,0.05,0.114,0.089,0.081,14.400000000000006,-0.28680557431981124,-0.4418904550118221,-0.05714745808714407,-0.0907096895175213
1627823,Juancho Hernangomez,MIN,2019-20,Rebounder,Average,48,833.5116666666667,288,197,40,19,9,32,0.405,0.341,0.62,0.518,0.494,0.149,0.072,108.6,110.9,-2.3,1.25,0.046,0.184,0.063,0.111,14.5,-0.6562803476135343,-0.8050512297376278,0.13665229161303008,-0.7645378940420892
203944,Julius Randle,NYK,2019-20,Rebounder,Elite,64,2080.4,1248,622,198,51,22,193,0.46,0.277,0.733,0.538,0.492,0.271,0.131,105.7,111.6,-5.9,1.03,0.067,0.223,0.158,0.142,13.800000000000011,1.0434721627249441,0.3100170660089552,1.6592674731158619,-0.34257552051081547
1628382,Justin Jackson,DAL,2019-20,Rebounder,Average,65,1044.631666666667,360,154,52,15,10,14,0.396,0.294,0.84,0.496,0.466,0.15,0.061,112.4,111.9,0.5,3.71,0.024,0.119,0.067,0.071,13.5,-0.7228229389230063,-0.7384243205298997,-0.4870291596717887,-0.854620556841767
1628966,Keita Bates-Diop,DEN,2019-20,Rebounder,Average,44,744.3233333333334,288,127,30,19,24,17,0.427,0.33,0.72,0.539,0.5,0.156,0.086,100.3,110.9,-10.6,1.76,0.03,0.131,0.064,0.078,14.5,-0.48496871290910154,-0.8362304896260933,-0.4694928012979891,-0.6127759339960013
203482,Kelly Olynyk,MIA,2019-20,Rebounder,Average,67,1300.305,549,305,116,45,23,71,0.462,0.406,0.86,0.621,0.582,0.165,0.102,110.5,109.0,1.5,1.63,0.034,0.191,0.131,0.115,16.400000000000006,0.2379734654562998,-0.1433942624655479,0.4741757958676013,-0.24186407900890827
1628995,Kevin Knox II,NYK,2019-20,Rebounder,Average,65,1166.1333333333334,419,184,61,23,28,45,0.359,0.327,0.653,0.47,0.44,0.172,0.056,101.3,108.6,-7.3,1.36,0.021,0.128,0.076,0.072,16.80000000000001,-0.6678804878038468,-0.6547482186146002,-0.3946881478571501,-0.39572487361660685
201567,Kevin Love,CLE,2019-20,Rebounder,Elite,56,1779.87,987,547,178,33,19,140,0.45,0.374,0.854,0.599,0.55,0.225,0.14,107.4,115.4,-8.0,1.27,0.03,0.286,0.15,0.155,10.0,0.8672798249471683,0.191482012882852,1.62587958530181,-0.7827002105977584
1626172,Kevon Looney,GSW,2019-20,Rebounder,Average,20,261.6016666666667,68,66,20,12,6,12,0.367,0.071,0.75,0.403,0.373,0.147,0.056,92.6,110.9,-18.3,1.67,0.098,0.151,0.12,0.123,14.5,-1.4870907400135804,-0.5584388160941112,-0.05806445119095771,-0.8674198266194902
204001,Kristaps Porziņģis,DAL,2019-20,Rebounder,Very Good,57,1813.7766666666664,1164,540,102,41,115,92,0.427,0.352,0.799,0.551,0.503,0.263,0.128,116.1,109.3,6.9,1.11,0.052,0.221,0.088,0.137,16.10000000000001,0.9986597665804058,-0.4364690343797245,1.377992157731908,0.6298707550056655
203937,Kyle Anderson,MEM,2019-20,Rebounder,Average,67,1329.8866666666668,390,285,162,54,37,66,0.474,0.282,0.667,0.534,0.511,0.134,0.094,102.9,105.8,-3.0,2.45,0.042,0.151,0.163,0.099,19.60000000000001,-0.6010498083034131,0.20563644507936374,0.21727375531941098,0.18104764363732287
203124,Kyle O'Quinn,PHI,2019-20,Rebounder,Very Good,29,312.6333333333333,102,116,51,7,24,20,0.494,0.259,0.55,0.544,0.535,0.148,0.129,106.6,111.5,-4.9,2.55,0.099,0.265,0.225,0.178,13.900000000000006,-0.6490785897082414,0.14548521506468426,0.7752854647497223,-0.7723650942854458
1626204,Larry Nance Jr.,CLE,2019-20,Rebounder,Very Good,56,1472.1133333333332,564,409,123,56,22,60,0.531,0.352,0.676,0.608,0.596,0.15,0.125,105.6,110.7,-5.1,2.05,0.068,0.209,0.126,0.136,14.700000000000003,0.06465549783334452,-0.1457246898837662,1.0176599089670764,-0.23788949827470404
1628374,Lauri Markkanen,CHI,2019-20,Rebounder,Average,50,1491.5783333333334,737,313,74,42,23,81,0.425,0.344,0.824,0.56,0.517,0.209,0.103,105.3,107.3,-2.0,0.91,0.038,0.174,0.077,0.104,18.10000000000001,0.3468809670908651,-0.6012945780892855,0.3552666271854401,-0.17306522023968954
1626209,Mario Hezonja,POR,2019-20,Rebounder,Average,53,871.405,256,184,50,36,9,42,0.422,0.308,0.814,0.525,0.477,0.135,0.067,104.7,114.2,-9.5,1.19,0.032,0.158,0.08,0.096,11.200000000000003,-0.7418211089108407,-0.6727542098206523,-0.08893644454482294,-0.7822851517541446
1627737,Marquese Chriss,GSW,2019-20,Rebounder,Very Good,59,1196.128333333333,548,365,114,39,62,78,0.545,0.205,0.769,0.604,0.556,0.184,0.127,103.7,113.2,-9.5,1.46,0.089,0.212,0.15,0.148,12.200000000000003,0.27914336030325787,-0.044018231746797136,1.0537871029419674,-0.15622079572686234
203486,Mason Plumlee,DEN,2019-20,Rebounder,Very Good,61,1057.2983333333334,437,317,154,33,38,82,0.615,0.0,0.535,0.613,0.615,0.173,0.12,107.6,108.6,-1.0,1.88,0.087,0.195,0.21,0.141,16.80000000000001,0.17002835199934604,0.44022862124176726,0.8372473507932721,-0.19093660420276226
1628467,Maxi Kleber,DAL,2019-20,Rebounder,Average,74,1889.7033333333331,672,388,88,25,83,58,0.461,0.373,0.849,0.605,0.577,0.134,0.082,112.6,109.2,3.4,1.52,0.054,0.136,0.065,0.095,16.200000000000003,0.00825926082044807,-0.6171907395955565,0.4396131322182133,0.1462055673993038
203086,Meyers Leonard,MIA,2019-20,Rebounder,Average,51,1033.9316666666666,309,260,55,14,15,39,0.509,0.414,0.643,0.627,0.622,0.121,0.085,110.4,105.9,4.5,1.41,0.03,0.214,0.075,0.126,19.5,-0.22289827176856938,-0.6824440198835471,0.49490995695414697,-0.46186654946770084
203077,Michael Kidd-Gilchrist,DAL,2019-20,Rebounder,Average,25,280.6933333333333,60,67,14,2,6,16,0.333,0.25,0.786,0.416,0.371,0.134,0.04,103.5,99.3,4.2,0.88,0.045,0.169,0.077,0.107,26.10000000000001,-1.5136982276701596,-0.8220760574295816,-0.25924554148217716,-0.2894792254283794
1629008,Michael Porter Jr.,DEN,2019-20,Rebounder,Very Good,55,903.2866666666666,512,259,46,27,25,49,0.509,0.422,0.833,0.617,0.59,0.211,0.123,113.0,112.4,0.7,0.94,0.07,0.214,0.074,0.141,13.0,0.5251629851324493,-0.7211788951195087,0.683351392940686,-0.6078995790606871
203118,Mike Scott,PHI,2019-20,Rebounder,Average,68,1207.0116666666668,408,248,56,22,5,26,0.426,0.369,0.811,0.557,0.54,0.132,0.079,110.2,104.6,5.7,2.15,0.051,0.148,0.064,0.099,20.80000000000001,-0.47120675900217046,-0.7405585152452983,0.11909874772379572,-0.4037692084275766
1628970,Miles Bridges,CHA,2019-20,Rebounder,Average,65,1995.5766666666664,843,362,114,40,48,95,0.424,0.33,0.809,0.52,0.489,0.196,0.082,104.4,114.0,-9.7,1.2,0.042,0.138,0.092,0.088,11.400000000000006,0.09945503891231693,-0.3698421251719964,0.2814477089101539,-0.3345076688711677
1629011,Mitchell Robinson,NYK,2019-20,Rebounder,Very Good,61,1412.325,590,428,36,52,119,37,0.742,0.0,0.568,0.726,0.742,0.129,0.129,106.1,109.1,-2.9,0.97,0.122,0.16,0.039,0.141,16.30000000000001,0.6043445186103783,-0.9545936750649944,1.1317723735801177,0.7960665383492875
1628964,Mo Bamba,ORL,2019-20,Rebounder,Very Good,62,878.3683333333333,332,302,42,23,86,42,0.462,0.346,0.674,0.542,0.526,0.163,0.115,103.9,103.4,0.5,1.0,0.099,0.216,0.077,0.155,22.0,-0.3848421768559478,-0.7190447004041101,0.9758018323038171,0.49661234881901223
1629021,Moritz Wagner,WAS,2019-20,Rebounder,Average,45,835.3316666666667,393,219,56,28,19,66,0.545,0.313,0.821,0.638,0.592,0.179,0.093,107.2,111.4,-4.2,0.85,0.063,0.202,0.1,0.129,14.0,0.32515909645467683,-0.5383229951882781,0.42434039793791156,-0.5994883250913078
1629642,Nassir Little,POR,2019-20,Rebounder,Average,48,572.485,172,108,22,13,14,15,0.43,0.237,0.636,0.505,0.477,0.131,0.05,109.5,112.7,-3.2,1.47,0.048,0.12,0.05,0.084,12.700000000000003,-0.9460302714829828,-0.9443151668936406,-0.44346906855954754,-0.8818771667457025
1629675,Naz Reid,MIN,2019-20,Rebounder,Average,30,495.4633333333333,269,124,35,19,22,22,0.412,0.33,0.698,0.505,0.477,0.234,0.085,108.4,107.6,0.7,1.59,0.06,0.176,0.106,0.115,17.80000000000001,-0.12206917248064957,-0.5818905929478784,-0.006085727775813898,-0.43912043433878717
202357,Nemanja Bjelica,SAC,2019-20,Rebounder,Very Good,72,2011.1883333333333,831,458,203,62,40,99,0.481,0.419,0.821,0.602,0.583,0.167,0.103,110.0,111.1,-1.0,2.05,0.054,0.177,0.141,0.115,14.300000000000011,0.3473452404771369,0.23291541592705356,0.8801427191683887,-0.01710883860932751
1629740,Nicolo Melli,NOP,2019-20,Rebounder,Average,60,1042.1233333333332,395,180,82,34,23,46,0.421,0.335,0.74,0.556,0.528,0.158,0.072,105.9,110.3,-4.3,1.78,0.034,0.132,0.112,0.082,15.100000000000009,-0.2959666976441233,-0.37523918078847635,-0.27790511914500815,-0.4322201488946927
202696,Nikola Vučević,ORL,2019-20,Rebounder,Elite,62,1998.1783333333333,1215,673,222,54,47,88,0.477,0.339,0.784,0.549,0.525,0.258,0.153,110.1,109.2,0.9,2.52,0.068,0.27,0.182,0.167,16.200000000000003,0.9874008793705679,0.533153337783087,2.1130811384997985,0.08245638849973902
203943,Noah Vonleh,DEN,2019-20,Rebounder,Average,36,377.7383333333333,132,124,28,11,6,21,0.565,0.2,0.781,0.622,0.582,0.135,0.123,98.9,103.9,-5.0,1.33,0.084,0.205,0.115,0.143,21.5,-0.2766425647926551,-0.5570895521899911,0.3506245927552341,-0.4664984642112842
203658,Norvel Pelle,PHI,2019-20,Rebounder,Average,24,231.73833333333332,57,72,8,3,31,18,0.521,0.0,0.5,0.526,0.521,0.131,0.047,101.2,116.9,-15.7,0.44,0.081,0.22,0.049,0.149,8.5,-0.9088941383751021,-1.0014484987412935,0.2890868322327215,-1.0602635432845
1629016,Omari Spellman,MIN,2019-20,Rebounder,Average,49,885.985,370,219,47,33,24,54,0.431,0.391,0.793,0.551,0.503,0.177,0.098,101.2,109.7,-8.5,0.87,0.076,0.155,0.086,0.114,15.700000000000003,-0.20349394272721424,-0.6500873637781637,0.2332455833677071,-0.39721124280023096
1629023,P.J. Washington,CHA,2019-20,Rebounder,Average,58,1758.9916666666666,710,316,123,51,44,93,0.455,0.374,0.647,0.547,0.528,0.184,0.083,103.9,110.1,-6.3,1.32,0.032,0.145,0.115,0.087,15.300000000000011,0.07006992369287636,-0.20751887656785567,0.1466526397568709,-0.03185929986896615
202335,Patrick Patterson,LAC,2019-20,Rebounder,Average,59,776.1866666666666,292,151,41,7,3,21,0.408,0.39,0.814,0.58,0.552,0.143,0.085,107.4,104.9,2.5,1.95,0.042,0.136,0.075,0.09,20.5,-0.342831399713125,-0.7339596983962828,-0.2529358636338589,-0.5970509830232521
200794,Paul Millsap,DEN,2019-20,Rebounder,Average,51,1239.95,591,293,83,44,30,70,0.482,0.435,0.816,0.591,0.543,0.197,0.102,113.7,104.5,9.3,1.19,0.079,0.157,0.093,0.118,20.900000000000006,0.3309910605695448,-0.47829490282956544,0.48055421577765867,0.082992843797049
1626158,Richaun Holmes,SAC,2019-20,Rebounder,Very Good,44,1241.615,539,358,42,41,56,52,0.648,0.0,0.788,0.681,0.648,0.156,0.115,110.8,109.6,1.2,0.81,0.101,0.191,0.05,0.145,15.800000000000011,0.5079298097146624,-0.8707213404468752,0.9969944899422696,0.015313976309536015
1629057,Robert Williams III,BOS,2019-20,Rebounder,Very Good,29,387.7733333333333,150,128,27,22,35,21,0.727,0.0,0.647,0.728,0.727,0.135,0.138,115.1,109.0,6.1,1.29,0.103,0.209,0.099,0.158,16.400000000000006,0.34239695345094434,-0.650651696871005,0.5523329216600998,-0.3587658585532125
1629066,Rodions Kurucs,BKN,2019-20,Rebounder,Average,47,683.525,215,137,51,25,5,46,0.446,0.367,0.632,0.555,0.54,0.142,0.067,102.8,104.2,-1.4,1.11,0.033,0.141,0.105,0.088,21.200000000000003,-0.5486187545831817,-0.5286331851253833,-0.31556247241453345,-0.34918324959284036
1626178,Rondae Hollis-Jefferson,TOR,2019-20,Rebounder,Average,60,1121.895,418,283,106,46,23,59,0.471,0.13,0.734,0.533,0.476,0.164,0.101,108.5,104.3,4.2,1.8,0.089,0.143,0.141,0.116,21.10000000000001,-0.3669607124880688,-0.12401464233975838,0.42854112133164546,0.044644256662065895
200752,Rudy Gay,SAS,2019-20,Rebounder,Very Good,67,1460.5833333333333,726,362,114,35,33,88,0.446,0.336,0.882,0.553,0.508,0.211,0.112,108.3,108.1,0.2,1.3,0.04,0.194,0.116,0.117,17.30000000000001,0.3135665395527554,-0.23501844513398285,0.6508976837458826,-0.19142386081674975
203497,Rudy Gobert,UTA,2019-20,Rebounder,Elite,68,2332.7066666666665,1026,916,101,51,135,130,0.693,0.0,0.63,0.699,0.693,0.162,0.151,112.8,106.6,6.2,0.78,0.104,0.276,0.065,0.195,18.80000000000001,1.0059678834878252,-0.5693547524051591,3.1145624548615096,1.0944712870838924
1629060,Rui Hachimura,WAS,2019-20,Rebounder,Average,48,1444.0316666666668,649,294,87,37,8,53,0.466,0.287,0.829,0.535,0.489,0.189,0.091,108.5,116.7,-8.2,1.64,0.051,0.155,0.088,0.101,8.700000000000003,-0.005928185250387407,-0.4916644042147985,0.26663347118175906,-0.9289279404426615
1629635,Sekou Doumbouya,DET,2019-20,Rebounder,Average,38,753.7266666666667,243,118,19,20,8,35,0.39,0.286,0.674,0.474,0.449,0.164,0.039,104.0,114.8,-10.8,0.54,0.026,0.137,0.037,0.079,10.600000000000009,-0.8304964114885015,-1.0283837342145794,-0.4806335542462963,-0.9934372277999092
201586,Serge Ibaka,TOR,2019-20,Rebounder,Very Good,55,1484.6266666666668,845,452,77,28,46,109,0.512,0.385,0.718,0.583,0.564,0.236,0.124,108.6,105.5,3.1,0.71,0.075,0.205,0.086,0.142,19.900000000000006,0.7539214001114559,-0.5396966241080157,1.2081931138927646,0.02033578578371586
1627746,Skal Labissiere,ATL,2019-20,Rebounder,Average,33,566.79,190,169,42,7,31,30,0.551,0.231,0.758,0.588,0.561,0.139,0.093,107.8,106.5,1.3,1.4,0.105,0.155,0.106,0.131,18.900000000000006,-0.3999302293838886,-0.5561327536915105,0.3171507773640083,-0.40776947101642524
1628425,Sterling Brown,MIL,2019-20,Rebounder,Average,52,766.68,266,183,51,29,7,42,0.371,0.324,0.8,0.486,0.457,0.162,0.082,104.0,101.7,2.4,1.21,0.037,0.168,0.094,0.105,23.700000000000003,-0.7599405157570484,-0.5904273718094728,0.023067065613634363,-0.1406161822096911
203500,Steven Adams,OKC,2019-20,Rebounder,Elite,63,1680.51,684,583,146,51,67,94,0.592,0.333,0.582,0.604,0.593,0.168,0.136,111.2,106.7,4.4,1.55,0.128,0.214,0.128,0.173,18.700000000000003,0.2600919019858511,-0.04985648280015157,1.9507149917980051,0.40060826737001015
1628388,T.J. Leaf,IND,2019-20,Rebounder,Average,28,221.8,84,71,9,10,4,8,0.419,0.278,0.438,0.451,0.448,0.18,0.092,97.8,97.5,0.2,1.13,0.094,0.174,0.057,0.136,27.900000000000006,-0.9595347112595437,-0.9528275807396176,0.12081794768821258,-0.1210648348389245
201959,Taj Gibson,NYK,2019-20,Rebounder,Average,62,1025.1666666666667,379,267,52,27,30,47,0.584,0.286,0.732,0.61,0.591,0.145,0.097,101.2,113.7,-12.5,1.11,0.098,0.158,0.077,0.126,11.700000000000003,-0.09392439244879751,-0.6822477871807274,0.5134836070398039,-0.6336933366096776
1627752,Taurean Prince,BKN,2019-20,Rebounder,Average,64,1857.435,773,381,116,57,25,127,0.376,0.339,0.798,0.497,0.475,0.2,0.074,109.6,108.4,1.3,0.91,0.024,0.162,0.09,0.093,17.0,-0.053246790708957804,-0.3737180491971543,0.3955601735231958,-0.06203999071331878
1628418,Thomas Bryant,WAS,2019-20,Rebounder,Very Good,46,1146.7916666666667,609,331,83,25,49,53,0.581,0.407,0.741,0.649,0.626,0.185,0.13,109.4,116.0,-6.6,1.57,0.081,0.198,0.107,0.139,9.400000000000006,0.5877430563175094,-0.39964775614072423,0.8489153423552256,-0.5973199990417792
1627748,Thon Maker,DET,2019-20,Rebounder,Average,60,776.095,281,167,43,25,39,45,0.482,0.344,0.664,0.582,0.539,0.16,0.076,103.8,111.9,-8.0,0.96,0.069,0.152,0.088,0.11,13.5,-0.21488077046298823,-0.6535708223976823,0.04431127979839147,-0.45760047136954435
1628396,Tony Bradley,UTA,2019-20,Rebounder,Very Good,58,663.1633333333333,285,267,23,14,33,30,0.667,1.0,0.652,0.681,0.675,0.147,0.122,109.4,109.4,0.1,0.77,0.158,0.226,0.051,0.192,16.0,0.25887364248230793,-0.9350178222363852,1.3543007911487035,-0.48539356008565443
1628470,Torrey Craig,DEN,2019-20,Rebounder,Average,58,1071.9316666666666,315,189,47,23,36,25,0.461,0.326,0.611,0.553,0.545,0.123,0.056,107.6,113.3,-5.7,1.88,0.058,0.118,0.061,0.088,12.100000000000009,-0.6270280930401665,-0.7905286971510944,-0.177586786063939,-0.5909321343246888
1626203,Treveon Graham,ATL,2019-20,Rebounder,Average,55,929.3316666666668,243,150,45,24,6,29,0.36,0.275,0.643,0.456,0.428,0.13,0.037,103.9,110.1,-6.2,1.55,0.05,0.099,0.069,0.074,15.300000000000011,-1.1823084533223478,-0.7529468531164331,-0.459423711092409,-0.6960797313201442
1626168,Trey Lyles,SAS,2019-20,Rebounder,Very Good,63,1270.8233333333333,404,361,69,28,28,39,0.446,0.387,0.733,0.557,0.541,0.136,0.088,111.3,113.7,-2.4,1.77,0.056,0.228,0.072,0.142,11.700000000000003,-0.4448094264716405,-0.647781301375563,0.9667356627792245,-0.6435669016775107
202684,Tristan Thompson,CLE,2019-20,Rebounder,Elite,57,1721.525,684,577,120,33,50,103,0.512,0.391,0.615,0.54,0.52,0.181,0.108,105.0,115.2,-10.1,1.17,0.126,0.207,0.106,0.165,10.200000000000003,-0.01066414814251459,-0.2691168305491256,1.8328774858585715,-0.4573078914926094
1628972,Troy Brown Jr.,WAS,2019-20,Rebounder,Average,69,1782.0183333333334,716,383,178,85,7,79,0.439,0.341,0.784,0.524,0.488,0.174,0.1,108.2,113.7,-5.5,2.25,0.04,0.171,0.142,0.103,11.700000000000003,-0.13031133601948489,0.1465407862035141,0.5282634737373292,-0.26543595825825345
1629738,Vincent Poirier,BOS,2019-20,Rebounder,Average,22,129.99166666666667,41,43,8,2,9,8,0.472,0.5,0.857,0.525,0.486,0.141,0.077,99.7,106.1,-6.5,1.0,0.09,0.195,0.088,0.144,19.30000000000001,-0.8529452368415876,-0.7823600186795217,0.148440581783027,-0.658658623755779
1628976,Wendell Carter Jr.,CHI,2019-20,Rebounder,Very Good,43,1255.7866666666666,484,405,51,33,36,72,0.534,0.207,0.737,0.59,0.542,0.162,0.103,104.8,105.3,-0.5,0.71,0.102,0.216,0.062,0.156,20.10000000000001,-0.00810628357740987,-0.770192278526824,1.2618394807260211,-0.01728110454554904
1629117,Wenyen Gabriel,POR,2019-20,Rebounder,Average,30,234.9183333333333,63,52,8,11,7,16,0.438,0.3,0.682,0.546,0.5,0.124,0.043,104.6,111.9,-7.2,0.5,0.08,0.148,0.046,0.11,13.5,-0.8414598951837462,-1.0183014587460453,-0.26082725732311546,-0.9264184006042321
203115,Will Barton,DEN,2019-20,Rebounder,Average,58,1915.8383333333331,874,365,212,61,29,88,0.45,0.375,0.767,0.549,0.523,0.197,0.109,112.7,106.9,5.8,2.41,0.04,0.147,0.157,0.094,18.5,0.29493968773419893,0.35591509118677367,0.3658457704892316,0.10800732962647291
1626161,Willie Cauley-Stein,DAL,2019-20,Rebounder,Very Good,54,1097.4466666666667,390,315,70,49,61,40,0.579,0.0,0.606,0.589,0.579,0.144,0.113,102.2,107.7,-5.5,1.75,0.072,0.202,0.098,0.136,17.700000000000003,-0.21338049651843427,-0.49804262334537674,0.7682423221025403,0.26042608242544857
1626195,Willy Hernangomez,CHA,2019-20,Rebounder,Very Good,31,375.2183333333333,190,134,29,10,7,30,0.532,0.227,0.627,0.576,0.55,0.222,0.144,102.2,104.8,-2.6,0.97,0.105,0.243,0.136,0.171,20.60000000000001,0.13905934752530635,-0.435439140834391,0.7338686991229354,-0.5196215706910755
201163,Wilson Chandler,BKN,2019-20,Rebounder,Average,35,734.11,205,145,39,16,12,34,0.404,0.306,0.87,0.531,0.505,0.128,0.065,101.7,108.2,-6.4,1.15,0.014,0.164,0.08,0.091,17.200000000000003,-0.795537861662766,-0.7132308143663733,-0.25611648083117033,-0.6066319682141502
203932,Aaron Gordon,DEN,2020-21,Rebounder,Average,50,1383.78,618,284,161,33,34,97,0.463,0.335,0.651,0.547,0.522,0.204,0.095,112.5,110.4,2.1,1.66,0.055,0.15,0.165,0.102,15.0,0.15013386326269815,0.21319206042685995,0.25283933964978644,-0.3371648753041576
1630174,Aaron Nesmith,BOS,2020-21,Rebounder,Average,46,668.7316666666667,218,127,23,15,9,23,0.438,0.37,0.786,0.573,0.551,0.133,0.06,108.6,109.1,-0.5,1.0,0.041,0.146,0.047,0.093,16.30000000000001,-0.5094239947207697,-0.957488435576054,-0.27839798672778465,-0.7002249307062316
202329,Al-Farouq Aminu,CHI,2020-21,Rebounder,Average,23,434.14,102,110,31,19,9,28,0.384,0.216,0.818,0.469,0.424,0.138,0.075,102.8,109.0,-6.2,1.11,0.05,0.2,0.101,0.125,16.400000000000006,-1.1510986255447102,-0.6246976249118175,0.08416351509967507,-0.652904011448034
1630197,Aleksej Pokusevski,OKC,2020-21,Rebounder,Average,45,1089.915,367,212,97,20,42,99,0.341,0.28,0.738,0.43,0.412,0.197,0.058,98.1,114.9,-16.7,0.98,0.025,0.155,0.133,0.09,10.5,-0.7510696287470733,-0.2020730909201405,-0.09107977003027704,-0.6553189192003942
203458,Alex Len,WAS,2020-21,Rebounder,Average,64,978.7383333333332,423,260,49,20,64,55,0.615,0.32,0.629,0.643,0.629,0.161,0.097,106.9,111.0,-4.0,0.89,0.077,0.174,0.069,0.126,14.400000000000006,0.24361256826063596,-0.7382280878270799,0.49490995695414697,-0.20359147843973827
203083,Andre Drummond,LAL,2020-21,Rebounder,Elite,46,1241.5883333333334,687,551,94,63,49,124,0.493,0.0,0.6,0.519,0.493,0.269,0.139,107.5,111.4,-3.9,0.76,0.132,0.336,0.124,0.229,14.0,0.5156334600603204,-0.2636710449014104,2.579227518182813,0.06668329784178573
1630264,Anthony Gill,WAS,2020-21,Rebounder,Average,26,218.015,80,51,11,10,4,8,0.5,0.292,0.813,0.597,0.558,0.143,0.089,104.1,105.6,-1.6,1.38,0.074,0.151,0.073,0.114,19.80000000000001,-0.39851685779101825,-0.8555857447362654,-0.21252201868805948,-0.5969777027398949
1630237,Anthony Lamb,HOU,2020-21,Rebounder,Average,24,415.21,133,70,23,6,5,19,0.39,0.324,0.857,0.523,0.487,0.144,0.05,105.1,114.3,-9.2,1.21,0.055,0.109,0.08,0.079,11.100000000000009,-0.7760731613367747,-0.7721058755237855,-0.6079957262622296,-1.1394713634207427
203382,Aron Baynes,TOR,2020-21,Rebounder,Very Good,53,980.2766666666666,324,273,47,17,22,46,0.441,0.262,0.707,0.503,0.485,0.157,0.07,106.6,111.0,-4.4,1.02,0.082,0.192,0.07,0.135,14.400000000000006,-0.65751817259603,-0.7399698171368393,0.6440607672839184,-0.65960905538372
1628389,Bam Adebayo,MIA,2020-21,Rebounder,Very Good,64,2142.616666666667,1197,573,346,75,66,169,0.57,0.25,0.799,0.626,0.571,0.233,0.161,110.2,109.6,0.6,2.05,0.07,0.204,0.267,0.139,15.800000000000011,1.2316584345896333,1.4669355952209968,1.4910329596022227,0.46877495624286714
1626246,Boban Marjanovic,DAL,2020-21,Rebounder,Very Good,33,271.3183333333333,156,128,10,2,6,12,0.508,0.125,0.816,0.562,0.512,0.231,0.162,107.0,101.1,5.9,0.83,0.159,0.291,0.06,0.223,24.30000000000001,0.10037911559030839,-0.9322949294125276,1.380410451464319,-0.39523764051748395
1626171,Bobby Portis,MIL,2020-21,Rebounder,Very Good,66,1372.1766666666667,754,466,71,52,26,56,0.523,0.471,0.74,0.598,0.585,0.202,0.133,113.4,108.3,5.1,1.27,0.085,0.229,0.075,0.158,17.10000000000001,0.5251635001773263,-0.6235689587261348,1.4491748829389635,-0.09785387389685518
1629634,Brandon Clarke,MEM,2020-21,Rebounder,Average,59,1414.765,610,328,95,60,51,33,0.517,0.26,0.69,0.56,0.537,0.167,0.11,109.5,109.3,0.2,2.88,0.064,0.16,0.094,0.111,16.10000000000001,-0.0521651939380026,-0.428520953626589,0.4842448860731814,0.17921895463695084
1628971,Bruce Brown,BKN,2020-21,Rebounder,Very Good,65,1451.1583333333333,573,349,104,58,28,54,0.556,0.288,0.735,0.604,0.576,0.157,0.098,115.9,112.4,3.5,1.93,0.081,0.154,0.099,0.12,13.0,0.09951906785876914,-0.36731546505095847,0.6546227250722748,-0.25634493596379954
1628981,Bruno Fernando,ATL,2020-21,Rebounder,Average,33,225.9333333333333,51,78,10,4,3,21,0.409,0.0,0.682,0.475,0.409,0.133,0.069,98.8,104.7,-6.0,0.48,0.066,0.256,0.069,0.16,20.700000000000003,-1.1901744141679584,-0.8817360493982724,0.4451433010861966,-0.6163841368282872
1628990,Chandler Hutchison,WAS,2020-21,Rebounder,Average,25,345.80333333333334,107,78,17,12,5,20,0.379,0.364,0.84,0.469,0.417,0.155,0.061,106.8,112.0,-5.2,0.85,0.016,0.195,0.061,0.106,13.400000000000006,-1.0230446857924276,-0.9009194368212425,-0.24279803136653944,-0.9421674331770152
1629002,Chimezie Metu,SAC,2020-21,Rebounder,Average,36,488.0566666666667,226,112,28,14,18,29,0.508,0.351,0.721,0.571,0.545,0.194,0.083,108.7,116.4,-7.8,0.97,0.064,0.175,0.08,0.118,9.0,-0.06854046974762777,-0.7537074189120941,0.0002926921342434885,-1.0484382454782601
1628449,Chris Boucher,TOR,2020-21,Rebounder,Very Good,60,1452.6783333333333,818,404,63,35,111,46,0.514,0.383,0.788,0.634,0.595,0.202,0.132,114.4,110.7,3.8,1.37,0.078,0.192,0.068,0.135,14.700000000000003,0.777148335099187,-0.6923300626492614,0.9916533617440697,0.44497617629419994
1626174,Christian Wood,HOU,2020-21,Rebounder,Very Good,41,1325.8983333333333,860,395,71,34,48,80,0.514,0.374,0.631,0.591,0.574,0.255,0.139,108.8,112.6,-3.8,0.89,0.055,0.228,0.089,0.142,12.800000000000011,0.9495680829300707,-0.5449218120372936,1.056950534623844,-0.31441930143173535
203991,Clint Capela,ATL,2020-21,Rebounder,Elite,63,1898.3766666666668,956,903,49,44,129,73,0.594,0.0,0.573,0.601,0.594,0.193,0.158,114.8,108.2,6.6,0.67,0.155,0.301,0.039,0.23,17.200000000000003,0.6221038544106037,-0.9067576878745969,3.525956433937671,0.8672294824180692
1628998,Cody Martin,CHA,2020-21,Rebounder,Average,52,849.1916666666667,207,161,86,37,12,40,0.441,0.276,0.581,0.5,0.484,0.123,0.073,109.1,108.1,1.0,2.15,0.059,0.126,0.138,0.092,17.30000000000001,-1.0079415964008545,-0.21446142879127528,-0.20092276918784555,-0.3831678790046489
203469,Cody Zeller,CHA,2020-21,Rebounder,Very Good,48,1005.3433333333334,451,328,86,27,17,51,0.559,0.143,0.714,0.599,0.565,0.177,0.114,112.3,110.3,2.0,1.69,0.115,0.21,0.125,0.161,15.100000000000009,0.1293608584645404,-0.28749092214519933,1.1212276013071962,-0.5654544734813114
1628391,D.J. Wilson,HOU,2020-21,Rebounder,Average,35,432.63,183,112,23,11,16,22,0.405,0.345,0.68,0.511,0.494,0.195,0.087,99.7,111.0,-11.3,1.05,0.042,0.199,0.088,0.12,14.400000000000006,-0.4352815639011119,-0.7271646488444476,0.025772000743604084,-0.7824820170320268
1629655,Daniel Gafford,WAS,2020-21,Rebounder,Very Good,54,791.3866666666667,380,231,29,26,75,41,0.684,0.0,0.667,0.697,0.684,0.161,0.122,112.5,108.4,4.1,0.71,0.118,0.16,0.051,0.14,17.0,0.5213501191363008,-0.9129396743023556,0.5963171382933783,0.12263095835263739
1630187,Daniel Oturu,LAC,2020-21,Rebounder,Average,30,160.90333333333334,54,48,10,4,7,9,0.423,0.2,0.75,0.471,0.433,0.174,0.073,104.2,102.5,1.8,1.11,0.119,0.157,0.092,0.138,22.900000000000006,-0.9107413475452635,-0.7525300226951762,0.08526954887327187,-0.44665399570709124
1628464,Daniel Theis,CHI,2020-21,Rebounder,Very Good,65,1600.6766666666667,627,356,108,41,57,66,0.541,0.322,0.673,0.609,0.593,0.154,0.095,109.4,110.8,-1.3,1.64,0.057,0.164,0.097,0.11,14.600000000000009,0.1450873449907469,-0.36383200643143987,0.5457998321111288,-0.045074169746794644
1629647,Darius Bazley,OKC,2020-21,Rebounder,Very Good,55,1714.205,754,396,99,29,25,122,0.396,0.29,0.702,0.491,0.456,0.218,0.086,100.7,113.8,-13.1,0.81,0.027,0.193,0.091,0.108,11.600000000000009,0.030514839531273985,-0.43065514834198765,0.6264556668483794,-0.6694333982533663
201599,DeAndre Jordan,BKN,2020-21,Rebounder,Very Good,57,1246.0183333333334,426,427,93,17,65,85,0.763,0.0,0.5,0.736,0.763,0.128,0.112,113.0,114.8,-1.9,1.09,0.097,0.231,0.099,0.168,10.600000000000009,0.5359309737720103,-0.40779206959667935,1.4730896612228208,-0.44782586843971117
202326,DeMarcus Cousins,LAC,2020-21,Rebounder,Very Good,41,712.8716666666667,366,263,76,34,24,64,0.426,0.348,0.728,0.537,0.503,0.239,0.13,103.4,106.6,-3.2,1.19,0.07,0.293,0.174,0.178,18.80000000000001,0.16744584269890136,-0.04902282195763785,1.165332116548518,-0.20471038720846055
1629731,Dean Wade,CLE,2020-21,Rebounder,Average,63,1212.1083333333331,376,215,74,35,21,30,0.431,0.366,0.769,0.573,0.556,0.128,0.082,102.9,111.9,-9.0,2.47,0.031,0.154,0.094,0.09,13.5,-0.4320848738329235,-0.5057944713956926,-0.08311963427928118,-0.5361011940417305
1629028,Deandre Ayton,PHX,2020-21,Rebounder,Elite,69,2114.59,997,727,99,41,81,103,0.626,0.2,0.769,0.653,0.629,0.179,0.13,117.1,110.8,6.3,0.96,0.117,0.236,0.066,0.179,14.600000000000009,0.8464960942436814,-0.5710964817149183,2.409239433673887,0.19774496632694596
1629686,Deividas Sirvydis,DET,2020-21,Rebounder,Average,20,133.11333333333334,41,29,5,2,0,5,0.35,0.357,0.5,0.481,0.475,0.15,0.07,97.2,106.9,-9.7,1.0,0.0,0.225,0.062,0.107,18.5,-1.038632491175818,-0.9394580793543844,-0.36007392766145774,-0.7967195398230346
1627756,Denzel Valentine,CHI,2020-21,Rebounder,Average,62,1035.775,406,197,105,30,7,42,0.373,0.331,0.941,0.479,0.469,0.19,0.085,107.7,106.7,1.0,2.5,0.022,0.168,0.144,0.094,18.700000000000003,-0.4940289209347622,-0.11084137365734494,-0.07992183156653494,-0.42402819451889195
202324,Derrick Favors,UTA,2020-21,Rebounder,Very Good,68,1039.205,369,376,44,32,68,36,0.638,0.0,0.738,0.663,0.638,0.125,0.111,114.1,111.6,2.6,1.22,0.13,0.227,0.059,0.178,13.800000000000011,0.05548389568382136,-0.8128030777879437,1.4651638965026943,-0.07403807219740614
1629719,Devontae Cacok,LAL,2020-21,Rebounder,Average,20,97.63333333333334,39,32,1,5,4,5,0.586,0.0,0.455,0.576,0.586,0.154,0.114,116.7,98.6,18.1,0.2,0.117,0.183,0.013,0.151,26.80000000000001,-0.467626921537303,-1.2294418580546815,0.20843099749547112,-0.23750179208493657
1627734,Domantas Sabonis,IND,2020-21,Rebounder,Elite,62,2231.4466666666667,1260,742,415,76,33,213,0.535,0.321,0.732,0.601,0.564,0.239,0.154,109.6,111.5,-1.9,1.95,0.066,0.259,0.283,0.162,13.900000000000006,1.1780753046087764,1.8107167498210126,2.2324659892493015,0.033626124485730546
1628978,Donte DiVincenzo,MIL,2020-21,Rebounder,Average,66,1814.6633333333332,688,380,203,72,15,91,0.42,0.379,0.718,0.542,0.528,0.163,0.087,117.3,109.1,8.1,2.23,0.043,0.155,0.137,0.1,16.30000000000001,-0.1281131571686333,0.2104448025873848,0.4820843750722926,-0.048922459204016146
1627827,Dorian Finney-Smith,DAL,2020-21,Rebounder,Average,60,1920.5383333333332,590,326,102,52,25,48,0.472,0.394,0.756,0.609,0.6,0.12,0.074,117.2,112.1,5.1,2.13,0.052,0.116,0.07,0.084,13.300000000000011,-0.13049155566987905,-0.5375867944082346,0.13496746267948292,-0.3312391030880373
1629234,Drew Eubanks,SAS,2020-21,Rebounder,Very Good,54,755.2783333333333,311,241,42,18,49,45,0.566,1.0,0.726,0.618,0.571,0.166,0.115,103.6,108.2,-4.6,0.93,0.09,0.207,0.086,0.148,17.200000000000003,0.056507893166901114,-0.6684858203898552,0.7247681585674731,-0.21156307422384302
2730,Dwight Howard,PHI,2020-21,Rebounder,Elite,69,1195.535,482,580,61,30,62,112,0.587,0.25,0.576,0.61,0.596,0.173,0.13,103.9,106.3,-2.4,0.54,0.148,0.309,0.076,0.228,19.10000000000001,0.18532744531838996,-0.6547482186146002,2.6434358428044256,0.15593419566989825
203939,Dwight Powell,DAL,2020-21,Rebounder,Average,58,965.5783333333334,342,234,63,36,30,40,0.619,0.238,0.782,0.688,0.631,0.129,0.099,112.8,108.8,4.0,1.58,0.086,0.158,0.09,0.123,16.60000000000001,0.20823320784947566,-0.5687416892810825,0.38770315086480883,-0.25254316242230734
1629685,Dylan Windler,CLE,2020-21,Rebounder,Average,31,512.6516666666666,161,107,33,19,12,32,0.438,0.338,0.778,0.567,0.538,0.14,0.082,104.6,111.1,-6.5,1.03,0.039,0.171,0.089,0.104,14.300000000000011,-0.5335913265930862,-0.6847500822861478,-0.19132936104960704,-0.7459364370427713
202683,Enes Freedom,POR,2020-21,Rebounder,Elite,72,1757.236666666667,806,795,84,33,48,78,0.604,0.25,0.774,0.636,0.605,0.169,0.141,119.7,114.8,4.9,1.08,0.148,0.281,0.069,0.213,10.600000000000009,0.5383537122006969,-0.6094388915452407,3.0228174237222563,-0.4540409494789532
1626163,Frank Kaminsky,PHX,2020-21,Rebounder,Average,47,714.8066666666666,310,188,79,14,17,22,0.471,0.365,0.617,0.547,0.531,0.185,0.106,113.5,108.9,4.6,3.59,0.051,0.208,0.154,0.131,16.5,-0.21106916692516112,-0.1503368146889676,0.36756497045364855,-0.6178956466100635
1630273,Freddie Gillespie,TOR,2020-21,Rebounder,Average,20,391.9033333333333,111,97,9,13,20,12,0.524,0.0,0.697,0.563,0.524,0.12,0.075,101.3,110.9,-9.6,0.75,0.1,0.142,0.034,0.12,14.5,-0.7389285592754494,-1.0820336074427137,-0.014028678011375084,-0.7154139676381629
1629048,Goga Bitadze,IND,2020-21,Rebounder,Average,45,561.2766666666666,231,150,37,9,60,17,0.428,0.253,0.738,0.523,0.479,0.169,0.078,108.5,109.3,-0.8,2.18,0.095,0.148,0.087,0.121,16.10000000000001,-0.5223885144211321,-0.6812666236666292,0.13934004122756494,-0.2581533791893052
1629684,Grant Williams,BOS,2020-21,Rebounder,Average,63,1137.9066666666668,294,178,64,32,24,56,0.437,0.372,0.588,0.546,0.534,0.12,0.04,107.4,109.3,-1.9,1.14,0.04,0.113,0.079,0.076,16.10000000000001,-0.7041564202170277,-0.6268561846428338,-0.3596498021404206,-0.38407073571874156
1628977,Hamidou Diallo,DET,2020-21,Rebounder,Average,52,1226.0866666666666,604,272,101,41,24,76,0.477,0.341,0.64,0.541,0.506,0.218,0.099,102.0,110.6,-8.6,1.33,0.046,0.161,0.133,0.105,14.800000000000011,0.20821930990410617,-0.18735432563078744,0.25921775955984405,-0.3671995468382872
1628385,Harry Giles III,POR,2020-21,Rebounder,Very Good,38,347.9216666666667,108,133,29,8,13,20,0.433,0.348,0.593,0.496,0.474,0.154,0.095,101.1,111.5,-10.4,1.45,0.079,0.254,0.125,0.168,13.900000000000006,-0.8752705414555494,-0.49723332751848054,0.6929963576252294,-0.8732958353809316
202355,Hassan Whiteside,SAC,2020-21,Rebounder,Very Good,36,545.8566666666667,293,215,20,9,46,40,0.563,0.0,0.519,0.566,0.563,0.227,0.123,106.3,114.5,-8.1,0.5,0.109,0.269,0.058,0.19,10.900000000000006,0.19276473578696565,-0.9067333228589793,1.1908457961887484,-0.705322185489734
1628392,Isaiah Hartenstein,CLE,2020-21,Rebounder,Very Good,46,558.8983333333333,236,181,55,19,39,44,0.55,0.333,0.648,0.583,0.556,0.187,0.108,107.8,105.7,2.1,1.25,0.114,0.207,0.147,0.16,19.700000000000003,-0.0439619204500438,-0.27797297976950663,0.7184412952037201,-0.15548966369249992
1629676,Isaiah Roby,OKC,2020-21,Rebounder,Average,61,1425.2766666666666,533,341,107,52,37,113,0.483,0.294,0.744,0.555,0.52,0.171,0.084,99.5,113.6,-14.1,0.95,0.057,0.169,0.118,0.112,11.800000000000011,-0.10699941443487859,-0.24954097772051637,0.5314784619655103,-0.2979615476254209
1630191,Isaiah Stewart,DET,2020-21,Rebounder,Very Good,68,1454.8283333333334,537,453,59,39,86,67,0.553,0.333,0.696,0.597,0.578,0.15,0.108,105.5,107.4,-2.0,0.88,0.105,0.193,0.064,0.149,18.0,-0.017708421551034876,-0.7295194412782835,1.300024072609192,0.4273754556339929
1627826,Ivica Zubac,LAC,2020-21,Rebounder,Elite,72,1608.47,650,519,90,24,62,81,0.652,0.25,0.789,0.693,0.654,0.147,0.117,114.3,109.3,5.0,1.11,0.121,0.2,0.079,0.162,16.10000000000001,0.5907034369858687,-0.5311842102620388,1.6407625650919444,-0.08249800710848106
203960,JaKarr Sampson,IND,2020-21,Rebounder,Average,29,316.27166666666665,134,77,4,2,14,15,0.496,0.2,0.655,0.533,0.509,0.177,0.059,109.9,108.9,1.1,0.27,0.08,0.145,0.017,0.113,16.5,-0.4766007422561563,-1.195932170747998,-0.1562738298174426,-0.7725843938790242
203210,JaMychal Green,DEN,2020-21,Rebounder,Average,58,1119.8333333333333,471,277,53,26,22,53,0.463,0.399,0.807,0.59,0.568,0.172,0.088,111.8,107.6,4.1,1.0,0.072,0.177,0.07,0.122,17.80000000000001,0.05572360095379695,-0.7178916692028097,0.4890587756577354,-0.36659089377060367
201580,JaVale McGee,DEN,2020-21,Rebounder,Very Good,46,678.4033333333333,337,239,39,19,54,60,0.511,0.208,0.657,0.541,0.52,0.228,0.115,100.9,106.9,-6.1,0.65,0.105,0.231,0.098,0.166,18.5,0.0888773657820045,-0.6121130543378631,0.9487751788843881,-0.07423331370581533
203109,Jae Crowder,PHX,2020-21,Rebounder,Average,60,1648.381666666667,603,282,127,48,27,55,0.404,0.389,0.76,0.574,0.555,0.152,0.081,114.3,107.9,6.3,2.31,0.02,0.146,0.102,0.085,17.5,-0.08697496058897869,-0.26582960463242666,0.030958459302891025,-0.10567999162722987
1630256,Jae'Sean Tate,HOU,2020-21,Rebounder,Average,70,2042.7166666666667,794,374,178,85,36,98,0.506,0.308,0.694,0.576,0.554,0.161,0.083,108.0,111.8,-3.8,1.82,0.06,0.118,0.127,0.088,13.600000000000009,0.12808389635105052,0.06227598617975576,0.3132882519141373,0.1396043804249049
1627751,Jakob Poeltl,SAS,2020-21,Rebounder,Very Good,69,1845.1333333333332,593,547,134,47,123,83,0.616,0.0,0.508,0.612,0.616,0.13,0.1,112.2,109.0,3.2,1.61,0.114,0.173,0.096,0.143,16.400000000000006,-0.037970679623653636,-0.2737776853855621,1.4730037336456463,0.7906050471749678
1629667,Jalen McDaniels,CHA,2020-21,Rebounder,Average,47,903.58,346,169,53,28,19,45,0.468,0.333,0.703,0.554,0.53,0.169,0.073,104.6,113.9,-9.4,1.18,0.047,0.138,0.09,0.091,11.5,-0.2622127649951406,-0.6055386025044651,-0.19243539482320365,-0.7463750127150641
1630188,Jalen Smith,PHX,2020-21,Rebounder,Average,27,155.725,53,37,4,1,4,7,0.44,0.235,0.714,0.499,0.48,0.161,0.059,106.3,110.7,-4.4,0.57,0.044,0.174,0.037,0.111,14.700000000000003,-0.8465377496412838,-1.0835791040496534,-0.28788828177341425,-0.9898788119371659
1630164,James Wiseman,GSW,2020-21,Rebounder,Average,39,835.88,448,226,26,11,36,60,0.519,0.316,0.628,0.552,0.535,0.231,0.088,101.8,110.6,-8.8,0.43,0.063,0.19,0.05,0.127,14.800000000000011,0.25377924162269816,-0.9295964016042875,0.41743473941420783,-0.556630866950775
1628386,Jarrett Allen,CLE,2020-21,Rebounder,Elite,63,1863.5433333333333,806,631,106,32,90,100,0.618,0.316,0.703,0.661,0.624,0.163,0.138,108.3,113.9,-5.6,1.06,0.106,0.232,0.087,0.17,11.5,0.6373692248790279,-0.4273679224252887,2.039858200899898,0.01341038325633274
1629633,Jarrett Culver,MIN,2020-21,Rebounder,Average,34,499.0916666666666,180,104,24,17,9,28,0.411,0.245,0.604,0.476,0.449,0.179,0.057,99.0,109.7,-10.7,0.86,0.059,0.132,0.079,0.094,15.700000000000003,-0.7546864908157507,-0.7740438375363645,-0.32668603984740574,-0.7147550098593097
1629637,Jaxson Hayes,NOP,2020-21,Rebounder,Average,60,963.7066666666668,449,257,35,25,38,39,0.625,0.429,0.775,0.675,0.636,0.156,0.123,104.6,105.5,-0.9,0.9,0.087,0.161,0.057,0.124,19.900000000000006,0.40872118864568113,-0.8571556063588226,0.46147051259379057,-0.09168801505580014
1629723,John Konchar,MEM,2020-21,Rebounder,Average,43,574.9633333333334,184,128,47,30,9,18,0.5,0.375,0.833,0.608,0.576,0.124,0.098,110.6,108.6,2.1,2.61,0.057,0.161,0.111,0.107,16.80000000000001,-0.3997136298877113,-0.5096460304052329,-0.0973894478785953,-0.5154271491068013
202685,Jonas Valančiūnas,MEM,2020-21,Rebounder,Elite,62,1755.3283333333334,1058,776,112,35,57,100,0.592,0.368,0.773,0.636,0.606,0.217,0.163,112.8,108.9,3.8,1.12,0.134,0.289,0.097,0.21,16.5,1.0714663820788377,-0.34911324114208675,2.9341842677185745,0.0043915352173881095
1628404,Josh Hart,NOP,2020-21,Rebounder,Very Good,47,1349.53,434,377,109,38,12,49,0.439,0.326,0.775,0.566,0.531,0.133,0.1,111.9,112.1,-0.2,2.22,0.039,0.234,0.109,0.138,13.300000000000011,-0.3936785788903081,-0.2927404750900948,0.9582311028991481,-0.6078252162643472
1627823,Juancho Hernangomez,MIN,2020-21,Rebounder,Average,52,900.04,375,205,35,19,7,27,0.435,0.327,0.619,0.549,0.527,0.167,0.085,110.5,115.4,-4.9,1.3,0.047,0.177,0.055,0.11,10.0,-0.2845280911172175,-0.8683909130286571,0.14513966597767203,-1.0491688597709956
203944,Julius Randle,NYK,2020-21,Rebounder,Elite,71,2666.7366666666667,1712,724,427,64,18,241,0.456,0.411,0.811,0.567,0.516,0.285,0.158,109.8,106.8,3.0,1.77,0.031,0.227,0.269,0.131,18.60000000000001,1.6463805658118966,1.7762258990002309,1.789775891298237,0.03367478191256173
1626159,Justise Winslow,MEM,2020-21,Rebounder,Average,26,507.0566666666667,178,118,50,15,12,37,0.352,0.185,0.571,0.395,0.376,0.212,0.06,101.0,107.1,-6.1,1.35,0.032,0.187,0.14,0.108,18.30000000000001,-0.9776733129645256,-0.3356950097256185,-0.11118357941056778,-0.5523631885980088
203994,Jusuf Nurkić,POR,2020-21,Rebounder,Very Good,37,880.0983333333334,424,332,125,38,39,73,0.514,0.4,0.619,0.554,0.532,0.217,0.134,115.0,108.2,6.9,1.71,0.094,0.283,0.206,0.186,17.200000000000003,0.1454199907661666,0.31104695955428857,1.4503324732588645,-0.10551045548832953
1630231,KJ Martin,HOU,2020-21,Rebounder,Average,45,1067.6483333333333,419,242,48,30,41,38,0.509,0.365,0.714,0.59,0.564,0.154,0.09,105.5,117.0,-11.5,1.26,0.063,0.159,0.068,0.108,8.400000000000006,-0.11354482065300335,-0.7475254324843355,0.21783536496392664,-0.6852075714243023
1628966,Keita Bates-Diop,SAS,2020-21,Rebounder,Average,30,244.6783333333333,79,49,12,11,5,7,0.448,0.294,0.667,0.518,0.485,0.144,0.088,103.8,111.5,-7.7,1.71,0.037,0.154,0.075,0.097,13.900000000000006,-0.8436028846617677,-0.8406707467440926,-0.43440289903495505,-0.923151458590576
1629640,Keldon Johnson,SAS,2020-21,Rebounder,Very Good,69,1967.7866666666664,881,412,121,40,24,78,0.479,0.331,0.74,0.557,0.522,0.189,0.091,110.0,113.8,-3.8,1.55,0.045,0.163,0.087,0.103,11.600000000000009,0.28716416336202877,-0.3721725525902147,0.6052114526636223,-0.5655758699350076
203482,Kelly Olynyk,HOU,2020-21,Rebounder,Very Good,70,1996.8916666666669,945,489,203,79,42,126,0.484,0.342,0.829,0.61,0.574,0.19,0.112,110.7,113.2,-2.5,1.61,0.043,0.196,0.151,0.12,12.200000000000003,0.6436675957919933,0.2890919492762259,1.0260957267854136,0.05588444174416455
201567,Kevin Love,CLE,2020-21,Rebounder,Very Good,25,622.15,305,186,63,16,2,38,0.409,0.365,0.824,0.556,0.522,0.211,0.123,107.0,113.4,-6.5,1.66,0.026,0.272,0.153,0.147,12.0,0.027115447912278157,-0.2148295291812971,0.5660926821612026,-1.013330918502289
203920,Khem Birch,TOR,2020-21,Rebounder,Very Good,67,1529.23,482,387,89,48,50,44,0.497,0.25,0.705,0.552,0.514,0.133,0.089,106.1,109.7,-3.6,2.02,0.101,0.138,0.085,0.119,15.700000000000003,-0.4391089370044648,-0.5011579815748737,0.742711456946875,0.021263265354333722
204001,Kristaps Porziņģis,DAL,2020-21,Rebounder,Very Good,43,1326.5633333333333,865,381,68,20,58,51,0.476,0.376,0.855,0.582,0.547,0.259,0.135,116.0,115.3,0.7,1.33,0.062,0.219,0.081,0.141,10.100000000000009,0.9309979300227839,-0.6009021126836462,1.0070635801478498,-0.5169413651710343
1628398,Kyle Kuzma,LAL,2020-21,Rebounder,Very Good,68,1954.2333333333331,874,417,127,35,41,113,0.443,0.361,0.691,0.546,0.533,0.198,0.097,104.8,105.4,-0.6,1.12,0.054,0.157,0.1,0.105,20.0,0.2851075611908139,-0.2770649113022611,0.6439576541913092,0.048153473841486695
1630205,Lamar Stevens,CLE,2020-21,Rebounder,Average,40,498.765,165,96,25,17,13,23,0.456,0.16,0.725,0.521,0.471,0.152,0.072,100.1,110.5,-10.4,1.09,0.044,0.145,0.079,0.092,14.900000000000006,-0.7058676114126262,-0.7703641462140262,-0.3733923771260886,-0.7212888938866215
1626204,Larry Nance Jr.,CLE,2020-21,Rebounder,Average,35,1091.4733333333334,327,235,107,61,17,55,0.471,0.36,0.612,0.557,0.546,0.139,0.104,101.7,107.4,-5.6,1.95,0.049,0.169,0.145,0.108,18.0,-0.4783764480199825,-0.09786433767775118,0.19926171487826969,-0.04277957593514866
1629677,Luka Samanic,SAS,2020-21,Rebounder,Average,33,308.1766666666667,122,68,15,8,8,20,0.448,0.279,0.552,0.518,0.505,0.187,0.065,102.6,104.6,-2.0,0.75,0.049,0.158,0.073,0.104,20.80000000000001,-0.4978127518318604,-0.8408669794469122,-0.29481112581255287,-0.5184758975547261
202693,Markieff Morris,LAL,2020-21,Rebounder,Average,61,1200.1233333333332,407,266,73,22,19,54,0.405,0.311,0.72,0.509,0.491,0.16,0.076,107.1,106.3,0.8,1.35,0.04,0.176,0.088,0.109,19.10000000000001,-0.5413961478559749,-0.5431800827275343,0.2942561052765736,-0.3620076599687158
1628963,Marvin Bagley III,SAC,2020-21,Rebounder,Very Good,43,1111.8283333333334,608,318,43,21,21,59,0.504,0.343,0.575,0.554,0.542,0.229,0.099,112.8,116.5,-3.7,0.73,0.092,0.188,0.057,0.14,8.900000000000006,0.3659571789721206,-0.8277180757801164,0.8271610750722573,-0.9514317804058091
203486,Mason Plumlee,DET,2020-21,Rebounder,Elite,56,1498.605,581,519,202,43,50,105,0.614,0.0,0.669,0.638,0.614,0.163,0.129,109.1,114.0,-4.9,1.92,0.095,0.264,0.205,0.176,11.400000000000006,0.34360738258597895,0.588765538039418,1.8191177253574682,-0.28318865205008675
1629662,Mfiondu Kabengele,CLE,2020-21,Rebounder,Average,39,280.0183333333333,95,60,17,8,13,15,0.371,0.26,0.8,0.486,0.444,0.168,0.065,93.1,107.3,-14.2,1.13,0.039,0.151,0.099,0.096,18.10000000000001,-0.8393340906927333,-0.6874486100943877,-0.4179553889193174,-0.6265262001730205
1628970,Miles Bridges,CHA,2020-21,Rebounder,Average,66,1931.9216666666664,840,397,147,44,52,106,0.503,0.4,0.867,0.625,0.596,0.17,0.103,110.4,110.1,0.3,1.39,0.041,0.158,0.113,0.1,15.300000000000011,0.5073003597147182,-0.13044159150157172,0.5271918109946023,-0.02344912841256952
1628964,Mo Bamba,ORL,2020-21,Rebounder,Very Good,46,724.5766666666667,367,265,35,14,58,36,0.472,0.322,0.682,0.556,0.535,0.21,0.123,102.4,115.2,-12.9,0.97,0.091,0.24,0.082,0.163,10.200000000000003,0.06450619961370802,-0.7167142729858917,0.9795440591456444,-0.573234075295956
1626149,Montrezl Harrell,LAL,2020-21,Rebounder,Very Good,69,1580.3283333333334,931,428,73,46,49,74,0.622,0.0,0.707,0.65,0.622,0.211,0.152,107.3,105.9,1.4,0.99,0.1,0.167,0.078,0.134,19.5,1.0160030822021955,-0.5993566160767065,1.042594793447356,0.2136908406627469
1629650,Moses Brown,BOS,2020-21,Rebounder,Elite,43,920.195,370,383,10,31,47,43,0.545,0.0,0.619,0.572,0.545,0.157,0.114,98.1,116.4,-18.3,0.23,0.143,0.238,0.017,0.188,9.0,-0.22983532375991944,-1.1738540228139684,1.6111340896351543,-0.5788886194378541
1629642,Nassir Little,POR,2020-21,Rebounder,Average,48,640.37,220,128,23,5,13,18,0.467,0.35,0.8,0.589,0.551,0.135,0.072,116.2,118.4,-2.2,1.28,0.046,0.144,0.049,0.094,7.0,-0.40186015348748966,-0.9462531289062196,-0.2630049538394391,-1.3097871820374354
1630233,Nathan Knight,ATL,2020-21,Rebounder,Average,33,278.77666666666664,124,72,8,9,10,15,0.37,0.182,0.8,0.499,0.4,0.207,0.089,102.6,106.9,-4.3,0.53,0.093,0.155,0.045,0.124,18.5,-0.458594000530595,-1.0239191120809625,-0.02940452538428573,-0.6230153592241258
202357,Nemanja Bjelica,MIA,2020-21,Rebounder,Average,37,595.145,242,127,69,15,5,33,0.454,0.318,0.725,0.554,0.523,0.179,0.084,109.8,116.5,-6.7,2.09,0.049,0.172,0.16,0.109,8.900000000000006,-0.26400743324917425,-0.15342780790284682,-0.07456351785289994,-1.175479382084841
1629651,Nic Claxton,BKN,2020-21,Rebounder,Average,32,594.2366666666667,212,166,28,23,40,18,0.621,0.2,0.484,0.612,0.624,0.136,0.109,114.3,102.1,12.3,1.56,0.074,0.187,0.068,0.134,23.30000000000001,-0.2688055302175862,-0.8211192589311009,0.3474096045270534,0.10759008224203008
1629740,Nicolo Melli,DAL,2020-21,Rebounder,Average,45,566.1483333333333,134,122,44,14,3,12,0.326,0.271,0.76,0.441,0.408,0.123,0.064,106.3,105.2,1.1,3.67,0.046,0.166,0.108,0.102,20.200000000000003,-1.397920104367281,-0.5375380643769995,-0.17700799090398847,-0.5421478449699192
202696,Nikola Vučević,CHI,2020-21,Rebounder,Elite,70,2348.153333333333,1639,817,269,65,48,126,0.477,0.4,0.84,0.56,0.54,0.292,0.168,106.6,113.6,-7.0,2.13,0.059,0.289,0.207,0.17,11.800000000000011,1.6049573148297114,0.8465401633059164,2.5333866174616397,-0.051971725393567945
1630167,Obi Toppin,NYK,2020-21,Rebounder,Average,62,683.08,253,138,29,17,15,23,0.498,0.306,0.731,0.574,0.56,0.157,0.093,109.1,106.5,2.7,1.26,0.037,0.155,0.065,0.097,18.900000000000006,-0.30277467636436545,-0.8342925276135142,-0.19825220508874541,-0.4660352656824662
1630168,Onyeka Okongwu,ATL,2020-21,Rebounder,Average,50,601.2083333333334,228,163,18,23,33,29,0.644,0.0,0.632,0.655,0.644,0.141,0.087,106.2,112.6,-6.3,0.62,0.1,0.172,0.047,0.135,12.800000000000011,0.0251893197221027,-0.9758868921877453,0.35218912308073785,-0.5801562537992545
203490,Otto Porter Jr.,ORL,2020-21,Rebounder,Average,28,606.79,271,152,55,16,4,25,0.432,0.375,0.857,0.552,0.518,0.184,0.116,106.6,109.6,-3.0,2.2,0.044,0.198,0.133,0.121,15.800000000000011,-0.21792677631315885,-0.35662012645834773,0.14464679839489553,-0.7698282253080336
1629023,P.J. Washington,CHA,2020-21,Rebounder,Very Good,64,1953.6683333333333,824,418,161,69,79,128,0.44,0.386,0.745,0.549,0.522,0.191,0.089,110.4,109.8,0.6,1.26,0.045,0.163,0.12,0.103,15.600000000000009,0.21495934876287137,-0.039602339644415424,0.6211317241656139,0.5263828756430377
1630172,Patrick Williams,CHI,2020-21,Rebounder,Average,71,1983.3566666666663,655,327,99,64,46,98,0.483,0.391,0.728,0.562,0.534,0.146,0.071,106.3,113.5,-7.1,1.01,0.033,0.131,0.068,0.082,11.900000000000006,-0.16200854295719327,-0.5598611750450839,0.1121415326537876,-0.07669254883307497
200794,Paul Millsap,DEN,2020-21,Rebounder,Average,56,1162.245,502,262,98,51,36,51,0.476,0.343,0.724,0.565,0.537,0.184,0.098,116.2,111.5,4.7,1.92,0.067,0.167,0.113,0.117,13.900000000000006,0.022986597544380594,-0.31074646629614683,0.38555982537935496,-0.19505555696285026
1630194,Paul Reed,PHI,2020-21,Rebounder,Average,26,177.28166666666667,88,61,12,10,13,12,0.538,0.0,0.5,0.54,0.538,0.208,0.132,107.5,96.3,11.2,1.0,0.147,0.172,0.107,0.159,29.10000000000001,-0.2428158957021174,-0.6609058400267412,0.3872962108592066,0.040497951248131527
1630173,Precious Achiuwa,MIA,2020-21,Rebounder,Average,61,737.0833333333334,304,208,29,20,28,43,0.544,0.0,0.509,0.55,0.544,0.184,0.086,102.0,109.2,-7.2,0.67,0.097,0.174,0.064,0.136,16.200000000000003,-0.20556393397201178,-0.8399101809484315,0.4843308136503556,-0.4620617674612448
1629617,Reggie Perry,BKN,2020-21,Rebounder,Average,26,210.67,78,73,14,6,6,15,0.41,0.19,0.769,0.466,0.436,0.19,0.064,106.1,113.4,-7.3,0.93,0.117,0.204,0.097,0.16,12.0,-0.8048937411677782,-0.709722990731237,0.4318764081678702,-1.0764746918731183
1626158,Richaun Holmes,SAC,2020-21,Rebounder,Very Good,61,1781.4033333333334,869,504,101,39,96,75,0.637,0.182,0.794,0.669,0.638,0.173,0.122,114.9,114.6,0.3,1.35,0.081,0.196,0.082,0.14,10.800000000000011,0.8017467178404818,-0.4738546457115661,1.320689491633999,0.10551643530830024
1629057,Robert Williams III,BOS,2020-21,Rebounder,Very Good,52,985.25,417,358,94,43,91,52,0.721,0.0,0.616,0.719,0.721,0.145,0.152,112.4,112.0,0.4,1.81,0.136,0.232,0.137,0.184,13.400000000000006,0.5566907130366441,-0.19064155154748638,1.4938410078248012,0.24913672217489183
203497,Rudy Gobert,UTA,2020-21,Rebounder,Elite,71,2186.661666666667,1015,960,89,40,190,118,0.675,0.0,0.623,0.683,0.675,0.166,0.165,116.8,100.9,15.9,0.75,0.11,0.288,0.059,0.205,24.5,0.9358365942552229,-0.6472169682827217,3.3587076555895843,1.871858462713614
1629635,Sekou Doumbouya,DET,2020-21,Rebounder,Average,56,869.085,285,143,47,24,9,44,0.379,0.226,0.703,0.459,0.426,0.176,0.045,104.5,111.5,-6.9,1.07,0.045,0.117,0.08,0.082,13.900000000000006,-0.7981254146234078,-0.683793283787667,-0.3760801267406234,-0.7479838843802306
201586,Serge Ibaka,LAC,2020-21,Rebounder,Very Good,41,954.6816666666666,454,275,74,9,47,44,0.51,0.339,0.811,0.585,0.563,0.2,0.115,117.5,110.1,7.4,1.68,0.08,0.217,0.11,0.15,15.300000000000011,0.2198498859033995,-0.41591201803701694,0.8404623390214532,-0.4366841512688499
1628425,Sterling Brown,HOU,2020-21,Rebounder,Average,51,1228.7133333333334,416,224,72,38,12,41,0.448,0.423,0.806,0.597,0.584,0.133,0.082,105.5,110.8,-5.4,1.76,0.029,0.147,0.088,0.086,14.600000000000009,-0.22941563738120663,-0.5468597740498725,-0.11019784424501491,-0.5314441386999941
1629611,Terance Mann,LAC,2020-21,Rebounder,Average,67,1263.3266666666666,472,242,104,29,13,40,0.509,0.418,0.83,0.603,0.563,0.144,0.091,112.4,109.7,2.7,2.6,0.044,0.14,0.114,0.093,15.700000000000003,-0.0742007772825047,-0.2830506650272,0.02674055039372222,-0.5499487985872764
203648,Thanasis Antetokounmpo,MIL,2020-21,Rebounder,Average,57,551.04,166,124,46,22,10,43,0.489,0.241,0.51,0.523,0.515,0.147,0.055,107.1,104.6,2.5,1.07,0.093,0.113,0.113,0.103,20.80000000000001,-0.7303138003974635,-0.5020904150577368,-0.15896157943197758,-0.353181888412214
1628396,Tony Bradley,OKC,2020-21,Rebounder,Very Good,42,683.9466666666667,300,239,37,15,30,33,0.665,0.0,0.691,0.678,0.665,0.154,0.132,108.7,110.5,-1.8,1.12,0.121,0.224,0.077,0.172,14.900000000000006,0.30378164230054255,-0.7374431570158014,1.0252131047124695,-0.5700147317110126
1628470,Torrey Craig,PHX,2020-21,Rebounder,Average,50,803.465,274,197,49,28,27,25,0.48,0.368,0.773,0.579,0.566,0.141,0.086,111.0,114.7,-3.7,1.96,0.07,0.185,0.084,0.125,10.700000000000003,-0.37617058081508326,-0.6539632878033216,0.31500745187855417,-0.7124390407300858
2772,Trevor Ariza,MIA,2020-21,Rebounder,Average,30,840.9683333333334,282,144,55,31,18,21,0.411,0.35,0.773,0.542,0.515,0.149,0.077,113.8,111.0,2.8,2.62,0.033,0.15,0.089,0.09,14.400000000000006,-0.5233863723419828,-0.6037968731947059,-0.27150951371951587,-0.5550198302596431
1626168,Trey Lyles,SAS,2020-21,Rebounder,Average,23,357.8283333333333,115,86,14,6,1,6,0.478,0.35,0.652,0.574,0.556,0.128,0.098,98.4,112.9,-14.5,2.33,0.022,0.213,0.06,0.111,12.5,-0.6145872088055992,-0.9175761641231746,-0.15787273117381573,-1.0976846743637296
202684,Tristan Thompson,BOS,2020-21,Rebounder,Very Good,54,1286.6733333333334,409,439,67,24,33,62,0.518,0.0,0.592,0.54,0.518,0.144,0.093,111.9,110.9,1.0,1.08,0.124,0.212,0.073,0.167,14.5,-0.4798379407421694,-0.6495230306853224,1.492190549922124,-0.46991194327678887
1628972,Troy Brown Jr.,CHI,2020-21,Rebounder,Average,34,523.3866666666667,161,105,29,10,6,21,0.431,0.314,0.714,0.525,0.507,0.141,0.067,110.5,107.5,3.1,1.38,0.039,0.158,0.076,0.099,17.900000000000006,-0.7664073650368747,-0.7724983409294248,-0.26033438974033896,-0.6883766573278051
1628427,Vlatko Čančar,DEN,2020-21,Rebounder,Average,41,281.145,85,50,14,11,2,14,0.458,0.273,0.769,0.547,0.521,0.132,0.069,96.5,113.9,-17.5,1.0,0.035,0.136,0.073,0.083,11.5,-0.7613132259689336,-0.8445466707692506,-0.6101046807168139,-1.0945150707186
1628976,Wendell Carter Jr.,ORL,2020-21,Rebounder,Very Good,54,1375.3166666666666,606,443,104,35,42,78,0.503,0.294,0.732,0.566,0.52,0.188,0.115,104.5,113.5,-9.0,1.33,0.091,0.219,0.116,0.154,11.900000000000006,0.13298555090172648,-0.27181535835736553,1.3371885582959409,-0.4176419300564112
1629117,Wenyen Gabriel,NOP,2020-21,Rebounder,Average,21,240.84166666666667,72,54,11,9,8,15,0.4,0.406,0.647,0.533,0.508,0.135,0.055,106.4,105.6,0.8,0.73,0.069,0.135,0.063,0.1,19.80000000000001,-0.828772222724138,-0.9117622780854375,-0.38291704320258774,-0.5668692096659168
1626161,Willie Cauley-Stein,DAL,2020-21,Rebounder,Average,53,905.91,280,236,35,21,43,29,0.632,0.091,0.628,0.647,0.635,0.12,0.084,114.4,105.0,9.4,1.21,0.073,0.175,0.053,0.126,20.400000000000006,-0.1367813488008908,-0.8796262196984915,0.43122887094618034,-0.053168809268934004
1626195,Willy Hernangomez,NOP,2020-21,Rebounder,Very Good,47,846.1666666666666,365,334,50,22,23,34,0.563,0.1,0.667,0.591,0.565,0.166,0.125,113.6,113.6,0.0,1.47,0.134,0.247,0.082,0.191,11.800000000000011,-0.05892354199048855,-0.6615189031508177,1.5193375019495967,-0.7504469318177943
1630214,Xavier Tillman,MEM,2020-21,Rebounder,Average,59,1084.675,390,256,75,44,33,45,0.559,0.338,0.642,0.605,0.595,0.142,0.095,109.5,106.6,2.9,1.67,0.065,0.163,0.096,0.113,18.80000000000001,-0.13654088140591977,-0.4908794734035199,0.318680936658642,-0.010039581797688477
1629139,Yuta Watanabe,TOR,2020-21,Rebounder,Average,50,722.8233333333334,218,159,40,26,19,19,0.439,0.4,0.828,0.565,0.539,0.121,0.089,105.0,107.8,-2.7,2.11,0.046,0.171,0.079,0.106,17.60000000000001,-0.6430100691134265,-0.7151687763789522,-0.027874366089651992,-0.40869422078972195
1629678,Admiral Schofield,ORL,2021-22,Rebounder,Average,38,468.8233333333333,146,89,25,4,5,21,0.419,0.329,0.8,0.538,0.519,0.143,0.055,100.3,113.8,-13.5,1.19,0.033,0.146,0.084,0.088,11.600000000000009,-0.688255664250319,-0.74227587953944,-0.44292464443046675,-1.1308167517726153
201143,Al Horford,BOS,2021-22,Rebounder,Very Good,69,2004.7916666666667,701,530,232,49,92,65,0.467,0.336,0.842,0.574,0.546,0.147,0.123,112.8,103.4,9.3,3.57,0.054,0.201,0.159,0.13,22.0,-0.05290477560348872,0.44074422430337357,1.262280791762493,0.8267125692335576
1630197,Aleksej Pokusevski,OKC,2021-22,Rebounder,Very Good,61,1232.705,464,318,131,39,38,94,0.408,0.289,0.7,0.485,0.47,0.195,0.095,103.6,106.1,-2.5,1.39,0.054,0.189,0.161,0.121,19.30000000000001,-0.38129465535867885,0.08033070741704298,0.5851076432833315,0.01811826105086575
203458,Alex Len,SAC,2021-22,Rebounder,Average,39,620.2,235,161,45,13,25,43,0.534,0.286,0.651,0.577,0.551,0.165,0.074,106.0,111.4,-5.5,1.05,0.076,0.168,0.104,0.121,14.0,-0.2400388920126416,-0.5563289863943301,0.168527205647883,-0.6942039851475515
1628993,Alize Johnson,NOP,2021-22,Rebounder,Very Good,23,167.22,41,61,9,5,0,12,0.436,0.0,0.583,0.463,0.436,0.14,0.069,105.1,115.7,-10.6,0.75,0.156,0.202,0.08,0.178,9.700000000000003,-1.214752963465542,-0.8236215540365213,0.6293496426481321,-1.282676591443721
1630578,Alperen Sengun,HOU,2021-22,Rebounder,Very Good,72,1489.2933333333333,692,393,185,59,68,145,0.474,0.248,0.711,0.552,0.502,0.214,0.099,106.4,116.6,-10.2,1.28,0.089,0.174,0.193,0.13,8.800000000000011,0.3052913858651943,0.45879894554066075,0.89876792580035,-0.08805464811049675
203083,Andre Drummond,BKN,2021-22,Rebounder,Elite,73,1436.785,580,680,131,78,68,115,0.57,0.0,0.524,0.574,0.57,0.181,0.14,112.2,109.8,2.4,1.14,0.155,0.305,0.13,0.23,15.600000000000009,0.10873259384759877,-0.0938165459653911,2.9342530097803143,0.5083430380540473
1628389,Bam Adebayo,MIA,2021-22,Rebounder,Elite,56,1825.2616666666668,1068,564,190,80,44,148,0.557,0.0,0.753,0.608,0.557,0.248,0.161,113.1,104.9,8.1,1.28,0.08,0.234,0.172,0.159,20.5,1.145521801718303,0.3592266821190902,1.721945638442841,0.5741445355994926
202687,Bismack Biyombo,PHX,2021-22,Rebounder,Very Good,36,505.89666666666665,210,167,23,12,26,25,0.593,0.0,0.535,0.596,0.593,0.167,0.102,111.8,106.2,5.6,0.92,0.117,0.207,0.064,0.161,19.200000000000003,-0.13479346332769845,-0.8619883288824611,0.6940336493370866,-0.3889235738253775
201933,Blake Griffin,BKN,2021-22,Rebounder,Average,56,958.085,359,228,105,27,14,31,0.425,0.262,0.724,0.518,0.486,0.167,0.091,107.8,112.5,-4.7,3.39,0.061,0.169,0.157,0.116,12.900000000000006,-0.4733100963043209,-0.03781188030342089,0.2826052992300552,-0.7250671505994348
1626171,Bobby Portis,MIL,2021-22,Rebounder,Elite,72,2028.34,1052,657,86,53,51,90,0.479,0.393,0.752,0.571,0.555,0.207,0.117,114.7,108.5,6.3,0.96,0.085,0.218,0.061,0.153,16.900000000000006,0.6222948146778777,-0.647020735579902,1.89227192089563,0.15369315410836917
1629634,Brandon Clarke,MEM,2021-22,Rebounder,Very Good,64,1246.0266666666666,666,342,86,39,68,34,0.644,0.227,0.654,0.66,0.65,0.171,0.141,113.2,105.7,7.5,2.53,0.099,0.148,0.101,0.123,19.700000000000003,0.5892546947523294,-0.4223146021832128,0.6742680379006588,0.345144051162842
1628971,Bruce Brown,BKN,2021-22,Rebounder,Average,72,1773.9616666666666,647,345,148,77,52,56,0.506,0.404,0.758,0.575,0.543,0.146,0.093,111.7,112.0,-0.3,2.64,0.056,0.13,0.114,0.094,13.400000000000006,-0.09344976377737342,-0.12114424684431623,0.31277819881592606,0.20684196595766924
1629604,CJ Elleby,POR,2021-22,Rebounder,Average,58,1174.4016666666666,339,227,87,35,19,56,0.393,0.294,0.714,0.491,0.453,0.143,0.06,102.6,116.9,-14.3,1.55,0.052,0.141,0.109,0.094,8.5,-0.8177981219520722,-0.3736936841815367,-0.0003204740565766334,-0.8501094972953883
1629646,Charles Bassey,PHI,2021-22,Rebounder,Very Good,23,167.86,69,62,7,5,17,8,0.638,0.0,0.75,0.66,0.638,0.152,0.128,98.6,107.4,-8.8,0.88,0.124,0.233,0.07,0.177,18.0,0.0196396233014533,-0.8871574700303699,0.619263366927117,-0.6230159004806171
1629002,Chimezie Metu,SAC,2021-22,Rebounder,Very Good,60,1278.7416666666666,534,335,60,51,32,61,0.452,0.306,0.78,0.546,0.516,0.184,0.104,106.1,111.8,-5.7,0.98,0.027,0.227,0.071,0.129,13.600000000000009,-0.06256982448994351,-0.6865161766115246,0.7321323136430837,-0.253151815489991
1628449,Chris Boucher,TOR,2021-22,Rebounder,Very Good,80,1690.111666666667,754,494,25,49,75,42,0.464,0.297,0.777,0.57,0.523,0.172,0.111,111.0,105.7,5.3,0.6,0.095,0.183,0.022,0.137,19.700000000000003,0.14545802457508863,-1.0905703863043081,1.2559367428833053,0.519579928567469
1626174,Christian Wood,HOU,2021-22,Rebounder,Elite,68,2093.6266666666666,1218,686,155,54,65,126,0.501,0.39,0.623,0.595,0.576,0.233,0.142,106.6,115.7,-9.1,1.23,0.051,0.265,0.124,0.158,9.700000000000003,1.0695589398756498,-0.039209874238776095,2.0329181713453246,-0.1173346472667222
203991,Clint Capela,ATL,2021-22,Rebounder,Elite,74,2041.53,820,877,92,55,93,44,0.613,0.0,0.473,0.604,0.613,0.149,0.133,116.6,113.3,3.3,2.09,0.133,0.284,0.062,0.208,12.100000000000009,0.21907899747542883,-0.6193249343109551,3.1766961960594076,0.31732692787642697
203469,Cody Zeller,POR,2021-22,Rebounder,Very Good,27,354.535,140,125,22,8,6,19,0.567,0.0,0.776,0.627,0.567,0.153,0.103,108.8,110.9,-2.1,1.16,0.128,0.212,0.087,0.168,14.5,-0.11051701516804391,-0.7364619935017032,0.6717693289559071,-0.9088652783727379
1627814,Damion Lee,GSW,2021-22,Rebounder,Average,63,1256.5233333333333,467,203,63,39,6,38,0.441,0.337,0.88,0.561,0.523,0.156,0.081,109.3,106.5,2.8,1.66,0.022,0.136,0.072,0.081,18.900000000000006,-0.23009725767710018,-0.6698594493095926,-0.2296170660253871,-0.32914245706725637
1629655,Daniel Gafford,WAS,2021-22,Rebounder,Very Good,72,1444.0083333333334,677,407,68,30,99,65,0.693,0.0,0.699,0.708,0.693,0.16,0.122,108.6,115.5,-6.9,1.05,0.107,0.169,0.071,0.139,9.900000000000006,0.7911037680169457,-0.6570786460328186,1.0505721147137868,-0.010262646671842068
1628464,Daniel Theis,BOS,2021-22,Rebounder,Average,47,977.42,384,228,41,20,31,46,0.519,0.308,0.681,0.595,0.576,0.162,0.09,104.4,108.4,-3.9,0.89,0.061,0.159,0.068,0.113,17.0,-0.051633495735131575,-0.7732832717407034,0.24438633631601425,-0.38470563541242525
1629647,Darius Bazley,OKC,2021-22,Rebounder,Very Good,69,1923.9133333333332,745,436,97,58,70,90,0.422,0.297,0.688,0.515,0.484,0.18,0.093,101.8,113.1,-11.3,1.08,0.034,0.176,0.078,0.104,12.300000000000011,-0.11693295043715228,-0.5110440243405882,0.6816321929762692,0.1274602796305954
1630561,David Duke Jr.,BKN,2021-22,Rebounder,Average,22,341.0733333333333,104,67,17,14,7,9,0.361,0.243,0.81,0.444,0.403,0.15,0.053,110.7,110.6,0.1,1.89,0.077,0.105,0.066,0.09,14.800000000000011,-1.2047489479735987,-0.8728311701466562,-0.4758196646617422,-0.8189532342249425
1628021,David Nwaba,HOU,2021-22,Rebounder,Average,46,608.905,233,151,35,28,20,21,0.483,0.306,0.716,0.567,0.526,0.15,0.099,106.9,115.9,-9.0,1.67,0.061,0.179,0.085,0.117,9.5,-0.4084637828668744,-0.6998613129811402,0.09103480259250918,-0.8537668988109969
1630549,Day'Ron Sharpe,BKN,2021-22,Rebounder,Very Good,32,390.67,198,160,17,10,15,30,0.577,0.286,0.585,0.593,0.584,0.205,0.111,115.6,108.8,6.9,0.57,0.197,0.198,0.062,0.198,16.60000000000001,0.11757845932896653,-0.8953017834863253,1.1468272085246005,-0.6737005588645055
201599,DeAndre Jordan,PHI,2021-22,Rebounder,Very Good,48,622.41,206,264,21,12,35,37,0.643,0.0,0.55,0.641,0.643,0.132,0.12,100.7,111.5,-10.8,0.57,0.127,0.262,0.051,0.196,13.900000000000006,-0.13660580219051602,-0.9423772048810617,1.3972992726164288,-0.6092661755600882
202326,DeMarcus Cousins,DEN,2021-22,Rebounder,Very Good,48,717.225,430,270,71,35,21,85,0.46,0.303,0.76,0.567,0.517,0.267,0.117,113.8,111.7,2.2,0.84,0.103,0.281,0.153,0.19,13.700000000000003,0.5900989582067906,-0.18539199860259098,1.3367816182903387,-0.5243502590318297
1629028,Deandre Ayton,PHX,2021-22,Rebounder,Elite,58,1712.645,997,593,84,40,40,91,0.634,0.368,0.746,0.656,0.639,0.217,0.148,117.2,107.7,9.6,0.92,0.093,0.241,0.071,0.172,17.700000000000003,1.1418270212962647,-0.5982035848754063,1.9645091233299778,-0.04529292808388188
1630166,Deni Avdija,WAS,2021-22,Rebounder,Very Good,82,1984.0516666666667,685,425,167,59,44,87,0.432,0.317,0.757,0.536,0.503,0.158,0.086,109.2,110.1,-1.0,1.92,0.027,0.182,0.117,0.106,15.300000000000011,-0.20118423150089004,-0.034377151715137444,0.6779243371653118,0.05103160363752931
1627756,Denzel Valentine,UTA,2021-22,Rebounder,Average,24,221.99666666666667,69,42,11,8,0,12,0.379,0.404,0.0,0.523,0.523,0.15,0.061,101.9,107.0,-5.1,0.92,0.04,0.15,0.074,0.094,18.400000000000006,-0.7783038005799243,-0.8499680914013481,-0.4911955120346529,-0.7404268296981128
202324,Derrick Favors,OKC,2021-22,Rebounder,Average,39,652.46,206,184,25,17,12,9,0.516,0.125,0.64,0.534,0.522,0.131,0.096,95.5,106.5,-11.0,2.78,0.079,0.178,0.061,0.128,18.900000000000006,-0.7557026579303213,-0.8714819062425363,0.31873249320494657,-0.49638765769168386
203473,Dewayne Dedmon,MIA,2021-22,Rebounder,Very Good,67,1065.1816666666666,422,386,47,24,42,70,0.566,0.404,0.75,0.632,0.598,0.164,0.113,109.5,106.0,3.5,0.67,0.1,0.251,0.069,0.178,19.400000000000006,0.20195996729362609,-0.7455874704717564,1.491697682339347,-0.09095685950657328
1627734,Domantas Sabonis,SAC,2021-22,Rebounder,Elite,62,2135.8366666666666,1171,752,323,59,27,195,0.573,0.312,0.741,0.637,0.598,0.221,0.161,109.5,110.1,-0.6,1.66,0.092,0.264,0.239,0.176,15.300000000000011,1.187955675821537,1.2250084014295342,2.437354935351478,-0.12096528441470357
1629234,Drew Eubanks,POR,2021-22,Rebounder,Very Good,71,1244.6083333333331,546,382,85,31,40,81,0.596,0.217,0.762,0.638,0.602,0.171,0.119,103.1,115.9,-12.8,1.05,0.097,0.197,0.107,0.146,9.5,0.3769310264909784,-0.3922883734960477,1.0734152302549165,-0.6203335299346106
2730,Dwight Howard,LAL,2021-22,Rebounder,Very Good,60,970.7233333333334,372,356,35,34,36,47,0.612,0.533,0.658,0.657,0.63,0.145,0.112,109.3,115.0,-5.7,0.74,0.12,0.246,0.049,0.182,10.400000000000006,0.16975176655026067,-0.9020968330381605,1.4630549420481098,-0.5768400895874121
203939,Dwight Powell,DAL,2021-22,Rebounder,Very Good,82,1798.1966666666667,717,404,97,37,39,64,0.671,0.351,0.783,0.725,0.687,0.136,0.102,113.2,110.6,2.5,1.52,0.099,0.134,0.081,0.116,14.800000000000011,0.7414562711848273,-0.4941910643358365,0.7495999299551439,-0.2568830385454471
202683,Enes Freedom,BOS,2021-22,Rebounder,Very Good,35,411.3683333333333,128,160,8,5,14,20,0.526,0.4,0.857,0.585,0.536,0.129,0.105,111.6,103.8,7.8,0.4,0.143,0.219,0.027,0.182,21.60000000000001,-0.5349988924007644,-1.1250368721094728,0.9429927396497156,-0.4418514623116249
1630596,Evan Mobley,CLE,2021-22,Rebounder,Very Good,69,2331.036666666667,1034,570,174,56,115,133,0.508,0.25,0.663,0.549,0.522,0.201,0.116,108.5,106.8,1.7,1.31,0.063,0.174,0.117,0.12,18.60000000000001,0.439605445064503,-0.008619312458769568,1.241019392062301,0.9321778867041011
1629048,Goga Bitadze,IND,2021-22,Rebounder,Average,50,728.9133333333333,349,177,55,21,42,46,0.52,0.288,0.681,0.595,0.565,0.191,0.088,114.0,116.4,-2.4,1.2,0.106,0.139,0.11,0.122,9.0,0.1354202715209747,-0.48582615316144406,0.22372091729120772,-0.733089568836336
203476,Gorgui Dieng,ATL,2021-22,Rebounder,Very Good,44,371.1816666666667,154,121,34,11,13,20,0.473,0.426,0.731,0.624,0.603,0.164,0.118,100.3,109.5,-9.2,1.7,0.083,0.238,0.155,0.16,15.900000000000006,-0.03704823602416144,-0.3103052708592724,0.5592385801838036,-0.7247023964669905
1630535,Greg Brown III,POR,2021-22,Rebounder,Average,48,639.8266666666667,225,135,35,26,24,36,0.426,0.311,0.677,0.515,0.476,0.168,0.064,99.1,116.8,-17.6,0.97,0.057,0.15,0.087,0.103,8.600000000000009,-0.5797761796963018,-0.6886260063113057,-0.12977441501165954,-0.8868989762198823
1628977,Hamidou Diallo,DET,2021-22,Rebounder,Average,58,1268.8216666666667,636,277,73,71,17,58,0.496,0.247,0.65,0.541,0.518,0.213,0.107,103.1,110.7,-7.6,1.26,0.049,0.162,0.098,0.103,14.700000000000003,0.19469366539700408,-0.487003549378362,0.24700534386880982,-0.1330563742153876
202355,Hassan Whiteside,UTA,2021-22,Rebounder,Elite,65,1162.2483333333332,534,494,26,22,103,53,0.652,0.0,0.623,0.662,0.652,0.164,0.132,119.2,109.0,10.1,0.49,0.142,0.275,0.031,0.209,16.400000000000006,0.4542547337219253,-1.036331814967715,2.173191852820286,0.3292216936557192
1628392,Isaiah Hartenstein,LAC,2021-22,Rebounder,Very Good,68,1215.7983333333334,563,332,160,50,77,84,0.626,0.467,0.689,0.664,0.645,0.177,0.132,112.1,105.0,7.0,1.9,0.097,0.158,0.193,0.13,20.400000000000006,0.5817693919829457,0.36680666248220406,0.7369118321967681,0.5913044920465779
1630191,Isaiah Stewart,DET,2021-22,Rebounder,Elite,71,1815.6433333333332,589,617,82,22,78,85,0.51,0.326,0.718,0.55,0.526,0.144,0.096,102.6,112.1,-9.5,0.96,0.111,0.217,0.07,0.161,13.300000000000011,-0.2928557710093557,-0.6111806208549999,1.8880540119864613,-0.10585439907455152
1627826,Ivica Zubac,LAC,2021-22,Rebounder,Elite,76,1851.6616666666664,785,644,120,36,77,114,0.626,0.0,0.727,0.66,0.626,0.168,0.123,108.7,112.2,-3.5,1.05,0.115,0.223,0.097,0.17,13.200000000000003,0.653109971432321,-0.3196757105633806,2.0743521224875465,0.023211750553792248
203210,JaMychal Green,DEN,2021-22,Rebounder,Very Good,67,1085.42,432,281,59,43,26,57,0.486,0.266,0.871,0.587,0.537,0.168,0.093,106.8,110.3,-3.5,1.04,0.073,0.187,0.084,0.129,15.100000000000009,-0.018835744247811575,-0.617166374579939,0.5888498701251588,-0.3086154904406677
201580,JaVale McGee,PHX,2021-22,Rebounder,Elite,74,1171.7483333333332,680,496,42,22,81,98,0.629,0.222,0.699,0.651,0.631,0.214,0.152,110.4,104.6,5.8,0.43,0.134,0.266,0.055,0.201,20.80000000000001,0.8626736827395942,-0.8426330737722891,2.076581375550175,0.36515805580593524
1630256,Jae'Sean Tate,HOU,2021-22,Rebounder,Very Good,78,2056.445,919,420,222,72,41,139,0.498,0.312,0.707,0.567,0.541,0.194,0.09,105.3,114.2,-8.9,1.6,0.063,0.135,0.171,0.098,11.200000000000003,0.40834559511429064,0.4713591510989976,0.5627402098095431,-0.08551723787659404
1627774,Jake Layman,MIN,2021-22,Rebounder,Average,34,230.565,81,36,9,7,5,10,0.411,0.229,0.722,0.5,0.466,0.16,0.064,105.3,108.7,-3.4,0.9,0.025,0.123,0.055,0.074,16.700000000000003,-0.8279485254152815,-0.964062887409452,-0.7619088696302505,-0.8000838202052166
1627751,Jakob Poeltl,SAS,2021-22,Rebounder,Elite,68,1969.65,915,634,189,45,118,109,0.618,1.0,0.495,0.613,0.619,0.182,0.119,115.2,111.8,3.4,1.73,0.125,0.184,0.131,0.154,13.600000000000009,0.5806218799338311,0.12522320406514564,1.843983867776009,0.5547819111443745
1630188,Jalen Smith,IND,2021-22,Rebounder,Very Good,51,924.1816666666666,470,307,24,15,41,42,0.503,0.328,0.765,0.595,0.56,0.193,0.119,112.0,109.3,2.7,0.57,0.101,0.216,0.038,0.157,16.10000000000001,0.2373202563860702,-1.0043676242679709,1.0145480338315043,-0.3882170176178115
1628386,Jarrett Allen,CLE,2021-22,Rebounder,Elite,56,1809.56,904,602,92,44,75,94,0.677,0.1,0.708,0.698,0.678,0.177,0.16,110.0,106.7,3.3,0.98,0.109,0.213,0.079,0.163,18.700000000000003,1.0220774085822024,-0.5238248276173623,1.8737326418408426,0.4090184388264068
1630526,Jeremiah Robinson-Earl,OKC,2021-22,Rebounder,Average,49,1087.1083333333331,366,274,49,29,15,39,0.414,0.352,0.741,0.526,0.503,0.152,0.084,101.1,110.9,-9.8,1.26,0.061,0.172,0.069,0.115,14.5,-0.53232899512686,-0.7382280878270799,0.3919210597739777,-0.6002194806405347
1628381,John Collins,ATL,2021-22,Rebounder,Very Good,54,1662.6033333333332,876,422,98,33,56,60,0.526,0.364,0.793,0.61,0.576,0.202,0.119,113.5,112.7,0.8,1.63,0.056,0.19,0.088,0.124,12.700000000000003,0.6817541042763445,-0.45118779966907757,0.8992779788985613,-0.2497164198504179
202685,Jonas Valančiūnas,NOP,2021-22,Rebounder,Elite,74,2240.0583333333334,1314,843,190,41,60,179,0.544,0.361,0.82,0.617,0.574,0.238,0.153,111.4,110.2,1.2,1.06,0.1,0.28,0.137,0.189,15.200000000000003,1.3011774440977502,0.16260881539698732,2.8444278924258626,0.020531027292124082
1629670,Jordan Nwora,MIL,2021-22,Rebounder,Average,62,1185.2716666666668,487,221,59,25,17,57,0.403,0.348,0.837,0.506,0.488,0.187,0.072,109.5,112.5,-3.0,1.04,0.03,0.147,0.071,0.089,12.900000000000006,-0.30320382619008596,-0.6901958679338629,-0.07993901708196983,-0.7154374844668411
1628404,Josh Hart,POR,2021-22,Rebounder,Very Good,54,1790.99,807,388,224,61,13,114,0.504,0.343,0.758,0.61,0.569,0.184,0.117,108.4,113.2,-4.9,1.96,0.033,0.183,0.19,0.107,12.200000000000003,0.500226150830543,0.5854539471071015,0.5924889838743768,-0.4240265472345534
1628367,Josh Jackson,SAC,2021-22,Rebounder,Average,51,829.9383333333334,328,141,54,26,22,47,0.4,0.254,0.714,0.491,0.455,0.196,0.066,103.6,112.2,-8.6,1.15,0.025,0.149,0.105,0.085,13.200000000000003,-0.43774521079090145,-0.5175941111583684,-0.343167920993913,-0.636862398998316
1627823,Juancho Hernangomez,UTA,2021-22,Rebounder,Average,40,444.5516666666667,131,100,20,14,10,16,0.415,0.348,0.559,0.542,0.528,0.133,0.075,113.7,113.3,0.5,1.25,0.063,0.155,0.064,0.11,12.100000000000009,-0.7494075740589943,-0.873027402849476,-0.1334650853071821,-0.947238464849382
203944,Julius Randle,NYK,2021-22,Rebounder,Elite,72,2543.863333333333,1447,716,370,53,39,245,0.411,0.308,0.756,0.509,0.459,0.279,0.128,108.0,111.6,-3.6,1.51,0.045,0.225,0.251,0.132,13.800000000000011,1.0797361067744742,1.4653657335984396,1.7812885169335955,-0.14985590658195871
1626159,Justise Winslow,POR,2021-22,Rebounder,Average,48,774.6633333333333,274,202,84,35,25,49,0.428,0.227,0.591,0.479,0.457,0.178,0.093,108.1,105.9,2.1,1.71,0.06,0.177,0.155,0.12,19.5,-0.6770663646920073,-0.12632070474235899,0.26457607327347904,-0.14310328773242495
203994,Jusuf Nurkić,POR,2021-22,Rebounder,Elite,56,1578.485,842,619,157,62,34,143,0.535,0.268,0.69,0.586,0.548,0.233,0.142,109.9,110.1,-0.1,1.1,0.101,0.283,0.16,0.191,15.300000000000011,0.7469491157310464,0.1703850284629207,2.2755503982942007,-0.019058947578260137
1628966,Keita Bates-Diop,SAS,2021-22,Rebounder,Average,59,956.5483333333332,335,231,41,27,14,45,0.517,0.309,0.754,0.578,0.549,0.144,0.092,107.0,106.2,0.8,0.91,0.061,0.163,0.059,0.112,19.200000000000003,-0.3159365859905801,-0.8238421517549586,0.23960681776232984,-0.3549126977875688
1630556,Kessler Edwards,BKN,2021-22,Rebounder,Average,48,987.195,284,172,31,29,24,42,0.412,0.353,0.842,0.516,0.502,0.132,0.051,112.2,115.5,-3.3,0.74,0.043,0.124,0.04,0.084,9.900000000000006,-0.7950482108392599,-0.9673744783417685,-0.2736528392049698,-0.7794338098405934
1628995,Kevin Knox II,ATL,2021-22,Rebounder,Average,30,222.49,93,44,10,4,2,7,0.365,0.278,0.727,0.491,0.453,0.187,0.067,98.5,113.7,-15.1,1.43,0.055,0.127,0.077,0.09,11.700000000000003,-0.6730995483208432,-0.8367948227189347,-0.5368473720860436,-1.1552936762768828
201567,Kevin Love,CLE,2021-22,Rebounder,Very Good,74,1664.865,1007,536,160,26,18,98,0.43,0.392,0.838,0.594,0.553,0.239,0.152,108.9,107.4,1.5,1.63,0.051,0.258,0.153,0.155,18.0,0.9556018714691525,0.14210052908551485,1.5966924208814919,-0.3953098147729939
1626172,Kevon Looney,GSW,2021-22,Rebounder,Elite,82,1732.3433333333332,491,596,165,50,52,67,0.571,0.0,0.6,0.586,0.571,0.12,0.102,113.2,107.2,6.0,2.46,0.12,0.21,0.127,0.166,18.200000000000003,-0.33338863256797974,0.014439998989358285,1.8960313332528922,0.20910760686085905
203937,Kyle Anderson,MEM,2021-22,Rebounder,Very Good,69,1483.6566666666668,521,368,183,77,45,71,0.446,0.33,0.638,0.506,0.484,0.156,0.105,110.3,108.3,2.0,2.58,0.041,0.196,0.162,0.115,17.10000000000001,-0.505619706506575,0.2772923095135501,0.6413386466385138,0.3534120156193212
1628398,Kyle Kuzma,WAS,2021-22,Rebounder,Very Good,66,2204.27,1130,561,233,42,57,169,0.452,0.341,0.712,0.547,0.52,0.238,0.118,108.2,114.3,-6.1,1.38,0.032,0.213,0.164,0.126,11.100000000000009,0.7682585064836455,0.47251218230029796,1.2935769106373955,-0.2403541694817417
1626204,Larry Nance Jr.,NOP,2021-22,Rebounder,Average,46,1040.0716666666667,321,248,81,43,20,37,0.522,0.329,0.702,0.59,0.569,0.128,0.098,110.7,112.6,-1.9,2.19,0.069,0.173,0.115,0.12,12.800000000000011,-0.3745499496329842,-0.3620659121060629,0.3866314881220818,-0.5044560270729587
1630568,Luka Garza,DET,2021-22,Rebounder,Average,32,388.965,186,100,20,9,6,18,0.449,0.327,0.623,0.535,0.503,0.195,0.075,104.6,110.9,-6.3,1.11,0.13,0.116,0.086,0.124,14.5,-0.295897248244207,-0.7494390294812969,0.04489007495834202,-0.898503915434426
1627737,Marquese Chriss,DAL,2021-22,Rebounder,Average,34,345.67833333333334,154,103,17,13,12,17,0.463,0.32,0.667,0.518,0.493,0.205,0.082,105.4,107.5,-2.1,1.0,0.096,0.197,0.079,0.147,17.900000000000006,-0.3429673088591789,-0.7998016767927323,0.3458622597169846,-0.5965877844944342
1628963,Marvin Bagley III,DET,2021-22,Rebounder,Very Good,48,1146.0616666666667,540,338,36,22,18,39,0.504,0.237,0.663,0.551,0.53,0.191,0.108,109.3,114.9,-5.6,0.92,0.084,0.2,0.049,0.14,10.5,0.021588124563533418,-0.8984171417158221,0.8802286467455629,-0.8774153293975108
1628467,Maxi Kleber,DAL,2021-22,Rebounder,Very Good,59,1449.861666666667,411,350,68,30,58,47,0.398,0.325,0.708,0.537,0.516,0.131,0.081,109.2,105.3,3.9,1.45,0.047,0.182,0.067,0.116,20.10000000000001,-0.5907145183228802,-0.6795492593724874,0.6063174864372189,0.17421901470711068
1628964,Mo Bamba,ORL,2021-22,Rebounder,Very Good,71,1823.7066666666667,756,572,85,38,118,77,0.48,0.381,0.781,0.582,0.566,0.17,0.114,101.8,111.3,-9.6,1.1,0.077,0.214,0.073,0.146,14.100000000000009,0.2008697927407174,-0.5832885868832336,1.5775571611513193,0.5116297081009423
1629650,Moses Brown,CLE,2021-22,Rebounder,Very Good,40,344.325,171,135,1,7,16,20,0.593,0.0,0.597,0.612,0.593,0.199,0.117,102.4,108.5,-6.2,0.05,0.11,0.257,0.005,0.186,16.900000000000006,0.16281773363579066,-1.2743830847340196,0.927616892276805,-0.6770407811615181
1626167,Myles Turner,IND,2021-22,Rebounder,Average,42,1234.7283333333332,540,297,44,28,118,54,0.509,0.333,0.752,0.615,0.587,0.173,0.111,109.7,109.9,-0.3,0.81,0.052,0.188,0.053,0.12,15.5,0.25574176437020674,-0.8465089977974471,0.5166470387216804,0.49027262378712616
1630230,Naji Marshall,NOP,2021-22,Rebounder,Average,55,735.58,313,142,62,33,8,46,0.405,0.2,0.796,0.505,0.444,0.197,0.082,105.7,108.0,-2.2,1.35,0.047,0.142,0.126,0.092,17.400000000000006,-0.36119645586610966,-0.3701858605464005,-0.2513369622774858,-0.45920771926523685
1629642,Nassir Little,POR,2021-22,Rebounder,Average,42,1088.368333333333,410,236,54,25,36,40,0.46,0.331,0.734,0.575,0.541,0.155,0.091,110.2,111.1,-0.9,1.35,0.052,0.158,0.074,0.105,14.300000000000011,-0.19847772201263536,-0.6917413645408026,0.16369613054789406,-0.4409491233391592
1630233,Nathan Knight,MIN,2021-22,Rebounder,Average,37,267.31666666666666,138,85,22,7,8,18,0.511,0.308,0.733,0.603,0.534,0.203,0.121,105.5,101.9,3.6,1.22,0.114,0.174,0.126,0.145,23.5,0.11684392132367816,-0.5173735134399312,0.2726221366016489,-0.37019963785938187
1629675,Naz Reid,MIN,2021-22,Rebounder,Average,77,1215.2866666666666,637,301,71,40,71,82,0.489,0.343,0.765,0.588,0.549,0.209,0.103,105.5,107.9,-2.4,0.87,0.074,0.161,0.091,0.115,17.5,0.4348570875923555,-0.5336865053674591,0.46356228153294016,0.25659752100146566
202357,Nemanja Bjelica,GSW,2021-22,Rebounder,Very Good,71,1142.3666666666666,433,294,159,41,26,87,0.468,0.362,0.728,0.573,0.547,0.175,0.11,109.2,104.0,5.2,1.83,0.055,0.187,0.204,0.124,21.400000000000006,-0.04691672770177935,0.42492115784395523,0.5596455201894058,0.04081623649457439
1629651,Nic Claxton,BKN,2021-22,Rebounder,Very Good,47,974.0916666666668,410,264,43,24,51,38,0.674,0.0,0.581,0.672,0.674,0.15,0.114,109.4,109.8,-0.4,1.13,0.098,0.157,0.066,0.13,15.600000000000009,0.31952087931539547,-0.7771591957658612,0.5564820885075292,-0.22316744866703012
203999,Nikola Jokić,DEN,2021-22,Rebounder,Elite,74,2475.5916666666667,2004,1019,584,109,63,281,0.583,0.337,0.81,0.661,0.62,0.309,0.23,117.3,108.9,8.4,2.08,0.09,0.313,0.388,0.209,16.5,2.5700960264561528,3.022438183462489,3.5662156092445567,0.8318371766709065
202696,Nikola Vučević,CHI,2021-22,Rebounder,Elite,73,2417.543333333333,1288,804,236,70,71,136,0.473,0.314,0.76,0.533,0.518,0.244,0.132,111.3,112.8,-1.6,1.74,0.06,0.274,0.153,0.168,12.600000000000009,0.8460774232431721,0.4217570695832232,2.4734133872646304,0.2795405014082617
1630209,Omer Yurtseven,MIA,2021-22,Rebounder,Elite,56,706.1983333333334,299,294,49,17,20,41,0.526,0.091,0.623,0.546,0.528,0.19,0.127,113.3,108.0,5.3,1.2,0.12,0.293,0.105,0.207,17.400000000000006,-0.18811693105480884,-0.5359925677700599,1.6170368274778701,-0.5035799582413575
1630168,Onyeka Okongwu,ATL,2021-22,Rebounder,Very Good,48,992.0633333333334,392,283,53,31,60,44,0.69,0.0,0.727,0.714,0.69,0.137,0.109,114.6,109.1,5.5,1.2,0.117,0.163,0.078,0.141,16.30000000000001,0.451510452216416,-0.6729504425234719,0.7470324789486527,-0.018452459536541954
1629052,Oshae Brissett,IND,2021-22,Rebounder,Very Good,67,1564.04,613,358,72,44,29,54,0.411,0.35,0.695,0.53,0.493,0.166,0.079,110.8,116.8,-6.0,1.33,0.065,0.165,0.064,0.113,8.600000000000009,-0.22884831528445712,-0.681683454087886,0.5893255521925003,-0.6498071233149049
203490,Otto Porter Jr.,GSW,2021-22,Rebounder,Very Good,63,1395.4983333333332,515,362,94,68,29,37,0.464,0.37,0.803,0.581,0.56,0.145,0.12,110.2,103.3,6.8,2.54,0.06,0.189,0.097,0.125,22.10000000000001,-0.1616566876114491,-0.4153476849441756,0.7528149181833249,0.3920537003728662
1629023,P.J. Washington,CHA,2021-22,Rebounder,Average,65,1768.0733333333333,668,337,147,57,61,82,0.47,0.365,0.716,0.588,0.573,0.154,0.085,115.0,111.5,3.5,1.79,0.044,0.142,0.112,0.092,13.900000000000006,0.054586190936626755,-0.13605924483648896,0.2660718615372432,0.12004922074383446
200794,Paul Millsap,PHI,2021-22,Rebounder,Average,33,375.70166666666665,115,114,29,10,13,19,0.391,0.229,0.708,0.458,0.426,0.158,0.064,106.9,110.4,-3.5,1.53,0.096,0.182,0.121,0.137,15.0,-1.0582069463740835,-0.5197039408581495,0.24765288109049993,-0.7879429669498551
1630194,Paul Reed,PHI,2021-22,Rebounder,Average,38,302.5316666666667,116,92,16,33,14,10,0.563,0.25,0.429,0.568,0.573,0.151,0.105,107.7,113.9,-6.2,1.6,0.137,0.164,0.081,0.15,11.5,-0.4798001896095565,-0.7922460614452361,0.3548940582107074,-0.745155518038867
1630173,Precious Achiuwa,TOR,2021-22,Rebounder,Very Good,73,1724.6533333333334,664,473,82,37,41,84,0.439,0.359,0.595,0.503,0.486,0.18,0.089,108.7,106.7,1.9,0.98,0.075,0.188,0.072,0.128,18.700000000000003,-0.24395644833622696,-0.5999453141851655,1.0855589038842117,-0.0075048778462426064
1626158,Richaun Holmes,SAC,2021-22,Rebounder,Very Good,45,1074.0783333333334,468,317,48,17,41,56,0.66,0.4,0.778,0.689,0.663,0.153,0.116,107.2,113.0,-5.8,0.86,0.082,0.198,0.068,0.14,12.400000000000006,0.4805070789911204,-0.7475254324843355,0.8245076964885921,-0.5848865894243472
200752,Rudy Gay,UTA,2021-22,Rebounder,Average,55,1038.236666666667,446,242,56,25,19,47,0.414,0.345,0.785,0.539,0.507,0.185,0.09,113.6,104.9,8.7,1.19,0.05,0.166,0.078,0.109,20.5,-0.158733201833749,-0.661911368556457,0.23057501926860696,-0.2486670260844769
203497,Rudy Gobert,UTA,2021-22,Rebounder,Elite,66,2120.4166666666665,1027,968,72,45,137,119,0.713,0.0,0.69,0.732,0.713,0.166,0.177,114.1,104.5,9.6,0.61,0.114,0.312,0.052,0.217,20.900000000000006,1.2246496553618422,-0.7490952941068928,3.53281053591507,1.175922855064121
1630583,Santi Aldama,MEM,2021-22,Rebounder,Average,32,359.7683333333333,132,87,21,6,10,16,0.402,0.125,0.625,0.452,0.424,0.174,0.066,105.9,104.6,1.3,1.31,0.077,0.15,0.08,0.11,20.80000000000001,-0.9631249187211147,-0.779465258168462,-0.16795900689483068,-0.5189636954252049
1630567,Scottie Barnes,TOR,2021-22,Rebounder,Very Good,74,2617.2883333333334,1134,557,256,80,55,136,0.492,0.301,0.735,0.552,0.524,0.187,0.109,110.2,108.4,1.8,1.88,0.068,0.141,0.15,0.102,17.0,0.4263861979420824,0.4784979360252369,0.9772116929904072,0.4797952769600315
1628400,Semi Ojeleye,LAC,2021-22,Rebounder,Average,30,405.8366666666666,98,74,9,7,6,9,0.303,0.3,0.793,0.438,0.379,0.126,0.041,97.8,114.4,-16.6,1.0,0.057,0.111,0.033,0.083,11.0,-1.419072628323403,-1.087651260777631,-0.5464235947088473,-1.1248680039843089
201586,Serge Ibaka,MIL,2021-22,Rebounder,Very Good,54,877.6016666666667,365,250,49,11,33,43,0.5,0.374,0.727,0.579,0.563,0.172,0.096,106.0,108.9,-3.0,1.14,0.07,0.197,0.084,0.135,16.5,-0.08361108403535178,-0.6539632878033216,0.583033059859617,-0.4871003113758389
1628425,Sterling Brown,DAL,2021-22,Rebounder,Average,49,628.4116666666666,160,149,34,14,7,23,0.381,0.304,0.933,0.495,0.471,0.124,0.073,105.4,103.1,2.3,1.48,0.039,0.188,0.078,0.113,22.30000000000001,-1.0631027951395675,-0.742864577647899,0.03476942820645734,-0.37829317135367324
1629611,Terance Mann,LAC,2021-22,Rebounder,Average,81,2316.81,872,425,209,55,21,84,0.484,0.365,0.78,0.572,0.539,0.157,0.095,108.6,107.1,1.5,2.49,0.044,0.127,0.131,0.086,18.30000000000001,0.13218143995646228,0.19881703051191102,0.4231312510717058,-0.04685149503787875
1630678,Terry Taylor,IND,2021-22,Rebounder,Average,33,713.795,318,172,41,14,8,23,0.614,0.316,0.706,0.656,0.641,0.151,0.097,112.2,119.1,-6.9,1.78,0.129,0.117,0.081,0.123,6.300000000000011,0.16901508042159596,-0.7002537783867795,0.22319367867756165,-1.3082505081426417
201152,Thaddeus Young,TOR,2021-22,Rebounder,Average,52,845.2083333333334,322,208,104,54,18,52,0.518,0.354,0.469,0.548,0.55,0.169,0.109,106.1,106.3,-0.2,2.0,0.088,0.152,0.177,0.119,19.10000000000001,-0.31382555657152994,0.07086149507258535,0.26775669047079037,-0.040561509945806366
203648,Thanasis Antetokounmpo,MIL,2021-22,Rebounder,Average,48,473.3433333333333,171,101,22,16,12,26,0.547,0.143,0.63,0.577,0.555,0.155,0.067,104.3,114.4,-10.1,0.85,0.083,0.129,0.071,0.106,11.0,-0.359397244285206,-0.8263444468603789,-0.18177032394223808,-0.9709109535210664
1628396,Tony Bradley,CHI,2021-22,Rebounder,Very Good,55,549.065,163,186,27,10,33,34,0.585,0.0,0.655,0.6,0.585,0.128,0.096,110.2,105.0,5.2,0.79,0.123,0.196,0.065,0.161,20.400000000000006,-0.43131611881677806,-0.8416519102581909,0.7444478424267268,-0.26831844162109053
1628470,Torrey Craig,PHX,2021-22,Rebounder,Average,78,1595.82,516,310,91,46,36,67,0.454,0.329,0.75,0.556,0.541,0.139,0.073,106.8,111.8,-5.0,1.36,0.05,0.137,0.082,0.093,13.600000000000009,-0.34779683613013446,-0.5106515589349487,0.20717029408296106,-0.2644887741692606
1630570,Trendon Watford,POR,2021-22,Rebounder,Average,48,869.3466666666667,364,199,81,25,28,44,0.532,0.237,0.755,0.59,0.549,0.169,0.097,100.5,118.4,-17.9,1.84,0.06,0.163,0.152,0.109,7.0,-0.04340078093175367,-0.1542127387141255,0.11647974017100002,-0.9507979632251088
1626168,Trey Lyles,SAC,2021-22,Rebounder,Very Good,75,1536.2666666666669,786,379,88,29,32,73,0.466,0.321,0.802,0.588,0.526,0.205,0.115,106.4,113.6,-7.2,1.21,0.056,0.189,0.09,0.121,11.800000000000011,0.5130263501591869,-0.4767494062226258,0.7469637368869135,-0.5868602152219581
1630530,Trey Murphy III,NOP,2021-22,Rebounder,Average,62,863.595,334,147,38,23,7,16,0.394,0.382,0.882,0.558,0.522,0.147,0.08,108.1,107.8,0.3,2.38,0.049,0.122,0.065,0.083,17.60000000000001,-0.40904701278075933,-0.80117530571247,-0.352726958101282,-0.561187877641528
202684,Tristan Thompson,CHI,2021-22,Rebounder,Very Good,57,896.2183333333334,344,288,34,23,21,45,0.528,0.333,0.526,0.541,0.53,0.168,0.086,112.1,115.7,-3.6,0.76,0.125,0.196,0.054,0.159,9.700000000000003,-0.3453035155563589,-0.8776882576859125,0.9896131493512246,-0.8837053144895832
1629076,Tyler Cook,CHI,2021-22,Rebounder,Average,20,199.61666666666667,67,53,3,4,4,7,0.605,0.0,0.656,0.643,0.605,0.127,0.074,107.1,114.6,-7.5,0.43,0.08,0.2,0.021,0.138,10.800000000000011,-0.26201284161418487,-1.1771412487306674,0.09853644179159826,-1.1879379558152896
1628976,Wendell Carter Jr.,ORL,2021-22,Rebounder,Elite,62,1851.57,931,648,171,36,43,117,0.525,0.327,0.691,0.601,0.576,0.206,0.144,105.1,108.8,-3.7,1.46,0.074,0.26,0.15,0.168,16.60000000000001,0.6992413979543546,0.16572417362648412,2.059486328212847,-0.12101613038236453
1629117,Wenyen Gabriel,LAL,2021-22,Rebounder,Average,26,358.7933333333333,141,97,14,5,11,16,0.491,0.286,0.595,0.549,0.527,0.165,0.056,118.1,111.4,6.7,0.88,0.105,0.151,0.053,0.128,14.0,-0.4679179052650843,-0.9568997374675952,0.08788855642606741,-0.9187393846970625
1626195,Willy Hernangomez,NOP,2021-22,Rebounder,Very Good,50,838.9583333333334,453,338,63,21,19,51,0.52,0.333,0.773,0.582,0.526,0.211,0.131,112.5,114.2,-1.6,1.24,0.153,0.24,0.113,0.194,11.200000000000003,0.2825014310716926,-0.4395356625779862,1.5681699791982986,-0.8365309557980982
1630214,Xavier Tillman,MEM,2021-22,Rebounder,Average,53,700.55,252,161,62,49,15,34,0.454,0.204,0.648,0.51,0.477,0.164,0.094,105.0,106.4,-1.4,1.82,0.084,0.138,0.127,0.109,19.0,-0.6181747678104674,-0.36456820721148325,0.01565135399171949,-0.12859618415153437
1629139,Yuta Watanabe,TOR,2021-22,Rebounder,Average,38,445.4616666666666,163,92,21,11,16,19,0.406,0.342,0.6,0.524,0.504,0.161,0.075,105.7,109.6,-3.9,1.11,0.035,0.158,0.067,0.093,15.800000000000011,-0.6242729620892687,-0.852494751522386,-0.3712662371560694,-0.7002254719627229
1628380,Zach Collins,SAS,2021-22,Rebounder,Average,28,502.04,218,153,61,13,23,45,0.49,0.341,0.8,0.594,0.535,0.184,0.107,110.9,107.8,3.1,1.36,0.085,0.197,0.17,0.141,17.60000000000001,-0.016011149185446882,-0.12668880513238062,0.4020932630721666,-0.502922082975487
1630192,Zeke Nnaji,DEN,2021-22,Rebounder,Average,41,697.6083333333333,270,147,17,16,13,23,0.516,0.463,0.631,0.629,0.616,0.146,0.078,107.2,110.4,-3.2,0.74,0.077,0.141,0.037,0.107,15.0,-0.05657595609149172,-1.035743116859256,-0.046975254788955007,-0.7257747893199835
1630197,Aleksej Pokusevski,OKC,2022-23,Rebounder,Average,34,701.3483333333334,276,159,64,20,43,43,0.434,0.365,0.629,0.522,0.51,0.179,0.085,105.6,118.3,-12.7,1.49,0.058,0.16,0.13,0.106,7.1000000000000085,-0.42244952805355523,-0.3403558645620551,-0.027874366089651992,-0.8449673503656298
203458,Alex Len,SAC,2022-23,Rebounder,Average,26,161.24666666666667,43,60,12,4,11,16,0.533,0.0,0.688,0.58,0.533,0.132,0.075,106.6,100.0,6.6,0.75,0.143,0.194,0.099,0.169,25.400000000000006,-0.6029227864156265,-0.705847066706079,0.5120393753223443,-0.25929745207104477
1630578,Alperen Sengun,HOU,2022-23,Rebounder,Elite,75,2170.6566666666668,1109,678,291,70,70,193,0.553,0.333,0.715,0.599,0.565,0.211,0.125,112.5,120.3,-7.8,1.51,0.107,0.204,0.199,0.154,5.1000000000000085,0.852773245714555,0.8825521457180205,1.960732525457281,-0.17123702546608
203083,Andre Drummond,CHI,2022-23,Rebounder,Elite,67,849.1383333333333,399,444,33,45,27,75,0.606,0.0,0.536,0.606,0.606,0.196,0.156,108.7,106.0,2.6,0.44,0.16,0.353,0.057,0.256,19.400000000000006,0.2709730266562828,-0.8645149890034991,2.639286675956997,-0.025130197848110478
203076,Anthony Davis,LAL,2022-23,Rebounder,Elite,56,1904.51,1451,702,148,59,114,122,0.563,0.257,0.784,0.627,0.573,0.277,0.186,114.3,109.5,4.8,1.21,0.102,0.248,0.128,0.177,15.900000000000006,1.7426490102764067,-0.04249710015547503,2.3174256604728942,0.7945068888823071
1630237,Anthony Lamb,GSW,2022-23,Rebounder,Average,62,1195.0183333333334,415,215,96,28,20,54,0.471,0.367,0.767,0.61,0.588,0.136,0.073,112.5,110.8,1.7,1.78,0.047,0.129,0.111,0.089,14.600000000000009,-0.13384736948642928,-0.3293411556106578,-0.09585928858396149,-0.5541180560585331
1628389,Bam Adebayo,MIA,2022-23,Rebounder,Elite,75,2597.9933333333333,1529,688,240,88,61,187,0.54,0.083,0.806,0.592,0.541,0.251,0.142,113.0,111.2,1.8,1.28,0.073,0.206,0.154,0.139,14.200000000000003,1.4084523261865651,0.4420934882074935,1.7961714967237294,0.4588778743463551
202687,Bismack Biyombo,PHX,2022-23,Rebounder,Very Good,61,874.085,263,260,56,18,88,51,0.578,0.0,0.357,0.555,0.578,0.136,0.086,112.7,109.7,3.1,1.1,0.093,0.184,0.089,0.138,15.700000000000003,-0.557926498247327,-0.6001171818723676,0.6477858086103107,0.09488600932173157
201933,Blake Griffin,BOS,2022-23,Rebounder,Average,41,568.885,170,155,61,14,9,22,0.485,0.348,0.656,0.59,0.573,0.125,0.086,116.5,106.6,9.9,2.77,0.079,0.195,0.142,0.135,18.80000000000001,-0.5054048845135964,-0.28398309851006315,0.3309620944114156,-0.5636996060207872
1626171,Bobby Portis,MIL,2022-23,Rebounder,Elite,70,1818.4316666666664,987,672,105,29,16,81,0.496,0.37,0.768,0.575,0.555,0.211,0.138,111.8,112.0,-0.1,1.3,0.08,0.263,0.087,0.172,13.400000000000006,0.6275722071846431,-0.43104761374762696,2.1741260314395348,-0.6547321591919145
1629626,Bol Bol,ORL,2022-23,Rebounder,Very Good,70,1505.4183333333333,634,405,69,30,85,112,0.546,0.265,0.759,0.603,0.577,0.177,0.114,107.6,112.0,-4.4,0.62,0.046,0.22,0.069,0.134,13.400000000000006,0.28420125777702526,-0.6646342613803147,0.9815670860230548,0.05373421995840152
1629634,Brandon Clarke,MEM,2022-23,Rebounder,Very Good,56,1090.138333333333,559,310,72,34,37,55,0.656,0.167,0.719,0.681,0.658,0.174,0.134,109.0,108.3,0.7,1.31,0.079,0.177,0.1,0.129,17.10000000000001,0.6541214655068727,-0.4794479340308658,0.6657978490514518,-0.1730663027526723
1628981,Bruno Fernando,ATL,2022-23,Rebounder,Very Good,39,405.1216666666666,153,137,31,6,34,25,0.527,0.0,0.7,0.571,0.527,0.159,0.096,105.1,114.0,-8.9,1.24,0.123,0.19,0.117,0.157,11.400000000000006,-0.37740121401400595,-0.5348151715531418,0.563473674608407,-0.8284385048167889
1628997,Caleb Martin,MIA,2022-23,Rebounder,Average,71,2077.738333333333,683,344,117,71,31,79,0.464,0.356,0.805,0.571,0.54,0.143,0.078,110.7,110.7,0.0,1.48,0.044,0.13,0.082,0.086,14.700000000000003,-0.1123199932392727,-0.41497958455415385,0.20820758579481835,0.00858812182762773
1629646,Charles Bassey,SAS,2022-23,Rebounder,Very Good,35,507.8716666666666,199,193,48,16,33,41,0.644,0.375,0.595,0.658,0.656,0.152,0.121,109.1,111.5,-2.4,1.17,0.14,0.232,0.131,0.185,13.900000000000006,0.10195391201807658,-0.3936132723845501,1.0687731958247109,-0.5880556518129856
1629002,Chimezie Metu,SAC,2022-23,Rebounder,Average,66,689.0166666666667,321,198,40,22,21,32,0.589,0.237,0.74,0.639,0.61,0.168,0.117,113.9,107.3,6.7,1.25,0.068,0.206,0.08,0.139,18.10000000000001,0.19842860686670125,-0.7095511230440349,0.4960159907277437,-0.4005274070120733
1628449,Chris Boucher,TOR,2022-23,Rebounder,Very Good,76,1523.47,712,421,29,47,64,41,0.493,0.328,0.762,0.59,0.552,0.175,0.112,110.4,111.6,-1.3,0.71,0.094,0.19,0.029,0.138,13.800000000000011,0.2514819396879437,-1.0365280476705345,1.0749797605804203,0.040912515864982825
1631128,Christian Braun,DEN,2022-23,Rebounder,Average,76,1181.14,360,181,59,41,17,35,0.495,0.354,0.625,0.568,0.554,0.127,0.067,107.0,111.3,-4.3,1.69,0.042,0.112,0.07,0.078,14.100000000000009,-0.47953141981742925,-0.6958135212687802,-0.32621035778006413,-0.4791500673944469
1626174,Christian Wood,DAL,2022-23,Rebounder,Very Good,67,1738.3583333333331,1114,491,121,30,72,121,0.515,0.376,0.772,0.624,0.583,0.259,0.144,115.4,116.7,-1.3,1.0,0.053,0.238,0.119,0.147,8.700000000000003,1.3507005345256902,-0.19240764587286335,1.375373150179112,-0.3539397848142036
1629643,Chuma Okeke,ORL,2022-23,Rebounder,Average,27,517.9866666666667,128,96,37,19,11,17,0.352,0.302,0.762,0.488,0.459,0.121,0.063,105.7,116.5,-10.8,2.18,0.049,0.132,0.101,0.09,8.900000000000006,-1.1481637605651942,-0.602619476977788,-0.3988716857354492,-1.073329146313158
203991,Clint Capela,ATL,2022-23,Rebounder,Elite,65,1730.0833333333333,779,717,58,45,79,54,0.653,0.0,0.603,0.656,0.653,0.151,0.135,115.3,116.4,-1.1,1.07,0.142,0.268,0.045,0.203,9.0,0.5014647379380343,-0.8399345459640492,2.6884573511495615,-0.11007069020316622
1629655,Daniel Gafford,WAS,2022-23,Rebounder,Very Good,78,1604.22,705,433,84,33,99,85,0.732,0.0,0.679,0.739,0.732,0.146,0.113,111.7,114.3,-2.5,0.99,0.103,0.159,0.074,0.132,11.100000000000009,0.8860528114837823,-0.5813506248706546,1.0303823777563217,0.09132705220249693
203967,Dario Saric,OKC,2022-23,Rebounder,Average,57,805.9533333333334,362,207,74,20,7,55,0.458,0.391,0.829,0.583,0.54,0.186,0.099,112.8,111.2,1.6,1.35,0.064,0.195,0.131,0.128,14.200000000000003,0.03958236288056619,-0.29794129800375513,0.3797602006292479,-0.7920378616247729
1629647,Darius Bazley,PHX,2022-23,Rebounder,Average,43,616.1616666666666,224,138,38,22,34,27,0.454,0.377,0.543,0.524,0.508,0.165,0.088,105.5,109.2,-3.6,1.41,0.053,0.157,0.088,0.106,16.200000000000003,-0.5510009489978529,-0.6719692790093736,-0.08359531634662282,-0.3806342575661857
1631223,David Roddy,MEM,2022-23,Rebounder,Average,70,1258.5016666666668,466,193,59,29,19,57,0.429,0.307,0.631,0.519,0.506,0.163,0.056,110.6,112.5,-1.9,1.04,0.037,0.107,0.064,0.071,12.900000000000006,-0.4197115526665646,-0.7295194412782835,-0.38354739490884293,-0.6537571047074483
1628432,Davon Reed,DEN,2022-23,Rebounder,Average,43,342.54833333333335,89,59,23,15,4,20,0.333,0.37,0.667,0.471,0.435,0.142,0.046,97.5,111.7,-14.1,1.15,0.031,0.146,0.099,0.09,13.700000000000003,-1.119756560994385,-0.6653704621603581,-0.4970466933310644,-0.9035744058503014
1630549,Day'Ron Sharpe,BKN,2022-23,Rebounder,Very Good,48,552.4866666666667,227,200,37,15,32,42,0.544,0.545,0.636,0.581,0.561,0.173,0.093,110.3,119.0,-8.8,0.88,0.168,0.19,0.099,0.179,6.400000000000006,-0.16437408214128413,-0.6138547836476224,1.0109089200822858,-1.0491945416256392
201599,DeAndre Jordan,DEN,2022-23,Rebounder,Very Good,39,585.855,199,202,34,12,23,48,0.765,1.0,0.458,0.731,0.77,0.134,0.107,107.0,115.4,-8.4,0.71,0.094,0.252,0.084,0.176,10.0,0.38756537764792026,-0.7091586576383956,0.9779967143355754,-0.9598189762900189
1629028,Deandre Ayton,PHX,2022-23,Rebounder,Elite,67,2035.3366666666664,1203,667,115,37,53,120,0.589,0.292,0.76,0.617,0.592,0.231,0.145,113.2,113.2,0.0,0.96,0.084,0.247,0.09,0.164,12.200000000000003,1.1698865382280221,-0.3773977405194926,2.058941904083766,-0.268000697631139
1630166,Deni Avdija,WAS,2022-23,Rebounder,Very Good,76,2020.38,697,487,211,65,29,123,0.437,0.297,0.739,0.535,0.497,0.165,0.084,113.3,114.1,-0.8,1.72,0.038,0.196,0.142,0.12,11.300000000000011,-0.14700460607262425,0.26797059984067695,1.0207889696180832,-0.27358087897669714
203473,Dewayne Dedmon,PHI,2022-23,Rebounder,Average,38,426.21,199,134,26,9,19,25,0.51,0.308,0.673,0.577,0.55,0.195,0.104,99.3,110.0,-10.6,1.04,0.075,0.231,0.108,0.151,15.400000000000006,-0.04638579162390296,-0.6037725081790882,0.47907561302932933,-0.7140976758499306
1627734,Domantas Sabonis,SAC,2022-23,Rebounder,Elite,79,2735.555,1510,973,573,65,39,230,0.615,0.373,0.742,0.668,0.632,0.213,0.161,120.7,116.8,3.9,2.49,0.096,0.275,0.297,0.185,8.600000000000009,1.5511049294349515,2.4707551254393003,3.138408491083627,-0.33104386157962895
1627827,Dorian Finney-Smith,BKN,2022-23,Rebounder,Average,66,2008.825,551,316,100,55,36,62,0.391,0.337,0.763,0.523,0.505,0.129,0.056,114.0,114.3,-0.3,1.61,0.055,0.105,0.07,0.079,11.100000000000009,-0.5844401388487681,-0.5449461770529112,0.04473540531942863,-0.31812319534820954
1629234,Drew Eubanks,POR,2022-23,Rebounder,Very Good,78,1583.6766666666667,518,418,103,40,102,67,0.641,0.389,0.664,0.666,0.651,0.122,0.098,113.0,117.1,-4.1,1.54,0.084,0.183,0.092,0.133,8.300000000000011,0.1581262489227145,-0.4103187297177173,1.0033213533060228,0.029695894641291003
1630596,Evan Mobley,CLE,2022-23,Rebounder,Elite,79,2715.2616666666668,1277,711,224,60,119,146,0.554,0.216,0.674,0.591,0.566,0.199,0.124,115.5,109.0,6.5,1.53,0.073,0.2,0.122,0.137,16.400000000000006,0.8403401918484962,0.2034535203327299,1.8317198955386704,0.8848329093607329
1629048,Goga Bitadze,ORL,2022-23,Rebounder,Average,38,456.8016666666667,167,137,39,16,26,22,0.552,0.231,0.548,0.582,0.576,0.147,0.105,109.2,105.4,3.7,1.77,0.123,0.167,0.122,0.144,20.0,-0.39225801551386485,-0.47728937429984963,0.39785816864756307,-0.30047438203252796
203476,Gorgui Dieng,SAS,2022-23,Rebounder,Average,31,358.11333333333334,121,107,53,4,14,32,0.385,0.28,0.769,0.493,0.474,0.177,0.076,99.6,118.2,-18.6,1.66,0.063,0.22,0.221,0.135,7.200000000000003,-0.7146771264713122,0.13037398436969183,0.2035999223954823,-1.2982801459627742
1629684,Grant Williams,BOS,2022-23,Rebounder,Average,79,2044.7616666666668,641,363,131,41,31,82,0.454,0.395,0.77,0.605,0.575,0.128,0.069,114.9,109.0,5.9,1.6,0.042,0.134,0.086,0.088,16.400000000000006,-0.058019248448466586,-0.3409932927017493,0.28410108749381924,-0.20236981873757584
1629312,Haywood Highsmith,MIA,2022-23,Rebounder,Average,54,969.4,236,188,43,36,17,45,0.431,0.339,0.464,0.517,0.516,0.121,0.058,104.8,110.0,-5.2,0.96,0.055,0.135,0.065,0.094,15.400000000000006,-0.9044711260662931,-0.7827768491007785,-0.10380223881952245,-0.4545758045216534
1630543,Isaiah Jackson,IND,2022-23,Rebounder,Very Good,63,1042.2933333333333,455,282,51,31,93,51,0.563,0.143,0.651,0.595,0.566,0.165,0.093,109.5,115.2,-5.6,1.0,0.1,0.159,0.071,0.128,10.200000000000003,0.02152952460900548,-0.7196333985125691,0.5787635944041437,-0.04297966523711468
1629676,Isaiah Roby,NYK,2022-23,Rebounder,Average,42,473.6283333333333,172,108,38,18,7,31,0.432,0.3,0.488,0.497,0.49,0.173,0.07,102.5,112.9,-10.4,1.23,0.04,0.188,0.114,0.11,12.5,-0.684310314401365,-0.5259102923015256,-0.1122380566378599,-0.9126435350855512
1630191,Isaiah Stewart,DET,2022-23,Rebounder,Very Good,50,1414.0583333333334,567,403,70,20,34,68,0.442,0.327,0.738,0.56,0.518,0.17,0.091,108.9,116.9,-8.0,1.03,0.078,0.202,0.073,0.138,8.5,-0.06121315180834275,-0.6384839567183076,1.0272189460744454,-0.8537679813239795
1627826,Ivica Zubac,LAC,2022-23,Rebounder,Elite,76,2169.41,818,756,77,29,98,117,0.634,0.0,0.697,0.661,0.634,0.149,0.109,112.8,113.4,-0.6,0.66,0.114,0.238,0.05,0.178,12.0,0.5435362631587614,-0.741932144165036,2.4734477582954995,0.09264334399072845
1630550,JT Thor,CHA,2022-23,Rebounder,Average,69,968.775,262,152,36,22,23,44,0.399,0.317,0.702,0.506,0.481,0.13,0.051,102.7,110.2,-7.5,0.82,0.035,0.115,0.054,0.075,15.200000000000003,-0.882729813491212,-0.8703288750412359,-0.44137729962039807,-0.5506810366494861
203210,JaMychal Green,GSW,2022-23,Rebounder,Average,57,796.7,366,205,51,25,23,52,0.54,0.378,0.776,0.65,0.623,0.169,0.097,108.3,116.4,-8.2,0.98,0.087,0.164,0.094,0.125,9.0,0.301093689086126,-0.5904273718094728,0.3362344805478764,-0.8838759331414664
1631095,Jabari Smith Jr.,HOU,2022-23,Rebounder,Very Good,79,2450.5466666666666,1010,569,101,43,74,104,0.408,0.307,0.786,0.514,0.475,0.183,0.077,109.1,120.4,-11.3,0.97,0.047,0.18,0.059,0.112,5.0,0.09041542645536259,-0.6030606724146624,1.1364487790411935,-0.41639943629316295
1631133,Jabari Walker,POR,2022-23,Rebounder,Average,56,619.1633333333333,216,131,34,10,13,29,0.419,0.286,0.756,0.496,0.46,0.164,0.06,104.8,113.8,-9.0,1.17,0.074,0.135,0.08,0.104,11.600000000000009,-0.7241816361879237,-0.7316292709780645,-0.12764827504164036,-0.9877088621181634
1627751,Jakob Poeltl,TOR,2022-23,Rebounder,Elite,72,1906.125,897,653,197,66,86,125,0.629,0.0,0.592,0.635,0.629,0.18,0.13,112.4,115.5,-3.1,1.58,0.117,0.24,0.146,0.174,9.900000000000006,0.6787860314910854,0.23892553466761013,2.1491911469592546,0.2312193870674447
1631105,Jalen Duren,DET,2022-23,Rebounder,Elite,67,1670.145,612,595,75,44,59,92,0.648,0.0,0.611,0.655,0.648,0.139,0.116,108.0,116.2,-8.3,0.82,0.13,0.221,0.069,0.174,9.200000000000003,0.28746954536850694,-0.642556113446285,1.9952951891066688,-0.31103039819302797
1630552,Jalen Johnson,ATL,2022-23,Rebounder,Very Good,70,1041.6016666666667,395,282,83,38,34,41,0.491,0.288,0.628,0.554,0.537,0.156,0.099,111.1,110.8,0.3,2.02,0.047,0.214,0.106,0.131,14.600000000000009,-0.32204273417794904,-0.4052654094756415,0.6169825573181846,-0.3088599306323985
1629667,Jalen McDaniels,PHI,2022-23,Rebounder,Average,80,1912.8533333333328,755,346,130,83,34,93,0.455,0.332,0.841,0.557,0.518,0.165,0.08,110.5,113.9,-3.4,1.4,0.031,0.145,0.094,0.087,11.5,0.02060782842295844,-0.2997317573447496,0.2262539972668292,-0.024738091061819862
1630188,Jalen Smith,IND,2022-23,Rebounder,Very Good,68,1278.825,642,394,66,21,60,72,0.476,0.283,0.759,0.565,0.53,0.201,0.099,111.4,115.3,-3.8,0.92,0.093,0.201,0.076,0.146,10.100000000000009,0.24839564307696538,-0.6363497620029088,1.1052557732589,-0.48634507422657736
1630164,James Wiseman,DET,2022-23,Rebounder,Very Good,45,867.1866666666666,450,267,30,7,27,51,0.558,0.2,0.701,0.589,0.563,0.212,0.104,104.7,121.9,-17.2,0.59,0.084,0.231,0.057,0.156,3.5,0.3276812197589345,-0.8755540629705139,0.8956732361802128,-1.3530613227910553
1629020,Jarred Vanderbilt,LAL,2022-23,Rebounder,Elite,78,1879.7416666666663,619,582,184,83,21,97,0.548,0.322,0.691,0.604,0.58,0.136,0.105,114.7,116.2,-1.5,1.9,0.09,0.216,0.134,0.154,9.200000000000003,-0.021038204633864337,0.123677707458206,1.7060081814254144,-0.29140087571561835
1628386,Jarrett Allen,CLE,2022-23,Rebounder,Elite,68,2220.1116666666667,969,666,113,54,84,93,0.644,0.1,0.733,0.67,0.645,0.162,0.134,116.5,108.8,7.7,1.22,0.107,0.21,0.073,0.159,16.60000000000001,0.799053844505928,-0.48025722985776204,1.9925902539766995,0.48030442663322387
1629637,Jaxson Hayes,NOP,2022-23,Rebounder,Average,47,610.0566666666666,233,132,34,20,19,31,0.551,0.103,0.699,0.605,0.561,0.149,0.09,103.4,108.8,-5.4,1.1,0.058,0.153,0.088,0.104,16.60000000000001,-0.19851788923338334,-0.6866880442987267,-0.1249948964579751,-0.529617073469096
1631119,Jaylin Williams,OKC,2022-23,Rebounder,Average,49,914.1583333333332,288,241,76,28,12,37,0.436,0.407,0.704,0.559,0.534,0.133,0.08,111.1,115.7,-4.6,2.05,0.045,0.23,0.109,0.131,9.700000000000003,-0.5389890763373959,-0.4141702887272577,0.5081940353879083,-0.9229556758256763
1630526,Jeremiah Robinson-Earl,OKC,2022-23,Rebounder,Average,43,813.7083333333334,292,180,43,24,11,19,0.444,0.333,0.833,0.548,0.518,0.143,0.076,112.9,113.8,-0.9,2.26,0.082,0.129,0.069,0.105,11.600000000000009,-0.5257925581955071,-0.7603062357611096,0.015106929862638535,-0.8628847089879415
1631110,Jeremy Sochan,SAS,2022-23,Rebounder,Average,56,1457.7,614,295,142,43,23,97,0.453,0.246,0.698,0.509,0.483,0.195,0.074,110.6,117.6,-7.0,1.46,0.06,0.14,0.132,0.098,7.800000000000011,-0.1359014467410008,-0.0421046347498357,0.23106788685138344,-0.7678770103112539
1629111,Jock Landale,PHX,2022-23,Rebounder,Very Good,69,978.4966666666668,456,280,68,16,30,59,0.528,0.25,0.752,0.595,0.559,0.182,0.106,113.0,105.1,7.9,1.15,0.114,0.164,0.101,0.138,20.30000000000001,0.14669886863446438,-0.48854904598530163,0.7008533802836162,-0.24237812350538643
1628381,John Collins,ATL,2022-23,Rebounder,Very Good,71,2129.6466666666665,931,462,85,42,73,79,0.508,0.292,0.803,0.593,0.557,0.168,0.086,115.0,115.2,-0.2,1.08,0.035,0.18,0.052,0.107,10.200000000000003,0.3753227898888991,-0.7012593069164954,0.7888389990656073,-0.13135395297713393
202685,Jonas Valančiūnas,NOP,2022-23,Rebounder,Elite,79,1968.243333333333,1115,804,140,20,52,159,0.547,0.349,0.826,0.61,0.57,0.229,0.14,112.8,113.5,-0.7,0.88,0.115,0.293,0.108,0.204,11.900000000000006,1.0517617146912013,-0.18428769743252577,2.9320409422331206,-0.47188773410036494
1628404,Josh Hart,NYK,2022-23,Rebounder,Very Good,76,2454.025,743,593,290,88,21,117,0.529,0.372,0.75,0.622,0.588,0.124,0.101,119.4,113.5,5.9,2.48,0.06,0.185,0.154,0.124,11.900000000000006,0.0834541297719514,0.6260780543244069,1.3530057167053238,-0.08095643839040163
203944,Julius Randle,NYK,2022-23,Rebounder,Elite,77,2737.2516666666666,1936,767,316,49,21,216,0.459,0.343,0.757,0.581,0.536,0.288,0.148,118.1,115.4,2.7,1.46,0.05,0.226,0.184,0.137,10.0,1.9099248795430848,0.8902796287527187,1.9803090962239263,-0.5966834755786223
203994,Jusuf Nurkić,POR,2022-23,Rebounder,Elite,52,1391.415,694,471,149,43,44,119,0.519,0.361,0.661,0.589,0.561,0.218,0.119,114.6,114.3,0.3,1.25,0.084,0.258,0.16,0.172,11.100000000000009,0.5475644514812144,0.14094749788421457,1.6407969361228139,-0.3615198385833726
1630539,Kai Jones,CHA,2022-23,Rebounder,Average,46,549.6266666666667,157,123,15,17,30,31,0.558,0.211,0.731,0.597,0.575,0.121,0.073,105.3,108.4,-3.1,0.48,0.065,0.146,0.041,0.106,17.0,-0.504038995465106,-1.0206318861642636,-0.12339599510160199,-0.42590718823043355
1629026,Kenrich Williams,OKC,2022-23,Rebounder,Average,53,1205.9816666666666,425,261,105,45,14,32,0.517,0.373,0.436,0.585,0.59,0.134,0.096,113.3,109.2,4.1,3.28,0.075,0.137,0.117,0.105,16.200000000000003,-0.2842152493624083,-0.26251801370011,0.230030595139526,-0.3446721900464617
201567,Kevin Love,MIA,2022-23,Rebounder,Very Good,62,1239.4783333333332,509,399,116,16,12,70,0.389,0.334,0.879,0.548,0.506,0.185,0.115,113.7,109.8,3.9,1.66,0.05,0.287,0.131,0.168,15.600000000000009,-0.061842993313104666,-0.1433942624655479,1.3987950608801931,-0.7006394482933541
1630205,Lamar Stevens,CLE,2022-23,Rebounder,Average,62,1120.4833333333331,328,207,33,27,19,27,0.448,0.316,0.702,0.524,0.5,0.136,0.067,112.2,111.1,1.2,1.22,0.046,0.145,0.04,0.097,14.300000000000011,-0.6882954399662492,-0.9600150956970919,-0.015169082815841256,-0.5922232855147682
1631109,Mark Williams,CHA,2022-23,Rebounder,Very Good,43,827.975,387,304,18,28,45,40,0.637,0.0,0.691,0.659,0.637,0.168,0.133,105.6,110.3,-4.7,0.45,0.106,0.232,0.033,0.17,15.100000000000009,0.3603751604107824,-1.0545340388765865,1.1722034040413523,-0.2718041184569688
202693,Markieff Morris,DAL,2022-23,Rebounder,Average,35,355.07,132,71,31,9,5,18,0.409,0.394,1.0,0.553,0.53,0.159,0.066,111.2,109.5,1.7,1.72,0.037,0.15,0.114,0.097,15.900000000000006,-0.4954609932261704,-0.5516681315578935,-0.376028570194319,-0.8263648343681945
1628963,Marvin Bagley III,DET,2022-23,Rebounder,Very Good,42,990.455,504,269,36,19,30,46,0.529,0.288,0.75,0.587,0.554,0.202,0.112,107.3,117.9,-10.6,0.78,0.091,0.179,0.058,0.133,7.5,0.28198336902252225,-0.8478582617015671,0.6079679443398965,-0.963353875324084
203486,Mason Plumlee,LAC,2022-23,Rebounder,Elite,79,2052.945,857,700,245,46,47,117,0.68,0.0,0.636,0.689,0.68,0.149,0.127,111.5,117.4,-5.9,2.09,0.105,0.238,0.166,0.168,8.0,0.7317520851673773,0.5279037848381917,2.197462014563442,-0.4822228504126777
203488,Mike Muscala,BOS,2022-23,Rebounder,Average,63,945.09,383,203,50,15,24,23,0.449,0.391,0.769,0.608,0.587,0.146,0.087,116.4,107.6,8.8,2.17,0.038,0.161,0.069,0.102,17.80000000000001,-0.09515438706278423,-0.7345483965047417,0.037915674372899,-0.46033095808588986
1628964,Mo Bamba,LAL,2022-23,Rebounder,Very Good,49,768.4283333333333,323,225,46,13,43,30,0.485,0.387,0.661,0.602,0.585,0.166,0.101,113.0,111.5,1.5,1.53,0.076,0.198,0.086,0.14,13.900000000000006,-0.026318898893818925,-0.653767055100502,0.5803968667913866,-0.5179651005971961
1629650,Moses Brown,LAC,2022-23,Rebounder,Very Good,36,294.145,155,139,4,4,14,15,0.635,0.0,0.458,0.607,0.635,0.188,0.133,111.5,108.1,3.5,0.27,0.165,0.262,0.021,0.211,17.30000000000001,0.04216636700790066,-1.173461557408329,1.2567217642284736,-0.7048579279627977
1631217,Moussa Diabaté,LAC,2022-23,Rebounder,Average,22,195.49666666666667,59,50,4,7,8,9,0.511,0.5,0.625,0.546,0.521,0.125,0.068,109.2,112.4,-3.2,0.44,0.137,0.106,0.029,0.123,13.0,-0.8370240088462316,-1.1285203307289913,-0.1005185085296022,-0.9871237258791586
1629651,Nic Claxton,BKN,2022-23,Rebounder,Elite,76,2270.6566666666668,961,702,144,65,189,96,0.705,0.0,0.541,0.691,0.705,0.155,0.134,115.1,111.3,3.7,1.5,0.088,0.213,0.091,0.155,14.100000000000009,0.8621095388559744,-0.2650690388367656,2.037153265769928,1.5097264516535136
1630208,Nick Richards,CHA,2022-23,Rebounder,Very Good,65,1217.675,532,416,38,11,71,59,0.629,1.0,0.749,0.676,0.631,0.151,0.12,107.5,112.0,-4.5,0.64,0.113,0.21,0.046,0.161,13.400000000000006,0.4376916758581564,-0.9079107190758973,1.3547249166697406,-0.28477617191254057
202696,Nikola Vučević,CHI,2022-23,Rebounder,Elite,82,2746.355,1447,903,265,60,57,139,0.52,0.349,0.835,0.594,0.573,0.218,0.143,112.3,112.8,-0.5,1.91,0.062,0.274,0.146,0.172,12.600000000000009,1.1191772780686593,0.48914454458661233,2.7870564842662136,0.03428237598212699
1630168,Onyeka Okongwu,ATL,2022-23,Rebounder,Elite,80,1848.555,791,576,81,56,107,81,0.638,0.308,0.781,0.678,0.642,0.15,0.111,114.2,112.4,1.8,1.0,0.117,0.19,0.06,0.154,13.0,0.6285838395108053,-0.6710368455265106,1.690087909923423,0.5222119944023061
1629052,Oshae Brissett,IND,2022-23,Rebounder,Average,65,1083.1766666666667,398,218,44,33,13,34,0.386,0.31,0.717,0.52,0.461,0.155,0.073,112.4,111.8,0.6,1.29,0.054,0.144,0.055,0.098,13.600000000000009,-0.5215960003347014,-0.8352736911276126,0.026757735909157088,-0.6318881644379838
1631172,Ousmane Dieng,OKC,2022-23,Rebounder,Average,39,568.71,193,105,46,14,7,26,0.42,0.265,0.652,0.505,0.492,0.154,0.074,110.3,107.4,2.9,1.77,0.03,0.141,0.108,0.085,18.0,-0.7625150564373744,-0.530178681732323,-0.43868955000586307,-0.6309382740665349
1626192,Pat Connaughton,MIL,2022-23,Rebounder,Average,61,1442.735,466,283,77,37,11,33,0.392,0.339,0.659,0.531,0.521,0.133,0.075,113.3,109.9,3.4,2.33,0.033,0.144,0.069,0.09,15.5,-0.5707155801658236,-0.6351967308016084,0.09731010940995766,-0.4990437580968267
1630194,Paul Reed,PHI,2022-23,Rebounder,Very Good,69,755.1633333333333,287,262,27,45,51,45,0.593,0.167,0.745,0.62,0.596,0.152,0.106,111.0,111.5,-0.4,0.6,0.147,0.207,0.051,0.176,13.900000000000006,-0.051851357689630374,-0.9202990569470322,1.1371994293554921,-0.10546177454663401
1630173,Precious Achiuwa,TOR,2022-23,Rebounder,Very Good,55,1140.52,508,328,50,31,30,59,0.485,0.269,0.702,0.554,0.521,0.19,0.1,114.0,115.6,-1.6,0.85,0.083,0.213,0.063,0.144,9.800000000000011,0.008343485292328312,-0.7682543165142453,0.904653478127631,-0.7038817674504844
203496,Robert Covington,LAC,2022-23,Rebounder,Average,48,778.6416666666667,288,166,57,38,33,32,0.445,0.397,0.75,0.584,0.563,0.149,0.097,109.2,110.2,-1.0,1.78,0.038,0.164,0.105,0.102,15.200000000000003,-0.2789229582436204,-0.5065550371913536,-0.06025933322271626,-0.28372458960576985
200752,Rudy Gay,UTA,2022-23,Rebounder,Average,56,815.5683333333334,293,163,57,19,18,37,0.38,0.254,0.857,0.475,0.437,0.173,0.07,111.5,108.6,2.9,1.54,0.038,0.148,0.095,0.094,16.80000000000001,-0.7228370901215845,-0.562731570540526,-0.1701367034111544,-0.5383449654005799
203497,Rudy Gobert,MIN,2022-23,Rebounder,Elite,70,2148.483333333333,939,814,87,56,95,122,0.659,0.0,0.644,0.675,0.659,0.161,0.137,110.8,110.3,0.4,0.71,0.111,0.26,0.058,0.188,15.100000000000009,0.7986865755032837,-0.6601940042623153,2.7547402591948886,0.5241872439693916
1630572,Sandro Mamukelashvili,SAS,2022-23,Rebounder,Average,43,659.6533333333333,263,185,62,14,12,35,0.422,0.303,0.684,0.516,0.487,0.177,0.091,106.3,116.4,-10.1,1.77,0.093,0.178,0.134,0.132,9.0,-0.4807706455098561,-0.32524463386706265,0.372344489007333,-1.1091430294966953
1630583,Santi Aldama,MEM,2022-23,Rebounder,Average,77,1681.7483333333332,696,371,97,45,48,60,0.47,0.353,0.75,0.591,0.56,0.157,0.093,112.7,110.2,2.6,1.62,0.047,0.162,0.076,0.104,15.200000000000003,0.11389241582513172,-0.5222793310104226,0.5091625850380261,-0.05943308899149843
203500,Steven Adams,MEM,2022-23,Rebounder,Elite,42,1133.2916666666667,361,485,97,36,46,79,0.597,0.0,0.364,0.564,0.597,0.139,0.112,118.7,109.0,9.7,1.23,0.171,0.222,0.107,0.196,16.400000000000006,-0.41383463092396006,-0.3481320776279885,1.9836959396064553,-0.10241467338304765
201959,Taj Gibson,WAS,2022-23,Rebounder,Average,49,480.445,168,93,34,15,12,26,0.52,0.333,0.714,0.585,0.552,0.151,0.059,110.6,111.7,-1.1,1.31,0.068,0.143,0.094,0.104,13.700000000000003,-0.3451023297170819,-0.6529821242892233,-0.2284766612209209,-0.8226346938257212
1631106,Tari Eason,HOU,2022-23,Rebounder,Very Good,82,1767.22,760,496,88,96,47,101,0.448,0.343,0.752,0.525,0.493,0.184,0.095,108.6,113.4,-4.8,0.87,0.101,0.172,0.075,0.134,12.0,-0.019658426178464833,-0.5610142062463843,1.2230245371365949,0.2708639967009294
1630678,Terry Taylor,CHI,2022-23,Rebounder,Average,31,263.43666666666667,89,47,10,3,6,9,0.52,0.263,0.545,0.557,0.553,0.129,0.059,113.2,108.8,4.5,1.11,0.088,0.076,0.052,0.082,16.60000000000001,-0.7232147144093805,-0.9772361560918654,-0.6308044707724901,-0.8372872754603419
201152,Thaddeus Young,TOR,2022-23,Rebounder,Average,54,795.46,240,166,75,54,5,42,0.545,0.176,0.692,0.573,0.561,0.131,0.084,109.4,115.0,-5.6,1.79,0.083,0.136,0.133,0.107,10.400000000000006,-0.508199682351916,-0.2830263000115824,0.003438938300685257,-0.6832542149164217
203648,Thanasis Antetokounmpo,MIL,2022-23,Rebounder,Average,37,206.20666666666668,51,44,15,3,3,12,0.435,0.0,0.5,0.458,0.435,0.138,0.041,93.6,120.1,-26.6,1.25,0.075,0.139,0.115,0.108,5.300000000000011,-1.2507701192900318,-0.6049255393803885,-0.30753359460179824,-1.5315674955289384
1628418,Thomas Bryant,DEN,2022-23,Rebounder,Very Good,59,1081.486666666667,579,339,31,16,30,38,0.623,0.441,0.738,0.682,0.659,0.181,0.129,111.1,115.8,-4.7,0.82,0.081,0.223,0.042,0.154,9.600000000000009,0.7255053547939347,-0.956139171671934,1.0612371855947522,-0.871053146535064
1628470,Torrey Craig,PHX,2022-23,Rebounder,Very Good,79,1947.8416666666667,588,426,117,50,62,73,0.456,0.395,0.711,0.566,0.556,0.128,0.073,111.9,115.5,-3.7,1.6,0.073,0.146,0.08,0.108,9.900000000000006,-0.3192240537292855,-0.4262148912239883,0.7060570243583377,-0.17738155601928685
1630570,Trendon Watford,POR,2022-23,Rebounder,Average,62,1181.6083333333331,459,238,130,32,12,71,0.56,0.391,0.72,0.625,0.599,0.158,0.097,110.8,117.9,-7.1,1.83,0.037,0.173,0.162,0.105,7.5,0.1446968319626941,0.08226866942962195,0.16900288771522462,-1.0107705091813344
1626168,Trey Lyles,SAC,2022-23,Rebounder,Average,74,1247.235,562,300,66,27,31,64,0.458,0.363,0.815,0.607,0.565,0.174,0.099,116.3,112.3,4.0,1.03,0.054,0.184,0.073,0.12,13.100000000000009,0.23318723331148017,-0.6532027220076606,0.5246071744726762,-0.5413193275373013
1631117,Walker Kessler,UTA,2022-23,Rebounder,Elite,74,1703.2066666666667,679,620,69,26,173,58,0.72,0.333,0.516,0.702,0.721,0.13,0.128,115.7,112.7,3.0,1.19,0.133,0.205,0.057,0.17,12.700000000000003,0.5386263867347583,-0.7320461013993215,2.0106710364795797,0.8614973279408839
1628976,Wendell Carter Jr.,ORL,2022-23,Rebounder,Very Good,57,1689.54,868,497,132,30,33,106,0.525,0.356,0.738,0.621,0.591,0.204,0.126,110.5,111.4,-0.8,1.25,0.074,0.221,0.119,0.149,14.0,0.7535187751796927,-0.1519310413271424,1.4167727302904645,-0.4371211031716686
1629117,Wenyen Gabriel,LAL,2022-23,Rebounder,Very Good,68,1023.75,372,286,36,26,35,46,0.596,0.278,0.619,0.626,0.615,0.135,0.082,111.2,111.4,-0.2,0.78,0.111,0.152,0.049,0.132,14.0,-0.0806966763729317,-0.8984171417158221,0.640335725957526,-0.4583316269187712
1626195,Willy Hernangomez,NOP,2022-23,Rebounder,Very Good,38,457.6616666666667,262,180,33,17,13,39,0.527,0.273,0.779,0.61,0.536,0.222,0.141,108.5,106.8,1.7,0.85,0.118,0.262,0.114,0.188,18.60000000000001,0.38537830149566576,-0.544308748913217,1.072498237151103,-0.5038965962034619
1630214,Xavier Tillman,MEM,2022-23,Rebounder,Very Good,61,1180.1083333333331,429,307,96,58,29,44,0.614,0.267,0.551,0.621,0.621,0.136,0.105,110.9,110.1,0.7,2.18,0.095,0.155,0.109,0.124,15.300000000000011,-0.060858386214227046,-0.3405764622804923,0.5941394417770545,-0.11109171934687045
1628380,Zach Collins,SAS,2022-23,Rebounder,Very Good,63,1440.5966666666666,731,402,180,37,49,129,0.518,0.374,0.761,0.599,0.568,0.209,0.11,108.7,116.3,-7.5,1.4,0.076,0.19,0.18,0.133,9.100000000000009,0.5655379854010328,0.3673709955750454,0.9608672959673785,-0.4906100462968867
1631100,AJ Griffin,ATL,2023-24,Rebounder,Average,20,170.73,48,18,5,1,2,8,0.29,0.256,1.0,0.382,0.371,0.167,0.017,106.0,120.1,-14.0,0.63,0.011,0.108,0.041,0.055,5.300000000000011,-1.4751723376149943,-1.0574287993876461,-1.0517231159251512,-1.5624076854086344
203932,Aaron Gordon,DEN,2023-24,Rebounder,Very Good,73,2296.81,1013,471,259,56,45,105,0.556,0.29,0.658,0.607,0.584,0.174,0.103,119.8,111.1,8.7,2.47,0.078,0.129,0.147,0.104,14.300000000000011,0.5584254015108591,0.47268404998749997,0.7745004434045539,-0.028689696223836474
1630197,Aleksej Pokusevski,CHA,2023-24,Rebounder,Average,28,405.3833333333333,146,89,35,15,13,19,0.405,0.327,0.732,0.525,0.479,0.172,0.095,103.5,113.2,-9.7,1.84,0.042,0.173,0.132,0.108,12.200000000000003,-0.5502896550179729,-0.43583160624003037,-0.1881315583368608,-0.9006492423969025
1630578,Alperen Sengun,HOU,2023-24,Rebounder,Very Good,63,2045.635,1331,589,312,76,46,162,0.537,0.297,0.693,0.585,0.553,0.27,0.149,113.9,113.2,0.8,1.93,0.086,0.193,0.248,0.139,12.200000000000003,1.364731243513198,1.2350906768980683,1.5334870169408672,0.06527020894151885
1641708,Amen Thompson,HOU,2023-24,Rebounder,Very Good,62,1388.5316666666668,592,409,163,78,38,90,0.536,0.138,0.684,0.576,0.545,0.173,0.121,111.4,109.3,2.1,1.81,0.095,0.184,0.165,0.137,16.10000000000001,0.07025759691851158,0.22055144307153646,1.0303995632717566,0.23419645548662285
203083,Andre Drummond,CHI,2023-24,Rebounder,Elite,79,1351.2516666666668,663,708,37,73,48,81,0.556,0.0,0.592,0.576,0.556,0.201,0.155,114.1,113.3,0.8,0.46,0.187,0.331,0.041,0.257,12.100000000000009,0.32643266887110917,-0.9396786770728216,3.35251827634931,0.04854558062777814
203076,Anthony Davis,LAL,2023-24,Rebounder,Elite,76,2700.2433333333333,1876,961,266,91,178,159,0.556,0.271,0.816,0.621,0.567,0.261,0.168,116.5,114.0,2.6,1.67,0.093,0.252,0.151,0.176,11.400000000000006,1.89770437600657,0.5209125025835367,2.991911059337521,1.5091921613821693
1630264,Anthony Gill,WAS,2023-24,Rebounder,Average,50,466.4966666666666,189,94,34,13,11,23,0.469,0.244,0.806,0.537,0.5,0.177,0.074,113.3,112.1,1.2,1.48,0.078,0.117,0.098,0.098,13.300000000000011,-0.4140674062020318,-0.6305115109495544,-0.30226120846533727,-0.8769767537252181
1641709,Ausar Thompson,DET,2023-24,Rebounder,Very Good,63,1582.805,556,402,120,68,59,84,0.483,0.186,0.597,0.522,0.505,0.161,0.084,107.7,113.1,-5.3,1.43,0.077,0.173,0.108,0.124,12.300000000000011,-0.35229650433398346,-0.2578815238792911,0.8462104072252558,0.11978180497991693
1628389,Bam Adebayo,MIA,2023-24,Rebounder,Elite,71,2416.4733333333334,1367,737,278,81,66,162,0.521,0.357,0.755,0.576,0.529,0.247,0.152,110.1,109.3,0.8,1.72,0.067,0.242,0.193,0.154,16.10000000000001,1.1708636917516577,0.8010102385181196,2.1172818618935323,0.5485695363875894
1641731,Bilal Coulibaly,WAS,2023-24,Rebounder,Average,63,1715.25,532,256,110,57,48,87,0.435,0.346,0.702,0.543,0.509,0.139,0.057,107.4,118.4,-11.0,1.26,0.031,0.116,0.086,0.072,7.0,-0.41058642385630734,-0.4182668104708529,-0.20364488983325016,-0.41688506913767637
1626171,Bobby Portis,MIL,2023-24,Rebounder,Elite,82,2008.1666666666667,1130,607,104,68,34,91,0.508,0.407,0.79,0.581,0.562,0.224,0.122,115.9,116.0,-0.1,1.14,0.071,0.228,0.078,0.15,9.400000000000006,0.8601679884704388,-0.4852861850842203,1.721384028798325,-0.3035433527404539
1630296,Braxton Key,DEN,2023-24,Rebounder,Average,20,59.98333333333333,22,18,9,2,1,1,0.412,0.4,0.75,0.536,0.471,0.148,0.143,95.5,103.8,-8.3,9.0,0.049,0.242,0.231,0.146,21.60000000000001,-0.7525107938653125,0.024644099535980346,0.10758542580075559,-0.6044625831665035
1628981,Bruno Fernando,ATL,2023-24,Rebounder,Very Good,45,682.3033333333333,282,193,46,25,28,44,0.583,0.0,0.667,0.615,0.583,0.172,0.096,107.5,113.9,-6.4,1.05,0.088,0.201,0.1,0.144,11.5,0.06236485792573587,-0.5751199084116607,0.5464473693328186,-0.6864019255023472
1628997,Caleb Martin,MIA,2023-24,Rebounder,Average,64,1756.5533333333333,640,281,143,47,29,77,0.431,0.349,0.778,0.531,0.504,0.168,0.075,113.0,111.1,1.9,1.86,0.042,0.119,0.118,0.08,14.300000000000011,-0.1890187937971454,-0.11707209011633872,-0.03539319080417577,-0.28382138671780427
1631096,Chet Holmgren,OKC,2023-24,Rebounder,Very Good,82,2412.7966666666666,1357,648,200,53,190,131,0.53,0.37,0.793,0.632,0.598,0.21,0.133,118.2,109.2,9.0,1.53,0.056,0.198,0.112,0.132,16.200000000000003,1.212976393398247,0.05896439524743921,1.6008587732443562,1.518892378000798
1629002,Chimezie Metu,DET,2023-24,Rebounder,Average,51,858.9066666666666,332,194,46,43,16,52,0.504,0.298,0.906,0.61,0.561,0.162,0.1,105.5,112.0,-6.6,0.88,0.05,0.177,0.08,0.115,13.400000000000006,-0.0033701971452235004,-0.6874729751100053,0.17965077308075547,-0.5096730780555475
1628449,Chris Boucher,TOR,2023-24,Rebounder,Very Good,50,704.8833333333333,322,207,23,14,24,28,0.507,0.33,0.772,0.625,0.578,0.167,0.106,116.0,113.6,2.4,0.82,0.084,0.202,0.044,0.142,11.800000000000011,0.11178376689802623,-0.9743413955808057,0.5581153608947719,-0.8232203713212173
1630537,Chris Duarte,SAC,2023-24,Rebounder,Average,59,719.5183333333333,230,106,44,28,8,26,0.381,0.346,0.788,0.512,0.486,0.146,0.052,110.4,113.5,-3.1,1.69,0.034,0.113,0.082,0.072,11.900000000000006,-0.7543736490609407,-0.6835970510848474,-0.6016516773830418,-0.8341652467290605
1641753,Chris Livingston,MIL,2023-24,Rebounder,Average,21,90.53333333333332,26,21,5,2,0,5,0.5,0.2,0.75,0.547,0.523,0.136,0.053,102.5,116.8,-14.3,1.0,0.037,0.222,0.075,0.13,8.600000000000009,-0.7745790846822304,-0.8664285860004605,-0.0882889073231331,-1.3783908228131094
1631128,Christian Braun,DEN,2023-24,Rebounder,Average,82,1655.565,600,306,132,42,35,55,0.46,0.384,0.694,0.554,0.525,0.152,0.084,110.0,109.3,0.7,2.4,0.046,0.126,0.109,0.087,16.10000000000001,-0.2034891314355851,-0.2081075746763147,0.12011885392021812,-0.16916500230182438
1626174,Christian Wood,LAL,2023-24,Rebounder,Very Good,50,871.9433333333334,347,254,49,16,33,50,0.466,0.307,0.702,0.568,0.532,0.173,0.101,109.9,109.9,0.0,0.98,0.048,0.226,0.079,0.144,15.5,-0.15216418097003934,-0.6820515544779078,0.7083034629364006,-0.49404817173378185
1629643,Chuma Okeke,ORL,2023-24,Rebounder,Average,47,431.73,107,80,20,9,7,16,0.357,0.28,0.571,0.465,0.46,0.131,0.066,99.5,106.8,-7.3,1.25,0.039,0.145,0.076,0.089,18.60000000000001,-1.221606400146847,-0.8056155628304692,-0.45406539737877394,-0.6474922837283926
203991,Clint Capela,ATL,2023-24,Rebounder,Elite,73,1883.0866666666664,836,776,91,43,106,74,0.571,0.0,0.631,0.59,0.571,0.167,0.121,115.5,115.6,-0.1,1.23,0.157,0.232,0.067,0.192,9.800000000000011,0.28234055070477304,-0.5949163589587072,2.7048704902343297,0.1893818520427708
1629655,Daniel Gafford,DAL,2023-24,Rebounder,Very Good,74,1814.355,814,562,115,65,153,74,0.725,0.0,0.674,0.731,0.725,0.145,0.121,113.9,116.0,-2.2,1.55,0.105,0.186,0.083,0.147,9.400000000000006,0.9115972733547957,-0.4167213138639132,1.5637630296193468,0.8693507748102404
1628464,Daniel Theis,LAC,2023-24,Rebounder,Average,60,1014.84,376,244,61,21,51,42,0.532,0.366,0.76,0.597,0.577,0.15,0.084,115.6,113.2,2.4,1.45,0.084,0.15,0.081,0.117,12.200000000000003,-0.13381339955569116,-0.626659951940014,0.33779901087337993,-0.454017432650275
203967,Dario Saric,GSW,2023-24,Rebounder,Very Good,64,1097.7516666666668,515,283,144,31,10,78,0.466,0.376,0.849,0.6,0.562,0.19,0.111,113.7,115.3,-1.6,1.85,0.063,0.192,0.187,0.126,10.100000000000009,0.27639819313269454,0.2742256813152884,0.5559376643784484,-0.8886046449970841
1631223,David Roddy,PHX,2023-24,Rebounder,Average,65,1176.9816666666666,425,211,80,27,11,57,0.403,0.293,0.691,0.484,0.462,0.177,0.068,104.3,113.6,-9.3,1.4,0.042,0.134,0.102,0.087,11.800000000000011,-0.5469056770558766,-0.4387750967823252,-0.13195211152798322,-0.820049685163105
1630549,Day'Ron Sharpe,BKN,2023-24,Rebounder,Elite,61,920.575,415,389,85,24,44,70,0.571,0.267,0.61,0.596,0.578,0.185,0.131,112.8,108.0,4.8,1.21,0.163,0.235,0.137,0.199,17.400000000000006,0.1448107448301106,-0.2237587734485308,1.7671905584886294,-0.18823128159943336
201599,DeAndre Jordan,DEN,2023-24,Rebounder,Very Good,36,395.7166666666666,142,157,26,6,16,23,0.624,0.0,0.491,0.61,0.624,0.147,0.11,105.2,115.9,-10.7,1.13,0.126,0.237,0.098,0.182,9.5,-0.25019572513442845,-0.6599490415282605,0.9350326038987198,-1.1221867394661496
1629028,Deandre Ayton,POR,2023-24,Rebounder,Elite,55,1783.4983333333332,920,609,90,56,42,99,0.57,0.1,0.823,0.587,0.571,0.211,0.141,106.6,115.3,-8.7,0.91,0.096,0.25,0.086,0.171,10.100000000000009,0.6478656631912388,-0.4918606369176183,1.994223526363942,-0.305811723440965
1630166,Deni Avdija,WAS,2023-24,Rebounder,Very Good,75,2256.643333333333,1102,540,286,59,36,160,0.506,0.374,0.74,0.597,0.56,0.196,0.109,109.7,116.2,-6.5,1.79,0.036,0.192,0.174,0.115,9.200000000000003,0.7264828998223883,0.7237123557333984,1.0977197630289415,-0.38831162618901693
1641726,Dereck Lively II,DAL,2023-24,Rebounder,Very Good,55,1294.2816666666668,483,378,60,36,77,50,0.747,0.0,0.506,0.728,0.747,0.124,0.102,120.6,115.6,5.0,1.2,0.106,0.179,0.06,0.144,9.800000000000011,0.5020142450012995,-0.7483103632956142,1.0373224073108949,-0.17655414461451602
1627734,Domantas Sabonis,SAC,2023-24,Rebounder,Elite,82,2928.0216666666665,1593,1120,673,74,48,272,0.594,0.379,0.704,0.637,0.609,0.22,0.169,116.0,115.2,0.8,2.47,0.097,0.295,0.334,0.192,10.200000000000003,1.4849600429371053,3.0465774310650646,3.617632723015185,-0.05272693902796507
1631230,Dominick Barlow,SAS,2023-24,Rebounder,Average,33,419.54,144,113,36,12,14,9,0.496,0.333,0.69,0.548,0.509,0.139,0.084,113.3,117.8,-4.5,4.0,0.098,0.167,0.114,0.13,7.6000000000000085,-0.6618045283453396,-0.5332696749462021,0.15582192237407239,-1.1918873724364774
1627827,Dorian Finney-Smith,BKN,2023-24,Rebounder,Average,68,1934.5933333333328,580,317,107,56,38,59,0.421,0.348,0.717,0.546,0.535,0.132,0.062,111.0,113.2,-2.2,1.81,0.053,0.107,0.077,0.079,12.200000000000003,-0.4100620409770679,-0.4798647644521227,0.047388783903093895,-0.22289676184930005
1629234,Drew Eubanks,PHX,2023-24,Rebounder,Very Good,75,1168.705,379,322,63,27,61,61,0.601,1.0,0.774,0.645,0.607,0.129,0.099,108.3,112.3,-4.1,1.03,0.09,0.176,0.079,0.135,13.100000000000009,-0.010938338388105798,-0.630535875965172,0.7740763178835169,-0.23779540744512548
1630596,Evan Mobley,CLE,2023-24,Rebounder,Very Good,50,1532.35,785,468,160,45,72,90,0.58,0.373,0.719,0.626,0.6,0.2,0.139,111.2,110.1,1.2,1.78,0.074,0.221,0.155,0.15,15.300000000000011,0.6929691666036185,0.15333583575534934,1.3525644056688517,0.18926151458719295
1629048,Goga Bitadze,ORL,2023-24,Rebounder,Very Good,62,957.0866666666668,311,286,79,32,72,44,0.603,0.143,0.655,0.629,0.608,0.129,0.113,112.1,110.3,1.8,1.8,0.11,0.187,0.117,0.148,15.100000000000009,-0.15145704498530113,-0.35818998808090496,0.8441701948324105,0.04281286137923712
1628385,Harry Giles III,LAL,2023-24,Rebounder,Average,23,99.92,56,30,6,2,3,6,0.46,0.214,0.538,0.503,0.49,0.233,0.081,107.5,123.3,-15.8,1.0,0.103,0.178,0.088,0.138,2.1000000000000085,-0.294429449403502,-0.7897194013241982,0.03750873436729685,-1.7299438186256584
1630543,Isaiah Jackson,IND,2023-24,Rebounder,Very Good,60,770.905,383,238,50,34,61,39,0.665,0.0,0.716,0.689,0.665,0.165,0.122,114.5,111.7,2.7,1.28,0.121,0.187,0.085,0.154,13.700000000000003,0.5070552045681765,-0.6446659431460662,0.7932459486445591,-0.13001306184724074
1630191,Isaiah Stewart,DET,2023-24,Rebounder,Average,46,1422.8166666666666,503,305,73,17,38,66,0.487,0.383,0.753,0.6,0.575,0.143,0.081,110.3,114.5,-4.2,1.11,0.053,0.161,0.069,0.107,10.900000000000006,-0.07631825107168244,-0.6499154960909616,0.3722585614301588,-0.7033709940078188
1627826,Ivica Zubac,LAC,2023-24,Rebounder,Elite,68,1794.4483333333333,794,626,93,22,83,79,0.649,0.0,0.723,0.671,0.649,0.165,0.125,117.1,112.4,4.7,1.18,0.117,0.235,0.075,0.179,13.0,0.7005317638529781,-0.542615749634693,2.1412481967236943,-0.07289348157404037
201580,JaVale McGee,SAC,2023-24,Rebounder,Very Good,46,339.3616666666667,185,126,17,14,20,34,0.598,0.143,0.578,0.609,0.602,0.214,0.127,108.5,110.4,-1.9,0.5,0.115,0.235,0.076,0.175,15.0,0.26556844103702654,-0.8166546367974841,0.763600287672334,-0.6756752671750998
1631095,Jabari Smith Jr.,HOU,2023-24,Rebounder,Very Good,76,2423.845,1044,616,121,52,61,89,0.454,0.363,0.811,0.571,0.537,0.174,0.099,111.9,113.8,-1.9,1.36,0.053,0.191,0.071,0.121,11.600000000000009,0.3749497151010625,-0.4620550059488904,1.3758144612155843,-0.06689334656158093
1631133,Jabari Walker,POR,2023-24,Rebounder,Very Good,72,1700.5733333333333,638,508,71,42,22,66,0.46,0.295,0.754,0.546,0.5,0.159,0.093,107.1,116.5,-9.5,1.08,0.082,0.222,0.062,0.147,8.900000000000006,-0.17058238720098617,-0.6965984520800588,1.420480586101422,-0.7237256946981859
1627751,Jakob Poeltl,TOR,2023-24,Rebounder,Very Good,50,1319.1083333333331,555,429,127,35,76,77,0.656,0.0,0.551,0.653,0.656,0.16,0.117,113.6,114.2,-0.6,1.65,0.11,0.214,0.131,0.162,11.200000000000003,0.38865910720722613,-0.10291765791982695,1.4019584925620696,-0.11477642648659729
1631105,Jalen Duren,DET,2023-24,Rebounder,Elite,61,1777.4816666666666,841,709,147,33,47,129,0.619,0.0,0.79,0.653,0.619,0.181,0.137,109.3,117.0,-7.6,1.14,0.105,0.285,0.123,0.194,8.400000000000006,0.7486378250262317,-0.07426505815239946,2.5525734337381163,-0.5934186985909314
1630552,Jalen Johnson,ATL,2023-24,Rebounder,Very Good,56,1888.8666666666663,896,488,203,67,47,101,0.511,0.355,0.728,0.584,0.562,0.184,0.117,113.3,115.2,-1.9,2.01,0.036,0.211,0.154,0.122,10.200000000000003,0.4157524644854356,0.3059449092809776,1.048921656811109,-0.13537394359922117
1630188,Jalen Smith,IND,2023-24,Rebounder,Very Good,61,1046.625,601,337,63,17,38,44,0.592,0.424,0.692,0.682,0.67,0.187,0.124,119.5,118.6,1.0,1.43,0.104,0.219,0.078,0.16,6.800000000000011,0.7852935236774959,-0.6361535293000893,1.1323683542555034,-0.944265161710779
1630592,Jalen Wilson,BKN,2023-24,Rebounder,Average,43,664.5366666666666,214,131,45,11,4,19,0.425,0.324,0.826,0.537,0.492,0.138,0.075,111.4,113.0,-1.6,2.37,0.068,0.128,0.095,0.097,12.400000000000006,-0.6815374834185813,-0.6068878664085852,-0.21682585517440234,-1.0214009351679023
1630164,James Wiseman,DET,2023-24,Rebounder,Very Good,63,1091.0433333333333,446,336,54,12,39,66,0.613,0.0,0.706,0.637,0.613,0.158,0.097,104.8,118.2,-13.4,0.82,0.096,0.207,0.077,0.15,7.200000000000003,0.20393233028141045,-0.6748884045360508,1.0023184326250352,-0.9624526423794656
1628386,Jarrett Allen,CLE,2023-24,Rebounder,Elite,77,2442.0616666666665,1271,811,210,53,81,121,0.634,0.0,0.742,0.664,0.634,0.191,0.149,115.5,110.7,4.8,1.74,0.103,0.231,0.128,0.168,14.700000000000003,1.1948295845314891,0.18564376182949754,2.4919870373502873,0.3279567890916391
1631119,Jaylin Williams,OKC,2023-24,Rebounder,Average,69,896.9466666666667,276,234,110,28,27,34,0.417,0.368,0.805,0.561,0.533,0.133,0.096,114.7,107.9,6.8,3.24,0.041,0.216,0.162,0.131,17.5,-0.5362077911127182,0.008674842982856604,0.4896203853022513,-0.3129072503934686
1630526,Jeremiah Robinson-Earl,NOP,2023-24,Rebounder,Average,39,334.31333333333333,115,76,21,10,4,16,0.474,0.333,0.75,0.564,0.542,0.144,0.09,106.2,108.1,-1.9,1.31,0.067,0.151,0.091,0.109,17.30000000000001,-0.5546348578019294,-0.7176710714843726,-0.2098858256198291,-0.7438643903636514
1631110,Jeremy Sochan,SAS,2023-24,Rebounder,Very Good,74,2193.095,861,476,249,62,40,140,0.438,0.308,0.771,0.513,0.483,0.187,0.082,108.1,115.0,-7.0,1.78,0.06,0.153,0.161,0.106,10.400000000000006,0.0065286276859568,0.5145342834529586,0.8132466449322409,-0.24625207130238783
1629111,Jock Landale,HOU,2023-24,Rebounder,Average,56,763.46,274,172,65,20,33,31,0.515,0.25,0.8,0.584,0.539,0.139,0.092,114.9,105.3,9.6,2.1,0.106,0.102,0.113,0.104,20.10000000000001,-0.3622238639308876,-0.43217627993330965,-0.018859753111364008,-0.18233121475282177
1628381,John Collins,UTA,2023-24,Rebounder,Elite,68,1901.06,1027,575,77,40,61,98,0.532,0.371,0.795,0.621,0.59,0.199,0.111,114.2,121.7,-7.5,0.79,0.079,0.222,0.06,0.149,3.700000000000003,0.8315790449992452,-0.6857556108158636,1.623736259816356,-0.6553916347123948
202685,Jonas Valančiūnas,NOP,2023-24,Rebounder,Elite,82,1924.8316666666667,1002,721,173,33,68,111,0.559,0.308,0.785,0.619,0.585,0.207,0.135,117.3,113.4,3.9,1.56,0.1,0.272,0.128,0.189,12.0,0.8606791058161548,0.04949518290298166,2.5207157052186986,-0.16943512434819952
1628371,Jonathan Isaac,ORL,2023-24,Rebounder,Very Good,58,914.61,393,260,30,43,70,27,0.51,0.375,0.72,0.61,0.584,0.16,0.136,113.0,102.1,10.9,1.11,0.083,0.201,0.047,0.144,23.30000000000001,0.025978923560162032,-0.9317305963196861,0.7242237344383922,0.6183412611004445
1628404,Josh Hart,NYK,2023-24,Rebounder,Very Good,81,2706.7716666666665,761,675,331,75,23,118,0.434,0.31,0.791,0.522,0.493,0.133,0.1,117.2,110.6,6.6,2.81,0.046,0.205,0.164,0.123,14.800000000000011,-0.40943447113574155,0.8331219318894483,1.5578431062611962,-0.025030670938753958
203994,Jusuf Nurkić,PHX,2023-24,Rebounder,Elite,76,2078.035,829,837,301,81,80,175,0.51,0.244,0.64,0.559,0.528,0.187,0.12,120.5,111.3,9.2,1.72,0.115,0.284,0.186,0.204,14.100000000000009,0.24645852718979203,0.8463195655874792,3.019602435494075,0.5727046823315995
1630231,KJ Martin,PHI,2023-24,Rebounder,Average,60,746.495,224,131,51,22,12,32,0.536,0.286,0.537,0.563,0.558,0.127,0.058,110.7,110.5,0.2,1.59,0.052,0.12,0.094,0.085,14.900000000000006,-0.6061953555423093,-0.5904273718094728,-0.3697017068305658,-0.6795995431981344
1628966,Keita Bates-Diop,BKN,2023-24,Rebounder,Average,53,664.59,197,110,38,25,22,15,0.434,0.304,0.762,0.534,0.497,0.128,0.078,109.3,113.1,-3.8,2.53,0.049,0.118,0.084,0.085,12.300000000000011,-0.7841544445086902,-0.6944398923490425,-0.4254226570875367,-0.7001029694811797
1629026,Kenrich Williams,OKC,2023-24,Rebounder,Average,69,1029.006666666667,325,209,93,38,9,32,0.468,0.397,0.5,0.568,0.568,0.132,0.079,115.2,106.7,8.4,2.91,0.062,0.14,0.12,0.102,18.700000000000003,-0.46816922210544504,-0.2898213495634176,0.053835945874890656,-0.3209023630062514
201567,Kevin Love,MIA,2023-24,Rebounder,Very Good,55,924.2633333333332,485,338,115,18,10,48,0.44,0.344,0.787,0.597,0.557,0.21,0.144,114.7,108.2,6.5,2.4,0.062,0.295,0.189,0.178,17.200000000000003,0.3840207578605612,0.1787499396373131,1.3643355103234138,-0.6061441703436714
1631200,Kris Murray,POR,2023-24,Rebounder,Average,62,1348.2716666666668,376,224,80,53,21,55,0.396,0.268,0.661,0.481,0.463,0.136,0.059,106.1,112.1,-6.0,1.45,0.057,0.107,0.083,0.08,13.300000000000011,-0.899534347955066,-0.5455105101457525,-0.18663577007309656,-0.3613475961620154
1630205,Lamar Stevens,MEM,2023-24,Rebounder,Average,38,559.0133333333333,272,127,28,23,22,24,0.45,0.304,0.778,0.516,0.479,0.213,0.11,105.3,104.0,1.3,1.17,0.058,0.148,0.085,0.103,21.400000000000006,-0.21074295080831953,-0.725619152237508,-0.15100144368098178,-0.18615815240733055
1629677,Luka Samanic,UTA,2023-24,Rebounder,Average,43,404.37666666666667,177,102,19,5,7,28,0.38,0.203,0.786,0.485,0.421,0.21,0.073,106.5,112.0,-5.5,0.68,0.051,0.177,0.071,0.116,13.400000000000006,-0.4784571677932074,-0.8373835208273936,-0.051720402311769775,-0.9944620457390537
202693,Markieff Morris,DAL,2023-24,Rebounder,Average,26,216.3883333333333,66,39,16,5,3,12,0.338,0.357,0.833,0.467,0.449,0.153,0.063,99.8,115.1,-15.3,1.33,0.017,0.152,0.106,0.083,10.300000000000011,-1.0786878285261965,-0.6518047280723054,-0.6392918451371319,-1.2170713944048013
1628963,Marvin Bagley III,WAS,2023-24,Rebounder,Very Good,50,1053.3516666666667,583,312,55,20,33,59,0.586,0.391,0.762,0.629,0.597,0.204,0.122,109.5,115.5,-6.0,0.93,0.119,0.175,0.079,0.146,9.900000000000006,0.5937316192640956,-0.6599734065438781,0.8876787293983471,-0.7816289002577482
203486,Mason Plumlee,LAC,2023-24,Rebounder,Very Good,46,673.9266666666666,244,234,55,14,17,36,0.569,0.0,0.707,0.621,0.569,0.147,0.108,115.8,115.5,0.3,1.53,0.09,0.244,0.107,0.17,9.900000000000006,-0.11374563587210347,-0.5026791131661957,0.9864669031847829,-1.0056765019367802
1631108,Max Christie,LAL,2023-24,Rebounder,Average,67,944.3183333333334,284,142,60,20,17,35,0.427,0.356,0.783,0.544,0.515,0.132,0.063,109.2,110.3,-1.1,1.71,0.017,0.122,0.084,0.073,15.100000000000009,-0.6349571971671749,-0.6134866832576007,-0.4933903940664115,-0.6379840140494949
1629008,Michael Porter Jr.,DEN,2023-24,Rebounder,Very Good,81,2564.605,1356,565,122,42,53,92,0.484,0.397,0.836,0.601,0.586,0.202,0.106,120.2,112.1,8.1,1.33,0.042,0.177,0.064,0.111,13.300000000000011,0.9764477656720253,-0.4976988879709726,1.1130956104018521,-0.151563740385126
203488,Mike Muscala,OKC,2023-24,Rebounder,Average,53,600.18,157,125,37,9,13,22,0.359,0.292,0.68,0.47,0.449,0.132,0.049,106.4,114.0,-7.6,1.68,0.062,0.139,0.082,0.1,11.400000000000006,-1.1496407904843395,-0.7093548903412152,-0.19452716376235307,-1.009821160066376
1628964,Mo Bamba,PHI,2023-24,Rebounder,Very Good,57,740.3516666666667,253,238,41,22,60,39,0.49,0.391,0.68,0.575,0.553,0.149,0.098,107.5,110.5,-3.0,1.05,0.095,0.218,0.083,0.153,14.900000000000006,-0.35562099667649844,-0.689018471716945,0.7805062943398788,-0.19396127105065328
1629650,Moses Brown,POR,2023-24,Rebounder,Very Good,22,199.97833333333327,75,86,7,5,7,11,0.508,0.0,0.29,0.477,0.508,0.176,0.08,104.5,118.9,-14.4,0.64,0.155,0.254,0.057,0.199,6.5,-0.8466510386353151,-0.9601869633842941,0.9632168476380503,-1.3998693035806218
1630230,Naji Marshall,NOP,2023-24,Rebounder,Average,66,1257.1233333333332,466,240,128,49,12,65,0.463,0.387,0.791,0.576,0.542,0.158,0.092,115.4,106.8,8.7,1.97,0.042,0.142,0.139,0.093,18.60000000000001,-0.13041439944151298,-0.05429673991815081,0.021433793226391662,-0.18245044618055248
1629674,Neemias Queta,BOS,2023-24,Rebounder,Very Good,28,333.21666666666664,154,122,20,13,21,13,0.644,0.0,0.714,0.662,0.644,0.16,0.123,128.7,108.3,20.4,1.54,0.157,0.195,0.078,0.177,17.10000000000001,0.1509362114163145,-0.7943802561606348,0.7784660819470337,-0.5525343485063833
1629651,Nic Claxton,BKN,2023-24,Rebounder,Elite,71,2115.6633333333334,841,706,147,46,146,93,0.629,0.2,0.551,0.629,0.63,0.156,0.128,108.4,114.1,-5.6,1.58,0.088,0.239,0.107,0.162,11.300000000000011,0.42840490455598407,-0.16414751151107512,2.1369443602373517,0.7132965135548613
1630208,Nick Richards,CHA,2023-24,Rebounder,Elite,67,1758.736666666667,652,539,54,26,74,73,0.691,0.0,0.737,0.717,0.691,0.131,0.108,106.3,118.2,-11.9,0.74,0.097,0.218,0.046,0.156,7.200000000000003,0.6122388906816533,-0.849035657918485,1.6173922109371683,-0.4632823211355601
1631107,Nikola Jović,MIA,2023-24,Rebounder,Average,46,896.2366666666667,352,192,90,25,14,42,0.452,0.399,0.702,0.583,0.568,0.171,0.092,115.8,107.9,7.8,2.14,0.029,0.186,0.14,0.109,17.5,-0.07743635740156933,-0.18850735683208775,0.0979060900853431,-0.4755183712483472
202696,Nikola Vučević,CHI,2023-24,Rebounder,Elite,76,2609.5016666666666,1370,801,254,50,60,120,0.484,0.294,0.822,0.54,0.522,0.233,0.126,112.5,115.7,-3.1,2.12,0.08,0.229,0.153,0.154,9.700000000000003,0.8647090863533577,0.487991513385312,2.2870980912481103,-0.2093674190353326
1630534,Ochai Agbaji,TOR,2023-24,Rebounder,Average,78,1641.611666666667,455,216,83,47,44,64,0.411,0.294,0.661,0.497,0.483,0.131,0.046,110.1,117.2,-7.1,1.3,0.044,0.083,0.068,0.063,8.200000000000003,-0.7876854134307975,-0.6187362362024962,-0.42443692192198385,-0.4904629444736826
1641765,Olivier-Maxence Prosper,DAL,2023-24,Rebounder,Average,40,336.21166666666664,121,79,22,7,4,8,0.385,0.289,0.683,0.496,0.447,0.153,0.082,99.6,112.8,-13.2,2.75,0.062,0.153,0.095,0.104,12.600000000000009,-0.8732160874077107,-0.6915207668223653,-0.26562396139223476,-1.0510954519112494
1630209,Omer Yurtseven,UTA,2023-24,Rebounder,Very Good,48,545.1016666666667,222,208,29,8,18,37,0.538,0.208,0.679,0.565,0.552,0.173,0.11,104.4,117.2,-12.8,0.78,0.117,0.255,0.084,0.181,8.200000000000003,-0.2594604060410052,-0.727557114250087,1.0576152573609687,-1.1576101631477336
1630168,Onyeka Okongwu,ATL,2023-24,Rebounder,Very Good,55,1404.736666666667,561,376,74,26,60,45,0.611,0.333,0.793,0.674,0.642,0.134,0.094,118.1,119.0,-0.9,1.64,0.099,0.169,0.071,0.132,6.400000000000006,0.3227217273787267,-0.6350004980987889,0.879139798487401,-0.6519305572181774
1631115,Orlando Robinson,MIA,2023-24,Rebounder,Average,36,303.69,99,84,34,7,8,18,0.5,0.533,0.76,0.596,0.556,0.143,0.097,113.1,109.6,3.5,1.89,0.099,0.189,0.161,0.145,15.800000000000011,-0.39053256429117994,-0.27659935084976894,0.26996875801798365,-0.8226106357405509
1629052,Oshae Brissett,BOS,2023-24,Rebounder,Average,55,630.165,201,160,44,19,8,20,0.444,0.273,0.602,0.53,0.493,0.136,0.076,117.2,106.4,10.8,2.2,0.089,0.148,0.089,0.118,19.0,-0.7455761370774568,-0.6442734777404269,0.12765486415017682,-0.5102593203224001
1629023,P.J. Washington,DAL,2023-24,Rebounder,Average,73,2220.6783333333333,939,411,141,72,59,96,0.436,0.32,0.683,0.537,0.518,0.185,0.079,112.8,115.6,-2.8,1.47,0.037,0.147,0.087,0.091,9.800000000000011,0.18535814909213033,-0.2985787261434493,0.44968222242379347,0.01434056910940821
1631116,Patrick Baldwin Jr.,WAS,2023-24,Rebounder,Average,38,493.5083333333333,168,123,29,18,15,19,0.381,0.32,0.679,0.502,0.481,0.153,0.072,108.4,111.0,-2.5,1.53,0.032,0.201,0.078,0.116,14.400000000000006,-0.8050168704020848,-0.7612630342595903,0.0040005479452010495,-0.7200699404669159
1630194,Paul Reed,PHI,2023-24,Rebounder,Very Good,82,1589.5016666666668,600,488,109,67,84,67,0.54,0.368,0.718,0.58,0.561,0.156,0.104,116.3,112.0,4.2,1.63,0.117,0.194,0.095,0.154,13.400000000000006,-0.025551261911296048,-0.37138762177893603,1.4565905945608786,0.4269871846728706
1630173,Precious Achiuwa,NYK,2023-24,Rebounder,Very Good,74,1623.753333333333,565,487,97,46,68,83,0.501,0.268,0.616,0.545,0.529,0.158,0.095,111.2,112.3,-1.0,1.17,0.111,0.182,0.088,0.145,13.100000000000009,-0.23626427748243262,-0.4548674909914159,1.3392803272350904,0.029892736404308968
1626158,Richaun Holmes,WAS,2023-24,Rebounder,Very Good,40,554.11,199,182,25,11,19,24,0.558,0.333,0.723,0.593,0.561,0.141,0.091,108.1,115.8,-7.7,1.04,0.115,0.198,0.062,0.155,9.600000000000009,-0.35021124385698627,-0.865864252907619,0.6573964022639839,-1.0341520652604215
1626220,Royce O'Neale,PHX,2023-24,Rebounder,Average,79,1954.2416666666663,608,377,219,59,44,73,0.397,0.37,0.686,0.548,0.542,0.134,0.081,113.6,110.4,3.2,3.0,0.029,0.155,0.149,0.092,15.0,-0.3637938343554758,0.3367317037638037,0.37220700488385433,0.0334052011226779
203497,Rudy Gobert,MIN,2023-24,Rebounder,Elite,76,2593.113333333333,1061,982,102,52,162,118,0.661,0.0,0.638,0.675,0.661,0.152,0.136,114.6,106.6,8.0,0.86,0.118,0.256,0.057,0.191,18.80000000000001,0.8207824065923625,-0.6106162877621586,3.2387268241646963,1.3780041781051626
1630180,Saddiq Bey,ATL,2023-24,Rebounder,Average,63,2061.6583333333333,863,411,92,51,11,54,0.416,0.316,0.837,0.549,0.497,0.163,0.079,118.6,119.1,-0.5,1.7,0.075,0.119,0.058,0.096,6.300000000000011,0.038110659297927375,-0.6417955476506241,0.513380493947195,-0.8945276874158825
1630572,Sandro Mamukelashvili,SAS,2023-24,Rebounder,Average,46,450.9583333333333,190,147,49,7,12,19,0.471,0.297,0.735,0.559,0.532,0.169,0.121,105.4,101.3,4.1,2.58,0.088,0.209,0.158,0.147,24.10000000000001,-0.34612431732839494,-0.23825694101944667,0.46261091739825677,-0.2944769768173897
1630583,Santi Aldama,MEM,2023-24,Rebounder,Average,61,1618.0566666666666,654,352,138,43,54,69,0.435,0.349,0.621,0.539,0.528,0.177,0.1,106.2,114.6,-8.3,2.0,0.041,0.173,0.134,0.105,10.800000000000011,-0.06729808055362094,-0.04558809336935431,0.4714880462530663,-0.27797160106749796
1631106,Tari Eason,HOU,2023-24,Rebounder,Average,22,480.105,215,153,27,31,19,20,0.466,0.36,0.636,0.528,0.513,0.188,0.131,112.6,103.1,9.4,1.35,0.088,0.203,0.087,0.145,22.30000000000001,-0.36625005709312486,-0.7180635368900119,0.4530518802908878,-0.0807404333655
1641707,Taylor Hendricks,UTA,2023-24,Rebounder,Average,40,856.4316666666666,292,185,32,28,30,27,0.45,0.379,0.793,0.578,0.56,0.135,0.074,110.2,118.2,-8.1,1.19,0.053,0.159,0.051,0.106,7.200000000000003,-0.41283032863298114,-0.9019006003353408,0.04111347708564522,-0.8877280113941274
201152,Thaddeus Young,PHX,2023-24,Rebounder,Average,33,439.50166666666667,137,103,57,23,5,15,0.602,0.143,0.4,0.598,0.606,0.125,0.091,114.7,118.7,-3.9,3.8,0.105,0.132,0.178,0.118,6.700000000000003,-0.48346250963929677,-0.09646634374239602,-0.023587715118743968,-1.2218487636872513
1628418,Thomas Bryant,MIA,2023-24,Rebounder,Very Good,38,441.365,217,141,23,10,16,21,0.577,0.182,0.872,0.639,0.591,0.187,0.124,112.8,110.7,2.1,1.1,0.093,0.233,0.079,0.163,14.700000000000003,0.26251827719171333,-0.7777235288587028,0.6505251147711499,-0.7752169774554881
1628470,Torrey Craig,CHI,2023-24,Rebounder,Average,53,1048.6016666666667,303,217,58,30,21,32,0.43,0.392,0.75,0.568,0.55,0.121,0.064,111.2,118.4,-7.3,1.81,0.062,0.148,0.074,0.102,7.0,-0.5645598013106984,-0.6770225992514495,0.07506297454421287,-0.9698133965550567
1641739,Toumani Camara,POR,2023-24,Rebounder,Average,70,1739.32,527,343,87,66,33,84,0.45,0.337,0.758,0.547,0.516,0.134,0.065,106.9,111.5,-4.6,1.04,0.073,0.119,0.072,0.095,13.900000000000006,-0.42792443402623137,-0.5815468575734741,0.32021109595327585,-0.06998750489738881
1631218,Trayce Jackson-Davis,GSW,2023-24,Rebounder,Very Good,68,1130.4516666666666,540,341,82,29,76,49,0.702,0.0,0.561,0.692,0.702,0.157,0.127,114.1,113.0,1.1,1.67,0.114,0.172,0.103,0.143,12.400000000000006,0.5788643389390252,-0.4257980608027314,0.9264077454105992,-0.10643899405706565
1641998,Trey Jemison III,MEM,2023-24,Rebounder,Average,25,573.985,171,134,27,12,28,34,0.551,0.0,0.84,0.582,0.551,0.132,0.066,106.5,113.8,-7.3,0.79,0.105,0.131,0.069,0.117,11.600000000000009,-0.4991806507521172,-0.8191812969185219,0.04592736667019942,-0.8152241761954517
1626168,Trey Lyles,SAC,2023-24,Rebounder,Average,58,1158.2183333333332,419,257,72,17,19,38,0.445,0.384,0.7,0.596,0.576,0.139,0.085,117.9,110.2,7.7,1.89,0.052,0.166,0.079,0.109,15.200000000000003,-0.18904683440263267,-0.5974186540641276,0.27037569802358613,-0.6429577073533358
202684,Tristan Thompson,CLE,2023-24,Rebounder,Very Good,49,548.9166666666666,161,174,51,12,14,29,0.613,0.0,0.288,0.567,0.613,0.132,0.091,113.3,113.8,-0.5,1.76,0.13,0.179,0.134,0.155,11.600000000000009,-0.5921551831077935,-0.3657212384127836,0.6361693735946616,-0.956868672238467
1628972,Troy Brown Jr.,DET,2023-24,Rebounder,Average,59,826.5116666666667,247,144,60,24,3,30,0.372,0.333,0.865,0.51,0.476,0.139,0.07,106.4,114.2,-7.7,2.0,0.03,0.143,0.102,0.086,11.200000000000003,-0.8047925640774575,-0.5123689232290906,-0.3224681309382371,-0.9673262910323229
1641705,Victor Wembanyama,SAS,2023-24,Rebounder,Elite,71,2106.235,1522,755,274,88,254,260,0.465,0.325,0.796,0.565,0.519,0.312,0.162,107.9,111.2,-3.2,1.05,0.074,0.273,0.213,0.174,14.200000000000003,1.6955802121197567,0.8986445399271111,2.419835762493113,2.411548426939352
1631117,Walker Kessler,UTA,2023-24,Rebounder,Very Good,64,1493.1066666666666,518,481,60,30,154,66,0.654,0.211,0.602,0.663,0.66,0.127,0.109,111.4,116.0,-4.5,0.91,0.109,0.199,0.058,0.155,9.400000000000006,0.17757605063668316,-0.7595456699654486,1.4507565987799018,0.5168205359723954
1628976,Wendell Carter Jr.,ORL,2023-24,Rebounder,Very Good,55,1406.3033333333333,603,381,95,35,28,68,0.525,0.374,0.694,0.623,0.6,0.172,0.113,110.8,109.6,1.1,1.4,0.083,0.207,0.1,0.144,15.800000000000011,0.3395939546239382,-0.3948150336170856,1.0452825430618908,-0.3301431934063662
1630214,Xavier Tillman,BOS,2023-24,Rebounder,Average,54,974.555,284,211,77,51,44,34,0.434,0.247,0.44,0.472,0.47,0.146,0.078,106.6,109.4,-2.9,2.26,0.066,0.149,0.116,0.105,16.0,-0.9441330548517985,-0.37116702406049873,0.09736166595626214,0.009268972665685013
1629139,Yuta Watanabe,MEM,2023-24,Rebounder,Average,34,464.3733333333333,117,54,15,12,7,19,0.353,0.294,0.588,0.474,0.461,0.129,0.03,107.4,114.7,-7.3,0.79,0.023,0.088,0.045,0.056,10.700000000000003,-1.1775780491352947,-0.9981612728245947,-0.9434618326085208,-1.0805701278045274
1628380,Zach Collins,SAS,2023-24,Rebounder,Very Good,69,1525.7283333333332,776,370,194,34,52,132,0.484,0.32,0.753,0.565,0.531,0.224,0.095,105.0,116.3,-11.4,1.47,0.073,0.162,0.196,0.117,9.100000000000009,0.5134006874053448,0.5087691274464569,0.6721247124152049,-0.49134174310260487
1630192,Zeke Nnaji,DEN,2023-24,Rebounder,Average,58,576.12,186,125,32,15,38,27,0.463,0.261,0.677,0.528,0.483,0.15,0.063,102.9,114.8,-11.9,1.19,0.099,0.103,0.08,0.101,10.600000000000009,-0.6653416945574571,-0.738988653622741,-0.18178750945767275,-0.7417201223992933
1630533,Ziaire Williams,MEM,2023-24,Rebounder,Average,51,1037.6816666666666,420,180,75,36,9,66,0.397,0.307,0.827,0.511,0.474,0.192,0.074,102.5,112.4,-9.9,1.14,0.031,0.138,0.118,0.082,13.0,-0.28633071327981946,-0.36729110003534093,-0.27790511914500815,-0.67652673666504
1641737,Adem Bona,PHI,2024-25,Rebounder,Average,58,904.55,337,245,27,26,69,61,0.703,0.0,0.67,0.714,0.703,0.135,0.093,107.4,114.0,-6.6,0.44,0.097,0.164,0.043,0.13,11.400000000000006,0.39720629684391257,-0.9652402836263698,0.506067895417889,-0.26710000594301175
201143,Al Horford,BOS,2024-25,Rebounder,Average,60,1658.5733333333333,538,369,128,36,51,46,0.423,0.363,0.895,0.563,0.547,0.136,0.091,119.6,108.1,11.5,2.78,0.046,0.165,0.102,0.106,17.30000000000001,-0.3138702524075984,-0.26214991331008836,0.5293351364800563,0.001051854176867632
1642259,Alex Sarr,WAS,2024-25,Rebounder,Very Good,67,1814.2283333333328,869,435,161,44,101,114,0.394,0.308,0.679,0.482,0.457,0.23,0.084,102.7,116.4,-13.7,1.41,0.06,0.158,0.139,0.108,9.0,0.14983492562634795,0.06713307371901202,0.7299374316113252,0.10215215492611736
1630578,Alperen Sengun,HOU,2024-25,Rebounder,Elite,76,2394.9766666666665,1451,786,372,84,61,194,0.496,0.233,0.692,0.545,0.505,0.259,0.153,114.9,107.4,7.6,1.92,0.099,0.21,0.238,0.153,18.0,1.1420423645072102,1.399695622889192,2.234557758188451,0.640700187781217
1641708,Amen Thompson,HOU,2024-25,Rebounder,Very Good,69,2225.415,970,564,265,97,89,138,0.557,0.275,0.684,0.602,0.575,0.172,0.129,114.2,107.9,6.3,1.92,0.078,0.159,0.167,0.118,17.5,0.4841873523059544,0.6071152646198742,1.199619811950949,1.0293095605405516
203083,Andre Drummond,PHI,2024-25,Rebounder,Elite,40,750.6333333333333,293,310,34,39,18,55,0.5,0.15,0.622,0.535,0.506,0.183,0.109,103.4,118.9,-15.5,0.62,0.134,0.288,0.07,0.205,6.5,-0.30658009732373254,-0.7878058043272368,1.634011576207154,-0.9362908596442182
203076,Anthony Davis,DAL,2024-25,Rebounder,Elite,51,1705.4883333333332,1261,590,181,59,110,113,0.516,0.282,0.775,0.588,0.536,0.301,0.179,113.3,112.9,0.5,1.6,0.083,0.254,0.182,0.173,12.5,1.5583383708959964,0.38228599356721815,1.9692886418836621,0.5542711377017081
1628389,Bam Adebayo,MIA,2024-25,Rebounder,Elite,78,2673.693333333333,1410,749,337,98,53,161,0.485,0.357,0.765,0.561,0.521,0.232,0.137,110.9,110.8,0.1,2.09,0.069,0.214,0.204,0.141,14.600000000000009,1.0063028218113208,1.0799062132201669,1.983506898936672,0.5050536617246956
202687,Bismack Biyombo,SAS,2024-25,Rebounder,Average,28,527.4866666666667,144,158,31,16,23,27,0.588,0.0,0.4,0.576,0.588,0.124,0.08,108.7,117.9,-9.2,1.15,0.08,0.207,0.079,0.144,7.5,-0.6115207456383317,-0.7482859982799965,0.4535791189045339,-1.0652602121605275
1626171,Bobby Portis,MIL,2024-25,Rebounder,Very Good,49,1243.68,680,411,104,35,26,57,0.466,0.365,0.836,0.542,0.52,0.234,0.131,114.1,110.8,3.4,1.82,0.071,0.235,0.126,0.156,14.600000000000009,0.38587187794574684,-0.21563882500819326,1.2777597522280129,-0.4208837314719145
1629634,Brandon Clarke,MEM,2024-25,Rebounder,Very Good,64,1206.861666666667,534,326,66,52,36,41,0.621,0.059,0.701,0.638,0.622,0.15,0.108,116.5,108.2,8.2,1.61,0.102,0.148,0.072,0.126,17.200000000000003,0.21454711595940026,-0.6588203753425779,0.6700329434760552,0.009196233638819995
1629646,Charles Bassey,SAS,2024-25,Rebounder,Very Good,36,375.515,157,152,17,14,30,23,0.581,0.0,0.636,0.597,0.581,0.164,0.113,101.6,117.5,-15.9,0.74,0.133,0.24,0.072,0.185,7.900000000000006,-0.18925826669855406,-0.8391252501371529,0.9599846738944344,-0.9916588199958424
1631096,Chet Holmgren,OKC,2024-25,Rebounder,Very Good,32,876.54,479,257,63,23,71,56,0.49,0.379,0.754,0.599,0.554,0.214,0.122,121.7,105.6,16.1,1.13,0.054,0.208,0.091,0.136,19.80000000000001,0.42041086493282825,-0.5631240359461653,0.6143463642499541,0.21559010366401934
1641753,Chris Livingston,MIL,2024-25,Rebounder,Average,21,105.81,30,35,5,5,0,6,0.333,0.0,0.75,0.441,0.333,0.15,0.099,89.6,102.2,-12.6,0.83,0.091,0.198,0.078,0.148,23.200000000000003,-1.2752665775275618,-0.8495756259957088,0.17817217033242594,-0.48948847827543646
203991,Clint Capela,ATL,2024-25,Rebounder,Elite,55,1176.4333333333334,488,469,62,34,53,47,0.559,0.0,0.536,0.564,0.559,0.16,0.117,108.7,111.5,-2.7,1.32,0.132,0.238,0.073,0.183,13.900000000000006,-0.168518593246199,-0.6679214872970136,1.7756263763069668,-0.19920183886192025
1628998,Cody Martin,PHX,2024-25,Rebounder,Average,53,1173.2066666666667,358,224,105,56,32,51,0.418,0.285,0.705,0.509,0.485,0.142,0.08,108.1,111.3,-3.2,2.06,0.041,0.136,0.128,0.088,14.100000000000009,-0.7085011226676575,-0.20072382701602054,-0.0847185356356543,-0.17196766327368
1630658,Colin Castleton,TOR,2024-25,Rebounder,Average,26,431.99,123,122,28,8,10,23,0.469,0.125,0.763,0.536,0.48,0.125,0.074,106.1,108.2,-2.1,1.22,0.104,0.143,0.092,0.123,17.200000000000003,-0.8480458392427961,-0.6862955788930873,0.09052474949429778,-0.7097577997267908
1629610,DaQuan Jeffries,CHA,2024-25,Rebounder,Average,47,1071.506666666667,315,135,53,26,25,35,0.405,0.335,0.8,0.518,0.5,0.136,0.046,106.6,118.2,-11.6,1.51,0.033,0.087,0.073,0.06,7.200000000000003,-0.7319755932938733,-0.7010387091980581,-0.6775795501129123,-0.9590380572861138
1629655,Daniel Gafford,DAL,2024-25,Rebounder,Very Good,57,1226.095,701,388,80,23,102,66,0.702,0.0,0.689,0.716,0.702,0.186,0.141,114.9,113.4,1.5,1.21,0.127,0.168,0.097,0.149,12.0,1.0444841656712827,-0.4668633634569113,1.1275544646709492,0.070945022373147
1631223,David Roddy,HOU,2024-25,Rebounder,Average,33,409.7533333333333,153,84,35,14,9,22,0.456,0.311,0.769,0.561,0.532,0.159,0.089,106.4,114.6,-8.2,1.59,0.03,0.177,0.121,0.101,10.800000000000011,-0.43457657603975,-0.4976257929241199,-0.29057603138794913,-1.0337370064168077
1630549,Day'Ron Sharpe,BKN,2024-25,Rebounder,Very Good,50,907.4583333333334,397,330,91,41,42,63,0.521,0.244,0.757,0.568,0.538,0.186,0.134,109.2,107.1,2.1,1.44,0.149,0.202,0.158,0.174,18.30000000000001,-0.02094046754834285,-0.08370990548123941,1.2921498644353704,0.020556167890277144
201599,DeAndre Jordan,DEN,2024-25,Rebounder,Very Good,56,690.7016666666667,209,284,53,16,27,40,0.65,0.0,0.422,0.621,0.65,0.126,0.115,108.8,112.1,-3.3,1.33,0.119,0.262,0.105,0.194,13.300000000000011,-0.292715971832918,-0.5212738024807068,1.4248875356803736,-0.6840132408611219
1629028,Deandre Ayton,POR,2024-25,Rebounder,Very Good,40,1205.62,576,406,64,31,39,69,0.566,0.188,0.667,0.583,0.573,0.197,0.125,110.0,116.8,-6.9,0.93,0.099,0.243,0.083,0.168,8.600000000000009,0.2744335369733599,-0.6043855713031648,1.41736871096585,-0.6833302014822348
1641726,Dereck Lively II,DAL,2024-25,Rebounder,Very Good,36,832.7366666666667,314,270,85,20,56,41,0.702,0.0,0.63,0.704,0.702,0.132,0.124,114.1,106.4,7.7,2.07,0.122,0.186,0.143,0.155,19.0,0.30148306319591595,-0.19005285343902756,0.8908937176265282,-0.014259685236607053
1641794,Dillon Jones,OKC,2024-25,Rebounder,Average,54,551.4933333333333,135,121,58,16,4,28,0.383,0.254,0.607,0.464,0.444,0.131,0.066,108.9,102.9,6.0,2.07,0.05,0.153,0.143,0.102,22.5,-1.2071317662616552,-0.28940451914216075,-0.17966136948765374,-0.37617190247636706
1627734,Domantas Sabonis,SAC,2024-25,Rebounder,Elite,70,2428.8766666666666,1337,972,423,48,26,202,0.59,0.417,0.754,0.655,0.627,0.213,0.164,116.5,113.9,2.6,2.09,0.11,0.286,0.251,0.199,11.5,1.352018193616356,1.6603893736823676,3.314110272765486,-0.46832550592731786
1631230,Dominick Barlow,ATL,2024-25,Rebounder,Average,35,374.9983333333333,148,85,19,9,16,5,0.531,0.259,0.636,0.58,0.562,0.141,0.082,110.2,111.8,-1.6,3.8,0.091,0.139,0.07,0.114,13.600000000000009,-0.46131781000745714,-0.8430011741623108,-0.12230714684344007,-0.8502084829482527
1642270,Donovan Clingan,POR,2024-25,Rebounder,Elite,67,1323.6433333333334,436,527,77,34,110,72,0.539,0.286,0.596,0.574,0.56,0.135,0.105,109.9,109.7,0.2,1.07,0.144,0.218,0.081,0.179,15.700000000000003,-0.3318550272776236,-0.5677848907826017,1.8785637169408316,0.483252024402318
1629234,Drew Eubanks,LAC,2024-25,Rebounder,Very Good,61,746.01,280,226,54,12,39,41,0.593,0.5,0.662,0.622,0.601,0.149,0.111,106.7,114.8,-8.1,1.32,0.078,0.211,0.11,0.145,10.600000000000009,-0.06742577399943832,-0.4895058444837823,0.646748516898453,-0.7626867472111565
1641809,Drew Peterson,BOS,2024-25,Rebounder,Average,25,186.14666666666668,54,40,13,5,2,8,0.415,0.394,0.778,0.601,0.573,0.121,0.078,115.7,102.9,12.8,1.63,0.051,0.161,0.095,0.108,22.5,-0.55544719062052,-0.7246379887234098,-0.3181471089364594,-0.5103818228039434
1641871,Duop Reath,POR,2024-25,Rebounder,Average,46,469.4266666666667,194,92,26,12,14,16,0.422,0.321,0.909,0.552,0.524,0.162,0.077,108.0,114.5,-6.5,1.63,0.082,0.111,0.083,0.095,10.900000000000006,-0.4345058494699614,-0.744213841552019,-0.3457869285467088,-0.997996944773119
1630596,Evan Mobley,CLE,2024-25,Rebounder,Elite,71,2166.555,1316,659,226,61,113,145,0.557,0.37,0.725,0.633,0.604,0.226,0.151,120.5,108.6,11.9,1.56,0.076,0.213,0.149,0.147,16.80000000000001,1.3062545364302924,0.36248954302017156,1.8211407522348786,0.8579913583004113
1641713,GG Jackson,MEM,2024-25,Rebounder,Average,29,458.615,209,92,29,12,5,31,0.372,0.337,0.725,0.482,0.452,0.219,0.064,112.7,118.6,-5.9,0.94,0.055,0.13,0.085,0.093,6.800000000000011,-0.4066486720072949,-0.7219394609151697,-0.3712662371560694,-1.329948288503732
1629048,Goga Bitadze,ORL,2024-25,Rebounder,Very Good,70,1429.4616666666666,502,463,137,49,98,72,0.611,0.107,0.639,0.631,0.615,0.142,0.134,110.1,107.4,2.7,1.9,0.116,0.227,0.142,0.169,18.0,0.09288374021208146,-0.004326558012354856,1.5813509445394511,0.6523986530539826
1627824,Guerschon Yabusele,PHI,2024-25,Rebounder,Very Good,70,1894.736666666667,768,395,148,58,24,87,0.501,0.38,0.725,0.616,0.593,0.163,0.092,113.5,116.7,-3.2,1.7,0.07,0.149,0.114,0.108,8.700000000000003,0.35267643635835144,-0.12114424684431623,0.6238022882647141,-0.5494598946889505
1630611,Gui Santos,GSW,2024-25,Rebounder,Average,56,761.5233333333333,227,172,80,25,10,42,0.458,0.33,0.69,0.575,0.553,0.126,0.073,117.8,107.3,10.6,1.9,0.085,0.127,0.138,0.106,18.10000000000001,-0.5427419563806363,-0.23653957672530487,0.006619555497996615,-0.48073542223093524
1641816,Hunter Tyson,DEN,2024-25,Rebounder,Average,51,399.935,134,78,20,10,6,14,0.375,0.311,0.75,0.506,0.471,0.146,0.057,98.5,108.7,-10.2,1.43,0.055,0.124,0.074,0.088,16.700000000000003,-0.8579091637201578,-0.8168508695003036,-0.4721118088507848,-0.7588822673872083
1628392,Isaiah Hartenstein,OKC,2024-25,Rebounder,Elite,57,1589.6416666666669,637,611,219,47,62,96,0.581,0.0,0.675,0.599,0.581,0.165,0.138,118.3,105.3,13.0,2.28,0.103,0.262,0.178,0.185,20.10000000000001,0.17564877498978435,0.49964365047640336,2.1778854437967965,0.39083204067070376
1630191,Isaiah Stewart,DET,2024-25,Rebounder,Very Good,72,1433.8483333333334,435,399,123,28,101,68,0.559,0.321,0.759,0.616,0.586,0.121,0.096,109.1,108.6,0.5,1.81,0.086,0.17,0.12,0.129,16.80000000000001,-0.19492640460194002,-0.1794306098932696,0.9019485429976615,0.394656813299247
1627826,Ivica Zubac,LAC,2024-25,Rebounder,Elite,80,2624.1766666666667,1340,1010,214,55,90,127,0.628,0.0,0.661,0.641,0.628,0.192,0.157,116.5,107.1,9.4,1.69,0.122,0.271,0.121,0.199,18.30000000000001,1.1204060102243247,0.16103895377443,3.4149386589447666,0.6512535211741254
1630550,JT Thor,WAS,2024-25,Rebounder,Average,20,249.31666666666663,71,48,6,8,9,9,0.424,0.286,0.682,0.517,0.475,0.132,0.065,95.3,115.3,-20.0,0.67,0.07,0.101,0.04,0.085,10.100000000000009,-0.9429353970900506,-1.0593667614002251,-0.5899321292747839,-1.1370334565813311
1631095,Jabari Smith Jr.,HOU,2024-25,Rebounder,Very Good,57,1715.5783333333334,698,399,60,25,41,61,0.438,0.354,0.825,0.562,0.525,0.16,0.093,113.4,106.1,7.3,0.98,0.055,0.162,0.048,0.107,19.30000000000001,-0.028512389993099945,-0.8157222033146209,0.6216761482946949,-0.09658842807628377
1631133,Jabari Walker,POR,2024-25,Rebounder,Average,60,749.165,313,211,37,33,6,34,0.515,0.389,0.69,0.601,0.576,0.156,0.107,108.1,107.6,0.5,1.09,0.072,0.198,0.071,0.133,17.80000000000001,-0.11245274505683704,-0.7711490770253049,0.4540719864873105,-0.4559407772515805
1627751,Jakob Poeltl,TOR,2024-25,Rebounder,Elite,57,1685.7483333333332,824,547,158,66,71,111,0.627,0.333,0.674,0.641,0.628,0.184,0.133,111.2,111.9,-0.7,1.42,0.11,0.206,0.136,0.158,13.5,0.6897293049493524,0.03924103974724552,1.664098548215851,0.2909742571995657
1631105,Jalen Duren,DET,2024-25,Rebounder,Elite,78,2033.5483333333332,918,807,209,54,89,136,0.692,0.0,0.669,0.703,0.692,0.161,0.14,115.5,114.0,1.5,1.54,0.137,0.259,0.141,0.199,11.400000000000006,0.9436334616095432,0.2549935638610832,2.8763028064607155,0.225367436391173
1630552,Jalen Johnson,ATL,2024-25,Rebounder,Very Good,36,1284.1783333333333,680,359,181,56,36,106,0.5,0.312,0.746,0.569,0.541,0.214,0.135,111.8,110.2,1.6,1.71,0.046,0.216,0.203,0.132,15.200000000000003,0.3938357141284882,0.5002567136004801,0.8340323625650913,-0.06686766470693743
1630188,Jalen Smith,CHI,2024-25,Rebounder,Very Good,64,962.3833333333332,524,357,65,17,44,37,0.466,0.324,0.809,0.586,0.554,0.201,0.133,110.3,111.5,-1.2,1.76,0.085,0.241,0.101,0.165,13.900000000000006,0.28336832938972817,-0.4995881199523164,1.2491341974522105,-0.4664021848408759
1641716,Jarace Walker,IND,2024-25,Rebounder,Average,75,1186.62,461,229,110,54,25,78,0.472,0.405,0.667,0.59,0.576,0.165,0.087,107.0,112.1,-5.0,1.41,0.021,0.178,0.129,0.098,13.300000000000011,-0.002731262813631193,-0.17670771706941196,0.055944900329475133,-0.3105163772114134
1628386,Jarrett Allen,CLE,2024-25,Rebounder,Elite,82,2296.0533333333333,1103,798,158,77,73,97,0.706,0.0,0.718,0.724,0.706,0.156,0.148,121.9,111.3,10.5,1.63,0.095,0.238,0.091,0.169,14.100000000000009,1.1605118639075138,-0.21355336032402986,2.4702327700673194,0.4604369825568441
1629637,Jaxson Hayes,LAL,2024-25,Rebounder,Average,56,1092.6833333333334,383,269,58,31,51,43,0.722,0.0,0.622,0.72,0.722,0.12,0.097,112.3,109.8,2.5,1.35,0.074,0.163,0.076,0.121,15.600000000000009,0.3548771339527561,-0.6657872925816151,0.45509209268373296,-0.15063790809884656
1631119,Jaylin Williams,OKC,2024-25,Rebounder,Very Good,47,784.055,278,262,120,22,29,35,0.439,0.399,0.767,0.594,0.577,0.141,0.124,121.0,103.0,17.9,3.43,0.059,0.251,0.19,0.158,22.400000000000006,-0.28752294204964257,0.2027660495839217,0.9078856518712469,-0.06694259227463224
1642281,Jaylon Tyson,CLE,2024-25,Rebounder,Average,47,452.96,167,96,44,13,3,26,0.43,0.345,0.792,0.523,0.497,0.164,0.075,108.4,108.8,-0.4,1.69,0.076,0.117,0.135,0.097,16.60000000000001,-0.6051444563720043,-0.3858614243342342,-0.30969410560268706,-0.76402603808644
1630526,Jeremiah Robinson-Earl,NOP,2024-25,Rebounder,Very Good,66,1238.9,418,315,88,39,7,51,0.455,0.341,0.836,0.563,0.536,0.14,0.087,107.2,119.0,-11.8,1.73,0.082,0.166,0.101,0.122,6.400000000000006,-0.3711261959549576,-0.41495521953853626,0.589887161837016,-1.053458431182966
1631110,Jeremy Sochan,SAS,2024-25,Rebounder,Very Good,54,1363.9683333333332,617,352,128,45,27,84,0.535,0.308,0.696,0.589,0.565,0.184,0.101,111.9,114.5,-2.7,1.52,0.088,0.154,0.138,0.121,10.900000000000006,0.2431395935523508,-0.05991439325306805,0.6753225151279509,-0.5245449357688823
1629111,Jock Landale,HOU,2024-25,Rebounder,Average,42,500.0233333333333,200,137,37,13,10,21,0.533,0.423,0.675,0.59,0.569,0.148,0.097,110.5,112.6,-2.1,1.76,0.099,0.151,0.102,0.125,12.800000000000011,-0.3153993290826347,-0.5970018236428707,0.15580473685863755,-0.9164715552530419
202685,Jonas Valančiūnas,SAC,2024-25,Rebounder,Elite,81,1523.763333333333,843,627,164,37,46,120,0.55,0.216,0.879,0.602,0.557,0.222,0.147,109.2,118.8,-9.6,1.37,0.122,0.286,0.171,0.203,6.6000000000000085,0.758625541196221,0.25793705440337816,2.4496532786196865,-0.6678491259298607
1628371,Jonathan Isaac,ORL,2024-25,Rebounder,Very Good,71,1090.015,380,314,40,61,80,33,0.414,0.258,0.682,0.512,0.474,0.155,0.108,105.9,106.6,-0.7,1.21,0.1,0.188,0.056,0.141,18.80000000000001,-0.5803169707260041,-0.8443748030820484,0.8292872150422762,0.641624396298023
1642367,Jonathan Mogbo,TOR,2024-25,Rebounder,Average,63,1285.655,389,311,146,55,34,70,0.438,0.243,0.732,0.496,0.462,0.145,0.083,103.7,111.9,-8.2,2.09,0.076,0.157,0.16,0.114,13.5,-0.7385120302252263,0.12990842391719976,0.4773564130649126,-0.19734690323554896
1630692,Jordan Goodwin,LAL,2024-25,Rebounder,Average,29,542.575,161,112,42,30,11,26,0.438,0.382,0.818,0.541,0.528,0.134,0.08,111.2,112.4,-1.2,1.62,0.068,0.135,0.108,0.101,13.0,-0.7261701602460521,-0.544897447021676,-0.21628143104532138,-0.7184599862887667
1628404,Josh Hart,NYK,2024-25,Rebounder,Elite,77,2896.83,1051,737,453,119,27,158,0.525,0.333,0.776,0.611,0.579,0.151,0.119,117.9,114.3,3.6,2.87,0.057,0.203,0.206,0.13,11.100000000000009,0.44032811824619894,1.5179857132812402,1.8115301585812054,0.25394685667610156
1641763,Julian Phillips,CHI,2024-25,Rebounder,Average,79,1122.905,366,169,39,38,20,27,0.446,0.327,0.789,0.571,0.533,0.126,0.055,112.9,111.1,1.8,1.44,0.056,0.082,0.045,0.07,14.300000000000011,-0.4653723996838086,-0.9098486810884763,-0.4599681352214897,-0.4681308291902644
1630551,Justin Champagnie,WAS,2024-25,Rebounder,Very Good,62,1340.5333333333333,544,351,60,65,39,54,0.511,0.383,0.685,0.614,0.601,0.15,0.101,107.1,116.8,-9.7,1.11,0.077,0.159,0.066,0.119,8.600000000000009,0.0845377364146725,-0.7146044432861107,0.6471898279349251,-0.33104386157962895
203994,Jusuf Nurkić,CHA,2024-25,Rebounder,Very Good,51,1062.8266666666666,453,398,115,40,34,97,0.477,0.305,0.664,0.555,0.523,0.202,0.116,106.1,115.1,-9.0,1.19,0.077,0.285,0.167,0.181,10.300000000000011,0.06224361502313717,0.0551615662691341,1.5617571882573713,-0.5407823074686354
1626157,Karl-Anthony Towns,NYK,2024-25,Rebounder,Elite,72,2516.72,1759,920,222,71,50,192,0.526,0.42,0.829,0.63,0.584,0.265,0.161,119.4,112.7,6.8,1.16,0.087,0.284,0.13,0.187,12.700000000000003,1.8940697050774988,0.24103536436739123,3.023258734758728,0.08331058778700055
1631255,Karlo Matković,NOP,2024-25,Rebounder,Average,42,790.585,325,209,46,22,41,43,0.574,0.318,0.773,0.639,0.619,0.155,0.096,109.4,114.1,-4.7,1.07,0.079,0.177,0.083,0.129,11.300000000000011,0.10614693575712549,-0.6706200151052537,0.3978066121012588,-0.5977099172872401
1631099,Keegan Murray,SAC,2024-25,Rebounder,Very Good,76,2610.173333333333,942,507,109,61,69,60,0.444,0.343,0.833,0.553,0.538,0.148,0.075,114.8,113.4,1.5,1.82,0.056,0.134,0.055,0.095,12.0,0.008144338747918109,-0.5960937551756252,0.7553651836743813,0.1308005019276072
1642276,Kel'el Ware,MIA,2024-25,Rebounder,Very Good,64,1422.486666666667,595,473,60,39,71,57,0.554,0.315,0.687,0.603,0.592,0.169,0.119,112.8,110.9,1.9,1.05,0.087,0.238,0.062,0.167,14.5,0.1975125929257864,-0.7370750566257798,1.5824054217667434,0.06997213291464606
1626162,Kelly Oubre Jr.,PHI,2024-25,Rebounder,Average,60,2078.19,906,368,108,92,30,80,0.47,0.293,0.751,0.551,0.518,0.186,0.084,110.7,116.4,-5.7,1.35,0.046,0.14,0.079,0.091,9.0,0.24892622324621527,-0.46494976645995,0.33558694332618655,-0.11884236825305898
1629026,Kenrich Williams,OKC,2024-25,Rebounder,Average,69,1131.5383333333334,436,241,97,43,10,39,0.483,0.386,0.718,0.587,0.576,0.151,0.093,118.7,104.1,14.5,2.49,0.056,0.148,0.111,0.102,21.30000000000001,-0.14039934361474105,-0.32566146428831955,0.13874406055217953,-0.10621592918291202
201567,Kevin Love,MIA,2024-25,Rebounder,Very Good,23,251.45333333333332,122,94,22,15,4,14,0.357,0.358,0.696,0.488,0.461,0.23,0.109,108.7,112.3,-3.6,1.57,0.08,0.282,0.134,0.177,13.100000000000009,-0.3545581091425422,-0.47243228676059335,0.704171481604406,-0.9388272108800025
1626172,Kevon Looney,GSW,2024-25,Rebounder,Elite,76,1142.155,344,462,118,46,37,39,0.514,0.4,0.566,0.535,0.518,0.125,0.114,112.5,106.9,5.6,3.03,0.139,0.227,0.143,0.181,18.5,-0.6943894615383578,-0.06862303980186471,1.731573417611949,0.03352659757637405
1641738,Kobe Brown,LAC,2024-25,Rebounder,Average,40,272.22,77,65,24,7,4,12,0.458,0.231,0.714,0.513,0.5,0.134,0.083,105.9,114.7,-8.7,2.0,0.07,0.176,0.137,0.122,10.700000000000003,-0.946837684181436,-0.4482199441111651,-0.07345748407930336,-1.1627293345053047
1631200,Kris Murray,POR,2024-25,Rebounder,Average,69,1040.3866666666668,287,182,68,35,17,43,0.419,0.225,0.456,0.472,0.468,0.133,0.061,106.0,107.8,-1.8,1.58,0.066,0.096,0.09,0.081,17.60000000000001,-1.0371358748930801,-0.5503432326693911,-0.2853380162823579,-0.3356768823510596
1642271,Kyle Filipowski,UTA,2024-25,Rebounder,Very Good,72,1521.54,690,440,140,48,22,102,0.502,0.35,0.65,0.594,0.576,0.184,0.103,107.7,118.9,-11.3,1.37,0.07,0.213,0.14,0.14,6.5,0.3243711465797567,-0.004522790715174366,1.150873262279421,-0.8025687371871207
1631109,Mark Williams,CHA,2024-25,Rebounder,Elite,44,1171.045,671,447,109,32,54,71,0.604,0.0,0.804,0.647,0.604,0.21,0.156,106.3,118.9,-12.7,1.54,0.103,0.255,0.154,0.178,6.5,0.8040312692865892,-0.039946075018819555,1.653553775942929,-0.644591696101791
1628963,Marvin Bagley III,MEM,2024-25,Rebounder,Average,31,265.2266666666667,136,84,11,9,8,12,0.519,0.158,0.657,0.56,0.533,0.2,0.123,108.2,108.8,-0.6,0.92,0.128,0.159,0.063,0.143,16.60000000000001,-0.15241387944345028,-0.9117622780854375,0.244489449408623,-0.754884169824325
1641721,Maxwell Lewis,BKN,2024-25,Rebounder,Average,28,327.68833333333333,116,55,19,9,7,14,0.417,0.38,0.7,0.516,0.505,0.164,0.066,101.2,110.7,-9.6,1.36,0.051,0.118,0.091,0.082,14.700000000000003,-0.6819458053070284,-0.7250304541290491,-0.6095774421031679,-0.8766355164214529
1628964,Mo Bamba,NOP,2024-25,Rebounder,Very Good,32,413.485,138,145,18,9,31,20,0.464,0.278,0.704,0.557,0.531,0.15,0.1,103.5,112.5,-9.0,0.9,0.079,0.268,0.068,0.175,12.900000000000006,-0.5341482934046827,-0.8579161721544835,0.8140144807619742,-0.7395747954368167
1631243,Mouhamed Gueye,ATL,2024-25,Rebounder,Average,33,532.7566666666667,197,139,27,28,33,15,0.421,0.259,0.762,0.52,0.482,0.155,0.085,113.4,104.7,8.8,1.8,0.078,0.179,0.064,0.127,20.700000000000003,-0.6665469356075954,-0.847269563593108,0.18659080263532868,-0.06418750621662507
1631217,Moussa Diabaté,CHA,2024-25,Rebounder,Very Good,71,1240.6333333333334,403,438,56,46,40,61,0.596,0.0,0.595,0.609,0.596,0.13,0.115,106.9,110.3,-3.4,0.92,0.135,0.209,0.069,0.169,15.100000000000009,-0.1921415852555056,-0.7124702485707122,1.5150164799478192,-0.1358869055827166
1629675,Naz Reid,MIN,2024-25,Rebounder,Very Good,80,2200.116666666667,1138,480,181,58,72,108,0.462,0.379,0.776,0.577,0.556,0.21,0.11,116.2,108.8,7.4,1.68,0.041,0.171,0.123,0.106,16.60000000000001,0.7405802862130506,0.05084444680710164,0.823860159266902,0.4003403103496013
1629674,Neemias Queta,BOS,2024-25,Rebounder,Very Good,62,863.09,310,236,45,18,42,40,0.65,0.0,0.754,0.674,0.65,0.136,0.102,117.4,108.3,9.1,1.13,0.105,0.168,0.076,0.137,17.10000000000001,0.15635430964921268,-0.7136232797720126,0.5713650682976638,-0.2882607897503006
1629651,Nic Claxton,BKN,2024-25,Rebounder,Very Good,70,1881.7316666666663,724,515,157,62,100,87,0.563,0.238,0.513,0.569,0.568,0.166,0.115,103.6,116.2,-12.6,1.8,0.08,0.198,0.14,0.137,9.200000000000003,0.07418312803530562,0.05803196176457619,1.3116576931402761,0.2902901588225602
1630208,Nick Richards,PHX,2024-25,Rebounder,Elite,57,1256.2233333333334,529,466,49,14,55,81,0.591,0.0,0.744,0.634,0.591,0.169,0.107,112.3,120.9,-8.7,0.6,0.118,0.243,0.058,0.181,4.5,0.3271603857130027,-0.8000222745111696,1.7421869319466103,-0.9384881150873384
202696,Nikola Vučević,CHI,2024-25,Rebounder,Elite,73,2278.25,1349,735,256,61,52,119,0.53,0.402,0.805,0.611,0.592,0.221,0.136,113.6,116.0,-2.4,2.15,0.076,0.228,0.165,0.154,9.400000000000006,1.1676642443982583,0.5627627360489954,2.111975104726202,-0.193958541253332
1641730,Noah Clowney,BKN,2024-25,Rebounder,Average,46,1042.2866666666666,420,181,40,24,21,46,0.358,0.333,0.838,0.516,0.474,0.185,0.061,103.0,115.2,-12.3,0.87,0.037,0.138,0.063,0.084,10.200000000000003,-0.3089864067173161,-0.8050512297376278,-0.24977243195198226,-0.84396661402652
1641765,Olivier-Maxence Prosper,DAL,2024-25,Rebounder,Average,52,584.07,201,126,40,26,6,14,0.402,0.235,0.645,0.484,0.437,0.158,0.082,101.8,109.5,-7.7,2.86,0.071,0.137,0.101,0.103,15.900000000000006,-0.8475321969804369,-0.5915804030107731,-0.15365482226464705,-0.6401042004138192
1630168,Onyeka Okongwu,ATL,2024-25,Rebounder,Elite,74,2063.9266666666667,988,660,168,69,68,90,0.567,0.324,0.759,0.634,0.602,0.169,0.122,114.9,113.7,1.1,1.87,0.103,0.213,0.113,0.157,11.700000000000003,0.6581677453660291,-0.05316807373246811,1.951190673865347,0.18594753891617963
1631115,Orlando Robinson,TOR,2024-25,Rebounder,Average,44,769.8016666666666,303,220,77,17,16,49,0.444,0.327,0.771,0.519,0.477,0.177,0.088,104.5,109.2,-4.8,1.57,0.097,0.161,0.152,0.127,16.200000000000003,-0.434772079633895,-0.16893150400347856,0.4015144679122162,-0.6145554243130508
1629023,P.J. Washington,DAL,2024-25,Rebounder,Very Good,57,1834.8583333333331,836,442,131,63,60,118,0.453,0.381,0.722,0.556,0.521,0.198,0.097,114.2,113.2,1.1,1.11,0.044,0.183,0.098,0.115,12.200000000000003,0.31487926381173287,-0.2735814526827425,0.8376886618297443,0.07221698678647903
1630194,Paul Reed,DET,2024-25,Rebounder,Average,45,437.5366666666667,184,123,44,39,25,26,0.507,0.286,0.762,0.573,0.535,0.179,0.115,111.3,105.7,5.6,1.69,0.09,0.197,0.141,0.142,19.700000000000003,-0.1972008834392047,-0.352155504324731,0.3352315598668885,-0.08990690096927655
1630173,Precious Achiuwa,NYK,2024-25,Rebounder,Very Good,57,1169.6133333333332,379,317,55,47,42,45,0.502,0.278,0.594,0.53,0.517,0.143,0.092,110.2,111.4,-1.2,1.22,0.084,0.188,0.065,0.135,14.0,-0.5659682527834307,-0.7386205532327194,0.7608094249651906,-0.16992075719271293
1641712,Rayan Rupert,POR,2024-25,Rebounder,Average,52,459.5416666666667,155,70,25,16,4,30,0.408,0.271,0.767,0.499,0.465,0.156,0.055,100.6,109.8,-9.2,0.83,0.049,0.097,0.083,0.071,15.600000000000009,-0.8095829689289701,-0.7478935328743572,-0.709912960699672,-0.7815791603179343
1626158,Richaun Holmes,WAS,2024-25,Rebounder,Very Good,31,534.135,230,177,42,9,23,21,0.647,0.0,0.833,0.695,0.647,0.143,0.135,110.2,114.5,-4.3,2.0,0.113,0.208,0.112,0.161,10.900000000000006,0.2699740298171693,-0.522426833682007,0.7205674351737393,-0.9380238575604021
1641741,Ricky Council IV,PHI,2024-25,Rebounder,Average,73,1250.015,532,214,97,32,13,52,0.382,0.258,0.804,0.502,0.442,0.196,0.08,109.9,116.0,-6.1,1.87,0.039,0.13,0.115,0.084,9.400000000000006,-0.22773793049457067,-0.3031908509486506,-0.16221093869102812,-0.8890191625842067
1629057,Robert Williams III,POR,2024-25,Rebounder,Very Good,20,351.33,116,118,21,13,33,17,0.641,0.333,0.882,0.679,0.647,0.12,0.137,106.3,108.3,-2.0,1.24,0.097,0.217,0.09,0.159,17.10000000000001,-0.07208861511828202,-0.7232887248192897,0.5385387901281273,-0.431124780469513
1626220,Royce O'Neale,PHX,2024-25,Rebounder,Average,75,1836.8733333333328,680,349,163,67,33,65,0.423,0.406,0.731,0.585,0.58,0.151,0.085,112.1,116.4,-4.2,2.51,0.029,0.157,0.128,0.094,9.0,0.02412592331635932,0.012698269679598972,0.3233917131505872,-0.3475240497016398
203497,Rudy Gobert,MIN,2024-25,Rebounder,Elite,72,2388.423333333333,866,785,127,56,104,89,0.669,0.0,0.674,0.687,0.669,0.129,0.126,114.3,107.6,6.7,1.43,0.111,0.21,0.075,0.161,17.80000000000001,0.5803977118608142,-0.4175062446751918,2.333821614042228,0.7738820426307015
1642346,Ryan Dunn,PHX,2024-25,Rebounder,Average,74,1410.4166666666667,511,267,57,44,40,40,0.43,0.311,0.487,0.517,0.516,0.161,0.059,110.4,115.1,-4.7,1.43,0.063,0.117,0.059,0.09,10.300000000000011,-0.4133358872736231,-0.7649670905975463,0.05485605207131323,-0.43863207169695256
1630583,Santi Aldama,MEM,2024-25,Rebounder,Very Good,65,1659.6483333333333,811,416,188,52,29,71,0.483,0.368,0.691,0.588,0.576,0.179,0.121,116.1,112.6,3.5,2.65,0.052,0.181,0.149,0.116,12.800000000000011,0.34072253977903655,0.22266127277131742,0.7814404729591273,-0.3201465846004985
1631323,Simone Fontecchio,DET,2024-25,Rebounder,Average,75,1236.6816666666666,446,215,65,31,12,54,0.402,0.335,0.833,0.544,0.504,0.152,0.068,110.7,109.5,1.2,1.2,0.04,0.127,0.071,0.083,15.900000000000006,-0.3717214289440445,-0.6681177199998334,-0.17229721441204315,-0.5275926017038244
203500,Steven Adams,HOU,2024-25,Rebounder,Very Good,58,794.0666666666667,225,327,66,22,28,54,0.545,0.0,0.462,0.541,0.545,0.127,0.109,115.3,105.9,9.4,1.22,0.181,0.193,0.107,0.187,19.5,-0.7312600030672409,-0.4622025086204748,1.4498052346452184,-0.24744861392126258
201959,Taj Gibson,CHA,2024-25,Rebounder,Average,37,408.85,107,120,21,9,18,25,0.495,0.5,0.6,0.515,0.5,0.132,0.068,96.6,110.4,-13.8,0.84,0.114,0.151,0.081,0.133,15.0,-0.9284091079537857,-0.7738476048335448,0.21261453537377029,-0.7477170098728045
1631106,Tari Eason,HOU,2024-25,Rebounder,Very Good,57,1420.1933333333334,686,362,83,97,50,65,0.487,0.342,0.76,0.567,0.543,0.185,0.117,114.8,109.2,5.6,1.28,0.081,0.158,0.082,0.118,16.200000000000003,0.17443355544776085,-0.540089089513655,0.6636373380505628,0.55834738685637
1628418,Thomas Bryant,IND,2024-25,Rebounder,Average,66,963.0166666666668,429,251,53,28,41,30,0.508,0.324,0.859,0.614,0.583,0.162,0.11,109.9,113.4,-3.5,1.77,0.085,0.169,0.078,0.128,12.0,0.08945139404055051,-0.6729504425234719,0.4965088583105201,-0.49441346712271733
1642275,Tidjane Salaün,CHA,2024-25,Rebounder,Average,60,1244.3533333333332,353,280,74,29,14,58,0.33,0.283,0.713,0.457,0.414,0.15,0.065,99.4,111.2,-11.9,1.28,0.05,0.168,0.092,0.106,14.200000000000003,-0.9508548933453517,-0.5170297780655271,0.29318444253384657,-0.6279633471584578
202699,Tobias Harris,DET,2024-25,Rebounder,Average,73,2305.4133333333334,1002,432,162,74,57,85,0.477,0.345,0.861,0.571,0.534,0.173,0.1,114.7,110.8,3.9,1.91,0.028,0.155,0.095,0.092,14.600000000000009,0.3373409779050745,-0.17636398169500786,0.5181428269854446,0.29685080721749924
1628470,Torrey Craig,BOS,2024-25,Rebounder,Average,26,313.94666666666666,108,73,17,8,12,8,0.422,0.364,0.667,0.567,0.556,0.139,0.08,104.9,109.8,-5.0,2.13,0.076,0.138,0.078,0.106,15.600000000000009,-0.5791327020378394,-0.8054193301276495,-0.2560649242848658,-0.7835303517998495
1631218,Trayce Jackson-Davis,GSW,2024-25,Rebounder,Very Good,62,966.7866666666666,407,311,104,23,38,45,0.576,0.0,0.578,0.587,0.576,0.164,0.12,107.8,111.3,-3.5,2.31,0.115,0.192,0.163,0.152,14.100000000000009,-0.06614639579781374,-0.007785651616255773,0.9614632766427638,-0.45318785621953867
1641998,Trey Jemison III,LAL,2024-25,Rebounder,Average,38,392.0233333333333,95,105,16,9,15,24,0.554,0.0,0.394,0.537,0.554,0.121,0.044,105.6,107.8,-2.2,0.67,0.114,0.141,0.058,0.128,17.60000000000001,-0.8918024013853415,-0.9214520881483323,0.10911558509538966,-0.625307246753315
1626168,Trey Lyles,SAC,2024-25,Rebounder,Average,69,1349.5216666666668,451,316,82,41,23,39,0.42,0.34,0.7,0.551,0.528,0.139,0.087,111.8,113.8,-2.0,2.1,0.056,0.177,0.084,0.114,11.600000000000009,-0.4232591977038928,-0.5325334741661587,0.490623305983239,-0.5653319709997682
202684,Tristan Thompson,CLE,2024-25,Rebounder,Very Good,40,328.17,69,134,24,2,11,14,0.437,0.0,0.233,0.41,0.437,0.123,0.083,97.2,109.8,-12.5,1.71,0.084,0.271,0.109,0.177,15.600000000000009,-1.6220384072079757,-0.6055142374888476,0.810306624951017,-0.8558159934327937
1641783,Tristan da Silva,ORL,2024-25,Rebounder,Average,74,1628.611666666667,533,245,113,33,18,56,0.412,0.335,0.873,0.522,0.495,0.149,0.074,106.1,110.3,-4.2,2.02,0.042,0.114,0.105,0.076,15.100000000000009,-0.4567287145352812,-0.3004923231404107,-0.18187343703484699,-0.4931688318483673
1641705,Victor Wembanyama,SAS,2024-25,Rebounder,Very Good,46,1527.253333333333,1116,506,168,52,176,149,0.476,0.352,0.836,0.594,0.559,0.3,0.168,112.5,110.0,2.6,1.13,0.054,0.255,0.184,0.159,15.400000000000006,1.4807565109497434,0.3456853130466551,1.568049680590255,1.319882778979869
1631246,Vince Williams Jr.,MEM,2024-25,Rebounder,Average,27,498.5466666666667,179,98,55,12,7,33,0.401,0.274,0.792,0.504,0.479,0.166,0.065,117.4,116.2,1.2,1.67,0.042,0.15,0.14,0.096,9.200000000000003,-0.690482892911771,-0.3172965531139271,-0.3171270027400368,-1.1687021403787812
1631117,Walker Kessler,UTA,2024-25,Rebounder,Elite,58,1740.32,641,707,97,36,138,86,0.663,0.176,0.52,0.66,0.671,0.133,0.127,109.2,118.3,-9.1,1.13,0.145,0.235,0.083,0.19,7.1000000000000085,0.293047653014821,-0.48295575766600196,2.4963080593520646,0.2819735369392509
1628976,Wendell Carter Jr.,ORL,2024-25,Rebounder,Very Good,68,1758.2683333333334,618,492,134,52,41,77,0.46,0.234,0.737,0.544,0.498,0.159,0.099,107.8,107.8,0.0,1.74,0.083,0.202,0.117,0.14,17.60000000000001,-0.1964404382402539,-0.15580696535230026,1.2888489486300156,0.08328542367398394
1631111,Wendell Moore Jr.,CHA,2024-25,Rebounder,Average,36,498.9166666666667,150,95,42,20,5,27,0.468,0.341,0.818,0.553,0.524,0.133,0.083,99.6,112.0,-12.4,1.56,0.053,0.132,0.13,0.09,13.400000000000006,-0.6728128461282624,-0.42130907365349696,-0.40152506431911444,-0.8592765296705197
1630214,Xavier Tillman,BOS,2024-25,Rebounder,Average,33,230.9033333333333,34,43,7,11,5,14,0.245,0.156,0.75,0.31,0.292,0.125,0.022,106.6,108.9,-2.3,0.5,0.041,0.146,0.043,0.091,16.5,-2.204391275946452,-1.038834110073135,-0.5267610963650285,-0.7703893034618696
1642274,Yves Missi,NOP,2024-25,Rebounder,Elite,73,1955.79,665,601,99,37,98,82,0.547,0.0,0.623,0.572,0.547,0.141,0.09,107.8,120.5,-12.7,1.21,0.122,0.177,0.072,0.149,4.900000000000006,-0.13422410193608203,-0.537390561705415,1.692724102991653,-0.24162394535424392
1628380,Zach Collins,CHI,2024-25,Rebounder,Very Good,64,977.06,407,288,111,29,29,60,0.507,0.302,0.885,0.605,0.56,0.166,0.106,109.4,109.9,-0.4,1.85,0.096,0.177,0.162,0.136,15.5,0.051410219977203374,0.01235453430519487,0.6966011003435778,-0.3998203095480168
1641744,Zach Edey,MEM,2024-25,Rebounder,Elite,66,1415.765,610,548,65,36,85,88,0.58,0.346,0.709,0.624,0.6,0.156,0.111,116.8,111.5,5.3,0.74,0.153,0.204,0.059,0.179,13.900000000000006,0.2332318203190397,-0.7355295600188401,1.9342846671978022,0.1452797351130244
1630533,Ziaire Williams,BKN,2024-25,Rebounder,Average,63,1541.4033333333334,632,287,84,62,28,67,0.412,0.341,0.821,0.55,0.511,0.179,0.081,106.5,116.2,-9.7,1.25,0.037,0.154,0.086,0.093,9.200000000000003,-0.005629494694155672,-0.5139387848516479,0.1461425866586597,-0.4381672493986614
1642876,Adou Thiero,LAL,2025-26,Rebounder,Average,25,148.90333333333334,47,28,10,7,2,9,0.516,0.333,0.636,0.578,0.532,0.143,0.054,109.2,122.4,-13.2,1.11,0.068,0.139,0.094,0.104,3.0,-0.5309479603862292,-0.7412947160253418,-0.400946269159164,-1.6353752603926195
201143,Al Horford,GSW,2025-26,Rebounder,Average,45,969.185,372,219,116,30,51,42,0.426,0.361,0.846,0.554,0.54,0.163,0.104,112.7,113.5,-0.9,2.76,0.043,0.184,0.171,0.111,11.900000000000006,-0.2873857851568167,0.0813118709311413,0.19502662045366617,-0.37839156872031815
1642259,Alex Sarr,WAS,2025-26,Rebounder,Very Good,48,1304.6616666666666,783,355,130,39,95,82,0.482,0.333,0.692,0.544,0.52,0.252,0.121,108.0,120.4,-12.4,1.59,0.073,0.179,0.161,0.126,5.0,0.6033539674746989,0.07665101609470472,0.7469809224023483,-0.2453781439818877
203083,Andre Drummond,PHI,2025-26,Rebounder,Elite,63,1230.7483333333332,403,532,80,38,49,61,0.472,0.356,0.631,0.539,0.519,0.143,0.113,110.3,113.6,-3.2,1.31,0.145,0.264,0.09,0.202,11.800000000000011,-0.49720285259931796,-0.5061869368013319,2.1848426588668053,-0.3216110607249177
203076,Anthony Davis,WAS,2025-26,Rebounder,Very Good,20,625.63,407,221,56,22,33,41,0.506,0.27,0.728,0.551,0.521,0.272,0.151,110.0,114.6,-4.6,1.37,0.099,0.24,0.14,0.172,10.800000000000011,0.5186343638580554,-0.3136168617915889,0.9774522902064946,-0.7080269668365716
1628389,Bam Adebayo,MIA,2025-26,Rebounder,Elite,73,2364.685,1468,732,232,86,49,120,0.442,0.318,0.778,0.551,0.497,0.248,0.138,117.1,111.0,6.1,1.93,0.059,0.236,0.142,0.146,14.400000000000006,1.1080818108539352,0.3452441176097806,2.0020977345377635,0.3284965154427616
1626171,Bobby Portis,MIL,2025-26,Rebounder,Very Good,67,1619.3133333333333,915,428,105,41,12,66,0.488,0.456,0.706,0.587,0.578,0.225,0.122,110.2,118.4,-8.2,1.59,0.055,0.198,0.103,0.129,7.0,0.7467466674334471,-0.3411651603889513,0.9788965219239545,-0.9468955802612782
1628971,Bruce Brown,DEN,2025-26,Rebounder,Average,82,1997.7883333333332,649,318,174,85,20,91,0.475,0.385,0.762,0.562,0.53,0.142,0.069,114.2,115.2,-1.0,1.91,0.043,0.109,0.121,0.077,10.200000000000003,-0.19561736480478262,0.013851300880899295,0.024562853877398566,-0.22204093879256445
1642353,Cam Christie,LAC,2025-26,Rebounder,Average,55,479.75,156,78,31,16,3,22,0.381,0.245,0.76,0.484,0.424,0.168,0.071,107.2,107.8,-0.6,1.41,0.044,0.118,0.097,0.084,17.60000000000001,-0.80677907826382,-0.6471682382514865,-0.5230704260695058,-0.6741872742220018
1642868,Carter Bryant,SAS,2025-26,Rebounder,Average,71,817.865,298,178,47,16,23,33,0.408,0.335,0.714,0.526,0.506,0.158,0.071,109.1,108.4,0.8,1.42,0.044,0.154,0.08,0.1,17.0,-0.5374442300968334,-0.683793283787667,-0.053898098828093405,-0.5070907991902532
1631096,Chet Holmgren,OKC,2025-26,Rebounder,Elite,69,1997.2683333333332,1181,614,115,43,131,107,0.557,0.362,0.792,0.653,0.614,0.214,0.154,118.4,102.3,16.1,1.07,0.067,0.221,0.082,0.149,23.10000000000001,1.2354043699294188,-0.42233896719883035,1.7272180245793018,1.2237556302779677
203991,Clint Capela,HOU,2025-26,Rebounder,Very Good,75,925.6616666666666,282,345,50,36,63,41,0.52,0.5,0.577,0.54,0.522,0.133,0.11,113.1,105.1,8.0,1.22,0.158,0.181,0.072,0.169,20.30000000000001,-0.6519491577765463,-0.7176954364999901,1.2682522716669484,0.29872544736224554
1642867,Collin Murray-Boyles,TOR,2025-26,Rebounder,Average,57,1245.6,484,285,106,52,53,59,0.579,0.34,0.657,0.621,0.604,0.15,0.098,111.7,109.1,2.6,1.8,0.102,0.121,0.122,0.112,16.30000000000001,0.08129155393033738,-0.23075005570318569,0.3828892612802548,0.12831391414650103
1629655,Daniel Gafford,DAL,2025-26,Rebounder,Very Good,55,1194.4383333333333,524,378,58,42,69,63,0.655,0.0,0.683,0.677,0.655,0.151,0.114,105.9,113.0,-7.1,0.92,0.108,0.181,0.071,0.145,12.400000000000006,0.4376400206070834,-0.6938755592562011,1.0500620616155751,-0.042563523880518206
1642874,Danny Wolf,BKN,2025-26,Rebounder,Average,57,1187.1616666666666,508,281,127,30,32,73,0.405,0.322,0.771,0.521,0.482,0.201,0.096,102.9,111.9,-9.0,1.74,0.046,0.195,0.178,0.117,13.5,-0.0998099066849063,0.16111204882128274,0.4359740184689952,-0.4766159046994924
1630549,Day'Ron Sharpe,BKN,2025-26,Rebounder,Very Good,62,1159.915,540,413,145,67,26,106,0.601,0.231,0.678,0.638,0.614,0.19,0.141,107.3,111.7,-4.3,1.37,0.143,0.222,0.207,0.18,13.700000000000003,0.5116932921231726,0.3902584393359712,1.5888182127076702,-0.14219932499048524
1629028,Deandre Ayton,LAL,2025-26,Rebounder,Elite,72,1958.385,897,575,59,41,70,83,0.671,0.0,0.645,0.676,0.671,0.164,0.117,115.6,115.5,0.1,0.71,0.103,0.2,0.044,0.154,9.900000000000006,0.7960773027672238,-0.841872507976628,1.6874345313397576,-0.189694110439514
1642852,Derik Queen,NOP,2025-26,Rebounder,Very Good,81,2023.38,948,572,298,84,74,190,0.473,0.261,0.795,0.546,0.489,0.214,0.109,112.7,119.4,-6.7,1.57,0.065,0.207,0.208,0.136,6.0,0.4556002951664681,0.9588688649886433,1.4501606181045166,0.067171119227129
1631230,Dominick Barlow,PHI,2025-26,Rebounder,Average,71,1688.5183333333334,545,340,87,63,53,56,0.539,0.256,0.718,0.597,0.565,0.125,0.078,112.7,111.9,0.8,1.55,0.075,0.118,0.069,0.096,13.5,-0.19495128170584777,-0.5983998175782258,0.3249906145069603,0.07777581632932444
1642270,Donovan Clingan,POR,2025-26,Rebounder,Elite,77,2093.6366666666668,934,892,162,44,130,95,0.52,0.341,0.68,0.604,0.582,0.163,0.139,113.9,113.8,0.1,1.71,0.149,0.254,0.112,0.199,11.600000000000009,0.4037767245906439,-0.08086387500141495,3.101839986072264,0.5483207661439278
1629234,Drew Eubanks,SAC,2025-26,Rebounder,Average,42,552.27,219,127,19,15,26,30,0.596,0.143,0.561,0.605,0.599,0.161,0.082,106.4,117.8,-11.4,0.63,0.069,0.154,0.052,0.112,7.6000000000000085,-0.12076818950520536,-0.9441189341908209,-0.03634455493885902,-1.0393937155846713
1630596,Evan Mobley,CLE,2025-26,Rebounder,Very Good,65,2074.2883333333334,1180,586,234,48,113,122,0.546,0.297,0.606,0.596,0.582,0.221,0.135,117.0,111.3,5.7,1.92,0.073,0.196,0.168,0.135,14.100000000000009,0.9600270319013374,0.4986624869623052,1.4745682639711502,0.5646560174686989
1629048,Goga Bitadze,ORL,2025-26,Rebounder,Very Good,64,972.0066666666668,375,320,84,37,61,43,0.676,0.182,0.711,0.7,0.68,0.128,0.122,112.6,111.0,1.6,1.95,0.131,0.183,0.124,0.157,14.400000000000006,0.29332107496232673,-0.3004679581247931,1.0490419554191528,-0.05780070049765296
1629684,Grant Williams,CHA,2025-26,Rebounder,Average,36,711.4533333333334,252,142,56,17,18,31,0.426,0.388,0.815,0.609,0.568,0.132,0.089,119.2,106.3,12.9,1.81,0.06,0.127,0.106,0.094,19.10000000000001,-0.2863941098144256,-0.5046170751787747,-0.2258576536681252,-0.423931938663348
1627824,Guerschon Yabusele,CHI,2025-26,Rebounder,Average,67,1007.0566666666666,373,234,63,26,16,41,0.401,0.352,0.75,0.543,0.511,0.155,0.077,107.4,115.3,-7.9,1.54,0.052,0.17,0.087,0.11,10.100000000000009,-0.4081213909681372,-0.5855946492858342,0.22208764490396504,-0.8797066756702087
1628392,Isaiah Hartenstein,OKC,2025-26,Rebounder,Elite,47,1137.425,432,443,166,48,36,82,0.622,0.0,0.61,0.631,0.622,0.153,0.143,118.8,103.2,15.6,2.02,0.13,0.243,0.189,0.188,22.200000000000003,0.12292861770038839,0.36641419707656475,1.770336804655071,0.2615241571330851
1630543,Isaiah Jackson,LAC,2025-26,Rebounder,Very Good,55,908.3116666666666,370,290,52,36,49,58,0.637,0.0,0.648,0.653,0.637,0.152,0.104,111.8,114.7,-2.9,0.9,0.12,0.19,0.083,0.155,10.700000000000003,0.19668269832691995,-0.648541867171224,0.9439612892998338,-0.40696392915599483
1627826,Ivica Zubac,IND,2025-26,Rebounder,Elite,48,1446.6983333333333,677,509,105,18,40,86,0.598,0.0,0.711,0.622,0.598,0.186,0.13,115.6,117.9,-2.4,1.22,0.117,0.234,0.11,0.178,7.5,0.48972818826834125,-0.3018415870445307,1.8180632481301764,-0.8725405982316707
1631095,Jabari Smith Jr.,HOU,2025-26,Rebounder,Very Good,77,2705.365,1215,529,143,56,71,105,0.449,0.363,0.775,0.569,0.54,0.179,0.093,117.0,112.0,5.0,1.36,0.039,0.152,0.073,0.096,13.400000000000006,0.5234335203393213,-0.369866490187614,0.8264791668196977,0.1814851603114965
1631133,Jabari Walker,PHI,2025-26,Rebounder,Average,64,761.6683333333333,276,192,34,23,13,27,0.455,0.337,0.735,0.568,0.531,0.142,0.073,112.8,112.8,0.0,1.26,0.087,0.156,0.061,0.12,12.600000000000009,-0.4303006991156521,-0.8383646843414919,0.2380422874368263,-0.7942564688706056
1630256,Jae'Sean Tate,HOU,2025-26,Rebounder,Average,46,404.72333333333336,129,73,25,10,3,16,0.514,0.313,0.636,0.567,0.56,0.131,0.067,107.8,111.1,-3.3,1.56,0.076,0.094,0.095,0.085,14.300000000000011,-0.6225524309867221,-0.6804816928553505,-0.5235976646831519,-0.9302458795152315
1627751,Jakob Poeltl,TOR,2025-26,Rebounder,Very Good,46,1149.06,493,323,93,40,32,57,0.7,0.0,0.602,0.698,0.7,0.15,0.115,114.7,112.6,2.0,1.63,0.102,0.188,0.111,0.145,12.800000000000011,0.5280321819139239,-0.34038022957767267,0.9041262395139849,-0.41413054785102416
1631105,Jalen Duren,DET,2025-26,Rebounder,Elite,70,1975.8533333333328,1365,737,138,57,59,130,0.65,0.0,0.747,0.688,0.65,0.231,0.177,120.0,108.2,11.8,1.06,0.132,0.23,0.104,0.182,17.200000000000003,1.6926577355471706,-0.21411769341687123,2.4739921824245803,0.2937047204010477
1630188,Jalen Smith,CHI,2025-26,Rebounder,Very Good,53,1095.388333333333,541,355,65,24,42,53,0.483,0.373,0.742,0.608,0.584,0.183,0.109,116.4,113.0,3.4,1.23,0.085,0.218,0.081,0.152,12.400000000000006,0.2896449805272757,-0.611941186650661,1.078211934324036,-0.5022395848530912
1642364,Jamir Watkins,WAS,2025-26,Rebounder,Average,50,1032.1766666666667,368,194,67,54,25,40,0.446,0.297,0.695,0.554,0.525,0.148,0.069,109.4,115.8,-6.4,1.68,0.046,0.14,0.089,0.092,9.600000000000009,-0.4000776118487168,-0.5596405773266466,-0.11336127592689141,-0.527908674894573
1641716,Jarace Walker,IND,2025-26,Rebounder,Average,76,1953.3833333333332,884,391,192,63,26,139,0.419,0.374,0.749,0.543,0.51,0.2,0.09,106.5,117.6,-11.1,1.38,0.023,0.17,0.143,0.095,7.800000000000011,0.28980740602882676,0.20367411805116709,0.44757326796920915,-0.5302973595357975
1628386,Jarrett Allen,CLE,2025-26,Rebounder,Very Good,56,1519.12,860,476,100,55,47,75,0.638,0.1,0.709,0.669,0.639,0.196,0.143,119.3,112.9,6.4,1.33,0.097,0.202,0.092,0.152,12.5,0.9636274649349121,-0.4213578036847321,1.3992707429475344,-0.1245745462451087
1631119,Jaylin Williams,OKC,2025-26,Rebounder,Very Good,65,1277.375,469,358,158,31,42,67,0.423,0.383,0.793,0.597,0.563,0.153,0.115,114.6,103.1,11.5,2.36,0.025,0.225,0.169,0.131,22.30000000000001,-0.044785102714023584,0.22462359979951407,0.8186393296767458,0.15196123870516803
1630526,Jeremiah Robinson-Earl,DAL,2025-26,Rebounder,Average,22,360.615,101,103,15,9,1,12,0.37,0.244,0.944,0.468,0.42,0.129,0.069,109.3,119.5,-10.2,1.25,0.088,0.183,0.057,0.133,5.900000000000006,-1.223421649258036,-0.9307494328055879,0.16750709945146058,-1.4543814408755102
1631110,Jeremy Sochan,NYK,2025-26,Rebounder,Average,44,468.5516666666667,158,107,40,17,7,21,0.496,0.244,0.731,0.563,0.539,0.141,0.081,107.2,111.1,-3.9,1.9,0.076,0.149,0.124,0.111,14.300000000000011,-0.5513044361341636,-0.46237437630767686,-0.1021517809168449,-0.8172464829347579
1629111,Jock Landale,ATL,2025-26,Rebounder,Very Good,68,1506.0766666666666,718,387,115,35,36,60,0.515,0.383,0.635,0.595,0.582,0.177,0.098,114.6,116.8,-2.2,1.92,0.111,0.136,0.11,0.123,8.600000000000009,0.2990374784197285,-0.265044673821148,0.7936700741655962,-0.6722371417382046
1642277,Johnny Furphy,IND,2025-26,Rebounder,Average,35,643.0533333333333,180,153,41,20,7,29,0.47,0.324,0.486,0.547,0.547,0.125,0.066,110.1,114.8,-4.6,1.41,0.049,0.191,0.085,0.119,10.600000000000009,-0.7440474519072383,-0.6777831650471104,0.12182086836920014,-1.0035546918029816
202685,Jonas Valančiūnas,DEN,2025-26,Rebounder,Very Good,65,871.065,567,329,78,14,37,73,0.582,0.308,0.772,0.63,0.592,0.26,0.15,114.6,116.6,-2.0,1.07,0.124,0.246,0.15,0.187,8.800000000000011,0.9978577681623264,-0.17648711935097475,1.455111991812549,-0.8679573644297821
1630228,Jonathan Kuminga,ATL,2025-26,Rebounder,Average,36,830.4966666666667,438,202,83,22,11,67,0.463,0.333,0.724,0.557,0.515,0.226,0.111,112.0,108.0,4.1,1.24,0.056,0.182,0.148,0.118,17.400000000000006,0.238553022996819,-0.16932396940911792,0.23909676466411844,-0.5428303195774505
1630692,Jordan Goodwin,PHX,2025-26,Rebounder,Average,70,1571.7766666666666,609,341,151,106,14,68,0.413,0.371,0.696,0.525,0.514,0.167,0.098,113.4,110.1,3.3,2.22,0.08,0.134,0.136,0.105,15.300000000000011,-0.25300010995981476,0.013483200490877641,0.4423008818327482,0.23449174164601463
1628404,Josh Hart,NYK,2025-26,Rebounder,Very Good,66,1993.575,792,486,317,75,17,128,0.508,0.413,0.72,0.612,0.593,0.163,0.118,118.0,112.5,5.5,2.48,0.047,0.2,0.212,0.123,12.900000000000006,0.3471138659089961,1.0512536134527393,1.0563545539484587,-0.19736933755124433
1630577,Julian Champagnie,SAS,2025-26,Rebounder,Very Good,82,2265.963333333333,911,473,127,62,38,69,0.437,0.381,0.844,0.609,0.578,0.146,0.091,120.4,108.0,12.4,1.84,0.032,0.161,0.071,0.099,17.400000000000006,0.2913297850805264,-0.43997685801486075,0.7161089290484831,0.14479572603798505
1630551,Justin Champagnie,WAS,2025-26,Rebounder,Very Good,69,1377.4533333333334,597,384,84,59,43,45,0.502,0.319,0.784,0.589,0.56,0.161,0.106,110.0,119.4,-9.4,1.87,0.098,0.171,0.087,0.133,6.0,0.060345527438448454,-0.5083211315167306,0.9131064814614035,-0.5055043383259178
203994,Jusuf Nurkić,UTA,2025-26,Rebounder,Elite,41,1083.0683333333334,447,425,196,52,22,101,0.503,0.352,0.549,0.548,0.538,0.186,0.121,109.5,117.4,-7.9,1.94,0.089,0.279,0.261,0.182,8.0,-0.09923374501453451,0.8812759768607533,1.646138064321014,-0.6729912728596191
1626157,Karl-Anthony Towns,NYK,2025-26,Rebounder,Elite,75,2321.7816666666668,1504,889,226,65,40,187,0.501,0.368,0.858,0.619,0.556,0.251,0.154,118.8,111.8,7.0,1.21,0.101,0.283,0.142,0.192,13.600000000000009,1.544797080363427,0.32316596967575095,3.004702270188506,-0.027153022329043708
1631255,Karlo Matković,NOP,2025-26,Rebounder,Average,62,911.7566666666668,352,229,50,25,54,34,0.604,0.422,0.732,0.696,0.685,0.128,0.108,107.2,111.6,-4.4,1.47,0.074,0.155,0.079,0.115,13.800000000000011,0.2538645047227923,-0.6783718631555695,0.27251902350904017,-0.2882121088086051
1631099,Keegan Murray,SAC,2025-26,Rebounder,Average,23,793.0966666666667,321,132,38,24,36,27,0.42,0.277,0.776,0.499,0.472,0.182,0.078,107.6,118.4,-10.7,1.41,0.039,0.122,0.07,0.079,7.0,-0.49953971259298524,-0.7730870390378837,-0.44348625407498243,-0.8802196141388405
1642276,Kel'el Ware,MIA,2025-26,Rebounder,Elite,77,1703.8216666666667,851,694,56,59,84,62,0.53,0.395,0.74,0.616,0.601,0.174,0.137,113.1,114.1,-1.0,0.9,0.113,0.247,0.046,0.18,11.300000000000011,0.4930571003976669,-0.8416762752738085,2.334417594717613,0.2207114635624201
1629026,Kenrich Williams,OKC,2025-26,Rebounder,Average,56,855.1633333333333,363,187,79,31,5,43,0.473,0.388,0.635,0.569,0.557,0.178,0.098,112.6,109.5,3.1,1.84,0.068,0.143,0.132,0.106,15.900000000000006,-0.0983058515384777,-0.27392518805714655,0.046420234252975784,-0.5984148497253321
201567,Kevin Love,UTA,2025-26,Rebounder,Very Good,37,612.8,248,215,67,14,9,30,0.397,0.373,0.841,0.568,0.53,0.161,0.103,115.8,122.5,-6.7,2.23,0.083,0.256,0.145,0.167,2.9000000000000057,-0.3114037099809882,-0.2450519905712819,0.8978337471811018,-1.497898939307878
1642863,Khaman Maluach,PHX,2025-26,Rebounder,Average,46,411.025,139,133,6,5,33,25,0.533,0.238,0.71,0.586,0.557,0.142,0.098,106.0,103.5,2.5,0.24,0.107,0.198,0.021,0.151,21.900000000000006,-0.4261824511130254,-1.1661021747636524,0.47642223444566406,-0.23199324373839633
1641738,Kobe Brown,IND,2025-26,Rebounder,Average,61,962.3766666666668,353,185,80,23,12,53,0.469,0.374,0.797,0.594,0.565,0.154,0.078,108.4,119.0,-10.5,1.51,0.072,0.119,0.123,0.096,6.400000000000006,-0.1382705053352975,-0.32080437674906337,-0.08628306596115767,-1.1686529181805942
1642271,Kyle Filipowski,UTA,2025-26,Rebounder,Very Good,77,1800.9433333333334,879,552,198,73,39,125,0.492,0.325,0.75,0.586,0.548,0.197,0.106,113.7,120.4,-6.6,1.58,0.076,0.225,0.156,0.149,5.0,0.5100942718879832,0.29878175933912077,1.5627085523920545,-0.45966978825134325
1642950,Lachlan Olbrich,CHI,2025-26,Rebounder,Average,37,344.2216666666667,89,112,42,12,8,16,0.468,0.105,0.375,0.47,0.481,0.125,0.074,109.0,106.7,2.3,2.63,0.112,0.174,0.153,0.142,18.700000000000003,-1.2499222922907125,-0.29210304695040074,0.30604439544657047,-0.6004152634054343
1626204,Larry Nance Jr.,CLE,2025-26,Rebounder,Average,35,448.77,131,93,34,21,6,20,0.419,0.333,0.462,0.505,0.504,0.137,0.062,108.2,111.1,-2.9,1.7,0.058,0.143,0.105,0.098,14.300000000000011,-0.9316744852968958,-0.5911879376051339,-0.30491458704900254,-0.7859184951845828
1642862,Liam McNeeley,CHA,2025-26,Rebounder,Average,31,367.52166666666665,132,73,24,5,3,13,0.4,0.4,0.821,0.588,0.526,0.144,0.079,111.5,109.9,1.6,1.85,0.034,0.167,0.096,0.098,15.5,-0.4051544571011412,-0.6785437308427715,-0.3579821587223081,-0.9115470841473887
1642502,Malevy Leons,GSW,2025-26,Rebounder,Average,25,276.4716666666667,83,53,23,14,9,13,0.444,0.25,0.789,0.516,0.472,0.137,0.062,111.6,122.2,-10.6,1.77,0.106,0.089,0.117,0.098,3.200000000000003,-0.9033967357904618,-0.564252702131848,-0.41104973039561365,-1.4802725367930278
1631109,Mark Williams,PHX,2025-26,Rebounder,Very Good,60,1416.05,700,477,58,55,55,65,0.644,1.0,0.771,0.68,0.645,0.167,0.141,111.3,113.3,-2.0,0.89,0.124,0.201,0.064,0.162,12.100000000000009,0.6988425542244668,-0.7331991326006218,1.5293206645780029,-0.06713670424032903
1628963,Marvin Bagley III,DAL,2025-26,Rebounder,Very Good,60,1200.9033333333334,627,366,85,28,43,61,0.618,0.462,0.66,0.661,0.647,0.18,0.123,109.9,119.0,-9.1,1.39,0.116,0.171,0.107,0.143,6.400000000000006,0.6327317611974177,-0.3922883734960477,0.9927422100022312,-0.8032047193937863
1642875,Maxime Raynaud,SAC,2025-26,Rebounder,Very Good,74,1963.88,922,556,100,38,39,94,0.571,0.324,0.786,0.619,0.589,0.178,0.109,110.4,121.3,-10.9,1.06,0.07,0.211,0.074,0.14,4.1000000000000085,0.5906932114138658,-0.5224755637132422,1.4586651779845934,-0.8751966986368128
1629021,Moritz Wagner,ORL,2025-26,Rebounder,Average,36,426.595,247,115,27,15,2,19,0.426,0.314,0.819,0.545,0.482,0.237,0.106,107.2,117.2,-10.0,1.42,0.056,0.207,0.107,0.127,8.200000000000003,0.11272844531781336,-0.6057104701916672,0.12290971662736205,-1.2469600466287105
1631243,Mouhamed Gueye,ATL,2025-26,Rebounder,Average,77,1178.8366666666666,342,275,69,61,39,33,0.452,0.308,0.645,0.539,0.521,0.12,0.075,112.5,110.1,2.3,2.09,0.071,0.151,0.076,0.111,15.300000000000011,-0.7095640249131638,-0.6253106880358941,0.3436158211389217,0.021167009498790617
1630619,Moussa Cisse,DAL,2025-26,Rebounder,Very Good,38,529.58,170,216,9,19,45,30,0.574,0.0,0.469,0.564,0.574,0.136,0.087,111.2,110.7,0.5,0.3,0.15,0.215,0.023,0.182,14.700000000000003,-0.57353552307281,-1.1438277941268034,1.0915819403349711,-0.38855825492157764
1626167,Myles Turner,MIL,2025-26,Rebounder,Average,71,1911.8033333333333,846,378,103,50,115,83,0.44,0.383,0.74,0.584,0.553,0.181,0.086,109.6,115.8,-6.2,1.24,0.039,0.152,0.079,0.096,9.600000000000009,0.35773357170712333,-0.4833482230716413,0.4258190006862408,0.3412176336287063
1642066,Myron Gardner,MIA,2025-26,Rebounder,Average,45,410.505,163,122,44,20,8,17,0.48,0.406,0.731,0.606,0.585,0.139,0.093,114.7,106.3,8.4,2.59,0.079,0.193,0.143,0.132,19.10000000000001,-0.31648559889360867,-0.3409201976548965,0.20518163823642055,-0.4940224898791374
1641772,Nae'Qwan Tomlin,CLE,2025-26,Rebounder,Average,64,1003.6383333333332,374,186,53,41,34,29,0.478,0.235,0.77,0.549,0.521,0.151,0.069,114.3,110.7,3.6,1.83,0.081,0.094,0.071,0.088,14.700000000000003,-0.40237695307833826,-0.7122740158678926,-0.18554692181493485,-0.2719003743125128
1629675,Naz Reid,MIN,2025-26,Rebounder,Very Good,77,2007.35,1046,477,170,76,78,126,0.456,0.362,0.732,0.565,0.549,0.212,0.112,113.0,109.9,3.2,1.35,0.042,0.187,0.124,0.113,15.5,0.6202651141938875,0.015985495596297916,0.9050776036486683,0.582919484703198
1629674,Neemias Queta,BOS,2025-26,Rebounder,Elite,76,1926.2066666666667,776,636,126,60,100,75,0.653,0.125,0.703,0.674,0.654,0.145,0.13,118.8,105.6,13.2,1.68,0.118,0.194,0.091,0.157,19.80000000000001,0.5582940504032262,-0.3313034826388544,1.8875095878573804,0.8923669884706641
1629651,Nic Claxton,BKN,2025-26,Rebounder,Very Good,69,1920.3666666666663,810,478,253,45,77,96,0.571,0.158,0.616,0.592,0.574,0.175,0.117,107.4,120.3,-12.9,2.64,0.084,0.167,0.216,0.124,5.1000000000000085,0.3335896074002747,0.8382239821627592,1.0478671795838168,-0.3594488509023707
1630208,Nick Richards,CHI,2025-26,Rebounder,Very Good,48,700.71,276,243,16,10,32,59,0.512,0.278,0.644,0.562,0.525,0.176,0.079,108.9,117.2,-8.4,0.27,0.103,0.221,0.033,0.163,8.200000000000003,-0.21570952614359196,-1.0618934215212632,0.9211697303050083,-0.9952429412280944
202696,Nikola Vučević,BOS,2025-26,Rebounder,Very Good,64,1818.118333333333,965,537,213,39,41,85,0.493,0.369,0.828,0.574,0.556,0.213,0.127,113.1,114.8,-1.7,2.51,0.067,0.211,0.175,0.141,10.600000000000009,0.6206303586132149,0.46071254253762206,1.420990639199633,-0.4626950198705892
1642869,Noah Penda,ORL,2025-26,Rebounder,Average,59,757.275,227,187,70,30,18,42,0.404,0.323,0.688,0.506,0.478,0.14,0.076,110.4,113.4,-3.0,1.67,0.081,0.159,0.124,0.118,12.0,-0.8347652054575357,-0.35198363663752885,0.1992960859091393,-0.7063924133167615
1630168,Onyeka Okongwu,ATL,2025-26,Rebounder,Very Good,74,2296.968333333333,1123,562,231,82,79,127,0.48,0.376,0.757,0.592,0.564,0.189,0.104,113.4,111.3,2.1,1.82,0.058,0.178,0.14,0.117,14.100000000000009,0.6617959719249719,0.33032911961760797,1.1815734004789382,0.572948581266839
1631131,Oscar Tshiebwe,UTA,2025-26,Rebounder,Very Good,27,448.42,211,179,32,16,5,21,0.634,0.0,0.551,0.633,0.634,0.162,0.125,110.9,118.9,-8.0,1.52,0.151,0.224,0.101,0.185,6.5,0.04087411477757049,-0.6210179335894792,1.0316258956533968,-1.3061292392653356
1642345,Oso Ighodaro,PHX,2025-26,Rebounder,Very Good,82,1808.37,531,418,185,73,57,101,0.653,0.0,0.453,0.636,0.653,0.12,0.09,114.8,109.7,5.1,1.83,0.071,0.158,0.139,0.113,15.700000000000003,-0.018665865171019053,0.15544566545513044,0.7485282672124169,0.3511195868336398
1629023,P.J. Washington,DAL,2025-26,Rebounder,Very Good,56,1735.62,793,394,98,55,60,94,0.45,0.325,0.687,0.537,0.508,0.194,0.093,107.0,114.4,-7.3,1.04,0.045,0.162,0.082,0.105,11.0,0.14595474364210895,-0.4848937196785809,0.5829299467670078,-0.08117952677941975
1630194,Paul Reed,DET,2025-26,Rebounder,Very Good,65,900.6283333333333,504,294,80,57,60,58,0.617,0.325,0.664,0.65,0.636,0.2,0.153,112.5,104.4,8.1,1.38,0.142,0.176,0.134,0.159,21.0,0.6275471856560366,-0.25901019006497383,1.0055334208532163,0.5270899495922298
1630173,Precious Achiuwa,SAC,2025-26,Rebounder,Very Good,73,1745.185,736,492,101,65,50,65,0.528,0.278,0.554,0.558,0.551,0.172,0.102,110.9,118.1,-7.2,1.55,0.098,0.18,0.082,0.139,7.300000000000011,0.0638669093734888,-0.4738546457115661,1.2761092943253352,-0.2961328351101844
1642366,Quinten Post,GSW,2025-26,Rebounder,Average,67,1159.1983333333333,513,269,94,26,35,56,0.44,0.336,0.791,0.56,0.546,0.183,0.089,112.4,110.2,2.3,1.68,0.057,0.165,0.116,0.111,15.200000000000003,-0.004988927284064193,-0.3086122715807482,0.32769554963693004,-0.3878260168593681
1642853,Rasheer Fleming,PHX,2025-26,Rebounder,Average,55,673.4016666666666,238,124,16,22,21,29,0.405,0.346,0.559,0.517,0.509,0.159,0.056,112.7,106.6,6.1,0.55,0.08,0.099,0.033,0.089,18.80000000000001,-0.6248505097580215,-1.0618934215212632,-0.3373167396975017,-0.3593991344774214
1641712,Rayan Rupert,MEM,2025-26,Rebounder,Average,64,1072.545,332,188,68,55,9,55,0.393,0.324,0.778,0.493,0.463,0.148,0.055,103.5,117.0,-13.6,1.24,0.04,0.129,0.093,0.082,8.400000000000006,-0.774808681747173,-0.5334902726646396,-0.25667809047568596,-0.7499323460648247
1629057,Robert Williams III,POR,2025-26,Rebounder,Elite,59,1008.2133333333334,397,415,60,35,87,49,0.708,0.391,0.596,0.722,0.726,0.129,0.163,110.6,107.2,3.4,1.22,0.133,0.25,0.089,0.192,18.200000000000003,0.442292629980834,-0.5853984165830146,1.7470008215311643,0.40779840289371844
1626220,Royce O'Neale,PHX,2025-26,Rebounder,Average,78,2213.0533333333333,765,372,208,84,32,103,0.421,0.408,0.711,0.596,0.59,0.139,0.082,111.4,115.1,-3.6,2.02,0.025,0.139,0.129,0.081,10.300000000000011,0.060470695967622445,0.18390203251973825,0.21880391461404475,-0.10511726618905537
203497,Rudy Gobert,MIN,2025-26,Rebounder,Elite,76,2380.0466666666666,829,872,128,58,124,106,0.682,0.0,0.526,0.664,0.682,0.127,0.121,113.0,108.0,5.0,1.21,0.121,0.222,0.074,0.173,17.400000000000006,0.4075709045998049,-0.41944420668777077,2.717541402477271,0.9734521785489744
1642346,Ryan Dunn,PHX,2025-26,Rebounder,Average,70,1355.245,407,297,102,60,29,56,0.453,0.331,0.489,0.532,0.53,0.136,0.081,110.4,108.7,1.7,1.82,0.068,0.142,0.105,0.105,16.700000000000003,-0.5855843847408843,-0.34096892768613163,0.325552224151476,-0.008112448400943476
1630583,Santi Aldama,MEM,2025-26,Rebounder,Average,43,1198.0783333333334,602,287,126,37,31,55,0.479,0.35,0.667,0.572,0.553,0.191,0.115,113.6,116.0,-2.4,2.29,0.052,0.171,0.153,0.112,9.400000000000006,0.18636761858336479,0.01699102412601377,0.38819601844758533,-0.6550979958373415
1631106,Tari Eason,HOU,2025-26,Rebounder,Very Good,60,1549.105,627,376,90,72,28,81,0.416,0.358,0.776,0.514,0.496,0.181,0.083,116.1,109.6,6.5,1.11,0.077,0.156,0.078,0.116,15.800000000000011,-0.20042557851668918,-0.536801863596956,0.6753053296125162,0.05322723531117538
1641707,Taylor Hendricks,MEM,2025-26,Rebounder,Average,59,1118.465,438,221,55,50,30,50,0.459,0.342,0.681,0.566,0.548,0.157,0.077,108.4,119.1,-10.7,1.1,0.054,0.141,0.07,0.096,6.300000000000011,-0.21510241361936233,-0.7105322865581332,0.009238563050792306,-0.7126572342958166
1628418,Thomas Bryant,CLE,2025-26,Rebounder,Average,60,731.8166666666667,370,205,33,18,26,28,0.506,0.359,0.803,0.625,0.594,0.182,0.115,114.4,110.7,3.6,1.18,0.074,0.184,0.067,0.129,14.700000000000003,0.25620614658498747,-0.8083384556543267,0.38719309776659766,-0.5911514339182675
1642275,Tidjane Salaün,CHA,2025-26,Rebounder,Average,37,575.38,222,149,27,16,7,26,0.503,0.434,0.65,0.629,0.616,0.147,0.102,113.2,111.1,2.1,1.04,0.044,0.205,0.071,0.125,14.300000000000011,-0.08387062274903838,-0.8079459902486875,0.18764527986262086,-0.8276078458730698
1628396,Tony Bradley,ATL,2025-26,Rebounder,Average,41,450.68666666666667,162,116,22,6,7,18,0.547,0.5,0.744,0.596,0.556,0.136,0.074,104.6,118.8,-14.2,1.22,0.111,0.133,0.077,0.121,6.6000000000000085,-0.3963435560440746,-0.7926385268508754,0.04912516938294553,-1.383632473137359
1631218,Trayce Jackson-Davis,TOR,2025-26,Rebounder,Average,53,496.0366666666667,181,145,39,17,24,23,0.573,1.0,0.514,0.578,0.577,0.142,0.1,102.9,110.5,-7.6,1.7,0.124,0.158,0.122,0.14,14.900000000000006,-0.44163448560197177,-0.47728937429984963,0.3681265800981644,-0.6099967898528238
1641705,Victor Wembanyama,SAS,2025-26,Rebounder,Elite,64,1865.6483333333333,1600,736,199,66,197,155,0.512,0.349,0.827,0.626,0.569,0.316,0.209,120.5,103.6,17.0,1.28,0.071,0.285,0.17,0.186,21.80000000000001,2.1298814654072156,0.3811085973503003,2.522297421059637,2.0534385244975755
1628976,Wendell Carter Jr.,ORL,2025-26,Rebounder,Very Good,78,2288.3516666666665,922,577,154,60,49,100,0.512,0.319,0.792,0.617,0.568,0.156,0.096,113.5,111.3,2.2,1.54,0.07,0.177,0.095,0.124,14.100000000000009,0.41820753359327173,-0.205801512273714,1.3105516593666793,0.04147467653180067
1630214,Xavier Tillman,CHA,2025-26,Rebounder,Average,30,183.87833333333333,44,43,13,9,5,8,0.435,0.167,0.25,0.461,0.467,0.127,0.069,104.8,109.7,-4.9,1.63,0.098,0.136,0.113,0.116,15.700000000000003,-1.3191908559119725,-0.6235202286948995,-0.20826973874802113,-0.8381157693780953
1642905,Yang Hansen,POR,2025-26,Rebounder,Average,43,299.8933333333333,95,66,22,3,10,32,0.31,0.119,0.824,0.413,0.335,0.196,0.027,95.1,110.2,-15.1,0.69,0.063,0.139,0.111,0.102,15.200000000000003,-1.0517407356791932,-0.6016383134636896,-0.32559719158924394,-0.8790739645173556
1642949,Yanic Konan Niederhäuser,LAC,2025-26,Rebounder,Average,41,423.6783333333333,176,117,12,5,30,23,0.64,0.2,0.758,0.691,0.645,0.153,0.098,113.9,109.4,4.5,0.52,0.096,0.176,0.041,0.14,16.0,0.28136666333813487,-1.0316709601312783,0.29383197975553665,-0.6089982185396794
1642274,Yves Missi,NOP,2025-26,Rebounder,Very Good,66,1297.0366666666666,377,385,84,20,101,54,0.544,0.0,0.559,0.556,0.544,0.122,0.087,112.7,114.1,-1.3,1.56,0.128,0.147,0.087,0.137,11.300000000000011,-0.5724847327310132,-0.5083211315167306,0.96671847726379,-0.011384802979512573
1630192,Zeke Nnaji,DEN,2025-26,Rebounder,Average,52,625.9883333333333,190,136,29,17,24,27,0.47,0.259,0.773,0.558,0.517,0.136,0.07,107.1,113.7,-6.6,1.07,0.053,0.147,0.069,0.103,11.700000000000003,-0.5934177616541371,-0.8118219142738453,-0.12712103642799427,-0.7980117500112321
