PLAYER_ID,PLAYER_NAME,TEAM_ABBREVIATION,SEASON,Cluster,Tier,GP,MIN,PTS,REB,AST,STL,BLK,TOV,FG_PCT,FG3_PCT,FT_PCT,TS_PCT,EFG_PCT,USG_PCT,PIE,OFF_RATING,DEF_RATING,NET_RATING,AST_TO,OREB_PCT,DREB_PCT,AST_PCT,REB_PCT,INV_DEF_RATING,Scorer_Score,Playmaker_Score,Rebounder_Score,Defensive Player_Score
275,Allan Houston,NYK,2000-01,Scorer,Very Good,78,2857.846666666667,1459,283,173,52,10,161,0.449,0.381,0.909,0.543,0.488,0.249,0.117,99.2,97.0,2.2,1.07,0.008,0.095,0.119,0.052,28.400000000000006,1.0631716629123245,-0.0010636971112734372,-0.3867967541678935,0.4041945301133632
947,Allen Iverson,PHI,2000-01,Scorer,Elite,71,2975.858333333333,2207,273,325,178,20,237,0.42,0.32,0.814,0.518,0.447,0.349,0.155,102.6,96.5,6.1,1.37,0.017,0.073,0.226,0.046,28.900000000000006,2.1917008651978476,1.1593382907202867,-0.489768465832628,1.8402782378961433
1712,Antawn Jamison,GSW,2000-01,Scorer,Elite,82,3393.12,2044,715,164,114,28,199,0.442,0.302,0.715,0.499,0.459,0.276,0.118,96.6,104.9,-8.2,0.82,0.072,0.134,0.094,0.101,20.5,1.4311252107841603,-0.17462225238524853,1.3837058549048409,0.7645514514529381
76,Cedric Ceballos,MIA,2000-01,Scorer,Average,40,557.0633333333334,261,106,20,16,7,32,0.441,0.301,0.86,0.526,0.489,0.224,0.1,97.7,100.6,-3.0,0.63,0.062,0.13,0.067,0.096,24.80000000000001,-0.08097492432361757,-0.8561744428447242,-0.29589997407071456,-0.21068375785329296
713,Chris Carr,BOS,2000-01,Scorer,Average,35,306.94666666666666,169,44,11,4,3,19,0.473,0.459,0.767,0.611,0.549,0.221,0.088,92.5,101.4,-8.9,0.58,0.034,0.106,0.072,0.07,24.0,0.31670850498524944,-0.8612033980711825,-0.7916404581796493,-0.42249370916492895
1894,Corey Maggette,LAC,2000-01,Scorer,Very Good,69,1361.42,690,291,82,35,9,106,0.462,0.304,0.774,0.562,0.479,0.236,0.124,97.8,100.3,-2.5,0.77,0.066,0.142,0.112,0.105,25.10000000000001,0.5220750554429721,-0.37523918078847635,0.3096319526494843,0.02404346849562951
2042,Courtney Alexander,WAS,2000-01,Scorer,Average,65,1373.9116666666666,618,143,62,45,5,75,0.417,0.37,0.82,0.484,0.432,0.227,0.062,97.4,107.5,-10.1,0.83,0.032,0.076,0.083,0.054,17.900000000000006,-0.04169983001970923,-0.6117449539478413,-0.7327904472716718,-0.33584641848995983
1749,Cuttino Mobley,HOU,2000-01,Scorer,Very Good,79,3006.2233333333334,1538,397,195,84,26,165,0.434,0.357,0.831,0.541,0.471,0.24,0.114,106.6,102.1,4.4,1.18,0.029,0.104,0.114,0.068,23.30000000000001,1.042823017532899,0.05180124530558236,0.1195228732448329,0.5979887254360429
239,Darrick Martin,SAC,2000-01,Scorer,Average,31,174.81666666666666,103,16,14,7,0,10,0.382,0.519,0.886,0.563,0.474,0.251,0.088,98.6,99.7,-1.1,1.4,0.011,0.066,0.152,0.04,25.700000000000003,0.21428539969923566,-0.40075205731078944,-1.2481246876626861,-0.3218790647750562
128,David Benoit,UTA,2000-01,Scorer,Average,49,443.83166666666665,178,81,22,6,6,28,0.483,0.385,0.795,0.542,0.5,0.195,0.072,99.5,99.9,-0.3,0.79,0.051,0.147,0.087,0.1,25.5,-0.26164368627983325,-0.7364619935017032,-0.3112758214436253,-0.2832865787048337
209,Dell Curry,TOR,2000-01,Scorer,Average,71,956.67,429,85,75,27,8,39,0.424,0.428,0.843,0.53,0.505,0.2,0.093,101.3,104.7,-3.4,1.92,0.016,0.076,0.135,0.044,20.700000000000003,-0.1126433285308438,-0.27179099334174794,-1.014082948171061,-0.3274854692317501
15,Eric Piatkowski,LAC,2000-01,Scorer,Average,81,2144.5216666666665,860,241,96,46,19,76,0.433,0.404,0.873,0.572,0.522,0.173,0.092,102.4,103.9,-1.5,1.26,0.026,0.086,0.074,0.057,21.5,0.24065536580540559,-0.5371943290025953,-0.43454038315843363,0.027676270669576324
299,Glenn Robinson,MIL,2000-01,Scorer,Elite,76,2811.555,1674,526,252,86,62,219,0.468,0.299,0.82,0.525,0.487,0.284,0.13,107.4,103.4,4.0,1.15,0.045,0.139,0.157,0.094,22.0,1.3715199038346058,0.5031027440803044,0.7930397224593413,0.9065590778589234
711,Jerry Stackhouse,DET,2000-01,Scorer,Elite,80,3211.048333333333,2380,315,410,97,54,326,0.402,0.351,0.822,0.521,0.445,0.343,0.145,99.4,100.4,-1.0,1.26,0.028,0.063,0.258,0.046,25.0,2.289689346604668,1.6518769598363907,-0.37832656531868636,1.1158583833042823
271,Johnny Newman,NJN,2000-01,Scorer,Average,82,2050.6183333333333,895,176,115,63,10,106,0.419,0.335,0.855,0.542,0.461,0.203,0.077,96.2,104.2,-8.0,1.08,0.017,0.072,0.105,0.044,21.200000000000003,0.31398395426803294,-0.29313294049573413,-0.7726254970575206,0.09513586207837592
252,Karl Malone,UTA,2000-01,Scorer,Elite,81,2890.695,1878,669,361,93,62,244,0.498,0.4,0.793,0.572,0.499,0.298,0.184,108.6,101.6,7.0,1.48,0.044,0.21,0.234,0.127,23.80000000000001,1.8898452363243543,1.3367484050038023,1.5928814519779255,1.0848470335162126
977,Kobe Bryant,LAL,2000-01,Scorer,Elite,68,2791.005,1938,399,338,114,43,220,0.464,0.305,0.853,0.552,0.484,0.309,0.16,108.4,101.9,6.5,1.54,0.037,0.103,0.22,0.07,23.5,1.8992887508829446,1.1734683579011809,0.15030893902152404,1.0925774366475336
672,Matt Bullard,HOU,2000-01,Scorer,Average,61,1001.5466666666666,354,130,42,10,9,12,0.423,0.404,0.714,0.569,0.564,0.146,0.08,110.3,102.2,8.1,3.5,0.024,0.105,0.067,0.066,23.200000000000003,-0.3390516179826604,-0.7752212337532823,-0.6144085172031568,-0.3466244875562241
714,Michael Finley,DAL,2000-01,Scorer,Very Good,82,3444.16,1765,425,360,118,32,190,0.458,0.346,0.775,0.521,0.487,0.247,0.119,106.6,100.7,5.9,1.89,0.033,0.09,0.18,0.063,24.700000000000003,1.143416475429027,1.0297154335959335,0.13011920206405908,1.0932363944263868
782,Mitch Richmond,WAS,2000-01,Scorer,Average,37,1216.3383333333334,598,109,111,43,7,84,0.407,0.338,0.894,0.521,0.451,0.237,0.097,101.9,104.2,-2.3,1.32,0.012,0.081,0.16,0.046,21.200000000000003,0.2286308514848111,0.0011192276353604036,-0.9249225535537335,-0.14244378869708038
1718,Paul Pierce,BOS,2000-01,Scorer,Elite,82,3123.905,2071,522,253,138,69,262,0.454,0.383,0.745,0.563,0.503,0.302,0.147,101.3,102.5,-1.2,0.97,0.03,0.146,0.166,0.086,22.900000000000006,2.006851082577784,0.5573413154168978,0.6805089736872377,1.5690514062172045
978,Peja Stojakovic,SAC,2000-01,Scorer,Very Good,75,2905.1266666666666,1529,434,164,91,13,146,0.47,0.4,0.856,0.576,0.531,0.219,0.12,104.7,99.2,5.5,1.12,0.032,0.111,0.094,0.072,26.200000000000003,1.0827163208865445,-0.17462225238524853,0.2686564980591692,0.7093797916078405
951,Ray Allen,MIL,2000-01,Scorer,Elite,82,3131.068333333333,1806,428,374,124,20,204,0.48,0.433,0.888,0.61,0.557,0.238,0.148,108.3,102.3,6.0,1.83,0.033,0.103,0.199,0.069,23.10000000000001,1.6159599650790515,1.1879665254720968,0.21451726364313678,0.9399875239401844
397,Reggie Miller,IND,2000-01,Scorer,Very Good,81,3182.7966666666666,1527,285,260,81,15,133,0.44,0.366,0.928,0.574,0.512,0.21,0.121,101.7,101.7,0.1,1.95,0.013,0.077,0.145,0.046,23.700000000000003,1.0039546120389378,0.46512843464000375,-0.4579279228286447,0.47911440260710975
1888,Richard Hamilton,WAS,2000-01,Scorer,Very Good,78,2519.88,1411,238,224,75,10,201,0.438,0.274,0.868,0.508,0.454,0.276,0.097,100.2,106.6,-6.4,1.11,0.03,0.068,0.172,0.048,18.80000000000001,1.0260957628374705,0.4843361870785913,-0.5571574076515522,0.07846099721931349
1500,Ron Mercer,CHI,2000-01,Scorer,Very Good,61,2534.375,1202,236,201,78,27,129,0.446,0.304,0.825,0.492,0.452,0.245,0.099,96.2,106.6,-10.4,1.56,0.029,0.071,0.16,0.049,18.80000000000001,0.5569601128752467,0.33229144664580446,-0.5497245105142023,0.2815419740864822
120,Steven Smith,POR,2000-01,Scorer,Very Good,81,2541.2516666666666,1105,272,213,48,24,137,0.456,0.339,0.89,0.587,0.505,0.19,0.102,105.3,100.2,5.1,1.55,0.037,0.075,0.139,0.057,25.200000000000003,0.6275480922057309,0.25847702248060195,-0.35228564706481,0.3163786142447224
145,Tracy Murray,TOR,2000-01,Scorer,Average,51,588.5,257,81,23,12,7,26,0.379,0.35,0.786,0.482,0.452,0.213,0.065,100.2,104.3,-4.1,0.88,0.034,0.105,0.068,0.067,21.10000000000001,-0.41595641567144037,-0.8395177155427922,-0.7316844134980751,-0.46952150728970027
1713,Vince Carter,TOR,2000-01,Scorer,Elite,75,2980.056666666667,2070,416,291,114,82,167,0.46,0.408,0.765,0.551,0.509,0.302,0.15,106.1,100.5,5.6,1.74,0.057,0.081,0.187,0.069,24.900000000000006,1.937519499215185,0.8151403056990136,0.18267672063915347,1.5694150778366662
702,Voshon Lenard,DEN,2000-01,Scorer,Average,80,2334.238333333333,972,231,190,65,18,102,0.397,0.385,0.797,0.522,0.484,0.195,0.076,103.0,105.4,-2.4,1.86,0.019,0.076,0.134,0.047,20.0,0.19659784144319367,0.14575585539223562,-0.5884707120418894,0.12629268992017673
275,Allan Houston,NYK,2001-02,Scorer,Very Good,77,2915.17,1567,252,190,54,10,170,0.437,0.393,0.87,0.54,0.489,0.252,0.095,100.9,106.8,-5.9,1.12,0.013,0.076,0.123,0.045,18.60000000000001,1.1458645851218578,0.08396166870814604,-0.5582290703942793,-0.15087855949513784
947,Allen Iverson,PHI,2001-02,Scorer,Elite,60,2624.165,1883,269,331,168,13,237,0.398,0.291,0.812,0.489,0.422,0.365,0.149,102.1,96.6,5.5,1.4,0.017,0.084,0.266,0.051,28.80000000000001,1.9093677744798783,1.4061225720510055,-0.4366837086438877,1.6599668929865665
1712,Antawn Jamison,GSW,2001-02,Scorer,Very Good,82,3033.31,1619,556,161,70,45,161,0.447,0.324,0.734,0.516,0.471,0.234,0.107,101.8,108.0,-6.1,1.0,0.063,0.11,0.093,0.086,17.400000000000006,0.914374783550688,-0.1912789796871806,0.7707238455318571,0.2985088775659882
1719,Bonzi Wells,POR,2001-02,Scorer,Very Good,74,2350.475,1255,444,204,113,25,191,0.469,0.384,0.741,0.538,0.5,0.26,0.117,106.9,102.6,4.3,1.07,0.054,0.145,0.152,0.099,22.80000000000001,0.967994902539163,0.2983892939334814,0.63916095012219,0.8589734491192651
1894,Corey Maggette,LAC,2001-02,Scorer,Average,63,1616.74,717,231,112,41,19,116,0.443,0.331,0.801,0.56,0.487,0.21,0.086,103.0,105.7,-2.7,0.97,0.034,0.109,0.114,0.072,19.700000000000003,0.33977847052108473,-0.25361313444849387,-0.2699793544248821,-0.1298889591110878
722,Corliss Williamson,DET,2001-02,Scorer,Very Good,78,1707.23,1063,320,94,49,26,137,0.51,0.2,0.805,0.567,0.511,0.289,0.129,104.1,99.6,4.5,0.69,0.075,0.121,0.113,0.098,25.80000000000001,1.2076368373920954,-0.3254652315854999,0.29740235144301536,0.3822277102188815
2042,Courtney Alexander,WAS,2001-02,Scorer,Average,56,1323.14,549,148,86,35,7,60,0.47,0.278,0.81,0.521,0.476,0.201,0.086,99.2,105.3,-6.2,1.43,0.033,0.083,0.114,0.057,20.10000000000001,-0.07024280048496277,-0.3492851088292888,-0.6813045914393044,-0.2899648347580283
1749,Cuttino Mobley,HOU,2001-02,Scorer,Very Good,74,3115.8016666666667,1606,300,187,109,37,180,0.438,0.395,0.85,0.537,0.493,0.245,0.1,103.6,107.0,-3.5,1.04,0.021,0.078,0.112,0.049,18.400000000000006,1.1055934104002971,0.011128408057041739,-0.3799082811596246,0.6804169951850759
1901,Dion Glover,ATL,2001-02,Scorer,Average,55,1156.1816666666666,492,169,84,45,14,76,0.421,0.33,0.757,0.491,0.454,0.221,0.083,96.8,107.7,-10.8,1.11,0.032,0.116,0.127,0.074,17.700000000000003,-0.13646473438266696,-0.2836149981200414,-0.40900951800276864,-0.2565401774722078
1944,Eddie Robinson,CHI,2001-02,Scorer,Average,29,652.2233333333334,262,78,37,23,11,36,0.453,0.4,0.75,0.489,0.457,0.21,0.08,98.3,108.3,-10.0,1.03,0.037,0.092,0.097,0.063,17.10000000000001,-0.39428936378790463,-0.6250900903174568,-0.7906031664677922,-0.5500953591539891
15,Eric Piatkowski,LAC,2001-02,Scorer,Average,71,1716.6533333333334,626,184,112,41,12,64,0.439,0.466,0.894,0.601,0.557,0.146,0.085,103.5,105.2,-1.8,1.75,0.025,0.083,0.101,0.054,20.200000000000003,0.04006204992373789,-0.3266426278024178,-0.6240019253413953,-0.17133386960784416
299,Glenn Robinson,MIL,2001-02,Scorer,Very Good,66,2347.625,1366,406,168,97,41,174,0.467,0.326,0.837,0.537,0.493,0.283,0.124,104.9,106.4,-1.6,0.97,0.033,0.142,0.13,0.09,19.0,1.2106959852357313,0.04233203296112479,0.4236756752007868,0.6318033009673242
147,Jalen Rose,CHI,2001-02,Scorer,Very Good,83,3155.568333333333,1696,373,355,78,45,201,0.455,0.362,0.839,0.528,0.485,0.257,0.113,102.6,104.6,-2.0,1.77,0.014,0.104,0.203,0.06,20.80000000000001,1.2068847732027226,1.1405230036873386,-0.046075447200576214,0.5811656762407927
469,Jamal Mashburn,CHH,2001-02,Scorer,Very Good,40,1596.3983333333333,858,242,171,45,6,110,0.407,0.366,0.876,0.505,0.435,0.272,0.132,102.5,101.0,1.6,1.55,0.02,0.13,0.202,0.075,24.400000000000006,0.5808658667390089,0.4578421470421801,-0.2025732270905231,0.05617643333487935
679,Jason Caffey,MIL,2001-02,Scorer,Average,23,284.815,99,50,12,4,5,19,0.5,0.0,0.628,0.544,0.5,0.178,0.053,99.3,102.6,-3.4,0.63,0.083,0.083,0.073,0.083,22.80000000000001,-0.4316275745732068,-0.8519060534139271,-0.6101046807168139,-0.4727643912181863
961,John Wallace,PHX,2001-02,Scorer,Average,46,485.04,231,85,29,11,9,29,0.435,0.385,0.87,0.493,0.446,0.233,0.076,101.3,107.9,-6.6,1.0,0.056,0.122,0.099,0.089,17.5,-0.2254037483807072,-0.6432923142263285,-0.44079850446044755,-0.6711647724000769
977,Kobe Bryant,LAL,2001-02,Scorer,Elite,80,3065.1316666666667,2019,441,438,118,35,223,0.469,0.25,0.829,0.544,0.479,0.299,0.156,109.1,101.7,7.4,1.96,0.036,0.103,0.254,0.07,23.700000000000003,1.8387567040871458,1.7324377035221934,0.2617508395354657,1.0648341113861017
441,Lamond Murray,CLE,2001-02,Scorer,Very Good,71,2310.645,1176,372,157,70,43,141,0.436,0.424,0.817,0.534,0.487,0.244,0.107,103.9,106.7,-2.8,1.11,0.036,0.129,0.119,0.083,18.700000000000003,0.7710262790946812,-0.05993875826868572,0.24428322322340534,0.35465502712419633
84,Latrell Sprewell,NYK,2001-02,Scorer,Very Good,81,3327.863333333333,1575,298,313,94,14,223,0.404,0.36,0.821,0.501,0.455,0.246,0.091,101.2,105.1,-3.9,1.4,0.018,0.073,0.171,0.045,20.30000000000001,0.8847269722890708,0.80621106143178,-0.4361736555456765,0.4039287616337843
714,Michael Finley,DAL,2001-02,Scorer,Very Good,69,2755.1783333333333,1424,360,230,65,25,117,0.463,0.339,0.837,0.532,0.494,0.236,0.109,110.9,106.9,4.0,1.97,0.033,0.099,0.138,0.066,18.5,0.879872285237898,0.3154141216254352,-0.004131442960143006,0.10898292536743054
2072,Michael Redd,MIL,2001-02,Scorer,Very Good,67,1417.128333333333,767,224,91,42,7,57,0.483,0.444,0.791,0.581,0.555,0.228,0.13,104.2,102.9,1.3,1.6,0.056,0.102,0.116,0.08,22.5,0.6276728545185364,-0.319651345547763,-0.18663577007309656,-0.07642407407103917
2034,Mike Miller,ORL,2001-02,Scorer,Very Good,63,2127.891666666667,956,273,198,47,23,108,0.438,0.383,0.762,0.542,0.51,0.207,0.095,107.4,103.6,3.8,1.83,0.023,0.104,0.149,0.064,21.80000000000001,0.3872559673594487,0.2594581859947001,-0.2604546883483827,0.0961338921350298
978,Peja Stojakovic,SAC,2001-02,Scorer,Very Good,71,2648.46,1506,373,175,81,14,140,0.484,0.416,0.876,0.592,0.541,0.232,0.125,108.6,100.9,7.6,1.25,0.027,0.107,0.106,0.069,24.5,1.2527767415348985,-0.06673380782052088,0.06858144154154655,0.5160006786436392
2047,Quentin Richardson,LAC,2001-02,Scorer,Very Good,81,2153.84,1078,334,128,78,21,102,0.433,0.381,0.765,0.534,0.504,0.228,0.113,104.1,102.3,1.8,1.25,0.052,0.101,0.105,0.076,23.10000000000001,0.5832259707580846,-0.24529695330533668,0.054277256911362676,0.47348229278090787
951,Ray Allen,MIL,2001-02,Scorer,Elite,69,2525.7366666666667,1503,312,271,88,18,159,0.462,0.434,0.873,0.598,0.561,0.258,0.137,106.1,104.8,1.2,1.7,0.034,0.09,0.193,0.063,20.60000000000001,1.4752510456280266,0.7752523992617517,-0.16971257789011723,0.3998568425310533
397,Reggie Miller,IND,2001-02,Scorer,Very Good,79,2890.68,1304,219,253,88,10,120,0.453,0.406,0.911,0.617,0.552,0.18,0.111,104.1,104.5,-0.4,2.11,0.008,0.068,0.144,0.038,20.900000000000006,0.8693779950490627,0.43375294204871867,-0.7349681437879954,0.3365435330213237
1888,Richard Hamilton,WAS,2001-02,Scorer,Very Good,63,2200.2533333333336,1260,216,171,38,14,132,0.435,0.381,0.89,0.511,0.443,0.281,0.104,103.3,103.9,-0.7,1.3,0.034,0.067,0.143,0.051,21.5,0.9709572930792892,0.12640060028206346,-0.5773127735781474,-0.10580195285228179
1729,Ricky Davis,CLE,2001-02,Scorer,Very Good,82,1955.9683333333328,959,243,178,69,23,148,0.481,0.314,0.79,0.539,0.488,0.237,0.107,101.1,105.2,-4.1,1.2,0.034,0.095,0.168,0.065,20.200000000000003,0.5918812674769957,0.2925997729113622,-0.3273163915536607,0.23007639669868776
406,Shaquille O'Neal,LAL,2001-02,Scorer,Elite,67,2420.661666666667,1822,715,200,41,137,171,0.579,0.0,0.555,0.59,0.579,0.314,0.193,110.4,98.6,11.8,1.17,0.099,0.189,0.157,0.145,26.80000000000001,2.069504260824577,0.31175879531871453,1.9442506443107737,1.4811299861029388
120,Steven Smith,SAS,2001-02,Scorer,Very Good,77,2212.1966666666667,895,193,151,54,15,108,0.455,0.472,0.878,0.588,0.54,0.178,0.088,105.4,98.8,6.6,1.4,0.022,0.067,0.113,0.045,26.60000000000001,0.393978567977997,-0.11572282621221866,-0.7147784068305306,0.3697461609162453
1503,Tracy McGrady,ORL,2001-02,Scorer,Elite,76,2908.86,1948,596,400,119,73,189,0.451,0.364,0.748,0.532,0.483,0.31,0.165,108.1,102.9,5.1,2.12,0.051,0.153,0.25,0.101,22.5,1.7994699982128533,1.57013881993367,1.0679538034486729,1.3891534963817662
145,Tracy Murray,TOR,2001-02,Scorer,Average,40,472.82666666666665,227,53,19,11,8,25,0.411,0.385,0.81,0.525,0.507,0.225,0.075,97.9,105.7,-7.8,0.76,0.036,0.081,0.074,0.057,19.700000000000003,-0.10389104213985556,-0.8205305608226419,-0.9333755568875057,-0.5520219512942436
1713,Vince Carter,TOR,2001-02,Scorer,Very Good,60,2385.645,1484,313,239,94,45,154,0.428,0.387,0.798,0.515,0.474,0.295,0.125,102.5,101.1,1.5,1.55,0.056,0.074,0.19,0.065,24.30000000000001,1.2578515474924552,0.6406493169421755,-0.14157989069709132,0.9525888459270426
702,Voshon Lenard,DEN,2001-02,Scorer,Average,71,1656.4266666666667,813,183,130,59,25,91,0.41,0.371,0.783,0.495,0.467,0.243,0.094,100.1,106.2,-6.1,1.43,0.022,0.092,0.144,0.055,19.200000000000003,0.27894482292068273,-0.018849090598888257,-0.6139156496203804,0.08794302027221089
1887,Wally Szczerbiak,MIN,2001-02,Scorer,Very Good,82,3120.6266666666666,1531,391,257,66,21,181,0.508,0.455,0.831,0.58,0.544,0.214,0.112,108.1,103.6,4.5,1.42,0.04,0.086,0.133,0.063,21.80000000000001,1.070426353238562,0.3866775206539823,0.039904330219439677,0.27276485995681155
1005,Walt Williams,HOU,2001-02,Scorer,Average,48,1118.61,450,162,69,18,10,53,0.419,0.426,0.784,0.538,0.518,0.19,0.077,103.6,106.4,-2.8,1.3,0.033,0.114,0.107,0.073,19.0,-0.1249637319878076,-0.45116343465346,-0.44032282239310594,-0.500385755254567
1917,Wang Zhi-zhi,DAL,2001-02,Scorer,Average,55,594.3766666666667,308,111,22,11,18,25,0.44,0.414,0.737,0.564,0.536,0.218,0.092,107.1,101.2,5.9,0.88,0.031,0.155,0.063,0.092,24.200000000000003,0.12626255877836,-0.8712856735397166,-0.3335916983711094,-0.18645127354075683
445,Wesley Person,CLE,2001-02,Scorer,Very Good,78,2793.076666666667,1176,294,173,77,37,74,0.495,0.444,0.798,0.589,0.57,0.17,0.107,105.9,106.8,-0.9,2.34,0.019,0.089,0.103,0.054,18.60000000000001,0.5437750974752334,-0.0909461504699491,-0.33213028113821486,0.36060431616899474
275,Allan Houston,NYK,2002-03,Scorer,Elite,82,3109.793333333333,1845,231,220,54,7,178,0.445,0.396,0.919,0.563,0.506,0.262,0.11,103.8,104.3,-0.5,1.24,0.008,0.07,0.129,0.038,21.10000000000001,1.5510521414387053,0.2280583283877975,-0.703127600784012,-0.034344263880599
1712,Antawn Jamison,GSW,2002-03,Scorer,Very Good,82,3229.3083333333334,1822,578,156,76,45,177,0.47,0.311,0.789,0.542,0.492,0.241,0.116,106.4,108.5,-2.1,0.88,0.057,0.113,0.085,0.085,16.900000000000006,1.2606673324042987,-0.25461866297820973,0.8163585200678131,0.33129971767110855
1517,Bobby Jackson,SAC,2002-03,Scorer,Very Good,59,1672.9066666666668,895,219,182,71,3,106,0.464,0.379,0.846,0.561,0.525,0.234,0.13,101.7,96.4,5.3,1.72,0.033,0.089,0.187,0.062,29.0,0.6495520861114387,0.41405395156414254,-0.4292164404756683,0.5654909829494836
1894,Corey Maggette,LAC,2002-03,Scorer,Very Good,64,2004.775,1073,322,123,55,16,147,0.444,0.35,0.802,0.564,0.484,0.24,0.107,99.0,105.7,-6.6,0.84,0.038,0.121,0.112,0.08,19.700000000000003,0.838992096948849,-0.2243718365726074,0.0733953311261006,-0.015182269983938283
2201,Eddy Curry,CHI,2002-03,Scorer,Very Good,81,1576.3216666666667,849,353,37,18,62,137,0.585,0.0,0.624,0.607,0.585,0.234,0.1,99.4,104.3,-4.9,0.27,0.077,0.149,0.041,0.114,21.10000000000001,0.87938590057139,-0.9396786770728216,0.5887983135788543,0.14910719050916016
15,Eric Piatkowski,LAC,2002-03,Scorer,Average,62,1360.8183333333334,601,156,70,33,9,56,0.471,0.398,0.828,0.601,0.561,0.178,0.1,103.6,103.2,0.4,1.25,0.033,0.081,0.087,0.058,22.200000000000003,0.25628875268991874,-0.5598368100294664,-0.6473379084653019,-0.16706781502455212
779,Glen Rice,HOU,2002-03,Scorer,Average,62,1533.8933333333334,556,154,65,23,5,55,0.429,0.398,0.759,0.563,0.539,0.162,0.077,100.9,101.5,-0.6,1.18,0.019,0.081,0.075,0.051,23.900000000000006,-0.11055703796409273,-0.6456471066601643,-0.7418222457653947,-0.21126835283580703
299,Glenn Robinson,ATL,2002-03,Scorer,Very Good,69,2591.7833333333333,1436,457,205,91,26,248,0.432,0.342,0.876,0.519,0.468,0.28,0.113,101.2,105.2,-4.1,0.83,0.035,0.139,0.15,0.089,20.200000000000003,1.1362993126157919,0.2908336785859852,0.5462583286630356,0.488378773350768
1921,Gordan Giricek,ORL,2002-03,Scorer,Average,76,2154.391666666667,935,238,137,52,8,145,0.436,0.341,0.82,0.529,0.489,0.208,0.078,101.1,105.0,-3.9,0.94,0.017,0.093,0.108,0.055,20.400000000000006,0.3051043512244945,-0.19532677139954058,-0.4679798275187901,-0.08607779828880231
2202,Jason Richardson,GSW,2002-03,Scorer,Very Good,82,2696.705,1282,378,247,90,23,179,0.41,0.368,0.764,0.501,0.463,0.225,0.086,106.1,109.3,-3.3,1.38,0.039,0.093,0.149,0.066,16.10000000000001,0.5197002119481237,0.4397630607892752,0.04362937154583196,0.20677085070027826
711,Jerry Stackhouse,WAS,2002-03,Scorer,Very Good,70,2747.6833333333334,1508,258,316,65,28,193,0.409,0.29,0.878,0.528,0.438,0.272,0.122,101.2,101.9,-0.7,1.64,0.023,0.073,0.216,0.049,23.5,1.1811160050070824,1.07004453547007,-0.49135018167356626,0.43310869262416096
977,Kobe Bryant,LAL,2002-03,Scorer,Elite,82,3403.8566666666666,2461,564,481,181,67,288,0.451,0.383,0.843,0.55,0.483,0.323,0.18,106.4,102.8,3.6,1.67,0.031,0.134,0.268,0.082,22.60000000000001,2.3675013186607408,1.96931157707158,0.7409922569824583,1.9767286820436218
1924,Lee Nailon,NYK,2002-03,Scorer,Average,38,405.85,210,70,26,6,3,32,0.442,0.0,0.824,0.494,0.442,0.265,0.086,97.2,102.9,-5.7,0.81,0.081,0.106,0.123,0.093,22.5,-0.0005749136851281126,-0.5195077081553299,-0.42964056599670547,-0.4899029958625589
1723,Matt Harpring,UTA,2002-03,Scorer,Very Good,78,2556.195,1370,514,133,72,17,161,0.511,0.413,0.792,0.588,0.543,0.233,0.131,106.0,100.3,5.6,0.83,0.083,0.127,0.095,0.106,25.10000000000001,1.1391508240769312,-0.28307503004281764,0.9140750311115214,0.48835360923775134
714,Michael Finley,DAL,2002-03,Scorer,Very Good,69,2641.853333333333,1331,402,205,76,21,114,0.425,0.37,0.861,0.514,0.475,0.239,0.114,111.6,98.8,12.8,1.8,0.04,0.109,0.124,0.074,26.60000000000001,0.7318512291359206,0.1447746918781373,0.20922769199124094,0.6584009295775429
893,Michael Jordan,WAS,2002-03,Scorer,Very Good,82,3029.0383333333334,1640,497,311,123,39,173,0.445,0.291,0.821,0.491,0.45,0.284,0.139,102.0,102.3,-0.3,1.8,0.025,0.147,0.207,0.086,23.10000000000001,1.152604609269072,1.0010871988441237,0.6141745090956058,1.1218579770602504
2072,Michael Redd,MIL,2002-03,Scorer,Very Good,82,2318.733333333333,1241,371,117,100,13,74,0.469,0.438,0.805,0.59,0.562,0.218,0.129,108.1,105.7,2.4,1.58,0.044,0.122,0.089,0.083,19.700000000000003,0.9477504533269379,-0.3756560112097333,0.24162984463974008,0.42072667023088134
2034,Mike Miller,MEM,2002-03,Scorer,Very Good,65,2185.2433333333333,1011,341,170,42,21,125,0.434,0.363,0.839,0.537,0.498,0.216,0.101,105.3,102.7,2.6,1.36,0.021,0.139,0.131,0.079,22.700000000000003,0.464215816169449,0.055309068940718555,0.11106986991106055,0.07697135698187686
1718,Paul Pierce,BOS,2002-03,Scorer,Elite,79,3096.575,2048,578,349,139,62,288,0.416,0.302,0.802,0.532,0.454,0.322,0.158,101.9,99.9,2.0,1.21,0.034,0.157,0.236,0.094,25.5,1.9594306761555085,1.3038274158055774,0.9310154088099357,1.661352676262715
978,Peja Stojakovic,SAC,2002-03,Scorer,Very Good,72,2451.3566666666666,1380,397,141,72,5,101,0.481,0.382,0.875,0.6,0.556,0.218,0.128,106.5,98.3,8.2,1.4,0.025,0.123,0.089,0.077,27.10000000000001,1.105165516859808,-0.28734341947361486,0.23417976198695548,0.48445339129988624
1740,Rashard Lewis,SEA,2002-03,Scorer,Very Good,77,3041.1266666666666,1396,503,133,99,35,143,0.452,0.346,0.82,0.537,0.484,0.219,0.108,102.9,104.4,-1.5,0.93,0.051,0.124,0.078,0.086,21.0,0.7638196010692511,-0.3785751367364105,0.6300947805975975,0.7093305929245179
951,Ray Allen,SEA,2002-03,Scorer,Elite,76,2879.7366666666667,1713,381,334,103,14,198,0.439,0.377,0.916,0.565,0.512,0.275,0.136,107.0,104.1,2.9,1.69,0.035,0.105,0.217,0.07,21.30000000000001,1.5624618216950699,1.141896632607076,0.10254812451554907,0.5559357031280943
397,Reggie Miller,IND,2002-03,Scorer,Average,70,2121.023333333333,882,172,170,62,4,66,0.441,0.355,0.9,0.597,0.53,0.165,0.11,103.6,99.2,4.4,2.58,0.01,0.071,0.135,0.04,26.200000000000003,0.3408951908525906,0.07777968228038748,-0.8341976286109029,0.3178430903691416
1073,Reggie Slater,MIN,2002-03,Scorer,Average,26,142.24166666666667,81,31,4,6,1,9,0.54,0.0,0.6,0.58,0.54,0.229,0.072,99.0,97.3,1.7,0.44,0.113,0.086,0.051,0.099,28.10000000000001,0.13456763323002574,-1.0049319573608122,-0.4566844049315695,-0.18111174359148915
1888,Richard Hamilton,DET,2002-03,Scorer,Elite,82,2639.798333333333,1612,318,208,64,13,200,0.443,0.269,0.833,0.531,0.456,0.308,0.121,101.4,98.1,3.3,1.04,0.036,0.093,0.171,0.064,27.30000000000001,1.5368054568284062,0.41984347258626187,-0.14105265208344525,0.4942531348278716
1501,Tim Thomas,MIL,2002-03,Scorer,Very Good,80,2359.56,1066,389,102,70,49,133,0.443,0.366,0.78,0.527,0.495,0.221,0.081,106.0,106.2,-0.1,0.77,0.043,0.127,0.071,0.086,19.200000000000003,0.4833060557092231,-0.5319691410733174,0.32760962205975586,0.4447371486673828
1503,Tracy McGrady,ORL,2002-03,Scorer,Elite,75,2949.775,2407,488,411,124,59,195,0.457,0.386,0.793,0.564,0.505,0.347,0.192,108.1,104.5,3.6,2.11,0.041,0.13,0.282,0.084,20.900000000000006,2.584296352728783,1.7903803311967423,0.5648147932332579,1.2053083349511071
1713,Vince Carter,TOR,2002-03,Scorer,Very Good,43,1470.3483333333334,884,188,143,48,41,74,0.467,0.344,0.806,0.532,0.497,0.274,0.13,102.5,103.4,-0.9,1.93,0.039,0.09,0.181,0.064,22.0,0.7686301805615505,0.23684006998344673,-0.4859918679599313,0.30036054213854696
702,Voshon Lenard,TOR,2002-03,Scorer,Average,63,1928.17,898,212,144,59,21,103,0.402,0.365,0.804,0.502,0.459,0.228,0.089,98.8,106.5,-7.8,1.4,0.024,0.089,0.138,0.055,18.900000000000006,0.27045800456863267,-0.001039332095655765,-0.5369676706940874,0.029846761745070196
1887,Wally Szczerbiak,MIN,2002-03,Scorer,Very Good,52,1833.8483333333331,913,241,136,44,22,87,0.481,0.421,0.867,0.567,0.523,0.216,0.107,107.5,103.4,4.1,1.56,0.031,0.1,0.116,0.067,22.0,0.5650693069395002,-0.15406523604254097,-0.30714384011163065,0.06668327432692131
1917,Wang Zhi-zhi,LAC,2002-03,Scorer,Average,41,411.51166666666666,182,77,10,8,10,31,0.383,0.34,0.724,0.485,0.432,0.235,0.061,103.6,105.2,-1.6,0.32,0.066,0.13,0.041,0.098,20.200000000000003,-0.29183937152621736,-1.0390303427759549,-0.347368644387647,-0.5334937745782831
445,Wesley Person,MEM,2002-03,Scorer,Average,66,1939.4683333333328,727,192,112,42,19,56,0.456,0.433,0.814,0.565,0.539,0.16,0.086,104.5,105.3,-0.8,2.0,0.013,0.085,0.089,0.05,20.10000000000001,0.009553537634095055,-0.3940544678214246,-0.6537335138907943,-0.0960257261529745
275,Allan Houston,NYK,2003-04,Scorer,Very Good,50,1794.1733333333334,924,121,99,38,2,102,0.435,0.431,0.913,0.539,0.491,0.244,0.09,100.1,100.7,-0.7,0.97,0.012,0.056,0.101,0.035,24.700000000000003,0.6178844293176567,-0.3744786149928153,-1.0332182079012333,-0.0391965607307437
1517,Bobby Jackson,SAC,2003-04,Scorer,Very Good,50,1189.105,689,174,105,49,8,63,0.444,0.37,0.752,0.538,0.513,0.259,0.128,106.0,99.9,6.1,1.67,0.045,0.098,0.171,0.071,25.5,0.5525041251292628,0.04083526638542037,-0.43396158799848317,0.1824869556487246
2073,Brian Cardinal,GSW,2003-04,Scorer,Very Good,76,1631.355,733,317,103,66,20,84,0.472,0.444,0.878,0.626,0.531,0.183,0.121,104.7,100.5,4.3,1.23,0.063,0.138,0.106,0.1,24.900000000000006,0.5310212270611564,-0.3316715830288761,0.31492152430138015,0.4447868886071966
2546,Carmelo Anthony,DEN,2003-04,Scorer,Elite,82,2991.2316666666666,1725,498,227,97,41,247,0.426,0.322,0.777,0.509,0.449,0.282,0.105,103.6,102.5,1.1,0.92,0.061,0.108,0.134,0.084,22.900000000000006,1.3021769559817404,0.2819044343187515,0.5913485790699107,0.8609465336603845
1544,Chris Crawford,ATL,2003-04,Scorer,Average,56,1209.41,569,175,45,37,20,55,0.448,0.389,0.866,0.544,0.495,0.211,0.087,101.7,106.1,-4.4,0.82,0.048,0.102,0.068,0.074,19.30000000000001,0.1488883314517527,-0.7585645064513503,-0.39308924650077703,-0.1847188168810636
1894,Corey Maggette,LAC,2003-04,Scorer,Elite,73,2629.8816666666667,1508,430,224,65,16,207,0.447,0.329,0.848,0.586,0.485,0.248,0.13,103.4,106.5,-3.1,1.08,0.037,0.13,0.154,0.083,18.900000000000006,1.3370415352122784,0.38321842705008125,0.39817918107599143,0.041427619359579185
2035,DerMarr Johnson,NYK,2003-04,Scorer,Average,21,283.30833333333334,113,39,11,8,7,16,0.371,0.361,0.903,0.511,0.438,0.203,0.07,101.5,106.9,-5.4,0.69,0.018,0.126,0.071,0.072,18.5,-0.4271981326058203,-0.8668210514060998,-0.7794280424886153,-0.6637291141716553
2046,Desmond Mason,MIL,2003-04,Scorer,Very Good,82,2534.4333333333334,1183,359,152,60,24,148,0.472,0.231,0.769,0.552,0.477,0.217,0.099,105.0,101.6,3.4,1.03,0.038,0.106,0.103,0.072,23.80000000000001,0.6813369575258258,-0.1682196682390527,0.0696531042842734,0.35845842443516257
2201,Eddy Curry,CHI,2003-04,Scorer,Very Good,73,2158.2633333333333,1070,451,68,24,83,177,0.496,1.0,0.671,0.538,0.497,0.244,0.092,96.3,102.6,-6.3,0.38,0.067,0.138,0.061,0.103,22.80000000000001,0.7174546371441495,-0.7132551793819908,0.7086932174265681,0.5236250597877093
2436,Flip Murray,SEA,2003-04,Scorer,Very Good,82,2025.1033333333328,1013,204,205,81,28,149,0.425,0.293,0.715,0.497,0.462,0.262,0.092,101.0,105.0,-4.0,1.38,0.023,0.079,0.185,0.051,20.400000000000006,0.5736988408894497,0.4874515453080882,-0.6091533165821308,0.4167510069836943
299,Glenn Robinson,PHI,2003-04,Scorer,Very Good,42,1344.84,698,189,57,42,9,106,0.448,0.34,0.832,0.518,0.476,0.262,0.098,98.0,102.5,-4.5,0.54,0.036,0.108,0.085,0.073,22.900000000000006,0.4666051876561423,-0.6189081038896982,-0.36868160063414346,-0.03268727604509273
1921,Gordan Giricek,UTA,2003-04,Scorer,Average,73,2041.4566666666667,827,226,122,56,15,103,0.436,0.395,0.854,0.521,0.478,0.196,0.083,101.7,104.0,-2.3,1.18,0.025,0.089,0.104,0.057,21.400000000000006,0.09363419220759635,-0.2729927545742835,-0.4743410619134128,0.08494457653545566
2044,Jason Collier,ATL,2003-04,Scorer,Average,20,546.4766666666667,226,111,17,11,11,31,0.479,0.25,0.788,0.558,0.482,0.189,0.079,106.9,103.8,3.1,0.55,0.068,0.138,0.051,0.103,21.60000000000001,-0.17947085070278726,-0.9570959701704148,-0.19345550101962622,-0.4100356766909708
2202,Jason Richardson,GSW,2003-04,Scorer,Very Good,78,2940.483333333333,1461,524,226,86,41,196,0.438,0.282,0.684,0.504,0.468,0.252,0.113,101.2,101.9,-0.7,1.15,0.042,0.136,0.143,0.089,23.5,0.8635914950683476,0.32878362301066816,0.7240346937686092,0.7822243463686543
1886,Jonathan Bender,IND,2003-04,Scorer,Very Good,21,269.0466666666667,148,40,9,5,11,33,0.472,0.409,0.83,0.584,0.514,0.28,0.104,98.4,102.8,-4.3,0.27,0.04,0.119,0.076,0.082,22.60000000000001,0.5790993417458808,-0.8460921673761901,-0.6493781208581471,-0.4134491792713398
977,Kobe Bryant,LAL,2003-04,Scorer,Elite,65,2447.4416666666666,1557,359,330,112,28,171,0.438,0.327,0.852,0.551,0.468,0.281,0.156,106.1,100.0,6.1,1.93,0.042,0.104,0.237,0.073,25.400000000000006,1.4138399738989318,1.2395309340160676,0.0823927585889537,1.031726633318877
2573,Maciej Lampe,PHX,2003-04,Scorer,Average,21,224.92166666666665,96,44,9,3,3,15,0.489,0.0,0.769,0.512,0.489,0.214,0.077,97.6,109.7,-12.2,0.6,0.043,0.152,0.069,0.1,15.700000000000003,-0.35321482553452427,-0.8854157407206107,-0.4094508290392405,-0.9205188750141121
714,Michael Finley,DAL,2003-04,Scorer,Very Good,72,2782.21,1342,325,212,84,39,83,0.443,0.405,0.85,0.539,0.508,0.208,0.104,109.4,104.6,4.8,2.55,0.027,0.089,0.117,0.057,20.80000000000001,0.6557873284545566,0.13120895779008457,-0.21165658213055036,0.5826290698522293
2072,Michael Redd,MIL,2003-04,Scorer,Elite,82,3020.2966666666666,1776,407,185,81,6,116,0.44,0.35,0.868,0.544,0.484,0.254,0.123,103.6,104.9,-1.3,1.59,0.039,0.096,0.112,0.067,20.5,1.3340958207873739,0.0037690254123652067,0.13331700477680536,0.2000422664210487
978,Peja Stojakovic,SAC,2003-04,Scorer,Elite,81,3268.988333333333,1964,508,173,108,14,153,0.48,0.433,0.927,0.624,0.566,0.234,0.138,109.6,102.9,6.7,1.13,0.029,0.126,0.09,0.079,22.5,1.7806650748672785,-0.16397564382387303,0.5541840933831619,0.6782481278790563
1740,Rashard Lewis,SEA,2003-04,Scorer,Very Good,80,2933.645,1421,518,175,99,54,135,0.435,0.376,0.763,0.527,0.494,0.231,0.108,106.6,106.3,0.3,1.3,0.047,0.133,0.105,0.09,19.10000000000001,0.812518747108216,-0.07235146115543811,0.7208540765712977,0.7899285263888415
2446,Rasual Butler,MIA,2003-04,Scorer,Average,45,675.315,304,61,23,10,13,28,0.476,0.463,0.762,0.586,0.576,0.196,0.087,99.9,97.3,2.6,0.82,0.006,0.082,0.066,0.045,28.10000000000001,0.08811315409272931,-0.8507530222126267,-1.0650243798743473,-0.018256723801371038
951,Ray Allen,SEA,2003-04,Scorer,Very Good,56,2156.6666666666665,1287,286,268,71,11,156,0.44,0.392,0.904,0.566,0.512,0.273,0.137,109.0,106.6,2.4,1.72,0.033,0.105,0.223,0.069,18.80000000000001,1.246328948862237,0.9327429253422539,-0.1622624952373326,0.04713300946913829
2210,Richard Jefferson,NJN,2003-04,Scorer,Very Good,82,3136.165,1515,464,315,92,28,198,0.498,0.364,0.763,0.573,0.519,0.225,0.129,100.7,95.8,5.0,1.59,0.037,0.118,0.18,0.078,29.60000000000001,1.0993905196209683,0.8641293240907115,0.4246957813972093,1.0712690097605493
2206,Rodney White,DEN,2003-04,Scorer,Average,72,987.11,541,165,60,32,20,78,0.459,0.379,0.75,0.527,0.495,0.254,0.111,98.3,96.8,1.5,0.77,0.043,0.12,0.115,0.081,28.60000000000001,0.34627877468677254,-0.43933942987516655,-0.33044545220466764,0.30989284638775044
120,Steven Smith,NOH,2003-04,Scorer,Average,71,922.2866666666666,358,81,56,15,6,42,0.406,0.402,0.928,0.543,0.48,0.177,0.068,100.6,102.6,-2.0,1.33,0.028,0.066,0.109,0.046,22.80000000000001,-0.2578880195282813,-0.487764115174023,-0.9992171538963612,-0.3486719348936825
1501,Tim Thomas,NYK,2003-04,Scorer,Very Good,66,2089.1266666666666,970,320,124,64,20,116,0.446,0.376,0.784,0.534,0.491,0.219,0.095,102.4,101.8,0.5,1.07,0.03,0.127,0.102,0.078,23.60000000000001,0.43945754755479727,-0.2768686785994414,0.042609265349409425,0.3476830851662196
1503,Tracy McGrady,ORL,2003-04,Scorer,Elite,67,2687.238333333333,1878,402,370,93,42,179,0.417,0.339,0.796,0.526,0.473,0.325,0.153,103.8,109.8,-6.0,2.07,0.034,0.117,0.272,0.075,15.600000000000009,1.8244915867430673,1.5833364536317014,0.22196734629592124,0.4007094180488407
702,Voshon Lenard,DEN,2003-04,Scorer,Average,73,2244.425,1038,200,151,61,12,101,0.422,0.367,0.791,0.512,0.479,0.211,0.078,102.9,101.9,1.0,1.5,0.02,0.07,0.111,0.045,23.5,0.3041460219394556,-0.12695813288205313,-0.6962047567448737,0.22978381682175283
275,Allan Houston,NYK,2004-05,Scorer,Average,20,534.225,237,23,42,8,2,21,0.415,0.388,0.837,0.529,0.49,0.207,0.071,105.6,104.2,1.4,2.0,0.008,0.039,0.127,0.023,21.200000000000003,-0.20557808517058995,-0.43816203365824863,-1.4461251607565941,-0.5556788115533607
2405,Amar'e Stoudemire,PHX,2004-05,Scorer,Elite,80,2884.786666666667,2080,713,131,77,130,189,0.559,0.188,0.733,0.617,0.56,0.283,0.152,116.0,105.5,10.4,0.69,0.079,0.157,0.075,0.121,19.900000000000006,2.1829992186797287,-0.40278747938583875,1.633192183831116,1.3779095460190929
2732,Ben Gordon,CHI,2004-05,Scorer,Very Good,82,2013.0933333333328,1235,215,164,53,10,186,0.411,0.405,0.863,0.526,0.474,0.294,0.105,100.3,96.1,4.2,0.88,0.027,0.074,0.165,0.052,29.30000000000001,1.1338578796616567,0.22423113439387476,-0.5672264978571324,0.46743510059622784
1517,Bobby Jackson,SAC,2004-05,Scorer,Average,25,540.2883333333333,301,85,59,14,2,28,0.427,0.344,0.862,0.537,0.492,0.246,0.126,104.3,100.4,3.9,2.11,0.04,0.108,0.195,0.074,25.0,0.1718145365883842,0.006393145595873506,-0.6318933190306519,-0.2702428687353796
2546,Carmelo Anthony,DEN,2004-05,Scorer,Elite,75,2609.9366666666665,1558,426,194,68,30,224,0.431,0.266,0.796,0.526,0.448,0.286,0.106,105.3,102.3,3.0,0.87,0.057,0.109,0.129,0.084,23.10000000000001,1.3082251280879678,0.1323863540070025,0.4003053210460107,0.46092583942544124
2406,Caron Butler,LAL,2004-05,Scorer,Very Good,77,2742.161666666667,1195,450,146,110,23,125,0.445,0.304,0.862,0.528,0.464,0.204,0.095,106.0,110.2,-4.2,1.17,0.053,0.109,0.091,0.081,15.200000000000003,0.45760360900811053,-0.2577096561920891,0.4257674441399364,0.36111890192196433
1894,Corey Maggette,LAC,2004-05,Scorer,Elite,66,2446.563333333333,1464,394,225,70,8,195,0.431,0.304,0.857,0.574,0.457,0.272,0.139,104.5,104.8,-0.3,1.15,0.031,0.135,0.167,0.085,20.60000000000001,1.4123921173304457,0.45992761172634355,0.3281368606734021,0.1121776696107132
722,Corliss Williamson,SAC,2004-05,Scorer,Average,72,1534.4783333333332,741,259,78,38,15,86,0.467,0.0,0.799,0.536,0.467,0.219,0.085,102.2,102.8,-0.6,0.91,0.066,0.102,0.09,0.084,22.60000000000001,0.285749514599286,-0.5135463194460085,-0.04280890242609065,-0.031054346294755935
1749,Cuttino Mobley,SAC,2004-05,Scorer,Very Good,66,2394.19,1134,229,188,74,30,133,0.438,0.439,0.82,0.555,0.518,0.212,0.089,108.3,108.2,0.1,1.41,0.019,0.076,0.122,0.048,17.200000000000003,0.6265508581582662,0.07098463272855228,-0.5810378149045397,0.17644143426324743
2863,Damien Wilkins,SEA,2004-05,Scorer,Average,29,516.2183333333334,183,66,26,22,10,16,0.435,0.271,0.618,0.5,0.482,0.176,0.069,102.6,110.0,-7.4,1.63,0.057,0.083,0.091,0.069,15.400000000000006,-0.6372636213518611,-0.6992726148726811,-0.7460057836436935,-0.6704571336795282
2046,Desmond Mason,MIL,2004-05,Scorer,Very Good,80,2885.188333333333,1377,312,217,58,27,164,0.443,0.125,0.802,0.526,0.443,0.228,0.09,105.6,108.9,-3.3,1.32,0.03,0.081,0.127,0.056,16.5,0.7531092117175647,0.20578394775094822,-0.2588901580228793,-0.060821037293613066
1717,Dirk Nowitzki,DAL,2004-05,Scorer,Elite,78,3028.193333333333,2032,757,240,97,119,176,0.459,0.399,0.869,0.578,0.49,0.284,0.186,111.2,101.7,9.5,1.36,0.033,0.211,0.138,0.125,23.700000000000003,1.9327206401217782,0.3522110348488179,1.8008994587311093,1.6971124659396433
2201,Eddy Curry,CHI,2004-05,Scorer,Very Good,63,1811.59,1012,338,37,21,58,163,0.538,0.0,0.72,0.583,0.538,0.258,0.109,98.6,99.8,-1.2,0.23,0.069,0.118,0.041,0.095,25.60000000000001,1.035403877121793,-0.9396786770728216,0.30694420303494946,0.4041174610345673
697,Fred Hoiberg,MIN,2004-05,Scorer,Average,76,1267.3283333333334,437,181,85,50,15,20,0.489,0.483,0.873,0.664,0.613,0.124,0.109,109.8,103.7,6.1,4.25,0.028,0.114,0.102,0.074,21.700000000000003,0.10291907717806133,-0.4203766401706339,-0.3771689749987853,0.04040280142043464
2240,Gilbert Arenas,WAS,2004-05,Scorer,Elite,80,3278.891666666667,2038,378,411,139,23,242,0.431,0.365,0.814,0.565,0.498,0.265,0.138,106.7,105.7,1.0,1.7,0.024,0.09,0.224,0.056,19.700000000000003,1.7236304038561159,1.4645564377715432,-0.08376717150097102,0.925994464855772
1921,Gordan Giricek,UTA,2004-05,Scorer,Average,81,1652.6683333333333,715,182,137,46,11,90,0.448,0.362,0.81,0.516,0.478,0.212,0.098,101.7,103.6,-1.9,1.52,0.016,0.105,0.15,0.059,21.80000000000001,0.10140554387307338,0.04061466866698302,-0.5656104109853245,-0.0356370388401524
255,Grant Hill,ORL,2004-05,Scorer,Very Good,67,2342.775,1317,318,220,97,28,161,0.509,0.231,0.821,0.565,0.511,0.242,0.138,103.7,104.0,-0.3,1.37,0.034,0.101,0.165,0.068,21.400000000000006,1.0353109366163498,0.4302938484448178,-0.090094034864724,0.6412874890461878
2045,Hedo Turkoglu,ORL,2004-05,Scorer,Very Good,67,1766.475,937,233,153,41,18,119,0.419,0.38,0.836,0.532,0.479,0.241,0.107,102.7,104.1,-1.4,1.29,0.034,0.095,0.153,0.065,21.30000000000001,0.5652751658187974,0.116342689829147,-0.3538501773903135,-0.04599894303495572
2747,JR Smith,NOH,2004-05,Scorer,Average,76,1863.5216666666668,782,152,142,55,11,109,0.394,0.288,0.689,0.478,0.449,0.226,0.064,97.7,109.3,-11.5,1.3,0.02,0.066,0.142,0.042,16.10000000000001,0.03494289550027966,0.01407189859933648,-0.8617858916748478,-0.27728642017750976
147,Jalen Rose,TOR,2004-05,Scorer,Very Good,81,2714.1,1495,276,209,63,10,180,0.455,0.394,0.854,0.562,0.501,0.248,0.105,104.9,108.5,-3.6,1.16,0.016,0.089,0.14,0.052,16.900000000000006,1.1904457302383147,0.24937591052616612,-0.4053704042535505,-0.15750924063448493
2202,Jason Richardson,GSW,2004-05,Scorer,Very Good,72,2719.94,1559,424,281,105,32,169,0.446,0.338,0.693,0.518,0.492,0.267,0.122,104.1,106.7,-2.5,1.66,0.042,0.11,0.185,0.075,18.700000000000003,1.1241168281766485,0.7671080858057966,0.28034167513655733,0.6060106259313163
979,Jermaine O'Neal,IND,2004-05,Scorer,Elite,44,1539.54,1068,388,82,25,88,131,0.452,0.167,0.754,0.52,0.453,0.358,0.157,103.4,102.3,1.1,0.63,0.06,0.205,0.124,0.134,23.10000000000001,1.4476316429689768,-0.3078273407694696,0.936459650100745,0.6022001452562344
711,Jerry Stackhouse,DAL,2004-05,Scorer,Very Good,56,1620.25,833,183,127,53,10,106,0.414,0.267,0.849,0.525,0.438,0.244,0.104,106.4,102.8,3.5,1.2,0.024,0.086,0.137,0.056,22.60000000000001,0.4722143696963738,-0.06921173791032355,-0.6011759953157001,0.0737787777645605
2207,Joe Johnson,PHX,2004-05,Scorer,Very Good,82,3237.883333333333,1400,422,291,79,24,148,0.461,0.478,0.75,0.556,0.536,0.187,0.094,113.6,105.2,8.4,1.97,0.037,0.083,0.13,0.062,20.200000000000003,0.6410819585861601,0.49493406560873165,0.10941941200838301,0.3438074900848796
2416,Kareem Rush,CHA,2004-05,Scorer,Average,48,965.23,402,89,68,20,7,47,0.387,0.372,0.771,0.471,0.45,0.215,0.064,97.7,105.1,-7.4,1.45,0.019,0.075,0.121,0.046,20.30000000000001,-0.35964175467372134,-0.3761959792869571,-0.9779901252270391,-0.4336343438228067
1496,Keith Van Horn,DAL,2004-05,Scorer,Average,62,1503.03,696,294,75,36,21,81,0.456,0.38,0.815,0.55,0.504,0.212,0.101,105.9,102.9,3.0,0.93,0.06,0.141,0.085,0.1,22.5,0.28209994505819225,-0.5526736600876094,0.2538938168770788,0.0030522443421045673
977,Kobe Bryant,LAL,2004-05,Scorer,Elite,66,2689.536666666667,1819,392,398,86,53,270,0.433,0.339,0.816,0.563,0.482,0.312,0.148,107.6,109.7,-2.1,1.47,0.035,0.109,0.287,0.072,15.700000000000003,1.8983263724312716,1.7706326106809311,0.15721459754522754,0.4453474490194047
84,Latrell Sprewell,MIN,2004-05,Scorer,Average,80,2447.7,1021,254,179,53,21,127,0.414,0.327,0.83,0.489,0.45,0.217,0.079,103.9,104.3,-0.3,1.41,0.028,0.075,0.119,0.052,21.10000000000001,0.20430604982727255,0.021014450822756173,-0.46374473309418657,0.0969388692241044
1924,Lee Nailon,NOH,2004-05,Scorer,Very Good,68,2014.1266666666668,963,298,109,36,16,110,0.478,0.0,0.806,0.511,0.478,0.238,0.093,97.9,106.1,-8.2,0.99,0.062,0.092,0.11,0.076,19.30000000000001,0.4419953315960729,-0.2871228217551776,-0.041244372100587304,-0.2355500358316656
2679,Matt Carroll,CHA,2004-05,Scorer,Average,25,433.165,224,60,17,17,2,25,0.389,0.333,0.855,0.517,0.425,0.237,0.093,98.0,97.6,0.4,0.68,0.029,0.109,0.07,0.068,27.80000000000001,-0.06394899378350821,-0.8503605568069874,-0.7746657094503655,-0.07464568978183587
714,Michael Finley,DAL,2004-05,Scorer,Average,64,2365.565,1003,262,169,48,18,60,0.427,0.407,0.831,0.519,0.491,0.192,0.092,111.3,103.1,8.1,2.82,0.02,0.088,0.111,0.056,22.30000000000001,0.17983940352533914,-0.06072368907996431,-0.39155908720614313,0.08528527258273039
2072,Michael Redd,MIL,2004-05,Scorer,Elite,75,2852.1633333333334,1723,312,172,63,8,133,0.441,0.355,0.854,0.536,0.477,0.269,0.116,105.3,108.6,-3.3,1.29,0.025,0.087,0.112,0.056,16.80000000000001,1.3599418687514397,-0.04406696177803228,-0.2588901580228793,-0.18361963614557988
2554,Mickael Pietrus,GSW,2004-05,Scorer,Average,67,1336.2133333333334,636,189,82,46,18,92,0.427,0.344,0.698,0.539,0.494,0.223,0.081,103.1,103.9,-0.8,0.89,0.046,0.092,0.105,0.069,21.5,0.2564634136352394,-0.414562754132897,-0.4196402178528645,0.017558806666503796
2034,Mike Miller,MEM,2004-05,Scorer,Very Good,76,2281.0333333333333,1022,300,220,54,23,127,0.505,0.433,0.72,0.614,0.597,0.193,0.119,106.2,100.8,5.4,1.73,0.017,0.118,0.169,0.069,24.60000000000001,0.7440276545366636,0.4527644617844867,-0.1251151950660187,0.33317652284182037
2200,Pau Gasol,MEM,2004-05,Scorer,Very Good,56,1783.255,997,410,135,37,93,137,0.514,0.167,0.768,0.582,0.514,0.257,0.156,105.9,101.8,4.0,0.99,0.079,0.161,0.143,0.121,23.60000000000001,1.011548624879291,-0.006068287322114159,0.8292184729805371,0.8065011580560916
1718,Paul Pierce,BOS,2004-05,Scorer,Elite,82,2963.2833333333333,1769,539,348,133,39,230,0.455,0.37,0.822,0.583,0.499,0.261,0.146,108.2,105.1,3.2,1.51,0.028,0.154,0.197,0.094,20.30000000000001,1.6032750646162046,1.0810592444214673,0.8275336440469899,1.0609585163047626
978,Peja Stojakovic,SAC,2004-05,Scorer,Very Good,66,2539.4133333333334,1329,285,138,79,12,102,0.444,0.402,0.92,0.584,0.53,0.213,0.103,109.4,107.1,2.3,1.35,0.025,0.086,0.086,0.056,18.30000000000001,0.9403039317799217,-0.3152354534453814,-0.33053137978184177,0.11076403945395498
1952,Raja Bell,UTA,2004-05,Scorer,Average,63,1796.6866666666667,772,201,91,44,8,79,0.454,0.403,0.747,0.527,0.495,0.205,0.075,102.9,108.5,-5.6,1.15,0.028,0.095,0.092,0.06,16.900000000000006,0.15416055675826204,-0.4544750255857765,-0.5024565635910039,-0.3746100644685568
1740,Rashard Lewis,SEA,2004-05,Scorer,Very Good,71,2702.268333333333,1457,388,94,75,62,123,0.462,0.4,0.777,0.571,0.537,0.237,0.123,112.3,106.1,6.2,0.76,0.042,0.108,0.064,0.075,19.30000000000001,1.1339745939489358,-0.6007302449964441,0.18482004612460734,0.633946462903836
951,Ray Allen,SEA,2004-05,Scorer,Elite,78,3068.548333333333,1867,347,289,84,5,171,0.428,0.376,0.883,0.555,0.498,0.27,0.137,111.5,107.4,4.1,1.69,0.026,0.093,0.176,0.059,18.0,1.579740984830348,0.7459867363702476,-0.12780294468055373,0.07412220360915557
397,Reggie Miller,IND,2004-05,Scorer,Very Good,66,2111.6833333333334,974,156,146,50,5,77,0.437,0.322,0.933,0.582,0.503,0.198,0.116,106.5,101.1,5.5,1.9,0.009,0.067,0.125,0.039,24.30000000000001,0.5630537576540879,-0.06670944280490326,-0.8893913402542275,0.09199031651841656
2210,Richard Jefferson,NJN,2004-05,Scorer,Very Good,33,1363.9033333333334,733,240,133,33,17,132,0.422,0.337,0.844,0.537,0.449,0.281,0.144,96.4,101.7,-5.3,1.01,0.039,0.145,0.204,0.093,23.700000000000003,0.739567747337195,0.32924918346316023,0.021433793226391662,0.002003909574281907
1729,Ricky Davis,BOS,2004-05,Scorer,Very Good,82,2691.9416666666666,1309,249,246,89,27,205,0.462,0.339,0.815,0.547,0.491,0.232,0.103,103.9,105.1,-1.2,1.2,0.026,0.067,0.163,0.047,20.30000000000001,0.8534212728729784,0.5147305161557783,-0.5407098975359144,0.48364897898216735
2562,Sasha Pavlovic,CLE,2004-05,Scorer,Average,65,867.0,314,71,49,29,4,47,0.435,0.385,0.688,0.516,0.489,0.178,0.041,107.0,106.9,0.1,1.04,0.017,0.071,0.091,0.043,18.5,-0.4366715679285147,-0.6146397144589011,-1.063969902647055,-0.47649288447632215
949,Shareef Abdur-Rahim,POR,2004-05,Scorer,Very Good,54,1874.06,909,392,111,49,26,117,0.503,0.385,0.866,0.581,0.514,0.216,0.125,101.9,107.6,-5.7,0.95,0.069,0.143,0.106,0.107,17.80000000000001,0.6422302180487188,-0.30223405245017,0.6031024982090379,-0.08780969017713902
1536,Stephen Jackson,IND,2004-05,Scorer,Very Good,51,1794.795,953,250,119,64,14,123,0.403,0.36,0.83,0.518,0.466,0.27,0.107,105.6,101.4,4.2,0.97,0.026,0.12,0.133,0.074,24.0,0.7090620217558642,-0.12111988182869862,-0.1940858527258812,0.3104801711675849
1501,Tim Thomas,NYK,2004-05,Scorer,Average,71,1940.6583333333333,851,237,110,41,17,113,0.439,0.409,0.786,0.536,0.498,0.211,0.069,104.1,108.9,-4.8,0.97,0.024,0.105,0.093,0.064,16.5,0.30651204057223197,-0.37894323712643224,-0.3559763173603327,-0.3381388472756412
960,Tony Delk,ATL,2004-05,Scorer,Average,56,1348.215,667,130,104,47,3,54,0.416,0.356,0.757,0.512,0.477,0.228,0.091,99.9,108.0,-8.2,1.93,0.02,0.084,0.138,0.05,17.400000000000006,0.1610479633703052,-0.14822698498918646,-0.8182429860780415,-0.36473595814423226
1713,Vince Carter,NJN,2004-05,Scorer,Elite,77,2838.208333333333,1886,401,327,109,48,168,0.452,0.406,0.798,0.541,0.493,0.305,0.152,102.1,101.5,0.5,1.95,0.037,0.11,0.234,0.072,23.900000000000006,1.7696141799485634,1.211638900044301,0.18109500479821505,1.1148598119911381
1887,Wally Szczerbiak,MIN,2004-05,Scorer,Very Good,81,2566.755,1253,303,191,40,16,132,0.506,0.373,0.855,0.595,0.54,0.209,0.109,107.1,105.4,1.7,1.45,0.034,0.084,0.125,0.06,20.0,0.9191075829412356,0.09887666670031876,-0.23181194805714564,-0.15297631154376673
1917,Wang Zhi-zhi,MIA,2004-05,Scorer,Average,20,90.72333333333331,43,18,5,3,2,5,0.472,0.667,0.583,0.521,0.5,0.222,0.102,91.9,103.4,-11.4,1.0,0.067,0.118,0.1,0.094,22.0,-0.2814140365770616,-0.7259872526275297,-0.5548765980426196,-0.5604818862053185
445,Wesley Person,DEN,2004-05,Scorer,Average,41,670.835,264,83,39,19,4,17,0.473,0.461,0.692,0.57,0.564,0.162,0.103,102.7,104.1,-1.4,2.29,0.004,0.117,0.094,0.06,21.30000000000001,-0.2811097726042059,-0.634583667677532,-0.8155552364635066,-0.41559342372083363
2560,Zarko Cabarkapa,GSW,2004-05,Scorer,Average,40,475.5133333333333,238,102,25,10,5,30,0.486,0.361,0.815,0.579,0.523,0.214,0.111,105.0,101.0,4.0,0.83,0.07,0.143,0.093,0.105,24.400000000000006,0.1322632483402075,-0.691716999525185,-0.1918565996632531,-0.31658873350911093
1733,Al Harrington,ATL,2005-06,Scorer,Very Good,76,2781.593333333333,1411,523,238,85,14,195,0.452,0.346,0.694,0.513,0.479,0.257,0.105,104.6,111.1,-6.5,1.22,0.05,0.157,0.155,0.102,14.300000000000011,0.9155942846279129,0.44035175889773426,0.8869968211457877,-0.041851555108038584
2732,Ben Gordon,CHI,2005-06,Scorer,Very Good,80,2482.1066666666666,1350,219,240,75,5,180,0.422,0.435,0.785,0.531,0.494,0.258,0.096,104.0,102.6,1.4,1.33,0.017,0.069,0.17,0.043,22.80000000000001,0.9818403335045294,0.5319759415661692,-0.6712698722645939,0.2628923774019611
2567,Brian Cook,LAL,2005-06,Scorer,Average,81,1535.18,642,274,74,37,32,61,0.511,0.429,0.832,0.578,0.546,0.181,0.093,107.5,103.5,4.0,1.21,0.058,0.13,0.079,0.093,21.900000000000006,0.17631397242366487,-0.590059271419451,0.1116486650710111,0.08945290628451306
2546,Carmelo Anthony,DEN,2005-06,Scorer,Elite,80,2940.846666666667,2122,394,216,88,42,218,0.481,0.243,0.808,0.563,0.493,0.313,0.139,104.7,104.1,0.6,0.99,0.044,0.092,0.141,0.069,21.30000000000001,2.1241549808025098,0.28075140311745106,0.12430239179851732,0.6838042511394459
2406,Caron Butler,WAS,2005-06,Scorer,Very Good,75,2707.8866666666668,1318,466,186,127,18,175,0.455,0.342,0.87,0.535,0.474,0.228,0.117,107.8,106.0,1.8,1.06,0.042,0.139,0.12,0.089,19.400000000000006,0.7620192505700847,0.05238994341404128,0.5701387359160232,0.7334443870658155
1894,Corey Maggette,LAC,2005-06,Scorer,Very Good,32,943.0316666666666,570,169,66,19,4,78,0.445,0.338,0.828,0.584,0.477,0.271,0.126,107.8,101.0,6.8,0.85,0.033,0.138,0.12,0.091,24.400000000000006,0.8175398523467416,-0.38917301526655085,-0.19243539482320365,-0.23345393106737602
2032,Darius Miles,POR,2005-06,Scorer,Average,40,1285.545,559,182,73,42,39,99,0.461,0.2,0.534,0.48,0.463,0.253,0.082,97.6,106.1,-8.5,0.74,0.02,0.124,0.106,0.074,19.30000000000001,0.08321477187214128,-0.4420623226990241,-0.37451559641512006,0.05931981386887408
2052,DeShawn Stevenson,ORL,2005-06,Scorer,Average,82,2648.115,900,241,160,58,17,123,0.46,0.133,0.744,0.507,0.461,0.178,0.067,104.0,108.7,-4.8,1.3,0.025,0.073,0.101,0.05,16.700000000000003,-0.06553611977200414,-0.150017444330181,-0.5237179632911957,-0.15024474231443763
1717,Dirk Nowitzki,DAL,2005-06,Scorer,Elite,81,3088.978333333333,2151,728,226,58,83,156,0.48,0.406,0.901,0.589,0.515,0.293,0.205,111.9,103.3,8.6,1.45,0.041,0.209,0.142,0.127,22.10000000000001,2.1473145998021494,0.32316596967575095,1.7494307884141769,0.8347831271556632
2748,Dorell Wright,MIA,2005-06,Scorer,Average,20,132.365,58,32,8,3,1,14,0.465,0.5,0.882,0.574,0.5,0.216,0.131,85.0,102.9,-17.9,0.57,0.016,0.231,0.129,0.125,22.5,-0.011490276251057105,-0.5520362319479153,-0.12280001442621652,-0.5412220126836398
2067,Eddie House,PHX,2005-06,Scorer,Very Good,81,1421.125,796,132,148,42,12,76,0.422,0.389,0.805,0.512,0.503,0.265,0.097,104.4,102.4,2.0,1.95,0.011,0.078,0.17,0.045,23.0,0.5249340119408928,0.19344433991104862,-0.8766345004341125,0.0035405834690747464
2201,Eddy Curry,NYK,2005-06,Scorer,Very Good,72,1865.9333333333332,979,432,19,28,56,179,0.563,0.0,0.632,0.604,0.563,0.242,0.099,100.7,111.6,-11.0,0.11,0.085,0.165,0.02,0.125,13.800000000000011,1.014546509600146,-1.1238838409081722,0.9385514190398944,-0.2368930919875242
2240,Gilbert Arenas,WAS,2005-06,Scorer,Elite,80,3384.255,2346,280,484,161,25,297,0.447,0.369,0.82,0.581,0.507,0.297,0.147,109.2,106.3,2.9,1.63,0.017,0.069,0.261,0.042,19.10000000000001,2.271480280121566,1.9410270776941743,-0.5221534329656923,1.1389265724750783
1921,Gordan Giricek,UTA,2005-06,Scorer,Average,37,956.17,393,70,63,16,4,63,0.433,0.305,0.754,0.482,0.457,0.227,0.059,99.8,103.8,-4.1,1.0,0.017,0.064,0.128,0.04,21.60000000000001,-0.21539341205869458,-0.3552708625542278,-1.1048422441447612,-0.4290511100209189
255,Grant Hill,ORL,2005-06,Scorer,Average,21,612.685,318,80,48,24,6,35,0.49,0.25,0.765,0.552,0.494,0.243,0.126,103.8,107.8,-3.9,1.37,0.026,0.122,0.142,0.073,17.60000000000001,0.24787566527298685,-0.33181908570046065,-0.6578998662536587,-0.5609439787062885
2045,Hedo Turkoglu,ORL,2005-06,Scorer,Very Good,78,2615.2916666666665,1165,333,216,70,21,130,0.454,0.403,0.861,0.578,0.519,0.202,0.111,105.7,106.8,-1.0,1.66,0.03,0.106,0.142,0.069,18.60000000000001,0.7072049870569783,0.2863690564523683,-0.037553701805064565,0.12619535155165088
101113,Ike Diogu,GSW,2005-06,Scorer,Average,69,1031.4083333333333,486,229,29,15,30,78,0.524,0.0,0.81,0.596,0.524,0.204,0.092,100.7,104.0,-3.3,0.37,0.089,0.136,0.051,0.112,21.400000000000006,0.33510147820366215,-0.9129396743023556,0.23430006059499925,-0.18810934388924583
2747,JR Smith,NOK,2005-06,Scorer,Average,55,989.1316666666668,423,110,58,37,4,54,0.393,0.371,0.822,0.515,0.464,0.215,0.079,98.8,105.1,-6.3,1.07,0.02,0.101,0.102,0.059,20.30000000000001,-0.09292603419462024,-0.5197283058737671,-0.7566536690092245,-0.2878435658807214
147,Jalen Rose,NYK,2005-06,Scorer,Average,72,1982.2616666666668,887,211,181,30,13,115,0.423,0.343,0.78,0.538,0.466,0.213,0.088,104.6,111.9,-7.3,1.57,0.015,0.103,0.158,0.057,13.5,0.35854943864747163,0.24746231352920467,-0.5141417406683919,-0.6688477207578704
2202,Jason Richardson,GSW,2005-06,Scorer,Elite,75,2876.793333333333,1741,438,232,97,37,167,0.446,0.384,0.673,0.538,0.509,0.275,0.124,105.7,104.6,1.1,1.39,0.035,0.116,0.149,0.075,20.80000000000001,1.4282805143133261,0.3845676909542012,0.31748897530787124,0.6970918600441394
1891,Jason Terry,DAL,2005-06,Scorer,Very Good,80,2797.965,1371,158,306,100,27,135,0.47,0.411,0.8,0.575,0.547,0.219,0.113,112.1,103.2,9.0,2.27,0.012,0.048,0.189,0.03,22.200000000000003,0.9630572534744316,0.8815709822039222,-0.9987414718290197,0.7092578538976531
101121,Joey Graham,TOR,2005-06,Scorer,Average,80,1580.6016666666667,533,244,60,37,13,92,0.478,0.333,0.812,0.564,0.513,0.164,0.056,104.4,109.2,-4.8,0.65,0.038,0.125,0.061,0.081,16.200000000000003,-0.10678496306207803,-0.742692709960697,-0.12082854409511072,-0.43768055755602964
2413,Juan Dixon,POR,2005-06,Scorer,Very Good,76,1920.2733333333333,935,177,149,58,6,113,0.435,0.382,0.804,0.516,0.474,0.242,0.09,99.6,108.8,-9.1,1.32,0.016,0.082,0.144,0.048,16.60000000000001,0.4796727707785326,0.051065044525538825,-0.7190135012551341,-0.2674123138531853
1496,Keith Van Horn,DAL,2005-06,Scorer,Average,53,1089.4683333333332,472,192,37,31,11,71,0.424,0.368,0.832,0.54,0.488,0.211,0.089,106.7,102.3,4.4,0.52,0.052,0.13,0.06,0.091,23.10000000000001,0.05606674026597871,-0.8329432637093943,-0.13140768739890224,-0.11467640535047834
2755,Kevin Martin,SAC,2005-06,Scorer,Average,72,1912.825,778,261,97,55,9,81,0.48,0.369,0.847,0.604,0.54,0.169,0.099,103.4,102.2,1.2,1.2,0.032,0.107,0.085,0.07,23.200000000000003,0.3352003836305479,-0.47172045099616755,-0.2158573055242842,0.11963684466781303
2745,Kirk Snyder,NOK,2005-06,Scorer,Average,68,1309.725,542,161,102,29,23,70,0.453,0.357,0.735,0.537,0.503,0.204,0.091,103.2,102.2,1.0,1.46,0.045,0.088,0.13,0.067,23.200000000000003,0.038151182427302116,-0.20052759431320086,-0.5194141268048529,-0.008114095685281986
977,Kobe Bryant,LAL,2005-06,Scorer,Elite,80,3277.1,2832,425,360,147,30,250,0.45,0.347,0.85,0.559,0.491,0.378,0.181,109.7,105.0,4.7,1.44,0.022,0.112,0.228,0.067,20.400000000000006,3.0891319116854272,1.2993627936719605,0.18107781928278033,1.1208358889184271
2594,Kyle Korver,PHI,2005-06,Scorer,Average,82,2562.833333333333,939,270,163,65,26,98,0.43,0.42,0.849,0.577,0.551,0.155,0.077,104.4,105.9,-1.5,1.66,0.011,0.099,0.101,0.054,19.5,0.1944451352649557,-0.13897837036316618,-0.39581136714618154,0.17785506442000562
2544,LeBron James,CLE,2005-06,Scorer,Elite,79,3360.616666666667,2478,556,521,123,66,260,0.48,0.335,0.738,0.568,0.515,0.329,0.192,108.2,104.4,3.8,2.0,0.023,0.15,0.315,0.086,21.0,2.5265993945321115,2.3805289367062206,0.7707238455318571,1.2716446875392529
2571,Leandro Barbosa,PHX,2005-06,Scorer,Very Good,57,1592.2616666666668,744,150,158,48,6,89,0.481,0.444,0.755,0.589,0.558,0.197,0.088,109.7,106.6,3.1,1.78,0.02,0.072,0.143,0.047,18.80000000000001,0.4298917747154046,0.078564613091666,-0.8033943773187768,-0.2417656581273989
1924,Lee Nailon,PHI,2005-06,Scorer,Average,22,237.22833333333327,93,42,7,8,4,10,0.5,0.0,0.867,0.537,0.5,0.178,0.076,106.0,105.3,0.7,0.7,0.101,0.084,0.048,0.093,20.10000000000001,-0.47597722158146366,-1.010745843398549,-0.5039351663393332,-0.6000740261016682
1548,Mark Blount,MIN,2005-06,Scorer,Very Good,81,2239.556666666667,914,365,99,40,76,194,0.508,0.0,0.757,0.549,0.508,0.211,0.077,102.4,106.2,-3.8,0.51,0.049,0.124,0.076,0.089,19.200000000000003,0.42627239390317423,-0.5149199483657461,0.3021474989658301,0.40706778860098286
101110,Martell Webster,POR,2005-06,Scorer,Average,61,1070.0,404,130,34,21,14,43,0.399,0.357,0.859,0.533,0.493,0.179,0.07,97.6,110.0,-12.4,0.79,0.026,0.105,0.055,0.063,15.400000000000006,-0.2672495665668758,-0.8720706043509954,-0.6526274801171976,-0.64034864060555
2072,Michael Redd,MIL,2005-06,Scorer,Elite,80,3129.8866666666668,2028,342,229,95,5,170,0.45,0.395,0.877,0.574,0.504,0.277,0.138,106.3,105.3,1.0,1.35,0.026,0.09,0.133,0.058,20.10000000000001,1.855722525134288,0.2836461636285108,-0.15380949190356033,0.31148201353454275
2034,Mike Miller,MEM,2005-06,Scorer,Very Good,74,2267.583333333333,1014,397,200,52,27,140,0.466,0.407,0.8,0.595,0.557,0.206,0.141,103.1,101.2,1.9,1.43,0.02,0.168,0.171,0.094,24.200000000000003,0.7247915420705008,0.39040594200755574,0.4507538851665205,0.3294217829576852
2050,Morris Peterson,TOR,2005-06,Scorer,Very Good,82,3140.273333333333,1374,381,190,104,15,126,0.436,0.395,0.82,0.561,0.517,0.196,0.093,107.7,111.6,-3.8,1.51,0.021,0.115,0.1,0.066,13.800000000000011,0.7168041059537238,-0.04524435799495019,0.05158950729682782,0.1357544671982094
970,Othella Harrington,CHI,2005-06,Scorer,Average,72,823.8333333333334,346,154,39,7,13,61,0.495,0.0,0.628,0.53,0.495,0.211,0.06,102.6,101.0,1.6,0.64,0.066,0.123,0.079,0.095,24.400000000000006,-0.09197338715471433,-0.7188484677012905,-0.18127745635946158,-0.2667331102994666
2469,Pat Burke,PHX,2005-06,Scorer,Average,42,346.0466666666667,141,73,16,6,13,33,0.496,0.286,0.619,0.517,0.504,0.207,0.051,100.1,106.5,-6.4,0.48,0.06,0.131,0.071,0.098,18.900000000000006,-0.34341881704525373,-0.8484225947944084,-0.3579821587223081,-0.6002451860100426
1718,Paul Pierce,BOS,2005-06,Scorer,Elite,79,3084.465,2116,530,375,107,34,273,0.471,0.354,0.772,0.582,0.509,0.307,0.16,106.8,107.5,-0.7,1.37,0.028,0.153,0.224,0.092,17.900000000000006,2.1845383826751585,1.3320875501673657,0.7781739281846418,0.5999645397744834
978,Peja Stojakovic,IND,2005-06,Scorer,Very Good,71,2601.255,1290,415,136,45,10,103,0.437,0.401,0.915,0.57,0.517,0.213,0.113,106.2,105.1,1.1,1.32,0.032,0.13,0.089,0.082,20.30000000000001,0.8321336166073475,-0.30574187608530623,0.34563884801633193,-0.14424787835579075
1952,Raja Bell,PHX,2005-06,Scorer,Very Good,79,2958.893333333333,1162,253,207,76,22,89,0.457,0.442,0.788,0.584,0.563,0.163,0.075,109.7,103.7,6.0,2.33,0.016,0.069,0.098,0.043,21.700000000000003,0.45384795696810887,0.006075087814965879,-0.5810550004199745,0.38062048583805264
101119,Rashad McCants,MIN,2005-06,Scorer,Average,79,1362.243333333333,627,143,63,44,22,86,0.45,0.372,0.736,0.539,0.513,0.228,0.075,97.7,101.9,-4.2,0.73,0.023,0.082,0.088,0.053,23.5,0.2865754835715781,-0.5799769959509169,-0.745530101576352,0.15481528690117516
1740,Rashard Lewis,SEA,2005-06,Scorer,Very Good,78,2875.776666666666,1568,390,182,102,50,141,0.467,0.384,0.818,0.585,0.529,0.228,0.115,110.2,113.9,-3.7,1.29,0.039,0.106,0.106,0.072,11.5,1.228183293625292,-0.040975968564153004,0.151907840377897,0.3340072288152673
951,Ray Allen,SEA,2005-06,Scorer,Elite,78,3022.2233333333334,1955,332,286,105,16,188,0.454,0.412,0.903,0.59,0.544,0.269,0.137,111.9,112.5,-0.6,1.52,0.025,0.094,0.166,0.059,12.900000000000006,1.8359953758462382,0.6787711290540607,-0.16760362343553287,0.10335408659504124
1888,Richard Hamilton,DET,2005-06,Scorer,Elite,80,2824.785,1609,256,275,52,16,173,0.491,0.458,0.845,0.553,0.512,0.272,0.115,109.9,100.2,9.6,1.59,0.032,0.064,0.183,0.048,25.200000000000003,1.3968904521737437,0.7337946312019326,-0.5093965931455772,0.27688435397339
2210,Richard Jefferson,NJN,2005-06,Scorer,Very Good,78,3058.82,1521,534,297,59,17,174,0.493,0.319,0.812,0.603,0.522,0.217,0.145,104.0,100.2,3.8,1.71,0.032,0.149,0.175,0.09,25.200000000000003,1.2166796427737305,0.7698066136140365,0.7633081339099422,0.359531358544646
1739,Ruben Patterson,DEN,2005-06,Scorer,Very Good,71,1792.4683333333332,858,244,127,76,21,150,0.515,0.077,0.601,0.547,0.516,0.236,0.093,101.1,106.4,-5.3,0.85,0.069,0.072,0.126,0.071,19.0,0.5574650329309531,-0.13100592459441313,-0.2482250871419138,0.211865399201323
101136,Salim Stoudamire,ATL,2005-06,Scorer,Average,61,1236.0583333333334,589,116,75,27,3,82,0.415,0.38,0.9,0.545,0.498,0.218,0.081,102.7,108.1,-5.4,0.91,0.01,0.089,0.107,0.049,17.30000000000001,0.22027222073881494,-0.42908528671943036,-0.8681299405540357,-0.577838684415421
949,Shareef Abdur-Rahim,SAC,2005-06,Scorer,Very Good,72,1961.3566666666663,887,357,149,48,42,108,0.525,0.227,0.784,0.588,0.529,0.199,0.112,107.3,103.0,4.4,1.38,0.057,0.133,0.13,0.095,22.400000000000006,0.5419394998754564,-0.027582102163302293,0.3573583961245897,0.33397987616142083
1501,Tim Thomas,PHX,2005-06,Scorer,Average,29,665.2233333333334,300,131,20,16,7,33,0.431,0.414,0.667,0.535,0.519,0.206,0.07,111.3,109.7,1.6,0.61,0.034,0.17,0.042,0.101,15.700000000000003,-0.1331609673220074,-0.9966157762176548,-0.1658672379556811,-0.7453513008037668
960,Tony Delk,DET,2005-06,Scorer,Average,24,384.9333333333333,182,53,33,13,1,19,0.441,0.426,0.741,0.526,0.503,0.218,0.106,103.0,107.0,-4.0,1.74,0.034,0.118,0.151,0.071,18.400000000000006,-0.18186858231441735,-0.3364555755212796,-0.7550203966219817,-0.6785025510034807
1503,Tracy McGrady,HOU,2005-06,Scorer,Very Good,47,1744.986666666667,1147,307,225,59,41,120,0.406,0.312,0.747,0.494,0.442,0.338,0.159,104.0,102.4,1.6,1.88,0.027,0.153,0.268,0.09,23.0,1.2095368260200419,1.0273105985529836,0.1609911954179243,0.4730902095094809
101143,Travis Diener,ORL,2005-06,Scorer,Average,23,245.965,88,21,16,7,0,10,0.42,0.439,0.833,0.614,0.601,0.144,0.081,97.2,108.9,-11.8,1.6,0.015,0.076,0.126,0.043,16.5,-0.2882290688292665,-0.5394516613739608,-1.196638831830319,-0.86242207523048
1713,Vince Carter,NJN,2005-06,Scorer,Elite,79,2905.825,1911,462,338,94,53,213,0.43,0.341,0.799,0.536,0.471,0.316,0.148,104.6,98.7,5.8,1.59,0.048,0.116,0.235,0.082,26.700000000000003,1.8395805249360622,1.2577331579249393,0.4703476414486,1.1745397780704285
1887,Wally Szczerbiak,BOS,2005-06,Scorer,Very Good,72,2728.855,1366,313,213,40,19,136,0.487,0.4,0.897,0.595,0.538,0.22,0.123,106.0,105.6,0.5,1.57,0.031,0.092,0.139,0.062,19.80000000000001,1.0811227149317293,0.25847702248060195,-0.17979885361113224,-0.13437485454444897
1442,Zeljko Rebraca,LAC,2005-06,Scorer,Average,29,412.40833333333336,135,64,9,5,19,24,0.542,0.0,0.756,0.592,0.542,0.152,0.061,91.9,106.7,-14.8,0.38,0.034,0.14,0.039,0.086,18.700000000000003,-0.3215570089810182,-1.0539453407681276,-0.5347384176314592,-0.56165269993982
1733,Al Harrington,GSW,2006-07,Scorer,Very Good,78,2562.6566666666668,1285,496,149,65,24,169,0.457,0.433,0.694,0.54,0.516,0.228,0.096,103.7,104.3,-0.6,0.88,0.058,0.138,0.097,0.097,21.10000000000001,0.7668090168366608,-0.21296466221557087,0.7516573278634239,0.25162761649306514
200745,Andrea Bargnani,TOR,2006-07,Scorer,Average,65,1629.45,751,255,50,32,53,107,0.427,0.373,0.824,0.546,0.507,0.222,0.077,105.8,104.4,1.4,0.47,0.034,0.13,0.051,0.082,21.0,0.37209781213510534,-0.8356661565332519,-0.07890172537011238,0.19723362811292375
2804,Andres Nocioni,CHI,2006-07,Scorer,Very Good,53,1405.825,749,301,57,27,24,104,0.467,0.383,0.848,0.578,0.536,0.237,0.122,101.5,99.8,1.8,0.55,0.031,0.186,0.073,0.109,25.60000000000001,0.6634239037191517,-0.6863199439087051,0.3871243557048583,0.12229186255997315
101194,Anthony Roberson,GSW,2006-07,Scorer,Average,20,226.59333333333333,111,21,10,12,0,13,0.423,0.382,0.667,0.527,0.524,0.219,0.062,99.4,110.7,-11.3,0.77,0.008,0.083,0.071,0.044,14.700000000000003,-0.22003213819862621,-0.8705007427284381,-1.1838991775256384,-0.9163736756280247
2732,Ben Gordon,CHI,2006-07,Scorer,Elite,82,2703.7883333333334,1753,258,296,64,17,249,0.455,0.413,0.864,0.572,0.513,0.286,0.127,105.5,98.9,6.6,1.19,0.013,0.082,0.194,0.048,26.5,1.711855835089051,0.8728623356551257,-0.5040898359782466,0.48771925080055895
2411,Bostjan Nachbar,NJN,2006-07,Scorer,Very Good,76,1531.6466666666668,696,253,61,30,26,69,0.457,0.423,0.805,0.614,0.57,0.187,0.104,100.7,101.7,-1.1,0.88,0.019,0.149,0.072,0.085,23.700000000000003,0.46501021041449686,-0.6772188319542691,-0.04598951962340201,0.06197699678699883
699,Brent Barry,SAS,2006-07,Scorer,Very Good,75,1631.0833333333333,635,160,138,56,12,61,0.475,0.446,0.88,0.666,0.626,0.15,0.112,107.3,101.4,6.0,2.26,0.012,0.091,0.132,0.053,24.0,0.4474741717337851,-0.05682340003918877,-0.7004226656540423,0.20735433965494443
2073,Brian Cardinal,MEM,2006-07,Scorer,Average,28,312.7583333333333,127,59,31,22,1,23,0.494,0.409,0.926,0.655,0.6,0.171,0.122,101.0,106.3,-5.3,1.35,0.042,0.164,0.169,0.1,19.10000000000001,0.17196773954995548,-0.24269719813744592,-0.36965015028426135,-0.5441220120240212
2546,Carmelo Anthony,DEN,2006-07,Scorer,Elite,65,2485.548333333333,1881,391,249,77,23,234,0.476,0.268,0.808,0.552,0.489,0.328,0.134,108.7,107.0,1.7,1.06,0.06,0.099,0.183,0.08,18.400000000000006,1.9972724209981363,0.6381226568211376,0.2564784533990047,0.2072088851160788
2406,Caron Butler,WAS,2006-07,Scorer,Very Good,63,2474.315,1203,467,233,134,17,181,0.463,0.25,0.863,0.537,0.472,0.227,0.119,110.0,108.9,1.2,1.29,0.059,0.136,0.154,0.096,16.5,0.6832017137647121,0.4163356489511256,0.6619696946324505,0.6254679059873688
1894,Corey Maggette,LAC,2006-07,Scorer,Very Good,75,2290.8016666666667,1266,442,208,65,14,201,0.454,0.2,0.82,0.583,0.462,0.254,0.13,104.7,103.0,1.7,1.03,0.043,0.16,0.16,0.104,22.400000000000006,1.1892937775177481,0.35804928590217233,0.6975524644782609,0.2268340540266931
722,Corliss Williamson,SAC,2006-07,Scorer,Average,68,1337.256666666667,620,221,39,29,15,97,0.51,0.0,0.715,0.559,0.51,0.222,0.082,104.0,101.2,2.9,0.4,0.051,0.117,0.054,0.085,24.200000000000003,0.3519552727150952,-0.8592898010742211,-0.1308976343006909,-0.030299132660359624
2563,Dahntay Jones,MEM,2006-07,Scorer,Average,78,1670.5666666666666,583,153,68,39,22,92,0.477,0.417,0.793,0.542,0.483,0.169,0.047,107.0,110.0,-3.0,0.74,0.031,0.07,0.066,0.051,15.400000000000006,-0.15991090261172644,-0.6851669127074047,-0.7444756243490599,-0.372904395691355
2443,Darius Songaila,WAS,2006-07,Scorer,Average,37,699.56,282,134,38,17,10,43,0.524,0.0,0.852,0.567,0.524,0.184,0.084,104.8,104.5,0.3,0.88,0.064,0.136,0.092,0.099,20.900000000000006,-0.12423109502577723,-0.6494986656697047,-0.1833864108140459,-0.39911323559882367
2046,Desmond Mason,NOK,2006-07,Scorer,Average,75,2575.221666666667,1028,345,115,52,22,192,0.452,0.0,0.663,0.493,0.452,0.215,0.064,103.3,105.9,-2.7,0.6,0.048,0.09,0.076,0.069,19.5,0.21758327303083513,-0.4560448872083338,-0.005713158801081253,0.002687490209660377
2484,Devin Brown,NOK,2006-07,Scorer,Average,58,1661.945,670,251,149,44,9,91,0.42,0.357,0.794,0.538,0.493,0.192,0.094,104.1,104.6,-0.5,1.64,0.033,0.123,0.143,0.078,20.80000000000001,0.04832999711617599,0.04544739119062159,-0.1404738569234947,-0.13534936777242393
1717,Dirk Nowitzki,DAL,2006-07,Scorer,Elite,78,2820.3,1916,693,263,52,62,167,0.502,0.416,0.904,0.605,0.529,0.283,0.201,113.7,102.1,11.6,1.57,0.048,0.217,0.169,0.134,23.30000000000001,1.9961203594490609,0.6109911886450322,1.7457401181186545,0.6306538155206717
2067,Eddie House,NJN,2006-07,Scorer,Average,56,945.5266666666666,468,92,67,27,3,27,0.428,0.429,0.917,0.536,0.517,0.213,0.097,102.4,107.7,-5.2,2.48,0.014,0.088,0.127,0.049,17.700000000000003,0.04495296385753394,-0.34616975059979194,-0.9318110265620023,-0.5543368143956204
2201,Eddy Curry,NYK,2006-07,Scorer,Elite,81,2848.595,1576,571,68,34,40,295,0.576,1.0,0.615,0.603,0.576,0.256,0.103,103.6,108.0,-4.4,0.23,0.076,0.141,0.045,0.109,17.400000000000006,1.5418416345267556,-0.8031376327406665,1.103536573294483,-0.1250875082286041
677,Eric Williams,CHA,2006-07,Scorer,Average,21,121.21666666666668,54,17,7,3,0,7,0.404,0.421,0.571,0.508,0.489,0.226,0.07,101.3,101.3,0.0,1.0,0.028,0.115,0.103,0.074,24.10000000000001,-0.3185274407044105,-0.7017749099781014,-0.8123230627198907,-0.45733199660750773
101123,Gerald Green,BOS,2006-07,Scorer,Average,81,1779.736666666667,843,208,83,41,24,120,0.419,0.368,0.805,0.521,0.484,0.23,0.07,98.4,104.7,-6.3,0.69,0.038,0.088,0.089,0.062,20.700000000000003,0.35406896530239756,-0.5007655161692344,-0.45840360489598636,-0.02054696404622261
2240,Gilbert Arenas,WAS,2006-07,Scorer,Elite,74,2941.701666666667,2105,338,443,139,13,236,0.418,0.351,0.844,0.565,0.484,0.302,0.142,111.4,108.5,2.9,1.88,0.02,0.098,0.257,0.058,16.900000000000006,2.042805218660935,1.7676891201386362,-0.16442300623822143,0.6603067346864396
1921,Gordan Giricek,UTA,2006-07,Scorer,Average,61,1188.3583333333331,475,129,63,28,5,64,0.462,0.426,0.816,0.566,0.53,0.181,0.082,107.2,100.9,6.3,0.98,0.022,0.097,0.09,0.059,24.5,-0.012728333602120593,-0.5687416892810825,-0.7062394759195842,-0.12420873311454612
255,Grant Hill,ORL,2006-07,Scorer,Very Good,65,2008.52,934,237,138,61,25,144,0.518,0.167,0.765,0.582,0.52,0.213,0.116,101.8,103.1,-1.4,0.96,0.029,0.097,0.125,0.064,22.30000000000001,0.6440150313509264,-0.0961469733836094,-0.3559763173603327,0.2908052388022932
101124,Hakim Warrick,MEM,2006-07,Scorer,Very Good,82,2152.451666666667,1045,420,75,43,30,161,0.524,0.0,0.771,0.592,0.524,0.218,0.098,102.2,110.9,-8.7,0.47,0.064,0.145,0.064,0.105,14.5,0.8178403351177227,-0.6706443801208712,0.6519177899423051,-0.30339843945807965
200755,JJ Redick,ORL,2006-07,Scorer,Average,42,622.32,252,52,36,12,0,21,0.41,0.388,0.9,0.569,0.508,0.173,0.086,102.1,103.1,-1.0,1.71,0.018,0.07,0.1,0.045,22.30000000000001,-0.21495579327952916,-0.6119168216350434,-1.0889047871273347,-0.46983814525180473
2747,JR Smith,DEN,2006-07,Scorer,Very Good,63,1471.3533333333332,819,143,91,49,9,85,0.441,0.39,0.81,0.585,0.557,0.223,0.092,107.7,105.0,2.7,1.07,0.02,0.075,0.098,0.048,20.400000000000006,0.6514403334558511,-0.4207691055762731,-0.8092283730997536,-0.10704442310066559
147,Jalen Rose,PHX,2006-07,Scorer,Average,29,245.81666666666663,108,23,16,5,2,9,0.442,0.447,0.917,0.592,0.564,0.184,0.095,95.5,103.8,-8.2,1.78,0.012,0.085,0.119,0.048,21.60000000000001,-0.10677260407824914,-0.5787752347183814,-1.1276338031395867,-0.5632610303484952
2574,Jason Kapono,MIA,2006-07,Scorer,Very Good,67,1767.4616666666666,730,180,81,38,2,70,0.494,0.514,0.892,0.613,0.59,0.174,0.094,103.2,104.5,-1.3,1.16,0.016,0.087,0.079,0.053,20.900000000000006,0.3886454710535248,-0.5643014321630833,-0.6473550939807369,-0.26246432591885327
711,Jerry Stackhouse,DAL,2006-07,Scorer,Very Good,67,1614.5316666666668,804,145,187,51,10,117,0.428,0.383,0.847,0.537,0.476,0.239,0.11,108.6,100.8,7.8,1.6,0.026,0.07,0.195,0.048,24.60000000000001,0.483309074786103,0.4773936348551717,-0.803921615932423,0.17056540198694173
2207,Joe Johnson,ATL,2006-07,Scorer,Elite,57,2359.425,1426,239,249,60,11,176,0.471,0.381,0.748,0.558,0.523,0.281,0.14,102.7,106.8,-4.1,1.41,0.024,0.084,0.216,0.054,18.60000000000001,1.3593922172634751,0.823505216873406,-0.47806610323980514,-0.0785929178621937
2572,Josh Howard,DAL,2006-07,Scorer,Very Good,70,2455.4333333333334,1321,475,127,82,56,123,0.459,0.385,0.827,0.548,0.501,0.248,0.132,112.2,101.6,10.6,1.03,0.058,0.153,0.088,0.105,23.80000000000001,0.9849203092854387,-0.3444767513212678,0.7978536120438954,0.9101672571763458
101235,Kelenna Azubuike,GSW,2006-07,Scorer,Average,41,669.26,291,94,28,22,10,39,0.445,0.43,0.782,0.572,0.523,0.183,0.084,97.7,109.3,-11.6,0.72,0.036,0.097,0.068,0.066,16.10000000000001,-0.09647355569188991,-0.8211192589311009,-0.7099301462151067,-0.6293288611448762
2755,Kevin Martin,SAC,2006-07,Scorer,Elite,80,2818.325,1618,342,173,98,11,135,0.473,0.381,0.844,0.614,0.533,0.226,0.127,104.7,107.9,-3.1,1.28,0.025,0.104,0.108,0.064,17.5,1.4154083259565715,-0.06285788379536293,-0.0773715660754786,0.25050873123920653
977,Kobe Bryant,LAL,2006-07,Scorer,Elite,77,3139.675,2430,439,413,111,36,255,0.463,0.344,0.868,0.58,0.502,0.328,0.172,108.1,106.9,1.3,1.62,0.025,0.118,0.249,0.072,18.5,2.5532741981767813,1.6123571537891506,0.2819233909774956,0.6968977245635773
2594,Kyle Korver,PHI,2006-07,Scorer,Very Good,74,2288.145,1067,259,105,57,20,117,0.44,0.43,0.914,0.569,0.518,0.206,0.098,101.1,105.5,-4.3,0.9,0.014,0.105,0.083,0.059,19.900000000000006,0.6143564941839795,-0.45351822708729583,-0.3613002600430981,0.057761246914876385
2571,Leandro Barbosa,PHX,2006-07,Scorer,Very Good,80,2613.423333333333,1444,214,317,96,15,146,0.476,0.434,0.845,0.595,0.562,0.231,0.115,113.7,104.4,9.3,2.17,0.009,0.072,0.188,0.042,21.0,1.2178976343125154,0.9164299334147259,-0.6972764194876006,0.4758972240481318
101129,Luther Head,HOU,2006-07,Scorer,Average,80,2210.545,872,252,194,76,5,137,0.437,0.441,0.79,0.584,0.564,0.179,0.102,101.9,101.8,0.2,1.42,0.014,0.1,0.155,0.057,23.60000000000001,0.361842479802801,0.27844534071485044,-0.4053532187381156,0.32025748037987495
1766,Maceo Baston,IND,2006-07,Scorer,Average,47,404.5683333333333,138,74,16,12,18,32,0.645,0.429,0.787,0.714,0.664,0.136,0.087,97.5,100.8,-3.4,0.5,0.058,0.146,0.067,0.102,24.60000000000001,0.26101814149876884,-0.8708932081340772,-0.3043701629199218,-0.15258804058264355
1938,Manu Ginobili,SAS,2006-07,Scorer,Elite,75,2060.4216666666666,1240,327,263,109,27,157,0.464,0.396,0.86,0.609,0.539,0.259,0.171,109.1,95.1,14.0,1.68,0.031,0.135,0.223,0.085,30.30000000000001,1.3558022568820218,0.9143444687305625,0.15036049556782852,1.2784229882434317
2679,Matt Carroll,CHA,2006-07,Scorer,Very Good,72,1878.245,869,207,91,53,9,73,0.433,0.416,0.904,0.58,0.517,0.192,0.092,103.3,106.9,-3.7,1.25,0.019,0.099,0.083,0.058,18.5,0.43197515503378475,-0.5050339056000316,-0.5120156006983727,-0.17723285394147306
1723,Matt Harpring,UTA,2006-07,Scorer,Very Good,77,1964.631666666667,894,353,99,52,11,118,0.491,0.333,0.767,0.564,0.501,0.201,0.099,110.0,104.3,5.7,0.84,0.062,0.131,0.083,0.095,21.10000000000001,0.42440763766428774,-0.47559637502132546,0.3467448817899286,-0.014597133744932786
2230,Maurice Evans,LAL,2006-07,Scorer,Average,76,1732.2016666666666,638,221,74,38,14,57,0.432,0.361,0.787,0.523,0.476,0.173,0.073,106.3,106.3,0.0,1.3,0.055,0.077,0.07,0.066,19.10000000000001,-0.19959897095946108,-0.6406181514337062,-0.37295106608961653,-0.24681317297108743
714,Michael Finley,SAS,2006-07,Scorer,Average,82,1823.315,740,223,108,32,16,46,0.412,0.364,0.918,0.524,0.49,0.189,0.098,106.4,101.5,4.9,2.35,0.02,0.107,0.1,0.065,23.900000000000006,-0.003196530693465973,-0.34697904642668814,-0.38038396322696627,-0.006723982357201841
2072,Michael Redd,MIL,2006-07,Scorer,Elite,53,2036.0,1416,196,124,63,9,122,0.465,0.382,0.829,0.586,0.522,0.287,0.134,108.8,108.6,0.2,1.02,0.022,0.082,0.104,0.052,16.80000000000001,1.5561946340045303,-0.265633371929607,-0.6176406909467727,-0.1735021721425074
2554,Mickael Pietrus,GSW,2006-07,Scorer,Average,72,1937.2266666666667,801,327,62,48,55,105,0.488,0.388,0.648,0.59,0.567,0.171,0.078,103.1,107.1,-4.0,0.59,0.04,0.126,0.049,0.083,18.30000000000001,0.28638226635241887,-0.8027451673350272,0.12488118695846791,0.22461274049840352
2034,Mike Miller,MEM,2006-07,Scorer,Very Good,70,2739.515,1293,378,298,54,18,179,0.46,0.406,0.793,0.588,0.56,0.208,0.116,104.8,110.6,-5.8,1.66,0.02,0.128,0.189,0.074,14.800000000000011,0.9006103047271136,0.852133451625216,0.14554660598327426,-0.2932066126586672
2050,Morris Peterson,TOR,2006-07,Scorer,Average,71,1514.9016666666666,634,237,47,45,12,53,0.429,0.359,0.683,0.555,0.532,0.185,0.087,101.9,105.9,-4.0,0.89,0.021,0.143,0.052,0.081,19.5,0.06832337656815907,-0.8410875771653494,-0.13940219418076766,-0.1710166903892484
101126,Nate Robinson,NYK,2006-07,Scorer,Average,64,1355.763333333333,645,152,90,50,6,72,0.434,0.39,0.777,0.552,0.513,0.211,0.091,102.0,103.4,-1.3,1.25,0.042,0.075,0.119,0.059,22.0,0.24943593988199983,-0.30647807686534967,-0.6452117684952827,-0.033027972092367464
2420,Nenad Krstic,NJN,2006-07,Scorer,Average,26,848.3916666666667,426,176,46,10,24,52,0.526,0.0,0.711,0.566,0.526,0.227,0.114,103.7,103.4,0.2,0.88,0.062,0.156,0.102,0.109,22.0,0.2886775437038556,-0.5638846017418263,0.05545203274669866,-0.2653681375695394
1718,Paul Pierce,BOS,2006-07,Scorer,Elite,47,1739.743333333333,1173,277,194,48,13,152,0.439,0.389,0.796,0.571,0.502,0.302,0.146,106.9,106.9,0.0,1.28,0.024,0.143,0.209,0.083,18.5,1.4049996315264461,0.5817986208003808,-0.007787742224795967,-0.1885698126207426
1952,Raja Bell,PHX,2006-07,Scorer,Average,78,2917.3716666666664,1143,251,196,50,22,83,0.432,0.413,0.776,0.562,0.539,0.168,0.069,112.6,103.6,8.9,2.36,0.018,0.067,0.094,0.044,21.80000000000001,0.3509627411307506,-0.056872130070423965,-0.5736221032826248,0.1171005169468931
1740,Rashard Lewis,SEA,2006-07,Scorer,Very Good,60,2347.838333333333,1342,396,145,68,39,118,0.461,0.39,0.841,0.587,0.536,0.243,0.134,107.8,108.2,-0.4,1.23,0.041,0.14,0.108,0.09,17.200000000000003,1.1864459384299748,-0.16588924082083442,0.397141889364134,0.20533043266102857
951,Ray Allen,SEA,2006-07,Scorer,Elite,55,2218.9933333333333,1454,247,228,82,11,154,0.438,0.372,0.903,0.564,0.51,0.287,0.134,108.0,109.0,-1.0,1.48,0.027,0.093,0.183,0.059,16.400000000000006,1.4578124969527178,0.5608491390520339,-0.39314080304708143,0.02009678167176306
1888,Richard Hamilton,DET,2006-07,Scorer,Very Good,75,2763.405,1485,282,285,59,15,159,0.468,0.341,0.861,0.551,0.486,0.255,0.115,108.8,101.7,7.1,1.79,0.029,0.08,0.184,0.055,23.700000000000003,1.1715847171433051,0.7762091977602323,-0.3512311698375179,0.2511644179642472
2210,Richard Jefferson,NJN,2006-07,Scorer,Very Good,55,1955.975,897,240,148,34,8,120,0.456,0.359,0.733,0.555,0.495,0.219,0.095,105.3,105.0,0.3,1.23,0.026,0.103,0.131,0.065,20.400000000000006,0.5068819357943274,-0.02564414015072333,-0.33527652730465657,-0.2725823311784171
1739,Ruben Patterson,MIL,2006-07,Scorer,Very Good,81,2507.605,1194,440,232,110,25,199,0.548,0.158,0.641,0.578,0.55,0.218,0.109,106.3,109.0,-2.8,1.17,0.079,0.104,0.154,0.091,16.400000000000006,0.8452460191058652,0.4126559576287874,0.5266302013500865,0.4518594399875126
200797,Ryan Hollins,CHA,2006-07,Scorer,Average,27,185.265,64,31,1,4,7,16,0.556,0.0,0.6,0.597,0.556,0.167,0.017,90.7,113.1,-22.4,0.06,0.059,0.125,0.01,0.089,12.300000000000011,-0.23436367115419113,-1.2462948180594333,-0.5840809479783725,-1.069453551231818
101136,Salim Stoudamire,ATL,2006-07,Scorer,Average,61,1034.05,471,74,61,21,2,55,0.416,0.361,0.897,0.518,0.482,0.215,0.075,99.4,105.1,-5.7,1.11,0.006,0.068,0.112,0.037,20.30000000000001,-0.04115827686501174,-0.4525126985575799,-1.132447692724141,-0.4738603008998574
200769,Shannon Brown,CLE,2006-07,Scorer,Average,23,201.5283333333333,73,21,10,7,3,14,0.378,0.28,0.714,0.455,0.426,0.208,0.035,95.1,110.8,-15.7,0.71,0.03,0.079,0.091,0.054,14.600000000000009,-0.7396237068965356,-0.7581476760300935,-1.0565026344788355,-0.9437035658153167
406,Shaquille O'Neal,MIA,2006-07,Scorer,Very Good,40,1134.5833333333333,690,297,79,8,55,95,0.591,0.0,0.422,0.567,0.591,0.299,0.132,104.5,102.1,2.4,0.83,0.094,0.188,0.138,0.142,23.30000000000001,1.011853106509164,-0.24021926804764315,0.7969194334246468,0.10393159821343889
200814,Tarence Kinsey,MEM,2006-07,Scorer,Average,48,966.7733333333332,369,97,41,53,1,46,0.457,0.283,0.796,0.532,0.479,0.178,0.075,104.8,109.8,-5.0,0.89,0.032,0.075,0.068,0.054,15.600000000000009,-0.30552779744349656,-0.7732832717407034,-0.8548458621202746,-0.42856112360961013
2754,Tony Allen,BOS,2006-07,Scorer,Average,33,804.595,379,124,56,49,12,75,0.514,0.242,0.784,0.596,0.529,0.213,0.108,102.5,105.4,-3.0,0.75,0.047,0.116,0.12,0.082,20.0,0.32382288109017243,-0.42596992848993354,-0.42649431983026365,-0.10019390111124937
101166,Uros Slokar,TOR,2006-07,Scorer,Average,20,71.99333333333334,38,14,1,1,2,9,0.538,0.5,0.692,0.599,0.558,0.225,0.065,81.6,102.5,-20.8,0.11,0.08,0.113,0.036,0.093,22.900000000000006,0.18290948875823146,-1.1002358313515854,-0.578229766681961,-0.5283254045373896
1713,Vince Carter,NJN,2006-07,Scorer,Elite,82,3126.0066666666667,2070,492,393,82,30,217,0.454,0.357,0.802,0.559,0.503,0.302,0.149,105.5,104.7,0.9,1.81,0.039,0.127,0.245,0.083,20.700000000000003,1.983259788835781,1.5162927140027163,0.5626886532632387,0.46497370044300185
1887,Wally Szczerbiak,BOS,2006-07,Scorer,Average,32,899.9366666666666,479,98,55,18,3,54,0.415,0.415,0.897,0.54,0.472,0.243,0.092,105.9,108.1,-2.2,1.02,0.019,0.097,0.107,0.058,17.30000000000001,0.29537020884674964,-0.5026791131661957,-0.801233866317888,-0.6710909508602283
200835,Walter Herrmann,CHA,2006-07,Scorer,Average,48,935.52,442,139,26,17,7,32,0.527,0.461,0.774,0.625,0.608,0.186,0.113,102.8,103.2,-0.4,0.81,0.031,0.126,0.049,0.078,22.200000000000003,0.3374107979251688,-0.9352140549392047,-0.4376522582940058,-0.35308455004368816
2584,Willie Green,PHI,2006-07,Scorer,Average,74,1842.0983333333331,839,158,112,56,4,106,0.411,0.325,0.667,0.458,0.441,0.251,0.059,100.2,106.6,-6.4,1.06,0.024,0.067,0.111,0.045,18.80000000000001,0.14470971216448966,-0.27046609445324554,-0.8076466572588152,-0.17910968262704843
2397,Yao Ming,HOU,2006-07,Scorer,Elite,48,1623.72,1202,452,94,17,94,167,0.516,0.0,0.862,0.601,0.516,0.324,0.185,106.2,97.4,8.9,0.56,0.067,0.214,0.115,0.143,28.0,1.7584896420385976,-0.3142299249156655,1.2209327681974451,0.8679119335107363
201154,Al Thornton,LAC,2007-08,Scorer,Very Good,79,2157.6983333333333,1005,358,98,46,43,128,0.429,0.331,0.743,0.504,0.454,0.238,0.083,99.2,108.1,-8.9,0.77,0.047,0.125,0.084,0.086,17.30000000000001,0.4322608333097011,-0.47365841300874645,0.24535488596613225,0.02372577153540678
2405,Amar'e Stoudemire,PHX,2007-08,Scorer,Elite,79,2676.7916666666665,1989,719,118,64,163,174,0.59,0.161,0.805,0.656,0.592,0.278,0.168,116.0,107.9,8.1,0.68,0.076,0.191,0.072,0.139,17.5,2.303756167473201,-0.4674764265809879,1.878426232817353,1.4360769198036243
200745,Andrea Bargnani,TOR,2007-08,Scorer,Average,78,1861.118333333333,792,288,89,23,37,88,0.386,0.345,0.84,0.495,0.448,0.223,0.061,109.3,105.6,3.7,1.01,0.028,0.136,0.073,0.082,19.80000000000001,0.11739105406808965,-0.5685698215938805,0.008659767890841774,-0.12840367244044645
2804,Andres Nocioni,CHI,2007-08,Scorer,Very Good,82,2020.621666666667,1080,342,95,25,43,133,0.432,0.364,0.807,0.549,0.504,0.241,0.092,103.4,105.7,-2.3,0.71,0.023,0.147,0.083,0.084,19.700000000000003,0.7655975784965127,-0.4903151403106785,0.17742152001812736,-0.05285163005033821
1515,Anthony Parker,TOR,2007-08,Scorer,Very Good,82,2633.891666666667,1025,334,183,79,17,87,0.476,0.438,0.816,0.58,0.557,0.172,0.093,109.5,106.0,3.5,2.1,0.02,0.112,0.107,0.067,19.400000000000006,0.39806474709314293,-0.03167862390689749,-0.060379631830759894,0.22598150202377007
2732,Ben Gordon,CHI,2007-08,Scorer,Very Good,72,2291.2633333333333,1336,221,213,55,8,150,0.434,0.41,0.908,0.558,0.5,0.252,0.112,102.9,108.3,-5.5,1.42,0.016,0.081,0.168,0.047,17.10000000000001,1.0821948335441263,0.42138896919320157,-0.6150044978785422,-0.2488841371372248
2411,Bostjan Nachbar,NJN,2007-08,Scorer,Average,75,1659.5316666666668,738,260,88,44,21,85,0.402,0.359,0.786,0.531,0.479,0.209,0.085,98.9,107.3,-8.4,1.04,0.033,0.126,0.1,0.079,18.10000000000001,0.18179356614791164,-0.42057287287345346,-0.10385379536582691,-0.17257742236921073
699,Brent Barry,SAS,2007-08,Scorer,Average,31,554.125,221,55,54,17,3,18,0.481,0.429,0.95,0.655,0.631,0.15,0.1,108.0,103.8,4.2,3.0,0.022,0.083,0.15,0.052,21.60000000000001,0.08602561577920698,-0.26479971108709316,-0.9917670712435768,-0.4288072110856795
2546,Carmelo Anthony,DEN,2007-08,Scorer,Elite,77,2806.225,1978,571,259,98,39,253,0.492,0.354,0.786,0.568,0.511,0.296,0.133,109.3,106.6,2.7,1.02,0.063,0.133,0.156,0.099,18.80000000000001,1.9244490205559737,0.5232429300017551,0.9761400302476803,0.6101788008895912
2547,Chris Bosh,TOR,2007-08,Scorer,Elite,67,2424.465,1496,583,171,63,67,153,0.494,0.4,0.844,0.588,0.499,0.282,0.156,112.2,103.8,8.4,1.12,0.08,0.177,0.123,0.13,21.60000000000001,1.588719210624462,0.014047533583718949,1.4029098566967528,0.6953331802733111
1894,Corey Maggette,LAC,2007-08,Scorer,Elite,70,2501.7616666666668,1547,394,189,71,7,195,0.458,0.384,0.812,0.595,0.497,0.269,0.13,100.8,105.7,-4.9,0.97,0.032,0.13,0.143,0.081,19.700000000000003,1.5703542927230874,0.19263504408415227,0.27717824345468084,0.059542361001399986
201161,Daequan Cook,MIA,2007-08,Scorer,Average,59,1440.675,518,177,75,23,9,63,0.381,0.332,0.825,0.48,0.458,0.193,0.054,97.5,108.9,-11.4,1.19,0.014,0.116,0.095,0.063,16.5,-0.3855812581881073,-0.49649712673843716,-0.5279186866849297,-0.6055830921898363
101122,Danny Granger,IND,2007-08,Scorer,Very Good,80,2875.64,1567,486,166,95,84,171,0.446,0.404,0.852,0.571,0.517,0.229,0.108,104.6,107.0,-2.4,0.97,0.032,0.135,0.097,0.083,18.400000000000006,1.1547371199218819,-0.1504099097358203,0.546768381761247,1.0108787221931175
1717,Dirk Nowitzki,DAL,2007-08,Scorer,Elite,77,2768.648333333333,1817,659,266,51,71,160,0.479,0.359,0.879,0.585,0.51,0.283,0.176,112.5,103.7,8.7,1.66,0.037,0.205,0.171,0.124,21.700000000000003,1.8103758911586836,0.6332655692818814,1.528128703227232,0.6173421485308079
2201,Eddy Curry,NYK,2007-08,Scorer,Very Good,59,1530.16,781,275,32,14,29,126,0.546,0.0,0.623,0.578,0.546,0.237,0.082,98.8,113.5,-14.7,0.25,0.076,0.113,0.04,0.094,11.900000000000006,0.6865006695337418,-0.9636947870194302,0.12704169795935666,-0.7667575838009046
101113,Ike Diogu,IND,2007-08,Scorer,Average,30,304.7816666666667,168,85,10,7,3,20,0.478,0.0,0.851,0.543,0.478,0.232,0.111,98.3,106.6,-8.2,0.5,0.109,0.14,0.057,0.124,18.80000000000001,0.00772019698620328,-0.9491478894172793,0.00508939620336285,-0.6969339306074058
200755,JJ Redick,ORL,2007-08,Scorer,Average,34,276.12666666666667,140,23,16,4,0,15,0.444,0.395,0.794,0.569,0.523,0.21,0.072,107.9,111.0,-3.1,1.07,0.003,0.079,0.094,0.04,14.400000000000006,-0.02486663725007295,-0.7192165680913121,-1.2295510375770293,-1.0168909816493708
2747,JR Smith,DEN,2007-08,Scorer,Very Good,74,1420.97,907,152,128,62,12,112,0.461,0.403,0.719,0.603,0.578,0.249,0.108,108.9,103.1,5.8,1.14,0.029,0.072,0.149,0.051,22.30000000000001,1.008149624765113,0.001879793431021369,-0.7471290029327251,0.16963956970066232
2592,James Jones,POR,2007-08,Scorer,Average,58,1275.6916666666666,463,161,34,24,15,28,0.437,0.444,0.878,0.625,0.576,0.141,0.085,107.8,106.1,1.7,1.21,0.035,0.094,0.043,0.065,19.30000000000001,0.023133232595764646,-0.9394824443700021,-0.5448934354142134,-0.3700038550944813
2574,Jason Kapono,TOR,2007-08,Scorer,Average,81,1529.746666666667,580,120,65,34,2,58,0.488,0.483,0.86,0.561,0.545,0.169,0.065,104.0,104.2,-0.2,1.12,0.021,0.061,0.068,0.041,21.200000000000003,-0.053441161557929474,-0.6849706800045849,-0.9594336606568169,-0.2862833751572504
2202,Jason Richardson,CHA,2007-08,Scorer,Elite,82,3149.31,1788,441,258,116,57,166,0.441,0.406,0.752,0.554,0.524,0.256,0.119,104.3,108.1,-3.9,1.55,0.026,0.118,0.149,0.072,17.30000000000001,1.414565934122267,0.4802396653349961,0.2872301481448261,0.8906656732602576
1891,Jason Terry,DAL,2007-08,Scorer,Very Good,82,2578.603333333333,1269,208,264,88,18,92,0.467,0.375,0.857,0.574,0.535,0.212,0.116,109.7,103.8,5.9,2.87,0.012,0.069,0.175,0.041,21.60000000000001,0.8325391517874822,0.6483767999768737,-0.7259363452942725,0.45861151758055585
201159,Javaris Crittenton,MEM,2007-08,Scorer,Average,50,678.16,278,110,51,19,2,55,0.421,0.27,0.692,0.499,0.442,0.21,0.079,100.1,102.6,-2.5,0.93,0.039,0.116,0.121,0.078,22.80000000000001,-0.325575618854865,-0.4387507317667076,-0.5146002372202988,-0.34769633915272485
200978,Jeremy Richardson,ATL,2007-08,Scorer,Average,27,131.7516666666667,41,9,2,3,0,6,0.364,0.368,1.0,0.457,0.443,0.167,0.018,90.7,111.6,-20.9,0.33,0.007,0.068,0.028,0.035,13.800000000000011,-1.0514051649438516,-1.141497366708585,-1.3303966092717445,-1.0625051496173838
2422,John Salmons,SAC,2007-08,Scorer,Very Good,81,2517.0333333333333,1015,349,208,93,31,170,0.477,0.325,0.823,0.556,0.501,0.19,0.099,103.5,108.6,-5.1,1.22,0.032,0.111,0.138,0.073,16.80000000000001,0.3854010660723887,0.23446091253399334,0.05585897275230092,0.3599229240744462
2735,Josh Childress,ATL,2007-08,Scorer,Very Good,76,2274.103333333333,898,373,117,71,43,98,0.571,0.367,0.807,0.647,0.59,0.153,0.116,104.9,107.6,-2.6,1.19,0.078,0.089,0.088,0.084,17.80000000000001,0.5504645991165478,-0.3812736645446505,0.259676256111751,0.3121371825179564
2572,Josh Howard,DAL,2007-08,Scorer,Very Good,76,2757.151666666666,1513,532,164,59,32,114,0.455,0.319,0.813,0.534,0.482,0.254,0.125,111.0,102.9,8.1,1.44,0.047,0.15,0.103,0.1,22.5,1.087258289722967,-0.1240633723709935,0.8853979197894148,0.3526556959570768
2434,Juan Carlos Navarro,MEM,2007-08,Scorer,Average,82,2117.16,896,210,177,48,1,134,0.402,0.361,0.849,0.54,0.504,0.198,0.078,103.7,110.7,-7.1,1.32,0.016,0.086,0.132,0.05,14.700000000000003,0.2666676204728978,0.08668456153200368,-0.6059726993848193,-0.5332471458457225
201142,Kevin Durant,SEA,2007-08,Scorer,Very Good,80,2767.968333333333,1624,348,192,78,75,232,0.43,0.288,0.873,0.519,0.451,0.273,0.104,98.9,110.1,-11.3,0.83,0.024,0.098,0.12,0.061,15.300000000000011,1.2206319373261396,0.07446809134807088,-0.09967025748752784,0.5615388835607044
2755,Kevin Martin,SAC,2007-08,Scorer,Elite,61,2216.1116666666667,1443,273,129,62,5,131,0.456,0.402,0.869,0.618,0.515,0.255,0.129,110.0,110.8,-0.8,0.98,0.023,0.106,0.097,0.065,14.600000000000009,1.524371387584144,-0.28655848866233624,-0.2477150340437024,-0.35359367620201526
2745,Kirk Snyder,MIN,2007-08,Scorer,Average,36,760.9433333333334,261,126,64,20,15,52,0.508,0.217,0.727,0.573,0.521,0.164,0.085,106.6,109.5,-2.9,1.23,0.041,0.134,0.122,0.087,15.900000000000006,-0.2514796466629235,-0.38529709124139294,-0.35748929113953176,-0.6112152020160381
977,Kobe Bryant,LAL,2007-08,Scorer,Elite,82,3192.276666666666,2323,517,441,151,40,257,0.459,0.361,0.84,0.576,0.503,0.309,0.159,112.8,103.9,8.9,1.72,0.03,0.126,0.236,0.08,21.5,2.314151958451518,1.642359017460698,0.5908041549408297,1.3280861232568526
2594,Kyle Korver,UTA,2007-08,Scorer,Average,75,1732.71,740,172,101,42,29,75,0.443,0.375,0.915,0.585,0.54,0.18,0.084,108.5,102.4,6.1,1.35,0.013,0.09,0.095,0.052,23.0,0.2796888390845298,-0.40082515235764216,-0.6813217769547393,0.17553747152130764
2571,Leandro Barbosa,PHX,2007-08,Scorer,Very Good,82,2420.9616666666666,1283,231,216,75,18,117,0.462,0.389,0.822,0.575,0.543,0.223,0.097,110.2,107.6,2.5,1.85,0.018,0.074,0.137,0.048,17.80000000000001,0.9288780757416624,0.2582807897777823,-0.5757310577372091,0.10064603419439112
101132,Linas Kleiza,DEN,2007-08,Scorer,Very Good,79,1888.86,880,333,95,44,19,89,0.472,0.339,0.77,0.585,0.543,0.186,0.091,109.7,104.2,5.5,1.07,0.047,0.12,0.076,0.084,21.200000000000003,0.4245725819093919,-0.5296387136550991,0.15354111276513988,-0.010672857721898152
2736,Luol Deng,CHI,2007-08,Scorer,Very Good,63,2127.8966666666665,1070,394,155,57,29,120,0.479,0.364,0.77,0.528,0.483,0.232,0.117,104.8,108.3,-3.6,1.29,0.062,0.125,0.127,0.093,17.10000000000001,0.572433490346344,-0.022356914234024396,0.43005409511084436,-0.015694667196077927
1938,Manu Ginobili,SAS,2007-08,Scorer,Elite,74,2299.0816666666665,1442,354,332,109,33,200,0.46,0.401,0.86,0.612,0.54,0.274,0.169,106.8,98.2,8.6,1.66,0.029,0.13,0.257,0.081,27.200000000000003,1.6284341806594214,1.3592433833590887,0.17104310010806978,1.1569882796084083
2556,Marcus Banks,MIA,2007-08,Scorer,Average,36,568.9183333333333,239,45,61,14,13,37,0.45,0.392,0.771,0.579,0.555,0.194,0.075,101.8,109.7,-7.8,1.65,0.007,0.07,0.179,0.04,15.700000000000003,-0.013425244014854862,-0.07612992511812566,-1.1711767087363931,-0.7053692426619556
101110,Martell Webster,POR,2007-08,Scorer,Average,75,2132.35,799,296,90,42,28,83,0.422,0.388,0.735,0.548,0.516,0.176,0.079,104.4,106.3,-1.9,1.08,0.026,0.12,0.068,0.073,19.10000000000001,0.08140585830257206,-0.5929783969461283,-0.08477009218195877,-0.06372322517482436
2679,Matt Carroll,CHA,2007-08,Scorer,Average,80,2015.865,720,226,73,46,19,58,0.428,0.436,0.804,0.554,0.517,0.155,0.067,104.1,106.4,-2.3,1.26,0.017,0.098,0.058,0.057,19.0,-0.0949898134378571,-0.7117096827750511,-0.4743410619134128,-0.1192104169541801
1723,Matt Harpring,UTA,2007-08,Scorer,Average,76,1374.0233333333333,622,240,82,45,14,95,0.5,0.2,0.712,0.551,0.502,0.211,0.095,106.1,104.2,1.9,0.86,0.073,0.112,0.099,0.092,21.200000000000003,0.22713197825018874,-0.44826867414240035,0.00869413892171135,-0.050898814798948845
2230,Maurice Evans,ORL,2007-08,Scorer,Average,75,1720.595,664,218,81,46,10,40,0.481,0.388,0.711,0.571,0.555,0.162,0.077,110.7,106.5,4.2,2.03,0.058,0.074,0.072,0.066,18.900000000000006,0.013067336280744487,-0.6036250055075039,-0.3809112018406124,-0.2161430604867827
714,Michael Finley,SAS,2007-08,Scorer,Average,82,2203.875,826,254,114,29,10,56,0.414,0.37,0.8,0.519,0.501,0.182,0.083,106.0,101.2,4.8,2.04,0.013,0.108,0.084,0.062,24.200000000000003,-0.021008778029996428,-0.4147833518513342,-0.3363481900473836,-0.08088645267572221
2072,Michael Redd,MIL,2007-08,Scorer,Elite,72,2702.1283333333336,1632,309,247,65,13,181,0.442,0.362,0.82,0.559,0.495,0.265,0.118,105.0,112.0,-6.9,1.36,0.032,0.089,0.16,0.06,13.400000000000006,1.3965387203680582,0.5015572474733647,-0.21589167655515398,-0.31207548542190244
2399,Mike Dunleavy,IND,2007-08,Scorer,Very Good,82,2953.2166666666667,1565,424,288,86,31,190,0.476,0.424,0.834,0.605,0.55,0.214,0.12,105.9,105.0,0.9,1.52,0.019,0.121,0.158,0.07,20.400000000000006,1.2378838219809256,0.6411892850193993,0.21664340361315598,0.4989102136844716
2034,Mike Miller,MEM,2007-08,Scorer,Very Good,70,2473.9866666666667,1147,467,240,35,16,182,0.502,0.432,0.774,0.625,0.596,0.194,0.119,105.3,110.5,-5.2,1.32,0.022,0.169,0.155,0.097,14.900000000000006,0.9043846512925637,0.44771114154241076,0.6747093489371309,-0.5044319689877891
101145,Monta Ellis,GSW,2007-08,Scorer,Very Good,81,3070.895,1636,404,315,124,27,173,0.531,0.231,0.767,0.58,0.536,0.216,0.117,110.9,107.9,3.0,1.82,0.041,0.087,0.154,0.063,17.5,1.1607879551963627,0.7180703373828636,0.07439825180708826,0.6817835916844772
201156,Nick Young,WAS,2007-08,Scorer,Average,75,1157.736666666667,561,115,63,35,7,94,0.439,0.4,0.815,0.527,0.481,0.242,0.068,100.3,108.2,-7.9,0.67,0.02,0.082,0.101,0.05,17.200000000000003,0.2728559685488302,-0.506947502596993,-0.8580436648330206,-0.4603533924015861
1718,Paul Pierce,BOS,2007-08,Scorer,Elite,80,2873.6766666666667,1570,411,363,101,36,221,0.464,0.392,0.843,0.599,0.529,0.245,0.147,111.4,97.3,14.1,1.64,0.021,0.126,0.21,0.076,28.10000000000001,1.4341192934184992,1.2092841076104652,0.258587407853589,1.157328975655683
978,Peja Stojakovic,NOH,2007-08,Scorer,Very Good,77,2711.2816666666668,1263,331,96,57,10,61,0.44,0.441,0.929,0.581,0.552,0.191,0.094,113.5,105.0,8.5,1.57,0.024,0.105,0.053,0.064,20.400000000000006,0.714504888264161,-0.6551650490358571,-0.10655873049579664,-0.01403605559109757
101119,Rashad McCants,MIN,2007-08,Scorer,Very Good,75,2019.58,1114,206,162,66,18,172,0.453,0.407,0.748,0.55,0.529,0.26,0.083,104.7,107.7,-3.0,0.94,0.025,0.082,0.138,0.053,17.700000000000003,0.9349233375995191,0.06519511170643305,-0.5783672508054396,0.001518300244632953
1740,Rashard Lewis,ORL,2007-08,Scorer,Very Good,81,3076.113333333333,1476,437,196,99,38,140,0.455,0.409,0.838,0.591,0.554,0.203,0.109,110.6,104.0,6.6,1.4,0.034,0.109,0.104,0.073,21.400000000000006,1.0131307575153319,-0.0006955967212517178,0.2893562881148454,0.7631848549535368
951,Ray Allen,BOS,2007-08,Scorer,Very Good,73,2623.535,1273,268,225,65,16,127,0.445,0.398,0.907,0.584,0.537,0.212,0.111,111.4,99.0,12.4,1.77,0.032,0.074,0.139,0.054,26.400000000000006,0.8925991095400505,0.30263331834866114,-0.40111812431351207,0.4820876822308484
2210,Richard Jefferson,NJN,2007-08,Scorer,Elite,82,3200.2883333333334,1857,342,252,76,21,199,0.466,0.362,0.798,0.571,0.495,0.257,0.112,103.4,108.5,-5.1,1.27,0.03,0.082,0.146,0.056,16.900000000000006,1.5688438079180802,0.4413085573962149,-0.17928880051292098,0.08848058159736798
2427,Roger Mason Jr.,WAS,2007-08,Scorer,Average,80,1707.621666666667,724,130,134,40,18,69,0.443,0.398,0.873,0.573,0.552,0.186,0.085,104.7,106.1,-1.4,1.94,0.01,0.07,0.133,0.04,19.30000000000001,0.24346291413237175,-0.0659245119936246,-0.9456395291248445,-0.17386965607227278
200752,Rudy Gay,MEM,2007-08,Scorer,Very Good,81,2999.721666666667,1632,499,158,111,79,190,0.461,0.346,0.785,0.546,0.511,0.248,0.105,103.8,111.9,-8.0,0.83,0.047,0.125,0.093,0.085,13.5,1.197762554640837,-0.2023180536541954,0.6067416119582562,0.8381753014481831
101136,Salim Stoudamire,ATL,2007-08,Scorer,Average,35,401.59,200,24,28,7,5,21,0.361,0.341,0.82,0.495,0.442,0.233,0.06,102.4,106.9,-4.5,1.33,0.01,0.05,0.123,0.029,18.5,-0.23632429285844245,-0.5121483255106534,-1.3670338563448472,-0.6943254051161123
2756,Sasha Vujacic,LAL,2007-08,Scorer,Very Good,72,1279.0733333333333,632,154,72,36,5,52,0.454,0.437,0.835,0.605,0.577,0.194,0.094,113.0,108.2,4.8,1.38,0.015,0.104,0.087,0.06,17.200000000000003,0.4186422274125155,-0.5524774273847898,-0.627165357023272,-0.47022695746941917
200769,Shannon Brown,CHI,2007-08,Scorer,Average,21,239.845,114,20,17,11,3,24,0.349,0.3,0.586,0.411,0.385,0.302,0.02,91.2,108.0,-16.8,0.71,0.023,0.065,0.16,0.043,17.400000000000006,-0.27350287956205727,-0.34477175666443677,-1.1992922104139843,-0.7377450239234619
101211,Stephen Graham,IND,2007-08,Scorer,Very Good,22,127.81666666666666,87,22,9,4,1,10,0.586,0.5,0.75,0.669,0.647,0.234,0.161,101.1,97.5,3.6,0.9,0.027,0.137,0.127,0.078,27.900000000000006,0.6843576591710806,-0.5595918472954114,-0.7480975525828432,-0.21358540447801366
1536,Stephen Jackson,GSW,2007-08,Scorer,Very Good,73,2855.33,1466,318,300,92,29,197,0.405,0.363,0.832,0.536,0.481,0.227,0.093,110.5,107.5,3.0,1.52,0.022,0.086,0.151,0.054,17.900000000000006,0.8671463466007997,0.6460220075430378,-0.26844919513024823,0.3939567756844417
200779,Steve Novak,HOU,2007-08,Scorer,Average,35,263.9716666666667,135,35,6,2,3,4,0.48,0.479,0.75,0.651,0.647,0.182,0.122,99.4,105.3,-5.8,1.5,0.015,0.121,0.043,0.067,20.10000000000001,0.2353920889010276,-1.0425138013954736,-0.8537398283466778,-0.6723596677346123
2566,Travis Outlaw,POR,2007-08,Scorer,Very Good,82,2185.765,1092,376,106,59,63,107,0.433,0.396,0.741,0.499,0.453,0.256,0.104,104.4,106.4,-2.0,0.99,0.046,0.13,0.092,0.088,19.0,0.5981817865133372,-0.3992796557507025,0.3185950090814678,0.46065571737906613
2209,Vladimir Radmanovic,LAL,2007-08,Scorer,Average,65,1483.2016666666666,543,215,123,46,12,73,0.453,0.406,0.8,0.583,0.562,0.157,0.074,115.9,104.5,11.3,1.68,0.041,0.106,0.114,0.074,20.900000000000006,-0.04218366034647281,-0.21313652990277293,-0.2869541031541659,-0.07839878238163255
1887,Wally Szczerbiak,CLE,2007-08,Scorer,Very Good,75,1736.496666666667,861,217,104,23,12,76,0.431,0.413,0.851,0.539,0.493,0.217,0.104,102.1,102.3,-0.2,1.37,0.019,0.099,0.101,0.06,23.10000000000001,0.37479903088304534,-0.35608015838112395,-0.4600025062523595,-0.1874498448539013
2584,Willie Green,PHI,2007-08,Scorer,Average,74,1970.015,921,182,151,54,22,109,0.436,0.285,0.757,0.492,0.465,0.235,0.082,104.3,104.6,-0.2,1.39,0.017,0.082,0.124,0.049,20.80000000000001,0.2811124424224934,-0.053928639528129166,-0.6930069540321273,0.09979129365063825
1733,Al Harrington,NYK,2008-09,Scorer,Very Good,73,2546.4616666666666,1469,455,102,88,22,161,0.439,0.364,0.793,0.547,0.509,0.254,0.101,107.1,108.2,-1.1,0.63,0.037,0.145,0.068,0.089,17.200000000000003,1.1298557073613738,-0.5488221010780691,0.540951571495705,0.24056080337503438
201154,Al Thornton,LAC,2008-09,Scorer,Very Good,71,2654.05,1194,368,103,59,62,130,0.446,0.253,0.754,0.502,0.456,0.225,0.073,101.1,111.6,-10.5,0.79,0.047,0.098,0.068,0.072,13.800000000000011,0.46195664216057547,-0.5451424097557308,0.09353351153726092,0.14501394311858096
201169,Alando Tucker,PHX,2008-09,Scorer,Average,30,282.3883333333333,138,31,12,5,1,14,0.43,0.348,0.788,0.509,0.463,0.209,0.072,110.4,106.1,4.3,0.86,0.063,0.043,0.064,0.053,19.30000000000001,-0.37668158933229035,-0.902464933428182,-1.042708502946863,-0.7085142469654234
2405,Amar'e Stoudemire,PHX,2008-09,Scorer,Very Good,53,1947.8833333333332,1134,430,104,49,57,150,0.539,0.429,0.835,0.617,0.541,0.245,0.136,110.3,107.2,3.0,0.69,0.068,0.158,0.087,0.116,18.200000000000003,1.22261401084105,-0.43472730506996526,0.8185877731304412,0.2493335639379097
200745,Andrea Bargnani,TOR,2008-09,Scorer,Very Good,78,2453.3566666666666,1202,416,94,34,97,135,0.45,0.409,0.831,0.559,0.512,0.226,0.09,104.8,110.0,-5.2,0.7,0.03,0.146,0.065,0.089,15.400000000000006,0.8009458792253059,-0.595112591661527,0.43746980673275926,0.3340985898475246
2804,Andres Nocioni,SAC,2008-09,Scorer,Average,76,1991.6166666666663,867,361,102,39,33,113,0.427,0.399,0.792,0.555,0.515,0.198,0.079,108.5,108.8,-0.3,0.9,0.028,0.156,0.081,0.092,16.60000000000001,0.3315173444920425,-0.4757926077241451,0.3297529475452099,-0.19110668159815394
201627,Anthony Morrow,GSW,2008-09,Scorer,Average,67,1515.2983333333334,676,199,80,36,12,52,0.478,0.467,0.87,0.588,0.558,0.173,0.086,109.2,110.9,-1.7,1.54,0.05,0.076,0.081,0.063,14.5,0.19944454161270408,-0.556745816815587,-0.4695443578442936,-0.5580423320815687
2732,Ben Gordon,CHI,2008-09,Scorer,Elite,82,2998.97,1699,283,279,71,22,200,0.455,0.41,0.864,0.573,0.521,0.243,0.11,107.8,107.7,0.1,1.4,0.018,0.078,0.156,0.048,17.700000000000003,1.3638506002129527,0.5968367564485204,-0.4377553713866147,0.09379497094848271
200750,Brandon Roy,POR,2008-09,Scorer,Elite,78,2903.315,1765,370,400,88,22,152,0.48,0.377,0.824,0.573,0.512,0.272,0.159,114.5,105.5,9.0,2.63,0.039,0.103,0.243,0.07,19.900000000000006,1.623740409571359,1.5308152465892495,0.07336096009523102,0.39919842600869143
2567,Brian Cook,HOU,2008-09,Scorer,Average,30,170.66666666666666,74,32,5,3,3,13,0.368,0.433,0.833,0.47,0.454,0.236,0.048,88.0,102.6,-14.6,0.38,0.04,0.143,0.061,0.092,22.80000000000001,-0.4481660171247373,-0.9450757326893017,-0.5432086064806663,-0.5033606821626434
101139,CJ Miles,UTA,2008-09,Scorer,Average,72,1622.66,657,167,107,46,15,64,0.459,0.352,0.876,0.546,0.515,0.181,0.066,110.2,109.1,1.0,1.67,0.029,0.081,0.098,0.055,16.30000000000001,0.004170047916871811,-0.36189404441886086,-0.6563697069590247,-0.31831789560012647
2546,Carmelo Anthony,DEN,2008-09,Scorer,Elite,66,2277.0866666666666,1504,450,222,75,24,199,0.443,0.371,0.793,0.532,0.469,0.313,0.131,111.4,105.0,6.5,1.12,0.05,0.149,0.172,0.101,20.400000000000006,1.5012413187284315,0.47697680443391477,0.6805605302335423,0.3141129733415326
2406,Caron Butler,WAS,2008-09,Scorer,Very Good,67,2584.8616666666667,1392,414,290,106,20,210,0.453,0.31,0.858,0.552,0.482,0.254,0.122,105.5,113.3,-7.8,1.38,0.047,0.124,0.194,0.084,12.100000000000009,1.1029149206328885,0.8507841877210961,0.3684647780420273,0.10718156550604145
1894,Corey Maggette,GSW,2008-09,Scorer,Very Good,51,1587.878333333333,950,282,92,44,8,120,0.461,0.253,0.824,0.582,0.479,0.251,0.106,107.8,112.2,-4.4,0.77,0.031,0.146,0.095,0.089,13.200000000000003,0.9337317327030813,-0.4339423742586866,0.08191707652161208,-0.5920023621517164
200783,Craig Smith,MIN,2008-09,Scorer,Very Good,74,1460.1783333333333,746,284,79,31,19,105,0.562,0.0,0.677,0.599,0.562,0.227,0.104,101.8,107.7,-5.9,0.75,0.07,0.135,0.097,0.102,17.700000000000003,0.7081238965347136,-0.4705430547792496,0.25283933964978644,-0.3510119385932123
201161,Daequan Cook,MIA,2008-09,Scorer,Average,75,1832.99,686,189,71,39,10,42,0.375,0.387,0.875,0.512,0.494,0.179,0.067,106.3,106.6,-0.3,1.69,0.01,0.098,0.062,0.053,18.80000000000001,-0.18395382807986452,-0.6965984520800588,-0.6234746867277493,-0.2945480685599162
201568,Danilo Gallinari,NYK,2008-09,Scorer,Average,28,411.745,170,55,15,14,4,15,0.448,0.444,0.963,0.621,0.576,0.158,0.08,110.5,104.1,6.4,1.0,0.031,0.103,0.054,0.066,21.30000000000001,-0.0865853541106203,-0.9476023928103396,-0.8134119109780527,-0.46740023841239325
101122,Danny Granger,IND,2008-09,Scorer,Elite,67,2424.22,1728,341,183,69,97,165,0.447,0.404,0.878,0.584,0.518,0.289,0.133,109.6,108.1,1.5,1.11,0.02,0.12,0.127,0.07,17.30000000000001,1.784398992420311,0.0806744427914471,-0.003587018831062022,0.8083801752824976
1717,Dirk Nowitzki,DAL,2008-09,Scorer,Elite,81,3050.458333333333,2094,681,197,61,63,157,0.479,0.359,0.89,0.564,0.498,0.295,0.16,110.0,106.5,3.5,1.25,0.03,0.201,0.117,0.116,18.900000000000006,1.9779116697592265,0.07601358795501059,1.4845857976304258,0.4755029757507401
923,Donyell Marshall,PHI,2008-09,Scorer,Average,25,188.86166666666668,94,40,15,4,5,6,0.452,0.455,0.5,0.621,0.623,0.189,0.115,117.2,108.1,9.2,2.5,0.034,0.182,0.12,0.11,17.30000000000001,0.08554227107421923,-0.5768372727058024,-0.29266780032709877,-0.7959151039904504
2067,Eddie House,BOS,2008-09,Scorer,Average,81,1479.2333333333331,691,157,92,61,7,55,0.445,0.444,0.792,0.592,0.579,0.192,0.118,106.3,101.5,4.8,1.67,0.008,0.101,0.109,0.055,23.900000000000006,0.3722210796210211,-0.3552952275698454,-0.6829034927956775,0.20269836682619158
201569,Eric Gordon,LAC,2008-09,Scorer,Very Good,78,2676.651666666666,1252,201,215,78,35,164,0.456,0.389,0.854,0.593,0.529,0.205,0.093,101.0,109.7,-8.7,1.31,0.017,0.061,0.137,0.039,15.700000000000003,0.8776694333470271,0.254601098455444,-0.7699893039892901,0.18034219345760394
2436,Flip Murray,ATL,2008-09,Scorer,Very Good,80,1974.8183333333332,974,168,158,88,17,128,0.447,0.36,0.76,0.543,0.501,0.237,0.095,107.9,103.6,4.3,1.23,0.012,0.075,0.141,0.044,21.80000000000001,0.6255686462628827,0.06732930642183153,-0.7938525257268427,0.460244988587384
101123,Gerald Green,DAL,2008-09,Scorer,Average,38,375.525,199,54,15,10,5,33,0.439,0.304,0.844,0.513,0.478,0.259,0.066,95.0,104.5,-9.4,0.45,0.036,0.108,0.076,0.071,20.900000000000006,0.05620274352899074,-0.8240140194421606,-0.7523670180383164,-0.5222300961823699
201611,Henry Walker,BOS,2008-09,Scorer,Average,29,215.83,88,29,13,6,2,18,0.621,0.0,0.696,0.646,0.621,0.173,0.052,95.0,108.0,-13.0,0.72,0.038,0.101,0.107,0.07,17.400000000000006,0.10702606951893039,-0.657226148704403,-0.8314411369346285,-0.7996693026180942
101113,Ike Diogu,SAC,2008-09,Scorer,Average,29,215.31,119,56,3,3,3,12,0.527,0.5,0.755,0.611,0.534,0.222,0.126,94.5,115.7,-21.2,0.25,0.118,0.149,0.03,0.133,9.700000000000003,0.2879715404642908,-1.1265823687164123,0.042798306019192545,-1.2730469253111274
2747,JR Smith,DEN,2008-09,Scorer,Very Good,81,2244.5616666666665,1233,297,227,78,14,150,0.446,0.397,0.754,0.576,0.541,0.234,0.118,109.9,103.0,6.9,1.51,0.02,0.11,0.172,0.066,22.400000000000006,0.9790634680666624,0.49537526104560614,-0.17129429373105548,0.36153177222474825
2574,Jason Kapono,TOR,2008-09,Scorer,Average,80,1831.3766666666668,654,163,105,22,3,70,0.432,0.428,0.81,0.525,0.513,0.168,0.058,103.4,107.8,-4.4,1.5,0.015,0.075,0.093,0.045,17.60000000000001,-0.21322792596870901,-0.39734169373812356,-0.7943797643404888,-0.61201909659213
2202,Jason Richardson,PHX,2008-09,Scorer,Very Good,72,2410.451666666667,1212,319,146,76,28,95,0.477,0.397,0.769,0.571,0.544,0.209,0.102,111.2,111.6,-0.4,1.54,0.034,0.104,0.092,0.069,13.800000000000011,0.752319607879505,-0.2520920028571718,-0.07470100197637844,-0.022836663034581945
1891,Jason Terry,DAL,2008-09,Scorer,Very Good,74,2490.9166666666665,1447,177,251,97,20,119,0.463,0.366,0.88,0.571,0.535,0.251,0.118,109.3,107.0,2.3,2.11,0.016,0.056,0.179,0.037,18.400000000000006,1.2292498535326144,0.6230114261261451,-0.8591496986066173,0.3840837518731
2422,John Salmons,CHI,2008-09,Scorer,Very Good,79,2959.0066666666667,1446,333,249,83,24,165,0.472,0.417,0.83,0.58,0.53,0.212,0.105,105.6,113.5,-7.9,1.51,0.021,0.098,0.143,0.059,11.900000000000006,0.9944877299148803,0.41341652342444835,-0.1649502448518676,-0.10241086107274366
2572,Josh Howard,DAL,2008-09,Scorer,Very Good,52,1662.8916666666669,936,263,83,55,30,89,0.451,0.345,0.782,0.532,0.488,0.262,0.103,110.5,104.5,6.0,0.93,0.038,0.123,0.082,0.082,20.900000000000006,0.7182841402381984,-0.540089089513655,-0.05767469670079016,0.19696783611848032
436,Juwan Howard,CHA,2008-09,Scorer,Average,42,471.97,173,76,26,7,6,26,0.51,0.0,0.676,0.534,0.51,0.183,0.069,96.2,108.2,-12.0,1.0,0.068,0.112,0.107,0.089,17.200000000000003,-0.3988355053310197,-0.6093901615140055,-0.46467891171343506,-0.7605890186773929
101235,Kelenna Azubuike,GSW,2008-09,Scorer,Very Good,74,2374.555,1063,370,117,57,50,95,0.464,0.448,0.808,0.562,0.52,0.183,0.092,107.0,109.3,-2.4,1.23,0.045,0.103,0.076,0.074,16.10000000000001,0.4030780575593516,-0.44868550456365724,0.12431957731395207,0.13801740181894254
201142,Kevin Durant,OKC,2008-09,Scorer,Elite,74,2884.891666666667,1871,482,205,96,53,225,0.476,0.422,0.863,0.577,0.51,0.277,0.148,100.6,109.3,-8.7,0.91,0.027,0.149,0.135,0.086,16.10000000000001,1.7596547514641785,0.20656887856222686,0.5743738303406266,0.5724629484223255
2755,Kevin Martin,SAC,2008-09,Scorer,Elite,51,1946.9266666666667,1254,183,138,61,8,146,0.42,0.415,0.867,0.601,0.491,0.266,0.115,107.6,115.4,-7.8,0.95,0.016,0.083,0.121,0.049,10.0,1.3714014267556784,-0.11861758672327834,-0.6903535754484621,-0.6038741523588219
977,Kobe Bryant,LAL,2008-09,Scorer,Elite,82,2960.0333333333333,2201,429,399,120,37,210,0.467,0.351,0.856,0.561,0.502,0.317,0.159,114.3,103.4,10.9,1.9,0.031,0.112,0.232,0.073,22.0,2.1989726022594844,1.4653413685828218,0.2681292594455231,1.0059088176847162
1716,Larry Hughes,NYK,2008-09,Scorer,Average,55,1479.5866666666666,640,159,119,72,14,71,0.402,0.389,0.807,0.515,0.469,0.206,0.088,104.1,109.5,-5.4,1.68,0.011,0.1,0.13,0.054,15.900000000000006,-0.0023210545934771267,-0.13797284183345032,-0.6903363899330273,-0.08254179322689002
2571,Leandro Barbosa,PHX,2008-09,Scorer,Very Good,70,1705.3466666666666,993,181,162,82,7,93,0.482,0.375,0.881,0.588,0.542,0.235,0.127,110.2,109.0,1.2,1.74,0.021,0.088,0.153,0.055,16.400000000000006,0.881918640952469,0.1494599117301914,-0.6192224067877109,-0.020373074340527042
101132,Linas Kleiza,DEN,2008-09,Scorer,Average,82,1824.0866666666664,813,327,64,31,14,82,0.447,0.326,0.725,0.552,0.515,0.191,0.091,104.4,104.8,-0.4,0.78,0.051,0.121,0.06,0.087,20.60000000000001,0.22417931912182942,-0.7335915980062611,0.17583980417718895,-0.23121070096501714
1938,Manu Ginobili,SAS,2008-09,Scorer,Very Good,44,1180.7383333333332,683,198,157,64,16,88,0.454,0.33,0.884,0.594,0.524,0.256,0.153,107.1,103.7,3.3,1.78,0.022,0.156,0.23,0.089,21.700000000000003,0.8463978126901811,0.5636207619071267,-0.1409667245062712,0.1955793465598743
201158,Marco Belinelli,GSW,2008-09,Scorer,Average,42,881.875,372,71,88,36,1,59,0.442,0.397,0.769,0.547,0.524,0.187,0.072,103.9,108.5,-4.6,1.49,0.011,0.068,0.146,0.039,16.900000000000006,-0.15171696903071602,-0.16216081946726102,-1.1149285198657761,-0.52832321599656
201563,Michael Beasley,MIA,2008-09,Scorer,Very Good,81,2008.59,1123,439,83,41,37,121,0.472,0.407,0.772,0.528,0.49,0.273,0.12,105.4,105.5,-0.1,0.69,0.057,0.174,0.078,0.115,19.900000000000006,0.9107941483646339,-0.5625597028533239,0.8297285260787484,0.0639763279541183
714,Michael Finley,SAS,2008-09,Scorer,Average,81,2335.8616666666667,784,270,114,37,17,61,0.437,0.411,0.823,0.547,0.532,0.159,0.08,108.4,105.4,3.0,1.87,0.012,0.112,0.074,0.063,20.0,-0.059577106969344484,-0.4709598852005065,-0.2811544784040589,-0.17394293635562996
2072,Michael Redd,MIL,2008-09,Scorer,Very Good,33,1202.7183333333332,699,107,88,35,2,53,0.455,0.366,0.814,0.566,0.519,0.25,0.118,109.7,106.3,3.4,1.66,0.021,0.077,0.121,0.049,19.10000000000001,0.6539222895393607,-0.3026021528401917,-0.8920103478070232,-0.3993068298228935
2590,Mo Williams,CLE,2008-09,Scorer,Very Good,81,2834.095,1443,279,329,69,9,179,0.467,0.436,0.912,0.588,0.548,0.229,0.118,111.2,100.3,10.8,1.84,0.018,0.085,0.199,0.052,25.10000000000001,1.1625127678341114,1.0223804159668746,-0.3974102685025546,0.3763298083982353
101145,Monta Ellis,GSW,2008-09,Scorer,Average,25,891.9083333333333,474,108,93,39,8,67,0.451,0.308,0.83,0.503,0.46,0.252,0.091,108.6,113.3,-4.7,1.39,0.015,0.104,0.165,0.06,12.100000000000009,0.14609996327201066,-0.03702694949214225,-0.7492207718718747,-0.7084393193977286
201156,Nick Young,WAS,2008-09,Scorer,Very Good,82,1836.605,892,150,95,39,20,92,0.444,0.341,0.85,0.53,0.481,0.227,0.082,102.5,107.1,-4.5,1.03,0.017,0.069,0.093,0.042,18.30000000000001,0.4189016425861436,-0.43413860696150625,-0.8670926488421784,-0.2227507660539422
201564,O.J. Mayo,MEM,2008-09,Scorer,Very Good,82,3120.3033333333333,1516,308,262,91,13,226,0.438,0.384,0.879,0.539,0.495,0.238,0.095,102.8,110.0,-7.3,1.16,0.019,0.09,0.151,0.054,15.400000000000006,1.0008817045015426,0.5061937372941837,-0.294982980966901,0.07482930107321299
1718,Paul Pierce,BOS,2008-09,Scorer,Elite,81,3035.451666666667,1658,457,294,80,27,228,0.457,0.391,0.83,0.582,0.508,0.251,0.132,109.8,101.1,8.8,1.29,0.021,0.137,0.161,0.082,24.30000000000001,1.4443051763508867,0.6801203929581806,0.4570807485302736,0.6254154127353702
978,Peja Stojakovic,NOH,2008-09,Scorer,Average,61,2088.54,812,264,75,52,3,51,0.399,0.378,0.894,0.531,0.5,0.183,0.081,111.9,107.0,4.9,1.47,0.023,0.115,0.056,0.069,18.400000000000006,0.044826053421352395,-0.7155856068002091,-0.2206368240779687,-0.2541744684031701
1952,Raja Bell,CHA,2008-09,Scorer,Average,67,2315.38,799,243,142,50,8,86,0.437,0.421,0.853,0.548,0.52,0.162,0.073,106.4,104.7,1.7,1.65,0.02,0.09,0.095,0.057,20.700000000000003,-0.021080890598165685,-0.2499578081417732,-0.4292336259911031,-0.08917412165057559
101119,Rashad McCants,SAC,2008-09,Scorer,Average,58,1100.368333333333,554,110,68,47,14,64,0.393,0.333,0.759,0.504,0.458,0.241,0.08,99.0,107.4,-8.5,1.06,0.018,0.086,0.117,0.05,18.0,0.12898411130333756,-0.39866659262662596,-0.871310557751347,-0.21819104908073336
1740,Rashard Lewis,ORL,2008-09,Scorer,Very Good,79,2858.965,1401,453,205,81,51,158,0.439,0.397,0.836,0.58,0.54,0.214,0.118,110.6,100.2,10.4,1.3,0.034,0.123,0.121,0.08,25.200000000000003,0.9766769921167898,0.12792173187338557,0.4209879255862519,0.9314751192919745
951,Ray Allen,BOS,2008-09,Scorer,Very Good,79,2875.73,1434,278,218,69,13,134,0.48,0.409,0.952,0.624,0.575,0.203,0.119,111.5,100.5,10.9,1.63,0.027,0.075,0.121,0.052,24.900000000000006,1.1715211970686399,0.17575771906378307,-0.4000636470862199,0.4050487294006248
2210,Richard Jefferson,MIL,2008-09,Scorer,Very Good,82,2938.645,1607,374,199,66,14,165,0.439,0.397,0.805,0.554,0.487,0.245,0.106,104.7,106.2,-1.4,1.21,0.02,0.117,0.117,0.066,19.200000000000003,1.2035126747757687,0.08337297059968712,0.033015857211170896,0.04918045680659669
2427,Roger Mason Jr.,SAS,2008-09,Scorer,Average,82,2496.0783333333334,969,251,173,40,12,100,0.425,0.421,0.89,0.554,0.526,0.183,0.081,107.0,102.4,4.6,1.73,0.007,0.099,0.109,0.054,23.0,0.2895497683583976,-0.0572402304604457,-0.4462255602358218,-0.017182142407549117
201164,Rudy Fernandez,POR,2008-09,Scorer,Average,78,1992.945,815,207,159,69,12,86,0.425,0.399,0.839,0.588,0.552,0.177,0.106,108.8,103.6,5.2,1.85,0.025,0.087,0.133,0.055,21.80000000000001,0.3289661713771834,0.02606777106483208,-0.5502345636124136,0.21279177274409466
200752,Rudy Gay,MEM,2008-09,Scorer,Very Good,79,2945.451666666667,1493,437,135,98,59,203,0.453,0.351,0.767,0.528,0.487,0.253,0.098,102.5,110.1,-7.6,0.67,0.04,0.126,0.085,0.082,15.300000000000011,1.0312096118090632,-0.33189218074731336,0.40401317685696814,0.6068867182777827
101155,Ryan Gomes,MIN,2008-09,Scorer,Average,82,2613.665,1092,392,135,63,22,128,0.431,0.372,0.807,0.518,0.486,0.202,0.081,103.8,110.1,-6.4,1.05,0.04,0.118,0.087,0.077,15.300000000000011,0.31150894288797754,-0.32065687407747895,0.2209128690686291,-0.13010715267681847
200769,Shannon Brown,LAL,2008-09,Scorer,Average,48,477.3716666666666,202,44,38,22,7,38,0.473,0.378,0.821,0.554,0.515,0.204,0.089,100.3,102.4,-2.1,1.0,0.025,0.071,0.139,0.048,23.0,-0.10984133890895154,-0.3854689589285949,-1.0719128528826158,-0.25427399531252665
101211,Stephen Graham,IND,2008-09,Scorer,Average,52,684.0933333333334,282,96,33,10,4,45,0.414,0.303,0.806,0.498,0.453,0.205,0.052,102.8,102.7,0.1,0.73,0.029,0.106,0.074,0.067,22.700000000000003,-0.36501096965230784,-0.7690148823099061,-0.691883734743096,-0.426589145096338
200779,Steve Novak,LAC,2008-09,Scorer,Average,71,1160.9716666666666,492,125,40,20,5,23,0.444,0.416,0.913,0.606,0.595,0.162,0.086,100.2,109.6,-9.4,1.74,0.016,0.093,0.061,0.054,15.800000000000011,0.08914348711742903,-0.8162865364074623,-0.7805512617776467,-0.7182653095517133
200814,Tarence Kinsey,CLE,2008-09,Scorer,Average,50,276.78333333333336,102,38,10,12,0,22,0.449,0.389,0.868,0.595,0.5,0.17,0.068,97.2,106.4,-9.3,0.45,0.04,0.098,0.062,0.071,19.0,-0.19643363796149912,-0.921059622742693,-0.7948210753769609,-0.6637285729151637
1501,Tim Thomas,CHI,2008-09,Scorer,Average,64,1246.54,545,201,68,31,11,70,0.432,0.413,0.736,0.555,0.521,0.196,0.079,105.1,103.3,1.8,0.97,0.033,0.126,0.087,0.08,22.10000000000001,0.0846664243540531,-0.5671961926741429,-0.24766347749739798,-0.17343108039998087
2566,Travis Outlaw,POR,2008-09,Scorer,Very Good,81,2246.025,1034,331,83,47,57,94,0.453,0.377,0.723,0.541,0.505,0.214,0.099,108.2,105.2,3.0,0.88,0.033,0.125,0.066,0.079,20.200000000000003,0.48903142228030666,-0.6299715428723306,0.08453608407440777,0.34612018816029094
101144,Von Wafer,HOU,2008-09,Scorer,Average,63,1224.7516666666668,610,113,71,40,8,59,0.447,0.39,0.752,0.541,0.51,0.227,0.097,106.3,102.3,3.9,1.2,0.017,0.076,0.1,0.048,23.10000000000001,0.27843054207338763,-0.4831276253532041,-0.8888297306097119,-0.051776530914888465
1887,Wally Szczerbiak,CLE,2008-09,Scorer,Average,74,1526.76,517,232,82,28,10,55,0.45,0.411,0.849,0.581,0.536,0.151,0.09,106.6,102.1,4.5,1.49,0.03,0.124,0.086,0.078,23.30000000000001,-0.11629149736200672,-0.5212981674963244,-0.19088805001313497,-0.14412702315858594
201151,Acie Law,CHI,2009-10,Scorer,Average,26,233.70666666666668,113,17,26,11,1,17,0.467,0.313,0.776,0.585,0.5,0.214,0.097,112.8,107.5,5.3,1.53,0.014,0.061,0.17,0.038,17.900000000000006,0.07642484909241176,-0.25547800141422,-1.2709506176883814,-0.7286026144048557
1733,Al Harrington,NYK,2009-10,Scorer,Very Good,72,2195.298333333333,1276,405,110,62,26,132,0.435,0.342,0.757,0.546,0.503,0.262,0.104,104.9,109.9,-5.0,0.83,0.04,0.153,0.088,0.095,15.5,1.0435202838542603,-0.4070315038010184,0.48472056814052306,-0.08824772459294043
201154,Al Thornton,WAS,2009-10,Scorer,Average,75,2079.2366666666667,804,294,90,45,35,102,0.473,0.355,0.725,0.523,0.482,0.189,0.069,100.3,107.8,-7.5,0.88,0.057,0.092,0.072,0.074,17.60000000000001,0.03723946473313971,-0.5705077836064594,-0.07733719504460901,-0.04994890091263474
2405,Amar'e Stoudemire,PHX,2009-10,Scorer,Elite,82,2837.5616666666665,1896,732,82,52,83,213,0.557,0.167,0.771,0.615,0.557,0.27,0.137,114.8,109.4,5.4,0.38,0.088,0.166,0.047,0.13,16.0,1.943706476004288,-0.7403866475580962,1.798263265662879,0.4142114317238254
200745,Andrea Bargnani,TOR,2009-10,Scorer,Very Good,80,2799.285,1376,493,93,25,111,120,0.47,0.372,0.774,0.552,0.523,0.221,0.094,110.3,114.0,-3.7,0.78,0.04,0.145,0.053,0.093,11.400000000000006,0.8498006296024259,-0.666204123002872,0.6927385748937068,0.1474721192477224
2804,Andres Nocioni,SAC,2009-10,Scorer,Average,75,1477.28,635,222,75,32,26,67,0.399,0.386,0.717,0.504,0.48,0.203,0.067,104.4,110.1,-5.7,1.12,0.021,0.131,0.077,0.074,15.300000000000011,-0.09078114367334099,-0.5976148867669473,-0.268380453068509,-0.4108395477521984
201627,Anthony Morrow,GSW,2009-10,Scorer,Very Good,69,2018.1233333333328,899,259,104,65,16,84,0.468,0.456,0.886,0.597,0.568,0.173,0.087,107.6,109.0,-1.4,1.24,0.03,0.1,0.075,0.064,16.400000000000006,0.4117185792062988,-0.502139145088972,-0.2976019885196966,-0.10545906826417722
2732,Ben Gordon,DET,2009-10,Scorer,Very Good,62,1729.5716666666667,855,119,166,49,6,118,0.416,0.321,0.861,0.534,0.47,0.241,0.086,104.7,110.9,-6.2,1.41,0.015,0.062,0.167,0.037,14.5,0.5175760258240593,0.24282582370838574,-1.0130456564592034,-0.4840493979019486
101138,Brandon Bass,ORL,2009-10,Scorer,Average,50,648.295,290,127,19,12,27,31,0.511,0.0,0.825,0.556,0.511,0.199,0.097,107.7,104.2,3.5,0.61,0.086,0.113,0.048,0.1,21.200000000000003,-0.07154757083537182,-0.9665895475304898,-0.18922040659502254,-0.2612967597232999
200750,Brandon Roy,POR,2009-10,Scorer,Very Good,65,2418.5416666666665,1398,285,305,61,16,129,0.473,0.33,0.78,0.568,0.508,0.263,0.143,111.7,106.5,5.2,2.36,0.033,0.094,0.228,0.064,18.900000000000006,1.264606732043361,1.096979770943356,-0.2286141453443994,-1.783239366854224e-05
201171,Carl Landry,SAC,2009-10,Scorer,Very Good,80,2468.8816666666667,1343,468,66,55,63,136,0.536,0.333,0.806,0.6,0.537,0.224,0.121,104.9,106.8,-1.9,0.49,0.076,0.119,0.048,0.097,18.60000000000001,1.1224058987727188,-0.7936440553805912,0.6773627275207962,0.39570839560601784
2546,Carmelo Anthony,DEN,2009-10,Scorer,Elite,69,2634.225,1943,454,222,88,30,209,0.458,0.316,0.83,0.548,0.478,0.327,0.14,111.7,106.2,5.5,1.06,0.058,0.115,0.159,0.087,19.200000000000003,2.011793027889268,0.4039473110799908,0.5128188843026791,0.43900986549861964
201978,Chase Budinger,HOU,2009-10,Scorer,Average,74,1488.2883333333334,657,220,88,34,11,48,0.441,0.369,0.77,0.545,0.522,0.186,0.101,107.9,107.4,0.5,1.83,0.024,0.129,0.096,0.074,18.0,0.03505492203598947,-0.4430434862131224,-0.27368721023583953,-0.38324115928800606
1894,Corey Maggette,GSW,2009-10,Scorer,Elite,70,2081.133333333333,1387,373,172,51,4,168,0.516,0.26,0.835,0.615,0.523,0.265,0.127,106.4,112.4,-6.0,1.02,0.045,0.139,0.133,0.092,13.0,1.5400392594442724,0.07390375825522955,0.36159349054919326,-0.5716936126057236
200783,Craig Smith,LAC,2009-10,Scorer,Very Good,75,1231.9983333333332,585,287,84,33,25,88,0.569,0.2,0.635,0.599,0.571,0.214,0.113,100.6,103.5,-2.9,0.95,0.081,0.16,0.124,0.12,21.900000000000006,0.49685265169365783,-0.3004679581247931,0.4901132528850276,-0.022814793490242347
200789,Daniel Gibson,CLE,2009-10,Scorer,Average,56,1068.3666666666666,355,73,70,25,7,36,0.466,0.477,0.694,0.613,0.599,0.139,0.073,107.7,101.1,6.6,1.94,0.013,0.054,0.104,0.035,24.30000000000001,-0.13800225058804694,-0.4643367033358734,-1.1605803799171666,-0.14680882893323674
201568,Danilo Gallinari,NYK,2009-10,Scorer,Very Good,81,2746.635,1221,398,135,75,58,110,0.423,0.381,0.818,0.575,0.523,0.191,0.094,106.6,109.0,-2.4,1.23,0.024,0.127,0.077,0.075,16.400000000000006,0.6499114159170648,-0.3768334074266512,0.21135383196126012,0.4230880492479881
101122,Danny Granger,IND,2009-10,Scorer,Elite,62,2278.22,1497,342,171,94,51,157,0.428,0.361,0.848,0.564,0.498,0.282,0.13,104.9,105.4,-0.5,1.09,0.029,0.119,0.134,0.075,20.0,1.4522194906943808,0.07584172026780853,0.0627646312760046,0.7606485272326161
201942,DeMar DeRozan,TOR,2009-10,Scorer,Average,77,1663.6416666666669,662,223,53,43,18,62,0.498,0.25,0.763,0.554,0.502,0.18,0.066,106.8,113.3,-6.5,0.85,0.042,0.097,0.048,0.07,12.100000000000009,0.0461956001316588,-0.8414800425709887,-0.31668569170356475,-0.5658192276137556
1717,Dirk Nowitzki,DAL,2009-10,Scorer,Elite,81,3038.681666666667,2027,620,218,70,79,149,0.481,0.421,0.915,0.578,0.498,0.284,0.161,108.7,103.3,5.4,1.46,0.028,0.178,0.128,0.106,22.10000000000001,1.9291148954632484,0.21508129240820367,1.1953331609800408,0.9186496264031163
201569,Eric Gordon,LAC,2009-10,Scorer,Very Good,62,2228.9966666666664,1045,160,186,69,14,144,0.449,0.371,0.742,0.571,0.525,0.21,0.086,104.1,109.5,-5.4,1.29,0.012,0.062,0.135,0.037,15.900000000000006,0.6392082183489515,0.1366547434377998,-0.904257134528927,-0.11362588204182579
2436,Flip Murray,CHI,2009-10,Scorer,Average,75,1673.0783333333334,746,183,135,46,16,91,0.392,0.312,0.727,0.485,0.443,0.233,0.081,103.8,103.2,0.6,1.48,0.018,0.093,0.141,0.056,22.200000000000003,0.10024766182725608,-0.017303593991948626,-0.6011759953157001,0.0384521511950107
202066,Garrett Temple,SAS,2009-10,Scorer,Average,27,334.1033333333333,136,31,21,13,6,27,0.436,0.351,0.7,0.553,0.5,0.193,0.056,100.4,100.7,-0.3,0.78,0.018,0.072,0.104,0.045,24.700000000000003,-0.24368000731184045,-0.6446415781304485,-1.1446257373843056,-0.25776077817625204
201588,George Hill,SAS,2009-10,Scorer,Very Good,78,2276.333333333333,964,205,226,69,26,101,0.478,0.399,0.772,0.572,0.529,0.187,0.091,108.0,102.9,5.0,2.24,0.019,0.075,0.154,0.047,22.5,0.41814160360356123,0.39057780969475775,-0.6574585552171865,0.39556454132176105
201611,Henry Walker,NYK,2009-10,Scorer,Average,35,768.255,329,88,40,23,3,28,0.517,0.431,0.796,0.649,0.625,0.162,0.081,110.7,110.4,0.3,1.43,0.02,0.1,0.079,0.06,15.0,0.2174502679600628,-0.7151687763789522,-0.8022883435451802,-0.7544198887825253
101133,Ian Mahinmi,SAS,2009-10,Scorer,Very Good,26,164.64333333333337,101,52,2,3,8,15,0.636,0.0,0.66,0.667,0.636,0.241,0.149,94.4,98.0,-3.6,0.13,0.079,0.207,0.024,0.148,27.400000000000006,0.7342620462601835,-1.163967980048254,0.22327960625473564,-0.18250185691956924
200755,JJ Redick,ORL,2009-10,Scorer,Very Good,82,1808.1566666666668,788,155,158,28,4,63,0.439,0.405,0.86,0.606,0.54,0.175,0.102,108.7,103.8,4.9,2.51,0.01,0.076,0.143,0.044,21.60000000000001,0.39776983773878655,0.078564613091666,-0.8283464473144915,-0.30471475476117565
2747,JR Smith,DEN,2009-10,Scorer,Very Good,75,2081.825,1156,234,183,99,20,139,0.414,0.338,0.706,0.515,0.491,0.261,0.098,111.0,104.9,6.1,1.32,0.014,0.1,0.149,0.057,20.5,0.7724183077054009,0.2042628161596261,-0.4531140332440906,0.5281912953536788
2037,Jamal Crawford,ATL,2009-10,Scorer,Very Good,79,2459.9866666666667,1425,201,238,61,12,137,0.449,0.382,0.857,0.573,0.523,0.249,0.12,111.3,106.7,4.6,1.74,0.014,0.07,0.163,0.042,18.700000000000003,1.210178685311556,0.4852929855770721,-0.7317703410752492,-0.0522386234158593
2553,Jarvis Hayes,NJN,2009-10,Scorer,Average,45,1032.48,350,108,40,29,9,28,0.421,0.335,0.778,0.521,0.512,0.161,0.058,102.0,108.9,-6.9,1.43,0.009,0.101,0.064,0.054,16.5,-0.5065707204679816,-0.7994335764027105,-0.8256586976999565,-0.5434149145599646
2574,Jason Kapono,PHI,2009-10,Scorer,Average,57,975.99,324,66,39,21,6,34,0.419,0.368,0.6,0.527,0.523,0.156,0.045,102.5,108.4,-5.9,1.15,0.014,0.058,0.063,0.035,17.0,-0.5276177857985812,-0.8087309210599661,-1.1791540300028236,-0.6272808725509265
2202,Jason Richardson,PHX,2009-10,Scorer,Very Good,79,2485.0583333333334,1239,404,143,66,33,92,0.474,0.393,0.739,0.574,0.553,0.205,0.103,114.9,109.0,5.9,1.55,0.035,0.122,0.085,0.082,16.400000000000006,0.759661309385935,-0.30245465016860723,0.31645168359601394,0.0768991827263676
201966,Jermaine Taylor,HOU,2009-10,Scorer,Average,31,302.6983333333333,128,46,16,10,3,19,0.378,0.227,0.717,0.46,0.399,0.218,0.067,93.2,111.5,-18.3,0.84,0.06,0.095,0.096,0.075,13.900000000000006,-0.5981680139964523,-0.7079812614214777,-0.7226354294889175,-0.953747749535033
711,Jerry Stackhouse,MIL,2009-10,Scorer,Average,42,854.7383333333333,358,100,70,21,9,66,0.408,0.346,0.797,0.517,0.479,0.218,0.084,105.1,101.6,3.5,1.06,0.023,0.096,0.133,0.059,23.80000000000001,-0.1064041961573421,-0.3014247566232737,-0.7831874548458773,-0.19739669020509076
101121,Joey Graham,DEN,2009-10,Scorer,Average,63,758.8283333333334,266,123,22,23,7,43,0.52,0.154,0.74,0.568,0.525,0.161,0.06,102.1,104.6,-2.5,0.51,0.056,0.113,0.046,0.085,20.80000000000001,-0.29842302921028135,-0.9667857802333095,-0.39092873549988805,-0.3731729174831196
1886,Jonathan Bender,NYK,2009-10,Scorer,Average,25,292.4483333333333,118,52,16,2,17,28,0.4,0.359,0.923,0.529,0.47,0.206,0.068,96.8,107.8,-11.0,0.57,0.049,0.128,0.094,0.088,17.60000000000001,-0.2987152901079352,-0.7192165680913121,-0.541099652026082,-0.6776018593153533
2572,Josh Howard,WAS,2009-10,Scorer,Average,35,917.8416666666668,446,125,48,26,11,46,0.405,0.267,0.784,0.496,0.434,0.246,0.073,108.1,107.7,0.4,1.04,0.036,0.105,0.086,0.072,17.700000000000003,0.04196214738019247,-0.6464076724558254,-0.5512374842934015,-0.4837584653093521
201142,Kevin Durant,OKC,2009-10,Scorer,Elite,82,3239.325,2472,623,231,112,84,271,0.476,0.365,0.9,0.607,0.514,0.311,0.183,109.0,102.7,6.2,0.85,0.034,0.158,0.13,0.098,22.700000000000003,2.6134877356841884,0.27415258626843564,1.1013760622935944,1.4396669948572811
2755,Kevin Martin,HOU,2009-10,Scorer,Very Good,46,1632.965,946,164,111,46,6,92,0.417,0.333,0.876,0.561,0.468,0.248,0.107,106.0,110.3,-4.3,1.21,0.018,0.085,0.113,0.051,15.100000000000009,0.7888174305291793,-0.2629104791057494,-0.7152884599287419,-0.47988068168718234
977,Kobe Bryant,LAL,2009-10,Scorer,Elite,73,2835.383333333333,1970,391,365,113,20,233,0.456,0.329,0.811,0.545,0.488,0.319,0.147,109.8,101.8,8.1,1.57,0.028,0.108,0.23,0.069,23.60000000000001,1.9555475839228977,1.3289965569534863,0.11634225604752152,0.8553898691435045
2594,Kyle Korver,UTA,2009-10,Scorer,Average,52,951.77,374,111,89,26,12,42,0.493,0.536,0.796,0.62,0.598,0.154,0.1,110.1,99.8,10.3,2.12,0.011,0.108,0.137,0.061,25.60000000000001,0.02552956349746327,-0.2090400081591777,-0.7285209818161986,-0.009479068415209069
2571,Leandro Barbosa,PHX,2009-10,Scorer,Average,44,785.6033333333334,418,69,64,23,12,46,0.425,0.324,0.877,0.526,0.485,0.239,0.086,111.5,105.5,6.0,1.39,0.015,0.07,0.125,0.044,19.900000000000006,0.14205268891929113,-0.3684441312366412,-1.0565370055097052,-0.37546480501230967
201991,Lester Hudson,MEM,2009-10,Scorer,Average,25,131.42666666666668,58,18,13,8,3,14,0.396,0.313,0.846,0.494,0.443,0.23,0.079,105.1,102.3,2.9,0.93,0.055,0.085,0.155,0.07,23.10000000000001,-0.36640642355627556,-0.387578788628376,-0.8606283013549466,-0.4339274649562331
101129,Luther Head,IND,2009-10,Scorer,Average,47,813.115,357,80,72,18,9,54,0.437,0.352,0.828,0.53,0.497,0.206,0.085,103.2,102.4,0.8,1.33,0.007,0.085,0.142,0.048,23.0,-0.12064315922764113,-0.24350649396434226,-0.976391223870666,-0.2754845190596293
201158,Marco Belinelli,TOR,2009-10,Scorer,Average,66,1120.9516666666666,469,95,89,42,5,60,0.406,0.38,0.835,0.543,0.485,0.193,0.078,109.3,107.0,2.3,1.48,0.013,0.074,0.119,0.044,18.400000000000006,-0.060712775079507154,-0.3101577681876879,-0.987549162334408,-0.3375531697801444
2556,Marcus Banks,TOR,2009-10,Scorer,Average,22,243.8383333333333,109,23,26,12,2,20,0.534,0.292,0.828,0.635,0.582,0.201,0.121,95.3,99.4,-4.0,1.3,0.013,0.08,0.215,0.049,26.0,0.2642507966579118,-0.0026836013429447636,-1.1148941488349065,-0.23221091956250084
201977,Marcus Thornton,NOH,2009-10,Scorer,Very Good,73,1871.5966666666664,1057,211,114,58,11,76,0.451,0.374,0.814,0.55,0.517,0.248,0.102,106.5,108.3,-1.8,1.5,0.04,0.08,0.103,0.06,17.10000000000001,0.8059720637202195,-0.3080479384879069,-0.47592277775435116,-0.18744765631307145
2399,Mike Dunleavy,IND,2009-10,Scorer,Average,67,1485.9416666666666,666,236,103,38,15,72,0.41,0.318,0.842,0.531,0.478,0.2,0.099,102.9,104.5,-1.6,1.43,0.016,0.135,0.112,0.076,20.900000000000006,0.06398650448603838,-0.2979656630193728,-0.2057538442878345,-0.13093729387891048
101145,Monta Ellis,GSW,2009-10,Scorer,Elite,64,2646.613333333333,1631,257,340,143,25,244,0.449,0.338,0.753,0.517,0.476,0.291,0.104,104.4,111.4,-7.0,1.39,0.018,0.083,0.216,0.05,14.0,1.3460135846010235,1.1583571272061883,-0.48126390595255125,0.6527731968330001
201156,Nick Young,WAS,2009-10,Scorer,Average,74,1421.3433333333332,639,102,48,28,8,56,0.418,0.406,0.8,0.519,0.479,0.211,0.057,103.7,105.7,-1.9,0.86,0.014,0.06,0.055,0.037,19.700000000000003,0.05643035160680693,-0.8205549258382596,-1.058153092381513,-0.3758787813429407
201587,Nicolas Batum,POR,2009-10,Scorer,Average,37,917.6216666666668,375,141,44,24,25,27,0.519,0.409,0.843,0.646,0.619,0.159,0.106,113.6,105.8,7.8,1.63,0.039,0.132,0.073,0.086,19.60000000000001,0.21150906401779737,-0.7341559310991025,-0.3304282666892329,-0.2512028125489055
201564,O.J. Mayo,MEM,2009-10,Scorer,Very Good,82,3113.3716666666664,1432,311,242,98,17,176,0.458,0.383,0.809,0.551,0.516,0.203,0.092,107.8,109.2,-1.3,1.38,0.02,0.086,0.12,0.052,16.200000000000003,0.7526987564172928,0.25845265746498425,-0.31250215382526575,0.23483243769328846
1718,Paul Pierce,BOS,2009-10,Scorer,Very Good,71,2410.7466666666664,1296,310,218,84,31,166,0.472,0.414,0.852,0.613,0.535,0.235,0.127,107.2,102.0,5.1,1.31,0.019,0.116,0.15,0.07,23.400000000000006,1.24336517232373,0.3386696657763827,-0.08584175492468563,0.6544515129563554
978,Peja Stojakovic,NOH,2009-10,Scorer,Average,62,1946.9183333333333,784,227,92,48,5,56,0.404,0.375,0.897,0.533,0.5,0.181,0.081,105.3,106.5,-1.2,1.64,0.02,0.1,0.072,0.059,18.900000000000006,0.02142799161005814,-0.5631484009617829,-0.446208374720387,-0.24600765462552146
951,Ray Allen,BOS,2009-10,Scorer,Very Good,80,2819.036666666667,1304,253,210,64,25,129,0.477,0.363,0.913,0.601,0.551,0.195,0.103,108.8,101.6,7.2,1.63,0.018,0.077,0.118,0.049,23.80000000000001,0.8877046467729475,0.1294672284803252,-0.5046170745918926,0.4100213401914829
202130,Reggie Williams,GSW,2009-10,Scorer,Average,24,781.4866666666667,365,110,66,23,6,29,0.495,0.359,0.839,0.588,0.553,0.184,0.101,110.7,113.4,-2.7,2.28,0.023,0.117,0.125,0.069,12.0,0.05569252655987952,-0.36108474859196465,-0.6292571259624213,-0.9003315219218152
201958,Rodrigue Beaubois,DAL,2009-10,Scorer,Very Good,56,699.9133333333333,397,78,74,29,12,54,0.518,0.409,0.808,0.617,0.594,0.232,0.108,108.4,103.4,5.0,1.37,0.018,0.094,0.162,0.058,22.0,0.5959609813373731,-0.12379404462132104,-0.8543014379911935,-0.18991180977848296
201583,Ryan Anderson,ORL,2009-10,Scorer,Very Good,63,910.485,487,202,37,25,14,56,0.436,0.37,0.866,0.574,0.536,0.233,0.117,110.8,101.2,9.7,0.66,0.081,0.144,0.069,0.114,24.200000000000003,0.4223308105445442,-0.7823843836951392,0.18813814744539736,-0.08186204841667984
200797,Ryan Hollins,MIN,2009-10,Scorer,Average,73,1223.24,447,207,51,19,38,95,0.558,0.0,0.69,0.6,0.558,0.164,0.053,95.0,111.0,-16.0,0.54,0.065,0.105,0.066,0.085,14.400000000000006,0.037027532103891835,-0.7477216651871552,-0.16804493447200475,-0.47700690545793584
201970,Sam Young,MEM,2009-10,Scorer,Average,80,1321.0466666666666,595,201,52,34,20,94,0.451,0.196,0.777,0.518,0.462,0.212,0.082,98.0,107.0,-9.0,0.55,0.056,0.094,0.068,0.074,18.400000000000006,0.026302744473509516,-0.7328066671949824,-0.32410140332547976,-0.26868211324055197
201603,Sonny Weems,TOR,2009-10,Scorer,Average,69,1367.97,518,192,101,39,25,65,0.515,0.133,0.688,0.533,0.517,0.18,0.08,108.7,109.5,-0.8,1.55,0.034,0.111,0.11,0.074,15.900000000000006,-0.17771810628806026,-0.31656035233388374,-0.3479818105784673,-0.31317466615738615
1536,Stephen Jackson,CHA,2009-10,Scorer,Very Good,81,3128.568333333333,1667,401,300,132,43,259,0.423,0.328,0.779,0.518,0.469,0.27,0.108,105.6,103.0,2.6,1.16,0.027,0.107,0.17,0.068,22.400000000000006,1.2239623589939053,0.7527574209064652,0.13013638757949403,1.2144518269826958
201152,Thaddeus Young,PHI,2009-10,Scorer,Average,67,2145.418333333333,926,350,97,81,15,126,0.47,0.348,0.691,0.523,0.499,0.211,0.088,104.0,107.5,-3.5,0.77,0.062,0.108,0.075,0.085,17.900000000000006,0.28627023981670946,-0.5278969843453398,0.21138820299212988,0.13833728731999506
201962,Toney Douglas,NYK,2009-10,Scorer,Average,56,1086.9766666666667,481,108,112,42,3,55,0.458,0.389,0.809,0.571,0.545,0.191,0.083,107.0,111.7,-4.7,2.04,0.036,0.066,0.167,0.051,13.700000000000003,0.0933910616443716,0.0441224923021193,-0.8638776606139974,-0.6339350705189517
1713,Vince Carter,ORL,2009-10,Scorer,Very Good,75,2310.458333333333,1244,293,236,53,18,106,0.428,0.367,0.84,0.541,0.486,0.247,0.119,110.5,99.3,11.2,2.23,0.015,0.11,0.177,0.065,26.10000000000001,0.8820486060617218,0.5565807496212367,-0.19464746237039685,0.36035985246239965
201961,Wayne Ellington,MIN,2009-10,Scorer,Average,76,1384.2416666666666,505,159,74,20,5,74,0.424,0.395,0.871,0.527,0.496,0.168,0.071,99.1,105.8,-6.7,1.0,0.023,0.091,0.085,0.057,19.60000000000001,-0.30924404438774517,-0.5563533514099477,-0.6521174270189865,-0.4949975443636037
202083,Wesley Matthews,UTA,2009-10,Scorer,Average,82,2024.5716666666667,769,191,124,64,15,93,0.483,0.382,0.829,0.592,0.539,0.164,0.078,110.1,104.6,5.5,1.33,0.027,0.073,0.09,0.05,20.80000000000001,0.2234971984926087,-0.34428051861844816,-0.6563868924744596,0.13258267501224996
201163,Wilson Chandler,NYK,2009-10,Scorer,Average,65,2319.923333333333,993,348,138,46,49,108,0.479,0.267,0.806,0.534,0.502,0.2,0.088,104.7,107.4,-2.7,1.28,0.041,0.114,0.096,0.077,18.0,0.316954813761604,-0.259058920096209,0.1041642113873569,0.12555882808849309
2405,Amar'e Stoudemire,NYK,2010-11,Scorer,Elite,78,2870.0116666666668,1971,636,202,71,150,250,0.502,0.435,0.792,0.565,0.505,0.307,0.137,111.2,109.9,1.3,0.81,0.072,0.157,0.128,0.114,15.5,1.9827736721340312,0.15620623125079142,1.3397044527561277,1.2595700782328598
200745,Andrea Bargnani,TOR,2010-11,Scorer,Very Good,66,2353.048333333333,1414,343,119,34,46,152,0.448,0.345,0.82,0.533,0.48,0.279,0.1,105.7,112.9,-7.2,0.78,0.033,0.124,0.086,0.078,12.5,1.1931590608899654,-0.38514958856980847,0.10363697277371081,-0.35228063195273185
1712,Antawn Jamison,CLE,2010-11,Scorer,Very Good,56,1842.1966666666667,1010,375,93,50,30,77,0.427,0.346,0.731,0.516,0.479,0.252,0.107,103.1,113.4,-10.4,1.21,0.044,0.164,0.092,0.101,12.0,0.6069637612998623,-0.44711564294109996,0.48155713645864656,-0.37775558651365254
201627,Anthony Morrow,NJN,2010-11,Scorer,Average,58,1856.4266666666667,764,172,68,19,7,54,0.45,0.423,0.897,0.573,0.539,0.175,0.077,102.0,106.3,-4.3,1.26,0.02,0.076,0.063,0.048,19.10000000000001,0.19178356869288668,-0.7020198727121564,-0.7322803941734605,-0.5145013168205218
201167,Arron Afflalo,DEN,2010-11,Scorer,Average,69,2324.293333333333,867,251,168,34,31,71,0.498,0.423,0.847,0.62,0.581,0.147,0.087,111.0,107.3,3.6,2.37,0.021,0.089,0.109,0.056,18.10000000000001,0.32981261237812254,-0.07563868707213704,-0.42074625162646123,-0.17501641172160484
2732,Ben Gordon,DET,2010-11,Scorer,Very Good,82,2130.86,921,195,171,48,16,141,0.44,0.402,0.85,0.548,0.51,0.206,0.075,107.2,110.0,-2.8,1.21,0.02,0.082,0.129,0.049,15.400000000000006,0.38900048990084923,0.04775345359322235,-0.6585130324444788,-0.3403569132649827
201572,Brook Lopez,NJN,2010-11,Scorer,Elite,82,2888.755,1673,488,129,47,120,176,0.492,0.0,0.787,0.549,0.492,0.27,0.114,103.5,109.7,-6.2,0.73,0.07,0.108,0.087,0.088,15.700000000000003,1.4055328748639493,-0.34273502201150857,0.615773410451979,0.7191243826310983
201171,Carl Landry,NOH,2010-11,Scorer,Very Good,76,2007.895,903,347,63,40,32,109,0.502,0.0,0.74,0.555,0.502,0.204,0.085,104.4,108.7,-4.3,0.58,0.082,0.098,0.052,0.09,16.700000000000003,0.40140159841948675,-0.7822125160079372,0.2671263387645354,-0.18498731515796463
2546,Carmelo Anthony,NYK,2010-11,Scorer,Elite,77,2751.25,1970,563,221,68,46,206,0.455,0.378,0.838,0.557,0.487,0.318,0.143,112.2,108.4,3.8,1.07,0.045,0.16,0.149,0.104,17.0,2.016837536289453,0.34409108640848024,1.0186112731017594,0.2644017456726355
2406,Caron Butler,DAL,2010-11,Scorer,Average,29,867.1683333333333,436,118,46,28,8,49,0.45,0.431,0.773,0.523,0.487,0.251,0.093,107.2,98.5,8.7,0.94,0.029,0.109,0.091,0.072,26.900000000000006,0.22572654585433571,-0.6256787884259158,-0.5698111343790584,0.047154879013477924
101111,Charlie Villanueva,DET,2010-11,Scorer,Very Good,76,1665.6583333333333,840,295,48,42,42,66,0.442,0.387,0.767,0.553,0.53,0.229,0.099,105.8,110.2,-4.4,0.73,0.031,0.165,0.05,0.096,15.200000000000003,0.5275461949253242,-0.8486431925128457,0.2055885782420228,-0.15122196182486938
201978,Chase Budinger,HOU,2010-11,Scorer,Average,78,1737.5233333333333,765,281,127,41,18,67,0.425,0.325,0.855,0.534,0.493,0.195,0.099,108.5,104.1,4.4,1.9,0.029,0.131,0.113,0.08,21.30000000000001,0.11593044701095767,-0.20403541794833707,-0.03539319080417577,-0.04599894303495572
1894,Corey Maggette,MIL,2010-11,Scorer,Very Good,67,1400.503333333333,805,241,84,21,5,127,0.453,0.359,0.834,0.573,0.478,0.272,0.11,100.1,102.5,-2.3,0.66,0.032,0.148,0.111,0.089,22.900000000000006,0.931437435133657,-0.37349745147871705,-0.026871445408664287,-0.2907457537619335
200783,Craig Smith,LAC,2010-11,Scorer,Average,48,586.335,258,117,31,16,7,33,0.553,0.0,0.735,0.592,0.553,0.189,0.101,99.2,104.3,-5.1,0.94,0.073,0.136,0.095,0.103,21.10000000000001,0.0380021459993339,-0.6584035449213209,-0.17753522951763456,-0.4280760555364526
201969,DaJuan Summers,DET,2010-11,Scorer,Average,22,198.76166666666663,74,12,2,3,1,13,0.406,0.429,0.45,0.476,0.471,0.212,0.007,101.8,104.8,-3.0,0.15,0.011,0.053,0.017,0.032,20.60000000000001,-0.5895523694534125,-1.2032915533926745,-1.3606554364347896,-0.6528558952776942
201161,Daequan Cook,OKC,2010-11,Scorer,Average,43,598.255,239,72,20,14,1,17,0.436,0.422,0.8,0.63,0.616,0.155,0.085,108.3,100.9,7.4,1.18,0.014,0.108,0.055,0.062,24.5,-0.007329698192755603,-0.9235862828637311,-0.819263092274464,-0.30973767026320337
2563,Dahntay Jones,IND,2010-11,Scorer,Average,45,588.9533333333334,283,65,33,20,7,31,0.467,0.359,0.767,0.558,0.5,0.213,0.098,99.1,101.1,-2.0,1.06,0.007,0.104,0.103,0.055,24.30000000000001,0.037326207948573255,-0.6061029355973065,-0.9270143224928831,-0.19861564362479645
201568,Danilo Gallinari,DEN,2010-11,Scorer,Very Good,62,2104.03,970,305,104,51,27,83,0.414,0.352,0.862,0.597,0.495,0.188,0.098,108.7,106.9,1.8,1.25,0.029,0.119,0.074,0.074,18.5,0.5727273843224969,-0.5077567984238892,-0.04815003062429096,-0.0158412277627915
101122,Danny Granger,IND,2010-11,Scorer,Elite,79,2762.998333333333,1622,425,203,89,62,206,0.425,0.386,0.848,0.554,0.487,0.263,0.118,104.4,104.6,-0.2,0.99,0.032,0.119,0.128,0.076,20.80000000000001,1.3460985859094496,0.15988592257312967,0.29573470802490287,0.8671375566144569
201942,DeMar DeRozan,TOR,2010-11,Scorer,Very Good,82,2851.025,1410,315,148,85,31,144,0.467,0.096,0.813,0.53,0.469,0.23,0.087,104.4,111.7,-7.3,1.03,0.027,0.092,0.085,0.058,13.700000000000003,0.8144182354028356,-0.28405619355691586,-0.2254507136625228,0.09489252791449225
202365,Devin Ebanks,LAL,2010-11,Scorer,Average,20,117.61,62,27,2,4,5,6,0.412,0.4,0.783,0.507,0.431,0.227,0.112,88.9,107.3,-18.4,0.33,0.115,0.092,0.033,0.104,18.10000000000001,-0.31115530338899905,-1.1134091000339987,-0.4035996477428292,-0.7489113639508486
1717,Dirk Nowitzki,DAL,2010-11,Scorer,Elite,73,2503.9366666666665,1681,513,190,38,47,137,0.517,0.393,0.892,0.612,0.545,0.274,0.169,110.7,100.4,10.3,1.39,0.023,0.184,0.136,0.109,25.0,1.800788775337141,0.1569911620620701,0.949640615441897,0.43371572192237046
2548,Dwyane Wade,MIA,2010-11,Scorer,Elite,76,2823.2116666666666,1941,485,346,111,87,237,0.5,0.306,0.758,0.581,0.523,0.308,0.164,112.8,102.4,10.4,1.46,0.049,0.127,0.223,0.091,23.0,2.059940265488383,1.2197588484846387,0.646032237615024,1.4772844264430376
201569,Eric Gordon,LAC,2010-11,Scorer,Very Good,56,2112.0666666666666,1247,164,244,71,18,151,0.45,0.364,0.825,0.566,0.506,0.258,0.118,108.2,108.2,-0.1,1.62,0.022,0.057,0.197,0.04,17.200000000000003,1.1076757606289231,0.6983713468982875,-0.8554246572802251,0.023947777411441346
201814,Gary Forbes,DEN,2010-11,Scorer,Average,63,790.7683333333333,326,116,49,23,6,46,0.454,0.328,0.678,0.524,0.489,0.188,0.067,108.2,110.0,-1.9,1.07,0.035,0.111,0.094,0.073,15.400000000000006,-0.30907267048406345,-0.5977867544541493,-0.5623782372417087,-0.7005656267535062
202390,Gary Neal,SAS,2010-11,Scorer,Very Good,80,1684.5616666666667,783,196,96,27,4,78,0.451,0.419,0.808,0.578,0.553,0.2,0.085,108.2,106.0,2.2,1.23,0.013,0.106,0.094,0.06,19.400000000000006,0.4170851310166324,-0.4248412623042507,-0.5157234565093303,-0.44433640280839337
201588,George Hill,SAS,2010-11,Scorer,Very Good,76,2147.9766666666665,884,199,193,66,21,99,0.453,0.377,0.863,0.588,0.514,0.179,0.096,110.1,103.1,7.0,1.95,0.012,0.083,0.142,0.049,22.30000000000001,0.39336641179357007,0.2017361560385881,-0.6478995181098176,0.3021421974815628
202330,Gordon Hayward,UTA,2010-11,Scorer,Average,72,1217.67,388,139,81,30,19,70,0.485,0.473,0.711,0.578,0.544,0.149,0.068,103.1,111.1,-8.0,1.16,0.035,0.089,0.106,0.061,14.300000000000011,-0.2411132822884732,-0.412624792120318,-0.6542263814735708,-0.5611391966998324
255,Grant Hill,PHX,2010-11,Scorer,Very Good,80,2408.915,1056,338,200,64,35,134,0.484,0.395,0.829,0.563,0.511,0.199,0.092,109.5,108.5,1.0,1.49,0.033,0.108,0.126,0.072,16.900000000000006,0.5208752642693986,0.1376115419362804,0.013932154027302579,0.10578872238064012
101124,Hakim Warrick,PHX,2010-11,Scorer,Very Good,80,1415.5216666666668,669,296,69,32,9,79,0.511,0.091,0.721,0.581,0.512,0.206,0.111,104.3,110.0,-5.6,0.87,0.065,0.153,0.081,0.109,15.400000000000006,0.395949653795909,-0.597222421361308,0.3738574627865319,-0.5769609682994813
200755,JJ Redick,ORL,2010-11,Scorer,Average,59,1512.935,593,113,102,29,3,53,0.441,0.397,0.875,0.589,0.538,0.159,0.092,105.4,102.4,3.0,1.92,0.004,0.07,0.11,0.038,23.0,0.04281996758294785,-0.31288066101154544,-1.0162262736565149,-0.2222143107566332
2747,JR Smith,DEN,2010-11,Scorer,Very Good,79,1967.59,969,322,175,92,16,100,0.435,0.39,0.738,0.55,0.514,0.216,0.108,112.4,105.9,6.5,1.75,0.024,0.142,0.141,0.084,19.5,0.5082555316712675,0.12988405890158206,0.12435394834482183,0.3564372237237026
2037,Jamal Crawford,ATL,2010-11,Scorer,Very Good,76,2296.991666666667,1077,130,241,57,14,145,0.421,0.341,0.854,0.545,0.489,0.224,0.092,106.5,106.5,0.0,1.66,0.01,0.05,0.178,0.03,18.900000000000006,0.616115791797344,0.5805968595678452,-1.0730360721716474,-0.06169821215306134
202341,James Anderson,SAS,2010-11,Scorer,Average,26,286.23833333333334,94,23,18,3,6,13,0.383,0.391,0.778,0.529,0.494,0.16,0.051,99.5,107.0,-7.5,1.38,0.007,0.079,0.103,0.043,18.400000000000006,-0.6527650394284449,-0.6612983054323806,-1.1913320746629883,-0.7315288603712374
201935,James Harden,OKC,2010-11,Scorer,Very Good,82,2188.5383333333334,998,255,176,92,24,106,0.436,0.349,0.843,0.598,0.518,0.193,0.108,109.2,104.3,4.9,1.66,0.02,0.096,0.136,0.06,21.10000000000001,0.6352395009345297,0.10547548354933434,-0.359174120073079,0.5313844158274875
201162,Jared Dudley,PHX,2010-11,Scorer,Average,82,2139.595,867,318,108,87,20,77,0.477,0.415,0.743,0.598,0.56,0.167,0.097,106.0,106.6,-0.5,1.4,0.054,0.098,0.078,0.076,18.80000000000001,0.35043645720825284,-0.47056741979486716,0.01182319957271824,0.30397199250978196
2202,Jason Richardson,ORL,2010-11,Scorer,Very Good,80,2715.1216666666664,1249,331,147,93,13,95,0.447,0.395,0.73,0.555,0.536,0.202,0.096,110.4,105.5,4.9,1.55,0.026,0.098,0.087,0.063,19.900000000000006,0.6362781646610652,-0.27650057820941976,-0.11929838480047697,0.3599480646725985
201145,Jeff Green,BOS,2010-11,Scorer,Average,75,2427.62,998,360,108,53,37,99,0.449,0.303,0.811,0.538,0.488,0.193,0.084,106.6,106.0,0.6,1.09,0.033,0.121,0.075,0.078,19.400000000000006,0.29218732878006265,-0.48742037979961894,0.1487444086960205,0.15893534568911025
202379,Jeremy Evans,UTA,2010-11,Scorer,Average,49,462.91,178,97,24,17,17,19,0.661,0.0,0.703,0.678,0.661,0.144,0.128,102.5,104.4,-1.9,1.26,0.082,0.142,0.09,0.112,21.0,0.14259665198903368,-0.7122496508522749,-0.11594591244881736,-0.3224155200723661
201966,Jermaine Taylor,SAC,2010-11,Scorer,Average,34,482.245,223,62,32,14,5,46,0.48,0.311,0.75,0.535,0.515,0.22,0.069,102.1,111.9,-9.8,0.7,0.053,0.08,0.105,0.066,13.5,-0.08620268616262679,-0.5985473202498104,-0.7948382608923956,-0.9155692397954415
201975,Jodie Meeks,PHI,2010-11,Scorer,Average,74,2062.0466666666666,774,171,78,63,4,60,0.425,0.397,0.894,0.6,0.546,0.152,0.077,105.4,103.4,2.0,1.3,0.011,0.076,0.056,0.043,22.0,0.18499744799967308,-0.7045465328331942,-0.7986320442805273,0.08143481809954266
101121,Joey Graham,CLE,2010-11,Scorer,Average,39,586.25,202,84,18,6,7,28,0.458,0.3,0.806,0.518,0.483,0.172,0.057,97.8,105.0,-7.2,0.64,0.014,0.133,0.054,0.074,20.400000000000006,-0.5499280682604616,-0.9365633188433248,-0.6345466976143173,-0.5728179574542239
201142,Kevin Durant,OKC,2010-11,Scorer,Elite,78,3037.6216666666664,2161,533,214,88,76,218,0.462,0.35,0.88,0.589,0.509,0.296,0.159,110.8,106.8,4.1,0.98,0.02,0.154,0.127,0.089,18.60000000000001,2.176487535312224,0.1947448737839334,0.7479151010215966,0.8691604046102547
2755,Kevin Martin,HOU,2010-11,Scorer,Elite,80,2602.5333333333333,1876,258,198,80,15,184,0.436,0.383,0.888,0.601,0.506,0.289,0.13,111.6,108.2,3.4,1.08,0.011,0.09,0.128,0.05,17.200000000000003,1.9883271497565558,0.14148746596143835,-0.478610527368886,0.0868476518470312
977,Kobe Bryant,LAL,2010-11,Scorer,Elite,82,2778.6633333333334,2078,419,388,99,12,243,0.451,0.323,0.828,0.548,0.487,0.343,0.156,111.5,104.2,7.3,1.6,0.031,0.121,0.258,0.077,21.200000000000003,2.2262758466989845,1.570923750744949,0.29255409082759154,0.48837985586375066
2571,Leandro Barbosa,TOR,2010-11,Scorer,Very Good,58,1394.6133333333332,769,99,119,50,6,84,0.45,0.338,0.796,0.539,0.505,0.249,0.093,105.3,110.2,-4.8,1.42,0.01,0.062,0.147,0.036,15.200000000000003,0.5427087552249282,-0.0424727351398575,-1.0788528824371892,-0.43255976242898475
200796,Leon Powe,MEM,2010-11,Scorer,Average,30,327.7316666666667,158,63,7,10,4,12,0.496,0.0,0.556,0.524,0.496,0.224,0.072,99.0,110.4,-11.3,0.58,0.073,0.138,0.038,0.103,15.0,-0.16668833669447827,-1.0669223767477214,-0.3208176730355595,-0.879000142977508
201158,Marco Belinelli,NOH,2010-11,Scorer,Average,80,1957.1616666666664,836,151,92,38,6,77,0.437,0.414,0.784,0.56,0.534,0.195,0.072,106.7,105.0,1.6,1.19,0.009,0.077,0.077,0.043,20.400000000000006,0.31578796242901547,-0.5350601342871968,-0.8516996159538328,-0.25137180743131443
201977,Marcus Thornton,SAC,2010-11,Scorer,Very Good,73,1775.79,933,258,135,64,9,93,0.434,0.367,0.788,0.525,0.488,0.241,0.113,101.3,104.4,-3.1,1.45,0.034,0.115,0.133,0.074,21.0,0.5223678166739525,-0.06224482067128634,-0.17285882405655897,0.08362882600371467
101110,Martell Webster,MIN,2010-11,Scorer,Average,46,1094.4666666666667,453,147,53,28,9,58,0.447,0.417,0.77,0.575,0.528,0.177,0.078,101.6,112.2,-10.5,0.91,0.031,0.108,0.079,0.068,13.200000000000003,-0.0064177125338348295,-0.6673327891885548,-0.5438217726714865,-0.7476667051616349
2679,Matt Carroll,CHA,2010-11,Scorer,Average,54,581.9866666666667,235,68,23,17,6,23,0.447,0.37,0.769,0.53,0.49,0.185,0.081,98.3,105.1,-6.8,1.0,0.021,0.106,0.068,0.062,20.30000000000001,-0.3623534522468725,-0.8395177155427922,-0.8298766066091252,-0.474835896640815
201563,Michael Beasley,MIN,2010-11,Scorer,Very Good,73,2361.458333333333,1401,409,158,54,52,195,0.45,0.366,0.753,0.51,0.474,0.279,0.094,102.8,108.4,-5.6,0.81,0.048,0.122,0.118,0.085,17.0,1.0522807921185755,-0.0618767202812647,0.36793753942838126,0.1800474485547036
201156,Nick Young,WAS,2010-11,Scorer,Very Good,64,2033.77,1115,174,75,45,17,90,0.441,0.387,0.816,0.538,0.497,0.24,0.089,100.7,107.9,-7.2,0.83,0.013,0.076,0.066,0.043,17.5,0.7206244108135631,-0.6594090734510367,-0.7906719085295314,-0.2379387204728909
1718,Paul Pierce,BOS,2010-11,Scorer,Elite,80,2774.0616666666665,1511,430,260,80,51,171,0.497,0.374,0.86,0.62,0.551,0.236,0.141,109.3,97.8,11.4,1.52,0.015,0.144,0.152,0.084,27.60000000000001,1.4457554281228668,0.5044520079844244,0.41091883538067175,1.0621249764724692
978,Peja Stojakovic,DAL,2010-11,Scorer,Average,33,616.5766666666667,280,75,29,13,2,17,0.441,0.419,0.92,0.588,0.566,0.186,0.098,110.9,102.1,8.9,1.71,0.025,0.101,0.069,0.065,23.30000000000001,0.009035831493551472,-0.8118219142738453,-0.7730839936094274,-0.3804871792578452
951,Ray Allen,BOS,2010-11,Scorer,Very Good,80,2890.0066666666667,1321,274,219,77,16,117,0.491,0.444,0.881,0.615,0.577,0.192,0.112,108.0,99.7,8.2,1.87,0.021,0.08,0.122,0.052,25.700000000000003,0.9580482392549757,0.18505506372103853,-0.410677161420881,0.5652957649559397
202130,Reggie Williams,GSW,2010-11,Scorer,Average,80,1626.2683333333334,738,216,121,28,3,57,0.469,0.423,0.746,0.585,0.558,0.184,0.099,105.0,107.3,-2.4,2.12,0.027,0.104,0.118,0.066,18.10000000000001,0.3075284694784716,-0.19802529920778061,-0.3862179590079429,-0.5204735814375071
1888,Richard Hamilton,DET,2010-11,Scorer,Very Good,55,1498.0383333333334,777,126,171,39,4,88,0.429,0.382,0.849,0.52,0.47,0.255,0.096,105.4,110.3,-4.9,1.94,0.017,0.076,0.199,0.045,15.100000000000009,0.48376765121569143,0.4409891870374284,-0.8925547719361042,-0.572645150261511
2210,Richard Jefferson,SAS,2010-11,Scorer,Average,81,2458.528333333333,891,310,107,38,34,93,0.474,0.44,0.759,0.612,0.579,0.152,0.079,109.3,103.0,6.3,1.15,0.024,0.105,0.064,0.066,22.400000000000006,0.33798230744016156,-0.5528942578060466,-0.13680037214340687,0.14942653475372134
200760,Rodney Carney,MEM,2010-11,Scorer,Average,27,335.30833333333334,127,48,11,12,5,16,0.418,0.447,0.667,0.521,0.495,0.176,0.061,98.5,110.2,-11.7,0.69,0.036,0.11,0.054,0.071,15.200000000000003,-0.55757970127333,-0.9623211580996927,-0.7682872895403081,-0.8364090180879109
200797,Ryan Hollins,CLE,2010-11,Scorer,Average,70,1181.5816666666667,373,186,26,22,42,67,0.598,0.0,0.681,0.642,0.598,0.139,0.047,102.5,107.2,-4.7,0.39,0.062,0.101,0.035,0.082,18.200000000000003,0.040786980057319365,-1.013861201628046,-0.26198484764301655,-0.1821851954426004
406,Shaquille O'Neal,BOS,2010-11,Scorer,Very Good,37,751.575,341,178,26,16,42,56,0.667,0.0,0.557,0.659,0.667,0.197,0.1,112.8,98.5,14.3,0.46,0.083,0.182,0.051,0.138,26.900000000000006,0.5394962894181233,-0.9239787482693704,0.4302087647497579,0.2668122998582005
1536,Stephen Jackson,CHA,2010-11,Scorer,Very Good,67,2404.5016666666666,1240,304,241,80,28,209,0.411,0.337,0.816,0.52,0.468,0.27,0.1,102.9,108.1,-5.2,1.15,0.024,0.109,0.184,0.067,17.30000000000001,0.927466837560618,0.6143027795773487,-0.1399809893407182,0.22425015139192475
200779,Steve Novak,SAS,2010-11,Scorer,Very Good,30,215.03666666666663,104,28,3,1,5,4,0.522,0.565,1.0,0.737,0.716,0.155,0.114,105.2,115.9,-10.8,0.75,0.019,0.118,0.025,0.067,9.5,0.5070915697024095,-1.1546706353909983,-0.8723134784323348,-1.2852856581915069
2419,Tayshaun Prince,DET,2010-11,Scorer,Average,78,2561.5666666666666,1098,329,215,30,41,82,0.473,0.347,0.702,0.511,0.49,0.209,0.101,107.4,110.3,-2.9,2.62,0.032,0.112,0.142,0.07,15.100000000000009,0.3270564575105607,0.28268936513003,-0.03542756183504536,-0.29155124859263504
1713,Vince Carter,PHX,2010-11,Scorer,Very Good,73,2051.5616666666665,1022,275,146,67,20,90,0.437,0.361,0.74,0.528,0.502,0.23,0.092,108.0,104.6,3.4,1.62,0.027,0.108,0.116,0.068,20.80000000000001,0.5231773774957821,-0.1172683228191583,-0.20418931396233092,0.21425408384254838
202083,Wesley Matthews,POR,2010-11,Scorer,Very Good,82,2758.393333333333,1300,258,164,102,9,138,0.449,0.407,0.844,0.582,0.528,0.209,0.097,107.5,104.7,2.8,1.19,0.018,0.085,0.101,0.051,20.700000000000003,0.8786736120979467,-0.13529867904082793,-0.46587087306420577,0.45973421514471763
2584,Willie Green,NOH,2010-11,Scorer,Average,77,1673.91,672,161,74,36,13,67,0.443,0.348,0.78,0.515,0.488,0.202,0.073,100.3,101.9,-1.6,1.1,0.014,0.087,0.08,0.051,23.5,-0.00852621703624055,-0.5844416180845338,-0.7232485956797376,-0.019132792632973034
202692,Alec Burks,UTA,2011-12,Scorer,Average,59,938.9033333333332,425,132,55,27,5,51,0.429,0.333,0.727,0.506,0.45,0.212,0.081,101.7,103.7,-1.9,1.08,0.059,0.081,0.1,0.069,21.700000000000003,-0.1649030083473938,-0.5420026865106163,-0.5708827971217854,-0.2990831861914651
200745,Andrea Bargnani,TOR,2011-12,Scorer,Very Good,31,1031.6916666666666,603,172,61,18,15,69,0.432,0.296,0.873,0.538,0.467,0.288,0.129,102.5,104.7,-2.3,0.88,0.026,0.148,0.113,0.089,20.700000000000003,0.7027792968683658,-0.4468950452226627,-0.20995456768156842,-0.3499154876550499
202726,Andrew Goudelock,LAL,2011-12,Scorer,Average,40,418.6016666666667,175,31,20,4,0,21,0.391,0.373,0.917,0.488,0.471,0.22,0.052,97.1,101.1,-4.0,0.95,0.012,0.061,0.085,0.037,24.30000000000001,-0.3895420364055117,-0.7550566828162142,-1.2465429718217478,-0.43521969865929505
1712,Antawn Jamison,CLE,2011-12,Scorer,Very Good,65,2150.99,1118,408,131,51,43,90,0.403,0.341,0.683,0.481,0.447,0.255,0.093,103.0,110.2,-7.2,1.46,0.053,0.139,0.11,0.094,15.200000000000003,0.5066955250270129,-0.2061696126637357,0.47994104958683853,-0.04785223137698943
201627,Anthony Morrow,NJN,2011-12,Scorer,Average,62,1636.3483333333334,747,127,61,46,9,70,0.413,0.371,0.933,0.531,0.494,0.208,0.077,102.0,106.2,-4.2,0.87,0.019,0.063,0.065,0.04,19.200000000000003,0.1809634244689267,-0.7165424052986897,-0.9535996648758404,-0.20863412197500464
201576,Anthony Randolph,MIN,2011-12,Scorer,Average,34,516.5483333333333,252,123,19,13,35,40,0.47,0.0,0.762,0.532,0.47,0.235,0.103,99.7,102.7,-3.0,0.48,0.081,0.147,0.066,0.115,22.700000000000003,0.027365255214198195,-0.8654717875019797,-0.00873910635947922,-0.08186367218615394
201167,Arron Afflalo,DEN,2011-12,Scorer,Very Good,62,2086.391666666667,943,197,149,36,13,85,0.471,0.398,0.798,0.584,0.534,0.186,0.091,106.3,105.2,1.1,1.75,0.02,0.076,0.115,0.048,20.200000000000003,0.46428742840429166,-0.11184690218706073,-0.6659459295818285,-0.21302322029633133
2732,Ben Gordon,DET,2011-12,Scorer,Average,52,1398.2483333333332,648,121,127,34,11,115,0.442,0.429,0.86,0.549,0.501,0.227,0.09,98.1,105.4,-7.3,1.1,0.01,0.086,0.172,0.046,20.0,0.351574491098809,0.12740612881177935,-0.8930820105497501,-0.2657318091890009
201575,Brandon Rush,GSW,2011-12,Scorer,Average,65,1717.513333333333,634,251,88,35,58,68,0.501,0.452,0.793,0.628,0.607,0.153,0.105,104.5,106.6,-2.1,1.29,0.02,0.126,0.081,0.075,18.80000000000001,0.2514480932972648,-0.5273082862368809,-0.17869281983753563,0.1496447518343172
201171,Carl Landry,NOH,2011-12,Scorer,Very Good,41,998.5533333333332,511,214,38,13,12,64,0.503,0.0,0.799,0.577,0.503,0.236,0.122,100.3,104.0,-3.7,0.59,0.085,0.148,0.071,0.116,21.400000000000006,0.4787524397062251,-0.7674693857029666,0.2454579990587413,-0.39094642182117517
2546,Carmelo Anthony,NYK,2011-12,Scorer,Very Good,55,1876.1816666666664,1245,344,200,62,24,144,0.43,0.335,0.804,0.525,0.463,0.311,0.146,104.1,101.5,2.5,1.39,0.047,0.139,0.209,0.093,23.900000000000006,1.2598000278698949,0.6038767687344104,0.2973851659275805,0.38505661781673634
201978,Chase Budinger,HOU,2011-12,Scorer,Average,58,1298.2333333333331,558,217,74,29,7,55,0.442,0.402,0.771,0.556,0.535,0.19,0.107,102.9,102.6,0.3,1.35,0.029,0.143,0.093,0.085,22.80000000000001,0.05583600428277422,-0.5114121247306098,-0.141511148635352,-0.19349538975424294
1894,Corey Maggette,CHA,2011-12,Scorer,Average,32,880.6366666666667,480,125,39,23,1,59,0.373,0.364,0.856,0.517,0.405,0.264,0.086,94.4,110.3,-15.9,0.66,0.022,0.12,0.082,0.069,15.100000000000009,0.31831814847034984,-0.7019955076965387,-0.5894564472074422,-0.7687793492837196
201568,Danilo Gallinari,DEN,2011-12,Scorer,Average,43,1351.1466666666668,628,202,116,42,23,68,0.414,0.328,0.871,0.563,0.479,0.207,0.111,108.5,100.7,7.8,1.71,0.023,0.128,0.131,0.078,24.700000000000003,0.2707873780139636,-0.1433942624655479,-0.2704894075230933,0.21471563508702704
101122,Danny Granger,IND,2011-12,Scorer,Very Good,62,2062.0866666666666,1159,307,109,62,40,110,0.416,0.381,0.873,0.542,0.481,0.252,0.117,107.7,100.6,7.0,0.99,0.039,0.108,0.091,0.074,24.80000000000001,0.8630708933909834,-0.39385823511860496,-0.0428432734569604,0.5998152494104494
201942,DeMar DeRozan,TOR,2011-12,Scorer,Very Good,63,2205.6116666666667,1054,211,128,48,17,123,0.422,0.261,0.81,0.503,0.435,0.25,0.081,101.1,103.6,-2.5,1.04,0.019,0.081,0.105,0.051,21.80000000000001,0.5497253795327788,-0.24529695330533668,-0.5905796664964738,0.0457904710549066
1717,Dirk Nowitzki,DAL,2011-12,Scorer,Elite,62,2079.155,1342,418,136,42,30,117,0.457,0.368,0.896,0.564,0.495,0.284,0.152,104.0,98.1,5.9,1.16,0.023,0.181,0.119,0.103,27.30000000000001,1.3550823704086372,-0.13721227603778935,0.6211317241656139,0.4383000382372419
2548,Dwyane Wade,MIA,2011-12,Scorer,Elite,49,1625.1366666666668,1082,237,225,82,63,129,0.497,0.268,0.791,0.559,0.506,0.305,0.166,108.2,97.8,10.4,1.74,0.05,0.098,0.251,0.076,27.60000000000001,1.292726090503328,0.9318104918593907,-0.2031004657041692,1.2042572703859633
202343,Elliot Williams,POR,2011-12,Scorer,Average,24,149.345,88,19,6,6,3,5,0.5,0.296,0.333,0.537,0.554,0.252,0.09,95.2,104.6,-9.4,1.2,0.049,0.078,0.077,0.064,20.80000000000001,0.06213270652104964,-0.8515135880082878,-0.9344128485993631,-0.5897859434467126
201814,Gary Forbes,TOR,2011-12,Scorer,Average,48,713.095,319,102,54,24,4,54,0.413,0.349,0.725,0.513,0.467,0.23,0.095,95.6,100.4,-4.8,1.0,0.039,0.105,0.144,0.072,25.0,-0.06955336453211057,-0.29850563109659656,-0.6122651917177029,-0.14639431134611522
202390,Gary Neal,SAS,2011-12,Scorer,Average,56,1205.8366666666666,557,118,117,27,2,60,0.436,0.419,0.781,0.542,0.522,0.213,0.089,109.8,104.3,5.5,1.95,0.011,0.088,0.15,0.051,21.10000000000001,0.14344043599480935,-0.03297915777978234,-0.8373438747773446,-0.36468838323038394
101123,Gerald Green,NJN,2011-12,Scorer,Average,31,781.4133333333333,400,108,34,28,17,55,0.481,0.391,0.754,0.574,0.548,0.227,0.096,101.9,101.8,0.1,0.62,0.019,0.119,0.077,0.069,23.60000000000001,0.3156679611000969,-0.7484822309828163,-0.634563883129752,-0.05567837262222771
201945,Gerald Henderson,CHA,2011-12,Scorer,Average,55,1831.0766666666664,830,225,126,49,20,100,0.459,0.234,0.76,0.511,0.467,0.224,0.09,94.8,108.8,-13.9,1.26,0.034,0.091,0.13,0.062,16.60000000000001,0.24359577477844518,-0.11221500257708245,-0.4132961689736766,-0.2190200842549774
101124,Hakim Warrick,PHX,2011-12,Scorer,Average,35,503.0266666666666,225,92,30,8,3,36,0.411,0.1,0.768,0.503,0.414,0.232,0.091,94.2,107.1,-12.9,0.83,0.061,0.124,0.111,0.092,18.30000000000001,-0.17987576200953667,-0.5722007828849835,-0.3840058914607497,-0.7159499051938453
200755,JJ Redick,ORL,2011-12,Scorer,Average,65,1764.493333333333,751,150,164,27,6,68,0.425,0.418,0.911,0.575,0.521,0.187,0.104,103.7,103.6,0.1,2.41,0.01,0.078,0.166,0.044,21.80000000000001,0.28168948975791946,0.22984878772879197,-0.8416133402328179,-0.2830902546834419
201935,James Harden,OKC,2011-12,Scorer,Very Good,62,1946.0533333333333,1044,252,229,62,15,137,0.491,0.39,0.846,0.66,0.582,0.213,0.139,113.3,103.5,9.8,1.67,0.017,0.109,0.19,0.067,21.900000000000006,1.169309237639388,0.6038524037187929,-0.2779566756913126,0.17649009169007854
201162,Jared Dudley,PHX,2011-12,Scorer,Average,65,2019.8666666666663,823,301,112,49,19,72,0.485,0.383,0.726,0.575,0.547,0.172,0.094,106.4,104.4,2.0,1.56,0.048,0.1,0.084,0.075,21.0,0.22380498187567077,-0.4221427344960107,-0.04602389065427176,0.029383021959760853
2207,Joe Johnson,ATL,2011-12,Scorer,Very Good,60,2126.5383333333334,1129,221,232,48,13,116,0.454,0.388,0.849,0.557,0.521,0.247,0.122,106.4,100.8,5.5,2.0,0.026,0.081,0.189,0.054,24.60000000000001,0.8905970581567301,0.6092738243508904,-0.5258269177457802,0.1698337051812235
202348,Jordan Crawford,WAS,2011-12,Scorer,Very Good,64,1752.763333333333,938,168,190,59,5,141,0.4,0.289,0.793,0.488,0.446,0.275,0.087,100.2,108.2,-8.0,1.35,0.024,0.073,0.188,0.048,17.200000000000003,0.5633211120247336,0.449109135477766,-0.7428939085081216,-0.2319156098882447
201142,Kevin Durant,OKC,2011-12,Scorer,Elite,66,2546.3083333333334,1850,527,231,88,77,248,0.496,0.387,0.86,0.61,0.547,0.303,0.186,109.1,101.9,7.2,0.93,0.017,0.177,0.17,0.103,23.5,2.12352185225611,0.49885871966512485,0.9103499897851292,1.1671757763558892
2755,Kevin Martin,HOU,2011-12,Scorer,Very Good,40,1263.5766666666666,682,106,110,28,3,70,0.413,0.347,0.894,0.554,0.486,0.242,0.106,103.7,104.3,-0.6,1.57,0.01,0.075,0.146,0.043,21.10000000000001,0.5144884667547595,-0.08120761037581914,-0.9711016522187703,-0.34420955628899946
202691,Klay Thompson,GSW,2011-12,Scorer,Very Good,66,1607.665,826,161,133,49,20,103,0.443,0.414,0.868,0.545,0.52,0.243,0.087,102.8,107.2,-4.4,1.29,0.015,0.086,0.142,0.051,18.200000000000003,0.574196569161583,-0.01904532330170793,-0.7232485956797376,-0.12501260417577365
977,Kobe Bryant,LAL,2011-12,Scorer,Elite,58,2232.175,1616,313,264,69,18,204,0.43,0.303,0.845,0.527,0.462,0.346,0.143,104.8,102.1,2.7,1.29,0.031,0.104,0.237,0.069,23.30000000000001,1.7949982261897919,0.9966713067417419,-0.09062127347837012,0.3616285693367836
200746,LaMarcus Aldridge,POR,2011-12,Scorer,Very Good,55,1994.385,1191,442,134,51,45,111,0.512,0.182,0.814,0.56,0.513,0.269,0.148,105.9,102.1,3.8,1.21,0.077,0.154,0.128,0.115,23.30000000000001,1.1135115059456668,-0.09401277866821078,0.8376886618297443,0.4482955645301269
2544,LeBron James,MIA,2011-12,Scorer,Elite,62,2326.215,1683,492,387,115,50,213,0.531,0.362,0.771,0.605,0.554,0.311,0.22,108.6,98.4,10.2,1.82,0.044,0.171,0.318,0.111,27.0,2.033066156163053,1.9043032595176443,0.9193989737942869,1.3794024102806122
2571,Leandro Barbosa,IND,2011-12,Scorer,Average,64,1381.685,708,128,96,56,7,94,0.425,0.382,0.815,0.512,0.476,0.249,0.088,100.3,102.9,-2.7,1.02,0.023,0.07,0.135,0.046,22.5,0.34434519292135546,-0.1945174755726443,-0.8745083604640933,0.06863500706532794
101132,Linas Kleiza,TOR,2011-12,Scorer,Average,49,1057.0633333333333,473,199,46,23,4,64,0.402,0.346,0.81,0.521,0.478,0.223,0.093,99.4,100.1,-0.8,0.72,0.042,0.144,0.081,0.095,25.30000000000001,0.03600048612083092,-0.6818553217750881,-0.0618754200945241,-0.13912927176957565
202337,Luke Babbitt,POR,2011-12,Scorer,Average,40,536.7,202,95,16,10,4,27,0.41,0.43,0.85,0.556,0.535,0.17,0.075,97.6,111.7,-14.1,0.59,0.029,0.151,0.052,0.088,13.700000000000003,-0.3473026566913086,-0.9551580081578358,-0.4270043729284751,-0.9553812205418611
1938,Manu Ginobili,SAS,2011-12,Scorer,Very Good,34,792.285,440,116,151,24,12,64,0.526,0.413,0.871,0.668,0.618,0.217,0.148,117.5,102.7,14.8,2.36,0.026,0.119,0.27,0.076,22.700000000000003,0.8087575007669497,0.7662487473697864,-0.5241592743276677,-0.20059035193539074
202705,MarShon Brooks,NJN,2011-12,Scorer,Average,56,1648.3066666666666,708,200,131,52,15,118,0.428,0.313,0.764,0.502,0.465,0.224,0.078,99.0,109.4,-10.3,1.11,0.042,0.085,0.147,0.063,16.0,0.10415777928715038,0.0016835607282017079,-0.4668909792606283,-0.27377612048510624
201158,Marco Belinelli,NOH,2011-12,Scorer,Average,66,1965.7033333333331,780,172,101,48,5,69,0.417,0.377,0.783,0.525,0.495,0.192,0.076,98.8,105.4,-6.6,1.46,0.01,0.081,0.088,0.046,20.0,0.05332840897036134,-0.44014872570206276,-0.757759702782821,-0.181377512071069
201977,Marcus Thornton,SAC,2011-12,Scorer,Very Good,51,1779.7283333333332,952,188,98,71,12,84,0.438,0.345,0.865,0.544,0.505,0.224,0.096,103.8,108.7,-4.9,1.17,0.043,0.061,0.091,0.051,16.700000000000003,0.5202546391315271,-0.4343348396643259,-0.6516073739207752,-0.06613434413174507
201563,Michael Beasley,MIN,2011-12,Scorer,Average,47,1087.1633333333334,541,207,45,18,19,80,0.445,0.376,0.642,0.502,0.483,0.249,0.094,99.4,103.1,-3.7,0.56,0.034,0.148,0.077,0.091,22.30000000000001,0.16673795930071886,-0.7080056264370953,-0.0916070086439231,-0.21543815156355517
2072,Michael Redd,PHX,2011-12,Scorer,Average,51,770.12,418,77,33,13,0,37,0.4,0.318,0.793,0.511,0.458,0.255,0.09,100.4,108.3,-8.0,0.89,0.018,0.087,0.078,0.051,17.10000000000001,0.17341735891008891,-0.7465442689702373,-0.946132396707621,-0.7650010925709063
2399,Mike Dunleavy,MIL,2011-12,Scorer,Average,55,1444.7116666666666,677,204,117,28,8,58,0.474,0.399,0.811,0.597,0.557,0.186,0.121,105.3,99.6,5.7,2.02,0.019,0.116,0.132,0.067,25.80000000000001,0.3467897832039797,-0.1340969178082924,-0.4053188477072459,-0.01747526354097458
201156,Nick Young,LAC,2011-12,Scorer,Very Good,62,1729.1766666666667,879,133,56,44,17,83,0.403,0.365,0.852,0.512,0.469,0.237,0.071,99.5,105.9,-6.4,0.67,0.017,0.06,0.057,0.038,19.5,0.37981587547101,-0.779882088589719,-0.9631587019832093,-0.13079073331219773
201587,Nicolas Batum,POR,2011-12,Scorer,Very Good,59,1790.9,818,271,84,57,60,90,0.451,0.391,0.836,0.575,0.534,0.202,0.107,104.8,106.2,-1.5,0.93,0.046,0.113,0.079,0.079,19.200000000000003,0.43981369914729385,-0.5532623581960684,-0.07466663094550886,0.4213315345031254
1718,Paul Pierce,BOS,2011-12,Scorer,Very Good,61,2074.5716666666667,1181,317,274,70,26,173,0.443,0.366,0.852,0.567,0.499,0.272,0.142,102.4,97.7,4.7,1.58,0.02,0.134,0.233,0.08,27.700000000000003,1.1682842162396434,1.0109976066254558,0.06012843820777421,0.7114502145174866
951,Ray Allen,BOS,2011-12,Scorer,Average,46,1564.98,655,142,109,49,8,68,0.458,0.453,0.915,0.607,0.566,0.178,0.103,101.8,99.2,2.7,1.6,0.01,0.082,0.116,0.048,26.200000000000003,0.32953601221748624,-0.2534169017456742,-0.8118817516834188,0.22361522818337654
2427,Roger Mason Jr.,WAS,2011-12,Scorer,Average,52,696.525,286,69,47,13,5,32,0.399,0.383,0.778,0.53,0.514,0.192,0.087,100.9,101.3,-0.4,1.47,0.01,0.091,0.114,0.049,24.10000000000001,-0.2743314822795006,-0.49279307040048126,-0.9928387339863036,-0.3031310472090258
200769,Shannon Brown,PHX,2011-12,Scorer,Average,59,1399.9033333333334,650,157,69,44,15,64,0.42,0.362,0.808,0.507,0.477,0.221,0.086,102.4,105.1,-2.8,1.08,0.026,0.083,0.083,0.055,20.30000000000001,0.06895737606806289,-0.5859871146914735,-0.6829034927956775,-0.10402192127874006
200779,Steve Novak,NYK,2011-12,Scorer,Very Good,54,1020.4233333333332,477,104,12,16,9,21,0.478,0.472,0.846,0.684,0.675,0.159,0.112,105.8,98.3,7.6,0.57,0.009,0.097,0.02,0.052,27.10000000000001,0.5023326307496329,-1.1496416801645402,-0.8617515206439781,-0.055313077233292075
101144,Von Wafer,ORL,2011-12,Scorer,Average,33,468.98,194,45,29,10,3,35,0.452,0.359,0.704,0.537,0.497,0.214,0.078,96.6,102.1,-5.5,0.83,0.013,0.09,0.122,0.051,23.30000000000001,-0.13960382516298067,-0.5140862875232323,-1.03104051138491,-0.4014538040697085
2584,Willie Green,ATL,2011-12,Scorer,Average,53,922.235,404,80,40,23,6,33,0.471,0.442,0.857,0.578,0.548,0.191,0.088,98.1,102.5,-4.4,1.21,0.017,0.073,0.083,0.045,22.900000000000006,0.07788534732103546,-0.6926981630392832,-1.014610186784707,-0.259905563882237
101187,Alan Anderson,TOR,2012-13,Scorer,Average,65,1495.0116666666668,693,148,103,48,7,80,0.383,0.333,0.857,0.509,0.46,0.231,0.079,104.0,106.9,-2.8,1.29,0.023,0.084,0.125,0.052,18.5,0.18460667317995147,-0.22493616966544877,-0.7450028629627059,-0.24927459663917775
2405,Amar'e Stoudemire,NYK,2012-13,Scorer,Very Good,29,681.9416666666667,413,145,13,10,21,50,0.577,0.0,0.808,0.637,0.577,0.254,0.129,107.6,104.9,2.7,0.26,0.092,0.139,0.037,0.115,20.5,0.8829006937116025,-1.050461882148609,0.04963522248115687,-0.38385254215301096
200745,Andrea Bargnani,TOR,2012-13,Scorer,Average,35,1002.5066666666668,443,128,38,21,23,54,0.399,0.309,0.844,0.482,0.444,0.23,0.07,102.6,108.5,-5.9,0.7,0.026,0.107,0.064,0.065,16.900000000000006,-0.15737451928038235,-0.8067929590473871,-0.6324549286751676,-0.46115945200364344
203094,Andrew Nicholson,ORL,2012-13,Scorer,Average,75,1249.4083333333333,587,258,44,24,32,79,0.527,0.0,0.798,0.557,0.527,0.216,0.101,96.6,103.0,-6.4,0.56,0.056,0.153,0.062,0.104,22.400000000000006,0.27279939317761975,-0.795950117783192,0.20933080508384985,-0.015867474388790808
201627,Anthony Morrow,DAL,2012-13,Scorer,Average,41,383.045,164,30,13,13,1,8,0.441,0.372,0.909,0.53,0.497,0.186,0.065,97.8,105.7,-7.9,1.63,0.029,0.056,0.058,0.042,19.700000000000003,-0.40623454433365574,-0.9324911621153472,-1.1854980788820115,-0.6021214734391275
201167,Arron Afflalo,ORL,2012-13,Scorer,Very Good,64,2306.65,1057,239,206,40,11,138,0.439,0.3,0.857,0.527,0.478,0.224,0.087,101.5,109.2,-7.6,1.49,0.013,0.095,0.146,0.054,16.200000000000003,0.49877716151688495,0.27204275656865456,-0.47806610323980514,-0.42683139674723886
2732,Ben Gordon,CHA,2012-13,Scorer,Very Good,75,1559.993333333333,840,130,141,35,16,136,0.408,0.387,0.843,0.515,0.482,0.265,0.076,97.9,113.5,-15.6,1.04,0.011,0.076,0.18,0.042,11.900000000000006,0.5738171735436776,0.22386303400385293,-0.9201602205154839,-0.6806959941362969
201572,Brook Lopez,BKN,2012-13,Scorer,Elite,74,2253.3716666666664,1437,512,70,33,154,131,0.521,0.0,0.758,0.567,0.521,0.282,0.148,108.7,102.5,6.1,0.53,0.096,0.138,0.061,0.117,22.900000000000006,1.4261031633997476,-0.7058957967373143,1.0489044712956743,1.3410927379556157
101139,CJ Miles,CLE,2012-13,Scorer,Very Good,65,1363.9233333333334,729,174,63,49,17,69,0.415,0.384,0.869,0.551,0.518,0.234,0.096,102.2,105.5,-3.3,0.91,0.017,0.114,0.083,0.064,19.900000000000006,0.472666001422508,-0.6080652626255031,-0.5231391681312452,-0.055482048600836685
2546,Carmelo Anthony,NYK,2012-13,Scorer,Elite,67,2481.853333333333,1920,460,171,52,32,175,0.449,0.379,0.83,0.56,0.502,0.349,0.151,112.0,105.8,6.2,0.98,0.055,0.142,0.137,0.097,19.60000000000001,2.22486764230637,0.09269468027256023,0.6561356988514739,0.10973759774533637
2406,Caron Butler,LAC,2012-13,Scorer,Average,78,1879.3666666666663,813,223,78,51,11,72,0.424,0.388,0.833,0.535,0.513,0.199,0.075,111.3,104.6,6.8,1.08,0.023,0.105,0.063,0.064,20.80000000000001,0.18554506019277095,-0.6652229594887736,-0.3931236175316466,-0.0425848991980953
202718,Chandler Parsons,HOU,2012-13,Scorer,Very Good,76,2758.3766666666666,1177,404,269,75,32,147,0.486,0.385,0.729,0.584,0.567,0.182,0.107,107.0,104.1,2.9,1.83,0.029,0.117,0.157,0.073,21.30000000000001,0.6037543501661279,0.5656574965600549,0.20179479485389115,0.44793189291066543
1497,Chauncey Billups,LAC,2012-13,Scorer,Average,22,418.3,184,32,49,12,1,26,0.402,0.367,0.938,0.601,0.527,0.194,0.095,113.2,107.9,5.2,1.88,0.005,0.085,0.168,0.044,17.5,0.07269736119795663,-0.18208040767027434,-1.1547120131053203,-0.7417431214863451
203142,Chris Copeland,NYK,2012-13,Scorer,Very Good,56,861.6216666666667,486,119,27,16,12,50,0.479,0.421,0.759,0.583,0.557,0.25,0.09,108.2,103.8,4.4,0.54,0.041,0.104,0.055,0.073,21.60000000000001,0.5975156825297614,-0.8978284436073631,-0.5544181014907128,-0.34811139799633867
202419,Chris Johnson,MIN,2012-13,Scorer,Average,30,284.215,117,60,8,7,28,13,0.64,0.0,0.618,0.65,0.64,0.165,0.091,106.6,110.2,-3.5,0.62,0.076,0.137,0.042,0.108,15.200000000000003,0.09224567683399328,-1.040772072085714,-0.26507953726315386,-0.6555141607088025
201568,Danilo Gallinari,DEN,2012-13,Scorer,Very Good,71,2308.5783333333334,1149,367,176,64,36,111,0.418,0.373,0.822,0.561,0.495,0.21,0.113,110.3,103.0,7.3,1.59,0.028,0.13,0.113,0.08,22.400000000000006,0.6570323452206251,-0.023730543153761968,0.19279736739103803,0.4390568991559767
201942,DeMar DeRozan,TOR,2012-13,Scorer,Very Good,82,3013.0466666666666,1485,320,204,76,24,151,0.445,0.283,0.831,0.523,0.459,0.238,0.1,103.4,105.1,-1.7,1.35,0.016,0.095,0.12,0.055,20.30000000000001,0.887045508377467,0.1186243872161301,-0.2504027836582373,0.3185988687748946
203079,Dion Waiters,CLE,2012-13,Scorer,Very Good,61,1756.305,894,149,183,59,16,121,0.412,0.31,0.746,0.492,0.451,0.258,0.083,105.4,109.8,-4.3,1.51,0.012,0.081,0.178,0.044,15.600000000000009,0.43001250874621677,0.3671747628722257,-0.8442667188164831,-0.2146309859336507
1717,Dirk Nowitzki,DAL,2012-13,Scorer,Very Good,53,1661.3983333333333,917,363,132,38,37,70,0.471,0.414,0.86,0.564,0.516,0.24,0.144,103.8,103.1,0.8,1.89,0.023,0.199,0.132,0.113,22.30000000000001,0.7264928636027225,-0.07890154797321838,0.6025924451108267,0.17390345925798897
202700,Donatas Motiejunas,HOU,2012-13,Scorer,Average,44,537.5083333333333,250,93,31,7,10,37,0.455,0.289,0.627,0.531,0.512,0.22,0.062,107.9,104.1,3.8,0.84,0.069,0.105,0.091,0.087,21.30000000000001,-0.08960180981686428,-0.6808741582609898,-0.4450507844004859,-0.4792249949621417
2548,Dwyane Wade,MIA,2012-13,Scorer,Elite,69,2390.5516666666667,1463,344,352,128,56,194,0.521,0.258,0.725,0.571,0.528,0.288,0.153,113.1,100.9,12.3,1.81,0.042,0.112,0.248,0.079,24.5,1.5116460728204306,1.382278329791599,0.11903000566205638,1.427918224873346
201569,Eric Gordon,NOH,2012-13,Scorer,Very Good,42,1263.8,713,77,137,45,8,117,0.402,0.324,0.842,0.523,0.45,0.281,0.086,106.7,108.2,-1.5,1.17,0.008,0.058,0.183,0.032,17.200000000000003,0.6450992618670337,0.22599722871925157,-1.1881858284965465,-0.3466222990153942
203095,Evan Fournier,DEN,2012-13,Scorer,Average,38,428.27,202,35,44,19,1,32,0.493,0.407,0.769,0.597,0.566,0.198,0.075,106.9,100.2,6.6,1.38,0.014,0.06,0.153,0.039,25.200000000000003,0.09208982541571938,-0.2847436643057242,-1.2104501488777262,-0.21680258303699182
202390,Gary Neal,SAS,2012-13,Scorer,Average,68,1483.8333333333333,645,143,129,30,2,69,0.412,0.355,0.865,0.512,0.487,0.211,0.077,105.1,101.2,3.9,1.87,0.009,0.085,0.137,0.049,24.200000000000003,0.020734491779021313,-0.061852355265647016,-0.7964887187950731,-0.15146480176199043
201945,Gerald Henderson,CHA,2012-13,Scorer,Very Good,68,2133.2716666666665,1055,250,177,68,34,108,0.447,0.33,0.824,0.531,0.466,0.232,0.103,100.1,110.1,-10.0,1.64,0.025,0.097,0.152,0.06,15.300000000000011,0.5787688649784783,0.1990376282303482,-0.37244101299140536,0.04310923005161149
202330,Gordon Hayward,UTA,2012-13,Scorer,Very Good,72,2104.201666666667,1017,225,213,58,38,120,0.435,0.415,0.827,0.564,0.501,0.211,0.109,106.7,104.2,2.5,1.78,0.025,0.087,0.163,0.056,21.200000000000003,0.5863137769075023,0.3933007025186154,-0.48973409480175845,0.3266180394728469
2747,JR Smith,NYK,2012-13,Scorer,Very Good,80,2677.943333333333,1446,425,218,100,24,134,0.422,0.356,0.762,0.522,0.484,0.26,0.119,109.0,103.3,5.7,1.63,0.024,0.142,0.147,0.082,22.10000000000001,1.0142537692538063,0.32181670577163096,0.3721726338529847,0.6730299943834855
2037,Jamal Crawford,LAC,2012-13,Scorer,Very Good,76,2230.32,1255,128,193,79,13,146,0.438,0.376,0.871,0.558,0.511,0.252,0.116,108.0,100.2,7.8,1.32,0.01,0.047,0.148,0.029,25.200000000000003,1.023781770075945,0.23544207604809153,-1.0910824836436583,0.5262887612985946
201935,James Harden,HOU,2012-13,Scorer,Elite,78,2984.518333333333,2023,379,455,142,38,295,0.438,0.368,0.851,0.6,0.504,0.285,0.149,108.8,105.9,2.9,1.54,0.021,0.105,0.257,0.064,19.5,2.0593365782574007,1.8118454160066957,0.02080344152013669,1.097089578706895
201162,Jared Dudley,PHX,2012-13,Scorer,Average,79,2169.9733333333334,861,245,203,75,8,101,0.468,0.391,0.796,0.582,0.547,0.17,0.098,100.3,103.5,-3.2,2.01,0.035,0.079,0.147,0.057,21.900000000000006,0.27659043056984106,0.26662133593655696,-0.42392686882377256,0.24036556186662605
201160,Jason Smith,NOH,2012-13,Scorer,Average,51,875.635,420,186,34,15,45,55,0.49,0.0,0.843,0.544,0.49,0.234,0.102,100.7,103.9,-3.2,0.62,0.077,0.144,0.072,0.111,21.5,0.20980822810735145,-0.7765704976574024,0.107465127192712,-0.03047191633820806
203087,Jeremy Lamb,OKC,2012-13,Scorer,Average,23,146.59166666666667,71,18,5,2,2,6,0.353,0.3,1.0,0.479,0.419,0.238,0.064,93.4,110.1,-16.7,0.83,0.032,0.088,0.063,0.06,15.300000000000011,-0.38423067396800814,-0.9338404260194673,-0.9880248444017496,-0.9644995719752969
202690,Jimmer Fredette,SAC,2012-13,Scorer,Average,69,966.5166666666668,494,71,92,31,3,68,0.421,0.417,0.859,0.546,0.5,0.229,0.084,106.9,110.8,-3.9,1.35,0.019,0.056,0.154,0.037,14.600000000000009,0.23800591113704775,-0.1025008274985701,-1.1404078284751367,-0.6950308552958303
203098,John Jenkins,ATL,2012-13,Scorer,Average,61,901.8283333333334,374,94,56,12,10,40,0.446,0.384,0.843,0.576,0.536,0.176,0.092,97.2,104.6,-7.4,1.4,0.019,0.086,0.105,0.052,20.80000000000001,-0.06499142400036799,-0.5102347285136919,-0.8882853064806309,-0.45679551779533334
201142,Kevin Durant,OKC,2012-13,Scorer,Elite,81,3118.8166666666666,2280,640,374,116,105,280,0.51,0.416,0.905,0.647,0.559,0.295,0.202,113.1,100.9,12.2,1.34,0.017,0.179,0.213,0.106,24.5,2.5866008758702117,1.266613672160938,1.2484007326533464,1.7993376057641566
2755,Kevin Martin,OKC,2012-13,Scorer,Very Good,77,2136.2466666666664,1077,178,106,72,8,101,0.45,0.426,0.89,0.608,0.551,0.206,0.098,112.9,102.2,10.7,1.05,0.017,0.066,0.081,0.044,23.200000000000003,0.8445518954014428,-0.46107384243479205,-0.7673187398901901,0.2856625506160434
203114,Khris Middleton,DET,2012-13,Scorer,Average,27,475.41833333333335,165,50,28,15,4,11,0.44,0.311,0.844,0.532,0.489,0.156,0.063,110.2,107.9,2.3,2.55,0.009,0.109,0.085,0.058,17.5,-0.6136927849269533,-0.725619152237508,-0.9285960383338213,-0.6803066406621917
202691,Klay Thompson,GSW,2012-13,Scorer,Very Good,82,2935.943333333333,1359,306,183,86,45,157,0.422,0.401,0.841,0.533,0.509,0.216,0.076,106.0,104.2,1.8,1.17,0.011,0.089,0.099,0.051,21.200000000000003,0.6923054995928183,-0.0766198505862353,-0.33850870104827246,0.6875584497670887
977,Kobe Bryant,LAL,2012-13,Scorer,Elite,78,3012.613333333333,2133,433,469,106,25,287,0.463,0.324,0.839,0.57,0.504,0.313,0.156,108.5,106.6,1.9,1.63,0.022,0.116,0.286,0.071,18.80000000000001,2.1721103724692967,2.026273041232031,0.25326346517082365,0.5514252083530714
101132,Linas Kleiza,TOR,2012-13,Scorer,Average,20,375.965,148,52,16,4,2,14,0.333,0.303,0.842,0.46,0.403,0.217,0.049,102.3,108.8,-6.5,1.14,0.026,0.117,0.077,0.07,16.60000000000001,-0.591065517426672,-0.8147166747849051,-0.7704134295103272,-0.8673957685343199
201977,Marcus Thornton,SAC,2012-13,Scorer,Very Good,72,1726.4066666666668,916,181,91,61,4,68,0.429,0.372,0.881,0.552,0.52,0.228,0.098,102.9,111.2,-8.3,1.34,0.028,0.08,0.092,0.053,14.200000000000003,0.5693154954680627,-0.4544750255857765,-0.6447017153970716,-0.39757437316320104
101110,Martell Webster,WAS,2012-13,Scorer,Average,76,2200.0866666666666,869,294,143,49,17,90,0.442,0.422,0.848,0.601,0.551,0.166,0.095,100.4,100.8,-0.4,1.59,0.024,0.11,0.105,0.067,24.60000000000001,0.36171088161504966,-0.19010158347026265,-0.16651477517737098,0.2206649241318255
201563,Michael Beasley,PHX,2012-13,Scorer,Average,75,1554.0566666666666,759,282,111,31,34,144,0.405,0.313,0.746,0.462,0.434,0.27,0.08,97.5,109.0,-11.5,0.77,0.033,0.153,0.125,0.092,16.400000000000006,0.2489771016607425,-0.19549863908674264,0.12013603943565299,-0.2756310561114776
201156,Nick Young,PHI,2012-13,Scorer,Average,59,1411.285,628,130,84,36,14,50,0.413,0.357,0.82,0.525,0.482,0.205,0.085,98.1,102.5,-4.4,1.68,0.016,0.075,0.099,0.045,22.900000000000006,0.0388800381874578,-0.4409092914977238,-0.881941257601443,-0.04426813365960173
201988,Patty Mills,SAS,2012-13,Scorer,Average,58,656.3833333333333,294,50,62,26,4,39,0.469,0.4,0.842,0.59,0.577,0.193,0.082,105.8,103.3,2.4,1.59,0.015,0.062,0.147,0.04,22.10000000000001,0.08181036339295251,-0.25221514051313876,-1.1579098158180667,-0.29606014311304824
200751,Randy Foye,UTA,2012-13,Scorer,Average,82,2248.9066666666668,882,127,167,66,27,92,0.397,0.41,0.819,0.55,0.518,0.18,0.062,104.2,106.4,-2.2,1.82,0.008,0.052,0.116,0.03,19.0,0.18197822029666766,-0.03999480505005468,-1.0809962079226434,0.1689565538366388
951,Ray Allen,MIA,2012-13,Scorer,Very Good,79,2035.2516666666668,863,217,135,67,15,103,0.449,0.419,0.886,0.599,0.555,0.185,0.096,108.6,104.8,3.8,1.31,0.022,0.09,0.107,0.057,20.60000000000001,0.48503807484209505,-0.20830380737913434,-0.4982214691664003,0.15191582881728505
2427,Roger Mason Jr.,NOH,2012-13,Scorer,Average,69,1218.5083333333334,369,132,74,26,11,51,0.433,0.415,0.907,0.57,0.541,0.137,0.064,106.6,108.3,-1.7,1.45,0.01,0.107,0.091,0.058,17.10000000000001,-0.38840118638354265,-0.5226474314004443,-0.7110189944732686,-0.5190112703390534
200769,Shannon Brown,PHX,2012-13,Scorer,Average,59,1401.993333333333,617,149,108,59,15,74,0.42,0.277,0.784,0.493,0.454,0.217,0.083,100.4,107.5,-7.1,1.46,0.031,0.078,0.127,0.054,17.900000000000006,-0.06416797377162926,-0.195302406383923,-0.71687017576968,-0.08961269732286752
200779,Steve Novak,NYK,2012-13,Scorer,Average,81,1640.6916666666666,535,152,35,28,8,12,0.414,0.425,0.909,0.602,0.587,0.126,0.07,108.9,102.7,6.2,2.92,0.011,0.089,0.032,0.049,22.700000000000003,-0.16625460794569644,-0.9975969397317532,-0.7726083115420856,-0.19961475619443303
2566,Travis Outlaw,SAC,2012-13,Scorer,Average,38,443.79333333333335,200,61,21,11,8,19,0.418,0.28,0.731,0.5,0.458,0.216,0.078,104.3,107.4,-3.1,1.11,0.036,0.095,0.079,0.065,18.0,-0.33218480693932334,-0.7850829115033793,-0.8102312937807412,-0.6519048988783981
201936,Tyreke Evans,SAC,2012-13,Scorer,Very Good,65,2016.0633333333333,987,287,229,90,27,128,0.478,0.338,0.775,0.558,0.508,0.223,0.118,104.5,109.6,-5.1,1.79,0.028,0.121,0.19,0.073,15.800000000000011,0.6182198765129391,0.6038524037187929,-0.10865049943494627,0.22961430419771775
203139,Viacheslav Kravtsov,DET,2012-13,Scorer,Average,25,223.7133333333333,77,45,9,5,9,14,0.717,0.0,0.297,0.618,0.717,0.15,0.057,100.7,105.1,-4.4,0.64,0.108,0.099,0.062,0.103,20.30000000000001,-0.22936866988170354,-0.9247393140650313,-0.36857848754153455,-0.5688198598913407
1713,Vince Carter,DAL,2012-13,Scorer,Very Good,81,2092.75,1088,334,194,74,44,106,0.435,0.406,0.816,0.571,0.53,0.223,0.113,106.6,101.3,5.4,1.83,0.029,0.127,0.148,0.079,24.10000000000001,0.7653838892487063,0.23912176737042978,0.0924962198254036,0.7234931881478307
202325,Wesley Johnson,PHX,2012-13,Scorer,Average,50,952.5833333333334,399,123,34,22,18,48,0.407,0.323,0.771,0.485,0.47,0.206,0.069,95.2,106.7,-11.6,0.71,0.021,0.107,0.061,0.063,18.700000000000003,-0.34764403321184245,-0.8383646843414919,-0.6712011302028547,-0.3956269939915897
202083,Wesley Matthews,POR,2012-13,Scorer,Very Good,69,2402.6383333333333,1022,191,174,90,18,109,0.436,0.398,0.797,0.574,0.54,0.188,0.079,106.7,108.8,-2.1,1.6,0.015,0.068,0.115,0.041,16.60000000000001,0.47872379611199306,-0.019854619128604034,-0.7710437812165822,0.18556086820966697
2584,Willie Green,LAC,2012-13,Scorer,Average,72,1187.7816666666668,450,97,55,29,12,31,0.461,0.428,0.719,0.562,0.553,0.166,0.067,107.7,104.1,3.6,1.77,0.015,0.074,0.07,0.044,21.30000000000001,-0.16343443267014246,-0.7105322865581332,-0.9822424051670775,-0.23104008231313408
201163,Wilson Chandler,DEN,2012-13,Scorer,Average,43,1079.361666666667,560,218,58,45,12,60,0.462,0.413,0.793,0.556,0.519,0.224,0.106,109.4,100.9,8.5,0.97,0.043,0.151,0.082,0.099,24.5,0.3061746923336923,-0.6320813725721116,0.0394973902138374,0.12275668485826441
1733,Al Harrington,WAS,2013-14,Scorer,Average,34,511.365,225,80,28,14,0,34,0.396,0.34,0.771,0.506,0.478,0.225,0.061,106.8,102.1,4.7,0.82,0.032,0.138,0.089,0.085,23.30000000000001,-0.21396652785218226,-0.7031485388978391,-0.505024014597495,-0.39036074432567824
201143,Al Horford,ATL,2013-14,Scorer,Very Good,29,957.73,538,244,76,27,44,64,0.567,0.364,0.682,0.588,0.571,0.244,0.153,104.3,101.1,3.1,1.19,0.072,0.189,0.139,0.131,24.30000000000001,0.6196802156053122,-0.24564068867974073,0.5161541711389042,0.24826006505707046
202692,Alec Burks,UTA,2013-14,Scorer,Very Good,78,2193.108333333333,1089,257,212,69,14,149,0.457,0.35,0.748,0.547,0.487,0.232,0.101,101.5,108.1,-6.6,1.42,0.027,0.095,0.168,0.06,17.30000000000001,0.6947685078976716,0.41770927787086326,-0.3538673629057484,-0.031369336972521866
2405,Amar'e Stoudemire,NYK,2013-14,Scorer,Very Good,65,1466.185,772,320,34,23,37,91,0.557,0.0,0.739,0.596,0.557,0.236,0.12,103.6,109.8,-6.2,0.37,0.08,0.155,0.044,0.117,15.600000000000009,0.7756054987303903,-0.9338647910350848,0.539455783231941,-0.3751733076483574
200745,Andrea Bargnani,NYK,2013-14,Scorer,Average,42,1257.12,558,222,45,14,52,58,0.442,0.278,0.824,0.51,0.472,0.22,0.089,101.6,107.7,-6.1,0.78,0.053,0.137,0.063,0.092,17.700000000000003,0.012443800894501441,-0.7866527731259365,-0.03906667558426364,-0.19327879644312188
201627,Anthony Morrow,NOP,2013-14,Scorer,Average,76,1425.753333333333,636,140,59,38,12,51,0.458,0.451,0.828,0.57,0.542,0.188,0.087,105.5,104.3,1.2,1.16,0.02,0.081,0.069,0.05,21.10000000000001,0.1774901636632025,-0.7014311746036973,-0.7917092002413887,-0.14953875087822735
201167,Arron Afflalo,ORL,2013-14,Scorer,Very Good,73,2552.3416666666667,1330,262,248,35,3,146,0.459,0.427,0.815,0.574,0.522,0.228,0.106,100.7,108.0,-7.4,1.7,0.013,0.092,0.169,0.052,17.400000000000006,0.9936569496509592,0.5557958188099581,-0.4425177044248643,-0.48907231340397556
202340,Avery Bradley,BOS,2013-14,Scorer,Average,60,1855.095,891,226,85,63,11,96,0.438,0.395,0.804,0.51,0.485,0.231,0.082,102.1,104.2,-2.1,0.89,0.025,0.097,0.079,0.061,21.200000000000003,0.333111697860302,-0.5495826668737301,-0.42338244469469166,0.10525332608144844
203078,Bradley Beal,WAS,2013-14,Scorer,Very Good,73,2530.018333333333,1249,273,243,71,18,128,0.419,0.402,0.788,0.507,0.479,0.24,0.095,104.8,102.7,2.0,1.9,0.022,0.09,0.155,0.056,22.700000000000003,0.6400147453823507,0.4587502155094255,-0.3623719227858251,0.3470984901837055
201148,Brandan Wright,DAL,2013-14,Scorer,Very Good,58,1077.385,525,244,31,32,55,35,0.677,0.0,0.726,0.695,0.677,0.172,0.137,111.5,106.2,5.3,0.89,0.103,0.139,0.046,0.121,19.200000000000003,0.6950069445362356,-0.9336685583322651,0.388757628092101,0.11171014102996431
203468,CJ McCollum,POR,2013-14,Scorer,Average,38,475.74,201,48,27,14,2,35,0.416,0.375,0.676,0.521,0.5,0.201,0.054,102.3,104.3,-2.1,0.77,0.013,0.081,0.089,0.047,21.10000000000001,-0.3212026287186298,-0.7068282302201774,-1.074038992852635,-0.4993861014284391
101139,CJ Miles,CLE,2013-14,Scorer,Average,51,984.1233333333332,503,103,52,46,15,44,0.435,0.393,0.853,0.569,0.537,0.213,0.092,104.7,102.8,1.9,1.18,0.017,0.089,0.088,0.052,22.60000000000001,0.25887187115219845,-0.6204536004966379,-0.8644048992276434,0.051836557211739555
2546,Carmelo Anthony,NYK,2013-14,Scorer,Elite,77,2981.7316666666666,2112,622,242,95,51,198,0.452,0.402,0.848,0.561,0.503,0.318,0.162,108.3,107.1,1.3,1.22,0.049,0.171,0.156,0.108,18.30000000000001,2.1421108294019944,0.4606881775220045,1.226119226756732,0.6711269425867744
2406,Caron Butler,OKC,2013-14,Scorer,Average,56,1419.05,587,229,82,47,17,60,0.394,0.394,0.84,0.512,0.485,0.2,0.086,102.5,107.8,-5.3,1.37,0.015,0.149,0.099,0.082,17.60000000000001,-0.10161744896764564,-0.44826867414240035,-0.14788956854540958,-0.21134052709131632
101111,Charlie Villanueva,DET,2013-14,Scorer,Average,20,179.67666666666668,92,34,6,4,5,7,0.38,0.25,0.571,0.469,0.457,0.246,0.081,95.3,116.6,-21.3,0.86,0.026,0.163,0.063,0.085,8.800000000000011,-0.36769805191322064,-0.930160734697129,-0.6270794294460977,-1.2953298419112222
203142,Chris Copeland,IND,2013-14,Scorer,Very Good,41,264.61,153,32,18,3,7,14,0.47,0.418,0.714,0.621,0.611,0.228,0.097,103.6,107.3,-3.7,1.29,0.027,0.098,0.124,0.062,18.10000000000001,0.41358885855406796,-0.5433275853991187,-0.925398235621075,-0.7390377988830155
201942,DeMar DeRozan,TOR,2013-14,Scorer,Elite,79,3016.6266666666666,1791,343,313,86,28,176,0.429,0.305,0.824,0.532,0.452,0.278,0.128,107.7,104.6,3.1,1.78,0.017,0.099,0.189,0.058,20.80000000000001,1.4519941898761914,0.90732882146029,-0.15115611331989504,0.49205969169505526
203079,Dion Waiters,CLE,2013-14,Scorer,Very Good,70,2072.03,1113,195,209,63,17,154,0.433,0.368,0.685,0.508,0.479,0.264,0.091,102.7,104.6,-1.9,1.36,0.015,0.079,0.183,0.046,20.80000000000001,0.7233475964170394,0.49093500392760686,-0.6967319953585196,0.14245624008008306
1717,Dirk Nowitzki,DAL,2013-14,Scorer,Elite,80,2628.068333333333,1735,498,216,73,45,117,0.497,0.398,0.899,0.603,0.549,0.26,0.161,109.4,103.9,5.5,1.85,0.016,0.184,0.14,0.1,21.5,1.6857862429253536,0.27513374978253397,0.7951830479447954,0.5704871340838842
2548,Dwyane Wade,MIA,2013-14,Scorer,Very Good,54,1774.6533333333334,1028,241,252,79,29,161,0.545,0.281,0.733,0.588,0.551,0.272,0.144,107.3,103.0,4.3,1.57,0.041,0.106,0.249,0.076,22.400000000000006,1.1780166899426983,1.0199268508926895,-0.1924869513695081,0.523655095209148
201569,Eric Gordon,NOP,2013-14,Scorer,Very Good,64,2057.276666666666,988,165,208,74,12,134,0.436,0.391,0.785,0.54,0.498,0.227,0.089,105.1,111.5,-6.4,1.55,0.015,0.071,0.164,0.042,13.900000000000006,0.5453073020556584,0.38051989924184126,-0.8272919700871992,-0.1995633454554163
203095,Evan Fournier,DEN,2013-14,Scorer,Average,76,1503.48,638,202,112,34,7,100,0.419,0.376,0.756,0.533,0.501,0.191,0.069,102.4,102.0,0.4,1.12,0.021,0.107,0.119,0.063,23.400000000000006,-0.01065493177562482,-0.22552486777390776,-0.46158422209329775,-0.10643577003298199
202390,Gary Neal,CHA,2013-14,Scorer,Average,52,1113.4816666666666,548,90,83,18,0,64,0.41,0.378,0.895,0.53,0.482,0.235,0.085,99.2,107.3,-8.0,1.3,0.009,0.076,0.137,0.042,18.10000000000001,0.2293902665940074,-0.23111815609320732,-1.0262953638620949,-0.6544396028298439
101123,Gerald Green,PHX,2013-14,Scorer,Very Good,82,2329.8783333333336,1295,275,122,70,42,145,0.445,0.4,0.848,0.585,0.547,0.233,0.097,107.9,106.8,1.1,0.84,0.021,0.098,0.085,0.06,18.60000000000001,1.0679120455912627,-0.3797281679377108,-0.3061065483997734,0.33866209561617383
201945,Gerald Henderson,CHA,2013-14,Scorer,Very Good,77,2460.623333333333,1081,310,199,51,32,113,0.433,0.348,0.761,0.507,0.455,0.221,0.092,102.2,103.4,-1.3,1.76,0.013,0.112,0.137,0.063,22.0,0.3797725656333229,0.19572603729803173,-0.1750193350574478,0.2403874549258301
200755,JJ Redick,LAC,2013-14,Scorer,Very Good,35,987.285,532,74,78,28,3,42,0.455,0.395,0.915,0.598,0.546,0.209,0.099,114.7,105.1,9.6,1.86,0.009,0.064,0.116,0.038,20.30000000000001,0.4163118117889764,-0.3674873327381605,-1.1197080384194606,-0.3912132963286013
2747,JR Smith,NYK,2013-14,Scorer,Very Good,74,2421.213333333333,1071,296,219,65,20,108,0.415,0.394,0.652,0.527,0.514,0.213,0.091,107.6,108.1,-0.6,2.03,0.015,0.117,0.152,0.064,17.30000000000001,0.42834794385304537,0.3535846637685554,-0.19942698092408134,-0.012110004707334476
2037,Jamal Crawford,LAC,2013-14,Scorer,Very Good,69,2094.3016666666667,1282,158,223,59,12,135,0.416,0.361,0.866,0.556,0.496,0.264,0.111,110.0,104.1,5.9,1.65,0.016,0.056,0.181,0.037,21.30000000000001,1.1196635035989175,0.5312153757705081,-0.9095638916962576,0.079800805836224
201935,James Harden,HOU,2013-14,Scorer,Elite,73,2777.46,1851,344,446,115,29,265,0.456,0.366,0.866,0.618,0.529,0.27,0.156,112.1,104.9,7.2,1.68,0.023,0.094,0.266,0.06,20.5,1.9284073826852437,1.829287074119906,-0.12302342612686928,0.7850302783943226
2592,James Jones,MIA,2013-14,Scorer,Average,20,235.72833333333327,97,23,9,3,4,4,0.456,0.519,0.636,0.666,0.662,0.16,0.104,113.2,96.3,16.9,2.25,0.011,0.093,0.06,0.056,29.10000000000001,0.13270086711937376,-0.9359746207348658,-1.0257165687021446,-0.12308876534770478
201145,Jeff Green,BOS,2013-14,Scorer,Very Good,82,2805.3,1382,380,138,57,47,165,0.412,0.341,0.795,0.52,0.469,0.232,0.089,100.3,106.4,-6.1,0.84,0.018,0.121,0.085,0.067,19.0,0.7516916674180014,-0.32085310678029855,0.06167578301784288,0.27805356745328186
202690,Jimmer Fredette,CHI,2013-14,Scorer,Average,49,518.655,273,52,64,14,3,48,0.471,0.476,0.905,0.578,0.559,0.237,0.112,104.1,107.0,-2.9,1.33,0.015,0.083,0.221,0.049,18.400000000000006,0.3201570122271244,0.17085058891541277,-1.0379461699086134,-0.6479062600590236
201975,Jodie Meeks,LAL,2013-14,Scorer,Very Good,77,2556.0116666666668,1209,194,138,111,4,111,0.463,0.401,0.857,0.601,0.554,0.185,0.087,101.9,110.8,-8.8,1.24,0.011,0.061,0.085,0.036,14.600000000000009,0.745990677617499,-0.32085310678029855,-0.826781916988988,0.1439956437721971
2207,Joe Johnson,BKN,2013-14,Scorer,Very Good,79,2574.6066666666666,1245,270,216,47,10,120,0.454,0.401,0.815,0.564,0.533,0.221,0.106,106.3,105.8,0.4,1.8,0.02,0.09,0.148,0.056,19.60000000000001,0.8239405539798407,0.3200749764618717,-0.37033205853682094,-0.16465342501381883
201142,Kevin Durant,OKC,2013-14,Scorer,Elite,81,3121.7066666666665,2593,598,445,103,59,285,0.503,0.391,0.873,0.635,0.56,0.322,0.206,111.4,103.3,8.1,1.56,0.02,0.164,0.259,0.096,22.10000000000001,2.941363072800414,1.7862838094531472,1.009562289092602,1.0582253233059598
2755,Kevin Martin,MIN,2013-14,Scorer,Very Good,68,2176.918333333333,1298,203,121,66,6,106,0.43,0.387,0.891,0.553,0.486,0.243,0.096,109.4,105.8,3.6,1.14,0.015,0.081,0.09,0.046,19.60000000000001,0.9603191545473823,-0.355319592585463,-0.6755049666891975,-0.008257385198182138
203114,Khris Middleton,MIL,2013-14,Scorer,Average,82,2460.3866666666668,990,310,169,83,20,123,0.44,0.414,0.861,0.541,0.511,0.186,0.079,102.2,109.7,-7.5,1.37,0.024,0.106,0.114,0.064,15.700000000000003,0.25232737148376955,-0.04387072907521261,-0.16227968075276747,0.0803870481030758
202691,Klay Thompson,GSW,2013-14,Scorer,Very Good,81,2867.7883333333334,1488,249,181,74,37,135,0.444,0.417,0.795,0.555,0.533,0.224,0.084,109.4,100.3,9.1,1.34,0.014,0.07,0.097,0.043,25.10000000000001,0.9696833647542299,-0.0952145399007463,-0.5916685147546356,0.7114256151758257
2594,Kyle Korver,ATL,2013-14,Scorer,Very Good,71,2408.4533333333334,850,282,208,70,24,102,0.475,0.472,0.926,0.653,0.626,0.136,0.094,106.1,103.0,3.2,2.04,0.009,0.111,0.127,0.06,22.400000000000006,0.4257064725163564,0.17266672584990378,-0.2875328983141165,0.379815508748978
2544,LeBron James,MIA,2013-14,Scorer,Elite,77,2901.87,2089,533,488,121,26,270,0.567,0.379,0.75,0.649,0.61,0.303,0.2,112.0,105.1,6.9,1.81,0.034,0.165,0.311,0.104,20.30000000000001,2.518860358834233,2.2366285097293885,0.939009915591801,0.8050951290050768
2736,Luol Deng,CLE,2013-14,Scorer,Very Good,63,2212.6666666666665,1011,361,183,62,9,114,0.431,0.302,0.791,0.517,0.465,0.22,0.107,103.8,103.8,0.0,1.61,0.043,0.117,0.141,0.08,21.60000000000001,0.37914702037531334,0.1593215894802882,0.17687709588904638,0.0981589051567928
202705,MarShon Brooks,LAL,2013-14,Scorer,Average,35,316.61,159,54,25,14,4,24,0.456,0.52,0.727,0.551,0.508,0.227,0.108,104.7,101.0,3.7,1.04,0.033,0.132,0.121,0.085,24.400000000000006,0.010367735899753474,-0.5344227061475025,-0.5740118577727922,-0.2852607457589357
201158,Marco Belinelli,SAS,2013-14,Scorer,Very Good,80,2015.825,911,226,179,50,7,95,0.485,0.43,0.847,0.605,0.576,0.186,0.1,109.9,102.9,7.1,1.88,0.01,0.101,0.13,0.058,22.5,0.5612789228437652,0.08280863750684575,-0.4616014076087325,0.006466829435456327
202694,Marcus Morris Sr.,PHX,2013-14,Scorer,Average,82,1799.881666666667,796,319,88,72,18,95,0.442,0.381,0.761,0.552,0.518,0.197,0.096,107.9,104.5,3.4,0.93,0.048,0.131,0.077,0.09,20.900000000000006,0.25584267966885893,-0.5497788995765498,0.19283173842190765,0.25170143803291295
101110,Martell Webster,WAS,2013-14,Scorer,Average,78,2157.115,759,222,97,41,15,58,0.433,0.392,0.84,0.591,0.557,0.144,0.074,104.3,104.8,-0.4,1.67,0.018,0.092,0.068,0.054,20.60000000000001,0.0641585316862064,-0.5672205576897604,-0.5231735391621148,-0.11747960757882527
201563,Michael Beasley,MIA,2013-14,Scorer,Very Good,55,831.4216666666666,436,172,42,23,21,57,0.499,0.389,0.772,0.559,0.528,0.247,0.108,105.0,107.8,-2.8,0.74,0.043,0.186,0.088,0.117,17.60000000000001,0.4022759208896627,-0.6572505137200206,0.14675575284947998,-0.4195433815985126
2034,Mike Miller,MEM,2013-14,Scorer,Average,82,1706.48,579,207,130,26,5,77,0.481,0.459,0.821,0.619,0.602,0.14,0.092,103.7,106.3,-2.6,1.69,0.018,0.111,0.116,0.063,19.10000000000001,0.06516080939386863,-0.1761433839765706,-0.44831732917497136,-0.4622067042584834
203118,Mike Scott,ATL,2013-14,Scorer,Very Good,80,1481.815,767,284,75,30,7,79,0.479,0.31,0.78,0.559,0.529,0.232,0.104,100.9,107.3,-6.4,0.95,0.043,0.154,0.091,0.098,18.10000000000001,0.5311689863192526,-0.5189677400781061,0.2018807224310654,-0.45928099954859314
201156,Nick Young,LAL,2013-14,Scorer,Very Good,64,1809.486666666667,1144,166,95,46,12,95,0.435,0.386,0.825,0.564,0.511,0.263,0.092,105.5,107.6,-2.1,1.0,0.016,0.072,0.091,0.044,17.80000000000001,1.0585647585797544,-0.4453739136313407,-0.7991592828941734,-0.26053827503509014
201564,O.J. Mayo,MIL,2013-14,Scorer,Average,52,1346.11,608,124,113,28,13,95,0.407,0.37,0.864,0.516,0.484,0.225,0.074,95.3,108.2,-12.9,1.19,0.017,0.076,0.152,0.046,17.200000000000003,0.1194088750169373,-0.036462616399300936,-0.8851218747987544,-0.4721781489513344
201988,Patty Mills,SAS,2013-14,Scorer,Very Good,81,1527.4633333333334,826,169,149,68,9,63,0.464,0.425,0.89,0.588,0.565,0.219,0.12,108.4,97.5,10.9,2.37,0.023,0.084,0.157,0.055,27.900000000000006,0.6443590563281624,0.12409453787946287,-0.6510629497916942,0.5304815355985304
202331,Paul George,IND,2013-14,Scorer,Elite,80,2898.3083333333334,1737,542,283,151,22,224,0.424,0.364,0.864,0.555,0.49,0.278,0.157,104.5,98.0,6.5,1.26,0.023,0.157,0.177,0.093,27.400000000000006,1.5445554802232835,0.7295262417711352,0.8227541254933054,1.4926243539936126
1718,Paul Pierce,BKN,2013-14,Scorer,Very Good,75,2098.0383333333334,1010,348,178,86,31,153,0.451,0.373,0.826,0.595,0.529,0.221,0.12,104.0,102.5,1.5,1.16,0.014,0.163,0.146,0.09,22.900000000000006,0.8317141773087533,0.16901139954318306,0.2697797173482007,0.645796901308228
2446,Rasual Butler,IND,2013-14,Scorer,Average,50,378.22833333333335,136,41,17,7,9,11,0.464,0.419,0.571,0.585,0.582,0.151,0.079,97.9,104.4,-6.6,1.55,0.016,0.09,0.075,0.053,21.0,-0.36817909553167194,-0.8222722901324013,-1.0161747171102102,-0.5069688614800657
951,Ray Allen,MIA,2013-14,Scorer,Average,73,1935.765,701,205,143,54,8,84,0.442,0.375,0.905,0.59,0.549,0.162,0.091,108.4,104.8,3.7,1.7,0.014,0.102,0.117,0.059,20.60000000000001,0.14838303460277905,-0.12268974345125587,-0.5045827035610231,-0.05360413740227776
2210,Richard Jefferson,UTA,2013-14,Scorer,Average,82,2212.583333333333,831,219,130,56,14,94,0.45,0.409,0.741,0.573,0.544,0.17,0.073,101.0,110.9,-9.9,1.38,0.008,0.097,0.098,0.052,14.5,0.20349813679549275,-0.27726114400508073,-0.5566129835224712,-0.3305801453091849
201155,Rodney Stuckey,DET,2013-14,Scorer,Very Good,73,1950.3833333333332,1012,169,152,54,10,125,0.436,0.273,0.836,0.516,0.45,0.24,0.087,105.1,109.5,-4.4,1.22,0.019,0.067,0.129,0.042,15.900000000000006,0.5205602743912131,-0.022160681531204734,-0.8166784557525381,-0.3095161821287949
200752,Rudy Gay,SAC,2013-14,Scorer,Very Good,73,2530.7266666666665,1457,437,209,95,56,224,0.455,0.33,0.822,0.54,0.483,0.271,0.124,105.7,106.8,-1.1,0.93,0.045,0.133,0.146,0.089,18.60000000000001,1.2056273618566344,0.2830818305356694,0.4931907569897301,0.7393406651169876
201583,Ryan Anderson,NOP,2013-14,Scorer,Average,22,794.7533333333333,436,142,17,10,7,20,0.438,0.409,0.952,0.572,0.532,0.216,0.101,112.3,110.3,2.0,0.85,0.081,0.098,0.032,0.089,15.100000000000009,0.2496689475286392,-1.063831383533842,-0.28955592519152673,-0.8427722834633397
203498,Shabazz Muhammad,MIN,2013-14,Scorer,Average,37,289.9483333333333,143,53,6,8,1,16,0.46,0.273,0.65,0.505,0.472,0.222,0.08,97.6,110.7,-13.0,0.38,0.075,0.094,0.038,0.084,14.700000000000003,-0.30077972264765906,-1.0706020680700596,-0.5894048906611378,-0.9477016633781998
203082,Terrence Ross,TOR,2013-14,Scorer,Average,81,2159.0916666666667,879,252,79,64,27,88,0.423,0.395,0.837,0.553,0.531,0.183,0.075,108.2,105.2,3.0,0.9,0.02,0.099,0.06,0.06,20.200000000000003,0.21892882830228846,-0.678396228171187,-0.3671342558240748,0.2187394380194182
203501,Tim Hardaway Jr.,NYK,2013-14,Scorer,Average,81,1875.4783333333328,824,121,66,44,7,47,0.428,0.363,0.828,0.554,0.523,0.187,0.073,103.0,109.0,-6.0,1.4,0.01,0.058,0.059,0.033,16.400000000000006,0.21426510151838998,-0.7318498686965018,-1.058697516510594,-0.4141048659963806
1713,Vince Carter,DAL,2013-14,Scorer,Very Good,81,1972.9566666666667,967,284,212,61,35,108,0.407,0.394,0.821,0.539,0.497,0.223,0.098,106.0,102.5,3.6,1.96,0.034,0.113,0.17,0.073,22.900000000000006,0.4951637100299055,0.4289445845406977,-0.1166106351859421,0.4272326838627197
201961,Wayne Ellington,DAL,2013-14,Scorer,Average,45,392.95,145,43,19,16,2,11,0.437,0.424,0.909,0.554,0.536,0.15,0.068,104.7,109.0,-4.3,1.73,0.02,0.094,0.068,0.055,16.400000000000006,-0.5462528594904646,-0.8542364808321452,-0.9853886513335192,-0.7548103482844774
202083,Wesley Matthews,POR,2013-14,Scorer,Very Good,82,2780.26,1343,289,197,76,14,110,0.441,0.393,0.837,0.588,0.541,0.193,0.094,111.1,105.7,5.4,1.79,0.018,0.082,0.109,0.05,19.700000000000003,0.8268605203473344,0.031072361275672727,-0.3963557912752624,0.1821714237144673
201163,Wilson Chandler,DEN,2013-14,Scorer,Average,62,1926.72,846,294,114,46,31,79,0.416,0.348,0.724,0.526,0.499,0.193,0.077,104.4,108.9,-4.5,1.44,0.028,0.119,0.093,0.073,16.5,0.11396225672986626,-0.3642244718370792,-0.09007684934928933,-0.1446875365410662
202333,Xavier Henry,LAL,2013-14,Scorer,Average,43,908.1766666666666,432,114,51,44,7,57,0.417,0.346,0.655,0.511,0.458,0.223,0.072,101.7,104.0,-2.3,0.89,0.026,0.091,0.09,0.058,21.400000000000006,-0.05074198210485725,-0.6128979851491416,-0.7587798089792435,-0.12033149074886777
202692,Alec Burks,UTA,2014-15,Scorer,Average,27,899.0716666666667,374,114,82,17,5,52,0.403,0.382,0.822,0.524,0.447,0.206,0.083,105.1,112.3,-7.2,1.58,0.022,0.113,0.145,0.067,13.100000000000009,-0.14268884460408693,-0.18985662073620785,-0.6441229202371208,-0.9079870210003061
200745,Andrea Bargnani,NYK,2014-15,Scorer,Average,29,785.3416666666667,430,127,46,2,27,42,0.454,0.366,0.813,0.527,0.475,0.258,0.109,94.6,112.8,-18.2,1.1,0.039,0.128,0.119,0.081,12.600000000000009,0.29551317152476686,-0.46838449504823343,-0.43127383838394817,-0.870200594532141
203094,Andrew Nicholson,ORL,2014-15,Scorer,Average,40,492.0966666666667,194,82,22,6,12,24,0.437,0.317,0.6,0.483,0.471,0.207,0.067,95.5,105.2,-9.7,0.92,0.035,0.13,0.076,0.084,20.200000000000003,-0.4995941545523706,-0.7982561801857926,-0.5124569117348448,-0.5339815724487619
203952,Andrew Wiggins,MIN,2014-15,Scorer,Very Good,82,2968.7966666666666,1387,374,170,86,50,177,0.437,0.31,0.76,0.517,0.454,0.223,0.081,101.5,111.3,-9.7,0.96,0.044,0.085,0.097,0.064,14.100000000000009,0.672260464889762,-0.13569114444646724,0.0075365486018103,0.3209875769309835
201627,Anthony Morrow,OKC,2014-15,Scorer,Average,74,1805.6133333333328,790,195,60,54,11,38,0.463,0.434,0.888,0.604,0.578,0.16,0.092,106.9,101.8,5.1,1.58,0.021,0.081,0.05,0.051,23.60000000000001,0.2779698322319733,-0.8044868966447865,-0.6330337238351182,0.15301227975544748
201167,Arron Afflalo,POR,2014-15,Scorer,Average,78,2501.548333333333,1035,247,129,41,7,116,0.424,0.354,0.843,0.533,0.491,0.188,0.068,106.3,106.4,-0.2,1.11,0.01,0.085,0.079,0.048,19.0,0.25367974791861797,-0.3876762486908464,-0.5332770003985647,-0.29242679968261004
2732,Ben Gordon,ORL,2014-15,Scorer,Average,56,790.3716666666667,349,63,50,14,1,55,0.437,0.361,0.836,0.538,0.497,0.213,0.073,96.0,106.0,-9.9,0.91,0.008,0.072,0.111,0.04,19.400000000000006,-0.029428686610323967,-0.4986069564382182,-1.1234158942304182,-0.6093865130156662
202711,Bojan Bogdanovic,BKN,2014-15,Scorer,Average,78,1853.8583333333331,700,213,68,34,9,78,0.453,0.355,0.821,0.562,0.532,0.169,0.073,103.2,108.1,-4.9,0.87,0.028,0.086,0.057,0.057,17.30000000000001,0.03881424644935775,-0.7357257927216598,-0.5088349835010614,-0.44460435982880225
2546,Carmelo Anthony,NYK,2014-15,Scorer,Very Good,40,1427.625,966,264,122,40,17,89,0.444,0.341,0.797,0.531,0.482,0.319,0.14,106.5,111.0,-4.5,1.37,0.052,0.14,0.161,0.095,14.400000000000006,1.151468549654092,0.04721348551599858,0.11059418784371894,-0.47188502781790814
202718,Chandler Parsons,DAL,2014-15,Scorer,Very Good,66,2186.175,1037,323,161,69,19,96,0.462,0.38,0.72,0.567,0.542,0.201,0.105,109.0,105.0,4.0,1.68,0.029,0.119,0.111,0.074,20.400000000000006,0.5446845435059605,-0.09016121965867045,-0.0003892161183159659,0.20135747569629836
101111,Charlie Villanueva,DAL,2014-15,Scorer,Average,64,678.1,403,149,19,15,22,28,0.414,0.376,0.571,0.534,0.529,0.252,0.104,101.0,104.7,-3.7,0.68,0.041,0.165,0.047,0.103,20.700000000000003,0.2721420114006972,-0.972207200865407,-0.09262711484034569,-0.31017732844847795
2547,Chris Bosh,MIA,2014-15,Scorer,Very Good,44,1555.965,928,310,95,41,25,95,0.46,0.375,0.772,0.548,0.503,0.282,0.143,101.6,105.8,-4.1,1.0,0.032,0.176,0.121,0.106,19.60000000000001,0.9504051693125103,-0.27684431358382383,0.3727858000438049,-0.0750596425976026
201568,Danilo Gallinari,DEN,2014-15,Scorer,Very Good,59,1425.8316666666667,734,218,83,47,20,57,0.401,0.355,0.895,0.563,0.496,0.214,0.113,105.6,104.3,1.2,1.46,0.02,0.13,0.094,0.073,21.10000000000001,0.39847253922516224,-0.4726772494946482,-0.2917336217078504,0.02465322759116026
101122,Danny Granger,PHX,2014-15,Scorer,Average,30,612.7416666666667,188,80,17,13,6,24,0.401,0.357,0.757,0.527,0.494,0.156,0.05,98.5,108.1,-9.5,0.71,0.035,0.102,0.049,0.069,17.30000000000001,-0.6256940405105892,-0.9683312768402492,-0.7088584834723797,-0.6925453735425705
201942,DeMar DeRozan,TOR,2014-15,Scorer,Very Good,60,2100.2716666666665,1204,277,210,73,11,137,0.413,0.284,0.832,0.51,0.426,0.282,0.115,108.3,105.6,2.7,1.53,0.02,0.113,0.174,0.067,19.80000000000001,0.9321758987655202,0.44405581523569004,-0.21162221109968068,0.12661041039526472
202682,Derrick Williams,SAC,2014-15,Scorer,Average,74,1461.67,617,202,50,34,4,56,0.447,0.314,0.684,0.54,0.498,0.185,0.082,102.3,110.1,-7.7,0.89,0.029,0.103,0.057,0.067,15.300000000000011,-0.029699198309458854,-0.8019602365237486,-0.4106256048745765,-0.61270102994317
1717,Dirk Nowitzki,DAL,2014-15,Scorer,Very Good,77,2281.625,1333,457,143,39,33,82,0.459,0.38,0.882,0.56,0.508,0.244,0.133,107.8,103.5,4.4,1.74,0.02,0.183,0.101,0.102,21.900000000000006,1.0329026026394497,-0.21257219680993153,0.7118738346238794,0.12029309616420947
203926,Doug McDermott,CHI,2014-15,Scorer,Average,36,320.8333333333333,109,43,6,4,1,17,0.402,0.317,0.667,0.48,0.463,0.18,0.044,92.8,107.8,-15.1,0.35,0.019,0.113,0.033,0.067,17.60000000000001,-0.775697438092236,-1.0986903347446457,-0.8325127996773556,-0.81875855748789
2548,Dwyane Wade,MIA,2014-15,Scorer,Elite,62,1970.8766666666668,1331,219,299,73,21,209,0.47,0.284,0.768,0.534,0.483,0.338,0.141,105.0,107.1,-2.1,1.43,0.032,0.085,0.3,0.059,18.30000000000001,1.5709296775569133,1.4793726631233666,-0.46743540338970924,0.13965303785173608
101141,Ersan Ilyasova,MIL,2014-15,Scorer,Average,58,1319.006666666667,669,277,56,36,19,45,0.472,0.389,0.645,0.554,0.539,0.217,0.106,104.4,103.1,1.3,1.24,0.062,0.157,0.07,0.108,22.30000000000001,0.32210147903412184,-0.7068525952357949,0.3107036153922113,-0.028933618673940325
203095,Evan Fournier,ORL,2014-15,Scorer,Average,58,1661.16,698,153,120,40,2,82,0.44,0.378,0.728,0.546,0.514,0.197,0.076,102.0,106.1,-4.1,1.46,0.018,0.078,0.115,0.048,19.30000000000001,0.15086486714623012,-0.21855795053487048,-0.7826945872631008,-0.3357490801214332
202390,Gary Neal,MIN,2014-15,Scorer,Average,54,1192.3266666666666,543,129,100,23,1,65,0.374,0.305,0.867,0.483,0.423,0.231,0.08,98.1,104.0,-6.0,1.54,0.011,0.095,0.152,0.053,21.400000000000006,-0.07222160784287546,-0.0842986035896984,-0.782677401747666,-0.3986248964718535
101123,Gerald Green,PHX,2014-15,Scorer,Very Good,74,1446.1833333333334,884,186,91,42,12,104,0.416,0.354,0.825,0.532,0.504,0.277,0.093,106.2,106.1,0.1,0.88,0.022,0.104,0.11,0.063,19.30000000000001,0.790591626754566,-0.35335726555726643,-0.5040382794319422,-0.21385171421408408
202330,Gordon Hayward,UTA,2014-15,Scorer,Very Good,76,2617.51,1463,373,313,108,30,206,0.445,0.364,0.812,0.567,0.5,0.257,0.139,105.8,103.9,1.9,1.52,0.021,0.124,0.211,0.072,21.5,1.2618409840156422,1.030917194828469,0.1068004044555873,0.7813728768787142
2045,Hedo Turkoglu,LAC,2014-15,Scorer,Average,62,704.6083333333333,232,99,37,19,7,29,0.441,0.432,0.545,0.602,0.601,0.142,0.074,103.8,102.1,1.7,1.28,0.007,0.135,0.08,0.071,23.30000000000001,-0.26763502122318167,-0.7205901970110498,-0.632964981773379,-0.2677316816126109
200755,JJ Redick,LAC,2014-15,Scorer,Very Good,78,2409.0783333333334,1277,167,137,39,8,95,0.477,0.437,0.901,0.622,0.583,0.201,0.096,114.7,102.4,12.3,1.44,0.009,0.059,0.085,0.035,23.0,1.0322247782569816,-0.3245327981026368,-0.9111627930526306,-0.06801336135815117
203953,Jabari Parker,MIL,2014-15,Scorer,Average,25,738.435,308,138,42,31,5,47,0.49,0.25,0.697,0.527,0.498,0.202,0.1,99.6,106.4,-6.8,0.89,0.069,0.121,0.095,0.095,19.0,-0.20241399374630906,-0.6179269403756,-0.223731513698106,-0.41627535707187446
2037,Jamal Crawford,LAC,2014-15,Scorer,Very Good,64,1703.0366666666666,1010,124,158,59,14,92,0.396,0.327,0.901,0.532,0.467,0.27,0.103,107.9,106.3,1.6,1.72,0.011,0.062,0.16,0.036,19.10000000000001,0.8302130176991454,0.17406471978525898,-1.0125184178455573,-0.029224551266536794
2592,James Jones,CLE,2014-15,Scorer,Average,57,669.3716666666667,250,62,24,13,8,13,0.368,0.36,0.848,0.565,0.525,0.153,0.056,101.7,110.6,-8.9,1.85,0.013,0.084,0.059,0.047,14.800000000000011,-0.3856778772400071,-0.8863969042347091,-1.0368916926813214,-0.8191971331601818
201145,Jeff Green,MEM,2014-15,Scorer,Very Good,78,2454.773333333333,1168,328,134,53,34,108,0.43,0.332,0.833,0.534,0.48,0.217,0.095,101.3,104.4,-3.1,1.24,0.026,0.108,0.089,0.067,21.0,0.5676040719038965,-0.31310125872998273,-0.07629990333275155,0.22259043375909646
203087,Jeremy Lamb,OKC,2014-15,Scorer,Average,47,632.6633333333333,295,107,44,21,6,27,0.416,0.342,0.891,0.538,0.492,0.212,0.119,97.6,104.1,-6.5,1.63,0.012,0.148,0.125,0.08,21.30000000000001,-0.07569121098678315,-0.44203795768340653,-0.49708106436193406,-0.37463576983806474
201975,Jodie Meeks,DET,2014-15,Scorer,Average,60,1462.371666666667,663,104,79,59,6,57,0.416,0.349,0.906,0.548,0.485,0.196,0.087,101.2,105.5,-4.3,1.39,0.008,0.063,0.091,0.034,19.900000000000006,0.1297392448773327,-0.504248974788753,-1.0910652981282234,-0.0631605232515151
203098,John Jenkins,ATL,2014-15,Scorer,Average,24,297.12333333333333,135,39,13,10,0,8,0.495,0.404,0.842,0.629,0.601,0.169,0.117,94.4,97.9,-3.5,1.63,0.006,0.115,0.081,0.061,27.5,0.014440025607990107,-0.803285135412251,-0.9195642398400985,-0.18503656087101597
201142,Kevin Durant,OKC,2014-15,Scorer,Very Good,27,912.615,686,178,110,24,25,74,0.51,0.403,0.854,0.633,0.578,0.28,0.194,109.5,101.0,8.5,1.49,0.017,0.163,0.213,0.092,24.400000000000006,1.2472367409298253,0.2951751630636352,-0.15581533326553584,0.030819627688706646
2755,Kevin Martin,MIN,2014-15,Scorer,Very Good,39,1302.4666666666667,779,142,89,33,1,76,0.427,0.393,0.881,0.549,0.487,0.262,0.105,102.1,112.2,-10.1,1.17,0.014,0.097,0.123,0.055,13.200000000000003,0.7022618734041317,-0.287687154848019,-0.7227041715506567,-0.7767996024946554
202691,Klay Thompson,GSW,2014-15,Scorer,Elite,77,2454.59,1668,247,222,87,60,149,0.463,0.439,0.879,0.591,0.555,0.272,0.126,114.1,98.9,15.2,1.49,0.011,0.082,0.137,0.049,26.5,1.6567046148422235,0.28035893771181186,-0.5205373460938844,1.1610815505138519
2594,Kyle Korver,ATL,2014-15,Scorer,Very Good,75,2417.7816666666668,911,304,196,52,42,107,0.487,0.492,0.898,0.699,0.671,0.139,0.097,111.6,99.3,12.3,1.83,0.007,0.117,0.111,0.065,26.10000000000001,0.7546646688618587,0.038627976623168914,-0.1654602979500788,0.5928176255978282
202681,Kyrie Irving,CLE,2014-15,Scorer,Elite,75,2729.863333333333,1628,237,389,114,20,186,0.468,0.415,0.863,0.583,0.532,0.255,0.128,112.4,104.8,7.7,2.09,0.021,0.067,0.236,0.044,20.60000000000001,1.4576701728596368,1.4510150686991081,-0.6107694034539387,0.6894872069333088
2571,Leandro Barbosa,GSW,2014-15,Scorer,Average,66,982.1566666666666,467,91,99,41,8,44,0.474,0.384,0.784,0.558,0.53,0.2,0.096,102.3,101.7,0.6,2.25,0.023,0.066,0.162,0.044,23.700000000000003,0.07485134454606689,-0.03180176156286435,-0.9981626766690692,-0.006162362946875295
101150,Lou Williams,TOR,2014-15,Scorer,Very Good,80,2015.515,1242,151,164,88,10,101,0.404,0.34,0.861,0.564,0.486,0.257,0.117,111.9,105.3,6.6,1.62,0.012,0.064,0.136,0.038,20.10000000000001,1.085314461500906,0.06131918768127513,-0.9153978874772342,0.28953979298172183
202337,Luke Babbitt,NOP,2014-15,Scorer,Average,63,829.5733333333334,256,111,24,17,11,26,0.479,0.513,0.684,0.639,0.633,0.122,0.072,101.3,107.5,-6.2,0.92,0.015,0.117,0.044,0.067,17.900000000000006,-0.18518824865375216,-0.9706617042584674,-0.6520830559881168,-0.5652597967442589
2736,Luol Deng,MIA,2014-15,Scorer,Very Good,72,2420.556666666667,1007,376,139,65,22,108,0.469,0.355,0.761,0.561,0.518,0.192,0.103,106.3,107.0,-0.7,1.29,0.046,0.115,0.094,0.082,18.400000000000006,0.4228605197602904,-0.2666145354437052,0.24215708325338617,0.07275506585326304
201158,Marco Belinelli,SAS,2014-15,Scorer,Average,62,1388.3433333333332,568,157,94,31,3,61,0.423,0.374,0.848,0.553,0.515,0.186,0.082,105.3,104.8,0.5,1.54,0.02,0.095,0.105,0.058,20.60000000000001,0.016612956734756528,-0.37040645826483776,-0.6446845298816366,-0.34250280499881497
201977,Marcus Thornton,PHX,2014-15,Scorer,Average,48,720.5916666666667,380,86,36,27,7,27,0.406,0.378,0.821,0.514,0.484,0.228,0.102,100.1,101.7,-1.6,1.33,0.029,0.087,0.087,0.057,23.700000000000003,-0.034486707624150605,-0.6849463149889674,-0.8458140636265516,-0.16133890808631493
201578,Marreese Speights,GSW,2014-15,Scorer,Very Good,76,1206.9533333333334,791,325,72,20,34,82,0.492,0.278,0.843,0.546,0.496,0.281,0.117,108.7,101.2,7.4,0.88,0.091,0.168,0.098,0.131,24.200000000000003,0.8328522111993096,-0.49068324070070024,0.7310778364157916,0.06868041695321096
203118,Mike Scott,ATL,2014-15,Scorer,Average,68,1123.0566666666666,529,199,75,25,3,39,0.444,0.344,0.792,0.543,0.517,0.213,0.104,101.9,100.9,1.0,1.92,0.042,0.133,0.115,0.089,24.5,0.12896580210961747,-0.3841440600400925,-0.13831334592260594,-0.175527749935627
201156,Nick Young,LAL,2014-15,Scorer,Average,42,1000.18,563,96,41,23,11,44,0.366,0.369,0.892,0.52,0.453,0.248,0.083,102.3,105.8,-3.5,0.93,0.016,0.077,0.071,0.045,19.60000000000001,0.2781984053802514,-0.7564303117359518,-0.9721561294460626,-0.40320867153023277
201956,Omri Casspi,SAC,2014-15,Scorer,Average,67,1416.381666666667,593,260,102,31,9,88,0.489,0.402,0.733,0.58,0.53,0.182,0.101,102.3,108.2,-6.0,1.16,0.04,0.14,0.121,0.092,17.200000000000003,0.15973322923956118,-0.25108647432745596,0.061761710595016894,-0.4815639161486888
1718,Paul Pierce,WAS,2014-15,Scorer,Very Good,73,1913.665,868,294,144,46,24,92,0.447,0.389,0.781,0.58,0.537,0.195,0.101,104.1,99.8,4.4,1.57,0.024,0.128,0.115,0.078,25.60000000000001,0.45321545229509413,-0.13024535879875207,-0.02637857782588779,0.31915775838789995
200752,Rudy Gay,SAC,2014-15,Scorer,Very Good,68,2408.248333333333,1432,399,250,71,41,183,0.455,0.359,0.858,0.556,0.491,0.263,0.131,106.1,108.4,-2.4,1.37,0.042,0.124,0.185,0.084,17.0,1.22051536129047,0.6530376548133103,0.32866409928704815,0.24489851447220876
201583,Ryan Anderson,NOP,2014-15,Scorer,Average,61,1674.66,833,295,55,33,20,62,0.399,0.34,0.854,0.524,0.483,0.225,0.09,107.3,108.4,-1.1,0.89,0.063,0.114,0.054,0.088,17.0,0.32740767427136946,-0.8004147399168089,0.10367134380458037,-0.36130002124816785
203498,Shabazz Muhammad,MIN,2014-15,Scorer,Very Good,38,865.6233333333333,512,154,44,18,7,35,0.489,0.392,0.717,0.556,0.514,0.239,0.119,102.0,110.9,-8.9,1.26,0.069,0.111,0.091,0.089,14.5,0.3813667745768834,-0.6330381710705923,-0.2577153821875434,-0.7951341849865461
203963,Shayne Whittington,IND,2014-15,Scorer,Average,20,108.16166666666666,57,29,6,5,2,5,0.452,0.167,0.783,0.547,0.464,0.243,0.106,109.8,102.8,7.0,1.2,0.094,0.178,0.094,0.136,22.60000000000001,0.03106811308486429,-0.7560134813146948,0.009376047174270985,-0.5045063552989926
200779,Steve Novak,OKC,2014-15,Scorer,Average,35,197.145,63,22,11,0,2,5,0.393,0.396,0.0,0.554,0.563,0.129,0.045,96.4,112.6,-16.1,2.2,0.009,0.1,0.088,0.052,12.800000000000011,-0.7591171952414584,-0.7713209447125069,-1.079328564504531,-1.1321089854756774
203933,T.J. Warren,PHX,2014-15,Scorer,Average,40,614.13,245,85,25,18,9,27,0.528,0.238,0.737,0.551,0.54,0.173,0.084,96.7,105.2,-8.5,0.93,0.061,0.071,0.069,0.066,20.200000000000003,-0.32291948744781046,-0.8265406795631984,-0.7338105534680943,-0.4399976091982363
203082,Terrence Ross,TOR,2014-15,Scorer,Average,82,2091.768333333333,807,226,86,53,25,69,0.41,0.372,0.786,0.519,0.507,0.181,0.066,109.7,109.0,0.6,1.25,0.016,0.095,0.063,0.055,16.400000000000006,-0.04203108979674771,-0.6357854289100675,-0.4998203705227734,-0.13873824749626773
203501,Tim Hardaway Jr.,NYK,2014-15,Scorer,Average,70,1681.263333333333,804,156,127,20,14,82,0.389,0.342,0.801,0.512,0.474,0.229,0.079,97.5,108.6,-11.1,1.55,0.007,0.088,0.134,0.047,16.80000000000001,0.26716584907835733,-0.08606469791507525,-0.7874741058167851,-0.5684534584745581
202699,Tobias Harris,ORL,2014-15,Scorer,Very Good,68,2369.1366666666668,1164,430,124,69,36,115,0.466,0.364,0.788,0.551,0.512,0.222,0.113,101.6,107.7,-6.1,1.08,0.031,0.154,0.088,0.092,17.700000000000003,0.6985200019425307,-0.3555158252882826,0.512836069818114,0.21471674111487418
203584,Troy Daniels,CHA,2014-15,Scorer,Average,47,397.39666666666665,176,33,22,6,1,20,0.37,0.364,0.846,0.515,0.5,0.203,0.052,94.3,105.1,-10.8,1.1,0.018,0.064,0.111,0.039,20.30000000000001,-0.35889560509804824,-0.6016383134636896,-1.2157569060450566,-0.639398208977609
203506,Victor Oladipo,ORL,2014-15,Scorer,Very Good,72,2572.7883333333334,1292,302,295,120,19,204,0.436,0.339,0.819,0.527,0.474,0.249,0.099,101.8,107.8,-6.1,1.45,0.02,0.102,0.188,0.06,17.60000000000001,0.8512592120762412,0.8354767243232841,-0.23446532664081093,0.5652738954116
201961,Wayne Ellington,LAL,2014-15,Scorer,Average,65,1674.638333333333,650,210,105,33,2,50,0.412,0.37,0.813,0.504,0.485,0.182,0.083,100.4,104.2,-3.9,2.1,0.017,0.105,0.101,0.06,21.200000000000003,-0.2336940330488588,-0.3524004670587857,-0.4785761563380164,-0.2966447380955624
202083,Wesley Matthews,POR,2014-15,Scorer,Very Good,60,2024.1716666666664,956,222,139,77,10,81,0.448,0.389,0.752,0.586,0.563,0.193,0.1,106.0,99.3,6.8,1.72,0.018,0.085,0.11,0.052,26.10000000000001,0.5363408113719869,-0.17673208208502958,-0.5486528477714754,0.528092850957306
202692,Alec Burks,UTA,2015-16,Scorer,Average,31,797.2733333333333,412,109,63,18,4,51,0.41,0.405,0.752,0.52,0.458,0.246,0.099,101.8,101.4,0.5,1.24,0.019,0.121,0.14,0.069,24.0,0.15466395256397766,-0.287859022535221,-0.6319105045460867,-0.26731716402548933
203459,Allen Crabbe,POR,2015-16,Scorer,Average,81,2104.958333333333,832,216,99,63,16,64,0.459,0.393,0.867,0.572,0.541,0.159,0.075,106.5,105.5,1.0,1.55,0.012,0.086,0.072,0.049,19.900000000000006,0.11797644681690156,-0.537390561705415,-0.6027920821875079,0.07945956853245789
200745,Andrea Bargnani,BKN,2015-16,Scorer,Average,46,633.66,304,97,18,4,9,26,0.455,0.188,0.825,0.5,0.461,0.227,0.073,95.6,110.2,-14.7,0.69,0.042,0.117,0.051,0.077,15.200000000000003,-0.17666001533418293,-0.9534162788480764,-0.5618338131126277,-0.8788300655821163
203952,Andrew Wiggins,MIN,2015-16,Scorer,Elite,81,2844.59,1675,291,164,78,46,182,0.459,0.3,0.761,0.543,0.481,0.267,0.094,106.7,107.9,-1.3,0.9,0.039,0.066,0.098,0.053,17.5,1.350708509318899,-0.1521516390455796,-0.35283007119389104,0.3973927125805061
201627,Anthony Morrow,OKC,2015-16,Scorer,Average,68,926.4316666666666,380,62,24,22,5,17,0.408,0.387,0.744,0.543,0.527,0.167,0.057,110.9,105.6,5.3,1.41,0.011,0.054,0.037,0.033,19.80000000000001,-0.3152275636741346,-1.0099852776028881,-1.2152468529468454,-0.4625238834770791
201167,Arron Afflalo,NYK,2015-16,Scorer,Average,71,2370.923333333333,909,266,144,25,10,82,0.443,0.382,0.84,0.531,0.5,0.178,0.076,104.0,107.4,-3.4,1.76,0.01,0.098,0.097,0.055,18.0,0.07817508947513642,-0.2313631188272622,-0.39368522717616233,-0.486610889735886
201933,Blake Griffin,LAC,2015-16,Scorer,Very Good,35,1170.2816666666668,749,294,170,28,17,83,0.499,0.333,0.727,0.544,0.504,0.289,0.171,108.6,101.3,7.3,2.05,0.044,0.196,0.258,0.122,24.10000000000001,0.8496927401772182,0.7687510424752065,0.5341662115800452,-0.026301035097476427
202711,Bojan Bogdanovic,BKN,2015-16,Scorer,Average,79,2114.6283333333336,887,255,99,29,5,115,0.433,0.382,0.833,0.55,0.519,0.19,0.072,100.8,109.9,-9.2,0.86,0.017,0.105,0.073,0.061,15.5,0.2587887855985816,-0.5317729083704978,-0.34643446576839865,-0.6426394456217572
203078,Bradley Beal,WAS,2015-16,Scorer,Very Good,55,1708.245,958,188,162,54,11,112,0.449,0.387,0.767,0.547,0.515,0.245,0.099,104.8,105.0,-0.2,1.45,0.024,0.088,0.153,0.055,20.400000000000006,0.6954642646805929,0.1494599117301914,-0.600648756702054,-0.03500268040296086
201572,Brook Lopez,BKN,2015-16,Scorer,Elite,73,2456.548333333333,1501,573,146,58,124,175,0.511,0.143,0.787,0.562,0.512,0.272,0.127,103.4,105.8,-2.4,0.83,0.086,0.153,0.106,0.12,19.60000000000001,1.3704641933726724,-0.17344485616833064,1.248979527813297,1.1027124636578802
203468,CJ McCollum,POR,2015-16,Scorer,Elite,80,2779.7616666666668,1666,259,341,97,23,196,0.448,0.417,0.827,0.544,0.517,0.266,0.112,107.5,104.9,2.6,1.74,0.016,0.075,0.211,0.045,20.5,1.3426152230717816,1.1339485518539405,-0.5396554203086223,0.5378209614862726
101139,CJ Miles,IND,2015-16,Scorer,Average,64,1463.6066666666666,753,175,63,53,29,70,0.409,0.367,0.75,0.547,0.521,0.221,0.082,102.7,102.5,0.2,0.9,0.017,0.099,0.069,0.058,22.900000000000006,0.37193716413675326,-0.6867124093143442,-0.5969237153756617,0.28363699633778905
201171,Carl Landry,PHI,2015-16,Scorer,Very Good,36,569.39,351,146,32,12,9,22,0.556,0.462,0.736,0.605,0.568,0.236,0.133,102.3,111.6,-9.3,1.45,0.081,0.178,0.102,0.127,13.800000000000011,0.5234596243053597,-0.6154002802545621,0.20516445272098566,-0.8781957071449238
2546,Carmelo Anthony,NYK,2015-16,Scorer,Elite,72,2529.8,1573,556,299,62,38,176,0.434,0.339,0.829,0.53,0.474,0.291,0.143,106.5,107.4,-0.9,1.7,0.039,0.173,0.209,0.107,18.0,1.378514917195547,0.9681662096458988,1.0382565859301434,0.18004853106768626
202718,Chandler Parsons,DAL,2015-16,Scorer,Very Good,61,1799.39,837,285,169,46,21,95,0.492,0.414,0.684,0.589,0.571,0.204,0.115,105.3,105.0,0.3,1.78,0.017,0.141,0.158,0.08,20.400000000000006,0.5482019998144257,0.20330601766114545,-0.024779676469514664,-0.016718943878731112
2547,Chris Bosh,MIA,2015-16,Scorer,Very Good,53,1777.9183333333333,1010,390,128,36,34,78,0.467,0.365,0.795,0.571,0.52,0.247,0.151,101.5,101.0,0.5,1.64,0.028,0.188,0.129,0.111,24.400000000000006,0.8848258421197651,-0.11047327326732315,0.6487543582604286,0.2462131589761026
204014,Damjan Rudez,MIN,2015-16,Scorer,Average,33,277.285,75,20,11,3,1,13,0.403,0.34,1.0,0.572,0.54,0.123,0.025,104.4,106.9,-2.5,0.85,0.019,0.056,0.058,0.038,18.5,-0.6914706488006779,-0.9398505447600237,-1.2629904819373856,-0.7762407128816501
201568,Danilo Gallinari,DEN,2015-16,Scorer,Very Good,53,1838.7066666666667,1036,281,135,42,19,77,0.41,0.364,0.868,0.582,0.472,0.226,0.124,105.0,107.8,-2.8,1.75,0.027,0.127,0.122,0.075,17.60000000000001,0.8127384892213319,-0.12403900735537592,-0.0990914623275773,-0.2429124137767309
201942,DeMar DeRozan,TOR,2015-16,Scorer,Elite,78,2803.795,1830,349,315,81,21,175,0.446,0.338,0.85,0.55,0.463,0.291,0.139,108.8,106.0,2.8,1.8,0.023,0.103,0.208,0.063,19.400000000000006,1.678200916695463,1.021423617468394,-0.07153757029450197,0.28717408391268406
202682,Derrick Williams,NYK,2015-16,Scorer,Very Good,80,1434.865,746,296,75,29,9,61,0.45,0.293,0.758,0.55,0.488,0.23,0.127,98.9,105.9,-7.0,1.23,0.032,0.169,0.096,0.1,19.5,0.44992606880158087,-0.4908794734035199,0.2592005740444093,-0.36715088941145696
1626164,Devin Booker,PHX,2015-16,Scorer,Very Good,76,2107.665,1048,187,200,44,20,160,0.423,0.343,0.84,0.535,0.48,0.228,0.074,100.3,108.7,-8.4,1.25,0.012,0.075,0.162,0.043,16.700000000000003,0.5673090390094809,0.33984706199330067,-0.7561779869418828,-0.2649514314415871
1717,Dirk Nowitzki,DAL,2015-16,Scorer,Very Good,75,2363.5066666666667,1372,489,132,52,52,84,0.448,0.368,0.893,0.555,0.504,0.249,0.134,106.8,102.7,4.2,1.57,0.022,0.182,0.096,0.103,22.700000000000003,1.0690421402848014,-0.28113706803023863,0.8095216036058486,0.4942263704602445
203926,Doug McDermott,CHI,2015-16,Scorer,Average,81,1860.56,764,195,59,14,6,53,0.452,0.425,0.857,0.561,0.537,0.166,0.069,101.6,104.6,-3.0,1.11,0.019,0.08,0.049,0.049,20.80000000000001,0.057288795682948146,-0.813784241302042,-0.6585130324444788,-0.4765426479309996
201569,Eric Gordon,NOP,2015-16,Scorer,Average,45,1481.3516666666667,686,99,121,43,14,73,0.418,0.384,0.888,0.565,0.521,0.203,0.081,103.6,105.9,-2.3,1.66,0.007,0.059,0.129,0.033,19.5,0.29476716020070354,-0.13623111252369102,-1.11707184535123,-0.17150448825972728
203095,Evan Fournier,ORL,2015-16,Scorer,Very Good,79,2566.088333333333,1213,225,214,96,2,133,0.462,0.4,0.836,0.587,0.546,0.2,0.087,104.3,107.6,-3.3,1.61,0.013,0.077,0.128,0.044,17.80000000000001,0.7786369974733566,0.2003625271188506,-0.642609946457922,0.15635523184978142
202390,Gary Neal,WAS,2015-16,Scorer,Average,40,807.4283333333333,390,83,47,20,1,29,0.465,0.41,0.855,0.558,0.528,0.204,0.09,100.4,110.2,-9.9,1.62,0.014,0.093,0.099,0.053,15.200000000000003,0.048604805062062995,-0.5770578704242397,-0.9047328165962687,-0.7939879705937054
201945,Gerald Henderson,POR,2015-16,Scorer,Average,72,1431.0666666666666,624,211,75,39,19,68,0.439,0.353,0.767,0.526,0.484,0.201,0.093,106.0,104.7,1.3,1.1,0.02,0.121,0.084,0.071,20.700000000000003,0.012431050405855024,-0.5582913134225266,-0.3357865804028679,-0.09185700993820911
202330,Gordon Hayward,UTA,2015-16,Scorer,Very Good,80,2892.9566666666665,1578,397,296,95,27,202,0.433,0.349,0.824,0.559,0.493,0.25,0.126,105.2,103.6,1.6,1.47,0.022,0.121,0.181,0.071,21.80000000000001,1.247789447090861,0.7998328423012017,0.15774183615887363,0.6339491691862927
203138,Hollis Thompson,PHI,2015-16,Scorer,Average,77,2153.85,758,272,99,36,24,76,0.397,0.38,0.719,0.525,0.507,0.157,0.058,98.9,107.7,-8.8,1.3,0.024,0.099,0.072,0.06,17.700000000000003,-0.21875373977901394,-0.537390561705415,-0.3140666841507692,-0.24861780388628998
203477,Isaiah Canaan,PHI,2015-16,Scorer,Average,77,1965.8483333333331,846,174,137,56,12,91,0.36,0.363,0.833,0.528,0.482,0.191,0.071,95.9,108.2,-12.3,1.51,0.009,0.079,0.12,0.042,17.200000000000003,0.11075636500633833,-0.12791493138053384,-0.8034115628342117,-0.19217745068167283
200755,JJ Redick,LAC,2015-16,Scorer,Very Good,75,2096.8316666666665,1226,139,106,42,5,78,0.48,0.475,0.888,0.632,0.593,0.22,0.107,112.0,100.5,11.5,1.36,0.005,0.057,0.08,0.032,24.900000000000006,1.191710703988153,-0.46669149576970925,-1.0236763563092994,0.044352218041622295
203953,Jabari Parker,MIL,2015-16,Scorer,Very Good,76,2407.971666666667,1070,395,130,69,29,116,0.493,0.257,0.768,0.535,0.498,0.206,0.093,103.9,107.7,-3.8,1.12,0.053,0.114,0.086,0.084,17.700000000000003,0.42212371009156624,-0.3446729840240875,0.3180505849523871,0.14389449309336652
1626143,Jahlil Okafor,PHI,2015-16,Scorer,Very Good,53,1590.565,928,373,65,22,61,124,0.508,0.167,0.686,0.536,0.509,0.272,0.117,92.7,108.4,-15.7,0.52,0.075,0.16,0.088,0.117,17.0,0.808589914238233,-0.5726176133062404,0.6800848481662007,-0.060458989443625655
2037,Jamal Crawford,LAC,2015-16,Scorer,Very Good,79,2126.15,1120,145,183,52,12,113,0.404,0.34,0.904,0.529,0.466,0.239,0.095,104.8,102.8,2.0,1.62,0.009,0.058,0.145,0.034,22.60000000000001,0.6654518475845842,0.18179220281995717,-0.9822767761979472,0.0836523428323936
203516,James Ennis III,NOP,2015-16,Scorer,Average,22,328.515,159,42,21,16,5,19,0.478,0.448,0.735,0.621,0.593,0.196,0.092,104.7,110.5,-5.8,1.11,0.066,0.069,0.104,0.067,14.900000000000006,0.18366032608547425,-0.6446415781304485,-0.8351661782610208,-0.8125899688495136
203613,Jonathon Simmons,SAS,2015-16,Scorer,Average,55,812.83,331,96,58,24,5,53,0.504,0.383,0.75,0.586,0.541,0.183,0.071,107.2,101.0,6.3,1.09,0.022,0.099,0.108,0.063,24.400000000000006,0.01241790841239021,-0.4860223858642637,-0.7428423519618171,-0.17152965237274384
203903,Jordan Clarkson,LAL,2015-16,Scorer,Very Good,79,2552.435,1225,313,192,88,7,135,0.433,0.347,0.804,0.516,0.483,0.225,0.087,99.8,111.9,-12.1,1.42,0.033,0.086,0.139,0.059,13.5,0.5643577658795021,0.18120350471149832,-0.21801781652517316,-0.1285934543542132
203895,Jordan McRae,CLE,2015-16,Scorer,Average,22,195.95166666666665,99,20,25,3,1,15,0.436,0.455,0.75,0.548,0.5,0.244,0.096,107.0,94.3,12.7,1.67,0.021,0.075,0.216,0.05,31.10000000000001,0.07439438648342665,-0.0007456393303658104,-1.1101146302812221,-0.03593180725791726
201142,Kevin Durant,OKC,2015-16,Scorer,Elite,72,2577.62,2029,589,361,69,85,250,0.505,0.387,0.898,0.634,0.573,0.298,0.194,114.5,102.9,11.6,1.44,0.018,0.188,0.23,0.11,22.5,2.353225969571568,1.3142777916641333,1.1640370421051385,0.99249491750304
2755,Kevin Martin,SAS,2015-16,Scorer,Average,55,1094.98,514,110,58,26,3,54,0.372,0.36,0.89,0.52,0.431,0.217,0.074,101.0,106.4,-5.4,1.07,0.013,0.09,0.089,0.051,19.0,0.01592716373216944,-0.5927577992276911,-0.8585709034466669,-0.48831709976957915
203114,Khris Middleton,MIL,2015-16,Scorer,Very Good,79,2852.0,1434,302,331,131,19,180,0.444,0.396,0.888,0.56,0.507,0.224,0.108,105.6,106.4,-0.8,1.84,0.016,0.091,0.183,0.054,19.0,0.9593290034549815,0.9398573452528756,-0.31090325246889267,0.7615054328023345
202691,Klay Thompson,GSW,2015-16,Scorer,Elite,80,2666.415,1771,306,166,60,49,138,0.47,0.425,0.873,0.597,0.569,0.26,0.114,116.0,101.3,14.6,1.2,0.014,0.09,0.094,0.055,24.10000000000001,1.6774423872513207,-0.16726286974057197,-0.2875500838295512,0.6290214270268263
977,Kobe Bryant,LAL,2015-16,Scorer,Very Good,66,1863.3233333333333,1161,247,184,62,13,129,0.358,0.285,0.826,0.469,0.417,0.314,0.089,100.1,114.9,-14.8,1.43,0.02,0.111,0.183,0.063,10.5,0.9010029364554413,0.39894272086915017,-0.34218218582836024,-0.513548131880396
202362,Lance Stephenson,MEM,2015-16,Scorer,Average,69,1372.3066666666666,573,223,133,43,9,94,0.481,0.385,0.784,0.548,0.513,0.194,0.098,103.7,106.2,-2.5,1.41,0.029,0.135,0.152,0.081,19.200000000000003,0.05019487689512131,0.03713121004746441,-0.17654949435208156,-0.23971821078994046
202498,Lance Thomas,NYK,2015-16,Scorer,Average,59,1313.39,484,131,53,22,7,57,0.442,0.404,0.857,0.557,0.5,0.166,0.064,102.9,103.5,-0.6,0.93,0.027,0.069,0.066,0.049,21.900000000000006,-0.16750305000501284,-0.7403622825424787,-0.8283292617990565,-0.3189041378669791
101150,Lou Williams,LAL,2015-16,Scorer,Very Good,67,1906.7116666666664,1028,169,167,62,19,107,0.408,0.344,0.83,0.584,0.488,0.221,0.104,100.9,111.0,-10.2,1.56,0.015,0.072,0.149,0.043,14.400000000000006,0.7818019598511411,0.1453877550022138,-0.8039388014478578,-0.22370011516890057
203512,Lucas Nogueira,TOR,2015-16,Scorer,Average,29,224.73,65,46,7,12,12,11,0.636,0.333,0.533,0.642,0.648,0.12,0.075,107.8,103.5,4.3,0.64,0.079,0.117,0.044,0.099,21.900000000000006,-0.32041605013054014,-1.0332164567382178,-0.4168837261765903,-0.3719304472347358
201158,Marco Belinelli,SAC,2015-16,Scorer,Average,68,1671.6816666666666,696,117,127,37,2,80,0.386,0.306,0.833,0.5,0.457,0.193,0.063,101.0,106.7,-5.7,1.59,0.006,0.064,0.117,0.034,18.700000000000003,-0.14286602429296075,-0.18156480460866814,-1.0565713765405749,-0.402085973966071
201977,Marcus Thornton,WAS,2015-16,Scorer,Average,61,1108.0783333333334,590,150,84,47,4,51,0.399,0.337,0.848,0.511,0.482,0.235,0.091,104.8,104.0,0.8,1.65,0.032,0.099,0.125,0.065,21.400000000000006,0.1510453338767421,-0.29485030478987584,-0.5740805998345315,-0.11959979394314953
2588,Matt Bonner,SAS,2015-16,Scorer,Average,30,205.91166666666663,76,27,9,6,1,3,0.509,0.441,0.75,0.647,0.64,0.14,0.094,111.8,97.8,14.0,3.0,0.018,0.119,0.061,0.073,27.60000000000001,-0.13748608958213407,-0.9303569673999486,-0.7985289311879183,-0.21048908111624046
201563,Michael Beasley,HOU,2015-16,Scorer,Very Good,20,362.5866666666666,255,98,16,11,9,24,0.522,0.333,0.776,0.563,0.529,0.284,0.148,100.9,109.3,-8.3,0.67,0.073,0.173,0.086,0.123,16.10000000000001,0.5654759454417061,-0.76415779477065,0.02684366348633116,-0.75342131746938
2399,Mike Dunleavy,CHI,2015-16,Scorer,Average,31,702.6366666666667,222,83,39,14,10,26,0.41,0.394,0.784,0.543,0.513,0.141,0.052,106.5,111.6,-5.2,1.5,0.011,0.105,0.076,0.058,13.800000000000011,-0.6195016285564722,-0.7357014277060421,-0.8410345450728671,-0.8473555172652274
203141,Mirza Teletovic,PHX,2015-16,Scorer,Very Good,79,1685.4766666666667,965,302,89,32,21,84,0.427,0.393,0.774,0.571,0.544,0.229,0.105,103.9,108.4,-4.6,1.06,0.03,0.146,0.088,0.086,17.0,0.7206054630349064,-0.484305021570122,0.0967656852808767,-0.36154392018340725
1626149,Montrezl Harrell,HOU,2015-16,Scorer,Average,39,378.6116666666667,140,65,17,11,11,17,0.644,0.0,0.522,0.635,0.644,0.141,0.078,107.1,102.2,4.9,1.0,0.066,0.098,0.067,0.082,23.200000000000003,-0.1526225103195092,-0.867213516811739,-0.5830436562665151,-0.316028196611767
201156,Nick Young,LAL,2015-16,Scorer,Average,54,1033.41,392,97,34,23,7,30,0.339,0.325,0.829,0.483,0.442,0.182,0.058,98.3,107.9,-9.6,1.13,0.013,0.081,0.058,0.046,17.5,-0.539818717683055,-0.8552176443462436,-0.9567630965577169,-0.5670633451464787
202331,Paul George,IND,2015-16,Scorer,Elite,81,2818.9333333333334,1874,563,329,152,29,265,0.418,0.371,0.86,0.557,0.49,0.296,0.151,104.3,101.5,2.8,1.24,0.027,0.165,0.203,0.097,23.900000000000006,1.7865566334302374,1.0448510293065436,0.9294336929689975,1.368166602280173
203918,Rodney Hood,UTA,2015-16,Scorer,Very Good,79,2541.016666666667,1149,267,213,73,16,125,0.42,0.359,0.86,0.542,0.503,0.215,0.092,106.1,103.0,3.1,1.7,0.016,0.095,0.142,0.056,22.400000000000006,0.5850015676934025,0.2753299824853535,-0.3782921942878168,0.3299598855393337
201583,Ryan Anderson,NOP,2015-16,Scorer,Very Good,66,2008.13,1124,396,73,38,25,90,0.427,0.366,0.873,0.546,0.498,0.238,0.109,107.1,106.9,0.2,0.81,0.062,0.136,0.059,0.097,18.5,0.7582140766908353,-0.7060920294401339,0.48631946949689614,-0.17077387396699173
203930,Sean Kilpatrick,BKN,2015-16,Scorer,Average,31,616.175,345,56,29,12,2,31,0.456,0.342,0.896,0.576,0.528,0.227,0.087,106.0,117.0,-11.0,0.94,0.018,0.074,0.078,0.045,8.400000000000006,0.28743984226141917,-0.7612630342595903,-1.0782912727926734,-1.2662932004337455
203552,Seth Curry,SAC,2015-16,Scorer,Average,44,691.7433333333333,299,60,67,22,3,36,0.455,0.45,0.833,0.603,0.567,0.172,0.091,104.7,107.0,-2.3,1.86,0.013,0.071,0.148,0.042,18.400000000000006,0.006013955333843264,-0.22819903056653018,-1.1058967213720532,-0.5650153565525282
203498,Shabazz Muhammad,MIN,2015-16,Scorer,Very Good,82,1681.985,863,267,52,24,7,70,0.465,0.289,0.764,0.548,0.498,0.222,0.098,101.3,109.1,-7.8,0.74,0.062,0.102,0.055,0.082,16.30000000000001,0.4643015648913195,-0.8058361605489065,-0.04706118236612905,-0.6272075922675692
201939,Stephen Curry,GSW,2015-16,Scorer,Elite,79,2699.975,2375,430,527,169,15,262,0.504,0.454,0.908,0.669,0.63,0.314,0.197,117.5,99.8,17.7,2.01,0.026,0.117,0.315,0.076,25.60000000000001,2.919984980061344,2.40260708464025,0.30900160094322926,1.5025482237726155
203933,T.J. Warren,PHX,2015-16,Scorer,Average,47,1070.19,515,147,44,37,16,32,0.501,0.4,0.703,0.549,0.533,0.195,0.092,102.6,107.3,-4.7,1.38,0.05,0.088,0.068,0.068,18.10000000000001,0.02140625712308968,-0.7622441977736886,-0.5438217726714865,-0.2956942829527569
203584,Troy Daniels,CHA,2015-16,Scorer,Average,43,476.25666666666666,242,57,21,11,3,24,0.476,0.484,0.556,0.634,0.634,0.195,0.098,100.1,105.2,-5.1,0.88,0.014,0.103,0.083,0.057,20.200000000000003,0.31052317598619683,-0.7626122981637103,-0.9227620425528447,-0.5732319337848549
203897,Zach LaVine,MIN,2015-16,Scorer,Very Good,82,2293.483333333333,1150,228,251,69,17,155,0.452,0.389,0.793,0.548,0.516,0.228,0.091,104.2,110.4,-6.2,1.62,0.012,0.089,0.187,0.051,15.0,0.7151942006769546,0.667952652805483,-0.545472230574164,-0.13615269757716084
202692,Alec Burks,UTA,2016-17,Scorer,Average,42,653.04,283,120,30,18,5,35,0.399,0.329,0.769,0.501,0.45,0.212,0.087,104.4,104.9,-0.5,0.86,0.026,0.158,0.074,0.091,20.5,-0.29589383766250954,-0.780053956276921,-0.3224509454228022,-0.4628410626956758
203518,Alex Abrines,OKC,2016-17,Scorer,Average,68,1055.1966666666667,406,86,40,37,8,33,0.393,0.381,0.898,0.56,0.531,0.153,0.052,107.2,107.8,-0.6,1.21,0.016,0.066,0.055,0.04,17.60000000000001,-0.3017663249067522,-0.8499924564169656,-1.0623881868061167,-0.4060113325020884
203459,Allen Crabbe,POR,2016-17,Scorer,Average,79,2254.108333333333,845,226,94,54,20,62,0.468,0.444,0.847,0.602,0.572,0.146,0.074,106.8,109.7,-2.9,1.52,0.008,0.091,0.063,0.05,15.700000000000003,0.20371120216991315,-0.6063478983313614,-0.5635186420461749,-0.2200924771079704
203952,Andrew Wiggins,MIN,2016-17,Scorer,Elite,82,3048.3683333333333,1933,328,189,82,30,187,0.452,0.356,0.76,0.534,0.484,0.286,0.095,111.1,111.3,-0.2,1.01,0.034,0.077,0.104,0.056,14.100000000000009,1.624396267098291,-0.026453435977619594,-0.21643610068423486,0.07719284511628526
201167,Arron Afflalo,SAC,2016-17,Scorer,Average,61,1579.815,515,125,78,21,6,42,0.44,0.411,0.892,0.559,0.514,0.143,0.058,104.8,113.2,-8.5,1.86,0.006,0.077,0.077,0.042,12.200000000000003,-0.3020834481967635,-0.5865758127999324,-0.9334271134338102,-0.9093033127885386
202340,Avery Bradley,BOS,2016-17,Scorer,Very Good,55,1834.49,894,334,122,68,11,88,0.463,0.39,0.731,0.548,0.533,0.215,0.099,110.4,108.7,1.7,1.39,0.035,0.143,0.107,0.09,16.700000000000003,0.4354138073238347,-0.25613979456953184,0.2326324171768868,-0.10733589694975341
203463,Ben McLemore,SAC,2016-17,Scorer,Average,61,1176.2383333333332,495,129,51,29,6,62,0.43,0.382,0.753,0.538,0.507,0.197,0.06,102.5,108.4,-5.9,0.82,0.017,0.096,0.068,0.057,17.0,-0.041268655610671355,-0.7364863585173207,-0.7317187845289448,-0.5443899690444309
201933,Blake Griffin,LAC,2016-17,Scorer,Elite,61,2076.1766666666667,1316,497,300,57,22,142,0.493,0.336,0.76,0.569,0.513,0.276,0.152,116.7,106.2,10.5,2.11,0.057,0.181,0.235,0.122,19.200000000000003,1.306356322682448,1.1179048876760849,1.0728020640640965,0.036867902386369465
202711,Bojan Bogdanovic,WAS,2016-17,Scorer,Very Good,81,2082.855,1113,277,111,34,7,131,0.445,0.367,0.893,0.585,0.53,0.219,0.091,104.1,110.9,-6.8,0.85,0.018,0.111,0.086,0.065,14.5,0.8341761911200436,-0.41458711914851465,-0.23710151970904128,-0.6293523779735551
203078,Bradley Beal,WAS,2016-17,Scorer,Elite,77,2684.0133333333333,1779,240,267,83,21,156,0.482,0.404,0.825,0.604,0.566,0.258,0.119,113.5,107.9,5.6,1.71,0.02,0.07,0.154,0.045,17.5,1.7085933679943126,0.5414451539106268,-0.5900696133982626,0.19626292719525273
201148,Brandan Wright,MEM,2016-17,Scorer,Average,28,446.875,189,78,15,11,20,10,0.615,0.0,0.657,0.628,0.615,0.161,0.116,106.1,102.1,4.0,1.5,0.069,0.101,0.06,0.085,23.30000000000001,-0.010899324797170928,-0.9138964728008362,-0.5103307717648256,-0.2190955530791636
101138,Brandon Bass,LAC,2016-17,Scorer,Very Good,52,576.865,292,129,21,14,11,29,0.575,0.333,0.875,0.65,0.578,0.192,0.122,102.0,114.5,-12.5,0.72,0.076,0.15,0.063,0.113,10.900000000000006,0.41609975561966994,-0.874965364862055,-0.018298143466848216,-1.0076266109057126
201572,Brook Lopez,BKN,2016-17,Scorer,Elite,75,2222.0316666666668,1539,403,176,38,124,184,0.474,0.346,0.81,0.578,0.531,0.286,0.124,104.7,108.5,-3.8,0.96,0.053,0.116,0.143,0.085,16.900000000000006,1.5918351809194267,0.1447990568937548,0.35201726792638954,0.7368475822579844
1627741,Buddy Hield,SAC,2016-17,Scorer,Average,82,1888.1833333333332,866,269,121,38,9,101,0.426,0.391,0.842,0.541,0.523,0.209,0.084,102.0,107.9,-5.8,1.2,0.018,0.12,0.101,0.07,17.5,0.3312759914320165,-0.29352540590137344,-0.19463027685496198,-0.3914079730656546
203468,CJ McCollum,POR,2016-17,Scorer,Elite,80,2795.58,1837,289,285,72,42,172,0.48,0.421,0.912,0.585,0.544,0.268,0.125,109.6,108.9,0.7,1.66,0.021,0.08,0.175,0.051,16.5,1.7149916388277264,0.7256503177459772,-0.38361613697058217,0.23600000388884187
101139,CJ Miles,IND,2016-17,Scorer,Average,76,1776.3516666666667,815,229,48,46,25,40,0.434,0.413,0.903,0.592,0.565,0.179,0.086,107.7,106.0,1.7,1.2,0.017,0.114,0.041,0.065,19.400000000000006,0.36647728031615817,-0.8992020725271006,-0.3644636917249746,-0.035003762915943586
2546,Carmelo Anthony,NYK,2016-17,Scorer,Elite,74,2538.08,1659,438,213,60,34,153,0.433,0.359,0.833,0.535,0.488,0.286,0.118,107.8,112.7,-4.8,1.39,0.023,0.143,0.141,0.082,12.700000000000003,1.432518996013438,0.26971232915043625,0.40666655544063335,-0.19254382858359112
101112,Channing Frye,CLE,2016-17,Scorer,Very Good,74,1397.8316666666667,676,290,45,33,37,53,0.458,0.409,0.851,0.612,0.589,0.193,0.101,110.5,109.3,1.2,0.85,0.027,0.172,0.05,0.103,16.10000000000001,0.48307505176125964,-0.8596822664798605,0.2814992654564584,-0.24218234074048675
1626184,Chasson Randle,NYK,2016-17,Scorer,Average,26,299.0416666666667,137,32,34,9,2,19,0.408,0.34,0.953,0.586,0.49,0.193,0.084,107.2,106.4,0.8,1.79,0.02,0.086,0.173,0.053,19.0,-0.05428016369517789,-0.2091875108307623,-1.0400551243631977,-0.6745777337239547
203081,Damian Lillard,POR,2016-17,Scorer,Elite,75,2693.075,2024,368,440,68,20,197,0.444,0.37,0.895,0.586,0.516,0.304,0.159,111.8,110.4,1.4,2.23,0.017,0.118,0.277,0.067,15.0,2.1191013795754947,1.8690031128699662,0.029835240013859565,-0.11616166850625521
201568,Danilo Gallinari,DEN,2016-17,Scorer,Very Good,63,2134.0066666666667,1145,325,135,40,15,82,0.447,0.389,0.902,0.622,0.531,0.198,0.114,113.9,110.5,3.4,1.65,0.018,0.13,0.09,0.075,14.900000000000006,0.9150716730787822,-0.3038039140727272,0.017657195353694893,-0.46274261829930197
201589,Darrell Arthur,DEN,2016-17,Scorer,Average,41,638.54,262,112,42,19,21,36,0.442,0.453,0.864,0.583,0.565,0.176,0.077,108.2,109.7,-1.5,1.17,0.038,0.133,0.099,0.086,15.700000000000003,-0.10573735093341204,-0.595456327035931,-0.407376245615526,-0.5726227159458156
201942,DeMar DeRozan,TOR,2016-17,Scorer,Elite,74,2620.241666666667,2020,386,290,78,13,180,0.467,0.266,0.842,0.552,0.477,0.337,0.155,111.3,108.7,2.5,1.61,0.027,0.119,0.204,0.074,16.700000000000003,2.1633964610843077,0.9069607210702683,0.1667736346525965,0.016512660439510995
202682,Derrick Williams,CLE,2016-17,Scorer,Average,50,804.315,304,130,28,14,7,28,0.443,0.309,0.652,0.537,0.504,0.175,0.074,103.8,108.2,-4.4,1.0,0.024,0.132,0.054,0.079,17.200000000000003,-0.34577624318452554,-0.8997664056199421,-0.44879301124231297,-0.6779420141061369
1626164,Devin Booker,PHX,2016-17,Scorer,Elite,78,2730.5533333333333,1726,249,268,72,21,241,0.423,0.363,0.832,0.531,0.475,0.28,0.089,107.7,111.6,-3.9,1.11,0.016,0.073,0.16,0.044,13.800000000000011,1.4140429372414076,0.5788307652424685,-0.5789288604499553,-0.13510436280933738
203926,Doug McDermott,OKC,2016-17,Scorer,Average,66,1507.7266666666667,592,179,58,13,5,38,0.447,0.37,0.845,0.554,0.524,0.162,0.077,107.3,109.1,-1.8,1.53,0.013,0.105,0.06,0.058,16.30000000000001,-0.13605350224584842,-0.7556697459402907,-0.5863102010410005,-0.7614175125951457
2548,Dwyane Wade,CHI,2016-17,Scorer,Very Good,60,1792.1966666666667,1096,270,228,86,41,138,0.434,0.31,0.794,0.508,0.457,0.289,0.121,104.3,106.1,-1.8,1.65,0.033,0.113,0.221,0.072,19.30000000000001,0.8941001161864985,0.7743199657788886,-0.16649758966193628,0.5354547111607443
201569,Eric Gordon,HOU,2016-17,Scorer,Very Good,75,2323.465,1217,201,188,48,41,121,0.406,0.372,0.84,0.557,0.527,0.217,0.082,112.3,106.1,6.2,1.55,0.012,0.068,0.125,0.04,19.30000000000001,0.7344437022167002,0.08783759273330398,-0.7572496496846098,0.14172291950489074
203095,Evan Fournier,ORL,2016-17,Scorer,Very Good,68,2233.661666666667,1167,209,202,66,4,141,0.439,0.356,0.805,0.555,0.508,0.229,0.085,104.4,108.8,-4.4,1.43,0.019,0.072,0.144,0.045,16.60000000000001,0.7747969679983154,0.24608868460946698,-0.6723243494918861,-0.20475633835283488
203914,Gary Harris,DEN,2016-17,Scorer,Very Good,57,1782.2883333333334,851,178,164,71,8,76,0.502,0.42,0.776,0.611,0.586,0.183,0.091,116.1,113.9,2.2,2.16,0.027,0.076,0.129,0.051,11.5,0.5303537579638404,0.021995614336854485,-0.678141159757428,-0.4121285104014487
201588,George Hill,UTA,2016-17,Scorer,Very Good,49,1543.9916666666666,829,167,204,50,11,85,0.477,0.403,0.801,0.599,0.554,0.229,0.128,109.8,101.3,8.5,2.4,0.016,0.095,0.227,0.056,24.10000000000001,0.7826202219949835,0.7197132940522737,-0.6436300526543445,0.14094416552695102
101123,Gerald Green,BOS,2016-17,Scorer,Average,47,537.8833333333333,262,84,33,9,7,25,0.409,0.351,0.805,0.524,0.494,0.223,0.081,107.4,107.3,0.0,1.32,0.028,0.122,0.1,0.075,18.10000000000001,-0.09900932986139899,-0.6229558956020582,-0.621807043309637,-0.6768696212531439
201945,Gerald Henderson,PHI,2016-17,Scorer,Average,72,1667.1233333333332,662,185,112,40,15,62,0.423,0.353,0.806,0.529,0.478,0.175,0.073,100.4,108.8,-8.3,1.81,0.02,0.092,0.108,0.055,16.60000000000001,-0.13334521525439488,-0.28731905445799727,-0.6086088924530497,-0.3628596707151474
202330,Gordon Hayward,UTA,2016-17,Scorer,Elite,73,2515.535,1601,394,252,73,20,140,0.471,0.398,0.844,0.595,0.536,0.269,0.158,110.6,103.8,6.8,1.8,0.021,0.136,0.179,0.081,21.60000000000001,1.6092963350352079,0.6266911174484835,0.27717824345468084,0.32342600151202183
203084,Harrison Barnes,DAL,2016-17,Scorer,Very Good,79,2803.51,1518,394,116,65,15,102,0.468,0.351,0.861,0.541,0.498,0.252,0.112,104.0,106.2,-2.2,1.14,0.034,0.117,0.076,0.075,19.200000000000003,1.1162458236708412,-0.4523651958859955,0.200740317626599,0.04893655787135726
203546,Ian Clark,GSW,2016-17,Scorer,Average,77,1136.525,527,121,90,39,8,55,0.487,0.374,0.759,0.575,0.558,0.192,0.092,105.1,103.6,1.5,1.64,0.02,0.078,0.122,0.051,21.80000000000001,0.15675453937748107,-0.28962511686059794,-0.8293837390263488,-0.13851897141755357
202738,Isaiah Thomas,BOS,2016-17,Scorer,Elite,76,2569.451666666667,2199,204,448,70,13,210,0.463,0.379,0.909,0.625,0.546,0.332,0.161,115.1,110.5,4.6,2.13,0.017,0.061,0.305,0.04,14.900000000000006,2.673259852325914,2.0557349368263544,-0.749289513933614,-0.17213665815608895
200755,JJ Redick,LAC,2016-17,Scorer,Very Good,78,2198.1316666666667,1173,171,110,54,13,98,0.445,0.429,0.891,0.599,0.558,0.211,0.089,115.8,106.2,9.6,1.12,0.005,0.07,0.074,0.039,19.200000000000003,0.8989267773437352,-0.4856786504898596,-0.8495906614992484,-0.08527336245621907
203953,Jabari Parker,MIL,2016-17,Scorer,Very Good,51,1727.881666666667,1025,314,142,50,22,93,0.49,0.365,0.743,0.563,0.53,0.257,0.121,108.1,110.6,-2.5,1.53,0.048,0.134,0.137,0.092,14.800000000000011,0.9231076071181428,-0.014016368075249532,0.20504415411294188,-0.2941822083996249
203109,Jae Crowder,BOS,2016-17,Scorer,Very Good,72,2335.3783333333336,999,415,155,73,23,80,0.463,0.398,0.811,0.613,0.572,0.169,0.103,114.1,106.3,7.8,1.94,0.021,0.149,0.097,0.087,19.10000000000001,0.5460321233607307,-0.19088651428154127,0.40933711953973334,0.20689170589748304
1626143,Jahlil Okafor,PHI,2016-17,Scorer,Very Good,50,1133.9833333333331,590,240,58,20,49,91,0.514,0.0,0.671,0.546,0.514,0.244,0.097,96.5,110.1,-13.7,0.64,0.067,0.145,0.097,0.104,15.300000000000011,0.4170434395458942,-0.5478165725483533,0.16156999057787486,-0.3024742309412735
2037,Jamal Crawford,LAC,2016-17,Scorer,Very Good,82,2157.068333333333,1008,129,214,61,14,134,0.413,0.36,0.857,0.525,0.479,0.22,0.079,106.9,107.9,-1.0,1.6,0.008,0.051,0.159,0.03,17.5,0.42272386320079125,0.3745097805012847,-1.0756894507553127,-0.10250930546911752
1627750,Jamal Murray,DEN,2016-17,Scorer,Average,82,1764.6433333333334,811,214,170,51,24,113,0.404,0.334,0.883,0.518,0.483,0.212,0.078,110.2,108.0,2.2,1.5,0.023,0.095,0.142,0.059,17.400000000000006,0.18207091372199247,0.11710325562480797,-0.4807022963080356,-0.11082376232646156
2592,James Jones,CLE,2016-17,Scorer,Average,48,380.605,132,37,14,6,10,10,0.478,0.47,0.65,0.655,0.647,0.133,0.067,97.7,110.6,-12.9,1.4,0.008,0.089,0.062,0.049,14.800000000000011,-0.10260483423637472,-0.90634085745334,-1.0777468486635926,-0.8714917457222203
1627759,Jaylen Brown,BOS,2016-17,Scorer,Average,78,1341.3266666666666,515,220,64,35,18,68,0.455,0.343,0.685,0.54,0.509,0.176,0.071,101.8,106.2,-4.4,0.94,0.033,0.127,0.077,0.081,19.200000000000003,-0.16914072792251053,-0.6380914913126683,-0.18450963010307736,-0.2315519382687832
201145,Jeff Green,ORL,2016-17,Scorer,Average,69,1533.745,638,214,81,37,13,75,0.394,0.275,0.863,0.505,0.442,0.2,0.077,98.5,107.8,-9.2,1.08,0.023,0.109,0.089,0.065,17.60000000000001,-0.10486160686866397,-0.5081248988139109,-0.4042643704799538,-0.3554240124867258
202710,Jimmy Butler III,CHI,2016-17,Scorer,Elite,76,2808.9566666666665,1816,470,417,143,32,159,0.455,0.367,0.865,0.586,0.492,0.261,0.164,108.0,104.7,3.3,2.62,0.044,0.118,0.243,0.081,20.700000000000003,1.6543216730141073,1.593369999069,0.47883501581324195,1.117251767686175
201975,Jodie Meeks,ORL,2016-17,Scorer,Average,36,737.6216666666667,327,77,45,34,4,36,0.402,0.409,0.878,0.567,0.512,0.192,0.081,105.9,111.7,-5.8,1.25,0.007,0.1,0.089,0.052,13.700000000000003,-0.03321553658430254,-0.6405937864180886,-0.9333927424029407,-0.7067085100223746
203925,Joe Harris,BKN,2016-17,Scorer,Average,52,1138.375,428,147,54,30,8,55,0.425,0.385,0.714,0.558,0.543,0.159,0.061,97.9,109.1,-11.2,0.98,0.013,0.103,0.076,0.058,16.30000000000001,-0.2534132284283399,-0.6805060578709681,-0.6712183157182894,-0.5549219506346251
2207,Joe Johnson,UTA,2016-17,Scorer,Average,78,1842.9283333333333,715,243,144,36,18,69,0.436,0.411,0.818,0.542,0.521,0.181,0.095,107.6,104.3,3.3,2.09,0.019,0.115,0.125,0.069,21.10000000000001,0.023126541145518462,-0.07406882544957981,-0.2763577743349395,-0.10955669273641609
203954,Joel Embiid,PHI,2016-17,Scorer,Elite,31,786.06,627,243,66,27,76,117,0.466,0.367,0.783,0.584,0.508,0.356,0.174,102.8,98.7,4.1,0.56,0.08,0.218,0.174,0.152,26.700000000000003,1.4808863169227455,-0.08581973518102051,0.7810335329535248,0.713030133274197
203903,Jordan Clarkson,LAL,2016-17,Scorer,Very Good,82,2396.555,1205,246,213,88,8,164,0.445,0.329,0.798,0.526,0.5,0.228,0.084,104.2,112.6,-8.3,1.3,0.02,0.083,0.143,0.05,12.800000000000011,0.6290715954641432,0.2809476358202707,-0.5104510703728693,-0.1596042628857918
203895,Jordan McRae,CLE,2016-17,Scorer,Average,37,383.50666666666666,161,41,19,8,6,14,0.387,0.353,0.794,0.488,0.447,0.208,0.059,104.9,112.8,-7.9,1.36,0.015,0.088,0.083,0.052,12.600000000000009,-0.4874839062214558,-0.7699716808083868,-1.0289143714148907,-1.0204991609667924
203909,KJ McDaniels,BKN,2016-17,Scorer,Average,49,505.51,206,82,13,19,18,29,0.456,0.303,0.842,0.555,0.515,0.18,0.076,103.6,107.2,-3.6,0.45,0.03,0.125,0.04,0.079,18.200000000000003,-0.27693077652367526,-1.0336089221438574,-0.5761551832582462,-0.4560884203312767
202695,Kawhi Leonard,SAS,2016-17,Scorer,Elite,74,2474.48,1888,430,260,133,55,154,0.485,0.38,0.88,0.61,0.541,0.306,0.174,113.8,105.1,8.7,1.69,0.034,0.143,0.182,0.089,20.30000000000001,2.1728869578539505,0.6729816080319413,0.4746171069040731,1.2228379403539231
203484,Kentavious Caldwell-Pope,DET,2016-17,Scorer,Average,76,2528.4933333333333,1047,248,193,89,12,86,0.399,0.35,0.832,0.519,0.481,0.187,0.078,105.4,108.6,-3.3,2.24,0.02,0.079,0.111,0.048,16.80000000000001,0.17496754619870836,0.027588902656154102,-0.5306236218148994,0.1262456562628205
201142,Kevin Durant,GSW,2016-17,Scorer,Elite,62,2070.36,1555,513,300,66,99,138,0.537,0.375,0.875,0.651,0.594,0.271,0.186,118.0,102.3,15.7,2.17,0.02,0.207,0.218,0.122,23.10000000000001,1.9109464756495813,1.022404780982492,1.1152561214027408,1.1383081297608215
203114,Khris Middleton,MIL,2016-17,Scorer,Average,29,889.0466666666666,426,123,99,41,7,65,0.45,0.433,0.88,0.57,0.518,0.227,0.104,110.8,105.4,5.4,1.52,0.014,0.135,0.175,0.076,20.0,0.3115476885141535,0.04122773179105954,-0.5055856242420108,-0.2336721246331075
202691,Klay Thompson,GSW,2016-17,Scorer,Elite,78,2649.04,1742,285,160,66,40,128,0.468,0.414,0.853,0.592,0.565,0.258,0.109,116.5,102.4,14.1,1.25,0.02,0.081,0.09,0.053,23.0,1.6133004230902992,-0.21181163101427053,-0.3687503426958827,0.5355022860745918
2594,Kyle Korver,CLE,2016-17,Scorer,Average,67,1753.0666666666666,678,186,110,34,21,69,0.464,0.451,0.905,0.635,0.621,0.147,0.081,105.2,110.8,-5.7,1.59,0.004,0.1,0.093,0.053,14.600000000000009,0.27927850732431686,-0.37894323712643224,-0.6314348224787452,-0.48183241442558905
202681,Kyrie Irving,CLE,2016-17,Scorer,Elite,72,2524.63,1816,230,418,83,24,180,0.473,0.401,0.905,0.58,0.535,0.295,0.135,116.7,110.3,6.4,2.32,0.02,0.068,0.278,0.045,15.100000000000009,1.8689128459861664,1.7936675571134415,-0.6166033992349154,0.08560409908566473
2571,Leandro Barbosa,PHX,2016-17,Scorer,Average,67,963.3983333333332,419,104,81,31,8,48,0.439,0.357,0.889,0.509,0.483,0.201,0.083,104.2,107.2,-3.0,1.69,0.015,0.093,0.128,0.054,18.200000000000003,-0.23260259603762848,-0.289036418752139,-0.8362722120346175,-0.4329267051022587
101150,Lou Williams,HOU,2016-17,Scorer,Elite,81,1993.4133333333332,1421,202,239,80,20,160,0.429,0.365,0.88,0.593,0.511,0.277,0.133,110.1,109.1,0.9,1.49,0.012,0.084,0.193,0.048,16.30000000000001,1.5266183114376972,0.6575022769469272,-0.6526790366635022,0.08455576431784202
1627781,Malachi Richardson,SAC,2016-17,Scorer,Average,22,198.1183333333333,79,23,11,5,1,8,0.412,0.286,0.789,0.517,0.471,0.189,0.057,99.0,103.2,-4.2,1.38,0.015,0.099,0.092,0.058,22.200000000000003,-0.5198987279691134,-0.7488503313728379,-1.0002372600927838,-0.5381256893218666
201158,Marco Belinelli,CHA,2016-17,Scorer,Average,74,1777.5633333333333,780,178,147,44,9,70,0.429,0.36,0.893,0.566,0.512,0.187,0.088,106.9,107.5,-0.6,2.1,0.008,0.093,0.131,0.05,17.900000000000006,0.25114498295422155,-0.029323831473061595,-0.6908808140621082,-0.3057379254159817
202694,Marcus Morris Sr.,DET,2016-17,Scorer,Average,79,2565.09,1105,366,160,52,25,87,0.418,0.331,0.784,0.508,0.477,0.201,0.08,104.3,106.3,-2.0,1.84,0.027,0.116,0.095,0.069,19.10000000000001,0.2563880349100717,-0.1837233643396844,0.05000779145588957,0.009538012199077425
201563,Michael Beasley,MIL,2016-17,Scorer,Very Good,56,934.5,528,193,53,27,27,66,0.532,0.419,0.743,0.584,0.554,0.243,0.116,107.5,109.3,-1.9,0.8,0.045,0.162,0.096,0.105,16.10000000000001,0.5822780994136164,-0.5718326824949618,0.04960085145028714,-0.40552515840108355
1627851,Mindaugas Kuzminskas,NYK,2016-17,Scorer,Average,68,1016.3083333333332,425,126,69,29,11,51,0.428,0.321,0.809,0.533,0.501,0.186,0.075,105.6,105.4,0.2,1.35,0.044,0.075,0.102,0.059,20.0,-0.20086206455068212,-0.4792517013280462,-0.71419961167058,-0.31753862388056064
203141,Mirza Teletovic,MIL,2016-17,Scorer,Average,70,1133.3583333333331,451,162,48,12,13,37,0.373,0.341,0.778,0.515,0.498,0.188,0.061,106.8,103.9,2.9,1.3,0.01,0.132,0.063,0.073,21.5,-0.2703868798439912,-0.7756136991589218,-0.44032282239310594,-0.3853148532514647
1626149,Montrezl Harrell,HOU,2016-17,Scorer,Very Good,58,1063.5583333333334,527,219,64,20,42,44,0.652,0.143,0.628,0.662,0.654,0.17,0.108,114.3,109.0,5.3,1.45,0.075,0.123,0.097,0.099,16.400000000000006,0.4931295835860143,-0.5257384246143236,0.04215076879750268,-0.3086663364083287
2403,Nene,HOU,2016-17,Scorer,Very Good,67,1197.73,609,282,65,56,39,73,0.617,0.333,0.589,0.63,0.621,0.191,0.11,110.4,102.0,8.4,0.89,0.074,0.147,0.088,0.111,23.400000000000006,0.5230327608546251,-0.5726176133062404,0.3621894712245786,0.4452730627082014
201156,Nick Young,LAL,2016-17,Scorer,Very Good,60,1556.2666666666669,791,138,58,37,14,36,0.43,0.404,0.856,0.588,0.564,0.192,0.075,106.4,112.6,-6.2,1.61,0.015,0.074,0.057,0.043,12.800000000000011,0.4214658279813172,-0.7725227059450424,-0.8861935375414813,-0.6273289887212654
1626181,Norman Powell,TOR,2016-17,Scorer,Average,76,1367.6516666666666,636,169,82,52,14,70,0.449,0.324,0.792,0.552,0.504,0.208,0.087,109.3,106.5,2.8,1.17,0.02,0.107,0.094,0.063,18.900000000000006,0.2209841533036311,-0.47635694081698643,-0.5491457153542518,-0.11350502684462103
1626192,Pat Connaughton,POR,2016-17,Scorer,Average,39,315.94666666666666,98,52,28,6,2,17,0.514,0.515,0.778,0.645,0.632,0.127,0.088,101.8,105.9,-4.1,1.65,0.032,0.13,0.137,0.082,19.5,-0.22822215232615176,-0.43350117882181205,-0.6175375778541637,-0.6762844850141391
202331,Paul George,IND,2016-17,Scorer,Elite,75,2689.346666666667,1775,492,251,119,27,220,0.461,0.393,0.898,0.587,0.534,0.287,0.136,110.2,107.2,3.1,1.14,0.023,0.161,0.157,0.094,18.200000000000003,1.8208046366895367,0.49942305275796617,0.7028248506147219,0.6711050495275694
203918,Rodney Hood,UTA,2016-17,Scorer,Average,59,1593.2733333333333,748,202,96,38,11,65,0.408,0.371,0.783,0.522,0.494,0.227,0.086,107.2,103.2,4.0,1.48,0.011,0.117,0.102,0.066,22.200000000000003,0.26931590679989253,-0.3799000356249129,-0.4233652591792568,-0.09502607232684739
200752,Rudy Gay,SAC,2016-17,Scorer,Very Good,30,1012.8916666666668,562,190,83,44,26,74,0.455,0.372,0.855,0.559,0.502,0.246,0.125,108.6,106.3,2.3,1.12,0.034,0.156,0.14,0.094,19.10000000000001,0.48582020422027267,-0.21426519608845562,-0.0984954816521919,-0.06323542730434555
201583,Ryan Anderson,HOU,2016-17,Scorer,Very Good,72,2116.391666666667,979,330,68,31,14,55,0.418,0.403,0.86,0.583,0.55,0.178,0.079,115.9,107.0,8.9,1.24,0.052,0.103,0.046,0.077,18.400000000000006,0.42596739722842364,-0.7975199794057493,0.056403396881381906,-0.36047098607392297
203930,Sean Kilpatrick,BKN,2016-17,Scorer,Very Good,70,1753.5566666666666,919,280,157,45,6,135,0.415,0.341,0.843,0.546,0.486,0.232,0.099,103.3,109.6,-6.3,1.16,0.012,0.136,0.147,0.075,15.800000000000011,0.5664556533050874,0.09735553510899667,-0.10174484091124258,-0.4491137720908424
203552,Seth Curry,DAL,2016-17,Scorer,Very Good,70,2029.03,898,179,189,79,7,92,0.481,0.425,0.85,0.601,0.578,0.193,0.103,105.0,105.2,-0.2,2.05,0.013,0.084,0.159,0.047,20.200000000000003,0.5802772163716593,0.28251749744282806,-0.7264463983924838,0.17181060203264673
203498,Shabazz Muhammad,MIN,2016-17,Scorer,Very Good,78,1515.5216666666668,772,220,35,22,6,56,0.482,0.338,0.774,0.566,0.523,0.209,0.094,106.3,107.9,-1.6,0.63,0.055,0.094,0.038,0.074,17.5,0.4064263969160192,-0.9638910197222499,-0.27368721023583953,-0.5875421720878632
203933,T.J. Warren,PHX,2016-17,Scorer,Average,66,2048.03,951,339,75,76,39,57,0.495,0.265,0.773,0.539,0.511,0.188,0.091,107.0,113.4,-6.4,1.32,0.057,0.103,0.056,0.079,12.0,0.2274084548707658,-0.7155856068002091,0.10576311274372999,-0.017302974089889494
203501,Tim Hardaway Jr.,ATL,2016-17,Scorer,Very Good,79,2153.475,1143,224,182,55,15,106,0.455,0.357,0.766,0.568,0.537,0.218,0.104,106.9,103.9,3.0,1.72,0.016,0.083,0.137,0.05,21.5,0.7512920615631176,0.13317128481828117,-0.5688253992135054,0.08045868110209364
202699,Tobias Harris,DET,2016-17,Scorer,Very Good,82,2566.443333333333,1321,416,142,60,39,96,0.481,0.347,0.841,0.568,0.532,0.214,0.113,105.5,106.1,-0.5,1.48,0.024,0.14,0.087,0.08,19.30000000000001,0.8503746431494211,-0.2948990348211111,0.32281291799063666,0.24582434675848888
203503,Tony Snell,MIL,2016-17,Scorer,Average,80,2335.655,683,248,96,55,14,55,0.455,0.406,0.81,0.603,0.588,0.121,0.065,108.0,109.8,-1.8,1.75,0.01,0.098,0.058,0.055,15.600000000000009,-0.09040944017233499,-0.627076782361271,-0.4414460416821373,-0.27631136569304354
203584,Troy Daniels,MEM,2016-17,Scorer,Average,67,1183.3016666666667,551,100,46,20,4,45,0.374,0.389,0.796,0.531,0.513,0.203,0.065,104.9,104.3,0.6,1.02,0.017,0.068,0.065,0.041,21.10000000000001,0.003015823532870577,-0.7717377751337637,-1.0125012323301226,-0.4169829957924223
201961,Wayne Ellington,MIA,2016-17,Scorer,Average,62,1499.7166666666667,648,132,70,35,4,30,0.416,0.378,0.86,0.565,0.55,0.174,0.082,108.0,105.2,2.7,2.33,0.012,0.076,0.07,0.043,20.200000000000003,0.055069520930063565,-0.6553369167230592,-0.902113809043473,-0.314441759262296
202083,Wesley Matthews,DAL,2016-17,Scorer,Average,73,2494.805,986,259,210,77,15,102,0.393,0.363,0.816,0.533,0.496,0.193,0.081,104.0,107.7,-3.7,2.06,0.007,0.105,0.138,0.054,17.700000000000003,0.25494586058671903,0.2418202951786699,-0.4249985315664996,0.08514090055684666
203897,Zach LaVine,MIN,2016-17,Scorer,Very Good,47,1748.8033333333333,889,160,139,41,10,85,0.459,0.387,0.836,0.576,0.544,0.215,0.095,108.4,111.2,-2.8,1.64,0.011,0.087,0.128,0.048,14.200000000000003,0.5918990763373894,-0.07561432205651944,-0.7641209371774438,-0.5440968479110047
202692,Alec Burks,UTA,2017-18,Scorer,Average,64,1058.66,494,192,67,37,8,60,0.411,0.331,0.863,0.527,0.467,0.221,0.101,104.3,105.3,-1.0,1.12,0.019,0.168,0.104,0.094,20.10000000000001,0.07080886677342557,-0.47537577730288827,-0.09318872448486133,-0.2591246448783319
203459,Allen Crabbe,BKN,2017-18,Scorer,Average,75,2197.2,990,324,117,47,35,78,0.407,0.378,0.852,0.558,0.529,0.183,0.084,106.9,108.8,-1.9,1.5,0.012,0.13,0.082,0.07,16.60000000000001,0.3275640407345201,-0.41497958455415385,-0.048694454753371724,-0.08798085008551342
203952,Andrew Wiggins,MIN,2017-18,Scorer,Very Good,82,2978.7033333333334,1452,358,160,91,51,138,0.438,0.331,0.643,0.505,0.481,0.228,0.076,112.5,108.9,3.5,1.16,0.028,0.094,0.08,0.061,16.5,0.6871271213414468,-0.2679881643634428,-0.07313647165087506,0.5239230757444213
1627790,Ante Zizic,CLE,2017-18,Scorer,Very Good,32,214.24,119,60,5,2,13,11,0.731,0.0,0.724,0.746,0.731,0.171,0.132,105.7,114.9,-9.1,0.45,0.112,0.179,0.039,0.145,10.5,0.6864943425305835,-1.0686641060574806,0.20628767201001696,-1.1352299081791122
201229,Anthony Tolliver,DET,2017-18,Scorer,Very Good,79,1757.055,703,241,90,32,21,58,0.464,0.436,0.797,0.663,0.632,0.144,0.086,105.9,105.0,0.9,1.55,0.027,0.109,0.076,0.067,20.400000000000006,0.435436798096035,-0.5480371702667904,-0.30714384011163065,-0.16177802501509822
202340,Avery Bradley,LAC,2017-18,Scorer,Average,46,1433.07,656,116,94,51,8,101,0.414,0.369,0.768,0.496,0.474,0.229,0.06,104.0,108.3,-4.2,0.93,0.014,0.068,0.105,0.04,17.10000000000001,0.06895522794468685,-0.37040645826483776,-0.9827868292961583,-0.2903295888904725
203463,Ben McLemore,MEM,2017-18,Scorer,Average,56,1090.62,422,139,51,38,15,61,0.421,0.346,0.828,0.526,0.495,0.182,0.056,97.9,111.4,-13.5,0.84,0.03,0.101,0.078,0.064,14.0,-0.27233019302117484,-0.6803098251681484,-0.6160074185595299,-0.5363445517204785
202711,Bojan Bogdanovic,IND,2017-18,Scorer,Very Good,80,2464.4616666666666,1141,270,119,55,8,106,0.474,0.402,0.868,0.605,0.565,0.185,0.091,106.4,104.9,1.5,1.12,0.012,0.097,0.071,0.055,20.5,0.7198226950717931,-0.4694143885935669,-0.3830717128415012,-0.049118241968916586
203078,Bradley Beal,WAS,2017-18,Scorer,Elite,82,2976.701666666667,1857,363,373,96,36,214,0.46,0.375,0.791,0.564,0.527,0.268,0.125,108.7,106.3,2.4,1.74,0.021,0.101,0.206,0.062,19.10000000000001,1.6093463572077817,1.223610407494179,-0.04712992442786834,0.5767300855186004
201572,Brook Lopez,LAL,2017-18,Scorer,Very Good,74,1734.9466666666667,961,294,126,30,98,98,0.465,0.345,0.703,0.557,0.536,0.23,0.092,106.2,108.6,-2.3,1.29,0.041,0.12,0.113,0.081,16.80000000000001,0.6449958425363791,-0.20771510927067535,0.011840385088153133,0.38502714716665337
1627741,Buddy Hield,SAC,2017-18,Scorer,Very Good,80,2024.2316666666663,1079,307,155,85,22,124,0.446,0.431,0.877,0.557,0.54,0.236,0.109,103.1,107.2,-4.1,1.25,0.027,0.129,0.127,0.076,18.200000000000003,0.7740143088637104,-0.022356914234024396,-0.017363964847599805,0.2682313896096011
203468,CJ McCollum,POR,2017-18,Scorer,Elite,81,2923.67,1732,321,272,77,35,151,0.443,0.397,0.836,0.536,0.506,0.259,0.109,107.3,105.8,1.6,1.8,0.017,0.089,0.156,0.053,19.60000000000001,1.293227388493409,0.5710789171921525,-0.27322871368393276,0.3991240632123523
101139,CJ Miles,TOR,2017-18,Scorer,Average,70,1336.5,699,152,55,37,21,39,0.379,0.361,0.835,0.545,0.516,0.214,0.077,109.8,101.8,8.0,1.41,0.013,0.097,0.061,0.055,23.60000000000001,0.2703166749691146,-0.7610911665723883,-0.6961703857140039,0.0780437498348698
1626224,Cedi Osman,CLE,2017-18,Scorer,Average,61,672.4933333333333,238,120,41,22,3,32,0.484,0.368,0.565,0.577,0.57,0.151,0.067,111.8,107.9,3.9,1.28,0.028,0.149,0.084,0.089,17.5,-0.34036219411826174,-0.6834008183820277,-0.3479302540321628,-0.6178945640970809
202718,Chandler Parsons,MEM,2017-18,Scorer,Average,36,691.3833333333333,284,90,69,18,11,35,0.462,0.421,0.63,0.578,0.571,0.18,0.092,105.7,111.7,-6.0,1.97,0.021,0.117,0.158,0.068,13.700000000000003,-0.0891778271914,-0.1646631145726813,-0.6950643519404072,-0.8016680690138579
101112,Channing Frye,LAL,2017-18,Scorer,Average,53,694.8583333333333,264,135,38,18,13,21,0.491,0.339,0.895,0.599,0.583,0.151,0.092,111.9,103.7,8.2,1.81,0.019,0.164,0.077,0.097,21.700000000000003,-0.19582652543726908,-0.7337634656934632,-0.20621234083974121,-0.31139574061169234
201584,Courtney Lee,NYK,2017-18,Scorer,Average,76,2309.978333333333,913,224,180,80,17,84,0.454,0.406,0.919,0.564,0.529,0.165,0.085,105.3,110.8,-5.5,2.14,0.013,0.082,0.113,0.048,14.600000000000009,0.17457211305051754,-0.009011777864408904,-0.594304707822866,-0.04567957527553009
1628391,D.J. Wilson,MIL,2017-18,Scorer,Average,22,71.09833333333333,21,10,3,3,1,4,0.563,0.4,0.5,0.622,0.625,0.127,0.065,82.2,112.9,-30.7,0.75,0.029,0.157,0.075,0.083,12.5,-0.4152539527267218,-0.8737879686451371,-0.716239824063425,-1.1287687631786654
201568,Danilo Gallinari,LAC,2017-18,Scorer,Average,21,671.055,321,101,41,13,10,26,0.398,0.324,0.931,0.545,0.469,0.205,0.103,104.5,104.2,0.3,1.58,0.013,0.133,0.097,0.073,21.200000000000003,-0.06816195979477642,-0.6103713250281038,-0.6021789159966878,-0.42293228483722095
203121,Darius Miller,NOP,2017-18,Scorer,Average,82,1944.44,637,164,111,28,17,58,0.444,0.411,0.866,0.617,0.594,0.124,0.056,108.1,108.7,-0.6,1.91,0.009,0.07,0.076,0.041,16.700000000000003,-0.021575338001750488,-0.4707636524976868,-0.8426850029755447,-0.46108563046379575
201942,DeMar DeRozan,TOR,2017-18,Scorer,Elite,80,2711.721666666667,1840,315,417,85,22,175,0.456,0.31,0.825,0.555,0.488,0.286,0.135,114.2,106.5,7.7,2.38,0.021,0.091,0.245,0.057,18.900000000000006,1.677397676703702,1.6046053057388345,-0.23819036796720314,0.3093596621442531
201565,Derrick Rose,MIN,2017-18,Scorer,Average,25,419.24,209,35,37,7,4,35,0.435,0.233,0.87,0.507,0.454,0.245,0.068,107.7,113.9,-6.2,1.06,0.033,0.053,0.136,0.043,11.5,-0.07337773327013457,-0.4060016102556849,-1.1594915316590049,-1.1157255944657027
1626164,Devin Booker,PHX,2017-18,Scorer,Elite,54,1865.2966666666664,1346,244,253,47,14,194,0.432,0.383,0.878,0.561,0.501,0.301,0.123,102.9,112.2,-9.3,1.3,0.013,0.112,0.233,0.062,13.200000000000003,1.465262552621491,0.9337240888563522,-0.36288197588403637,-0.5002134893183454
1628415,Dillon Brooks,MEM,2017-18,Scorer,Average,82,2349.8316666666665,898,257,135,73,17,124,0.44,0.356,0.747,0.531,0.501,0.184,0.063,102.4,107.4,-5.0,1.09,0.021,0.092,0.092,0.056,18.0,0.11416534361240165,-0.29256860740289276,-0.4048259801244695,0.08155677932459458
1628378,Donovan Mitchell,UTA,2017-18,Scorer,Elite,79,2638.11,1616,296,291,118,27,215,0.437,0.34,0.805,0.541,0.506,0.283,0.109,108.3,101.5,6.8,1.35,0.02,0.093,0.189,0.057,23.900000000000006,1.413853362972514,0.8263756123688482,-0.2886045610568434,0.9956453343714223
203926,Doug McDermott,DAL,2017-18,Scorer,Average,81,1768.0016666666668,630,200,79,19,16,56,0.467,0.426,0.79,0.579,0.557,0.144,0.069,103.9,105.1,-1.2,1.41,0.022,0.087,0.065,0.055,20.30000000000001,-0.09748011493475339,-0.650307961496601,-0.5688082136980706,-0.35293853073346587
202734,E'Twaun Moore,NOP,2017-18,Scorer,Average,82,2585.858333333333,1022,238,187,79,12,102,0.508,0.425,0.706,0.593,0.585,0.158,0.073,108.7,106.1,2.6,1.83,0.023,0.065,0.099,0.045,19.30000000000001,0.36774252203075547,-0.061901085296882236,-0.5953763705655931,0.16951871450345754
201569,Eric Gordon,HOU,2017-18,Scorer,Very Good,69,2153.983333333333,1243,170,154,44,27,130,0.428,0.359,0.809,0.578,0.54,0.238,0.09,116.4,103.5,13.0,1.18,0.011,0.065,0.113,0.039,21.900000000000006,1.0269919580462243,-0.10468375224520385,-0.8522440400829137,0.111395126837334
203095,Evan Fournier,ORL,2017-18,Scorer,Very Good,57,1837.215,1013,180,165,47,16,95,0.459,0.379,0.867,0.577,0.538,0.226,0.093,107.1,110.3,-3.2,1.74,0.012,0.084,0.138,0.048,15.100000000000009,0.767564382779223,0.07623418567344786,-0.7110533655041382,-0.36834467871814525
1626163,Frank Kaminsky,CHA,2017-18,Scorer,Average,79,1835.1883333333333,873,288,129,36,19,66,0.429,0.38,0.799,0.545,0.501,0.202,0.098,107.7,110.0,-2.3,1.95,0.023,0.139,0.113,0.078,15.400000000000006,0.3079508043138872,-0.19667603530366054,-0.042298849327879445,-0.43434087651550835
203914,Gary Harris,DEN,2017-18,Scorer,Very Good,67,2304.55,1170,176,194,122,15,119,0.485,0.396,0.827,0.597,0.57,0.204,0.098,111.7,108.2,3.5,1.63,0.016,0.061,0.128,0.039,17.200000000000003,0.8340848836930994,0.1267687006720853,-0.8363237685809221,0.5220248952561325
101123,Gerald Green,HOU,2017-18,Scorer,Average,41,929.155,497,133,25,24,15,31,0.407,0.369,0.85,0.566,0.54,0.219,0.088,107.3,102.7,4.6,0.81,0.016,0.124,0.045,0.069,22.700000000000003,0.28131526134026996,-0.961364359601212,-0.56822941853812,-0.1702379599261731
203507,Giannis Antetokounmpo,MIL,2017-18,Scorer,Elite,75,2756.2033333333334,2014,753,361,109,106,223,0.529,0.307,0.76,0.598,0.545,0.307,0.186,109.4,106.5,2.8,1.62,0.06,0.218,0.237,0.141,18.900000000000006,2.202461770882344,1.3536013650085539,1.9941204132713328,1.4078993489218314
203084,Harrison Barnes,DAL,2017-18,Scorer,Very Good,77,2634.47,1452,468,152,49,14,118,0.445,0.357,0.827,0.539,0.494,0.247,0.114,103.4,109.5,-6.1,1.29,0.028,0.154,0.101,0.089,15.900000000000006,1.0206125114514084,-0.17945497490888712,0.5754454930833537,-0.32085314080806454
203546,Ian Clark,NOP,2017-18,Scorer,Average,74,1454.34,551,127,110,33,10,57,0.448,0.318,0.763,0.529,0.511,0.168,0.062,107.1,106.0,1.0,1.93,0.007,0.074,0.107,0.043,19.400000000000006,-0.264636121124123,-0.30029609043759103,-0.9153807019617994,-0.3214634411600866
200755,JJ Redick,PHI,2017-18,Scorer,Very Good,70,2115.853333333333,1198,178,210,35,6,103,0.46,0.42,0.904,0.614,0.569,0.206,0.108,109.4,102.4,7.0,2.04,0.004,0.071,0.149,0.04,23.0,0.9661161333533084,0.3036144818627593,-0.8182773571089113,-0.12969374111754395
203953,Jabari Parker,MIL,2017-18,Scorer,Average,31,742.7483333333333,391,151,59,25,10,45,0.482,0.383,0.741,0.55,0.529,0.228,0.111,105.9,109.7,-3.9,1.31,0.055,0.145,0.129,0.1,15.700000000000003,0.17927723391729541,-0.3643719745086636,-0.12553932058705586,-0.6217466423497418
1626143,Jahlil Okafor,BKN,2017-18,Scorer,Average,28,352.83166666666665,176,85,12,3,18,21,0.558,0.25,0.724,0.584,0.562,0.216,0.105,92.6,115.2,-22.6,0.57,0.058,0.19,0.07,0.122,10.200000000000003,0.13078065971598837,-0.8687590134186787,-0.0203899124059978,-1.0919076277402882
1627750,Jamal Murray,DEN,2017-18,Scorer,Very Good,81,2564.718333333333,1352,297,274,79,28,172,0.451,0.378,0.905,0.576,0.529,0.223,0.096,113.9,110.2,3.7,1.59,0.033,0.087,0.159,0.06,15.200000000000003,0.9843548882319467,0.5952912598415808,-0.24773221955913732,0.09050397084965685
203516,James Ennis III,DET,2017-18,Scorer,Average,72,1604.03,512,224,71,47,18,56,0.474,0.333,0.836,0.588,0.54,0.134,0.073,102.3,107.9,-5.6,1.27,0.045,0.096,0.069,0.07,17.5,-0.20432268369626816,-0.6572748787356382,-0.31403231311989943,-0.2070985305931945
1627759,Jaylen Brown,BOS,2017-18,Scorer,Very Good,70,2151.745,1017,346,114,70,26,124,0.465,0.395,0.644,0.562,0.54,0.208,0.089,109.0,101.3,7.7,0.92,0.03,0.124,0.081,0.078,24.10000000000001,0.5529172583093388,-0.4316363118560859,0.11159710852470664,0.49993338433927753
201145,Jeff Green,CLE,2017-18,Scorer,Very Good,78,1827.8,846,246,99,41,34,75,0.477,0.312,0.868,0.587,0.52,0.19,0.09,109.9,106.2,3.7,1.32,0.034,0.095,0.081,0.066,19.200000000000003,0.44077051889389257,-0.4868316816911599,-0.3066166014979846,-0.007504336589751241
203087,Jeremy Lamb,CHA,2017-18,Scorer,Very Good,80,1967.36,1033,324,186,61,32,93,0.457,0.37,0.861,0.559,0.513,0.22,0.116,109.3,107.9,1.3,2.0,0.024,0.14,0.154,0.08,17.5,0.6351488173809715,0.24339015680122705,0.07870208829343116,0.07960504658618793
202710,Jimmy Butler III,MIN,2017-18,Scorer,Very Good,59,2163.9966666666664,1307,314,288,116,24,108,0.474,0.35,0.854,0.59,0.512,0.245,0.151,114.7,106.4,8.3,2.67,0.038,0.112,0.204,0.075,19.0,1.192999298556667,0.8996013384255918,-0.011529969066623152,0.6566723087430181
201975,Jodie Meeks,WAS,2017-18,Scorer,Average,77,1118.7283333333332,487,126,70,29,4,37,0.399,0.343,0.863,0.548,0.491,0.179,0.092,102.3,109.2,-6.8,1.89,0.013,0.102,0.1,0.056,16.200000000000003,-0.12163116219666587,-0.48680731667554233,-0.7524185745846208,-0.6116286370901779
203925,Joe Harris,BKN,2017-18,Scorer,Very Good,78,1974.5983333333331,846,260,128,35,20,91,0.491,0.419,0.827,0.634,0.612,0.161,0.089,105.1,108.4,-3.3,1.41,0.024,0.101,0.101,0.063,17.0,0.4972007405490782,-0.26776756664500556,-0.30768826424071166,-0.34057729537154396
1626202,Joe Young,IND,2017-18,Scorer,Average,53,558.1166666666667,207,63,39,14,1,26,0.43,0.379,0.759,0.521,0.497,0.169,0.07,99.9,106.7,-6.8,1.5,0.02,0.091,0.103,0.055,18.700000000000003,-0.5511311611872235,-0.5840247876632769,-0.9323210796602136,-0.650514785550318
203613,Jonathon Simmons,ORL,2017-18,Scorer,Very Good,69,2029.246666666667,962,239,171,58,16,146,0.465,0.338,0.768,0.555,0.511,0.215,0.077,104.6,111.4,-6.9,1.17,0.03,0.087,0.131,0.059,14.0,0.5244746880978598,0.05898876026305682,-0.4143678317164037,-0.31899982895116724
203903,Jordan Clarkson,CLE,2017-18,Scorer,Very Good,81,1887.3983333333333,1124,217,221,58,6,127,0.451,0.352,0.8,0.542,0.509,0.253,0.115,104.6,106.5,-1.9,1.74,0.029,0.08,0.193,0.055,18.900000000000006,0.8451511628456139,0.5912678331448384,-0.523700777775761,-0.1322765612393296
1628367,Josh Jackson,PHX,2017-18,Scorer,Very Good,77,1959.2183333333328,1012,351,119,80,35,146,0.417,0.263,0.634,0.48,0.448,0.253,0.072,98.6,110.3,-11.7,0.82,0.044,0.123,0.105,0.083,15.100000000000009,0.40989523793493204,-0.27841417520638106,0.18856227296643452,0.16581211430452666
1626147,Justin Anderson,PHI,2017-18,Scorer,Average,38,519.15,236,93,25,15,7,16,0.431,0.33,0.737,0.54,0.515,0.188,0.087,98.3,105.4,-7.2,1.56,0.046,0.12,0.078,0.084,20.0,-0.28249549509640665,-0.7759817995489433,-0.48326974731452665,-0.5030675610292178
201142,Kevin Durant,GSW,2017-18,Scorer,Elite,68,2325.095,1792,464,366,50,119,207,0.516,0.419,0.889,0.64,0.586,0.293,0.168,115.9,108.9,7.0,1.77,0.015,0.169,0.243,0.099,16.5,2.1800164796510146,1.4057057416297485,0.6922285217954955,0.7870947474825636
203114,Khris Middleton,MIL,2017-18,Scorer,Elite,82,2981.965,1652,429,328,119,21,191,0.466,0.359,0.884,0.577,0.524,0.239,0.114,110.3,108.7,1.6,1.72,0.016,0.133,0.172,0.076,16.700000000000003,1.3235448169757178,0.867024084601771,0.30634822235956405,0.5222682529348804
202691,Klay Thompson,GSW,2017-18,Scorer,Very Good,73,2504.2166666666667,1461,277,185,55,34,128,0.489,0.44,0.837,0.599,0.586,0.232,0.103,112.6,105.6,7.1,1.45,0.014,0.089,0.108,0.055,19.80000000000001,1.2603477930261526,-0.018701587927303726,-0.3644980627558443,0.17280754957631791
204001,Kristaps Porziņģis,NYK,2017-18,Scorer,Very Good,48,1553.1683333333333,1088,316,57,36,115,93,0.439,0.395,0.793,0.539,0.489,0.305,0.125,107.1,106.7,0.4,0.61,0.039,0.154,0.063,0.098,18.700000000000003,1.1827022600420745,-0.7424964772578773,0.2867888371083543,0.7308260954428123
2594,Kyle Korver,CLE,2017-18,Scorer,Very Good,73,1573.871666666667,672,165,88,31,27,55,0.459,0.436,0.889,0.652,0.628,0.154,0.083,112.3,104.5,7.8,1.6,0.006,0.093,0.079,0.052,20.900000000000006,0.42339310362821614,-0.5385435929067153,-0.6998954270403963,-0.08205726641022372
1628398,Kyle Kuzma,LAL,2017-18,Scorer,Very Good,77,2400.905,1242,483,141,49,34,140,0.45,0.366,0.707,0.549,0.527,0.219,0.104,105.3,107.5,-2.2,1.01,0.035,0.154,0.091,0.095,17.900000000000006,0.7213731000174298,-0.2761081128037804,0.6916840976664147,-0.000994510647608915
202681,Kyrie Irving,BOS,2017-18,Scorer,Elite,60,1931.425,1466,227,306,65,17,139,0.491,0.408,0.889,0.61,0.568,0.298,0.165,110.0,104.3,5.6,2.2,0.017,0.096,0.282,0.057,21.10000000000001,1.809998252159337,1.4040127423512243,-0.47168768332974753,0.1808053684715575
200746,LaMarcus Aldridge,SAS,2017-18,Scorer,Elite,75,2508.6183333333333,1735,635,152,43,90,111,0.51,0.293,0.837,0.57,0.52,0.288,0.159,108.7,103.3,5.4,1.37,0.098,0.156,0.111,0.127,22.10000000000001,1.702081046041872,-0.12327844155971486,1.5026665801333063,0.7501849311024916
101150,Lou Williams,LAC,2017-18,Scorer,Elite,79,2589.09,1782,198,417,85,19,234,0.435,0.359,0.88,0.574,0.505,0.285,0.127,111.8,110.2,1.6,1.78,0.015,0.059,0.254,0.038,15.200000000000003,1.7368837444493337,1.6551641857530894,-0.7906890940449662,0.061614972451875784
202337,Luke Babbitt,MIA,2017-18,Scorer,Average,50,714.7533333333333,259,96,31,8,7,19,0.423,0.385,0.773,0.576,0.563,0.147,0.068,105.6,108.3,-2.7,1.63,0.01,0.123,0.064,0.067,17.10000000000001,-0.3602175310123652,-0.832550798303755,-0.691883734743096,-0.7459856592409584
1627763,Malcolm Brogdon,MIL,2017-18,Scorer,Average,48,1436.0166666666669,625,156,152,41,13,66,0.485,0.385,0.882,0.578,0.547,0.189,0.094,107.1,109.2,-2.1,2.3,0.017,0.097,0.165,0.058,16.200000000000003,0.2226182970993713,0.18007483852581552,-0.6473379084653019,-0.396235105802782
201158,Marco Belinelli,PHI,2017-18,Scorer,Very Good,80,1946.7316666666663,971,151,148,66,12,94,0.441,0.377,0.908,0.581,0.539,0.197,0.093,105.4,106.8,-1.4,1.57,0.01,0.066,0.115,0.038,18.60000000000001,0.5478522925920571,-0.11552659350939899,-0.9153978874772342,-0.006307276229249546
202694,Marcus Morris Sr.,BOS,2017-18,Scorer,Average,54,1442.055,734,289,72,35,12,65,0.429,0.368,0.805,0.541,0.499,0.222,0.106,106.0,105.3,0.7,1.11,0.029,0.166,0.082,0.097,20.10000000000001,0.33125059928323203,-0.5805656940593759,0.20240796104471148,-0.2393775147426657
201578,Marreese Speights,ORL,2017-18,Scorer,Very Good,52,675.0333333333333,402,133,40,8,22,40,0.395,0.369,0.727,0.539,0.519,0.265,0.089,104.9,103.4,1.6,1.0,0.03,0.152,0.104,0.093,22.0,0.3951748103182631,-0.5747274430060214,-0.262477715225793,-0.3063257914523083
201563,Michael Beasley,NYK,2017-18,Scorer,Very Good,74,1653.4416666666666,976,414,123,36,43,143,0.507,0.395,0.78,0.556,0.528,0.261,0.122,106.6,110.6,-4.0,0.86,0.057,0.191,0.122,0.123,14.800000000000011,0.8770304843038849,-0.16819530322343512,0.8653112959245588,-0.226774545471469
203118,Mike Scott,WAS,2017-18,Scorer,Very Good,76,1406.315,668,247,80,23,10,79,0.527,0.405,0.658,0.599,0.59,0.194,0.096,105.6,107.6,-2.0,1.01,0.036,0.141,0.093,0.088,17.80000000000001,0.41029837173848255,-0.48933397679658025,-0.02369082821135293,-0.5190845506224097
1626149,Montrezl Harrell,LAC,2017-18,Scorer,Very Good,76,1293.175,836,306,74,36,52,68,0.635,0.143,0.626,0.647,0.636,0.227,0.144,109.1,107.0,2.1,1.09,0.081,0.146,0.093,0.115,18.400000000000006,1.0474690381118226,-0.5114121247306098,0.47682917445126655,0.07579946073439264
201156,Nick Young,GSW,2017-18,Scorer,Average,80,1393.1716666666666,581,125,36,38,7,39,0.412,0.377,0.862,0.562,0.538,0.169,0.061,106.8,106.0,0.8,0.92,0.015,0.071,0.038,0.044,19.400000000000006,-0.047002476423649076,-0.9602113283999115,-0.9079478048244497,-0.30000901847774447
202331,Paul George,OKC,2017-18,Scorer,Elite,79,2890.738333333333,1734,447,263,161,39,212,0.43,0.401,0.822,0.57,0.521,0.248,0.12,109.7,106.0,3.7,1.24,0.023,0.132,0.143,0.076,19.400000000000006,1.4085406145366293,0.4649322019371841,0.35410903686553896,1.2981974710329445
203493,Reggie Bullock Jr.,DET,2017-18,Scorer,Average,62,1731.56,698,154,95,47,13,47,0.489,0.445,0.796,0.615,0.603,0.153,0.084,107.5,106.9,0.6,2.02,0.015,0.072,0.081,0.043,18.5,0.22327365429297696,-0.501550446980513,-0.843739480202837,-0.1989311755590546
201577,Robin Lopez,CHI,2017-18,Scorer,Average,64,1689.7766666666666,756,290,124,14,53,107,0.53,0.286,0.756,0.552,0.533,0.203,0.087,101.6,107.7,-6.1,1.16,0.074,0.093,0.119,0.083,17.700000000000003,0.27091961478665194,-0.18136857190584854,0.026706179362852633,-0.1831613324400494
203918,Rodney Hood,CLE,2017-18,Scorer,Very Good,60,1615.4716666666666,882,165,95,45,12,70,0.429,0.381,0.86,0.546,0.513,0.24,0.09,106.6,108.9,-2.3,1.36,0.014,0.091,0.097,0.052,16.5,0.5983369993466748,-0.4116679936218373,-0.6998954270403963,-0.347280715537756
203930,Sean Kilpatrick,CHI,2017-18,Scorer,Average,52,640.055,330,87,46,13,5,38,0.374,0.319,0.889,0.507,0.452,0.242,0.086,101.7,110.3,-8.6,1.21,0.007,0.131,0.121,0.066,15.100000000000009,-0.008080158726731105,-0.45714918837839896,-0.7285037963007637,-0.8319231226545488
203498,Shabazz Muhammad,MIL,2017-18,Scorer,Average,43,417.9666666666666,214,76,14,9,3,6,0.447,0.259,0.78,0.51,0.465,0.225,0.09,103.0,115.7,-12.7,2.33,0.057,0.136,0.055,0.095,9.700000000000003,-0.19902902129064973,-0.9456644307977606,-0.3882409858853532,-1.210878747681256
201939,Stephen Curry,GSW,2017-18,Scorer,Elite,51,1630.7966666666666,1346,261,310,80,8,153,0.495,0.423,0.921,0.675,0.618,0.29,0.165,120.6,107.7,13.0,2.03,0.024,0.124,0.272,0.079,17.700000000000003,2.036536377007257,1.3625549742914054,-0.10120041678216163,0.04540274135027483
203933,T.J. Warren,PHX,2017-18,Scorer,Very Good,65,2141.766666666667,1271,333,85,65,41,85,0.498,0.222,0.757,0.541,0.507,0.243,0.107,103.3,112.2,-9.0,1.0,0.055,0.093,0.069,0.074,13.200000000000003,0.8722376989604284,-0.6057592002229024,0.026144569718336813,-0.04053742834577249
1627752,Taurean Prince,ATL,2017-18,Scorer,Very Good,82,2464.02,1158,389,214,85,42,191,0.426,0.385,0.844,0.549,0.516,0.216,0.09,103.8,111.4,-7.5,1.12,0.02,0.138,0.135,0.078,14.0,0.6388351435611156,0.23968610046327127,0.22569238762231358,0.22381103446314063
203501,Tim Hardaway Jr.,NYK,2017-18,Scorer,Very Good,57,1884.955,996,224,155,62,10,92,0.421,0.317,0.816,0.533,0.496,0.229,0.091,107.9,109.8,-1.9,1.68,0.016,0.099,0.123,0.057,15.600000000000009,0.5256947042199616,-0.04482752757369333,-0.4796478190807434,-0.24425168113715004
202699,Tobias Harris,LAC,2017-18,Scorer,Very Good,80,2667.983333333333,1486,437,192,71,35,105,0.46,0.411,0.829,0.565,0.535,0.227,0.113,108.3,110.6,-2.3,1.83,0.021,0.145,0.115,0.081,14.800000000000011,1.0473778751095775,0.04637982467348478,0.3912735225522878,0.054933445344868624
203584,Troy Daniels,PHX,2017-18,Scorer,Average,79,1622.33,703,127,48,26,5,56,0.403,0.4,0.875,0.583,0.563,0.168,0.058,101.1,113.3,-12.2,0.86,0.007,0.069,0.047,0.037,12.100000000000009,0.1537254714342002,-0.8654961525175973,-0.9918186277898812,-0.8734894296050014
1627786,Troy Williams,NYK,2017-18,Scorer,Average,21,307.2033333333333,133,63,16,20,4,19,0.468,0.289,0.667,0.544,0.518,0.192,0.079,108.0,112.0,-3.9,0.84,0.071,0.137,0.071,0.103,13.400000000000006,-0.3046217619944669,-0.8484225947944084,-0.3208176730355595,-0.8693939936735923
203506,Victor Oladipo,IND,2017-18,Scorer,Elite,75,2552.0383333333334,1735,390,323,177,57,219,0.477,0.371,0.799,0.577,0.537,0.295,0.148,109.9,104.0,5.9,1.47,0.019,0.132,0.209,0.077,21.400000000000006,1.793347173910262,1.0564788013820174,0.21560611190129855,1.7636029802002458
201961,Wayne Ellington,MIA,2017-18,Scorer,Average,77,2041.2033333333331,864,218,79,53,8,52,0.407,0.392,0.859,0.588,0.569,0.167,0.085,106.8,104.6,2.2,1.52,0.011,0.094,0.06,0.053,20.80000000000001,0.29109764838739044,-0.678396228171187,-0.5465267078014563,-0.052214565330689015
1627782,Wayne Selden,MEM,2017-18,Scorer,Average,35,691.33,325,56,66,18,5,54,0.431,0.402,0.746,0.551,0.522,0.212,0.072,100.3,108.7,-8.4,1.22,0.023,0.06,0.154,0.041,16.700000000000003,0.020271227597863085,-0.19817280187936503,-1.1292498900113945,-0.6861088278837854
203897,Zach LaVine,CHI,2017-18,Scorer,Average,24,656.2866666666666,401,94,72,24,4,43,0.383,0.341,0.813,0.499,0.442,0.29,0.092,102.6,114.7,-12.1,1.67,0.013,0.138,0.187,0.071,10.700000000000003,0.3487642648920388,0.009287906106933114,-0.6462318746917054,-0.9865861645540018
1629019,Allonzo Trier,NYK,2018-19,Scorer,Average,64,1458.5633333333333,695,197,119,28,14,116,0.448,0.394,0.803,0.564,0.498,0.207,0.09,102.1,109.3,-7.2,1.03,0.02,0.107,0.131,0.063,16.10000000000001,0.324821892640836,-0.1323551884985331,-0.47485111501162414,-0.5266908275027145
203952,Andrew Wiggins,MIN,2018-19,Scorer,Very Good,73,2542.713333333333,1321,352,184,70,48,138,0.412,0.339,0.699,0.493,0.461,0.24,0.078,110.7,111.9,-1.2,1.33,0.031,0.099,0.108,0.065,13.5,0.611891961629136,-0.022381279249642005,-0.038098125934145466,0.09971803688214546
1629014,Anfernee Simons,POR,2018-19,Scorer,Average,20,140.50833333333333,75,13,13,1,0,11,0.444,0.345,0.563,0.535,0.524,0.24,0.06,104.5,122.1,-17.6,1.18,0.022,0.067,0.135,0.046,3.3000000000000114,-0.0465230867683376,-0.4999318553267205,-1.1796468975856,-1.700151963513785
1628469,Antonio Blakeney,CHI,2018-19,Scorer,Average,57,829.0366666666666,418,106,42,12,9,35,0.419,0.396,0.658,0.487,0.465,0.24,0.073,102.9,110.8,-7.8,1.2,0.008,0.114,0.079,0.061,14.600000000000009,-0.07361074091677448,-0.7078093937342756,-0.741787874734525,-0.831191967105322
201933,Blake Griffin,DET,2018-19,Scorer,Elite,75,2622.333333333333,1841,565,402,52,28,253,0.462,0.362,0.753,0.581,0.532,0.296,0.153,109.8,109.3,0.5,1.59,0.036,0.182,0.268,0.105,16.10000000000001,1.8999795875457277,1.678615962606857,1.0366576845737703,-0.1363736209402127
202711,Bojan Bogdanovic,IND,2018-19,Scorer,Very Good,81,2573.0583333333334,1454,333,161,69,1,134,0.497,0.425,0.807,0.613,0.575,0.219,0.111,108.7,105.8,2.9,1.2,0.013,0.113,0.095,0.064,19.60000000000001,1.240178990503854,-0.18004367301734614,-0.10125197332846608,-0.027760616398608953
203078,Bradley Beal,WAS,2018-19,Scorer,Elite,82,3027.651666666666,2099,411,448,121,58,224,0.475,0.351,0.808,0.581,0.54,0.278,0.128,111.7,113.5,-1.8,2.0,0.028,0.104,0.233,0.066,11.900000000000006,1.9542673347677695,1.6512638967123143,0.13119086480678616,0.6353147066875756
1627742,Brandon Ingram,LAL,2018-19,Scorer,Very Good,52,1760.493333333333,950,267,154,28,31,129,0.497,0.33,0.675,0.555,0.518,0.227,0.092,107.3,108.8,-1.5,1.19,0.022,0.113,0.127,0.069,16.60000000000001,0.6036666856894496,-0.02603660555636266,-0.21267668832697287,-0.32531660192573025
1627854,Bryn Forbes,SAS,2018-19,Scorer,Very Good,82,2292.6,967,239,175,45,4,80,0.456,0.426,0.885,0.586,0.568,0.171,0.077,109.9,110.2,-0.3,2.19,0.008,0.096,0.105,0.053,15.200000000000003,0.38322284420530695,-0.07235146115543811,-0.49080575754448547,-0.5046015051266894
1627741,Buddy Hield,SAC,2018-19,Scorer,Elite,82,2614.858333333333,1695,412,205,58,33,146,0.458,0.427,0.886,0.587,0.56,0.243,0.11,109.4,110.0,-0.6,1.4,0.036,0.11,0.117,0.072,15.400000000000006,1.4410115113221718,0.10545111853371672,0.2102821692185331,-0.06474639582963042
203468,CJ McCollum,POR,2018-19,Scorer,Very Good,70,2375.2566666666667,1468,282,207,55,28,106,0.459,0.375,0.828,0.553,0.527,0.248,0.103,115.4,108.9,6.5,1.95,0.025,0.087,0.133,0.056,16.5,1.1195168832590843,0.20269295453706893,-0.33849151553283763,-0.08178766210547635
1626224,Cedi Osman,CLE,2018-19,Scorer,Average,76,2443.911666666667,991,357,195,60,11,114,0.427,0.348,0.779,0.536,0.504,0.182,0.075,106.0,118.8,-12.8,1.71,0.018,0.134,0.12,0.073,6.6000000000000085,0.19517891114524946,0.08550716531508569,0.07708600142162311,-0.7836490184562245
101112,Channing Frye,CLE,2018-19,Scorer,Average,36,340.995,129,52,20,6,5,13,0.368,0.405,0.786,0.524,0.504,0.174,0.053,99.3,121.9,-22.6,1.54,0.01,0.158,0.1,0.075,3.5,-0.5536257589308716,-0.6707918827924557,-0.7067151579869259,-1.5860068937969627
1626174,Christian Wood,NOP,2018-19,Scorer,Very Good,21,250.305,172,83,8,7,10,17,0.521,0.346,0.732,0.607,0.56,0.247,0.146,100.9,110.3,-9.4,0.47,0.061,0.231,0.051,0.147,15.100000000000009,0.4863343406428682,-0.9902131920714592,0.29279468804367903,-0.8435039802690577
1629012,Collin Sexton,CLE,2018-19,Scorer,Very Good,82,2605.023333333333,1371,236,243,44,6,185,0.43,0.402,0.839,0.52,0.48,0.247,0.073,105.6,118.1,-12.5,1.31,0.021,0.072,0.154,0.045,7.300000000000011,0.8535662601343122,0.4531325621745083,-0.6006831277329236,-0.9588898729499261
1627814,Damion Lee,GSW,2018-19,Scorer,Average,32,375.1883333333333,158,64,13,13,0,11,0.441,0.397,0.864,0.578,0.547,0.164,0.085,102.7,108.2,-5.5,1.18,0.02,0.134,0.051,0.078,17.200000000000003,-0.29717030561576296,-0.9718147354597679,-0.6366556520689015,-0.7591256250659564
1628422,Damyean Dotson,NYK,2018-19,Scorer,Average,73,2003.805,779,262,135,58,10,71,0.415,0.368,0.745,0.526,0.506,0.169,0.076,102.8,110.8,-8.0,1.9,0.016,0.108,0.104,0.061,14.600000000000009,-0.11004629123855368,-0.22515676738388604,-0.32786081568274167,-0.3444518079399003
201568,Danilo Gallinari,LAC,2018-19,Scorer,Elite,68,2059.2116666666666,1346,417,178,49,23,99,0.463,0.433,0.904,0.633,0.554,0.237,0.143,113.3,111.0,2.3,1.8,0.027,0.171,0.134,0.101,14.400000000000006,1.408414307089193,0.1015995595241764,0.5929990369725882,-0.31792797735466566
1627863,Danuel House Jr.,HOU,2018-19,Scorer,Average,39,978.665,366,140,40,21,11,35,0.468,0.416,0.789,0.646,0.615,0.137,0.074,117.2,108.3,8.9,1.14,0.025,0.112,0.058,0.069,17.10000000000001,0.04396811821699879,-0.833139496412214,-0.549655768452463,-0.570818085030613
202722,Davis Bertans,SAS,2018-19,Scorer,Average,76,1631.7083333333333,606,264,100,35,33,43,0.45,0.429,0.883,0.632,0.61,0.135,0.082,115.8,108.2,7.6,2.33,0.015,0.139,0.079,0.08,17.200000000000003,0.12235739086170498,-0.49438729703865614,-0.08050062672648549,-0.1972993283217005
1628378,Donovan Mitchell,UTA,2018-19,Scorer,Elite,77,2598.2716666666665,1829,316,322,106,31,218,0.432,0.362,0.806,0.537,0.493,0.309,0.117,110.5,103.7,6.8,1.48,0.022,0.093,0.209,0.058,21.700000000000003,1.7349204742883801,1.052799110059679,-0.22279733507885752,0.7825185500150634
203926,Doug McDermott,IND,2018-19,Scorer,Average,77,1339.665,564,109,67,18,8,42,0.491,0.408,0.835,0.617,0.59,0.152,0.075,106.8,103.2,3.6,1.6,0.012,0.066,0.07,0.039,22.200000000000003,0.13075428778519158,-0.6663759906900739,-1.0141001336864957,-0.3326057231023037
1628407,Dwayne Bacon,CHA,2018-19,Scorer,Average,43,758.6683333333333,316,89,47,12,5,18,0.475,0.437,0.739,0.57,0.549,0.167,0.069,111.2,113.2,-2.0,2.61,0.01,0.105,0.092,0.057,12.200000000000003,-0.20700761783380492,-0.6163814437686603,-0.8378539278755558,-1.0126730432364186
202734,E'Twaun Moore,NOP,2018-19,Scorer,Average,53,1463.013333333333,633,127,102,40,8,59,0.481,0.432,0.763,0.567,0.553,0.17,0.067,111.3,111.6,-0.3,1.73,0.023,0.058,0.093,0.041,13.800000000000011,0.026405431102269894,-0.40838076770513837,-0.94086001057116,-0.5981950088752621
201569,Eric Gordon,HOU,2018-19,Scorer,Very Good,68,2158.01,1103,148,129,41,27,90,0.409,0.36,0.783,0.549,0.525,0.215,0.07,116.2,108.1,8.1,1.43,0.007,0.059,0.09,0.033,17.30000000000001,0.5918514702529506,-0.32588206200675685,-0.9870562947516315,-0.18996046720531326
1628402,Frank Jackson,NOP,2018-19,Scorer,Average,61,1168.8633333333332,495,134,69,25,2,48,0.434,0.314,0.74,0.517,0.493,0.178,0.059,106.3,111.3,-5.0,1.44,0.019,0.085,0.08,0.052,14.100000000000009,-0.3004260750871652,-0.6028400746962251,-0.7821501631340199,-0.7966938344535257
1626163,Frank Kaminsky,CHA,2018-19,Scorer,Average,47,754.69,405,163,63,12,12,41,0.463,0.36,0.738,0.587,0.547,0.216,0.106,109.9,109.1,0.9,1.54,0.048,0.164,0.129,0.104,16.30000000000001,0.31307637368437197,-0.34965320921931053,-0.04274016036435149,-0.7009566275119498
1627788,Furkan Korkmaz,PHI,2018-19,Scorer,Average,48,679.2316666666667,279,107,52,29,2,25,0.4,0.326,0.818,0.528,0.496,0.174,0.079,110.7,107.0,3.7,2.08,0.023,0.13,0.107,0.077,18.400000000000006,-0.42258327436468274,-0.5137181871332106,-0.5353000272759749,-0.502603279987417
203914,Gary Harris,DEN,2018-19,Scorer,Average,57,1639.243333333333,737,160,127,55,19,68,0.424,0.339,0.799,0.526,0.488,0.195,0.076,111.6,105.3,6.2,1.87,0.024,0.07,0.11,0.047,20.10000000000001,0.04999798730259567,-0.22088837795308877,-0.776860591482124,0.03867199204508066
1627777,Georges Niang,UTA,2018-19,Scorer,Average,59,516.3483333333334,235,87,35,10,6,23,0.475,0.41,0.833,0.613,0.594,0.17,0.09,103.9,111.6,-7.7,1.52,0.022,0.135,0.107,0.081,13.800000000000011,0.002394821601731175,-0.5762729396129611,-0.5374089817305592,-0.9292708250307653
101123,Gerald Green,HOU,2018-19,Scorer,Average,73,1472.9816666666666,675,182,40,33,27,55,0.4,0.354,0.838,0.555,0.535,0.19,0.066,114.0,109.3,4.6,0.73,0.019,0.1,0.041,0.059,16.10000000000001,0.1344928930897947,-0.9286396031058068,-0.5656104109853245,-0.343356980771212
1628960,Grayson Allen,UTA,2018-19,Scorer,Average,38,416.29333333333335,211,23,25,6,6,33,0.376,0.323,0.75,0.516,0.466,0.238,0.037,99.6,113.2,-13.6,0.76,0.007,0.047,0.102,0.027,12.200000000000003,-0.07172098403392145,-0.6411581195109299,-1.395166543537873,-1.0647237568632175
203084,Harrison Barnes,SAC,2018-19,Scorer,Very Good,77,2532.593333333333,1265,361,115,50,13,98,0.42,0.395,0.824,0.55,0.504,0.202,0.088,108.0,109.4,-1.5,1.17,0.021,0.111,0.069,0.066,16.0,0.6192288665554879,-0.4953684605527543,-0.001478064376477739,-0.31473377436787514
200755,JJ Redick,PHI,2018-19,Scorer,Very Good,76,2379.116666666667,1372,186,206,32,17,101,0.44,0.397,0.894,0.602,0.557,0.209,0.099,110.3,104.7,5.6,2.04,0.008,0.062,0.129,0.036,20.700000000000003,1.0449470592322638,0.17654264987506174,-0.8480089456583102,-0.18462147851253774
1627774,Jake Layman,POR,2018-19,Scorer,Average,71,1326.9366666666667,541,217,53,31,30,46,0.509,0.326,0.704,0.594,0.579,0.156,0.082,110.8,108.9,2.0,1.15,0.041,0.115,0.056,0.079,16.5,0.01194645795409599,-0.796538815891651,-0.21794907446343384,-0.31022544461881774
201935,James Harden,HOU,2018-19,Scorer,Elite,78,2866.725,2818,518,586,158,58,387,0.442,0.368,0.879,0.616,0.541,0.396,0.201,116.6,110.3,6.3,1.51,0.023,0.157,0.394,0.089,15.100000000000009,3.5367040673463794,3.0635034861166694,0.7081144222666175,1.2067000955635256
1627759,Jaylen Brown,BOS,2018-19,Scorer,Very Good,74,1913.3516666666667,964,313,100,69,32,99,0.465,0.344,0.658,0.547,0.525,0.215,0.084,108.3,105.9,2.4,1.01,0.032,0.122,0.079,0.077,19.5,0.48017669634067595,-0.49438729703865614,0.011295960959072177,0.2800053001916885
201145,Jeff Green,WAS,2018-19,Scorer,Very Good,77,2096.688333333333,946,309,137,43,39,101,0.475,0.347,0.888,0.608,0.555,0.174,0.088,111.3,113.2,-1.9,1.36,0.027,0.117,0.093,0.072,12.200000000000003,0.5158259592891355,-0.279591571423299,-0.06301582489899046,-0.34747701604428266
203087,Jeremy Lamb,CHA,2018-19,Scorer,Very Good,79,2250.09,1208,434,172,88,32,80,0.44,0.348,0.888,0.552,0.499,0.22,0.118,110.3,109.6,0.7,2.15,0.027,0.159,0.119,0.091,15.800000000000011,0.7213271270114897,-0.004743388433611717,0.5107099298480948,0.25947889833645643
202710,Jimmy Butler III,PHI,2018-19,Scorer,Very Good,65,2184.9766666666665,1215,342,263,123,39,95,0.462,0.347,0.855,0.571,0.499,0.218,0.126,111.9,108.3,3.6,2.77,0.054,0.094,0.179,0.075,17.10000000000001,0.8203673932536687,0.6671677219942044,0.0627646312760046,0.769329926763235
203925,Joe Harris,BKN,2018-19,Scorer,Very Good,76,2293.5216666666665,1041,291,181,38,17,121,0.5,0.474,0.827,0.645,0.622,0.167,0.089,109.6,111.2,-1.6,1.5,0.022,0.096,0.114,0.06,14.200000000000003,0.7446405728460862,0.0002855667928466088,-0.263652491061129,-0.5043586887044328
203098,John Jenkins,NYK,2018-19,Scorer,Average,26,333.105,121,37,22,0,2,9,0.4,0.379,0.833,0.536,0.505,0.16,0.074,100.3,106.7,-6.5,2.44,0.018,0.083,0.105,0.052,18.700000000000003,-0.5932712648543632,-0.635344233473193,-1.0395278857495516,-0.7854564026836126
1628405,Johnathan Motley,LAC,2018-19,Scorer,Average,22,156.01833333333337,102,51,11,5,3,16,0.534,0.0,0.6,0.563,0.534,0.266,0.119,98.0,106.9,-8.9,0.69,0.104,0.213,0.129,0.155,18.5,0.32337148173260616,-0.5409971579809004,0.30980380780383254,-0.7352830589988811
203903,Jordan Clarkson,CLE,2018-19,Scorer,Very Good,81,2214.48,1364,270,196,57,13,135,0.448,0.324,0.844,0.539,0.509,0.266,0.105,107.0,115.0,-8.0,1.45,0.035,0.087,0.153,0.06,10.400000000000006,1.0962405646837154,0.2745694166896925,-0.3193734413180998,-0.5712304140769057
203895,Jordan McRae,WAS,2018-19,Scorer,Average,27,332.8433333333333,160,40,30,13,7,15,0.469,0.286,0.8,0.55,0.508,0.191,0.089,106.5,109.7,-3.3,2.0,0.017,0.095,0.131,0.056,15.700000000000003,-0.25816600568729814,-0.4598477161866389,-0.9806091327798347,-0.7764353896187025
1628367,Josh Jackson,PHX,2018-19,Scorer,Average,79,1988.1266666666668,910,347,183,74,56,173,0.413,0.324,0.671,0.487,0.456,0.234,0.073,102.8,112.4,-9.6,1.06,0.032,0.136,0.142,0.084,13.0,0.23727164109651752,0.16493924281520544,0.19068841293645375,0.19272586313522208
203944,Julius Randle,NOP,2018-19,Scorer,Elite,73,2231.635,1565,634,229,52,45,208,0.524,0.344,0.731,0.6,0.555,0.273,0.137,111.2,111.4,-0.2,1.1,0.069,0.198,0.158,0.134,14.0,1.64120458276402,0.4240874970014415,1.5891907816824031,-0.08776155049193568
1628382,Justin Jackson,DAL,2018-19,Scorer,Average,81,1613.25,583,212,96,32,14,29,0.447,0.355,0.785,0.561,0.537,0.141,0.076,107.3,108.3,-0.9,3.31,0.025,0.096,0.081,0.06,17.10000000000001,-0.25625121256428757,-0.49787075565817474,-0.4732693991706859,-0.42649070069996414
202695,Kawhi Leonard,TOR,2018-19,Scorer,Elite,60,2040.1833333333332,1596,439,199,106,24,121,0.496,0.371,0.854,0.606,0.546,0.3,0.172,115.7,107.8,7.9,1.64,0.039,0.165,0.159,0.106,17.60000000000001,1.895518432599488,0.3193144106662107,0.7150716373366257,0.47080213429059564
1626162,Kelly Oubre Jr.,PHX,2018-19,Scorer,Very Good,69,1934.7933333333333,1047,325,84,84,59,103,0.445,0.32,0.775,0.551,0.51,0.223,0.094,107.2,113.3,-6.0,0.82,0.035,0.126,0.067,0.08,12.100000000000009,0.6214660589972741,-0.6206741982150751,0.08135546687709642,0.2738126769830072
203484,Kentavious Caldwell-Pope,LAL,2018-19,Scorer,Average,82,2035.135,938,238,110,73,13,65,0.43,0.347,0.867,0.568,0.53,0.175,0.083,106.3,110.1,-3.7,1.69,0.022,0.088,0.077,0.055,15.300000000000011,0.2886758017968479,-0.4688256904851079,-0.4679798275187901,-0.1175506993213518
201142,Kevin Durant,GSW,2018-19,Scorer,Elite,78,2701.5316666666668,2027,497,457,58,84,225,0.521,0.353,0.885,0.631,0.571,0.283,0.162,118.7,107.3,11.4,2.03,0.013,0.153,0.251,0.088,18.10000000000001,2.2248238321353564,1.7854988786418686,0.6396538177049664,0.6098818909607253
1628995,Kevin Knox II,NYK,2018-19,Scorer,Average,75,2157.893333333333,963,335,82,43,24,114,0.37,0.343,0.717,0.475,0.438,0.219,0.055,101.4,115.1,-13.7,0.72,0.025,0.12,0.06,0.071,10.300000000000011,0.09707486908096241,-0.6673571542041723,-0.006767636028373547,-0.6108728586844249
203114,Khris Middleton,MIL,2018-19,Scorer,Very Good,77,2393.338333333333,1407,461,331,80,7,174,0.441,0.378,0.837,0.558,0.519,0.246,0.118,114.7,104.2,10.5,1.9,0.021,0.149,0.194,0.089,21.200000000000003,1.0894735153092174,1.001651531936965,0.5568718429976968,0.24092664002046127
202691,Klay Thompson,GSW,2018-19,Scorer,Elite,78,2652.333333333333,1680,299,186,84,47,115,0.467,0.402,0.816,0.571,0.553,0.254,0.103,115.0,108.5,6.5,1.62,0.015,0.089,0.103,0.055,16.900000000000006,1.4192390008131135,-0.04311016327955161,-0.3061237339152082,0.43442554918374904
2594,Kyle Korver,UTA,2018-19,Scorer,Average,70,1333.89,600,162,81,25,12,59,0.416,0.397,0.822,0.582,0.559,0.174,0.078,107.5,103.9,3.6,1.37,0.006,0.105,0.088,0.056,21.5,0.1176524876519443,-0.5137425521488281,-0.6568969455726709,-0.260734599056482
1628398,Kyle Kuzma,LAL,2018-19,Scorer,Very Good,70,2313.5816666666665,1308,382,178,41,26,133,0.456,0.303,0.752,0.546,0.515,0.233,0.096,108.4,109.7,-1.3,1.34,0.025,0.127,0.113,0.077,15.700000000000003,0.8543030698030364,-0.016371160509085436,0.1943790832319763,-0.2940854112875904
1629013,Landry Shamet,LAC,2018-19,Scorer,Average,79,1801.8933333333332,722,134,117,37,10,45,0.431,0.422,0.806,0.604,0.581,0.145,0.063,111.0,109.3,1.7,2.6,0.011,0.06,0.09,0.036,16.10000000000001,0.11912447391089305,-0.37003835787481604,-0.9859846320089046,-0.4739084170701971
204038,Langston Galloway,DET,2018-19,Scorer,Average,80,1745.1716666666666,672,171,85,37,8,24,0.388,0.355,0.844,0.534,0.503,0.153,0.063,108.0,107.9,0.1,3.54,0.025,0.07,0.072,0.047,17.5,-0.2585966503399083,-0.5889062402181507,-0.7476734270618061,-0.4118868000070391
1628379,Luke Kennard,DET,2018-19,Scorer,Average,63,1436.63,613,183,114,26,10,57,0.438,0.394,0.836,0.56,0.54,0.179,0.09,108.5,108.2,0.3,2.0,0.008,0.121,0.122,0.062,17.200000000000003,0.0378440376291761,-0.20131252512447953,-0.5247380694876183,-0.523253266837176
2736,Luol Deng,MIN,2018-19,Scorer,Average,22,392.225,157,73,18,15,8,14,0.5,0.318,0.714,0.588,0.559,0.155,0.093,115.1,105.1,10.0,1.29,0.049,0.125,0.062,0.088,20.30000000000001,-0.30660043110077,-0.8916220921639869,-0.4853787017691112,-0.4753236945112938
1627763,Malcolm Brogdon,MIL,2018-19,Scorer,Very Good,64,1831.5916666666667,1001,288,205,46,13,91,0.505,0.426,0.928,0.614,0.575,0.202,0.12,113.4,102.7,10.7,2.25,0.035,0.107,0.157,0.073,22.700000000000003,0.7947678655498848,0.33015725193040585,-0.10599712085128099,0.03747709671054442
1627736,Malik Beasley,DEN,2018-19,Scorer,Very Good,81,1878.7233333333331,917,200,97,55,10,55,0.474,0.402,0.848,0.599,0.584,0.181,0.089,111.2,107.3,3.9,1.76,0.018,0.085,0.074,0.051,18.10000000000001,0.49469818889686207,-0.5335146376802571,-0.6197668309167919,-0.16989453408157718
1628370,Malik Monk,CHA,2018-19,Scorer,Average,73,1258.095,653,137,117,37,19,86,0.387,0.33,0.882,0.518,0.48,0.236,0.073,108.4,111.1,-2.7,1.36,0.012,0.095,0.143,0.052,14.300000000000011,0.24382095205657595,-0.07230273112420298,-0.774190027383024,-0.48860965613164886
202705,MarShon Brooks,MEM,2018-19,Scorer,Average,29,386.7533333333333,190,45,25,9,4,21,0.45,0.278,0.697,0.518,0.494,0.233,0.084,101.3,104.1,-2.8,1.19,0.03,0.089,0.112,0.058,21.30000000000001,-0.1120324495162892,-0.5849815861617575,-0.9418629312521477,-0.519207053103953
201158,Marco Belinelli,SAS,2018-19,Scorer,Average,79,1815.3566666666663,829,198,132,35,8,72,0.413,0.372,0.903,0.557,0.52,0.187,0.075,111.0,110.1,0.8,1.83,0.009,0.093,0.102,0.052,15.300000000000011,0.23502345478464312,-0.2474311480207353,-0.6123339337794421,-0.5618698109925679
201563,Michael Beasley,LAL,2018-19,Scorer,Average,26,277.4833333333333,181,60,25,9,10,27,0.49,0.176,0.718,0.532,0.5,0.288,0.105,102.8,108.8,-6.0,0.93,0.044,0.153,0.149,0.1,16.60000000000001,0.36414923047301256,-0.3771284127698202,-0.36699677170059614,-0.7346492418181801
1626149,Montrezl Harrell,LAC,2018-19,Scorer,Elite,82,2158.148333333333,1361,535,162,71,110,132,0.615,0.176,0.643,0.636,0.617,0.227,0.14,111.9,109.9,1.9,1.23,0.085,0.146,0.123,0.117,15.5,1.3631793290291216,-0.01906968831732546,1.1099321787199756,0.8548715181099591
1629021,Moritz Wagner,LAL,2018-19,Scorer,Average,43,446.18,207,85,24,11,13,39,0.415,0.286,0.811,0.533,0.48,0.21,0.069,95.7,105.5,-9.8,0.62,0.035,0.142,0.084,0.089,19.900000000000006,-0.18238096211845498,-0.7459555708617782,-0.44079850446044755,-0.48968369626898034
203917,Nik Stauskas,CLE,2018-19,Scorer,Average,68,1014.7966666666666,399,127,81,21,7,51,0.402,0.372,0.891,0.545,0.506,0.171,0.078,100.8,113.7,-12.9,1.59,0.016,0.104,0.123,0.059,11.700000000000003,-0.2608087333092191,-0.3171246854267251,-0.7115462330869147,-0.9285631863102174
1626181,Norman Powell,TOR,2018-19,Scorer,Average,60,1126.465,516,139,91,39,13,65,0.483,0.4,0.827,0.596,0.568,0.182,0.092,105.8,105.5,0.3,1.4,0.013,0.102,0.119,0.058,19.900000000000006,0.19568534073939525,-0.30279838554301136,-0.6924453443876116,-0.19956553399624613
201956,Omri Casspi,MEM,2018-19,Scorer,Average,36,520.435,226,115,26,20,9,23,0.534,0.349,0.672,0.606,0.581,0.17,0.118,104.3,103.2,1.1,1.13,0.033,0.184,0.077,0.109,22.200000000000003,-0.04411827220164355,-0.7779197615615223,-0.10640406085688325,-0.3017655332226073
203490,Otto Porter Jr.,CHI,2018-19,Scorer,Average,56,1683.7516666666668,780,314,120,82,31,65,0.465,0.406,0.813,0.569,0.546,0.185,0.103,111.2,111.6,-0.4,1.85,0.031,0.153,0.1,0.092,13.800000000000011,0.2536566274332681,-0.30282275055862895,0.20504415411294188,0.06968390660450723
1627783,Pascal Siakam,TOR,2018-19,Scorer,Very Good,80,2547.613333333333,1354,549,248,73,52,154,0.549,0.369,0.785,0.628,0.591,0.205,0.124,114.8,104.2,10.6,1.61,0.05,0.154,0.141,0.105,21.200000000000003,1.151340391471139,0.39850152543227557,0.9942036272351259,0.6236829795905412
202331,Paul George,OKC,2018-19,Scorer,Elite,77,2841.306666666667,2159,628,318,170,34,205,0.438,0.386,0.839,0.583,0.529,0.285,0.161,112.1,103.9,8.2,1.55,0.033,0.173,0.173,0.101,21.5,2.060214717525643,0.8358448247133057,1.1528619181259616,1.4642472350663442
202347,Quincy Pondexter,SAS,2018-19,Scorer,Average,53,291.87833333333333,98,46,24,11,1,13,0.5,0.333,0.81,0.641,0.552,0.129,0.09,99.2,101.4,-2.2,1.85,0.028,0.123,0.121,0.077,24.0,-0.23645133300777274,-0.5381023974698409,-0.6971561208795568,-0.3701990966028905
1626188,Quinn Cook,GSW,2018-19,Scorer,Average,74,1058.9016666666666,509,157,116,20,3,50,0.465,0.405,0.769,0.565,0.557,0.2,0.093,105.8,112.1,-6.3,2.32,0.021,0.123,0.167,0.072,13.300000000000011,0.14516235309573694,0.058841257591472365,-0.4663293696161126,-0.8853869251816148
203493,Reggie Bullock Jr.,LAL,2018-19,Scorer,Average,63,1878.89,711,173,129,40,12,65,0.412,0.377,0.859,0.563,0.537,0.154,0.069,109.0,110.3,-1.3,1.98,0.011,0.082,0.096,0.045,15.100000000000009,-0.05734281006437943,-0.29217614199725345,-0.7678459785038361,-0.4813440752986189
201577,Robin Lopez,CHI,2018-19,Scorer,Average,74,1605.6816666666666,704,286,89,11,78,96,0.568,0.226,0.724,0.598,0.575,0.183,0.088,105.5,109.9,-4.4,0.93,0.085,0.085,0.084,0.085,15.5,0.3500168943695993,-0.5067756349097908,0.041571973637552134,-0.09056910628707782
203918,Rodney Hood,POR,2018-19,Scorer,Average,72,1892.5633333333333,805,157,126,59,12,55,0.435,0.356,0.884,0.545,0.498,0.178,0.075,106.3,113.7,-7.4,2.29,0.012,0.071,0.101,0.041,11.700000000000003,0.08322110741376117,-0.27512694928968207,-0.8612586530612016,-0.48424407463900115
1629151,Ryan Broekhoff,DAL,2018-19,Scorer,Average,42,453.5866666666666,167,63,22,6,4,16,0.452,0.409,0.789,0.621,0.603,0.14,0.075,111.2,102.8,8.3,1.38,0.017,0.113,0.069,0.065,22.60000000000001,-0.2205174780638295,-0.8375797535302132,-0.8049245366134106,-0.4739100643545357
203552,Seth Curry,POR,2018-19,Scorer,Average,74,1399.3916666666669,581,120,66,36,12,61,0.456,0.45,0.846,0.595,0.577,0.164,0.071,109.4,105.1,4.3,1.08,0.019,0.062,0.068,0.041,20.30000000000001,0.10507380793961545,-0.6812909886822467,-0.9594336606568169,-0.21726521679445313
201939,Stephen Curry,GSW,2018-19,Scorer,Elite,69,2331.1666666666665,1881,369,361,92,25,192,0.472,0.437,0.916,0.641,0.604,0.292,0.152,119.5,105.8,13.7,1.88,0.02,0.122,0.225,0.075,19.60000000000001,2.2425957887110797,1.2861895249895472,0.1344058530349671,0.45336986725630607
203933,T.J. Warren,PHX,2018-19,Scorer,Very Good,43,1359.9983333333332,772,174,64,51,29,52,0.486,0.428,0.815,0.58,0.549,0.221,0.099,106.4,114.1,-7.7,1.23,0.022,0.108,0.073,0.064,11.300000000000011,0.5743176885241227,-0.6605621046523371,-0.5231391681312452,-0.4186399601130642
1627752,Taurean Prince,ATL,2018-19,Scorer,Average,55,1552.2916666666667,742,199,118,53,19,100,0.441,0.39,0.819,0.575,0.545,0.19,0.075,108.4,115.4,-6.9,1.18,0.013,0.11,0.107,0.06,10.0,0.2971605955655813,-0.2708585598588849,-0.5077633207583345,-0.5754729518315196
203082,Terrence Ross,ORL,2018-19,Scorer,Very Good,81,2150.0533333333333,1223,280,135,72,29,90,0.428,0.383,0.875,0.561,0.534,0.23,0.11,105.3,105.9,-0.5,1.5,0.012,0.113,0.103,0.062,19.5,0.8568070074536331,-0.23077442071880327,-0.2673603468720864,0.28073699699740673
203501,Tim Hardaway Jr.,DAL,2018-19,Scorer,Very Good,65,2056.6066666666666,1174,222,159,54,8,105,0.393,0.34,0.841,0.527,0.474,0.246,0.085,105.4,114.5,-9.1,1.51,0.015,0.09,0.125,0.051,10.900000000000006,0.744202191941925,-0.01887345561450579,-0.5613925020761558,-0.6235244853824528
202699,Tobias Harris,PHI,2018-19,Scorer,Elite,82,2847.82,1644,645,229,51,37,151,0.487,0.397,0.866,0.592,0.549,0.225,0.131,110.9,110.5,0.4,1.52,0.024,0.188,0.126,0.108,14.900000000000006,1.3010519196599495,0.24432259028409015,1.2871469341810333,-0.12618341791027518
203584,Troy Daniels,PHX,2018-19,Scorer,Average,51,759.73,318,73,26,26,5,27,0.411,0.381,0.783,0.558,0.545,0.171,0.056,104.4,110.8,-6.4,0.96,0.016,0.079,0.052,0.047,14.600000000000009,-0.24489382614393226,-0.9183610949344532,-1.0077045282610033,-0.726602741981245
1713,Vince Carter,ATL,2018-19,Scorer,Average,76,1330.3566666666666,562,194,87,44,27,48,0.419,0.389,0.712,0.565,0.55,0.164,0.079,101.8,108.0,-6.3,1.81,0.021,0.114,0.097,0.066,17.400000000000006,-0.0801541078400313,-0.44110552420054344,-0.44459228784857907,-0.15300091088542753
201961,Wayne Ellington,DET,2018-19,Scorer,Average,53,1296.8483333333334,545,107,72,54,6,40,0.403,0.371,0.796,0.569,0.554,0.167,0.075,106.7,107.2,-0.5,1.8,0.01,0.073,0.086,0.039,18.200000000000003,-0.047582048675719135,-0.558095080719707,-1.0194068908538263,-0.2148502855272293
202083,Wesley Matthews,IND,2018-19,Scorer,Average,69,2091.023333333333,840,170,160,54,17,91,0.4,0.372,0.81,0.546,0.507,0.175,0.062,107.4,109.4,-2.0,1.76,0.015,0.063,0.113,0.039,16.0,0.09221741003302825,-0.08260560431117425,-0.8522440400829137,-0.23281846660233732
203897,Zach LaVine,CHI,2018-19,Scorer,Elite,63,2170.855,1492,294,283,60,26,215,0.467,0.374,0.832,0.574,0.52,0.298,0.125,105.8,112.4,-6.5,1.32,0.018,0.113,0.224,0.066,13.0,1.6229168210910105,0.993555948512245,-0.1792544294820513,-0.2558571380933207
1627846,Abdel Nader,OKC,2019-20,Scorer,Average,55,866.9516666666667,345,100,38,23,20,43,0.468,0.375,0.773,0.591,0.559,0.164,0.072,100.9,105.2,-4.2,0.88,0.016,0.095,0.068,0.056,20.200000000000003,-0.08798748475328422,-0.7843223457077182,-0.8214064177599181,-0.27689869047287885
202692,Alec Burks,PHI,2019-20,Scorer,Very Good,66,1754.2516666666668,993,282,189,62,17,91,0.418,0.385,0.887,0.561,0.493,0.23,0.119,103.5,109.8,-6.3,2.08,0.025,0.131,0.179,0.077,15.600000000000009,0.690942753161267,0.39487056414117255,-0.07095877513455141,-0.17342943311564238
1629019,Allonzo Trier,NYK,2019-20,Scorer,Average,24,290.73833333333334,155,29,28,3,4,22,0.481,0.358,0.791,0.62,0.571,0.208,0.092,100.0,111.1,-11.1,1.27,0.018,0.078,0.164,0.046,14.300000000000011,0.26290397892813694,-0.2818245387790469,-1.1371928402469558,-0.9926579560803427
203952,Andrew Wiggins,GSW,2019-20,Scorer,Very Good,54,1858.881666666667,1175,274,198,45,53,132,0.447,0.332,0.709,0.536,0.504,0.269,0.104,107.7,112.8,-5.1,1.5,0.033,0.11,0.18,0.07,12.600000000000009,0.9647522541765848,0.4336054393771342,-0.1813633839366356,-0.16160792410484218
1629014,Anfernee Simons,POR,2019-20,Scorer,Average,70,1448.8066666666666,579,152,97,26,10,61,0.399,0.332,0.826,0.502,0.469,0.18,0.055,105.9,113.4,-7.6,1.59,0.015,0.08,0.098,0.047,12.0,-0.3109716437338063,-0.39869095764224355,-0.7980876201514463,-0.8287775770945895
203076,Anthony Davis,LAL,2019-20,Scorer,Elite,62,2131.193333333333,1618,577,200,91,143,154,0.503,0.33,0.846,0.61,0.536,0.284,0.179,111.3,106.4,5.0,1.3,0.065,0.197,0.153,0.131,19.0,1.8171261408779016,0.28928818197904554,1.3997292394994414,1.60161645165085
203085,Austin Rivers,HOU,2019-20,Scorer,Average,68,1593.94,596,175,113,49,10,50,0.421,0.356,0.703,0.542,0.517,0.153,0.063,112.9,110.4,2.6,2.26,0.016,0.089,0.098,0.051,15.0,-0.267663679528964,-0.33981589648483124,-0.6861012955084238,-0.41420220436490723
203463,Ben McLemore,HOU,2019-20,Scorer,Average,71,1619.485,715,157,58,45,16,50,0.444,0.4,0.746,0.622,0.61,0.157,0.066,114.2,109.2,5.0,1.16,0.012,0.079,0.05,0.045,16.200000000000003,0.3048378678073529,-0.811846279289463,-0.8103000358424806,-0.32443726204031664
203992,Bogdan Bogdanović,SAC,2019-20,Scorer,Very Good,61,1765.8266666666666,924,207,207,64,15,102,0.44,0.372,0.741,0.565,0.547,0.221,0.102,109.1,110.8,-1.7,2.03,0.014,0.105,0.184,0.058,14.600000000000009,0.5981692831048085,0.48919327461784756,-0.5120156006983727,-0.23169631029466609
202711,Bojan Bogdanovic,UTA,2019-20,Scorer,Elite,63,2082.81,1275,259,131,34,7,159,0.447,0.414,0.903,0.603,0.548,0.252,0.105,113.5,108.0,5.5,0.82,0.02,0.1,0.099,0.062,17.400000000000006,1.295493877825914,-0.2679637993478252,-0.3230812971290572,-0.45896382032999733
203078,Bradley Beal,WAS,2019-20,Scorer,Elite,57,2053.096666666667,1741,242,347,71,23,194,0.455,0.353,0.842,0.579,0.52,0.338,0.143,113.1,117.6,-4.5,1.79,0.024,0.095,0.285,0.058,7.800000000000011,2.1238898686721988,1.571733046571845,-0.41914735027008804,-0.4777588480385196
1629634,Brandon Clarke,MEM,2019-20,Scorer,Very Good,58,1300.02,700,345,81,32,48,55,0.618,0.359,0.759,0.663,0.642,0.18,0.139,107.7,107.8,-0.1,1.47,0.067,0.177,0.092,0.124,17.60000000000001,0.6968107056171003,-0.4912719388091592,0.6949678279563349,-0.0531195870707471
1627742,Brandon Ingram,NOP,2019-20,Scorer,Elite,62,2103.44,1477,380,259,61,38,189,0.463,0.391,0.851,0.587,0.531,0.275,0.13,110.0,111.3,-1.3,1.37,0.023,0.144,0.192,0.084,14.100000000000009,1.5180564702691062,0.7254784500587754,0.2782499061974079,-0.059456064563685164
1627854,Bryn Forbes,SAS,2019-20,Scorer,Average,63,1579.215,707,126,108,33,0,57,0.417,0.388,0.833,0.57,0.544,0.185,0.064,108.0,114.8,-6.8,1.89,0.007,0.071,0.097,0.039,10.600000000000009,0.20673029162130896,-0.36383200643143987,-0.9689926977641858,-0.9396792216264341
1627741,Buddy Hield,SAC,2019-20,Scorer,Very Good,72,2216.0616666666665,1382,328,213,66,17,168,0.429,0.394,0.846,0.566,0.545,0.263,0.104,108.9,111.9,-3.1,1.27,0.025,0.124,0.153,0.074,13.5,1.241633276730917,0.33712416916944304,0.012877676800010424,-0.2553687989663505
203468,CJ McCollum,POR,2019-20,Scorer,Very Good,70,2556.5916666666667,1556,297,310,54,42,127,0.451,0.379,0.757,0.541,0.522,0.257,0.103,114.1,113.6,0.5,2.44,0.017,0.09,0.185,0.054,11.800000000000011,1.1802518933973591,0.8738191341536063,-0.32417014538721906,-0.22665150173343437
1629661,Cameron Johnson,PHX,2019-20,Scorer,Average,57,1255.405,504,187,69,36,20,32,0.435,0.39,0.807,0.586,0.565,0.151,0.082,109.3,108.3,1.0,2.16,0.037,0.109,0.078,0.072,17.10000000000001,-0.09707875246131163,-0.6140753813660595,-0.38672801210615426,-0.3243404649282813
1626224,Cedi Osman,CLE,2019-20,Scorer,Average,65,1910.368333333333,718,231,154,54,16,91,0.437,0.383,0.67,0.552,0.538,0.162,0.065,106.3,115.2,-9.0,1.69,0.02,0.103,0.115,0.06,10.200000000000003,-0.05662380925604895,-0.09344844557536938,-0.4228552060810456,-0.5837130458925245
1627767,Cheick Diallo,PHX,2019-20,Scorer,Very Good,47,478.54,219,131,22,11,12,32,0.648,0.333,0.872,0.688,0.651,0.169,0.123,103.9,107.7,-3.8,0.69,0.063,0.208,0.076,0.136,17.700000000000003,0.4123511718231818,-0.7982561801857926,0.28002066270812925,-0.6290614453809587
1629598,Chris Clemons,HOU,2019-20,Scorer,Average,33,290.52166666666665,161,30,27,9,6,19,0.401,0.346,0.909,0.548,0.532,0.235,0.085,98.9,107.7,-8.8,1.42,0.012,0.08,0.162,0.046,17.700000000000003,0.05322128167014911,-0.2967395367712196,-1.1345394616632904,-0.7104889552760176
1629632,Coby White,CHI,2019-20,Scorer,Average,65,1674.0,859,230,175,49,6,109,0.394,0.354,0.791,0.506,0.478,0.235,0.087,104.4,108.8,-4.4,1.61,0.015,0.128,0.162,0.067,16.60000000000001,0.31644671549276754,0.24785477893484398,-0.33633100453194875,-0.3606645802979928
1629012,Collin Sexton,CLE,2019-20,Scorer,Very Good,65,2142.615,1349,204,192,65,7,158,0.472,0.38,0.846,0.56,0.517,0.264,0.095,107.8,117.0,-9.2,1.22,0.028,0.069,0.146,0.048,8.400000000000006,1.1908506268335133,0.2205270780559188,-0.6473722794961716,-0.6665536446878505
1627814,Damion Lee,GSW,2019-20,Scorer,Average,49,1422.5933333333332,621,239,133,50,6,67,0.417,0.356,0.873,0.548,0.5,0.184,0.089,105.6,109.7,-4.1,1.99,0.021,0.144,0.139,0.081,15.700000000000003,0.011605204973622182,-0.03589828330645947,-0.13409543701343712,-0.40318242490423345
1629655,Daniel Gafford,CHI,2019-20,Scorer,Average,43,609.0533333333333,220,106,21,13,56,29,0.701,0.0,0.533,0.686,0.701,0.131,0.076,102.6,104.5,-1.9,0.72,0.081,0.092,0.051,0.087,20.900000000000006,0.12345892990487946,-0.9423772048810617,-0.4105568628128373,0.02484465678926458
201568,Danilo Gallinari,OKC,2019-20,Scorer,Very Good,62,1833.9283333333333,1160,322,119,42,5,76,0.438,0.405,0.893,0.612,0.547,0.242,0.13,116.9,111.2,5.7,1.57,0.02,0.157,0.099,0.09,14.200000000000003,1.1908147558595168,-0.3121200952158844,0.20079187417290348,-0.5843228049880553
203957,Dante Exum,CLE,2019-20,Scorer,Average,35,485.62,159,67,40,13,8,31,0.471,0.349,0.744,0.576,0.534,0.145,0.075,98.2,107.1,-8.8,1.29,0.024,0.109,0.124,0.066,18.30000000000001,-0.446973388311636,-0.46237437630767686,-0.7815713679740692,-0.6135557704869229
202722,Davis Bertans,WAS,2019-20,Scorer,Very Good,54,1583.0116666666668,834,245,92,37,33,59,0.434,0.424,0.852,0.628,0.598,0.183,0.094,113.6,113.9,-0.3,1.56,0.021,0.13,0.081,0.074,11.5,0.6152923415686052,-0.5125895209475277,-0.20735274564420758,-0.5114782502272415
1629631,De'Andre Hunter,ATL,2019-20,Scorer,Average,63,2017.935,778,286,112,44,18,103,0.41,0.355,0.764,0.521,0.489,0.173,0.058,108.0,113.6,-5.5,1.09,0.021,0.116,0.079,0.068,11.800000000000011,-0.11007319292577844,-0.4502310011705969,-0.17500214954201287,-0.5730842671902944
203471,Dennis Schröder,OKC,2019-20,Scorer,Very Good,65,1998.8966666666668,1229,236,262,45,14,166,0.469,0.385,0.839,0.575,0.534,0.262,0.122,108.5,103.0,5.5,1.58,0.01,0.099,0.222,0.056,22.400000000000006,1.1754348339387402,0.9050471240733069,-0.46054693038144034,0.019606795260454408
1627756,Denzel Valentine,CHI,2019-20,Scorer,Average,36,487.895,246,74,43,26,6,26,0.409,0.336,0.75,0.511,0.506,0.229,0.094,99.7,104.7,-5.0,1.65,0.016,0.138,0.147,0.072,20.700000000000003,-0.14095279101613148,-0.3221292756375658,-0.6865597920603306,-0.35808176017620713
1627884,Derrick Jones Jr.,MIA,2019-20,Scorer,Average,59,1375.0833333333333,500,233,62,58,38,30,0.527,0.28,0.772,0.62,0.58,0.135,0.087,109.9,110.4,-0.5,2.07,0.049,0.115,0.068,0.083,15.0,-0.02269483033001814,-0.6960097539715997,-0.12453639990606816,-0.03766094583406917
1626164,Devin Booker,PHX,2019-20,Scorer,Elite,70,2511.66,1863,297,456,49,18,264,0.489,0.354,0.919,0.618,0.544,0.294,0.138,114.9,112.2,2.7,1.73,0.012,0.106,0.288,0.059,13.200000000000003,2.112752739409837,1.9896723607114677,-0.2604718738638176,-0.4390209074294315
1628415,Dillon Brooks,MEM,2019-20,Scorer,Very Good,73,2111.988333333333,1181,243,150,63,27,124,0.407,0.358,0.808,0.51,0.476,0.247,0.062,108.5,108.9,-0.3,1.21,0.03,0.076,0.104,0.054,16.5,0.6593726010844391,-0.169961397548812,-0.467452588905144,-0.009014222602053387
1628378,Donovan Mitchell,UTA,2019-20,Scorer,Elite,69,2363.9666666666667,1655,304,294,70,14,184,0.449,0.366,0.863,0.558,0.513,0.303,0.125,111.2,108.6,2.6,1.6,0.023,0.101,0.214,0.064,16.80000000000001,1.6855859280395802,0.9778560197087938,-0.17819995225475913,-0.050385311558961234
203926,Doug McDermott,IND,2019-20,Scorer,Very Good,69,1372.3916666666669,710,174,78,12,5,42,0.488,0.435,0.828,0.62,0.605,0.186,0.093,108.7,105.5,3.2,1.86,0.018,0.098,0.081,0.059,19.900000000000006,0.5020910306094883,-0.5641051994602635,-0.5868374396546467,-0.5602620453552486
1629130,Duncan Robinson,MIA,2019-20,Scorer,Very Good,73,2165.63,983,232,102,35,19,70,0.47,0.446,0.931,0.684,0.667,0.157,0.082,113.8,106.2,7.5,1.46,0.005,0.099,0.068,0.054,19.200000000000003,0.8525930260641615,-0.5488221010780691,-0.49663975332546206,-0.22143447426571072
203939,Dwight Powell,DAL,2019-20,Scorer,Average,40,1060.5383333333334,376,227,59,34,22,36,0.638,0.256,0.667,0.677,0.659,0.126,0.094,116.3,107.4,8.9,1.64,0.071,0.132,0.076,0.102,18.0,0.14789792710614394,-0.6621076012592768,0.10159676038086565,-0.2719490552542083
202734,E'Twaun Moore,NOP,2019-20,Scorer,Average,56,1019.8866666666668,466,131,78,32,11,40,0.426,0.377,0.689,0.51,0.498,0.196,0.074,108.1,110.3,-2.2,1.95,0.027,0.095,0.11,0.06,15.100000000000009,-0.22959347036656697,-0.4011932527476639,-0.6881930644475733,-0.5743524428081869
201569,Eric Gordon,HOU,2019-20,Scorer,Average,36,1016.205,520,71,54,23,13,43,0.369,0.317,0.766,0.51,0.473,0.215,0.056,110.8,110.4,0.4,1.26,0.008,0.056,0.08,0.032,15.0,-0.0515622688320164,-0.6580354445312991,-1.2041060999985382,-0.6532452487518
1629672,Eric Paschall,GSW,2019-20,Scorer,Very Good,60,1653.795,837,275,127,32,13,94,0.497,0.287,0.774,0.571,0.526,0.207,0.096,103.6,114.2,-10.6,1.35,0.047,0.116,0.126,0.081,11.200000000000003,0.4672477943611007,-0.13100592459441313,-0.03857380800148713,-0.7832607474951021
203095,Evan Fournier,ORL,2019-20,Scorer,Very Good,66,2075.64,1221,171,209,71,15,125,0.467,0.399,0.818,0.595,0.56,0.237,0.097,107.7,109.5,-1.8,1.67,0.008,0.074,0.16,0.04,15.900000000000006,1.1010043149281212,0.36172897722451064,-0.8368510071945682,-0.0827856921621294
1628402,Frank Jackson,NOP,2019-20,Scorer,Average,59,797.155,371,83,61,17,4,49,0.405,0.326,0.747,0.51,0.476,0.203,0.055,109.9,113.3,-3.4,1.24,0.025,0.07,0.107,0.048,12.100000000000009,-0.24685924442826232,-0.4806009652321661,-0.9684310881196702,-0.9768591600528813
1627788,Furkan Korkmaz,PHI,2019-20,Scorer,Average,72,1558.9133333333334,704,168,79,41,16,59,0.43,0.402,0.755,0.579,0.557,0.177,0.078,109.3,106.6,2.7,1.34,0.011,0.093,0.073,0.052,18.80000000000001,0.1974608141346539,-0.6053667348172631,-0.6919352912894003,-0.2131205586648572
1629018,Gary Trent Jr.,POR,2019-20,Scorer,Average,61,1331.996666666667,541,100,61,48,16,21,0.444,0.418,0.822,0.587,0.571,0.15,0.069,112.2,113.6,-1.4,2.9,0.017,0.052,0.064,0.035,11.800000000000011,-0.07199918784995574,-0.722160058633607,-1.0889391581582042,-0.5518737434431916
1627777,Georges Niang,UTA,2019-20,Scorer,Average,66,923.1916666666668,392,127,44,18,5,30,0.438,0.4,0.833,0.589,0.578,0.163,0.08,107.1,108.1,-1.1,1.47,0.015,0.117,0.069,0.066,17.30000000000001,-0.07284903943259231,-0.7566265444387713,-0.6223686529541526,-0.6508560228540833
203922,Glenn Robinson III,PHI,2019-20,Scorer,Average,62,1786.4316666666666,727,270,96,54,16,55,0.486,0.391,0.86,0.577,0.552,0.16,0.084,106.5,114.3,-7.8,1.75,0.043,0.106,0.081,0.074,11.100000000000009,0.0781639720649886,-0.49787075565817474,-0.14101828105257566,-0.5308338383479719
202330,Gordon Hayward,BOS,2019-20,Scorer,Very Good,52,1739.9883333333332,909,348,212,38,22,96,0.5,0.383,0.855,0.595,0.561,0.206,0.132,113.8,105.4,8.5,2.21,0.031,0.159,0.178,0.096,20.0,0.649070904241377,0.4738858112200355,0.34621764317628256,-0.11299425340195544
1628960,Grayson Allen,MEM,2019-20,Scorer,Average,38,718.47,330,85,52,10,2,33,0.466,0.404,0.867,0.609,0.58,0.171,0.083,105.1,111.1,-6.0,1.58,0.01,0.103,0.104,0.056,14.300000000000011,0.055354307367835975,-0.5305711471379623,-0.8612070965148972,-0.9403633435183041
203084,Harrison Barnes,SAC,2019-20,Scorer,Very Good,72,2481.615,1046,355,159,43,12,88,0.46,0.381,0.801,0.574,0.525,0.172,0.09,108.9,111.4,-2.5,1.81,0.03,0.111,0.092,0.07,14.0,0.3789036574435209,-0.20425601566677432,0.03356028134025185,-0.5148901290381364
200755,JJ Redick,NOP,2019-20,Scorer,Very Good,60,1580.9666666666667,917,151,119,20,10,75,0.453,0.453,0.892,0.644,0.596,0.197,0.098,111.7,112.7,-1.0,1.59,0.006,0.083,0.107,0.045,12.700000000000003,0.8691150310421277,-0.2671788685365466,-0.8262203073444723,-0.8498174821898091
203953,Jabari Parker,SAC,2019-20,Scorer,Very Good,38,917.8116666666666,531,214,68,45,16,64,0.51,0.269,0.753,0.571,0.548,0.233,0.113,110.4,115.3,-4.9,1.06,0.065,0.17,0.11,0.116,10.100000000000009,0.4369087549318822,-0.43799016597104656,0.2454579990587413,-0.682840779842282
1626143,Jahlil Okafor,NOP,2019-20,Scorer,Average,30,466.94166666666666,243,127,37,7,22,38,0.623,0.333,0.645,0.642,0.627,0.195,0.109,105.7,115.7,-10.1,0.97,0.094,0.164,0.121,0.128,9.700000000000003,0.3569846145384985,-0.49026641027944334,0.16748991393602575,-1.0393696574995017
201935,James Harden,HOU,2019-20,Scorer,Elite,68,2482.55,2335,446,512,125,60,308,0.444,0.355,0.865,0.626,0.543,0.356,0.19,114.0,108.2,5.8,1.66,0.026,0.139,0.366,0.083,17.200000000000003,2.952745212784618,2.6339120348859546,0.4406332384146359,1.0083948642093319
1628991,Jaren Jackson Jr.,MEM,2019-20,Scorer,Very Good,57,1621.993333333333,990,262,78,40,92,99,0.469,0.394,0.747,0.593,0.565,0.238,0.089,108.3,110.9,-2.6,0.79,0.033,0.12,0.073,0.077,14.5,0.9303043213632386,-0.6090464261396014,-0.12402634680785696,0.29280023991748105
1629637,Jaxson Hayes,NOP,2019-20,Scorer,Very Good,64,1079.715,472,259,56,26,55,53,0.672,0.25,0.647,0.689,0.674,0.146,0.096,107.9,109.7,-1.8,1.06,0.085,0.14,0.074,0.113,15.700000000000003,0.4321483002675752,-0.6843819818961261,0.32664107240963786,-0.1560993992731663
1627759,Jaylen Brown,BOS,2019-20,Scorer,Very Good,57,1933.665,1159,364,118,65,20,125,0.481,0.382,0.724,0.583,0.554,0.245,0.113,113.7,106.8,6.9,0.94,0.031,0.149,0.095,0.09,18.60000000000001,1.0462465032461667,-0.33827039987789165,0.31223377468684516,0.06427107285701869
1628369,Jayson Tatum,BOS,2019-20,Scorer,Elite,66,2265.085,1547,460,200,93,57,155,0.45,0.403,0.812,0.567,0.527,0.28,0.143,114.2,103.5,10.6,1.29,0.027,0.165,0.143,0.096,21.900000000000006,1.4907885817587248,0.2331116486298732,0.6433960445467936,0.9226258309067946
201145,Jeff Green,HOU,2019-20,Scorer,Average,48,960.1016666666668,453,133,50,26,19,42,0.462,0.339,0.802,0.59,0.552,0.188,0.086,105.6,109.4,-3.8,1.19,0.024,0.108,0.082,0.067,16.0,0.1598706332125048,-0.6615189031508177,-0.5937087271474806,-0.5027017008689265
203924,Jerami Grant,DEN,2019-20,Scorer,Average,71,1891.945,851,248,88,50,57,63,0.478,0.389,0.75,0.591,0.555,0.177,0.083,110.3,112.3,-2.1,1.4,0.031,0.099,0.068,0.065,13.100000000000009,0.37208014152632063,-0.6003377795908048,-0.3140494986353343,-0.03995391587624112
203087,Jeremy Lamb,IND,2019-20,Scorer,Average,46,1291.1533333333334,577,200,96,55,22,50,0.451,0.335,0.836,0.547,0.506,0.195,0.095,108.9,109.8,-0.9,1.92,0.019,0.135,0.107,0.079,15.600000000000009,0.05468241848370903,-0.35181176895032673,-0.2630565103857435,-0.19537165366846332
203925,Joe Harris,BKN,2019-20,Scorer,Very Good,69,2123.015,998,298,144,41,17,104,0.486,0.424,0.719,0.606,0.596,0.179,0.088,110.8,109.9,0.9,1.38,0.028,0.102,0.1,0.065,15.5,0.5784930416543875,-0.2145101588225105,-0.18138056945207048,-0.3968935223251438
203903,Jordan Clarkson,UTA,2019-20,Scorer,Very Good,71,1704.7283333333332,1078,187,136,46,16,97,0.454,0.368,0.836,0.574,0.542,0.254,0.105,110.5,111.0,-0.5,1.4,0.028,0.078,0.13,0.053,14.400000000000006,1.0022599525338614,-0.07541808935369977,-0.6287814438950798,-0.4198343141911091
203895,Jordan McRae,DET,2019-20,Scorer,Average,37,784.5383333333333,426,124,93,21,16,43,0.407,0.357,0.761,0.515,0.469,0.239,0.093,109.7,113.7,-4.1,2.16,0.022,0.139,0.174,0.078,11.700000000000003,0.08492898214461954,0.013531930522112712,-0.4774529370489849,-0.8375060102825648
1628367,Josh Jackson,MEM,2019-20,Scorer,Average,22,381.455,198,66,35,18,9,28,0.44,0.319,0.7,0.547,0.513,0.214,0.092,108.7,106.2,2.5,1.25,0.027,0.128,0.125,0.078,19.200000000000003,-0.07954386741041229,-0.47515517958445097,-0.631348894901571,-0.4987522842477388
1626196,Josh Richardson,PHI,2019-20,Scorer,Average,55,1693.185,755,174,162,52,36,104,0.43,0.341,0.809,0.533,0.496,0.2,0.078,109.3,106.0,3.3,1.56,0.023,0.075,0.138,0.049,19.400000000000006,0.13960383181301594,0.06519511170643305,-0.7142339827014496,0.1384565187477258
1626157,Karl-Anthony Towns,MIN,2019-20,Scorer,Elite,35,1187.03,926,378,153,33,42,110,0.508,0.412,0.796,0.642,0.6,0.278,0.168,113.9,115.4,-1.5,1.39,0.075,0.24,0.21,0.155,10.0,1.457129346233744,0.436548929919429,1.177458604662378,-0.5499985385270904
202695,Kawhi Leonard,LAC,2019-20,Scorer,Elite,57,1848.1083333333331,1543,402,280,103,33,149,0.47,0.378,0.886,0.589,0.524,0.327,0.191,116.9,104.7,12.2,1.88,0.028,0.175,0.255,0.103,20.700000000000003,1.9577524395124446,1.1566641279276644,0.5786776668269695,0.7129147141567702
1626162,Kelly Oubre Jr.,PHX,2019-20,Scorer,Very Good,56,1933.371666666667,1046,361,85,71,40,83,0.452,0.352,0.78,0.56,0.517,0.219,0.097,110.6,110.4,0.2,1.02,0.034,0.151,0.066,0.092,15.0,0.6429208076313847,-0.6226121602276541,0.3297529475452099,0.11727170037013106
202689,Kemba Walker,BOS,2019-20,Scorer,Very Good,56,1742.405,1145,217,268,48,28,117,0.425,0.381,0.864,0.575,0.526,0.268,0.13,115.2,108.1,7.1,2.29,0.02,0.1,0.232,0.06,17.30000000000001,1.1587812160614717,0.9833018053565089,-0.4600025062523595,-0.10731346263405721
1629134,Kendrick Nunn,MIA,2019-20,Scorer,Very Good,67,1962.4683333333328,1024,180,220,56,15,114,0.439,0.35,0.85,0.534,0.514,0.236,0.086,110.3,109.1,1.2,1.93,0.011,0.079,0.182,0.046,16.30000000000001,0.602847784960671,0.5257939551384105,-0.7365326741134988,-0.2147042662170071
203484,Kentavious Caldwell-Pope,LAL,2019-20,Scorer,Average,69,1761.9616666666666,645,142,111,57,14,62,0.467,0.385,0.775,0.584,0.558,0.142,0.065,110.6,107.2,3.5,1.79,0.021,0.056,0.085,0.038,18.200000000000003,-0.07271616407496884,-0.4202047724834318,-0.9392782947302217,-0.10282648468771331
1629645,Kevin Porter Jr.,CLE,2019-20,Scorer,Average,50,1161.72,498,162,109,46,14,93,0.442,0.335,0.723,0.535,0.505,0.202,0.069,102.0,113.2,-11.2,1.17,0.018,0.121,0.147,0.068,12.200000000000003,-0.0196554071015848,-0.07926964836324019,-0.5040210939165073,-0.5693295273061599
203114,Khris Middleton,MIL,2019-20,Scorer,Elite,62,1852.6716666666664,1297,382,265,53,7,137,0.497,0.415,0.916,0.619,0.575,0.26,0.154,113.3,100.9,12.4,1.93,0.023,0.157,0.212,0.094,24.5,1.4614035900793436,0.8599096646911495,0.4109532064115413,0.15506026834939726
2594,Kyle Korver,MIL,2019-20,Scorer,Average,58,959.98,386,122,68,26,12,48,0.43,0.418,0.854,0.62,0.599,0.145,0.076,109.0,103.7,5.4,1.42,0.014,0.091,0.092,0.055,21.700000000000003,-0.031700987901111345,-0.5391079259995567,-0.7757717432239623,-0.2386223011082694
1628398,Kyle Kuzma,LAL,2019-20,Scorer,Average,61,1526.185,782,273,80,28,26,91,0.436,0.316,0.735,0.531,0.5,0.221,0.085,110.1,105.2,4.9,0.88,0.033,0.135,0.076,0.085,20.200000000000003,0.30136990391503404,-0.5848340834901731,0.007078052049903534,-0.16438709176288402
202681,Kyrie Irving,BKN,2019-20,Scorer,Very Good,20,657.9666666666667,548,103,128,27,10,52,0.478,0.394,0.922,0.595,0.546,0.318,0.164,112.7,113.1,-0.4,2.46,0.032,0.12,0.331,0.075,12.300000000000011,1.2086301311014356,1.0242927003859572,-0.5713928502199966,-0.800789811641426
200746,LaMarcus Aldridge,SAS,2019-20,Scorer,Very Good,53,1753.9383333333333,1001,392,129,36,87,74,0.493,0.389,0.827,0.571,0.532,0.236,0.12,110.2,113.4,-3.2,1.74,0.058,0.162,0.117,0.11,12.0,0.7978101990266889,-0.1742054219639916,0.6413214611230789,0.05388078052511425
1629013,Landry Shamet,LAC,2019-20,Scorer,Average,53,1451.93,492,100,99,20,10,42,0.404,0.375,0.855,0.58,0.546,0.132,0.048,112.5,108.2,4.3,2.36,0.004,0.058,0.09,0.032,17.200000000000003,-0.27912691607965956,-0.43627280167690485,-1.1271581210722452,-0.5854214444670476
204038,Langston Galloway,DET,2019-20,Scorer,Average,66,1702.225,677,149,101,48,11,40,0.435,0.399,0.859,0.584,0.557,0.149,0.075,107.7,112.1,-4.4,2.53,0.019,0.068,0.089,0.043,13.300000000000011,0.0016039761899901972,-0.4345310723671456,-0.8570063731211633,-0.5143290508843004
1629022,Lonnie Walker IV,SAS,2019-20,Scorer,Average,61,988.2983333333332,389,139,68,32,14,44,0.426,0.406,0.721,0.507,0.483,0.183,0.068,109.0,109.4,-0.4,1.55,0.023,0.11,0.099,0.067,16.0,-0.39744081355204725,-0.4997843526551361,-0.577788455645489,-0.49112084325441746
1628379,Luke Kennard,DET,2019-20,Scorer,Average,28,921.9233333333332,442,98,115,12,6,43,0.442,0.399,0.893,0.589,0.548,0.193,0.098,109.2,111.3,-2.1,2.67,0.01,0.095,0.188,0.054,14.100000000000009,0.18282286908285714,0.17313228630239588,-0.8521924835366093,-0.8909216966392908
1627736,Malik Beasley,MIN,2019-20,Scorer,Average,55,1208.7116666666666,615,148,75,40,8,57,0.425,0.388,0.818,0.546,0.525,0.208,0.083,109.8,111.6,-1.9,1.32,0.014,0.107,0.093,0.059,13.800000000000011,0.17153480852235958,-0.5077324334082716,-0.6558252828299439,-0.5981950088752621
1628370,Malik Monk,CHA,2019-20,Scorer,Average,55,1169.1033333333332,564,157,114,25,16,77,0.434,0.284,0.82,0.53,0.494,0.22,0.091,101.8,112.3,-10.5,1.48,0.021,0.108,0.168,0.063,13.100000000000009,0.13112141853622636,0.057099528281713066,-0.5809862583582353,-0.7138040134600129
201158,Marco Belinelli,SAS,2019-20,Scorer,Average,57,883.4016666666666,361,99,69,12,1,19,0.392,0.376,0.828,0.532,0.498,0.166,0.071,110.8,109.3,1.5,3.63,0.008,0.097,0.102,0.053,16.10000000000001,-0.399142773669205,-0.4792517013280462,-0.8622787592576242,-0.8239996665556483
202694,Marcus Morris Sr.,LAC,2019-20,Scorer,Very Good,62,1936.2733333333333,1033,311,86,47,30,97,0.438,0.408,0.823,0.57,0.526,0.216,0.092,111.3,109.9,1.5,0.89,0.029,0.128,0.066,0.077,15.5,0.6687597873519362,-0.6189324689053158,0.005989203791741643,-0.20319831265532937
202693,Markieff Morris,LAL,2019-20,Scorer,Average,58,1187.5333333333333,560,218,77,31,17,76,0.443,0.386,0.776,0.565,0.539,0.202,0.084,104.1,109.9,-5.8,1.01,0.033,0.144,0.1,0.089,15.5,0.1965819127414167,-0.46104947741917446,-0.08789915283296566,-0.5005071517082631
1629744,Matt Thomas,TOR,2019-20,Scorer,Average,41,440.02,202,61,22,10,1,16,0.487,0.475,0.75,0.65,0.643,0.152,0.093,106.0,101.8,4.2,1.38,0.018,0.1,0.076,0.06,23.60000000000001,0.05837706919259866,-0.7982561801857926,-0.8739295653041428,-0.4040623295610029
203488,Mike Muscala,OKC,2019-20,Scorer,Average,47,571.7666666666667,226,108,40,9,12,17,0.407,0.378,0.818,0.569,0.55,0.16,0.083,103.4,105.7,-2.3,2.35,0.027,0.156,0.106,0.092,19.700000000000003,-0.32887193234028284,-0.563492136336187,-0.34155183412210527,-0.5322748211585774
1626149,Montrezl Harrell,LAC,2019-20,Scorer,Very Good,63,1749.1266666666668,1173,445,107,39,72,108,0.58,0.0,0.658,0.607,0.58,0.245,0.145,112.3,105.8,6.5,0.99,0.089,0.141,0.102,0.116,19.60000000000001,1.193563457151837,-0.339423431079192,0.8583884518854203,0.37973843967018217
1626181,Norman Powell,TOR,2019-20,Scorer,Very Good,52,1478.825,830,190,91,60,21,77,0.495,0.399,0.843,0.624,0.586,0.21,0.109,109.3,104.6,4.6,1.18,0.017,0.098,0.095,0.059,20.80000000000001,0.7871906167686209,-0.43762206558102484,-0.5443833823160023,0.15184200727743732
1627783,Pascal Siakam,TOR,2019-20,Scorer,Very Good,60,2110.161666666667,1371,439,207,61,53,148,0.453,0.359,0.792,0.554,0.512,0.278,0.129,111.8,103.0,8.8,1.4,0.03,0.162,0.161,0.098,22.400000000000006,1.2748974350163351,0.35998724791475134,0.6131544028991833,0.5799696983932737
201988,Patty Mills,SAS,2019-20,Scorer,Very Good,66,1484.7483333333332,767,108,118,53,6,54,0.431,0.382,0.866,0.592,0.56,0.193,0.082,113.1,109.0,4.1,2.19,0.014,0.054,0.112,0.035,16.400000000000006,0.4343488804950109,-0.2427702931842987,-1.067712129488882,-0.3309700635546457
202331,Paul George,LAC,2019-20,Scorer,Elite,48,1418.878333333333,1033,272,185,68,20,125,0.439,0.412,0.876,0.589,0.539,0.292,0.147,115.0,106.3,8.7,1.48,0.017,0.161,0.205,0.091,19.10000000000001,1.3337496120905705,0.5262107855596674,0.08086259929431992,0.12473249919670577
1629628,RJ Barrett,NYK,2019-20,Scorer,Average,56,1704.4216666666666,803,279,143,55,17,124,0.402,0.32,0.614,0.479,0.445,0.234,0.072,105.4,114.5,-9.1,1.15,0.027,0.134,0.127,0.078,10.900000000000006,0.11436841578338626,-0.06651321010208361,-0.06617925658086694,-0.5221059464164882
1629730,Rayjon Tucker,UTA,2019-20,Scorer,Average,20,161.44833333333332,62,20,5,1,1,8,0.465,0.176,0.826,0.584,0.5,0.152,0.068,106.3,113.3,-6.9,0.63,0.017,0.113,0.043,0.061,12.100000000000009,-0.41994117061614755,-1.0461934927178118,-0.9699784329297388,-1.1729933590750898
203918,Rodney Hood,POR,2019-20,Scorer,Average,21,618.6716666666666,230,72,32,17,4,19,0.506,0.493,0.778,0.625,0.608,0.137,0.074,112.3,111.6,0.6,1.68,0.015,0.092,0.068,0.054,13.800000000000011,-0.17417639674907281,-0.8064004936417478,-0.9211803267119064,-0.8769762124687267
203552,Seth Curry,DAL,2019-20,Scorer,Very Good,64,1575.7133333333334,793,145,124,38,9,62,0.495,0.452,0.825,0.643,0.621,0.176,0.093,114.0,110.6,3.4,2.0,0.016,0.07,0.117,0.043,14.800000000000011,0.6202449039569098,-0.19260387857568295,-0.8676198874558245,-0.5500455956993109
1628983,Shai Gilgeous-Alexander,OKC,2019-20,Scorer,Very Good,70,2428.335,1331,412,232,79,47,134,0.471,0.347,0.807,0.568,0.514,0.235,0.123,112.7,109.2,3.5,1.73,0.02,0.146,0.148,0.085,16.200000000000003,1.0113162558175872,0.378950037619284,0.3758976751793771,0.3414904619575374
1629003,Shake Milton,PHI,2019-20,Scorer,Average,40,805.365,377,88,104,20,7,47,0.484,0.43,0.785,0.617,0.588,0.186,0.084,113.9,113.8,0.1,2.21,0.018,0.093,0.182,0.055,11.600000000000009,0.24479582774368702,0.09894976174717152,-0.8659866150685817,-0.9448000167534792
1629004,Svi Mykhailiuk,DET,2019-20,Scorer,Average,56,1265.013333333333,504,104,106,41,4,61,0.41,0.404,0.814,0.578,0.552,0.165,0.069,108.6,109.2,-0.6,1.74,0.013,0.071,0.12,0.041,16.200000000000003,-0.040332293181169376,-0.24198536237302015,-1.0018877179954613,-0.4872922818304346
203933,T.J. Warren,IND,2019-20,Scorer,Very Good,67,2202.3516666666665,1326,280,99,78,34,84,0.536,0.403,0.819,0.61,0.581,0.229,0.113,109.6,106.9,2.7,1.18,0.031,0.092,0.072,0.063,18.5,1.2039241392811546,-0.537390561705415,-0.2546206925674061,0.33473781959313836
1629056,Terence Davis,TOR,2019-20,Scorer,Average,72,1209.1633333333334,543,237,115,39,14,76,0.456,0.388,0.864,0.588,0.564,0.181,0.101,111.8,103.9,7.9,1.51,0.039,0.137,0.14,0.09,21.5,0.1620955902105215,-0.09651507377363105,-0.024745305438645088,-0.09544058991396985
203082,Terrence Ross,ORL,2019-20,Scorer,Very Good,69,1889.0833333333333,1016,222,82,77,24,70,0.403,0.351,0.853,0.548,0.508,0.216,0.095,105.5,108.0,-2.5,1.17,0.006,0.108,0.072,0.054,17.400000000000006,0.5307144590562978,-0.5999453141851655,-0.5231735391621148,0.15857167406964875
203501,Tim Hardaway Jr.,DAL,2019-20,Scorer,Very Good,71,2091.353333333333,1121,232,137,41,5,69,0.434,0.398,0.819,0.581,0.55,0.204,0.089,116.0,110.1,5.9,1.99,0.011,0.09,0.096,0.051,15.300000000000011,0.707268006798317,-0.26273861141854726,-0.534858716239503,-0.530054025371914
1627789,Timothe Luwawu-Cabarrot,BKN,2019-20,Scorer,Average,47,852.6666666666666,365,127,29,18,7,37,0.435,0.388,0.852,0.599,0.55,0.162,0.069,103.5,104.8,-1.3,0.78,0.03,0.099,0.052,0.065,20.60000000000001,-0.042465180627246545,-0.9073220209674383,-0.6351083072588328,-0.4367306671845799
202699,Tobias Harris,PHI,2019-20,Scorer,Very Good,72,2469.1783333333333,1411,495,227,53,40,104,0.471,0.367,0.806,0.556,0.527,0.236,0.126,110.3,107.2,3.1,2.18,0.027,0.172,0.145,0.099,18.200000000000003,1.0077182179875077,0.34369862100284093,0.7744832578891192,0.11878212763892455
1629639,Tyler Herro,MIA,2019-20,Scorer,Average,55,1508.08,743,224,121,34,9,87,0.428,0.389,0.87,0.55,0.52,0.213,0.099,107.9,109.6,-1.7,1.39,0.011,0.131,0.131,0.072,15.800000000000011,0.32331442691270984,-0.12499580585385656,-0.288553004510539,-0.5327363724030562
203897,Zach LaVine,CHI,2019-20,Scorer,Elite,60,2085.41,1530,289,254,88,28,206,0.45,0.38,0.802,0.568,0.526,0.312,0.13,106.8,111.2,-4.4,1.23,0.019,0.125,0.218,0.07,14.200000000000003,1.7185020121811272,0.8531389801549318,-0.14156270518165642,0.12500156224496173
1629627,Zion Williamson,NOP,2019-20,Scorer,Very Good,24,668.1416666666667,540,150,50,16,9,59,0.583,0.429,0.64,0.616,0.592,0.291,0.141,112.0,106.9,5.1,0.85,0.092,0.114,0.119,0.104,18.5,1.1252761841647143,-0.45366572975888037,-0.07723408195200013,-0.5606032826590147
1627846,Abdel Nader,PHX,2020-21,Scorer,Average,24,355.25,160,62,19,10,9,19,0.491,0.419,0.757,0.605,0.569,0.183,0.092,106.7,101.7,5.0,1.0,0.02,0.151,0.078,0.088,23.700000000000003,-0.0022653710604107293,-0.798059947482973,-0.5145658661894292,-0.3172471500314728
202692,Alec Burks,NYK,2020-21,Scorer,Average,49,1254.56,623,227,107,31,14,49,0.42,0.415,0.856,0.564,0.522,0.208,0.115,109.6,104.6,5.0,2.18,0.016,0.156,0.135,0.087,20.80000000000001,0.2802196516223468,-0.15404087102692338,-0.08949805418933879,-0.2194597659551165
1628035,Alfonzo McKinnie,LAL,2020-21,Scorer,Average,39,258.0083333333333,122,54,6,7,0,5,0.516,0.41,0.556,0.604,0.602,0.164,0.1,102.0,101.3,0.7,1.2,0.076,0.113,0.036,0.095,24.10000000000001,-0.17447572589024074,-1.0818373747398942,-0.44661531472598925,-0.4158865448542599
203952,Andrew Wiggins,GSW,2020-21,Scorer,Very Good,71,2364.27,1320,347,167,67,70,126,0.477,0.38,0.714,0.568,0.543,0.229,0.099,108.9,109.1,-0.2,1.33,0.034,0.106,0.11,0.071,16.30000000000001,0.9594607251827915,-0.07370072505955808,0.025072906975609766,0.45573124627341305
1629014,Anfernee Simons,POR,2020-21,Scorer,Average,64,1104.4566666666667,502,140,89,18,8,43,0.419,0.426,0.807,0.589,0.569,0.18,0.079,115.2,114.4,0.8,2.07,0.012,0.109,0.117,0.059,11.0,0.130925538148814,-0.32139307485752233,-0.6770523114992661,-0.9906580836567326
203076,Anthony Davis,LAL,2020-21,Scorer,Very Good,36,1161.735,786,286,110,45,59,74,0.491,0.26,0.738,0.556,0.512,0.287,0.153,112.5,107.4,5.2,1.49,0.054,0.198,0.154,0.125,18.0,0.9303447209525547,-0.036266383696481275,0.5511581458247639,0.21637210518090635
1630162,Anthony Edwards,MIN,2020-21,Scorer,Very Good,72,2314.1666666666665,1392,336,211,82,36,160,0.417,0.329,0.776,0.523,0.488,0.264,0.094,110.6,115.6,-5.0,1.32,0.023,0.121,0.142,0.07,9.800000000000011,1.0103111914016136,0.26797059984067695,-0.01685391174938841,-0.11474747357814048
1629717,Armoni Brooks,HOU,2020-21,Scorer,Average,20,520.36,223,68,30,12,5,22,0.406,0.382,0.583,0.565,0.563,0.175,0.068,103.9,115.6,-11.7,1.36,0.017,0.112,0.09,0.061,9.800000000000011,-0.24409829298062238,-0.6901715029182454,-0.8426162609138055,-1.1536842633552242
203463,Ben McLemore,LAL,2020-21,Scorer,Average,53,904.81,406,100,39,23,9,42,0.37,0.346,0.736,0.523,0.503,0.192,0.053,105.0,109.2,-4.2,0.93,0.015,0.091,0.064,0.051,16.200000000000003,-0.22781636389280904,-0.8031132677250489,-0.8851046892833196,-0.6232094947046868
203992,Bogdan Bogdanović,ATL,2020-21,Scorer,Very Good,44,1305.4016666666666,720,160,147,49,13,54,0.473,0.438,0.909,0.616,0.602,0.21,0.11,114.9,111.0,3.9,2.72,0.016,0.104,0.169,0.061,14.400000000000006,0.6621239446603718,0.18414699525379313,-0.5985054312165999,-0.4191026173853909
202711,Bojan Bogdanovic,UTA,2020-21,Scorer,Very Good,72,2215.565,1225,281,136,45,4,128,0.439,0.39,0.879,0.588,0.536,0.225,0.094,116.8,107.3,9.5,1.06,0.018,0.099,0.091,0.06,18.10000000000001,0.976020372464863,-0.29450656941547176,-0.29018627689778176,-0.3342129474831317
1629626,Bol Bol,DEN,2020-21,Scorer,Average,32,159.65666666666667,69,24,7,3,10,13,0.431,0.375,0.667,0.534,0.509,0.191,0.057,94.4,119.3,-24.9,0.54,0.0,0.154,0.067,0.074,6.1000000000000085,-0.4152711377137301,-0.9040104300351217,-0.7937494126342338,-1.4137415074678286
203078,Bradley Beal,WAS,2020-21,Scorer,Elite,60,2146.998333333333,1878,283,265,69,22,187,0.485,0.349,0.889,0.593,0.532,0.331,0.145,114.4,114.8,-0.4,1.42,0.033,0.094,0.202,0.064,10.600000000000009,2.2514894047015863,0.8037331313419773,-0.23392090251172995,-0.34408594777960905
1627742,Brandon Ingram,NOP,2020-21,Scorer,Elite,61,2092.41,1450,299,296,42,36,154,0.466,0.381,0.878,0.584,0.531,0.279,0.128,115.1,114.2,1.0,1.92,0.016,0.126,0.218,0.071,11.200000000000003,1.510714768762676,1.007686015693139,-0.10228926504032354,-0.44694544604131475
1627854,Bryn Forbes,MIL,2020-21,Scorer,Very Good,70,1354.36,701,112,45,24,1,44,0.473,0.452,0.77,0.631,0.618,0.18,0.076,113.4,110.8,2.7,1.02,0.008,0.069,0.045,0.039,14.600000000000009,0.5145706960664235,-0.8877705331544467,-1.0061399979354997,-0.7877953238701588
1627741,Buddy Hield,SAC,2020-21,Scorer,Very Good,71,2432.858333333333,1176,334,257,63,30,130,0.406,0.391,0.846,0.567,0.548,0.201,0.084,114.5,116.3,-1.8,1.98,0.012,0.126,0.141,0.069,9.100000000000009,0.6449242450130862,0.43161874733332,-0.0349003232213993,-0.4134464259591543
203468,CJ McCollum,POR,2020-21,Scorer,Very Good,47,1599.7583333333334,1087,185,223,44,21,65,0.458,0.402,0.812,0.577,0.554,0.265,0.123,119.0,112.8,6.2,3.43,0.018,0.099,0.22,0.056,12.600000000000009,1.1064282042346607,0.7503038558322801,-0.5958692381483695,-0.49572813514147485
1629629,Cam Reddish,ATL,2020-21,Scorer,Average,26,750.3383333333334,292,104,35,33,9,34,0.365,0.262,0.817,0.488,0.428,0.183,0.053,110.9,114.9,-4.0,1.03,0.028,0.109,0.066,0.068,10.5,-0.5760254477764382,-0.8065967263445675,-0.6579170517690933,-0.8544975131037322
1629661,Cameron Johnson,PHX,2020-21,Scorer,Average,60,1437.4433333333334,573,199,86,37,16,40,0.42,0.349,0.847,0.563,0.541,0.164,0.081,112.2,106.5,5.7,2.15,0.023,0.118,0.083,0.07,18.900000000000006,-0.08365654199641488,-0.523432362211723,-0.3803667777115314,-0.24869054291315504
2546,Carmelo Anthony,POR,2020-21,Scorer,Very Good,69,1690.1433333333334,924,214,104,46,38,61,0.421,0.409,0.89,0.547,0.506,0.228,0.088,115.1,115.8,-0.6,1.7,0.017,0.107,0.097,0.06,9.600000000000009,0.5464970059088379,-0.3785507717207929,-0.46796264200335536,-0.47927254636112576
1629035,Carsen Edwards,BOS,2020-21,Scorer,Average,31,275.5833333333333,123,26,14,7,1,7,0.423,0.286,0.846,0.527,0.505,0.187,0.064,105.1,109.2,-4.1,2.0,0.01,0.084,0.075,0.046,16.200000000000003,-0.4456337770769843,-0.8333113640994161,-1.1451529759979515,-0.8699310137422581
1629012,Collin Sexton,CLE,2020-21,Scorer,Elite,60,2115.168333333333,1460,187,262,62,10,167,0.475,0.371,0.815,0.573,0.519,0.286,0.115,104.8,114.0,-9.2,1.57,0.027,0.063,0.222,0.044,11.400000000000006,1.506276734301785,0.9050471240733069,-0.7434383326372025,-0.49102131634506097
1627745,Damian Jones,SAC,2020-21,Scorer,Average,39,545.7266666666667,183,121,29,11,29,26,0.68,0.2,0.724,0.712,0.684,0.12,0.083,104.9,110.0,-5.1,1.12,0.064,0.156,0.075,0.109,15.400000000000006,0.16490705799097252,-0.7781159942643421,-0.0904837893548916,-0.5922003099425814
1627814,Damion Lee,GSW,2020-21,Scorer,Average,57,1079.0,373,180,73,38,8,30,0.467,0.397,0.909,0.636,0.608,0.127,0.088,109.7,108.2,1.6,2.43,0.02,0.142,0.094,0.081,17.200000000000003,-0.08136402193018862,-0.5094741627180308,-0.2906447734496885,-0.41915183958357777
201568,Danilo Gallinari,ATL,2020-21,Scorer,Very Good,51,1221.8916666666669,676,211,76,30,10,43,0.434,0.406,0.925,0.613,0.542,0.211,0.112,113.0,110.3,2.7,1.77,0.015,0.155,0.099,0.087,15.100000000000009,0.6205612651219256,-0.47034682207642997,-0.13195211152798322,-0.6051926326878833
203967,Dario Saric,PHX,2020-21,Scorer,Average,50,870.4833333333333,437,190,65,30,4,57,0.447,0.348,0.848,0.567,0.516,0.218,0.094,115.9,104.4,11.5,1.14,0.055,0.168,0.104,0.112,21.0,0.23644337957614966,-0.4827351599475648,0.13081829583205346,-0.3192448339142538
1628021,David Nwaba,HOU,2020-21,Scorer,Average,30,678.5633333333334,276,118,31,30,21,17,0.486,0.27,0.691,0.557,0.525,0.163,0.089,106.8,108.0,-1.3,1.82,0.055,0.108,0.07,0.081,17.400000000000006,-0.33946347399286353,-0.7988448782942517,-0.4551542456369357,-0.35876477604022977
202722,Davis Bertans,WAS,2020-21,Scorer,Average,57,1463.675,655,168,49,33,13,33,0.404,0.395,0.87,0.62,0.581,0.148,0.069,112.8,110.8,2.1,1.48,0.011,0.095,0.043,0.053,14.600000000000009,0.18424952092080174,-0.884287074534928,-0.6791956369847201,-0.5731334893884812
1629631,De'Andre Hunter,ATL,2020-21,Scorer,Average,23,677.7966666666666,344,110,44,19,12,29,0.484,0.326,0.859,0.603,0.546,0.194,0.104,111.3,105.9,5.5,1.52,0.024,0.125,0.098,0.076,19.5,0.19951626267605593,-0.5937145977261717,-0.5400795458296594,-0.44041212678535874
1628401,Derrick White,SAS,2020-21,Scorer,Average,36,1063.5383333333334,553,107,127,26,36,45,0.411,0.346,0.851,0.55,0.503,0.223,0.09,113.9,108.8,5.1,2.82,0.012,0.086,0.168,0.049,16.60000000000001,0.2595009505319655,0.10493551547211055,-0.8920103478070232,-0.29545200778699154
1630217,Desmond Bane,MEM,2020-21,Scorer,Average,68,1518.965,625,210,118,41,16,59,0.469,0.432,0.816,0.6,0.586,0.155,0.08,110.1,109.7,0.4,2.0,0.019,0.116,0.105,0.066,15.700000000000003,0.09950770336850327,-0.2820938665287194,-0.4021382305099346,-0.3952600513183156
1626164,Devin Booker,PHX,2020-21,Scorer,Elite,67,2270.0533333333333,1712,281,289,53,16,207,0.484,0.34,0.867,0.587,0.533,0.319,0.125,118.6,111.4,7.2,1.4,0.016,0.108,0.2,0.064,14.0,2.009627680050892,0.8808104164082613,-0.2392276596790605,-0.3708066436427269
1628415,Dillon Brooks,MEM,2020-21,Scorer,Very Good,67,1996.6566666666668,1151,196,157,78,26,119,0.419,0.344,0.815,0.515,0.481,0.256,0.066,113.9,109.4,4.5,1.32,0.026,0.069,0.112,0.047,16.0,0.7322101527251791,-0.09926233161310628,-0.6813389624701741,0.10691141994480184
1628378,Donovan Mitchell,UTA,2020-21,Scorer,Elite,53,1771.4366666666667,1401,235,277,52,15,147,0.438,0.386,0.845,0.569,0.52,0.327,0.138,117.1,109.2,7.9,1.88,0.028,0.095,0.266,0.063,16.200000000000003,1.740998567158712,1.207419240644739,-0.37402272883234355,-0.2620251854752056
203926,Doug McDermott,IND,2020-21,Scorer,Very Good,66,1619.131666666667,899,221,85,20,6,53,0.532,0.388,0.816,0.635,0.616,0.194,0.096,110.5,112.3,-1.8,1.6,0.036,0.096,0.075,0.066,13.100000000000009,0.7827150782552352,-0.5720532802133991,-0.37295106608961653,-0.8667854681822978
1629130,Duncan Robinson,MIA,2020-21,Scorer,Very Good,72,2261.725,942,250,127,43,20,81,0.439,0.408,0.827,0.628,0.614,0.162,0.075,110.6,108.3,2.3,1.57,0.003,0.109,0.082,0.057,17.10000000000001,0.5394463028417401,-0.37818267133077116,-0.4106599759054462,-0.2518109243600977
1628407,Dwayne Bacon,ORL,2020-21,Scorer,Average,72,1852.7833333333333,788,224,93,45,5,46,0.402,0.285,0.824,0.49,0.443,0.193,0.069,101.3,112.8,-11.4,2.02,0.015,0.102,0.08,0.056,12.600000000000009,-0.13369568460175893,-0.5145274829601068,-0.49238747338542366,-0.6472461962523233
1628410,Edmond Sumner,IND,2020-21,Scorer,Average,53,861.2033333333334,399,94,49,33,10,51,0.525,0.398,0.819,0.626,0.587,0.176,0.072,111.8,112.2,-0.4,0.96,0.02,0.083,0.075,0.052,13.200000000000003,0.23891410942100358,-0.7045221678175767,-0.8882853064806309,-0.6857424264670028
201569,Eric Gordon,HOU,2020-21,Scorer,Very Good,27,788.7133333333334,481,58,71,14,13,51,0.433,0.329,0.825,0.577,0.527,0.246,0.097,106.8,110.1,-3.3,1.39,0.009,0.062,0.147,0.035,15.300000000000011,0.5303227923984313,-0.21909791861209438,-1.200381058672146,-0.7288711126817561
1629672,Eric Paschall,GSW,2020-21,Scorer,Average,40,695.0166666666667,381,128,51,12,7,43,0.497,0.333,0.713,0.561,0.527,0.234,0.098,103.7,110.5,-6.8,1.19,0.038,0.138,0.125,0.088,14.900000000000006,0.27888153521458564,-0.41628011842703866,-0.33944287966752096,-0.8338004925966164
203095,Evan Fournier,BOS,2020-21,Scorer,Very Good,42,1259.003333333333,719,128,144,47,19,73,0.457,0.413,0.788,0.598,0.565,0.222,0.098,111.6,113.0,-1.4,1.97,0.007,0.094,0.17,0.049,12.400000000000006,0.6463329288543868,0.17872557462169555,-0.8362893975500523,-0.4966299093425847
1628402,Frank Jackson,DET,2020-21,Scorer,Average,40,738.2416666666667,390,86,36,15,1,34,0.457,0.407,0.813,0.598,0.561,0.207,0.093,106.1,107.0,-1.0,1.06,0.021,0.092,0.079,0.057,18.400000000000006,0.29926769935805614,-0.7298875416683053,-0.8458140636265516,-0.6577798251268567
1627788,Furkan Korkmaz,PHI,2020-21,Scorer,Average,55,1061.575,501,113,82,49,9,46,0.401,0.375,0.732,0.544,0.52,0.195,0.089,110.3,104.3,6.0,1.78,0.015,0.09,0.111,0.052,21.10000000000001,-0.01727750893366578,-0.38085683412339355,-0.8378711133909906,-0.06591615056601363
1629018,Gary Trent Jr.,TOR,2020-21,Scorer,Average,58,1801.985,888,152,80,56,10,43,0.408,0.385,0.783,0.534,0.513,0.204,0.071,113.9,115.7,-1.8,1.86,0.014,0.069,0.067,0.04,9.700000000000003,0.27051610418983385,-0.6353929635044282,-0.8872652002842084,-0.6530724415590872
201588,George Hill,PHI,2020-21,Scorer,Average,30,671.595,261,61,73,23,5,31,0.482,0.388,0.8,0.596,0.561,0.161,0.088,109.7,110.2,-0.4,2.35,0.023,0.063,0.156,0.044,15.200000000000003,-0.14193776019672608,-0.1611796559531627,-1.0777640341790273,-0.7224340257664795
1627777,Georges Niang,UTA,2020-21,Scorer,Average,72,1154.4366666666667,500,176,59,25,8,51,0.437,0.425,0.957,0.602,0.59,0.169,0.076,114.9,100.3,14.6,1.16,0.024,0.117,0.071,0.072,25.10000000000001,0.12328590821114767,-0.6901958679338629,-0.41591517652647236,-0.08968762489056237
203507,Giannis Antetokounmpo,MIL,2020-21,Scorer,Elite,61,2012.7333333333331,1717,671,357,72,73,207,0.569,0.303,0.685,0.633,0.6,0.32,0.196,117.1,107.3,9.8,1.72,0.048,0.264,0.282,0.16,18.10000000000001,2.2835605720921857,1.5916769997904758,2.018596801199706,0.6436488680632948
203922,Glenn Robinson III,SAC,2020-21,Scorer,Average,23,369.335,121,45,20,4,3,11,0.424,0.364,0.913,0.554,0.505,0.135,0.057,105.2,122.5,-17.3,1.82,0.028,0.094,0.075,0.06,2.9000000000000057,-0.6733676648164831,-0.8112332161653865,-0.9163836226427873,-1.6622173527094326
202330,Gordon Hayward,CHA,2020-21,Scorer,Very Good,44,1496.1833333333334,863,258,181,52,14,91,0.473,0.415,0.843,0.584,0.537,0.235,0.124,111.0,110.3,0.7,1.99,0.024,0.143,0.189,0.083,15.100000000000009,0.7652991350203987,0.42160956691163876,-0.05820193531443624,-0.3367727920327306
203476,Gorgui Dieng,SAS,2020-21,Scorer,Average,38,552.7366666666667,258,140,48,26,16,32,0.521,0.429,0.866,0.67,0.613,0.169,0.12,106.6,113.2,-6.7,1.5,0.068,0.181,0.13,0.122,12.200000000000003,0.3375603285133737,-0.39923092571946733,0.12554590969559248,-0.7563218580662537
1628960,Grayson Allen,MEM,2020-21,Scorer,Average,50,1259.485,532,160,108,46,8,48,0.418,0.391,0.868,0.586,0.547,0.164,0.084,111.6,111.0,0.5,2.25,0.014,0.106,0.116,0.06,14.400000000000006,0.018279684462854218,-0.25709659306801247,-0.6112450855212803,-0.5007740262156893
203084,Harrison Barnes,SAC,2020-21,Scorer,Very Good,58,2102.393333333333,933,385,201,43,11,93,0.497,0.391,0.83,0.626,0.575,0.169,0.107,114.4,116.2,-1.8,2.16,0.031,0.152,0.128,0.092,9.200000000000003,0.5727642645016067,0.15252653992845316,0.3934340335531766,-0.8070300332788211
1630193,Immanuel Quickley,NYK,2020-21,Scorer,Very Good,64,1243.485,731,137,127,30,12,58,0.395,0.389,0.891,0.557,0.497,0.246,0.103,111.6,104.5,7.1,2.19,0.02,0.086,0.164,0.054,20.900000000000006,0.5962593012734275,0.08246490213244162,-0.7487107187736635,-0.2441805893946235
200755,JJ Redick,DAL,2020-21,Scorer,Average,44,723.3633333333333,327,64,51,11,3,36,0.397,0.371,0.942,0.564,0.521,0.184,0.067,109.3,110.6,-1.3,1.42,0.006,0.082,0.098,0.044,14.800000000000011,-0.1089320017067333,-0.5679567584698039,-1.0698038984280316,-0.8905071790521683
1626143,Jahlil Okafor,DET,2020-21,Scorer,Average,27,347.2366666666667,145,66,13,6,5,21,0.618,0.222,0.708,0.644,0.627,0.17,0.089,98.5,108.7,-10.2,0.62,0.07,0.119,0.066,0.096,16.700000000000003,0.11473504002800494,-0.8875499354360094,-0.40203511741732567,-0.8104451831435285
1627750,Jamal Murray,DEN,2020-21,Scorer,Very Good,48,1703.6416666666669,1018,194,231,64,13,108,0.477,0.408,0.869,0.592,0.559,0.244,0.117,118.6,110.6,8.0,2.14,0.023,0.095,0.197,0.059,14.800000000000011,0.9887018476344611,0.65053535970789,-0.5337698679813412,-0.24018030329091045
203516,James Ennis III,ORL,2020-21,Scorer,Average,41,986.3,345,166,62,32,7,36,0.473,0.433,0.805,0.613,0.566,0.137,0.077,107.9,111.7,-3.8,1.72,0.042,0.123,0.087,0.082,13.700000000000003,-0.1598547040337833,-0.5892743406081724,-0.31505241931632205,-0.6970788438897809
1629714,Jarrell Brantley,UTA,2020-21,Scorer,Average,28,138.31333333333333,64,27,15,7,2,8,0.481,0.429,1.0,0.605,0.596,0.182,0.096,103.0,112.1,-9.1,1.88,0.059,0.125,0.17,0.091,13.300000000000011,-0.07881615056851936,-0.29595460595994094,-0.5692151537036729,-1.0302021073827425
1629750,Javonte Green,CHI,2020-21,Scorer,Average,41,473.725,146,71,17,28,6,19,0.52,0.333,0.75,0.61,0.569,0.122,0.069,109.0,107.2,1.8,0.89,0.056,0.1,0.048,0.077,18.200000000000003,-0.43032318101606487,-0.9739489301751664,-0.630821656287925,-0.4842457219233396
1627759,Jaylen Brown,BOS,2020-21,Scorer,Elite,58,1998.631666666667,1430,347,195,72,32,158,0.484,0.397,0.764,0.586,0.558,0.29,0.129,113.5,111.8,1.8,1.23,0.035,0.136,0.162,0.085,13.600000000000009,1.5882521652414285,0.32144860538160935,0.20342806724113405,-0.03556319378544034
1629669,Jaylen Nowell,MIN,2020-21,Scorer,Average,42,759.045,379,95,62,22,12,28,0.424,0.333,0.818,0.528,0.499,0.206,0.081,104.5,111.1,-6.6,2.21,0.022,0.098,0.13,0.058,14.300000000000011,-0.11621295513525938,-0.3477152472067316,-0.8091940020688838,-0.7148523482278355
1628369,Jayson Tatum,BOS,2020-21,Scorer,Elite,64,2289.7033333333334,1692,472,276,75,31,171,0.459,0.386,0.868,0.576,0.53,0.298,0.152,114.8,111.8,3.0,1.61,0.021,0.188,0.196,0.102,13.600000000000009,1.7785816798373473,0.8105038158781948,0.7516745133788586,-0.014596568973577048
201145,Jeff Green,BKN,2020-21,Scorer,Average,68,1835.165,750,263,108,36,27,54,0.492,0.412,0.776,0.624,0.59,0.154,0.083,116.1,112.8,3.3,2.0,0.019,0.116,0.08,0.07,12.600000000000009,0.3195517066291944,-0.45933211312503275,-0.21055054835695364,-0.5179142546295352
203924,Jerami Grant,DET,2020-21,Scorer,Very Good,54,1829.263333333333,1205,250,152,35,58,109,0.429,0.35,0.845,0.556,0.491,0.278,0.114,108.3,111.5,-3.2,1.39,0.018,0.118,0.145,0.067,13.900000000000006,1.1666217847582983,0.06772177182747086,-0.2832634328586432,-0.13825315590824572
203087,Jeremy Lamb,IND,2020-21,Scorer,Average,36,765.3416666666667,363,131,53,34,23,22,0.435,0.406,0.947,0.587,0.529,0.18,0.098,113.0,113.3,-0.3,2.41,0.032,0.137,0.094,0.084,12.100000000000009,0.019250764236539448,-0.5830679891647963,-0.3824413611352461,-0.6084841740432004
203925,Joe Harris,BKN,2020-21,Scorer,Very Good,69,2141.54,974,248,130,46,14,62,0.505,0.475,0.778,0.663,0.654,0.157,0.085,117.4,110.6,6.9,2.1,0.021,0.09,0.081,0.057,14.800000000000011,0.7260344254247442,-0.3727612506986736,-0.4159667330727767,-0.4165673721774528
203954,Joel Embiid,PHI,2020-21,Scorer,Elite,51,1585.105,1451,539,145,50,69,159,0.513,0.377,0.859,0.636,0.545,0.352,0.203,117.8,105.8,12.0,0.91,0.078,0.254,0.156,0.172,19.60000000000001,2.343142990924958,0.10375811925519257,1.8212266798120527,0.4633610399823958
1628381,John Collins,ATL,2020-21,Scorer,Very Good,63,1848.1083333333331,1111,467,78,34,63,84,0.556,0.399,0.833,0.645,0.61,0.214,0.125,116.0,111.7,4.3,0.93,0.064,0.183,0.065,0.125,13.700000000000003,1.1391836550894074,-0.6539876528189392,1.031419669468179,-0.10977813384109569
203903,Jordan Clarkson,UTA,2020-21,Scorer,Very Good,68,1817.6166666666663,1251,274,168,61,10,115,0.425,0.347,0.896,0.549,0.522,0.286,0.115,115.8,108.0,7.8,1.46,0.025,0.117,0.149,0.072,17.400000000000006,1.218335738713457,0.14906744632455207,-0.15588407532727516,-0.1488546289863575
1629670,Jordan Nwora,MIL,2020-21,Scorer,Very Good,30,273.58666666666664,171,60,7,17,8,24,0.459,0.452,0.76,0.586,0.563,0.254,0.113,106.8,107.1,-0.3,0.29,0.033,0.162,0.04,0.103,18.30000000000001,0.4167883059074675,-1.0556870700778869,-0.3287778087865554,-0.5721103187336751
1629673,Jordan Poole,GSW,2020-21,Scorer,Very Good,51,987.835,612,92,99,26,9,51,0.432,0.351,0.882,0.581,0.535,0.246,0.101,107.6,106.9,0.7,1.94,0.015,0.074,0.161,0.044,18.5,0.6476634472622073,-0.03741941489778158,-0.9955092980854039,-0.4569896532758954
1628367,Josh Jackson,DET,2020-21,Scorer,Very Good,62,1559.6,828,254,143,53,47,142,0.419,0.3,0.729,0.516,0.473,0.254,0.08,104.9,108.3,-3.4,1.01,0.035,0.123,0.15,0.079,17.10000000000001,0.4903556198580581,0.06269281660101263,-0.11977406686781858,0.12497423310597976
1626196,Josh Richardson,DAL,2020-21,Scorer,Average,59,1789.638333333333,715,195,153,61,24,79,0.427,0.33,0.917,0.537,0.498,0.181,0.073,113.5,113.7,-0.2,1.94,0.028,0.079,0.123,0.054,11.700000000000003,-0.005461139867353849,-0.05218691021836986,-0.5948147609210773,-0.34211178072550696
1629713,Justin James,SAC,2020-21,Scorer,Average,36,310.43666666666667,139,30,22,8,3,15,0.468,0.368,0.583,0.548,0.532,0.192,0.066,100.3,108.8,-8.5,1.47,0.027,0.067,0.109,0.046,16.60000000000001,-0.2774247235939334,-0.6128736201335241,-1.1345394616632904,-0.8158328527779997
1626157,Karl-Anthony Towns,MIN,2020-21,Scorer,Elite,50,1688.9183333333333,1239,529,225,39,57,160,0.486,0.387,0.859,0.612,0.555,0.286,0.155,114.6,114.7,-0.1,1.41,0.075,0.237,0.216,0.154,10.700000000000003,1.5698867322951762,0.7351926251372877,1.5653791164911548,-0.2949401283164789
202695,Kawhi Leonard,LAC,2020-21,Scorer,Elite,52,1772.43,1292,337,269,81,21,105,0.512,0.398,0.885,0.622,0.568,0.282,0.17,121.4,109.2,12.2,2.56,0.034,0.161,0.238,0.099,16.200000000000003,1.6360010594439822,1.0206874166883504,0.3552494416700054,0.09915912375427567
1626162,Kelly Oubre Jr.,GSW,2020-21,Scorer,Average,55,1687.55,849,329,73,57,42,70,0.439,0.316,0.695,0.529,0.501,0.215,0.09,105.2,109.8,-4.6,1.04,0.046,0.135,0.067,0.091,15.600000000000009,0.29432891754815255,-0.661150802760796,0.2321051785632407,0.027700352269611057
1629134,Kendrick Nunn,MIA,2020-21,Scorer,Very Good,56,1650.1933333333334,816,179,148,52,14,80,0.485,0.381,0.933,0.596,0.578,0.205,0.095,111.1,111.6,-0.4,1.85,0.013,0.096,0.14,0.055,13.800000000000011,0.5804011077309607,0.024914739863531772,-0.6245291639550414,-0.4131538695970838
201142,Kevin Durant,BKN,2020-21,Scorer,Elite,35,1156.7716666666668,943,247,195,25,45,120,0.537,0.45,0.882,0.666,0.608,0.303,0.172,121.7,111.1,10.7,1.63,0.012,0.18,0.252,0.105,14.300000000000011,1.7896217985429923,0.8270374055241599,0.1928832949682121,-0.3498919473115065
202681,Kyrie Irving,BKN,2020-21,Scorer,Elite,54,1886.2016666666664,1451,257,324,76,37,130,0.506,0.402,0.922,0.614,0.576,0.297,0.149,119.4,113.8,5.6,2.49,0.029,0.101,0.269,0.067,11.600000000000009,1.8147306809297072,1.3972176927993893,-0.2646897827729862,-0.06103977211583511
200746,LaMarcus Aldridge,BKN,2020-21,Scorer,Average,26,674.3966666666666,352,118,49,11,29,27,0.473,0.388,0.872,0.556,0.525,0.224,0.099,110.6,113.4,-2.8,1.81,0.027,0.148,0.109,0.087,12.0,0.15617571453885684,-0.5135219544303908,-0.378716319808854,-0.7919662051108904
1629013,Landry Shamet,BKN,2020-21,Scorer,Average,61,1402.6666666666667,567,112,99,31,10,48,0.408,0.387,0.846,0.578,0.549,0.164,0.063,113.6,112.4,1.1,2.06,0.008,0.067,0.097,0.04,13.0,-0.002220392548033597,-0.39694922833248425,-0.9934003436308195,-0.7182160873535272
204038,Langston Galloway,PHX,2020-21,Scorer,Average,40,437.6716666666667,190,42,26,8,0,13,0.449,0.424,0.957,0.605,0.571,0.163,0.076,110.7,107.5,3.2,2.0,0.017,0.08,0.08,0.049,17.900000000000006,-0.12704054439600077,-0.7610668015567706,-1.064479955745266,-0.769804167222864
1628374,Lauri Markkanen,CHI,2020-21,Scorer,Very Good,51,1317.4466666666667,695,268,45,26,15,52,0.48,0.402,0.826,0.619,0.594,0.197,0.11,107.1,109.9,-2.8,0.87,0.027,0.173,0.051,0.101,15.5,0.5660815631390475,-0.8540646131449433,0.1976456280064619,-0.5725488944059679
1629022,Lonnie Walker IV,SAS,2020-21,Scorer,Average,60,1521.8433333333332,669,155,101,29,15,65,0.42,0.355,0.814,0.523,0.502,0.199,0.063,109.4,115.7,-6.3,1.55,0.009,0.093,0.095,0.05,9.700000000000003,0.01308917959622207,-0.40082515235764216,-0.7519085214864096,-0.8822419208781468
1629652,Luguentz Dort,OKC,2020-21,Scorer,Average,52,1543.205,729,189,88,45,19,79,0.387,0.343,0.744,0.513,0.475,0.218,0.062,104.4,111.6,-7.2,1.11,0.023,0.092,0.09,0.057,13.800000000000011,0.13827191269526368,-0.4767494062226258,-0.5725160695090281,-0.43509609014990464
1628379,Luke Kennard,LAC,2020-21,Scorer,Average,63,1232.2483333333332,520,161,104,23,9,48,0.476,0.446,0.839,0.608,0.597,0.166,0.084,114.0,114.4,-0.4,2.17,0.013,0.118,0.12,0.066,11.0,0.15005265786769795,-0.24934474501769666,-0.5321537811095332,-0.9287338049621003
1627736,Malik Beasley,MIN,2020-21,Scorer,Very Good,37,1214.065,724,162,88,30,7,60,0.44,0.399,0.85,0.57,0.547,0.235,0.101,107.9,115.0,-7.2,1.47,0.021,0.112,0.114,0.064,10.400000000000006,0.5850139266772306,-0.34192572618461226,-0.5549797111352285,-0.911691997429763
1628370,Malik Monk,CHA,2020-21,Scorer,Average,42,878.405,490,101,87,19,4,55,0.434,0.401,0.819,0.569,0.54,0.227,0.096,109.4,108.6,0.8,1.58,0.015,0.096,0.155,0.055,16.80000000000001,0.35198368394075913,-0.11528163077534417,-0.831492693480933,-0.6799894614435952
202694,Marcus Morris Sr.,LAC,2020-21,Scorer,Very Good,57,1501.888333333333,765,234,58,34,15,57,0.473,0.473,0.82,0.614,0.592,0.194,0.091,117.4,113.1,4.2,1.02,0.025,0.133,0.056,0.08,12.300000000000011,0.5660128611525757,-0.7781403592799596,-0.1601019842364438,-0.6776729510578798
1630210,Markus Howard,DEN,2020-21,Scorer,Average,37,204.94833333333327,105,21,18,4,1,18,0.377,0.277,0.778,0.477,0.462,0.25,0.046,93.5,110.5,-17.0,1.0,0.004,0.095,0.145,0.048,14.900000000000006,-0.28330089792309404,-0.425356865365857,-1.1329405603069174,-0.977396180121547
1629744,Matt Thomas,UTA,2020-21,Scorer,Average,45,326.63,139,44,19,4,0,14,0.394,0.338,0.857,0.522,0.5,0.187,0.071,100.0,109.3,-9.3,1.36,0.02,0.112,0.096,0.065,16.10000000000001,-0.46268307518256163,-0.6969421874544628,-0.8553387297030508,-0.9170080340652161
1629622,Max Strus,MIA,2020-21,Scorer,Average,39,506.53333333333336,236,41,24,11,2,8,0.455,0.338,0.667,0.597,0.588,0.179,0.072,109.4,113.6,-4.2,3.0,0.011,0.073,0.074,0.043,11.800000000000011,-0.022480270128708717,-0.8021321042109506,-1.1435712601570134,-1.0768886682037486
1629008,Michael Porter Jr.,DEN,2020-21,Scorer,Elite,61,1912.25,1162,445,70,40,54,77,0.542,0.445,0.791,0.663,0.646,0.214,0.125,120.2,111.9,8.3,0.91,0.051,0.189,0.052,0.121,13.5,1.2788779022527506,-0.7564546767515694,0.9220867234088217,-0.15041806724877751
1628969,Mikal Bridges,PHX,2020-21,Scorer,Very Good,72,2347.728333333333,970,309,152,76,63,57,0.543,0.425,0.84,0.667,0.643,0.147,0.099,117.5,110.0,7.4,2.67,0.035,0.099,0.085,0.068,15.400000000000006,0.672815153864834,-0.2693374282675628,-0.11397444211771149,0.4252820571521602
203488,Mike Muscala,OKC,2020-21,Scorer,Average,35,645.4416666666667,339,132,28,8,11,21,0.446,0.37,0.917,0.599,0.573,0.194,0.112,102.5,101.9,0.6,1.33,0.028,0.157,0.069,0.095,23.5,0.1730403732072284,-0.8155016055961837,-0.23965178520009767,-0.3294858829118523
1629021,Moritz Wagner,ORL,2020-21,Scorer,Average,45,721.8316666666667,310,146,50,26,18,43,0.454,0.341,0.816,0.58,0.522,0.178,0.08,104.9,112.8,-7.9,1.16,0.035,0.149,0.107,0.093,12.600000000000009,-0.07363384669057345,-0.5210775697778871,-0.2279837936381444,-0.7125850600403073
1628539,Mychal Mulder,GSW,2020-21,Scorer,Average,60,765.725,337,60,26,12,12,16,0.449,0.397,0.636,0.613,0.609,0.157,0.062,111.3,108.4,2.9,1.63,0.01,0.062,0.047,0.037,17.0,-0.019214254200662435,-0.9464493616090393,-1.1695949928954548,-0.6598283549772986
1629675,Naz Reid,MIN,2020-21,Scorer,Very Good,70,1346.6883333333333,784,322,72,34,76,69,0.523,0.351,0.693,0.599,0.576,0.218,0.113,102.7,112.4,-9.7,1.04,0.054,0.173,0.088,0.111,13.0,0.6696432173604935,-0.5468597740498725,0.46832461457118973,-0.01937937433580476
1629638,Nickeil Alexander-Walker,NOP,2020-21,Scorer,Average,46,1006.9183333333332,508,144,102,47,22,69,0.419,0.347,0.727,0.522,0.502,0.228,0.088,108.2,111.5,-3.3,1.48,0.012,0.127,0.155,0.069,13.900000000000006,0.10356064525480539,-0.06008626094027017,-0.5390422541178019,-0.37814550475911335
1626181,Norman Powell,POR,2020-21,Scorer,Very Good,69,2205.4816666666666,1283,215,129,82,18,119,0.477,0.411,0.871,0.618,0.57,0.221,0.096,114.3,112.5,1.8,1.08,0.018,0.079,0.089,0.048,12.900000000000006,1.1600911683236876,-0.3314997153416741,-0.6181851150758536,-0.11472233297998824
1628384,OG Anunoby,TOR,2020-21,Scorer,Very Good,43,1433.2616666666668,682,237,94,66,32,75,0.48,0.398,0.784,0.605,0.58,0.193,0.099,112.4,109.1,3.3,1.25,0.037,0.125,0.098,0.081,16.30000000000001,0.44737919193347403,-0.40973003160925836,-0.13940219418076766,0.06090625121834518
1629052,Oshae Brissett,IND,2020-21,Scorer,Average,21,519.1316666666667,229,115,18,19,20,10,0.483,0.423,0.769,0.638,0.593,0.149,0.096,117.0,111.0,6.0,1.8,0.054,0.149,0.042,0.103,14.400000000000006,-0.012723790275249799,-1.0039751588623314,-0.1828419866849651,-0.6591212575132412
1627783,Pascal Siakam,TOR,2020-21,Scorer,Very Good,56,2006.025,1196,405,250,64,37,130,0.455,0.297,0.827,0.547,0.493,0.261,0.119,114.4,111.4,3.0,1.92,0.045,0.156,0.195,0.099,14.0,0.9842254234560213,0.7092141881624826,0.5356791853592443,-0.04436490725677259
202335,Patrick Patterson,LAC,2020-21,Scorer,Average,38,581.6516666666666,197,75,29,14,8,11,0.436,0.357,0.765,0.571,0.558,0.135,0.066,111.2,109.1,2.1,2.64,0.032,0.093,0.069,0.063,16.30000000000001,-0.5213622305630666,-0.8118219142738453,-0.7985633022187879,-0.7207037576476161
201988,Patty Mills,SAS,2020-21,Scorer,Average,68,1684.7816666666668,736,116,162,42,3,66,0.412,0.375,0.91,0.57,0.544,0.177,0.079,107.8,106.4,1.4,2.45,0.01,0.053,0.142,0.032,19.0,0.16907975412607382,0.08766572504610183,-1.0847040637336007,-0.32253529275658827
202331,Paul George,LAC,2020-21,Scorer,Elite,54,1820.9416666666664,1259,359,280,62,24,179,0.467,0.411,0.868,0.598,0.557,0.296,0.145,118.3,107.0,11.3,1.56,0.026,0.171,0.239,0.101,18.400000000000006,1.5774690247366367,1.0667816745689886,0.4391030791200021,0.06190590504447228
1628778,Paul Watson,TOR,2020-21,Scorer,Average,27,296.6566666666667,111,45,17,6,3,9,0.463,0.469,0.625,0.649,0.646,0.133,0.071,110.9,112.6,-1.7,1.89,0.012,0.129,0.081,0.07,12.800000000000011,-0.15205417901764626,-0.7885663701228979,-0.7889870795959841,-1.0598233438427331
1630202,Payton Pritchard,BOS,2020-21,Scorer,Average,66,1267.5583333333334,510,158,120,37,9,53,0.44,0.411,0.889,0.582,0.562,0.162,0.082,111.2,110.6,0.6,2.26,0.025,0.099,0.136,0.061,14.800000000000011,-0.035096700973651175,-0.10058723050160864,-0.6038121883839305,-0.5604069586376229
1629683,Quinndary Weatherspoon,SAS,2020-21,Scorer,Average,20,121.09,46,11,8,8,2,10,0.457,0.167,0.813,0.547,0.471,0.18,0.046,94.3,116.9,-22.6,0.8,0.024,0.07,0.107,0.046,8.5,-0.43805489521722124,-0.6756246053160944,-1.1849536547529307,-1.3018631846820437
1629628,RJ Barrett,NYK,2020-21,Scorer,Very Good,72,2510.8816666666667,1264,414,217,53,20,139,0.441,0.401,0.746,0.535,0.499,0.228,0.095,110.0,107.2,2.7,1.56,0.027,0.13,0.134,0.079,18.200000000000003,0.7230772082579638,0.24510752109536885,0.3047665065186258,-0.08356715242252588
203493,Reggie Bullock Jr.,NYK,2020-21,Scorer,Average,65,1949.27,709,223,99,52,11,45,0.442,0.41,0.909,0.606,0.587,0.14,0.074,109.7,107.2,2.5,2.2,0.008,0.102,0.072,0.056,18.200000000000003,0.08458219988217282,-0.537390561705415,-0.495040851969089,-0.18498569138849055
201577,Robin Lopez,WAS,2020-21,Scorer,Very Good,71,1353.565,642,272,55,15,44,75,0.633,0.278,0.723,0.661,0.639,0.169,0.102,107.9,109.0,-1.1,0.73,0.097,0.092,0.06,0.095,16.400000000000006,0.5630236924652844,-0.7667088199073055,0.13182121651304116,-0.3402382230937433
200752,Rudy Gay,SAS,2020-21,Scorer,Average,63,1357.6616666666666,716,303,88,45,40,65,0.42,0.381,0.804,0.532,0.505,0.23,0.108,108.4,103.9,4.5,1.35,0.028,0.176,0.1,0.102,21.5,0.3253759492040623,-0.42057287287345346,0.30325353273942673,0.22978165179578736
1629060,Rui Hachimura,WAS,2020-21,Scorer,Average,57,1797.1866666666667,789,312,82,44,7,68,0.478,0.328,0.77,0.549,0.513,0.18,0.082,109.5,112.4,-2.8,1.21,0.026,0.139,0.062,0.083,13.0,0.10919383344544081,-0.6561218475343378,0.08508050820348874,-0.6138707611646896
1630180,Saddiq Bey,DET,2020-21,Scorer,Average,70,1909.0166666666669,857,318,95,52,14,60,0.404,0.38,0.844,0.567,0.53,0.182,0.092,105.6,111.2,-5.6,1.58,0.022,0.145,0.077,0.082,14.200000000000003,0.2757885765764613,-0.5240210603201819,0.08826112540080008,-0.3896519995772833
1630241,Sam Merrill,MIL,2020-21,Scorer,Average,30,232.59833333333333,89,30,21,8,1,10,0.444,0.447,1.0,0.603,0.59,0.146,0.084,101.2,109.7,-8.5,2.1,0.024,0.094,0.135,0.06,15.700000000000003,-0.3357598539972028,-0.4704943247480144,-0.9561843013977664,-0.8889469883286973
203552,Seth Curry,PHI,2020-21,Scorer,Average,57,1638.2016666666666,711,136,155,44,8,65,0.467,0.45,0.896,0.607,0.582,0.169,0.084,114.7,106.5,8.2,2.38,0.006,0.074,0.131,0.042,18.900000000000006,0.30403601381397327,0.00011369910564454355,-0.9042399490134923,-0.2571007143695517
1628983,Shai Gilgeous-Alexander,OKC,2020-21,Scorer,Elite,35,1179.6083333333331,830,166,207,27,23,106,0.508,0.418,0.808,0.623,0.571,0.283,0.146,107.2,114.9,-7.7,1.95,0.015,0.119,0.311,0.067,10.5,1.3158682712627507,1.2026352481523357,-0.5061472338865265,-0.7750211946905886
201939,Stephen Curry,GSW,2020-21,Scorer,Elite,63,2151.518333333333,2015,345,363,77,8,213,0.482,0.421,0.916,0.655,0.605,0.331,0.181,114.2,109.6,4.6,1.7,0.013,0.135,0.283,0.077,15.800000000000011,2.7047740529049165,1.6193728010594228,0.09620407563636105,-0.09731523005871541
1629004,Svi Mykhailiuk,OKC,2020-21,Scorer,Average,66,1324.4483333333333,559,163,110,51,12,88,0.411,0.334,0.76,0.529,0.515,0.19,0.077,103.8,112.0,-8.2,1.25,0.017,0.104,0.127,0.059,13.400000000000006,-0.09781632425503034,-0.18794302373924643,-0.6160246040749647,-0.46725203056134207
1627752,Taurean Prince,CLE,2020-21,Scorer,Average,41,905.3333333333334,389,142,76,28,23,47,0.401,0.4,0.855,0.54,0.495,0.189,0.08,108.5,114.6,-6.1,1.62,0.021,0.132,0.121,0.077,10.800000000000011,-0.16483922648105945,-0.34675844870825095,-0.4424317768476902,-0.7470334292374252
1629056,Terence Davis,SAC,2020-21,Scorer,Average,61,1074.0383333333334,533,154,83,44,14,63,0.428,0.367,0.818,0.555,0.535,0.213,0.087,107.3,110.1,-2.8,1.32,0.018,0.125,0.122,0.07,15.300000000000011,0.2004608322673348,-0.3153829561169658,-0.4997688139764689,-0.4079127605293254
203082,Terrence Ross,ORL,2020-21,Scorer,Average,46,1346.486666666667,717,158,108,47,21,74,0.412,0.337,0.87,0.53,0.485,0.23,0.09,103.2,112.0,-8.8,1.46,0.01,0.104,0.133,0.054,13.400000000000006,0.31466202573061935,-0.16159648637441956,-0.6929897685166926,-0.4176403062869371
1626179,Terry Rozier,CHA,2020-21,Scorer,Very Good,69,2383.405,1407,302,293,87,26,128,0.45,0.389,0.817,0.575,0.548,0.238,0.113,110.9,112.9,-2.0,2.29,0.019,0.105,0.193,0.061,12.5,1.128107774238275,0.8562056083531936,-0.2217256723361306,-0.0054776762836497754
203501,Tim Hardaway Jr.,DAL,2020-21,Scorer,Very Good,70,1985.2233333333331,1163,229,126,31,11,64,0.447,0.391,0.816,0.589,0.56,0.23,0.102,114.3,112.3,2.1,1.97,0.01,0.101,0.098,0.056,13.100000000000009,0.9736290852233611,-0.2919799092944338,-0.4791205804670973,-0.702223155845504
202699,Tobias Harris,PHI,2020-21,Scorer,Very Good,62,2014.3083333333332,1210,419,220,55,51,107,0.512,0.394,0.892,0.597,0.556,0.237,0.145,113.3,106.1,7.2,2.06,0.032,0.17,0.175,0.104,19.30000000000001,1.1045067490845046,0.48647038179398994,0.6365247570539595,0.31542710010379954
203504,Trey Burke,DAL,2020-21,Scorer,Average,62,911.335,411,54,81,36,7,33,0.428,0.354,0.895,0.544,0.51,0.193,0.076,111.5,110.2,1.3,2.45,0.011,0.047,0.129,0.029,15.200000000000003,-0.0968218769158772,-0.2834187654172217,-1.2874324988348889,-0.5675013795622793
1629076,Tyler Cook,DET,2020-21,Scorer,Average,32,437.3466666666667,156,95,17,8,2,21,0.67,0.5,0.486,0.659,0.675,0.136,0.088,106.6,110.8,-4.2,0.81,0.065,0.149,0.057,0.108,14.600000000000009,-0.040465668872119075,-0.9233900501609114,-0.17221128683486914,-0.9434596668800773
1629639,Tyler Herro,MIA,2020-21,Scorer,Very Good,54,1635.1616666666666,815,268,184,35,17,101,0.439,0.36,0.803,0.543,0.516,0.225,0.108,107.7,110.6,-2.9,1.82,0.015,0.144,0.184,0.081,14.800000000000011,0.42306018134957735,0.4045603742040674,-0.05714745808714407,-0.5001899724896665
203506,Victor Oladipo,MIA,2020-21,Scorer,Very Good,33,1080.095,652,160,151,46,14,83,0.408,0.326,0.754,0.512,0.476,0.286,0.109,106.5,108.8,-2.3,1.82,0.01,0.137,0.233,0.072,16.60000000000001,0.574818689126344,0.5583955739778489,-0.45836923386511674,-0.3108089570883484
201961,Wayne Ellington,DET,2020-21,Scorer,Average,46,1011.8566666666668,442,85,67,18,9,33,0.441,0.422,0.8,0.625,0.612,0.162,0.075,110.0,114.2,-4.3,2.03,0.012,0.073,0.097,0.042,11.200000000000003,0.16171922838104683,-0.5146993506473088,-1.0395622567804215,-0.9687896846437593
203897,Zach LaVine,CHI,2020-21,Scorer,Elite,58,2033.6266666666668,1591,289,282,46,27,203,0.507,0.419,0.849,0.634,0.596,0.302,0.14,112.4,113.1,-0.8,1.39,0.018,0.121,0.225,0.071,12.300000000000011,2.06664466574172,0.995493910524824,-0.12882305087697632,-0.4319270277612664
1630192,Zeke Nnaji,DEN,2020-21,Scorer,Average,42,397.2783333333333,136,65,10,8,4,7,0.481,0.407,0.8,0.615,0.596,0.126,0.074,102.0,112.5,-10.5,1.43,0.034,0.129,0.037,0.08,12.900000000000006,-0.37966506106289843,-1.0615009561156237,-0.6085229648758756,-1.0231076864580868
1629627,Zion Williamson,NOP,2020-21,Scorer,Elite,61,2025.89,1647,441,226,57,39,167,0.611,0.294,0.698,0.649,0.616,0.287,0.161,113.9,111.7,2.1,1.35,0.081,0.131,0.188,0.106,13.700000000000003,2.0829848179907935,0.5815780230819436,0.7203783945039561,-0.11428592233366175
203932,Aaron Gordon,DEN,2021-22,Scorer,Very Good,75,2375.418333333333,1126,439,188,44,44,133,0.52,0.335,0.743,0.602,0.573,0.194,0.096,117.3,111.1,6.2,1.41,0.057,0.129,0.109,0.095,14.300000000000011,0.7577371910675263,-0.0020448606253716806,0.5749354399851425,-0.16314351548665224
1630598,Aaron Wiggins,OKC,2021-22,Scorer,Average,50,1208.75,416,178,68,30,10,54,0.463,0.304,0.729,0.556,0.525,0.149,0.062,104.5,112.6,-8.1,1.26,0.04,0.098,0.083,0.069,12.800000000000011,-0.3467069086573444,-0.5896668060138117,-0.44882738227318253,-0.740328385301739
1629599,Amir Coffey,LAC,2021-22,Scorer,Average,69,1567.3666666666666,619,197,124,38,15,45,0.453,0.378,0.863,0.598,0.556,0.154,0.086,110.1,111.0,-0.9,2.76,0.017,0.102,0.112,0.06,14.400000000000006,0.0764252553087803,-0.22069214525026912,-0.5130700779256651,-0.5128426817006771
203952,Andrew Wiggins,GSW,2021-22,Scorer,Very Good,73,2329.5133333333333,1256,325,161,76,51,111,0.466,0.393,0.634,0.56,0.543,0.224,0.097,111.2,105.4,5.8,1.45,0.036,0.095,0.109,0.066,20.0,0.8309644936113241,-0.10139652632850492,-0.0969996933884277,0.5741439943430013
1629014,Anfernee Simons,POR,2021-22,Scorer,Very Good,57,1681.013333333333,988,151,221,30,6,115,0.443,0.405,0.888,0.583,0.555,0.244,0.102,110.5,112.9,-2.5,1.92,0.015,0.075,0.219,0.044,12.5,0.9156095538601127,0.7373268198526863,-0.8389599616491525,-0.7984246438288806
203076,Anthony Davis,LAL,2021-22,Scorer,Very Good,40,1404.2483333333332,927,394,122,49,90,82,0.532,0.186,0.713,0.578,0.542,0.263,0.159,105.9,108.9,-3.0,1.49,0.072,0.196,0.147,0.134,16.5,0.9821209472356079,-0.0314336611728427,0.9523799216027367,0.4833269284551485
1630162,Anthony Edwards,MIN,2021-22,Scorer,Elite,72,2465.9933333333333,1533,343,275,105,46,190,0.441,0.357,0.786,0.56,0.527,0.262,0.111,114.6,110.6,4.0,1.45,0.023,0.113,0.173,0.067,14.800000000000011,1.3089010661387295,0.6776180978527602,-0.03649922457777238,0.5185118892812722
1630264,Anthony Gill,WAS,2021-22,Scorer,Average,44,463.4,180,85,27,5,11,18,0.569,0.538,0.808,0.682,0.633,0.138,0.081,114.7,108.9,5.8,1.5,0.075,0.112,0.08,0.094,16.5,0.12298620227671304,-0.7573871102344324,-0.37710023293704603,-0.7718526970733061
1630559,Austin Reaves,LAL,2021-22,Scorer,Average,61,1417.6816666666666,444,193,110,29,20,40,0.459,0.317,0.839,0.6,0.542,0.121,0.076,110.8,109.0,1.8,2.75,0.031,0.099,0.101,0.066,16.400000000000006,-0.279916643457778,-0.3340020104470944,-0.4472456664322443,-0.43799827803111685
203463,Ben McLemore,POR,2021-22,Scorer,Average,64,1284.885,655,103,59,38,10,55,0.401,0.362,0.818,0.567,0.541,0.207,0.07,101.9,115.0,-13.1,1.07,0.009,0.072,0.077,0.039,10.400000000000006,0.3131285439803218,-0.6564899479243596,-1.0300204051884871,-0.79844870191405
1626246,Boban Marjanovic,DAL,2021-22,Scorer,Very Good,23,127.94333333333331,98,39,3,0,3,15,0.6,0.25,0.591,0.615,0.607,0.311,0.131,108.3,95.5,12.8,0.2,0.066,0.228,0.044,0.152,29.900000000000006,0.947220461434883,-1.047935222027571,0.2397443018858083,-0.11728657812611121
203992,Bogdan Bogdanović,ATL,2021-22,Scorer,Very Good,63,1848.54,950,250,194,68,14,70,0.431,0.368,0.843,0.562,0.537,0.212,0.098,116.6,112.1,4.5,2.77,0.016,0.116,0.152,0.067,13.300000000000011,0.5338822081423945,0.2615923807100987,-0.2832634328586432,-0.276749400108844
202711,Bojan Bogdanovic,UTA,2021-22,Scorer,Very Good,69,2131.31,1248,296,120,34,1,118,0.455,0.387,0.858,0.599,0.552,0.232,0.102,116.2,111.4,4.8,1.02,0.027,0.106,0.086,0.068,14.0,1.1067430705727876,-0.3814698972474702,-0.1484683637053601,-0.7194344995167415
1628981,Bruno Fernando,HOU,2021-22,Scorer,Very Good,30,152.58,88,55,7,1,11,14,0.655,0.5,0.625,0.671,0.664,0.197,0.138,100.0,110.1,-10.1,0.5,0.102,0.223,0.082,0.161,15.300000000000011,0.42565604412741403,-0.8197456300113632,0.39685524796657545,-0.8838037588859562
1627854,Bryn Forbes,DEN,2021-22,Scorer,Average,75,1285.878333333333,663,93,75,25,5,56,0.429,0.414,0.908,0.574,0.542,0.201,0.074,109.3,109.8,-0.5,1.34,0.007,0.063,0.086,0.035,15.600000000000009,0.3149975964659602,-0.5470560067526923,-1.107512808243861,-0.6782094298700544
1627741,Buddy Hield,IND,2021-22,Scorer,Very Good,81,2498.795,1265,353,229,73,25,153,0.406,0.366,0.874,0.548,0.526,0.214,0.084,111.4,115.1,-3.6,1.5,0.025,0.114,0.135,0.068,10.300000000000011,0.6956395789223998,0.29488147029834527,0.0027742155635607224,-0.2899145065319943
203468,CJ McCollum,NOP,2021-22,Scorer,Very Good,62,2145.08,1370,269,315,70,22,127,0.46,0.388,0.682,0.553,0.539,0.269,0.119,112.1,114.0,-1.9,2.48,0.024,0.101,0.238,0.062,11.400000000000006,1.202574411303009,1.1899532175159107,-0.2965475112924044,-0.2867208448016952
1628997,Caleb Martin,MIA,2021-22,Scorer,Average,60,1372.1683333333333,551,230,64,58,30,52,0.507,0.413,0.763,0.611,0.585,0.158,0.094,111.8,106.2,5.7,1.23,0.054,0.114,0.068,0.085,19.200000000000003,0.13099702684359812,-0.6886503713269232,-0.10701722704770339,0.12816897734926158
1629629,Cam Reddish,NYK,2021-22,Scorer,Average,49,1012.25,497,105,48,47,15,57,0.404,0.359,0.902,0.543,0.485,0.213,0.079,103.2,113.0,-9.8,0.84,0.023,0.075,0.078,0.048,12.400000000000006,0.10588903629502742,-0.6913488991351633,-0.9100567592790341,-0.5370997653548748
1630560,Cam Thomas,BKN,2021-22,Scorer,Average,67,1176.06,570,161,78,33,8,55,0.433,0.27,0.829,0.519,0.48,0.212,0.089,106.3,112.7,-6.4,1.42,0.013,0.118,0.102,0.065,12.700000000000003,0.013991557383435493,-0.44613447942700174,-0.5448934354142134,-0.735354691997899
1629661,Cameron Johnson,PHX,2021-22,Scorer,Very Good,66,1729.9733333333334,822,273,99,57,16,47,0.46,0.425,0.86,0.625,0.596,0.167,0.105,110.8,104.6,6.2,2.11,0.023,0.123,0.079,0.075,20.80000000000001,0.4723582327509961,-0.4980669883609944,-0.12031849099689954,0.07017059844713892
2546,Carmelo Anthony,LAL,2021-22,Scorer,Very Good,69,1793.19,919,288,68,47,52,59,0.441,0.375,0.83,0.579,0.544,0.195,0.089,108.7,111.7,-2.9,1.15,0.034,0.116,0.056,0.076,13.700000000000003,0.4842765116095226,-0.741343446056577,-0.06777815793724007,-0.0863725196768383
1626224,Cedi Osman,CLE,2021-22,Scorer,Average,66,1461.745,709,146,135,52,10,67,0.432,0.357,0.664,0.563,0.544,0.206,0.081,107.5,109.2,-1.8,2.01,0.017,0.08,0.144,0.049,16.200000000000003,0.3218799594178063,-0.0004506339871969238,-0.7885285830440774,-0.31261250549056824
1630537,Chris Duarte,IND,2021-22,Scorer,Average,55,1540.8266666666666,720,226,114,56,10,90,0.432,0.369,0.804,0.537,0.507,0.207,0.089,107.6,109.7,-2.0,1.27,0.026,0.117,0.11,0.071,15.700000000000003,0.18847713846397463,-0.26872436514348624,-0.2959859016478888,-0.3005443912620718
1629632,Coby White,CHI,2021-22,Scorer,Average,61,1674.9266666666667,772,182,176,29,11,70,0.433,0.385,0.857,0.564,0.539,0.195,0.08,112.3,113.6,-1.2,2.51,0.011,0.099,0.147,0.055,11.800000000000011,0.2925045756101325,0.16726967023342376,-0.6165690282040456,-0.7993269592864811
1630557,Corey Kispert,WAS,2021-22,Scorer,Average,77,1801.0583333333334,634,209,85,35,22,50,0.455,0.35,0.871,0.586,0.564,0.142,0.067,113.0,112.9,0.1,1.7,0.03,0.084,0.064,0.058,12.5,-0.06921372991858525,-0.6338474668974885,-0.5067088435310422,-0.5847384050881606
1627745,Damian Jones,SAC,2021-22,Scorer,Very Good,56,1016.645,454,246,69,26,47,59,0.658,0.345,0.718,0.701,0.677,0.163,0.11,106.7,113.5,-6.8,1.17,0.074,0.164,0.106,0.12,11.900000000000006,0.612226249021515,-0.45678108798837724,0.3813247309547513,-0.460306876485856
201568,Danilo Gallinari,ATL,2021-22,Scorer,Average,66,1672.0633333333333,771,308,101,28,12,38,0.434,0.381,0.904,0.579,0.528,0.182,0.099,116.0,112.6,3.4,2.66,0.021,0.161,0.086,0.092,12.800000000000011,0.28238020288064397,-0.4513840323718973,0.1891238826109502,-0.7408161831722179
202722,Davis Bertans,DAL,2021-22,Scorer,Average,56,806.29,311,117,31,17,12,19,0.36,0.335,0.9,0.531,0.5,0.165,0.06,109.5,108.5,1.0,1.63,0.014,0.127,0.054,0.071,16.900000000000006,-0.4482382385214148,-0.8887273316529274,-0.585204167267404,-0.613897007790689
1629631,De'Andre Hunter,ATL,2021-22,Scorer,Average,53,1577.16,709,176,68,36,21,69,0.442,0.379,0.765,0.547,0.506,0.194,0.058,114.6,113.9,0.7,0.99,0.016,0.093,0.06,0.055,11.5,0.14255359540455464,-0.718872832716908,-0.6324892997060373,-0.6432491812024237
201942,DeMar DeRozan,CHI,2021-22,Scorer,Elite,76,2742.9483333333333,2118,392,374,68,24,181,0.504,0.352,0.877,0.59,0.521,0.308,0.148,113.1,112.0,1.1,2.07,0.021,0.122,0.228,0.072,13.400000000000006,2.2390414522235047,1.3508784721846965,0.15721459754522754,-0.16969929257316888
1630217,Desmond Bane,MEM,2021-22,Scorer,Very Good,76,2266.225,1384,334,208,92,29,111,0.461,0.436,0.903,0.592,0.565,0.226,0.116,114.7,107.8,6.9,1.87,0.018,0.118,0.136,0.068,17.60000000000001,1.1208736794807435,0.22322560586415888,-0.04763997752607957,0.37633037316959106
1626164,Devin Booker,PHX,2021-22,Scorer,Elite,68,2344.593333333333,1822,342,329,77,26,162,0.466,0.383,0.868,0.576,0.53,0.313,0.137,117.6,108.1,9.5,2.03,0.02,0.117,0.212,0.071,17.30000000000001,1.982138271924196,1.0954099093207985,0.011806014057283376,0.1729311345708439
1628415,Dillon Brooks,MEM,2021-22,Scorer,Very Good,32,885.0266666666666,590,102,88,36,8,50,0.432,0.309,0.849,0.515,0.475,0.283,0.091,116.9,105.9,11.0,1.76,0.03,0.08,0.147,0.055,19.5,0.5252986177752839,-0.15654316613234381,-0.8288393148972678,-0.30473881284634596
1628378,Donovan Mitchell,UTA,2021-22,Scorer,Elite,67,2265.6116666666667,1733,282,358,99,12,200,0.448,0.355,0.853,0.572,0.533,0.322,0.135,117.6,111.7,5.9,1.79,0.024,0.096,0.267,0.061,13.700000000000003,1.960970210771115,1.511091891089056,-0.27479324400943617,0.04771979299248138
203926,Doug McDermott,SAS,2021-22,Scorer,Average,51,1223.24,578,115,64,13,6,43,0.462,0.422,0.784,0.593,0.578,0.178,0.068,112.3,114.1,-1.8,1.49,0.014,0.076,0.068,0.045,11.300000000000011,0.19396203764008643,-0.6886503713269232,-0.9217419363564222,-1.0450734238395858
1630613,Duane Washington Jr.,IND,2021-22,Scorer,Average,48,967.99,473,83,85,26,3,57,0.405,0.377,0.754,0.521,0.5,0.214,0.064,110.2,116.1,-5.9,1.49,0.004,0.082,0.128,0.042,9.300000000000011,-0.02988385245821486,-0.2743176534627859,-1.044869013947752,-1.0582374477497534
1629130,Duncan Robinson,MIA,2021-22,Scorer,Average,79,2042.77,863,203,129,42,14,60,0.399,0.372,0.836,0.573,0.559,0.174,0.067,110.4,107.9,2.6,2.15,0.012,0.089,0.095,0.05,17.5,0.2558568308674363,-0.2977937953321707,-0.6245463494704763,-0.2993752012970443
201569,Eric Gordon,HOU,2021-22,Scorer,Very Good,57,1669.53,765,113,154,28,18,107,0.475,0.412,0.778,0.614,0.585,0.182,0.081,108.6,113.6,-5.1,1.44,0.009,0.056,0.137,0.033,11.800000000000011,0.4781670763805146,0.03013992779280968,-1.0799245451799162,-0.7388660742032852
1629672,Eric Paschall,UTA,2021-22,Scorer,Average,58,736.5066666666667,334,106,36,9,5,27,0.485,0.37,0.767,0.612,0.57,0.174,0.085,108.9,111.3,-2.3,1.33,0.042,0.1,0.074,0.072,14.100000000000009,0.09735295789539822,-0.7579758083428914,-0.6016516773830418,-0.9321232494572991
203095,Evan Fournier,NYK,2021-22,Scorer,Very Good,80,2357.9666666666667,1125,210,171,79,20,105,0.417,0.389,0.708,0.554,0.541,0.201,0.074,109.7,112.5,-2.7,1.63,0.013,0.073,0.114,0.042,12.900000000000006,0.5338176788626158,-0.03651134643053608,-0.7078899338222617,-0.125571493788779
1628402,Frank Jackson,DET,2021-22,Scorer,Average,53,1163.96,560,87,55,27,9,38,0.402,0.308,0.827,0.53,0.491,0.203,0.064,104.1,110.9,-6.8,1.45,0.015,0.058,0.077,0.036,14.5,0.00378862771564957,-0.6712087132137126,-1.1106934254411727,-0.6816469905355936
1630532,Franz Wagner,ORL,2021-22,Scorer,Very Good,79,2429.0466666666666,1197,356,231,68,34,119,0.468,0.354,0.863,0.559,0.517,0.208,0.102,105.9,110.8,-4.9,1.94,0.033,0.106,0.151,0.069,14.600000000000009,0.6655714574086845,0.3921233063016974,0.023474005619236793,0.001980957516959555
1629726,Garrison Mathews,HOU,2021-22,Scorer,Average,65,1711.888333333333,650,190,64,57,24,41,0.399,0.36,0.794,0.602,0.55,0.137,0.061,110.7,116.5,-5.9,1.56,0.018,0.093,0.052,0.054,8.900000000000006,-0.0027971780917907343,-0.7785328246855989,-0.6080816538394037,-0.5480703226173618
203914,Gary Harris,ORL,2021-22,Scorer,Average,61,1730.2033333333334,679,122,108,59,9,61,0.434,0.384,0.874,0.571,0.539,0.16,0.066,104.2,110.1,-5.9,1.77,0.02,0.048,0.094,0.034,15.300000000000011,0.009243606127656734,-0.38068496643619154,-1.0433044836222485,-0.303079636470009
1629018,Gary Trent Jr.,TOR,2021-22,Scorer,Very Good,70,2447.901666666666,1283,191,141,122,19,73,0.414,0.383,0.853,0.546,0.511,0.212,0.086,113.5,110.2,3.3,1.93,0.01,0.07,0.085,0.038,15.200000000000003,0.682544223159281,-0.30981403281328374,-0.8092627441306232,0.4449854011694175
1627777,Georges Niang,PHI,2021-22,Scorer,Average,76,1736.378333333333,700,203,102,30,13,59,0.437,0.403,0.881,0.594,0.575,0.16,0.066,110.9,109.0,1.9,1.73,0.014,0.097,0.09,0.057,16.400000000000006,0.15589106635269412,-0.42523372770989004,-0.5353687693377142,-0.49845916311431254
203507,Giannis Antetokounmpo,MIL,2021-22,Scorer,Elite,67,2204.225,2002,778,388,72,91,219,0.553,0.293,0.722,0.633,0.582,0.34,0.21,115.9,107.9,8.0,1.77,0.06,0.267,0.304,0.168,17.5,2.635497658915147,1.8293358041511416,2.4044255440893334,0.7905104150888982
202330,Gordon Hayward,CHA,2021-22,Scorer,Very Good,49,1563.8733333333332,778,224,177,47,22,81,0.459,0.391,0.846,0.57,0.528,0.202,0.102,110.7,111.0,-0.4,2.19,0.022,0.114,0.16,0.067,14.400000000000006,0.38238006086618387,0.24397885490968607,-0.35225127603394035,-0.34876816723436205
1628960,Grayson Allen,MIL,2021-22,Scorer,Average,66,1804.755,733,222,100,46,18,43,0.448,0.409,0.865,0.609,0.588,0.148,0.081,112.5,107.5,5.0,2.33,0.017,0.097,0.075,0.058,17.900000000000006,0.17760623936554598,-0.5168579103783251,-0.4722149219433936,-0.1939580235117051
203084,Harrison Barnes,SAC,2021-22,Scorer,Very Good,77,2586.728333333333,1265,432,186,53,14,118,0.469,0.394,0.826,0.623,0.554,0.184,0.105,110.0,116.7,-6.7,1.58,0.031,0.135,0.103,0.082,8.700000000000003,0.9048403321853314,-0.04311016327955161,0.39074628393864175,-0.7024413494112354
1629649,Ignas Brazdeikis,ORL,2021-22,Scorer,Average,42,535.5916666666667,210,72,37,10,3,17,0.431,0.31,0.656,0.52,0.503,0.172,0.061,100.6,116.4,-15.7,2.18,0.038,0.09,0.11,0.062,9.0,-0.5327238044016651,-0.5520605969635328,-0.819263092274464,-1.2416456572775958
1630543,Isaiah Jackson,IND,2021-22,Scorer,Average,36,541.045,297,149,10,25,52,40,0.563,0.313,0.682,0.607,0.575,0.214,0.093,113.3,116.1,-2.8,0.25,0.109,0.157,0.027,0.133,9.300000000000011,0.3349020489829429,-1.1176774894647963,0.2895625143000633,-0.5728430745375116
1629676,Isaiah Roby,OKC,2021-22,Scorer,Average,45,948.4233333333332,454,217,71,36,34,43,0.514,0.444,0.672,0.607,0.582,0.185,0.101,104.6,113.4,-8.8,1.65,0.074,0.145,0.117,0.109,12.0,0.23582845139496134,-0.38762751865961115,0.16424055467697501,-0.4823448116377295
202738,Isaiah Thomas,CHA,2021-22,Scorer,Average,22,333.3066666666667,184,29,34,7,5,15,0.401,0.337,0.846,0.516,0.485,0.245,0.074,107.8,109.0,-1.3,2.27,0.012,0.071,0.155,0.042,16.400000000000006,-0.03994863073961291,-0.3103052708592724,-1.1881514574656769,-0.8177102227200673
1630224,Jalen Green,HOU,2021-22,Scorer,Very Good,67,2137.7233333333334,1157,226,176,44,18,135,0.426,0.343,0.797,0.547,0.508,0.234,0.085,105.7,116.9,-11.3,1.3,0.015,0.088,0.132,0.051,8.5,0.7584475993823524,0.0830048702096654,-0.5507789877414947,-0.7669746948536534
1630552,Jalen Johnson,ATL,2021-22,Scorer,Average,22,120.39,52,26,3,3,2,9,0.537,0.231,0.714,0.59,0.573,0.183,0.096,95.8,105.8,-10.0,0.33,0.016,0.175,0.045,0.099,19.60000000000001,-0.1659124987232691,-1.042317568692654,-0.46995129784989587,-0.7014931063241242
1629667,Jalen McDaniels,CHA,2021-22,Scorer,Average,55,895.2416666666667,340,170,58,26,22,36,0.484,0.38,0.736,0.595,0.565,0.152,0.082,111.7,109.1,2.6,1.61,0.039,0.138,0.089,0.089,16.30000000000001,-0.15656886937357709,-0.5927577992276911,-0.21526132484889898,-0.4547229063448575
1629637,Jaxson Hayes,NOP,2021-22,Scorer,Very Good,70,1397.54,654,315,43,33,55,54,0.616,0.351,0.766,0.68,0.641,0.159,0.11,109.7,109.2,0.5,0.8,0.08,0.146,0.047,0.113,16.200000000000003,0.6071058468512862,-0.8838946091292886,0.4752302730948934,-0.054192521180231455
1627759,Jaylen Brown,BOS,2021-22,Scorer,Elite,66,2220.4533333333334,1559,404,231,70,18,178,0.473,0.358,0.758,0.574,0.541,0.298,0.135,113.5,103.8,9.8,1.3,0.024,0.145,0.173,0.088,21.60000000000001,1.6712337995153088,0.5157116796698764,0.39288960942409556,0.272106984690941
1629669,Jaylen Nowell,MIN,2021-22,Scorer,Average,62,974.795,527,123,130,27,10,36,0.475,0.394,0.783,0.581,0.551,0.205,0.108,114.5,111.7,2.8,3.61,0.022,0.1,0.197,0.061,13.700000000000003,0.2862260234293272,0.278886536151725,-0.6966804388122152,-0.718533266572123
1628369,Jayson Tatum,BOS,2021-22,Scorer,Elite,76,2730.971666666667,2046,609,334,75,49,217,0.453,0.353,0.853,0.578,0.526,0.313,0.159,115.5,103.4,12.1,1.54,0.032,0.18,0.204,0.109,22.0,2.1551107050314755,1.0688671392531521,1.2043649594737638,0.6610570534975494
201145,Jeff Green,DEN,2021-22,Scorer,Very Good,75,1848.965,772,231,96,28,27,71,0.524,0.315,0.833,0.627,0.574,0.16,0.075,113.3,111.5,1.8,1.35,0.024,0.1,0.071,0.063,13.900000000000006,0.39649248412047905,-0.554047289007347,-0.3846362431670047,-0.5244240805716774
203924,Jerami Grant,DET,2021-22,Scorer,Very Good,47,1499.8733333333332,904,191,111,44,49,85,0.426,0.358,0.838,0.556,0.491,0.253,0.112,102.9,110.7,-7.8,1.31,0.017,0.108,0.13,0.06,14.700000000000003,0.7665439047063497,-0.16741037241215645,-0.5289903494276567,-0.08905432545148913
203087,Jeremy Lamb,SAC,2021-22,Scorer,Average,56,935.4483333333334,410,154,81,31,22,37,0.383,0.324,0.84,0.521,0.463,0.189,0.092,110.3,109.7,0.6,2.19,0.026,0.134,0.124,0.079,15.700000000000003,-0.2583282867641495,-0.3115070320918079,-0.38511192523434634,-0.4381688966829998
1629111,Jock Landale,SAS,2021-22,Scorer,Average,54,588.7316666666667,265,138,45,10,14,31,0.495,0.326,0.829,0.597,0.566,0.172,0.097,107.9,109.0,-1.1,1.45,0.094,0.118,0.115,0.106,16.400000000000006,-0.052810325559605374,-0.49453479971024056,-0.08359531634662282,-0.6955689578774787
203954,Joel Embiid,PHI,2021-22,Scorer,Elite,68,2296.405,2079,796,284,77,99,214,0.499,0.371,0.814,0.616,0.534,0.375,0.212,115.6,107.8,7.9,1.33,0.068,0.273,0.236,0.176,17.60000000000001,2.8500448834645824,1.06464747985359,2.5541035930327505,0.9291324093099887
1630228,Jonathan Kuminga,GSW,2021-22,Scorer,Very Good,70,1184.75,652,234,64,31,22,74,0.513,0.336,0.684,0.6,0.567,0.227,0.098,109.5,107.5,1.9,0.86,0.047,0.139,0.087,0.096,17.900000000000006,0.6460534331569298,-0.5819149579634959,0.04373248463844091,-0.30890861157409405
203903,Jordan Clarkson,UTA,2021-22,Scorer,Very Good,79,2140.86,1266,273,194,66,16,129,0.419,0.318,0.828,0.532,0.504,0.258,0.097,115.7,107.0,8.7,1.5,0.03,0.091,0.144,0.061,18.400000000000006,0.9269813594438047,0.21665115403076085,-0.2986736512624236,0.022411644773139856
1629673,Jordan Poole,GSW,2021-22,Scorer,Elite,76,2283.3116666666665,1405,260,304,60,23,187,0.448,0.364,0.925,0.598,0.548,0.252,0.111,112.1,105.5,6.6,1.63,0.015,0.094,0.207,0.056,19.900000000000006,1.360655557934814,0.9753293595877557,-0.3968658443734737,0.11919772773902974
1626196,Josh Richardson,SAS,2021-22,Scorer,Average,65,1599.7166666666667,666,185,115,56,29,66,0.438,0.415,0.889,0.573,0.534,0.171,0.083,112.3,107.8,4.5,1.74,0.026,0.087,0.105,0.057,17.60000000000001,0.09182904512835109,-0.29313294049573413,-0.5831295838436892,0.0033213073903614054
203200,Justin Holiday,SAC,2021-22,Scorer,Average,74,2056.81,749,190,128,57,33,70,0.394,0.367,0.806,0.543,0.528,0.156,0.057,108.8,113.9,-5.1,1.83,0.014,0.08,0.086,0.046,11.5,-0.12964891058236552,-0.3520323666687641,-0.709998888276846,-0.3042509914610027
1630231,KJ Martin,HOU,2021-22,Scorer,Average,79,1656.325,696,297,101,34,40,60,0.533,0.357,0.634,0.603,0.591,0.158,0.095,108.5,115.4,-6.9,1.68,0.047,0.131,0.091,0.088,10.0,0.18982333232036366,-0.4232957656973111,0.10897810097191094,-0.5598721035949233
1630539,Kai Jones,CHA,2021-22,Scorer,Average,21,62.685,22,11,4,1,2,6,0.643,0.5,0.375,0.628,0.679,0.15,0.065,93.4,104.4,-11.1,0.67,0.045,0.114,0.103,0.081,21.0,-0.21185649909978563,-0.7128139839451163,-0.7390657540891203,-0.6399592871314449
1626157,Karl-Anthony Towns,MIN,2021-22,Scorer,Elite,74,2475.4566666666665,1818,727,269,72,83,226,0.529,0.41,0.822,0.64,0.591,0.272,0.159,116.9,111.6,5.3,1.19,0.074,0.21,0.177,0.141,13.800000000000011,2.0450362285242627,0.6780105632583995,1.9251325700960358,0.49217840538115915
1629640,Keldon Johnson,SAS,2021-22,Scorer,Very Good,75,2391.725,1278,457,158,58,14,92,0.466,0.398,0.756,0.574,0.545,0.21,0.102,113.2,111.1,2.1,1.72,0.031,0.148,0.091,0.089,14.300000000000011,0.8243885280441589,-0.21355336032402986,0.5462583286630356,-0.32160835444246083
1626162,Kelly Oubre Jr.,CHA,2021-22,Scorer,Very Good,76,1999.18,1137,302,84,77,31,67,0.44,0.345,0.667,0.56,0.542,0.223,0.086,112.3,112.4,-0.2,1.25,0.036,0.106,0.063,0.071,13.0,0.7378272886739788,-0.643144811554744,-0.09432912928932771,-0.02912664812665522
203484,Kentavious Caldwell-Pope,WAS,2021-22,Scorer,Very Good,77,2328.77,1018,261,145,83,26,97,0.435,0.39,0.89,0.568,0.531,0.185,0.08,109.1,113.8,-4.7,1.49,0.018,0.093,0.09,0.056,11.600000000000009,0.4195725369767073,-0.26700700084934453,-0.39421246578980845,-0.09980233558144924
201142,Kevin Durant,BKN,2021-22,Scorer,Elite,55,2047.4066666666668,1643,407,351,48,52,191,0.518,0.383,0.91,0.634,0.57,0.31,0.18,116.2,109.7,6.5,1.84,0.015,0.166,0.274,0.097,15.700000000000003,2.1627082667051365,1.524657625177109,0.5155066339172142,0.041498193360478774
1628989,Kevin Huerter,ATL,2021-22,Scorer,Average,74,2188.4566666666665,892,254,203,55,26,91,0.454,0.389,0.808,0.57,0.559,0.169,0.072,116.4,112.5,3.8,2.23,0.014,0.098,0.125,0.056,12.900000000000006,0.22301513095749326,0.143032962568378,-0.4127861158754654,-0.31353942028983034
202691,Klay Thompson,GSW,2021-22,Scorer,Very Good,32,940.8516666666668,652,125,88,16,17,43,0.429,0.385,0.902,0.547,0.529,0.284,0.114,111.4,108.0,3.3,2.05,0.015,0.106,0.153,0.062,17.400000000000006,0.7602914920877736,-0.1228372461228404,-0.6786340273402043,-0.5442937131888871
204001,Kristaps Porziņģis,WAS,2021-22,Scorer,Very Good,51,1480.618333333333,1030,411,119,37,84,81,0.459,0.31,0.867,0.577,0.51,0.286,0.15,109.9,109.5,0.4,1.47,0.068,0.204,0.133,0.137,15.900000000000006,1.2190528384785286,-0.12111988182869862,1.0357063204390873,0.2630329841472689
202681,Kyrie Irving,BKN,2021-22,Scorer,Very Good,29,1091.505,796,127,167,41,17,73,0.469,0.418,0.915,0.592,0.55,0.283,0.135,118.9,113.8,5.2,2.29,0.015,0.096,0.235,0.057,11.600000000000009,1.1141055853049406,0.6285059418050954,-0.7370255416962752,-0.6260367550182033
200746,LaMarcus Aldridge,BKN,2021-22,Scorer,Very Good,47,1050.085,607,258,42,14,47,44,0.55,0.304,0.873,0.604,0.566,0.219,0.128,111.3,111.1,0.1,0.95,0.071,0.16,0.062,0.118,14.300000000000011,0.5779080195257529,-0.8033095004278685,0.387685965349374,-0.4436320116267927
1630205,Lamar Stevens,CLE,2021-22,Scorer,Average,63,1014.86,383,164,44,31,18,41,0.489,0.277,0.707,0.544,0.517,0.169,0.068,108.4,109.7,-1.3,1.07,0.048,0.112,0.066,0.081,15.700000000000003,-0.29270561654776545,-0.773479504443523,-0.3330988307883329,-0.47863875269528994
1629013,Landry Shamet,PHX,2021-22,Scorer,Average,69,1437.3833333333334,573,126,108,28,9,41,0.394,0.368,0.84,0.55,0.521,0.16,0.069,107.8,102.9,4.9,2.63,0.01,0.072,0.104,0.041,22.5,-0.18726644088723596,-0.32450843308701927,-0.9435133891548253,-0.20124822720126115
1628374,Lauri Markkanen,CLE,2021-22,Scorer,Very Good,61,1877.5866666666664,900,345,81,45,30,54,0.445,0.358,0.868,0.582,0.542,0.192,0.097,113.9,109.9,3.9,1.5,0.033,0.147,0.062,0.092,15.5,0.46576584432181783,-0.659801538856676,0.28729889020656546,-0.22392103853195322
2544,LeBron James,LAL,2021-22,Scorer,Elite,56,2084.335,1695,459,349,73,59,196,0.524,0.359,0.756,0.619,0.59,0.317,0.18,110.9,113.5,-2.5,1.78,0.031,0.185,0.297,0.109,11.900000000000006,2.165688342565597,1.6465042692355283,0.8063581719239721,0.1480867496516752
1630322,Lindy Waters III,OKC,2021-22,Scorer,Average,25,465.25,199,73,24,19,8,11,0.406,0.363,0.8,0.562,0.557,0.166,0.082,108.5,113.2,-4.7,2.18,0.012,0.14,0.078,0.075,12.200000000000003,-0.34444281452833336,-0.7796614908712817,-0.650994207729955,-0.9097911106590173
1629022,Lonnie Walker IV,SAS,2021-22,Scorer,Average,70,1612.3233333333333,849,181,152,44,19,71,0.407,0.314,0.784,0.512,0.48,0.232,0.083,108.5,111.5,-3.0,2.14,0.01,0.095,0.137,0.053,13.900000000000006,0.3215789971981399,0.02278054514813314,-0.6447017153970716,-0.4395819855832667
1629652,Luguentz Dort,OKC,2021-22,Scorer,Very Good,51,1665.3533333333332,877,212,88,46,18,88,0.404,0.332,0.843,0.541,0.493,0.228,0.077,101.9,110.1,-8.1,1.0,0.02,0.097,0.087,0.058,15.300000000000011,0.4782977889032119,-0.4936023662273775,-0.4987487077800464,-0.34672017864041144
1628379,Luke Kennard,LAC,2021-22,Scorer,Very Good,70,1919.1333333333332,833,229,146,42,6,60,0.449,0.449,0.896,0.619,0.598,0.16,0.095,110.0,106.6,3.4,2.43,0.01,0.1,0.111,0.057,18.80000000000001,0.3947422793339457,-0.14535658949374447,-0.466380926162417,-0.3039338357572705
1627736,Malik Beasley,MIN,2021-22,Scorer,Average,79,1976.26,953,227,116,43,12,43,0.391,0.377,0.817,0.544,0.532,0.189,0.081,112.1,110.1,2.0,2.7,0.012,0.1,0.085,0.054,15.300000000000011,0.2647589158113884,-0.4018063158717404,-0.5099066462437885,-0.4385090514737824
1628370,Malik Monk,LAL,2021-22,Scorer,Very Good,76,2138.435,1048,256,218,61,29,122,0.473,0.391,0.795,0.597,0.578,0.195,0.093,113.2,112.9,0.3,1.79,0.017,0.099,0.144,0.058,12.5,0.6802203754459292,0.3049637457668793,-0.3820000500987742,-0.2445207206705425
202694,Marcus Morris Sr.,LAC,2021-22,Scorer,Very Good,54,1564.28,830,239,113,28,18,69,0.434,0.367,0.872,0.549,0.507,0.228,0.095,109.2,114.0,-4.8,1.64,0.016,0.129,0.114,0.074,11.400000000000006,0.4901440787336285,-0.2499334431261556,-0.22327301714619924,-0.7623679442230866
1630210,Markus Howard,DEN,2021-22,Scorer,Average,31,176.49666666666667,126,12,7,9,0,7,0.386,0.4,0.87,0.567,0.525,0.264,0.087,107.9,112.8,-4.9,1.0,0.01,0.064,0.068,0.033,12.600000000000009,0.34890823677516963,-0.8983927767002045,-1.347915782130109,-1.0708425820469156
1629744,Matt Thomas,CHI,2021-22,Scorer,Average,40,459.51166666666666,161,50,20,8,3,8,0.41,0.385,0.8,0.564,0.541,0.137,0.068,109.5,108.5,1.1,2.5,0.007,0.096,0.059,0.053,16.900000000000006,-0.5727053813938249,-0.9011156695240621,-0.9922943098572229,-0.7982064502631491
1629622,Max Strus,MIA,2021-22,Scorer,Very Good,68,1587.0816666666667,721,202,92,28,16,57,0.441,0.41,0.792,0.614,0.602,0.177,0.086,113.7,108.1,5.6,1.61,0.016,0.112,0.086,0.065,17.30000000000001,0.40983411306376105,-0.4845012542729417,-0.4361049134839371,-0.4359502894371661
1628969,Mikal Bridges,PHX,2021-22,Scorer,Very Good,82,2854.353333333333,1162,347,185,96,36,68,0.534,0.369,0.834,0.627,0.601,0.149,0.091,116.7,106.9,9.8,2.72,0.027,0.089,0.084,0.06,18.5,0.5972152647780727,-0.15352526796531718,-0.11506329037587346,0.5414772804888983
203488,Mike Muscala,OKC,2021-22,Scorer,Very Good,43,592.52,344,129,22,18,26,14,0.456,0.429,0.842,0.63,0.597,0.198,0.131,106.7,104.9,1.8,1.57,0.032,0.166,0.06,0.099,20.5,0.38317166840292005,-0.8881386335444683,-0.1966533037323723,-0.2503743186311527
1628970,Miles Bridges,CHA,2021-22,Scorer,Very Good,80,2837.113333333333,1613,559,300,74,67,150,0.491,0.331,0.802,0.593,0.554,0.224,0.12,114.5,112.4,2.1,2.0,0.03,0.158,0.153,0.094,13.0,1.2770933569153013,0.6572573142128723,0.8806012157202955,0.30401796716901996
1626149,Montrezl Harrell,CHA,2021-22,Scorer,Very Good,71,1640.3583333333331,932,431,145,29,43,72,0.645,0.235,0.716,0.68,0.649,0.198,0.15,111.6,108.5,3.0,2.01,0.092,0.163,0.139,0.129,16.900000000000006,1.0930840503747359,0.00825801256159974,0.9868566576749502,-0.1759192684356975
1629021,Moritz Wagner,ORL,2021-22,Scorer,Very Good,63,959.5316666666666,564,232,87,20,13,56,0.497,0.328,0.806,0.623,0.581,0.224,0.124,105.3,112.6,-7.2,1.55,0.041,0.19,0.151,0.115,12.800000000000011,0.6921342136330044,-0.1377522441150131,0.280479159260036,-0.8135896226756408
1630541,Moses Moody,GSW,2021-22,Scorer,Average,52,607.12,228,80,23,7,10,13,0.437,0.364,0.778,0.573,0.546,0.148,0.069,104.8,108.9,-4.0,1.77,0.028,0.098,0.056,0.064,16.5,-0.39240527443863416,-0.906929555561799,-0.7725567549957812,-0.7612474351997548
1630208,Nick Richards,CHA,2021-22,Scorer,Average,50,367.1433333333333,150,86,13,9,21,24,0.667,0.0,0.698,0.689,0.667,0.147,0.086,102.4,115.4,-13.0,0.54,0.086,0.137,0.054,0.111,10.0,0.20725882632260104,-0.9549617754550161,-0.15787273117381573,-1.0111379931110998
1626181,Norman Powell,LAC,2021-22,Scorer,Very Good,45,1458.215,853,145,96,42,21,69,0.461,0.419,0.811,0.603,0.549,0.231,0.094,110.6,118.7,-8.1,1.39,0.013,0.089,0.106,0.05,6.700000000000003,0.8374389052949006,-0.357429422285244,-0.7784423073230624,-0.863103443810164
1628384,OG Anunoby,TOR,2021-22,Scorer,Average,48,1728.3133333333333,822,264,125,71,25,80,0.443,0.363,0.754,0.549,0.526,0.204,0.092,112.0,108.1,3.9,1.56,0.04,0.116,0.108,0.076,17.30000000000001,0.3086833177358588,-0.23948306726759977,-0.13145924394520672,0.10064549293789976
1630167,Obi Toppin,NYK,2021-22,Scorer,Very Good,72,1229.753333333333,648,268,77,25,33,56,0.531,0.308,0.758,0.614,0.586,0.205,0.129,110.9,104.0,6.9,1.38,0.056,0.155,0.105,0.107,21.400000000000006,0.5621637388507031,-0.4329612107445883,0.2740835538345435,-0.0541433224969089
1630846,Olivier Sarr,OKC,2021-22,Scorer,Average,22,420.87,153,93,19,6,15,22,0.574,0.448,0.828,0.672,0.639,0.136,0.079,106.0,108.0,-2.0,0.86,0.078,0.133,0.066,0.106,17.400000000000006,0.03169885496623115,-0.8654717875019797,-0.20299735261156027,-0.6681422705781515
1627783,Pascal Siakam,TOR,2021-22,Scorer,Elite,68,2577.853333333333,1551,580,360,85,42,181,0.494,0.344,0.749,0.565,0.525,0.257,0.139,114.3,109.6,4.8,1.99,0.046,0.182,0.224,0.111,15.800000000000011,1.313867017600616,1.2768921803322917,1.1528962891568313,0.3295694495522459
1626192,Pat Connaughton,MIL,2021-22,Scorer,Average,65,1690.83,645,273,82,59,15,35,0.458,0.395,0.833,0.62,0.605,0.137,0.089,111.3,112.1,-0.7,2.34,0.025,0.13,0.067,0.077,13.300000000000011,0.09651272889601992,-0.6280335808597516,-0.09483918238753891,-0.3598842025505789
201988,Patty Mills,BKN,2021-22,Scorer,Average,81,2345.7233333333334,923,156,183,51,17,73,0.408,0.4,0.814,0.563,0.551,0.16,0.066,112.3,110.7,1.5,2.51,0.008,0.055,0.106,0.032,14.700000000000003,0.13946365584331033,-0.037296277241814724,-0.9785689203869896,-0.34028363298162634
202331,Paul George,LAC,2021-22,Scorer,Very Good,31,1077.3866666666668,754,213,176,67,13,126,0.421,0.354,0.858,0.538,0.493,0.329,0.148,108.2,103.9,4.2,1.4,0.011,0.171,0.286,0.094,21.5,1.111812550193838,0.9481234837869185,-0.03746777422789052,0.1845601083556918
1629628,RJ Barrett,NYK,2021-22,Scorer,Very Good,70,2417.19,1402,408,208,43,16,151,0.408,0.342,0.714,0.511,0.466,0.268,0.099,108.3,111.6,-3.3,1.38,0.025,0.136,0.146,0.079,13.800000000000011,0.9781941745451332,0.27940213921333107,0.2888462350166341,-0.4861712080357461
201577,Robin Lopez,ORL,2021-22,Scorer,Average,36,611.9033333333333,254,126,54,2,18,44,0.553,0.333,0.593,0.57,0.558,0.182,0.076,103.3,109.7,-6.4,1.23,0.098,0.089,0.142,0.094,15.700000000000003,-0.141911620634497,-0.309740937766431,-0.26831171100676965,-0.779118277906336
203585,Rodney McGruder,DET,2021-22,Scorer,Average,51,754.0566666666666,273,111,48,21,7,24,0.436,0.397,0.731,0.577,0.564,0.142,0.077,105.0,108.7,-3.7,2.0,0.037,0.104,0.094,0.069,16.700000000000003,-0.3810063200875997,-0.6014664457764876,-0.6266037473787561,-0.6347898110627045
1629060,Rui Hachimura,WAS,2021-22,Scorer,Average,42,943.525,475,160,48,23,9,33,0.491,0.447,0.697,0.579,0.563,0.205,0.099,108.7,115.8,-7.1,1.45,0.027,0.143,0.08,0.086,9.600000000000009,0.2372912065754694,-0.6801135924653288,-0.28001407359959263,-1.0109903500314035
1630180,Saddiq Bey,DET,2021-22,Scorer,Very Good,82,2704.1766666666667,1321,441,233,73,16,96,0.396,0.346,0.827,0.529,0.489,0.209,0.1,104.7,114.0,-9.3,2.43,0.035,0.125,0.138,0.078,11.400000000000006,0.5907883209273256,0.32645319559245,0.36366807397290796,-0.31634154000519454
1630573,Sam Hauser,BOS,2021-22,Scorer,Average,26,157.605,65,29,10,1,2,2,0.46,0.432,0.0,0.65,0.65,0.136,0.104,105.7,106.0,-0.3,5.0,0.03,0.133,0.095,0.084,19.400000000000006,-0.15754804748052967,-0.7356770626904245,-0.6530859766691044,-0.7339667672106486
1630572,Sandro Mamukelashvili,MIL,2021-22,Scorer,Average,41,407.00166666666667,154,82,22,9,9,15,0.496,0.423,0.818,0.618,0.591,0.142,0.09,99.6,117.3,-17.6,1.47,0.079,0.116,0.084,0.097,8.100000000000009,-0.23240405865505345,-0.7533149535064547,-0.3468414057740009,-1.2441814437420244
203552,Seth Curry,BKN,2021-22,Scorer,Very Good,64,2134.266666666667,960,200,230,53,14,109,0.487,0.422,0.872,0.615,0.594,0.182,0.092,113.7,109.2,4.5,2.11,0.01,0.082,0.162,0.047,16.200000000000003,0.6245086542657473,0.4502378016634487,-0.6707254481355129,-0.2617812865399662
1630219,Skylar Mays,ATL,2021-22,Scorer,Average,28,219.88666666666663,80,25,17,7,0,10,0.5,0.32,0.889,0.589,0.563,0.149,0.077,104.6,117.5,-12.9,1.7,0.022,0.091,0.12,0.056,7.900000000000006,-0.40033425502558345,-0.5694778900611259,-1.020409811534814,-1.3677122806562014
201939,Stephen Curry,GSW,2021-22,Scorer,Elite,64,2211.085,1630,335,404,85,23,206,0.437,0.38,0.923,0.601,0.554,0.293,0.155,114.1,103.4,10.7,1.96,0.015,0.126,0.286,0.073,22.0,1.8402064408142484,1.7870931052800434,0.01871167258098705,0.5016166188007832
1627752,Taurean Prince,MIN,2021-22,Scorer,Average,69,1176.655,502,174,68,47,23,53,0.454,0.376,0.756,0.589,0.564,0.166,0.076,111.6,110.9,0.7,1.28,0.021,0.12,0.08,0.07,14.5,0.028438789248076263,-0.6065197660185635,-0.4467012423031633,-0.3327752357263396
1629056,Terence Davis,SAC,2021-22,Scorer,Average,30,536.3116666666666,311,94,40,25,11,33,0.423,0.329,0.818,0.543,0.515,0.244,0.091,113.4,109.0,4.4,1.21,0.019,0.138,0.107,0.08,16.400000000000006,0.1986902789922136,-0.5578744830012697,-0.5315749859495826,-0.5705009058120173
203082,Terrence Ross,ORL,2021-22,Scorer,Average,63,1448.1783333333333,629,161,116,28,12,75,0.397,0.292,0.862,0.515,0.467,0.196,0.075,101.9,113.8,-11.9,1.55,0.013,0.094,0.127,0.052,11.600000000000009,-0.0834585134856265,-0.16586487580521683,-0.7105089413750574,-0.8113217932316211
1628418,Thomas Bryant,WAS,2021-22,Scorer,Average,27,439.1133333333333,201,108,23,6,21,19,0.52,0.286,0.875,0.607,0.561,0.188,0.106,103.7,112.8,-9.1,1.21,0.06,0.187,0.083,0.124,12.600000000000009,0.07533921786637383,-0.7552529155190337,0.06611710362766421,-0.8894599267973285
203501,Tim Hardaway Jr.,DAL,2021-22,Scorer,Average,42,1245.01,598,156,92,38,6,34,0.394,0.336,0.757,0.52,0.491,0.214,0.089,108.9,107.7,1.3,2.71,0.01,0.114,0.115,0.061,17.700000000000003,0.05454222780245314,-0.321589307560342,-0.6091189455512611,-0.41000943006497154
1627789,Timothe Luwawu-Cabarrot,ATL,2021-22,Scorer,Average,52,684.8116666666666,227,82,40,18,6,20,0.398,0.361,0.854,0.556,0.516,0.135,0.049,109.7,113.2,-3.5,2.0,0.024,0.094,0.08,0.058,12.200000000000003,-0.5854908056505047,-0.7095511230440349,-0.8436879236565324,-0.9403874016034743
202699,Tobias Harris,PHI,2021-22,Scorer,Very Good,73,2543.155,1257,496,252,47,43,116,0.482,0.367,0.842,0.566,0.532,0.214,0.115,113.2,110.0,3.2,2.17,0.032,0.164,0.158,0.099,15.400000000000006,0.792786039115092,0.5087203974152217,0.7771366364727844,-0.0775467481203365
1630544,Tre Mann,OKC,2021-22,Scorer,Average,60,1366.925,625,171,91,47,12,71,0.393,0.36,0.793,0.501,0.476,0.213,0.069,101.7,112.0,-10.3,1.28,0.017,0.101,0.108,0.058,13.400000000000006,-0.041940420954739745,-0.36459257222710084,-0.6075372297103228,-0.5086974823145898
1629639,Tyler Herro,MIA,2021-22,Scorer,Elite,66,2151.0116666666668,1367,329,263,44,8,174,0.447,0.399,0.868,0.561,0.525,0.278,0.129,113.4,108.1,5.3,1.51,0.015,0.133,0.205,0.076,17.30000000000001,1.3120355927075327,0.8132267087020524,0.041010363993036286,-0.35110819444875546
201961,Wayne Ellington,LAL,2021-22,Scorer,Average,43,810.2266666666667,287,77,30,23,5,19,0.414,0.389,0.818,0.593,0.586,0.135,0.064,107.5,111.3,-3.8,1.58,0.012,0.078,0.055,0.046,14.100000000000009,-0.3306730302528938,-0.8867893696403484,-1.0098306682310223,-0.787064168320932
203897,Zach LaVine,CHI,2021-22,Scorer,Elite,67,2328.0783333333334,1635,308,303,41,23,171,0.476,0.389,0.853,0.605,0.554,0.284,0.129,112.5,113.4,-0.9,1.77,0.01,0.121,0.207,0.067,12.0,1.8007979917040304,0.9716496682654174,-0.1293674750060571,-0.5418301009799676
1630533,Ziaire Williams,MEM,2021-22,Scorer,Average,62,1346.4666666666667,501,129,65,35,12,41,0.45,0.314,0.782,0.559,0.54,0.144,0.055,112.9,108.8,4.2,1.59,0.017,0.071,0.062,0.044,16.60000000000001,-0.30485905117630824,-0.7186766000140883,-0.8973342904897886,-0.44501887741592466
1631260,AJ Green,MIL,2022-23,Scorer,Average,35,344.95,154,45,22,6,0,9,0.424,0.419,1.0,0.607,0.6,0.159,0.076,107.9,112.8,-4.9,2.44,0.016,0.105,0.092,0.061,12.600000000000009,-0.1708487617896194,-0.708373726827117,-0.9036439683381069,-1.1019266708618514
1631100,AJ Griffin,ATL,2022-23,Scorer,Average,72,1401.435,639,153,73,42,12,42,0.465,0.39,0.894,0.577,0.56,0.174,0.077,113.6,112.0,1.5,1.74,0.026,0.08,0.07,0.053,13.400000000000006,0.11718961497560365,-0.6442978427560444,-0.7189963157396992,-0.5605042970061495
203932,Aaron Gordon,DEN,2022-23,Scorer,Very Good,68,2055.1066666666666,1109,446,203,54,51,98,0.564,0.347,0.608,0.617,0.603,0.206,0.112,123.0,110.9,12.1,2.07,0.086,0.136,0.129,0.112,14.5,0.9190864870392031,0.16550357590804693,0.8100832132503645,0.02304329692787462
1630174,Aaron Nesmith,IND,2022-23,Scorer,Average,73,1816.4033333333332,738,277,98,55,34,75,0.427,0.366,0.838,0.566,0.525,0.168,0.059,113.8,118.5,-4.7,1.31,0.033,0.119,0.073,0.076,6.900000000000006,0.08176756860014227,-0.5354525996928361,-0.09696532235755811,-0.5851277585622655
1630598,Aaron Wiggins,OKC,2022-23,Scorer,Average,70,1297.4366666666667,479,211,80,39,15,56,0.512,0.393,0.831,0.607,0.579,0.143,0.077,112.7,111.2,1.5,1.43,0.05,0.109,0.084,0.079,14.200000000000003,-0.05360307201460376,-0.5398928568108352,-0.2338693459654255,-0.5142322537722659
1629678,Admiral Schofield,ORL,2022-23,Scorer,Average,37,451.26166666666666,155,62,31,8,5,16,0.451,0.324,0.913,0.587,0.549,0.139,0.055,104.7,113.0,-8.3,1.94,0.047,0.092,0.103,0.068,12.400000000000006,-0.430887978196171,-0.6134623182419832,-0.7693589522830351,-1.0423675599797655
202692,Alec Burks,DET,2022-23,Scorer,Very Good,51,1122.4433333333334,652,158,114,38,8,58,0.436,0.414,0.814,0.602,0.544,0.218,0.109,112.9,113.9,-1.0,1.97,0.017,0.124,0.15,0.069,11.5,0.5916041669830329,-0.044018231746797136,-0.5018949539464881,-0.7540534873657426
203952,Andrew Wiggins,GSW,2022-23,Scorer,Average,37,1190.28,633,186,85,45,28,48,0.473,0.396,0.611,0.564,0.557,0.212,0.088,116.2,110.9,5.2,1.77,0.05,0.101,0.1,0.076,14.5,0.3167130691967599,-0.43161194684046833,-0.3384227734710984,-0.30291064158760084
1629014,Anfernee Simons,POR,2022-23,Scorer,Very Good,62,2170.66,1306,161,253,42,14,128,0.447,0.377,0.894,0.581,0.548,0.247,0.097,114.1,115.7,-1.6,1.98,0.008,0.067,0.186,0.038,9.700000000000003,1.1554612879304678,0.6696943821152423,-0.8888641016405815,-0.757661666683164
1630162,Anthony Edwards,MIN,2022-23,Scorer,Elite,79,2841.455,1946,458,350,125,58,259,0.459,0.369,0.756,0.564,0.528,0.292,0.125,113.8,111.9,1.9,1.35,0.017,0.139,0.192,0.079,13.5,1.8492201816737321,1.0603303603915577,0.421515164199898,0.7707676385200269
1630559,Austin Reaves,LAL,2022-23,Scorer,Very Good,64,1843.2266666666667,833,193,215,33,19,99,0.529,0.398,0.864,0.687,0.616,0.154,0.1,115.4,110.5,4.9,2.17,0.018,0.079,0.155,0.051,14.900000000000006,0.7396118487229787,0.355718858483954,-0.6383404810024488,-0.4948023028551954
1631097,Bennedict Mathurin,IND,2022-23,Scorer,Very Good,78,2222.38,1302,318,116,48,13,152,0.434,0.323,0.828,0.566,0.487,0.235,0.087,111.5,115.8,-4.3,0.76,0.037,0.103,0.078,0.069,9.600000000000009,0.978967864392966,-0.44112988921616103,-0.07735438056004373,-0.711486420561315
1626246,Boban Marjanovic,HOU,2022-23,Scorer,Very Good,31,171.065,102,60,9,5,2,14,0.683,0.0,0.741,0.71,0.683,0.206,0.17,114.6,96.1,18.5,0.64,0.121,0.226,0.079,0.175,29.30000000000001,0.7246203796507462,-0.8292392073714385,0.5884773011504257,-0.11085003246732532
203992,Bogdan Bogdanović,ATL,2022-23,Scorer,Very Good,54,1508.6083333333331,756,165,150,43,18,65,0.447,0.406,0.831,0.586,0.566,0.196,0.089,117.3,116.1,1.2,2.31,0.015,0.093,0.134,0.055,9.300000000000011,0.41407247122381413,-0.0014317975012950943,-0.6616764641263553,-0.7303323177523625
202711,Bojan Bogdanovic,DET,2022-23,Scorer,Elite,59,1892.8666666666663,1273,223,152,34,8,135,0.488,0.411,0.884,0.627,0.57,0.251,0.116,111.3,119.5,-8.2,1.13,0.018,0.099,0.133,0.058,5.900000000000006,1.423951966759951,0.0003099318084642047,-0.46956154335972833,-1.1245251193962043
203078,Bradley Beal,WAS,2022-23,Scorer,Elite,50,1672.9333333333334,1160,196,271,45,33,145,0.506,0.365,0.842,0.593,0.551,0.288,0.129,116.6,115.9,0.7,1.87,0.026,0.091,0.26,0.06,9.5,1.418923742970169,1.1516351727012062,-0.5157234565093303,-0.546096696819751
1630527,Brandon Boston,LAC,2022-23,Scorer,Average,22,248.345,143,30,20,9,0,12,0.418,0.414,0.763,0.515,0.467,0.237,0.081,106.8,114.5,-7.7,1.67,0.024,0.098,0.129,0.056,10.900000000000006,-0.1337971296568383,-0.507879936079856,-1.0071429186164875,-1.1707255296310701
1627742,Brandon Ingram,NOP,2022-23,Scorer,Elite,45,1538.0766666666666,1112,246,262,32,19,148,0.484,0.39,0.882,0.582,0.522,0.306,0.144,115.5,112.5,3.0,1.77,0.015,0.145,0.277,0.081,12.900000000000006,1.4531843731780567,1.2140180574937547,-0.11552178692778017,-0.6226730158925126
1627741,Buddy Hield,IND,2022-23,Scorer,Very Good,80,2481.875,1344,400,225,92,26,139,0.458,0.425,0.822,0.614,0.596,0.205,0.104,114.4,116.3,-1.9,1.62,0.027,0.132,0.131,0.079,9.100000000000009,1.064083395318037,0.2576920916693233,0.26761920634731196,-0.15343675676039825
1629629,Cam Reddish,POR,2022-23,Scorer,Average,40,989.6066666666668,387,88,57,39,14,47,0.446,0.313,0.853,0.561,0.518,0.166,0.064,108.9,117.8,-9.0,1.21,0.017,0.07,0.085,0.043,7.6000000000000085,-0.21458435157019115,-0.6189081038896982,-1.0188624667247452,-0.912130573102055
1630560,Cam Thomas,BKN,2022-23,Scorer,Very Good,57,947.5533333333332,604,95,78,20,7,63,0.441,0.383,0.868,0.567,0.497,0.268,0.102,112.1,113.7,-1.6,1.24,0.009,0.089,0.133,0.05,11.700000000000003,0.7228993543879625,-0.2719872260445676,-0.9111112365063262,-0.9389245492485293
1629661,Cameron Johnson,BKN,2022-23,Scorer,Very Good,42,1199.815,650,185,78,50,14,37,0.47,0.404,0.842,0.617,0.579,0.202,0.113,115.3,108.7,6.6,2.11,0.029,0.12,0.099,0.076,16.700000000000003,0.5587971991288233,-0.46298743943175336,-0.3410761520547636,-0.2634880378301507
1626224,Cedi Osman,CLE,2022-23,Scorer,Average,77,1548.3133333333333,669,176,115,35,11,52,0.451,0.372,0.694,0.579,0.56,0.178,0.082,115.4,108.0,7.5,2.21,0.017,0.1,0.107,0.059,17.400000000000006,0.17954108358928444,-0.2818976338258997,-0.5815306824873161,-0.40813260137939533
1630537,Chris Duarte,IND,2022-23,Scorer,Average,46,897.2266666666667,362,115,64,25,9,41,0.369,0.316,0.847,0.496,0.452,0.181,0.061,109.4,115.6,-6.2,1.56,0.02,0.106,0.101,0.061,9.800000000000011,-0.4944456970651035,-0.5032678112746547,-0.7179074674815374,-0.9785166891448789
1629012,Collin Sexton,UTA,2022-23,Scorer,Very Good,48,1145.1533333333334,685,105,138,27,6,85,0.506,0.393,0.819,0.616,0.558,0.23,0.097,116.4,116.3,0.1,1.62,0.032,0.056,0.178,0.044,9.100000000000009,0.7832933733374324,0.20158865336700368,-0.9610153764977553,-1.0292746278121248
1630557,Corey Kispert,WAS,2022-23,Scorer,Very Good,74,2093.29,820,207,87,32,9,55,0.497,0.424,0.852,0.657,0.637,0.139,0.073,112.4,115.6,-3.2,1.58,0.016,0.082,0.056,0.05,9.800000000000011,0.4489035955684913,-0.6714293109321499,-0.6139328351358151,-0.9059871485766955
203081,Damian Lillard,POR,2022-23,Scorer,Elite,58,2106.59,1866,277,425,50,18,191,0.463,0.371,0.914,0.645,0.564,0.331,0.173,119.5,117.4,2.1,2.23,0.022,0.112,0.338,0.068,8.0,2.540147500054987,2.156484596464843,-0.19888255679500036,-0.7341838547485331
1627814,Damion Lee,PHX,2022-23,Scorer,Average,74,1506.295,604,225,99,30,7,78,0.442,0.445,0.904,0.607,0.564,0.155,0.084,110.1,107.3,2.7,1.27,0.024,0.124,0.092,0.072,18.10000000000001,0.12438632922069977,-0.4250374950070704,-0.2858996259268738,-0.45928099954859314
1627863,Danuel House Jr.,PHI,2022-23,Scorer,Average,56,807.025,268,94,44,14,9,26,0.472,0.336,0.75,0.6,0.566,0.133,0.061,112.8,112.5,0.3,1.69,0.012,0.107,0.074,0.062,12.900000000000006,-0.31899307066596233,-0.7285382777641852,-0.7608887634338279,-0.9103521888128526
202722,Davis Bertans,DAL,2022-23,Scorer,Average,45,491.81666666666666,206,53,21,11,8,10,0.431,0.39,0.867,0.618,0.603,0.155,0.069,110.6,114.8,-4.3,2.1,0.02,0.086,0.065,0.053,10.600000000000009,-0.09973804736994518,-0.8637300581922205,-0.984334174106227,-1.0866894942447167
1628368,De'Aaron Fox,SAC,2022-23,Scorer,Elite,73,2435.241666666667,1826,306,447,83,23,181,0.512,0.324,0.78,0.599,0.557,0.288,0.137,119.9,116.8,3.1,2.47,0.017,0.111,0.281,0.064,8.600000000000009,1.9335141487017722,1.917231565466003,-0.17289319508742856,-0.30641875273917446
1629631,De'Andre Hunter,ATL,2022-23,Scorer,Very Good,67,2125.63,1029,284,94,35,17,82,0.461,0.35,0.826,0.563,0.522,0.193,0.069,114.9,115.5,-0.6,1.15,0.021,0.112,0.059,0.066,9.900000000000006,0.4574813507273077,-0.6288185116710303,-0.20578821531870406,-0.7880878802322294
201942,DeMar DeRozan,CHI,2022-23,Scorer,Elite,74,2681.61,1816,343,377,83,36,153,0.504,0.324,0.872,0.592,0.522,0.272,0.138,112.2,110.7,1.5,2.46,0.013,0.116,0.222,0.066,14.700000000000003,1.7691521929372767,1.3282116261422077,-0.04923887888245271,0.18351179710273358
1630217,Desmond Bane,MEM,2022-23,Scorer,Elite,58,1841.4533333333331,1247,291,254,56,22,126,0.479,0.408,0.883,0.606,0.568,0.252,0.131,116.4,107.4,9.0,2.02,0.022,0.123,0.202,0.074,18.0,1.2924543163458713,0.7632565267962563,-0.08529733079560484,-0.04399907061134573
1626164,Devin Booker,PHX,2022-23,Scorer,Elite,53,1835.4133333333332,1471,240,293,51,18,145,0.494,0.351,0.855,0.601,0.546,0.311,0.147,119.6,113.4,6.2,2.02,0.025,0.105,0.251,0.065,12.0,1.857312437831096,1.1820295017783928,-0.33527652730465657,-0.4888037916122108
1630170,Devin Vassell,SAS,2022-23,Scorer,Very Good,38,1178.0783333333334,703,148,136,43,17,57,0.439,0.387,0.78,0.55,0.525,0.24,0.108,107.1,118.8,-11.7,2.39,0.006,0.125,0.173,0.062,6.6000000000000085,0.49212148538160955,0.166141004047741,-0.617606319915903,-0.8990874043890922
1628415,Dillon Brooks,MEM,2022-23,Scorer,Average,73,2214.2633333333333,1047,244,189,65,16,104,0.396,0.326,0.779,0.494,0.468,0.214,0.06,113.4,108.5,4.9,1.82,0.019,0.084,0.117,0.051,16.900000000000006,0.22968215687148405,0.046576057376304436,-0.5030181732355197,-0.07608173073942594
1628378,Donovan Mitchell,CLE,2022-23,Scorer,Elite,68,2432.38,1922,289,301,99,27,180,0.484,0.386,0.867,0.614,0.572,0.31,0.149,116.3,110.4,5.9,1.67,0.027,0.097,0.205,0.062,15.0,2.2495580945996045,0.9530549789509065,-0.24347993961909886,0.27586283060292244
203926,Doug McDermott,SAS,2022-23,Scorer,Average,64,1314.2016666666666,654,138,91,13,6,58,0.457,0.413,0.757,0.59,0.575,0.186,0.071,108.7,118.4,-9.7,1.57,0.016,0.085,0.098,0.049,7.0,0.2901806043567218,-0.4207691055762731,-0.8097556117133995,-1.2977185265524476
1629130,Duncan Robinson,MIA,2022-23,Scorer,Average,42,690.46,268,69,46,14,0,28,0.371,0.328,0.906,0.534,0.504,0.172,0.049,108.8,113.8,-5.0,1.64,0.012,0.094,0.101,0.052,11.600000000000009,-0.41085165952667807,-0.5695022550767435,-0.9546197710722628,-1.0777904424048586
203939,Dwight Powell,DAL,2022-23,Scorer,Very Good,76,1457.935,506,314,69,48,26,65,0.732,0.0,0.667,0.738,0.732,0.123,0.078,119.4,113.2,6.2,1.06,0.106,0.12,0.067,0.113,12.200000000000003,0.5684555503919423,-0.6758695680501491,0.4725768945112281,-0.42719723339266585
1628410,Edmond Sumner,BKN,2022-23,Scorer,Average,53,736.1566666666666,378,79,68,31,10,50,0.461,0.356,0.917,0.597,0.519,0.209,0.088,111.7,110.1,1.7,1.36,0.019,0.086,0.13,0.054,15.300000000000011,0.29953734010368727,-0.325637099272702,-0.9026066766262495,-0.5830803347396706
201569,Eric Gordon,LAC,2022-23,Scorer,Average,69,1965.5083333333332,856,134,183,43,25,104,0.446,0.371,0.821,0.587,0.547,0.171,0.078,110.6,116.4,-5.8,1.76,0.008,0.059,0.133,0.033,9.0,0.30889284898852215,0.11438036280095051,-1.0242035949229455,-0.6771364722457064
1630647,Eugene Omoruyi,DET,2022-23,Scorer,Average,40,645.3233333333334,278,111,28,28,3,34,0.443,0.281,0.68,0.533,0.498,0.192,0.06,111.2,113.1,-1.9,0.82,0.065,0.11,0.065,0.086,12.300000000000011,-0.26294806512542473,-0.8379722189358526,-0.41002962419919126,-0.8612506967246217
1630532,Franz Wagner,ORL,2022-23,Scorer,Very Good,80,2608.7266666666665,1485,329,283,77,17,167,0.485,0.361,0.842,0.589,0.543,0.23,0.11,111.3,110.1,1.2,1.69,0.027,0.098,0.167,0.063,15.300000000000011,1.2058390412326736,0.6733497084219631,-0.12460514196780753,-0.03563539155581397
1627788,Furkan Korkmaz,PHI,2022-23,Scorer,Average,37,353.49,140,42,22,10,3,24,0.432,0.391,0.722,0.552,0.514,0.176,0.073,105.0,103.7,1.4,0.92,0.017,0.099,0.091,0.059,21.700000000000003,-0.37096114288134435,-0.7139913801620342,-0.9370834126984633,-0.49546128414891316
1629726,Garrison Mathews,ATL,2022-23,Scorer,Average,54,686.2583333333333,257,73,26,24,5,19,0.363,0.35,0.906,0.573,0.52,0.139,0.064,103.1,109.5,-6.4,1.37,0.014,0.082,0.057,0.048,15.900000000000006,-0.43737629399820754,-0.890272828259867,-0.9949648739563229,-0.6709443902935156
203914,Gary Harris,ORL,2022-23,Scorer,Average,48,1184.3516666666667,397,98,59,45,12,28,0.45,0.431,0.9,0.62,0.603,0.125,0.058,113.0,115.8,-2.8,2.11,0.018,0.069,0.067,0.043,9.600000000000009,-0.1701779909391142,-0.7126664812735317,-0.9923286808880925,-0.7526879733793234
1629018,Gary Trent Jr.,TOR,2022-23,Scorer,Very Good,66,2117.9933333333333,1148,173,106,104,14,55,0.433,0.369,0.839,0.56,0.522,0.209,0.091,111.8,113.8,-2.1,1.93,0.013,0.073,0.075,0.04,11.600000000000009,0.6432731780220063,-0.49477976244429545,-0.8315442500272376,-0.0036232819137689276
1627777,Georges Niang,PHI,2022-23,Scorer,Average,78,1511.8483333333334,637,185,77,31,14,54,0.442,0.401,0.867,0.61,0.596,0.162,0.072,112.5,111.1,1.3,1.43,0.013,0.109,0.074,0.062,14.300000000000011,0.21658022702508814,-0.6071084641270224,-0.5194313123202877,-0.6013651537768832
203507,Giannis Antetokounmpo,MIL,2022-23,Scorer,Elite,63,2023.615,1959,742,359,52,51,246,0.553,0.275,0.645,0.605,0.572,0.373,0.204,116.4,109.2,7.2,1.46,0.065,0.268,0.314,0.171,16.200000000000003,2.6859731493028742,1.778801289152504,2.347122877991424,0.10220351863540526
1628960,Grayson Allen,MIL,2022-23,Scorer,Average,72,1972.1366666666668,750,237,163,62,14,72,0.44,0.399,0.905,0.612,0.571,0.143,0.078,113.9,109.1,4.9,2.26,0.03,0.082,0.107,0.057,16.30000000000001,0.17041596949057825,-0.10527245035366285,-0.44515389749309475,-0.16265355259020803
1628977,Hamidou Diallo,DET,2022-23,Scorer,Very Good,56,995.865,522,194,55,53,16,71,0.573,0.238,0.588,0.593,0.58,0.21,0.1,108.9,109.5,-0.6,0.77,0.056,0.136,0.088,0.096,15.900000000000006,0.38783312352338317,-0.6094145265296231,-0.06240265870817019,-0.25917276104867176
203084,Harrison Barnes,SAC,2022-23,Scorer,Very Good,82,2662.0383333333334,1230,366,128,57,10,86,0.473,0.374,0.847,0.632,0.556,0.168,0.088,120.0,115.2,4.8,1.49,0.034,0.107,0.063,0.07,10.200000000000003,0.8139302323693792,-0.4812383933718603,0.0627474457605699,-0.6133337410960239
1630193,Immanuel Quickley,NYK,2022-23,Scorer,Very Good,81,2344.105,1209,337,279,80,14,100,0.448,0.37,0.819,0.578,0.537,0.203,0.118,114.3,108.1,6.2,2.79,0.024,0.11,0.178,0.068,17.30000000000001,0.746256022116378,0.7204251298166995,-0.03967984177508374,0.08260565534890946
1630198,Isaiah Joe,OKC,2022-23,Scorer,Very Good,73,1395.3466666666666,691,175,88,48,8,39,0.441,0.409,0.82,0.626,0.599,0.17,0.093,117.3,112.2,5.1,2.26,0.018,0.108,0.087,0.062,13.200000000000003,0.4055667050931076,-0.4936023662273775,-0.5459650981569405,-0.5505569103984687
201580,JaVale McGee,DAL,2022-23,Scorer,Very Good,42,354.54,186,107,11,4,26,36,0.64,0.4,0.585,0.65,0.648,0.214,0.105,106.1,113.4,-7.3,0.31,0.086,0.199,0.051,0.145,12.0,0.5007085742742855,-0.9791741181044444,0.330996465442285,-0.8948481376882915
1630702,Jaden Hardy,DAL,2022-23,Scorer,Very Good,48,708.39,420,89,65,17,7,46,0.438,0.404,0.823,0.571,0.533,0.248,0.09,112.5,115.6,-3.1,1.41,0.015,0.106,0.147,0.061,9.800000000000011,0.46666845447759897,-0.24117606654612395,-0.7868953106568346,-1.0816425206575195
1630224,Jalen Green,HOU,2022-23,Scorer,Elite,76,2602.155,1683,284,281,59,18,200,0.416,0.338,0.786,0.538,0.485,0.274,0.096,111.2,120.0,-8.7,1.41,0.016,0.093,0.169,0.053,5.400000000000006,1.3791333942100434,0.677225632447121,-0.37140372127954796,-0.7936937434324319
1631114,Jalen Williams,OKC,2022-23,Scorer,Very Good,75,2275.5916666666667,1056,337,248,103,35,123,0.521,0.356,0.812,0.601,0.567,0.18,0.102,111.6,112.6,-1.0,2.02,0.035,0.109,0.152,0.071,12.800000000000011,0.5990524807447982,0.46029571211636516,-0.0014608788610430135,0.2689877092718454
1629750,Javonte Green,CHI,2022-23,Scorer,Average,32,480.25666666666666,165,88,23,24,21,20,0.565,0.371,0.667,0.646,0.625,0.128,0.082,112.4,106.5,5.9,1.15,0.057,0.119,0.062,0.09,18.900000000000006,-0.16686715563494095,-0.8732236355522955,-0.42009871440477137,-0.33280094109584757
1627759,Jaylen Brown,BOS,2022-23,Scorer,Elite,67,2404.918333333333,1784,459,232,75,26,197,0.491,0.335,0.765,0.581,0.55,0.307,0.132,116.6,111.2,5.4,1.18,0.032,0.152,0.163,0.093,14.200000000000003,1.939399401146212,0.4632148376430425,0.6025237030490873,-0.029931083959238453
1629669,Jaylen Nowell,MIN,2022-23,Scorer,Average,65,1251.695,704,170,132,42,5,65,0.448,0.289,0.778,0.527,0.502,0.238,0.095,111.2,111.3,0.0,2.03,0.028,0.107,0.156,0.067,14.100000000000009,0.34669833752542595,0.055922132064795085,-0.49553371955186537,-0.5901982724930052
1628369,Jayson Tatum,BOS,2022-23,Scorer,Elite,74,2732.1966666666667,2225,649,342,78,51,213,0.466,0.35,0.854,0.607,0.543,0.319,0.167,119.2,110.8,8.5,1.61,0.029,0.2,0.205,0.117,14.600000000000009,2.4939278060675285,1.1039223231667754,1.4124173372578173,0.2775914749523118
201145,Jeff Green,DEN,2022-23,Scorer,Average,56,1091.1166666666666,437,144,69,18,17,46,0.488,0.288,0.744,0.576,0.534,0.167,0.071,107.1,115.0,-8.0,1.5,0.035,0.096,0.095,0.066,10.400000000000006,-0.08544337988193944,-0.5185752746724668,-0.577261217031843,-0.9348537126587809
203924,Jerami Grant,POR,2022-23,Scorer,Very Good,63,2245.525,1290,283,150,51,53,116,0.475,0.401,0.813,0.606,0.554,0.227,0.099,116.1,117.3,-1.2,1.29,0.025,0.104,0.103,0.065,8.100000000000009,1.1404516688007662,-0.17557905088372927,-0.22118124820704962,-0.36383578419773205
202710,Jimmy Butler III,MIA,2022-23,Scorer,Elite,64,2138.015,1466,375,340,117,21,101,0.539,0.35,0.85,0.647,0.56,0.248,0.177,114.9,113.7,1.2,3.37,0.068,0.121,0.264,0.093,11.700000000000003,1.6555229884376714,1.4280044872822155,0.3796399020212041,0.20777215181074382
203925,Joe Harris,BKN,2022-23,Scorer,Average,74,1527.175,562,164,101,34,13,41,0.457,0.426,0.643,0.621,0.618,0.141,0.067,112.1,113.2,-1.0,2.46,0.016,0.089,0.091,0.054,12.200000000000003,0.07165683202435484,-0.4232957656973111,-0.6770694970147009,-0.7037833465689758
203954,Joel Embiid,PHI,2022-23,Scorer,Elite,66,2284.1066666666666,2183,670,274,66,112,226,0.548,0.33,0.857,0.655,0.573,0.37,0.213,119.0,110.2,8.8,1.21,0.057,0.243,0.233,0.157,15.200000000000003,3.1114258739407123,1.0109976066254558,1.9777244597019998,0.8056732289096936
1630228,Jonathan Kuminga,GSW,2022-23,Scorer,Very Good,67,1394.425,666,231,125,41,31,95,0.525,0.37,0.652,0.597,0.579,0.195,0.085,111.7,113.0,-1.4,1.32,0.052,0.113,0.132,0.083,12.400000000000006,0.4047414835342602,-0.10465938722958626,-0.12984315707339872,-0.437388518935586
203903,Jordan Clarkson,UTA,2022-23,Scorer,Very Good,61,1988.3033333333333,1271,246,270,33,13,186,0.444,0.338,0.816,0.558,0.519,0.273,0.102,117.4,116.6,0.8,1.45,0.036,0.083,0.209,0.06,8.800000000000011,1.1890502763343471,0.8614551612980892,-0.38305452732606643,-0.9139106046755959
1629670,Jordan Nwora,IND,2022-23,Scorer,Average,62,1188.085,542,229,88,24,14,66,0.436,0.408,0.791,0.561,0.533,0.187,0.089,107.0,117.2,-10.2,1.33,0.041,0.147,0.107,0.093,8.200000000000003,0.05092385619533624,-0.3812492995290329,-0.007753371193926391,-1.032298212147033
1629673,Jordan Poole,GSW,2022-23,Scorer,Elite,82,2458.093333333333,1675,225,369,63,21,252,0.43,0.336,0.87,0.573,0.514,0.282,0.104,111.0,111.8,-0.8,1.46,0.013,0.073,0.234,0.043,13.600000000000009,1.6320418263612086,1.3661859355825086,-0.6553496007626023,-0.24010756426404553
1630528,Josh Christopher,HOU,2022-23,Scorer,Average,64,786.215,372,71,73,33,15,60,0.465,0.236,0.75,0.523,0.497,0.215,0.073,105.4,119.3,-13.9,1.22,0.024,0.068,0.149,0.045,6.1000000000000085,-0.08396434009102745,-0.20050322929758335,-1.0384905940376945,-1.052313299303108
1630182,Josh Green,DAL,2022-23,Scorer,Average,60,1539.23,546,182,103,42,5,72,0.537,0.402,0.723,0.645,0.626,0.14,0.067,115.3,112.8,2.5,1.43,0.037,0.087,0.096,0.062,12.600000000000009,0.19001883591450874,-0.3878481163780484,-0.5273914480712836,-0.6783302850672591
1630231,KJ Martin,HOU,2022-23,Scorer,Very Good,82,2292.1583333333333,1039,452,123,41,30,91,0.569,0.315,0.68,0.635,0.617,0.16,0.102,110.6,118.7,-8.0,1.35,0.052,0.143,0.079,0.096,6.700000000000003,0.6347795385065607,-0.40975439662487595,0.6221690158774713,-0.7824076307208233
1626157,Karl-Anthony Towns,MIN,2022-23,Scorer,Very Good,29,957.05,602,236,140,20,17,86,0.495,0.366,0.874,0.618,0.565,0.25,0.138,111.2,109.4,1.8,1.63,0.05,0.181,0.225,0.118,16.0,0.8812827256977567,0.47297774275279003,0.3293116365087379,-0.5851048065049431
202695,Kawhi Leonard,LAC,2022-23,Scorer,Elite,52,1747.4883333333332,1239,338,204,72,28,88,0.512,0.416,0.871,0.623,0.572,0.267,0.159,118.2,112.1,6.1,2.32,0.034,0.16,0.19,0.098,13.300000000000011,1.4936904713010657,0.5118601206603361,0.3451631659489904,-0.09365945231258099
1631099,Keegan Murray,SAC,2022-23,Scorer,Average,80,2381.673333333333,976,371,98,61,42,60,0.453,0.411,0.765,0.597,0.584,0.156,0.073,118.8,117.1,1.7,1.63,0.038,0.123,0.053,0.08,8.300000000000011,0.34279885185390313,-0.6478056663911806,0.20341088172569916,-0.3597633238385098
1628966,Keita Bates-Diop,SAS,2022-23,Scorer,Average,67,1452.5883333333334,647,247,103,46,20,56,0.508,0.394,0.793,0.609,0.568,0.165,0.099,108.1,116.6,-8.5,1.84,0.042,0.13,0.099,0.084,8.800000000000011,0.24003562633258835,-0.3709951563732967,-0.07464944543007399,-0.7083906384560331
1629640,Keldon Johnson,SAS,2022-23,Scorer,Very Good,63,2063.3316666666665,1385,318,183,46,11,134,0.452,0.329,0.749,0.551,0.512,0.273,0.103,110.2,121.4,-11.3,1.37,0.025,0.133,0.137,0.076,4.0,1.2312385011308027,0.13685097614061945,0.01182319957271824,-1.0814702547212987
203482,Kelly Olynyk,UTA,2022-23,Scorer,Very Good,68,1941.5933333333328,847,420,252,60,37,168,0.499,0.394,0.853,0.643,0.583,0.176,0.1,116.4,116.0,0.4,1.5,0.042,0.164,0.173,0.105,9.400000000000006,0.6591869462690305,0.59298519743898,0.6519177899423051,-0.35608186423773186
1626162,Kelly Oubre Jr.,CHA,2022-23,Scorer,Very Good,48,1547.5116666666668,972,249,54,68,18,64,0.431,0.319,0.76,0.534,0.497,0.257,0.094,107.6,115.3,-7.7,0.84,0.038,0.121,0.057,0.077,10.100000000000009,0.719078163863069,-0.7872414712343955,-0.15852026839550556,-0.42429450425496235
1629134,Kendrick Nunn,WAS,2022-23,Scorer,Average,70,963.43,496,109,90,28,7,66,0.424,0.354,0.854,0.53,0.512,0.227,0.076,110.3,112.6,-2.3,1.36,0.015,0.09,0.137,0.054,12.800000000000011,0.1333266656305914,-0.20536031683683945,-0.8230053191162912,-0.7914035031875805
1631254,Kenneth Lofton Jr.,MEM,2022-23,Scorer,Very Good,24,175.95833333333334,120,51,20,5,2,12,0.527,0.353,0.593,0.572,0.559,0.267,0.129,103.3,116.7,-13.4,1.67,0.097,0.198,0.198,0.143,8.700000000000003,0.39513047039082155,-0.12026185597056721,0.15692795614766886,-1.3211963384870786
201142,Kevin Durant,PHX,2022-23,Scorer,Elite,47,1671.756666666667,1366,313,235,34,67,156,0.56,0.404,0.919,0.677,0.614,0.305,0.185,117.1,110.3,6.8,1.51,0.012,0.166,0.228,0.096,15.100000000000009,2.1722016590116007,0.8394013783796772,0.25334939274799784,0.012948267240498357
1628989,Kevin Huerter,SAC,2022-23,Scorer,Very Good,75,2202.776666666666,1140,251,221,80,24,97,0.485,0.402,0.725,0.617,0.603,0.197,0.091,121.0,116.6,4.5,2.28,0.02,0.1,0.137,0.06,8.800000000000011,0.8755577653430416,0.2766792463894736,-0.3697876344077401,-0.31563444254113715
1628995,Kevin Knox II,POR,2022-23,Scorer,Average,63,951.7233333333334,415,177,33,24,12,50,0.458,0.349,0.767,0.579,0.556,0.175,0.077,104.3,115.8,-11.4,0.66,0.033,0.152,0.053,0.09,9.600000000000009,-0.025592191257039487,-0.886985602343168,-0.18394802045856173,-0.970276595083874
1630284,Kevon Harris,ORL,2022-23,Scorer,Average,34,457.04833333333335,141,70,16,17,5,21,0.439,0.372,0.756,0.564,0.514,0.129,0.051,110.0,109.7,0.3,0.76,0.057,0.092,0.049,0.074,15.700000000000003,-0.6456922165426512,-0.9720109681625875,-0.6716939977856311,-0.7552248658715999
1630184,Kira Lewis Jr.,NOP,2022-23,Scorer,Average,25,234.76666666666668,114,33,23,10,2,10,0.455,0.441,0.864,0.584,0.54,0.192,0.096,115.2,104.0,11.2,2.3,0.021,0.109,0.137,0.067,21.400000000000006,-0.08962214359390186,-0.45189963543350337,-0.8590465855140084,-0.5232051506668363
202691,Klay Thompson,GSW,2022-23,Scorer,Elite,69,2278.911666666667,1509,286,163,49,29,123,0.436,0.412,0.879,0.576,0.556,0.256,0.1,115.4,112.6,2.9,1.33,0.017,0.101,0.105,0.06,12.800000000000011,1.339151178632947,-0.11650775702349732,-0.27691938397945537,-0.3512306734154343
204001,Kristaps Porziņģis,WAS,2022-23,Scorer,Elite,65,2119.5116666666668,1505,546,174,58,100,137,0.498,0.385,0.851,0.627,0.565,0.272,0.145,116.2,114.8,1.4,1.27,0.057,0.194,0.125,0.13,10.600000000000009,1.7449886422668357,0.03632191422056823,1.3047348491011375,0.33110125213861646
1628398,Kyle Kuzma,WAS,2022-23,Scorer,Very Good,64,2238.8516666666665,1357,463,239,36,29,190,0.448,0.333,0.73,0.544,0.518,0.273,0.109,112.9,112.6,0.3,1.26,0.025,0.172,0.164,0.102,12.800000000000011,1.1710235776250153,0.4945903302343276,0.7277941061258711,-0.4859283916134895
202681,Kyrie Irving,DAL,2022-23,Scorer,Elite,60,2240.5733333333333,1623,304,331,66,45,128,0.494,0.379,0.905,0.613,0.572,0.286,0.146,117.9,113.2,4.7,2.59,0.029,0.107,0.233,0.07,12.200000000000003,1.8525254582728314,1.220740011998737,-0.10176202642667728,-0.048460884444673
1628374,Lauri Markkanen,UTA,2022-23,Scorer,Elite,66,2272.4866666666667,1691,570,123,42,38,127,0.499,0.391,0.875,0.64,0.586,0.259,0.154,117.4,113.6,3.8,0.97,0.055,0.183,0.086,0.12,11.800000000000011,1.8582840473612088,-0.3704308232804554,1.241019392062301,-0.3914577130054677
2544,LeBron James,LAL,2022-23,Scorer,Elite,55,1953.94,1590,457,375,50,32,178,0.5,0.321,0.768,0.583,0.549,0.322,0.172,115.6,111.0,4.6,2.11,0.033,0.191,0.308,0.114,14.400000000000006,1.9207388117654849,1.803970430300413,0.864749686280043,-0.21650943838870104
1630322,Lindy Waters III,OKC,2022-23,Scorer,Average,41,530.825,214,75,28,14,11,10,0.393,0.358,0.8,0.573,0.556,0.148,0.073,115.2,104.8,10.5,2.8,0.028,0.103,0.071,0.065,20.60000000000001,-0.40250135948251736,-0.8042662989263493,-0.7730839936094274,-0.43770626292553766
1629022,Lonnie Walker IV,LAL,2022-23,Scorer,Average,56,1297.0366666666666,654,109,64,30,17,46,0.448,0.365,0.858,0.57,0.534,0.198,0.074,108.8,116.1,-7.3,1.39,0.011,0.069,0.071,0.041,9.300000000000011,0.2636756650772937,-0.6717974113221716,-0.9886208250771349,-0.8751474999534903
1629652,Luguentz Dort,OKC,2022-23,Scorer,Average,74,2272.3566666666666,1013,344,154,75,23,92,0.388,0.33,0.772,0.513,0.466,0.194,0.062,115.0,114.1,0.9,1.67,0.053,0.092,0.09,0.072,11.300000000000011,0.1673866397556286,-0.23388977894830013,0.029852425529294235,-0.23067203361201294
1630568,Luka Garza,MIN,2022-23,Scorer,Very Good,28,243.42,181,63,18,3,2,14,0.543,0.359,0.788,0.652,0.603,0.245,0.111,121.4,119.4,2.0,1.29,0.13,0.128,0.103,0.129,6.0,0.7354728460153956,-0.6612983054323806,0.010413338886128276,-1.5005566869973597
1628379,Luke Kennard,MEM,2022-23,Scorer,Very Good,59,1315.085,546,158,91,32,5,46,0.492,0.494,0.949,0.684,0.666,0.144,0.089,116.5,109.1,7.3,1.98,0.012,0.104,0.091,0.059,16.30000000000001,0.4422846760722663,-0.4600926789206938,-0.6292914969932911,-0.5645516167672189
1631103,Malaki Branham,SAS,2022-23,Scorer,Average,66,1549.5966666666666,673,181,127,33,7,76,0.44,0.302,0.829,0.524,0.503,0.188,0.065,108.3,119.4,-11.1,1.67,0.017,0.098,0.112,0.057,6.0,-0.05883399118210236,-0.2096530712832543,-0.5937430981783502,-1.139128478832639
1627763,Malcolm Brogdon,BOS,2022-23,Scorer,Very Good,67,1743.815,1000,280,248,45,18,98,0.484,0.444,0.87,0.615,0.574,0.223,0.133,114.4,109.3,5.1,2.53,0.024,0.132,0.223,0.079,16.10000000000001,0.95349437617186,0.8591490988954884,-0.050786223692521365,-0.31007780153912146
1627736,Malik Beasley,LAL,2022-23,Scorer,Very Good,81,2093.085,1025,283,124,65,9,90,0.395,0.357,0.769,0.531,0.52,0.207,0.079,112.4,114.6,-2.2,1.38,0.016,0.116,0.086,0.066,10.800000000000011,0.37412234541883954,-0.36675113195811715,-0.20844159390236935,-0.505307496562899
1629603,Mamadi Diakite,CLE,2022-23,Scorer,Average,22,175.87833333333333,57,30,8,4,9,12,0.48,0.333,1.0,0.56,0.55,0.164,0.057,104.6,103.9,0.7,0.67,0.051,0.133,0.07,0.093,21.5,-0.47292199936440255,-0.8834777787080317,-0.5357757093433166,-0.5086756127702502
1630699,MarJon Beauchamp,MIL,2022-23,Scorer,Average,52,701.3816666666667,266,115,35,21,7,45,0.395,0.331,0.73,0.513,0.492,0.175,0.051,105.8,112.9,-7.2,0.78,0.05,0.103,0.072,0.076,12.5,-0.5104007714511385,-0.7728908063350641,-0.5268126529113331,-0.8815594462706154
202694,Marcus Morris Sr.,LAC,2022-23,Scorer,Average,65,1825.1133333333328,728,258,114,42,21,56,0.426,0.365,0.782,0.534,0.513,0.176,0.072,113.7,113.9,-0.3,2.04,0.017,0.127,0.09,0.073,11.5,-0.04984122268459213,-0.38107743184183085,-0.1855984783612393,-0.5810810035725521
1630346,Matt Ryan,MIN,2022-23,Scorer,Average,34,310.1816666666667,122,26,16,5,1,7,0.37,0.381,0.833,0.538,0.519,0.157,0.047,112.3,110.1,2.2,2.29,0.013,0.067,0.068,0.041,15.300000000000011,-0.6030764897105235,-0.8652755547991601,-1.2088512475213529,-0.9435329471634337
1629622,Max Strus,MIA,2022-23,Scorer,Average,80,2271.978333333333,923,258,171,42,12,69,0.41,0.35,0.876,0.557,0.535,0.17,0.073,109.3,113.1,-3.8,2.48,0.021,0.097,0.115,0.058,12.300000000000011,0.17836325927124844,-0.030893693095618846,-0.3766932929314436,-0.625134439560602
1629008,Michael Porter Jr.,DEN,2022-23,Scorer,Very Good,62,1797.8933333333334,1080,341,65,37,29,68,0.487,0.414,0.8,0.621,0.602,0.22,0.103,122.6,112.2,10.4,0.96,0.038,0.151,0.048,0.097,13.200000000000003,1.0235300617307665,-0.7973237467029295,0.3403836473953059,-0.452065158655377
1628969,Mikal Bridges,BKN,2022-23,Scorer,Very Good,83,2963.1766666666667,1671,364,273,91,61,127,0.468,0.382,0.895,0.587,0.535,0.223,0.112,114.0,113.2,0.8,2.15,0.026,0.094,0.141,0.06,12.200000000000003,1.2772942956744606,0.49049380849073226,-0.06995585445356373,0.37245261306228583
1626149,Montrezl Harrell,PHI,2022-23,Scorer,Average,57,681.075,320,159,33,17,25,35,0.598,0.0,0.693,0.631,0.598,0.178,0.103,111.9,109.6,2.2,0.94,0.1,0.133,0.073,0.117,15.800000000000011,0.22517198895778354,-0.7746325356448234,0.11226183126183137,-0.5470001183051987
1629021,Moritz Wagner,ORL,2022-23,Scorer,Very Good,57,1109.4666666666667,600,259,84,37,13,68,0.5,0.313,0.841,0.63,0.564,0.201,0.115,109.4,110.6,-1.1,1.24,0.06,0.172,0.115,0.115,14.800000000000011,0.589747241112656,-0.3510268381390481,0.3521203810189985,-0.5199371026253328
1630541,Moses Moody,GSW,2022-23,Scorer,Average,63,817.1466666666666,302,105,51,18,7,34,0.476,0.363,0.698,0.603,0.584,0.141,0.07,110.7,111.3,-0.6,1.5,0.034,0.091,0.085,0.063,14.100000000000009,-0.21875754186552987,-0.6409862518237278,-0.7189619447088296,-0.8186360550063466
1626167,Myles Turner,IND,2022-23,Scorer,Very Good,62,1825.21,1113,466,89,36,140,103,0.548,0.373,0.783,0.651,0.612,0.225,0.125,115.1,116.3,-1.2,0.86,0.049,0.205,0.074,0.128,9.100000000000009,1.2554564728759887,-0.5629521682589632,1.066985253798555,0.41971781504440114
1629642,Nassir Little,POR,2022-23,Scorer,Average,54,976.0566666666666,359,141,50,20,20,36,0.442,0.367,0.717,0.555,0.538,0.158,0.068,111.1,119.9,-8.8,1.39,0.028,0.122,0.075,0.075,5.5,-0.3276455953881116,-0.7008424764952385,-0.4705644640407161,-1.1716765025155025
1630233,Nathan Knight,MIN,2022-23,Scorer,Average,38,290.74833333333333,139,56,13,10,6,21,0.568,0.364,0.684,0.655,0.617,0.177,0.076,109.6,111.9,-2.3,0.62,0.072,0.118,0.065,0.094,13.5,0.2245444191164571,-0.8931675887709266,-0.45404821186333905,-0.9468972275456168
1629675,Naz Reid,MIN,2022-23,Scorer,Very Good,68,1250.9083333333333,781,333,77,42,53,92,0.537,0.346,0.677,0.617,0.602,0.242,0.122,109.2,113.3,-4.2,0.84,0.058,0.205,0.098,0.132,12.100000000000009,0.946086991755838,-0.47228478408900887,0.7650445193897941,-0.22206935044452925
1626181,Norman Powell,LAC,2022-23,Scorer,Very Good,60,1567.135,1019,175,109,50,18,101,0.479,0.397,0.812,0.612,0.559,0.251,0.11,109.2,113.0,-3.8,1.08,0.015,0.093,0.115,0.055,12.400000000000006,1.1550170950680252,-0.2590345550805914,-0.6351426782897025,-0.47566328453072143
1630167,Obi Toppin,NYK,2022-23,Scorer,Average,67,1050.5083333333334,497,187,66,23,12,38,0.446,0.344,0.809,0.565,0.548,0.187,0.095,112.8,110.4,2.4,1.74,0.026,0.139,0.091,0.083,15.0,0.04134229907886616,-0.5520849619791505,-0.2465918147546709,-0.6633627127548726
1630534,Ochai Agbaji,UTA,2022-23,Scorer,Average,59,1209.2066666666667,467,121,67,16,15,41,0.427,0.355,0.812,0.561,0.532,0.154,0.052,114.4,114.6,-0.2,1.63,0.034,0.058,0.072,0.047,10.800000000000011,-0.24473822180577706,-0.6551406840202396,-0.8803423562450698,-0.9523094965217487
1629023,P.J. Washington,CHA,2022-23,Scorer,Very Good,73,2379.563333333333,1144,358,175,66,79,110,0.444,0.348,0.73,0.542,0.52,0.2,0.083,107.5,114.8,-7.2,1.59,0.028,0.118,0.107,0.071,10.600000000000009,0.47158859206979664,-0.061116154485603646,0.05426007139592784,0.20152541158058898
1631094,Paolo Banchero,ORL,2022-23,Scorer,Very Good,72,2429.7233333333334,1437,497,269,60,39,200,0.427,0.298,0.738,0.529,0.465,0.272,0.108,111.1,115.3,-4.2,1.35,0.035,0.174,0.171,0.104,10.100000000000009,1.135631967058535,0.6443046432488962,0.8434882865798511,-0.29471866369693484
1631116,Patrick Baldwin Jr.,GSW,2022-23,Scorer,Average,31,225.845,122,40,11,6,4,11,0.394,0.381,0.667,0.546,0.541,0.227,0.092,100.8,113.2,-12.3,1.0,0.004,0.188,0.083,0.091,12.200000000000003,-0.04490245558623864,-0.799409211387093,-0.5347212321160244,-1.0849586848693626
201988,Patty Mills,BKN,2022-23,Scorer,Average,40,566.6483333333333,246,44,56,15,3,30,0.411,0.366,0.833,0.554,0.529,0.182,0.069,111.2,117.0,-5.8,1.87,0.014,0.062,0.136,0.037,8.400000000000006,-0.23916139132933525,-0.3360874751312578,-1.212049050234099,-1.2250916476157372
202331,Paul George,LAC,2022-23,Scorer,Elite,56,1938.8916666666669,1332,342,288,83,20,176,0.457,0.371,0.871,0.588,0.536,0.294,0.135,116.5,112.5,4.0,1.64,0.025,0.153,0.237,0.091,12.900000000000006,1.5582965705967489,1.0849838984778604,0.26659910015088933,-0.0841260420355312
1631212,Peyton Watson,DEN,2022-23,Scorer,Average,23,186.11166666666668,75,37,11,2,11,8,0.492,0.429,0.55,0.553,0.542,0.174,0.087,101.6,113.5,-12.0,1.38,0.043,0.139,0.087,0.093,11.900000000000006,-0.42675925136833287,-0.7769385980474242,-0.5172020592576596,-1.0732082911159535
1629656,Quentin Grimes,NYK,2022-23,Scorer,Average,71,2120.9066666666668,799,229,150,47,26,69,0.468,0.386,0.796,0.619,0.599,0.142,0.07,118.6,114.2,4.4,2.17,0.022,0.085,0.096,0.053,11.200000000000003,0.23845453849785203,-0.21490262422814982,-0.5173395433811382,-0.4963132713804803
1630181,R.J. Hampton,DET,2022-23,Scorer,Average,47,749.635,302,87,54,27,9,42,0.43,0.353,0.75,0.558,0.517,0.175,0.074,107.1,115.8,-8.7,1.29,0.024,0.093,0.11,0.058,9.600000000000009,-0.2271502807938738,-0.4895058444837823,-0.8304210307382061,-0.9695448982781558
1629628,RJ Barrett,NYK,2022-23,Scorer,Very Good,73,2475.465,1431,368,201,31,15,164,0.434,0.31,0.74,0.531,0.485,0.256,0.087,115.3,116.5,-1.2,1.23,0.023,0.121,0.124,0.071,8.900000000000006,1.0256124328440337,0.13005592658878423,0.08079385723258062,-0.9085229350411247
1626158,Richaun Holmes,SAC,2022-23,Scorer,Average,42,347.575,130,80,9,3,11,14,0.618,0.625,0.789,0.668,0.646,0.132,0.078,104.2,113.5,-9.3,0.64,0.082,0.149,0.04,0.115,11.900000000000006,-0.03703964353065695,-1.0483276874332104,-0.12283438545708614,-1.0628469281776416
201577,Robin Lopez,CLE,2022-23,Scorer,Average,37,298.49833333333333,112,51,19,2,8,25,0.64,0.5,0.778,0.675,0.653,0.156,0.07,102.3,111.0,-8.7,0.76,0.075,0.097,0.105,0.086,14.400000000000006,0.1656939986607794,-0.6463833074402079,-0.5692323392191079,-0.9566739955014145
203585,Rodney McGruder,DET,2022-23,Scorer,Average,32,523.9016666666666,183,74,28,16,1,11,0.408,0.423,0.818,0.566,0.543,0.135,0.067,111.5,114.9,-3.5,2.55,0.035,0.109,0.071,0.07,10.5,-0.560045996619822,-0.8042662989263493,-0.7120391006696911,-1.1115803950796155
1629641,Romeo Langford,SAS,2022-23,Scorer,Average,43,844.3016666666666,297,114,50,24,13,30,0.467,0.262,0.696,0.524,0.498,0.148,0.059,107.0,115.5,-8.5,1.67,0.06,0.067,0.08,0.063,9.900000000000006,-0.6228052720770725,-0.6727542098206523,-0.6950815374558421,-0.9425327285659509
1629060,Rui Hachimura,LAL,2022-23,Scorer,Average,63,1466.03,707,283,58,19,26,53,0.486,0.319,0.739,0.556,0.53,0.194,0.098,108.5,109.7,-1.2,1.09,0.036,0.141,0.06,0.091,15.700000000000003,0.19256912336431295,-0.7556697459402907,0.11004976371463797,-0.522035395930453
1630180,Saddiq Bey,ATL,2022-23,Scorer,Very Good,77,2128.695,1062,362,118,70,13,71,0.422,0.361,0.861,0.564,0.513,0.194,0.094,113.9,117.0,-3.1,1.66,0.044,0.127,0.08,0.084,8.400000000000006,0.4943172837405167,-0.42253519990165006,0.2304890916914329,-0.5540420459778556
1630573,Sam Hauser,BOS,2022-23,Scorer,Average,80,1289.8983333333333,512,204,71,29,21,30,0.455,0.418,0.706,0.634,0.631,0.141,0.084,114.1,106.4,7.7,2.37,0.027,0.121,0.076,0.076,19.0,0.1099273560725258,-0.6179513053912176,-0.29066195896512337,-0.27511865889933795
203552,Seth Curry,BKN,2022-23,Scorer,Average,61,1210.715,561,100,99,36,7,51,0.463,0.405,0.927,0.593,0.568,0.188,0.079,110.4,113.9,-3.5,1.94,0.011,0.071,0.121,0.042,11.5,0.2549073264444697,-0.26212554829447077,-0.9997615780254422,-0.784893677245439
1631101,Shaedon Sharpe,POR,2022-23,Scorer,Average,80,1778.6033333333332,789,236,94,38,24,83,0.472,0.36,0.714,0.568,0.551,0.186,0.071,110.8,118.4,-7.6,1.13,0.037,0.102,0.079,0.069,7.0,0.2617499136803855,-0.5164654449726858,-0.29493142442059644,-0.8565701010393437
1628983,Shai Gilgeous-Alexander,OKC,2022-23,Scorer,Elite,68,2415.985,2135,329,371,112,65,192,0.51,0.345,0.905,0.626,0.531,0.318,0.175,116.1,113.3,2.7,1.93,0.023,0.109,0.249,0.065,12.100000000000009,2.5303371079985704,1.4578101182509433,-0.09912583335844688,0.6246356232741767
1631323,Simone Fontecchio,UTA,2022-23,Scorer,Average,52,765.8116666666666,328,86,42,15,8,39,0.369,0.33,0.795,0.495,0.47,0.192,0.046,105.2,118.3,-13.1,1.08,0.036,0.07,0.079,0.052,7.1000000000000085,-0.4441569942379573,-0.7078093937342756,-0.9095123351499532,-1.2508854051647278
201939,Stephen Curry,GSW,2022-23,Scorer,Elite,56,1941.1516666666664,1648,341,352,52,20,179,0.493,0.427,0.915,0.656,0.614,0.297,0.166,118.1,112.4,5.8,1.97,0.02,0.147,0.274,0.085,13.0,2.196933540983905,1.5283373164994472,0.1875077957391424,-0.3994528256182513
1629004,Svi Mykhailiuk,CHA,2022-23,Scorer,Average,32,467.9016666666666,222,53,53,15,4,24,0.445,0.424,0.667,0.584,0.566,0.191,0.092,109.6,108.5,1.0,2.21,0.032,0.079,0.167,0.056,16.900000000000006,-0.01905854103399877,-0.1729792957158385,-0.9461152111921861,-0.715559445691893
203933,T.J. Warren,PHX,2022-23,Scorer,Average,42,686.7083333333334,314,121,40,22,12,20,0.489,0.328,0.8,0.55,0.53,0.185,0.09,112.8,108.4,4.4,2.0,0.038,0.131,0.081,0.086,17.0,-0.19103196259061397,-0.7039334697091177,-0.3834958383625385,-0.5562147255941793
1627752,Taurean Prince,MIN,2022-23,Scorer,Average,54,1192.5483333333334,493,132,84,28,15,69,0.467,0.381,0.844,0.597,0.565,0.165,0.065,111.9,111.0,0.9,1.22,0.013,0.096,0.094,0.055,14.400000000000006,0.0603682564189801,-0.4689975581723099,-0.7492379573873095,-0.6164563110837965
1629611,Terance Mann,LAC,2022-23,Scorer,Average,81,1872.1766666666667,713,276,184,42,22,80,0.519,0.389,0.78,0.619,0.593,0.149,0.087,113.7,113.5,0.3,2.3,0.042,0.107,0.139,0.074,11.900000000000006,0.22767910482151021,0.15176597413279216,-0.12509800955058398,-0.5474616695496781
1629056,Terence Davis,SAC,2022-23,Scorer,Average,64,840.9766666666667,431,139,67,43,12,53,0.423,0.366,0.791,0.563,0.545,0.215,0.08,115.4,111.4,4.0,1.26,0.024,0.14,0.11,0.082,14.0,0.18728489498260084,-0.4416698572933848,-0.3866936410752846,-0.5148901290381364
203082,Terrence Ross,PHX,2022-23,Scorer,Average,63,1330.5083333333334,522,154,95,35,10,43,0.43,0.368,0.794,0.544,0.532,0.166,0.069,112.1,114.7,-2.6,2.21,0.016,0.099,0.101,0.057,10.700000000000003,-0.21442736123365513,-0.3891973802821684,-0.6653843199373128,-0.8119063882141352
203501,Tim Hardaway Jr.,DAL,2022-23,Scorer,Very Good,71,2152.233333333333,1019,251,129,49,12,60,0.401,0.385,0.77,0.554,0.527,0.201,0.081,117.9,114.5,3.4,2.15,0.01,0.108,0.088,0.06,10.900000000000006,0.45737589210178614,-0.3371173686765913,-0.3697876344077401,-0.6348614440617224
202699,Tobias Harris,PHI,2022-23,Scorer,Very Good,74,2435.8783333333336,1085,424,186,68,40,89,0.501,0.389,0.876,0.602,0.575,0.18,0.105,117.2,111.7,5.5,2.09,0.03,0.15,0.114,0.092,13.700000000000003,0.6256833359668449,0.018684023404537953,0.49691579831612237,0.009806533990842045
1630530,Trey Murphy III,NOP,2022-23,Scorer,Very Good,79,2448.005,1148,281,112,89,43,61,0.484,0.406,0.905,0.65,0.61,0.159,0.094,113.3,112.8,0.5,1.84,0.025,0.092,0.063,0.058,12.600000000000009,0.7918273330367867,-0.5401134545292726,-0.31566558550714224,0.19311740515015777
1629639,Tyler Herro,MIA,2022-23,Scorer,Very Good,67,2335.391666666667,1347,360,280,51,16,158,0.439,0.378,0.934,0.566,0.531,0.25,0.119,113.9,111.3,2.7,1.77,0.012,0.154,0.19,0.081,14.100000000000009,1.1212267972848096,0.7915166611580445,0.18696337161006144,-0.38565390201440003
1630178,Tyrese Maxey,PHI,2022-23,Scorer,Very Good,60,2015.77,1218,176,212,49,8,80,0.481,0.434,0.845,0.605,0.568,0.236,0.109,118.0,112.6,5.4,2.65,0.012,0.079,0.167,0.047,12.800000000000011,1.1486957480944096,0.41209162453594606,-0.7344065341434797,-0.5636974174799573
1628427,Vlatko Čančar,DEN,2022-23,Scorer,Average,60,889.0233333333333,297,128,80,22,14,37,0.476,0.374,0.927,0.606,0.57,0.134,0.076,109.1,113.1,-3.9,2.16,0.027,0.119,0.125,0.073,12.300000000000011,-0.2564540523667049,-0.3095690700792289,-0.5305376942377253,-0.8121267703206957
1629139,Yuta Watanabe,BKN,2022-23,Scorer,Average,58,927.7866666666666,322,141,48,25,17,22,0.491,0.444,0.723,0.637,0.621,0.127,0.076,112.3,112.9,-0.6,2.18,0.034,0.117,0.071,0.077,12.5,-0.11242508124461696,-0.7306724724795839,-0.4450851554313555,-0.7389393544866425
203897,Zach LaVine,CHI,2022-23,Scorer,Elite,77,2767.95,1913,345,327,69,18,194,0.485,0.375,0.848,0.607,0.558,0.278,0.126,112.0,111.7,0.3,1.69,0.016,0.108,0.187,0.064,13.700000000000003,1.9687895747374007,0.9476091933031914,-0.06941143032448277,-0.20241631113844152
1630192,Zeke Nnaji,DEN,2022-23,Scorer,Average,53,727.7983333333333,277,138,18,17,23,31,0.561,0.262,0.645,0.62,0.605,0.149,0.072,101.5,107.4,-5.9,0.58,0.087,0.099,0.04,0.093,18.0,-0.0810242931997051,-1.0152104655321659,-0.24921082230746663,-0.43797476120243867
1630533,Ziaire Williams,MEM,2022-23,Scorer,Average,37,560.755,210,79,35,14,6,37,0.429,0.258,0.773,0.511,0.492,0.178,0.052,106.9,112.2,-5.2,0.95,0.028,0.105,0.086,0.067,13.200000000000003,-0.5402587378388047,-0.6942436596462229,-0.7369911706654055,-0.9230781783072196
1629627,Zion Williamson,NOP,2022-23,Scorer,Elite,29,956.0983333333334,754,202,133,32,16,99,0.608,0.368,0.714,0.652,0.615,0.288,0.171,116.2,108.4,7.8,1.34,0.06,0.148,0.231,0.104,17.0,1.4634719126494506,0.4809258235059255,0.0607416043985943,-0.41213124019876984
1630639,A.J. Lawson,DAL,2023-24,Scorer,Average,42,310.9,136,50,20,10,3,14,0.446,0.26,0.652,0.519,0.5,0.18,0.076,106.6,105.3,1.2,1.43,0.039,0.105,0.089,0.072,20.10000000000001,-0.5332425050357718,-0.7325860694765453,-0.7502408780682973,-0.5894687642281169
1631260,AJ Green,MIL,2023-24,Scorer,Average,56,614.2816666666666,252,64,30,9,4,12,0.423,0.408,0.895,0.617,0.599,0.15,0.068,114.0,110.5,3.5,2.5,0.015,0.089,0.068,0.053,14.900000000000006,-0.10888514303573849,-0.8137598762864243,-0.9551470096859089,-0.8952369734207698
1630174,Aaron Nesmith,IND,2023-24,Scorer,Very Good,72,1994.655,877,275,108,65,49,64,0.496,0.419,0.781,0.631,0.606,0.158,0.071,119.3,115.0,4.3,1.69,0.032,0.103,0.067,0.069,10.400000000000006,0.48044230263122367,-0.5323616064789567,-0.19144965965765065,-0.12411080645979926
1630598,Aaron Wiggins,OKC,2023-24,Scorer,Very Good,78,1227.9383333333333,542,186,86,56,19,56,0.562,0.492,0.789,0.664,0.645,0.163,0.096,115.6,110.0,5.7,1.54,0.052,0.095,0.096,0.075,15.400000000000006,0.4641385155163833,-0.4504028688577989,-0.35116242777577866,-0.22711361774926964
202692,Alec Burks,NYK,2023-24,Scorer,Average,66,1211.545,689,150,88,28,12,48,0.369,0.376,0.868,0.536,0.478,0.234,0.087,107.8,118.5,-10.7,1.83,0.019,0.103,0.115,0.06,6.900000000000006,0.3580570011156535,-0.33630807284969505,-0.6377788713579331,-1.0874687659642832
203952,Andrew Wiggins,GSW,2023-24,Scorer,Very Good,71,1920.4483333333333,939,321,119,42,41,87,0.453,0.358,0.751,0.544,0.511,0.206,0.078,114.9,116.3,-1.3,1.37,0.055,0.105,0.087,0.08,9.100000000000009,0.3791110258612583,-0.3795319352348912,0.0707419525424353,-0.5197429436299071
1630162,Anthony Edwards,MIN,2023-24,Scorer,Elite,79,2770.383333333333,2049,430,405,101,42,241,0.461,0.357,0.836,0.575,0.522,0.314,0.145,115.8,108.5,7.3,1.68,0.02,0.131,0.241,0.078,16.900000000000006,2.147442025283208,1.5379783965311065,0.3344809095525899,0.5599813991196894
1631097,Bennedict Mathurin,IND,2023-24,Scorer,Very Good,59,1538.39,856,234,119,35,14,97,0.446,0.374,0.821,0.562,0.507,0.226,0.087,115.0,117.9,-2.9,1.23,0.038,0.113,0.105,0.075,7.5,0.568580957462774,-0.27841417520638106,-0.22380025575984536,-0.9594514923602535
203992,Bogdan Bogdanović,ATL,2023-24,Scorer,Very Good,79,2401.4083333333333,1333,272,247,96,26,112,0.428,0.374,0.921,0.569,0.537,0.218,0.092,116.3,114.4,1.9,2.21,0.021,0.092,0.147,0.055,11.0,0.8940278947898207,0.4285277541194407,-0.3777649556741707,-0.000357422413096072
202711,Bojan Bogdanovic,NYK,2023-24,Scorer,Very Good,57,1478.003333333333,868,152,97,30,5,101,0.454,0.398,0.785,0.581,0.551,0.242,0.083,109.9,121.3,-11.4,0.96,0.015,0.092,0.102,0.052,4.1000000000000085,0.8029956455215741,-0.37622034430257467,-0.7343893486280448,-1.302081378247774
1629626,Bol Bol,PHX,2023-24,Scorer,Very Good,43,469.0283333333333,223,137,17,10,25,19,0.616,0.423,0.789,0.7,0.689,0.156,0.133,108.9,108.8,0.1,0.89,0.069,0.202,0.054,0.139,16.60000000000001,0.3886799351444996,-0.9402430101656631,0.33415989712416183,-0.5725259188337803
203078,Bradley Beal,PHX,2023-24,Scorer,Very Good,53,1766.7333333333331,964,232,265,52,27,131,0.513,0.43,0.813,0.607,0.582,0.224,0.106,116.2,113.2,3.0,2.02,0.033,0.099,0.215,0.068,12.200000000000003,0.889113207074189,0.8767626246959012,-0.31828459305993784,-0.3756343176363455
1630527,Brandon Boston,LAC,2023-24,Scorer,Average,32,345.1716666666667,167,52,13,11,8,24,0.404,0.269,0.697,0.476,0.447,0.24,0.046,102.4,118.0,-15.7,0.54,0.05,0.093,0.06,0.071,7.400000000000006,-0.3175120210032844,-0.9212558554455128,-0.757673775205647,-1.274704454403125
1641706,Brandon Miller,CHA,2023-24,Scorer,Very Good,74,2382.963333333333,1279,315,175,66,42,132,0.44,0.373,0.827,0.552,0.524,0.235,0.083,108.9,119.1,-10.2,1.33,0.025,0.112,0.114,0.067,6.300000000000011,0.8823359321276875,-0.021792581141183015,-0.11079382492040016,-0.42546585924595526
1641729,Brice Sensabaugh,UTA,2023-24,Scorer,Average,32,584.3633333333333,241,102,55,13,6,47,0.39,0.296,0.902,0.511,0.468,0.201,0.065,109.3,123.5,-14.2,1.17,0.027,0.151,0.134,0.088,1.9000000000000057,-0.34953203347613687,-0.3510024731234305,-0.4084307228428182,-1.5973673693049104
1631121,Bryce McGowens,CHA,2023-24,Scorer,Average,59,881.595,302,102,51,21,10,30,0.439,0.333,0.776,0.565,0.513,0.147,0.06,103.3,116.3,-13.0,1.7,0.019,0.098,0.086,0.058,9.100000000000009,-0.39210102517732875,-0.6353685984888107,-0.7906203519832269,-1.0509729494297062
1627741,Buddy Hield,PHI,2023-24,Scorer,Very Good,84,2159.8883333333333,1013,269,236,70,42,103,0.436,0.386,0.881,0.578,0.565,0.186,0.083,116.9,115.7,1.1,2.29,0.027,0.098,0.143,0.062,9.700000000000003,0.48046263640826065,0.36558053623405085,-0.2965475112924044,-0.18425451232439935
203468,CJ McCollum,NOP,2023-24,Scorer,Very Good,66,2158.536666666667,1322,286,305,62,41,110,0.459,0.429,0.827,0.592,0.572,0.244,0.118,115.9,112.2,3.7,2.77,0.018,0.116,0.209,0.067,13.200000000000003,1.2079311228730667,0.9902443575799285,-0.1877418038466932,-0.0716215171607083
1631216,Caleb Houstan,ORL,2023-24,Scorer,Average,59,815.335,253,84,29,15,4,16,0.388,0.373,0.808,0.582,0.563,0.122,0.051,109.4,111.2,-1.8,1.81,0.034,0.067,0.051,0.05,14.200000000000003,-0.5132512589956145,-0.9129396743023556,-0.9402984009266442,-0.8741970683255501
1630560,Cam Thomas,BKN,2023-24,Scorer,Elite,66,2074.85,1482,214,192,45,16,124,0.442,0.364,0.856,0.554,0.503,0.296,0.105,111.5,116.7,-5.2,1.55,0.013,0.089,0.151,0.05,8.700000000000003,1.486713643593786,0.24861534473050498,-0.5953591850501582,-0.7650973249115859
1641715,Cam Whitmore,HOU,2023-24,Scorer,Very Good,47,880.3333333333334,579,180,33,30,17,46,0.454,0.359,0.679,0.561,0.539,0.255,0.11,110.6,111.6,-1.0,0.72,0.044,0.148,0.058,0.094,13.800000000000011,0.5753991470434684,-0.8588973356685818,-0.1250292674888447,-0.6107514622307287
1629661,Cameron Johnson,BKN,2023-24,Scorer,Average,58,1599.0383333333334,776,251,138,49,15,57,0.446,0.391,0.789,0.582,0.557,0.19,0.097,111.5,114.9,-3.4,2.42,0.032,0.124,0.129,0.076,10.5,0.36170241266160447,-0.07367636004394047,-0.16595316553285533,-0.6280109220723062
1626224,Cedi Osman,SAS,2023-24,Scorer,Average,72,1268.7516666666668,489,180,119,36,11,47,0.479,0.389,0.673,0.601,0.591,0.146,0.077,106.0,119.2,-13.2,2.53,0.018,0.122,0.131,0.068,6.200000000000003,-0.05873535371997581,-0.1323551884985331,-0.45626027941053227,-1.0558235989955123
1630557,Corey Kispert,WAS,2023-24,Scorer,Very Good,80,2067.435,1070,225,157,42,16,98,0.486,0.383,0.726,0.62,0.602,0.191,0.084,108.7,119.4,-10.7,1.6,0.014,0.091,0.111,0.052,6.0,0.7983070563453188,-0.10487998494802352,-0.5406927120204796,-0.9548190363601788
1627745,Damian Jones,CLE,2023-24,Scorer,Average,39,269.7316666666667,107,62,15,7,13,13,0.597,0.214,0.857,0.659,0.618,0.149,0.115,94.0,112.6,-18.7,1.15,0.075,0.167,0.097,0.12,12.800000000000011,0.019364300310689142,-0.7060432994088988,-0.10689692843965981,-0.948287340873696
201568,Danilo Gallinari,MIL,2023-24,Scorer,Average,49,629.29,280,108,55,14,6,23,0.437,0.323,0.857,0.601,0.516,0.171,0.093,109.1,117.5,-8.4,2.39,0.032,0.146,0.127,0.088,7.900000000000006,-0.026443428838056688,-0.39032604646785113,-0.3925104513408265,-1.2344779560695829
202722,Davis Bertans,CHA,2023-24,Scorer,Average,43,674.0716666666667,290,61,35,26,12,18,0.393,0.38,0.909,0.583,0.556,0.169,0.069,107.0,114.2,-7.2,1.94,0.013,0.081,0.076,0.046,11.200000000000003,-0.13678855529601452,-0.7504201929953952,-1.0522847255696668,-0.8555463891280463
1628368,De'Aaron Fox,SAC,2023-24,Scorer,Elite,74,2658.7633333333333,1966,340,418,150,31,194,0.465,0.369,0.738,0.567,0.534,0.3,0.128,116.6,112.3,4.3,2.15,0.024,0.104,0.244,0.062,13.100000000000009,1.9393596254302816,1.6026673437262555,-0.10815763185216973,0.7331283138750667
1629631,De'Andre Hunter,ATL,2023-24,Scorer,Very Good,57,1681.0933333333332,891,222,87,40,16,83,0.459,0.385,0.847,0.595,0.547,0.204,0.079,116.7,117.9,-1.3,1.05,0.018,0.116,0.073,0.066,7.5,0.6214492593419934,-0.575929204238557,-0.37029768750595127,-0.8874097496625488
201942,DeMar DeRozan,CHI,2023-24,Scorer,Elite,79,2988.568333333333,1897,340,421,90,45,135,0.48,0.333,0.853,0.584,0.507,0.252,0.129,113.5,114.6,-1.0,3.12,0.014,0.101,0.22,0.057,10.800000000000011,1.6354153254980937,1.478882737655257,-0.1718559033755712,0.11795528100551038
1627884,Derrick Jones Jr.,DAL,2023-24,Scorer,Average,76,1782.8566666666666,657,250,75,53,51,65,0.483,0.343,0.713,0.592,0.566,0.146,0.068,114.0,112.3,1.7,1.15,0.045,0.089,0.055,0.067,13.100000000000009,0.010959840983451855,-0.7212032601351264,-0.2832634328586432,-0.06957461107974039
1630217,Desmond Bane,MEM,2023-24,Scorer,Very Good,42,1442.8483333333334,997,185,230,43,22,112,0.464,0.381,0.87,0.589,0.552,0.273,0.128,108.2,115.4,-7.2,2.05,0.023,0.104,0.272,0.062,10.0,1.168699091326727,1.0681796685043439,-0.5194313123202877,-0.6487341892054214
1630170,Devin Vassell,SAS,2023-24,Scorer,Very Good,68,2247.7433333333333,1323,261,277,73,23,108,0.472,0.372,0.801,0.578,0.55,0.229,0.112,108.5,114.6,-6.0,2.56,0.012,0.102,0.192,0.056,10.800000000000011,1.018799534003654,0.7917128938608642,-0.39421246578980845,-0.2807720970133881
1628415,Dillon Brooks,HOU,2023-24,Scorer,Average,72,2226.738333333333,915,246,119,64,10,88,0.428,0.359,0.844,0.549,0.515,0.176,0.056,113.6,113.6,0.0,1.35,0.023,0.084,0.074,0.053,11.800000000000011,0.17077667058303556,-0.45256142858881515,-0.4722321074588285,-0.4467967204486358
1628378,Donovan Mitchell,CLE,2023-24,Scorer,Elite,55,1942.65,1463,280,333,101,30,154,0.462,0.368,0.865,0.595,0.545,0.301,0.15,115.9,108.6,7.3,2.16,0.024,0.116,0.268,0.071,16.80000000000001,1.7440332085186174,1.4247172613655166,-0.1527034581299638,0.4326963635778691
1628978,Donte DiVincenzo,NYK,2023-24,Scorer,Very Good,81,2360.393333333333,1259,297,216,107,36,113,0.443,0.401,0.754,0.597,0.584,0.209,0.098,117.9,114.2,3.7,1.91,0.026,0.102,0.133,0.063,11.200000000000003,0.9348695489366201,0.23581017643811336,-0.2095132566450964,0.22654314494896113
203926,Doug McDermott,IND,2023-24,Scorer,Average,64,904.4783333333334,351,59,70,16,2,28,0.433,0.41,0.579,0.6,0.599,0.144,0.054,111.6,120.9,-9.3,2.5,0.011,0.054,0.097,0.032,4.5,-0.17861240662664687,-0.503660276680294,-1.2359466430025214,-1.4539909813735583
1629130,Duncan Robinson,MIA,2023-24,Scorer,Very Good,68,1905.4483333333333,875,173,192,46,16,95,0.45,0.395,0.889,0.612,0.589,0.184,0.082,111.5,111.0,0.5,2.02,0.008,0.084,0.151,0.046,14.400000000000006,0.5606993505916958,0.24861534473050498,-0.7551063241991558,-0.4198343141911091
1641871,Duop Reath,POR,2023-24,Scorer,Average,68,1214.115,617,250,67,33,38,52,0.461,0.359,0.742,0.571,0.549,0.202,0.088,109.6,116.8,-7.1,1.29,0.069,0.138,0.088,0.101,8.600000000000009,0.27199261906410205,-0.5652582306615639,0.1498848135004869,-0.6727249396086834
201569,Eric Gordon,PHX,2023-24,Scorer,Average,68,1892.63,749,122,139,66,30,73,0.443,0.378,0.797,0.58,0.565,0.162,0.07,115.6,112.2,3.5,1.9,0.009,0.052,0.1,0.032,13.200000000000003,0.1258228212989195,-0.23290861543420185,-1.068783792231609,-0.14146816944125828
1630647,Eugene Omoruyi,WAS,2023-24,Scorer,Average,43,393.3066666666667,207,85,35,27,5,21,0.485,0.283,0.653,0.549,0.524,0.208,0.09,100.1,114.2,-14.1,1.67,0.078,0.13,0.141,0.102,11.200000000000003,-0.10554134700594041,-0.3852727262257754,-0.2751829984996037,-0.9160072742112421
1630532,Franz Wagner,ORL,2023-24,Scorer,Very Good,72,2337.4166666666665,1421,381,269,76,28,137,0.482,0.281,0.85,0.575,0.525,0.25,0.131,112.5,108.2,4.3,1.96,0.031,0.137,0.183,0.084,17.200000000000003,1.2260496440542192,0.7117164832679028,0.2809032847810732,0.17692923213372627
1641713,GG Jackson,MEM,2023-24,Scorer,Very Good,48,1233.165,699,196,59,28,24,65,0.428,0.357,0.752,0.554,0.519,0.238,0.095,104.3,111.4,-7.1,0.91,0.04,0.114,0.082,0.076,14.0,0.4974660703364067,-0.6284016812497734,-0.3118889876344456,-0.5489010050759452
1627780,Gary Payton II,GSW,2023-24,Scorer,Average,44,679.9,240,113,48,39,18,27,0.563,0.364,0.609,0.621,0.617,0.13,0.078,114.7,108.9,5.8,1.78,0.066,0.097,0.094,0.081,16.5,-0.2410784266926802,-0.6014664457764876,-0.4684211385552621,-0.34874410914919257
1629018,Gary Trent Jr.,TOR,2023-24,Scorer,Average,71,1993.5983333333331,974,188,119,77,10,47,0.426,0.393,0.771,0.548,0.531,0.195,0.077,113.7,118.2,-4.6,2.53,0.012,0.083,0.084,0.047,7.200000000000003,0.34669608057354157,-0.3963848952396428,-0.7025659911394964,-0.5823705074782929
1627777,Georges Niang,CLE,2023-24,Scorer,Average,82,1831.125,768,278,98,30,18,72,0.449,0.376,0.85,0.583,0.567,0.173,0.069,114.4,113.9,0.6,1.36,0.012,0.138,0.075,0.076,11.5,0.2372025623167782,-0.5242172930230016,-0.09431194377389285,-0.7357697508415129
203507,Giannis Antetokounmpo,MIL,2023-24,Scorer,Elite,73,2567.2433333333333,2222,841,476,87,79,250,0.611,0.274,0.657,0.649,0.624,0.32,0.197,119.8,113.2,6.6,1.9,0.077,0.237,0.314,0.159,12.200000000000003,2.739221361844877,2.2093251738660813,2.456931506118123,0.5131215133643434
1641711,Gradey Dick,TOR,2023-24,Scorer,Average,60,1267.6683333333333,510,132,68,34,2,50,0.425,0.365,0.863,0.546,0.524,0.167,0.059,105.1,119.1,-13.9,1.36,0.02,0.085,0.078,0.051,6.300000000000011,-0.20432559394463903,-0.6177550726883979,-0.8001965746060307,-1.161728033394838
1629684,Grant Williams,CHA,2023-24,Scorer,Average,76,2129.56,784,318,174,44,39,109,0.456,0.375,0.757,0.588,0.56,0.157,0.065,110.8,116.6,-5.7,1.6,0.04,0.11,0.114,0.075,8.800000000000011,0.16020091320753102,-0.025472272463521267,-0.0009164547319620575,-0.536881548274279
1628960,Grayson Allen,PHX,2023-24,Scorer,Very Good,75,2513.3,1014,295,227,69,45,95,0.499,0.461,0.878,0.679,0.649,0.143,0.087,119.0,113.9,5.1,2.39,0.021,0.094,0.117,0.059,11.5,0.7438742130334354,0.18640432762515863,-0.2657786310311481,-0.0585050681643892
1630611,Gui Santos,GSW,2023-24,Scorer,Average,23,192.09,82,49,14,4,2,7,0.509,0.37,0.941,0.656,0.6,0.142,0.101,113.4,110.1,3.4,2.0,0.079,0.153,0.097,0.115,15.300000000000011,-0.06706040604005148,-0.709722990731237,-0.20508912155070969,-0.9437768460986731
203084,Harrison Barnes,SAC,2023-24,Scorer,Very Good,82,2380.87,1000,249,99,54,12,58,0.474,0.387,0.801,0.611,0.576,0.154,0.073,114.1,115.7,-1.7,1.71,0.027,0.079,0.056,0.052,9.700000000000003,0.42551096892221135,-0.6272730150640906,-0.47701162601251296,-0.653560239429566
1630171,Isaac Okoro,CLE,2023-24,Scorer,Average,69,1887.0566666666664,647,206,132,57,34,54,0.49,0.391,0.679,0.599,0.577,0.136,0.067,113.1,110.7,2.4,2.44,0.036,0.072,0.095,0.054,14.700000000000003,-0.02943371555897034,-0.2867547213651559,-0.5656275965007593,-0.10611856729952181
1630198,Isaiah Joe,OKC,2023-24,Scorer,Average,78,1444.8666666666666,636,180,99,46,22,47,0.458,0.416,0.865,0.626,0.609,0.157,0.09,116.6,107.5,9.1,2.11,0.022,0.098,0.093,0.061,17.900000000000006,0.2707372470128815,-0.4194198416721532,-0.5454378595432945,-0.153488167499415
1630702,Jaden Hardy,DAL,2023-24,Scorer,Average,73,989.2133333333334,530,131,109,22,4,62,0.407,0.362,0.776,0.517,0.492,0.238,0.081,108.1,114.5,-6.5,1.76,0.019,0.11,0.17,0.064,10.900000000000006,0.16404306138284777,0.04993637833985619,-0.637234447228852,-0.9955579554207249
1631170,Jaime Jaquez Jr.,MIA,2023-24,Scorer,Average,75,2113.195,889,285,195,77,20,110,0.489,0.322,0.811,0.574,0.536,0.181,0.084,113.1,110.4,2.8,1.77,0.039,0.094,0.137,0.067,15.0,0.33156761374473415,0.18100727200867867,-0.19039518243035847,-0.022909402061447832
1631222,Jake LaRavia,MEM,2023-24,Scorer,Average,35,805.55,379,128,58,29,12,45,0.389,0.34,0.826,0.54,0.477,0.201,0.083,105.2,111.9,-6.7,1.29,0.056,0.093,0.116,0.074,13.5,-0.08420493102605774,-0.44108115918492585,-0.5177980399330451,-0.6893265476992548
1630224,Jalen Green,HOU,2023-24,Scorer,Elite,82,2601.3816666666667,1610,423,291,66,28,191,0.423,0.332,0.804,0.541,0.498,0.27,0.111,113.8,113.8,0.0,1.52,0.015,0.143,0.17,0.078,11.600000000000009,1.3143602025458794,0.7196401990054209,0.315907259466933,-0.25571057752660714
1630591,Jalen Suggs,ORL,2023-24,Scorer,Very Good,75,2024.59,943,229,205,106,47,132,0.471,0.397,0.756,0.602,0.578,0.191,0.088,111.8,110.8,1.0,1.55,0.024,0.095,0.147,0.058,14.600000000000009,0.6038054903723241,0.2739807185812335,-0.45364127185773667,0.527239781212756
1631114,Jalen Williams,OKC,2023-24,Scorer,Elite,71,2223.5983333333334,1355,282,322,80,45,123,0.54,0.427,0.814,0.621,0.592,0.232,0.123,117.7,108.9,8.8,2.62,0.017,0.102,0.202,0.062,16.5,1.309691802721961,1.0134755367152586,-0.26205358970475584,0.3492432994045549
1631288,Jamal Cain,MIA,2023-24,Scorer,Average,26,259.09166666666664,97,37,10,10,5,8,0.43,0.355,0.783,0.544,0.5,0.158,0.068,105.4,108.8,-3.4,1.25,0.058,0.087,0.056,0.072,16.60000000000001,-0.5794795137233869,-0.9547655427521965,-0.7847347996559458,-0.7748751988952307
1628991,Jaren Jackson Jr.,MEM,2023-24,Scorer,Elite,66,2124.18,1486,365,154,80,106,160,0.444,0.32,0.808,0.553,0.495,0.302,0.111,106.6,113.9,-7.3,0.96,0.037,0.132,0.133,0.083,11.5,1.5278035955040654,0.007669314453140744,0.22570957313774842,0.672635228344466
1629637,Jaxson Hayes,LAL,2023-24,Scorer,Average,70,877.1333333333333,303,211,33,34,29,43,0.72,0.0,0.622,0.718,0.72,0.121,0.079,109.6,114.4,-4.7,0.77,0.083,0.149,0.051,0.118,11.0,0.2930706290754704,-0.8982209090130024,0.26297717191710596,-0.6124095325792186
1630643,Jay Huff,DEN,2023-24,Scorer,Average,20,49.325,23,11,2,2,3,1,0.6,0.333,1.0,0.724,0.7,0.14,0.117,90.4,98.2,-7.9,2.0,0.041,0.167,0.071,0.107,27.200000000000003,0.26454330463568415,-0.8999382733071442,-0.40783474216743276,-0.25520147488314454
1627759,Jaylen Brown,BOS,2023-24,Scorer,Elite,70,2342.5216666666665,1610,387,249,83,37,166,0.499,0.354,0.703,0.58,0.557,0.283,0.116,120.2,111.6,8.7,1.5,0.037,0.119,0.165,0.08,13.800000000000011,1.6325103812826818,0.5370048967926275,0.2458649390643436,0.14075005356125436
1628369,Jayson Tatum,BOS,2023-24,Scorer,Elite,74,2645.213333333333,1987,601,364,75,43,188,0.471,0.376,0.833,0.604,0.552,0.296,0.155,121.7,110.5,11.2,1.94,0.026,0.187,0.211,0.11,14.900000000000006,2.1367706642340076,1.2185814522677207,1.195877585109122,0.18319407662764645
201145,Jeff Green,HOU,2023-24,Scorer,Average,78,1307.3383333333334,509,178,70,16,31,46,0.456,0.331,0.819,0.59,0.529,0.152,0.076,109.7,112.7,-2.9,1.52,0.033,0.099,0.079,0.065,12.700000000000003,-0.0632823809281456,-0.6047780367088041,-0.4997859994919037,-0.6787961898785339
203924,Jerami Grant,POR,2023-24,Scorer,Very Good,54,1830.1866666666667,1132,191,152,45,34,116,0.451,0.402,0.817,0.573,0.516,0.255,0.1,107.8,117.5,-9.6,1.31,0.019,0.087,0.138,0.052,7.900000000000006,1.042804940707746,0.028398198483050374,-0.630907583865099,-0.6299867128958823
202710,Jimmy Butler III,MIA,2023-24,Scorer,Elite,60,2042.0583333333332,1246,318,298,79,17,102,0.499,0.414,0.858,0.626,0.537,0.235,0.145,116.0,110.5,5.5,2.92,0.054,0.106,0.228,0.08,14.900000000000006,1.2816356963719011,1.071221931686988,0.06278181679143947,-0.03841453569899148
203954,Joel Embiid,PHI,2023-24,Scorer,Elite,39,1309.371666666667,1353,430,219,46,66,150,0.529,0.388,0.883,0.644,0.561,0.387,0.225,119.8,109.5,10.3,1.46,0.074,0.239,0.315,0.16,15.900000000000006,2.574427557490217,1.2692621573600638,1.3791325625363742,0.17417089853677092
1630548,Johnny Juzang,UTA,2023-24,Scorer,Average,20,371.8033333333333,144,36,23,4,2,13,0.464,0.416,0.714,0.62,0.609,0.147,0.064,114.3,116.1,-1.8,1.77,0.018,0.073,0.086,0.046,9.300000000000011,-0.19157806524527188,-0.7383999555142822,-1.1186191901612987,-1.2963048963956885
1630228,Jonathan Kuminga,GSW,2023-24,Scorer,Very Good,74,1949.513333333333,1188,355,163,55,36,122,0.529,0.321,0.746,0.598,0.56,0.237,0.109,115.1,112.2,2.9,1.34,0.047,0.126,0.123,0.087,13.200000000000003,1.0943590087895485,-0.015389996994987193,0.2501344045198167,-0.19473837774425448
1641722,Jordan Hawkins,NOP,2023-24,Scorer,Average,67,1160.58,524,148,70,19,7,40,0.382,0.366,0.838,0.533,0.501,0.188,0.067,113.4,114.3,-0.9,1.75,0.024,0.1,0.084,0.061,11.100000000000009,-0.11482735618311724,-0.576689770034218,-0.6303459742205832,-0.9845387172165424
1629670,Jordan Nwora,TOR,2023-24,Scorer,Average,52,711.3933333333333,364,149,62,26,13,53,0.462,0.336,0.83,0.565,0.535,0.213,0.103,103.1,116.8,-13.7,1.17,0.038,0.166,0.134,0.102,8.600000000000009,0.13576202483477498,-0.32524463386706265,-0.10536676914502599,-0.9981910802536801
1631169,Josh Minott,MIN,2023-24,Scorer,Average,32,91.42833333333331,50,17,8,5,5,2,0.472,0.4,0.857,0.593,0.528,0.173,0.124,105.5,99.5,6.0,4.0,0.039,0.141,0.119,0.088,25.900000000000006,-0.22340700862234186,-0.6082127652970876,-0.6339679024543666,-0.28026353562641676
1630577,Julian Champagnie,SAS,2023-24,Scorer,Average,74,1467.875,504,206,103,48,42,57,0.408,0.365,0.815,0.57,0.534,0.14,0.068,109.1,113.5,-4.5,1.81,0.028,0.111,0.093,0.069,11.900000000000006,-0.2690846344102255,-0.4047010763828001,-0.3745327819305548,-0.28294421185835605
203944,Julius Randle,NYK,2023-24,Scorer,Very Good,46,1630.095,1102,423,229,25,12,159,0.472,0.311,0.781,0.569,0.518,0.287,0.134,119.7,113.8,6.0,1.44,0.059,0.198,0.217,0.128,11.600000000000009,1.232555754005099,0.755529043761558,0.9528899747009478,-0.842405882046557
1626157,Karl-Anthony Towns,MIN,2023-24,Scorer,Elite,62,2025.565,1349,515,189,43,41,177,0.504,0.416,0.873,0.625,0.575,0.268,0.14,116.3,109.1,7.2,1.07,0.05,0.204,0.147,0.131,16.30000000000001,1.5917724082582065,0.2151056574238212,1.2352197673121943,-0.08634792033517665
202695,Kawhi Leonard,LAC,2023-24,Scorer,Elite,68,2330.04,1613,416,244,111,59,119,0.525,0.417,0.885,0.626,0.585,0.261,0.154,119.3,111.1,8.2,2.05,0.039,0.138,0.165,0.091,14.300000000000011,1.7366298879807802,0.5186064401809362,0.46294911534211985,0.6828297614263352
1631099,Keegan Murray,SAC,2023-24,Scorer,Very Good,77,2588.5666666666666,1172,420,129,79,59,64,0.454,0.358,0.831,0.569,0.548,0.178,0.082,116.2,113.4,2.7,2.02,0.039,0.126,0.068,0.081,12.0,0.48510363421162744,-0.44947043537493586,0.34616608662997805,0.21613039478649676
1629640,Keldon Johnson,SAS,2023-24,Scorer,Very Good,69,2038.361666666667,1084,377,195,51,20,100,0.454,0.346,0.792,0.565,0.527,0.212,0.098,108.5,116.1,-7.7,1.95,0.043,0.135,0.142,0.088,9.300000000000011,0.6476687735987131,0.20909553868326466,0.3212483876651331,-0.6272064862397221
1626162,Kelly Oubre Jr.,PHI,2023-24,Scorer,Very Good,68,2055.32,1049,341,101,77,47,87,0.441,0.311,0.75,0.535,0.498,0.22,0.081,114.1,114.0,0.1,1.16,0.043,0.121,0.072,0.081,11.400000000000006,0.5094663314264795,-0.5300311790607385,0.13654917852042117,0.03874529584330144
201142,Kevin Durant,PHX,2023-24,Scorer,Elite,75,2790.6366666666668,2032,495,378,69,91,244,0.523,0.413,0.856,0.626,0.581,0.283,0.148,118.1,113.3,4.8,1.55,0.016,0.155,0.213,0.089,12.100000000000009,2.199841895781014,1.281332437450291,0.6470867148423162,0.44215108100664907
1628995,Kevin Knox II,POR,2023-24,Scorer,Average,31,560.2333333333333,223,75,23,13,7,22,0.462,0.33,0.909,0.57,0.546,0.157,0.062,109.4,117.2,-7.8,1.05,0.03,0.108,0.057,0.066,8.200000000000003,-0.34727928912584155,-0.9013119022268818,-0.7603443393047471,-1.2170954524899718
202691,Klay Thompson,GSW,2023-24,Scorer,Very Good,77,2284.168333333333,1375,254,176,50,35,117,0.432,0.387,0.927,0.576,0.551,0.234,0.09,115.8,116.1,-0.3,1.5,0.015,0.093,0.11,0.054,9.300000000000011,1.081466616368906,-0.04058350315851367,-0.43826542448482597,-0.48580588913194617
204001,Kristaps Porziņģis,BOS,2023-24,Scorer,Elite,57,1689.9483333333333,1145,409,115,42,111,89,0.516,0.375,0.858,0.647,0.589,0.247,0.138,120.8,109.6,11.2,1.29,0.059,0.163,0.098,0.115,15.800000000000011,1.416713699295726,-0.33245651384015473,0.75012716856879,0.582135859416837
1628398,Kyle Kuzma,WAS,2023-24,Scorer,Elite,70,2281.141666666667,1553,464,296,37,49,192,0.463,0.336,0.775,0.547,0.521,0.295,0.114,109.7,120.8,-11.0,1.54,0.026,0.17,0.201,0.098,4.6000000000000085,1.4905719822625478,0.9121859089995463,0.6794888674908153,-0.7550060840196483
202681,Kyrie Irving,DAL,2023-24,Scorer,Elite,58,2029.6083333333331,1487,290,299,74,28,106,0.497,0.411,0.905,0.608,0.573,0.274,0.144,119.6,112.6,6.9,2.82,0.021,0.116,0.225,0.069,12.800000000000011,1.6380157377758906,1.0580486630045747,-0.15164898090267148,-0.10231406396070841
1629013,Landry Shamet,WAS,2023-24,Scorer,Average,46,726.4966666666667,327,62,54,25,10,30,0.431,0.338,0.826,0.556,0.527,0.181,0.058,109.3,119.2,-9.9,1.8,0.021,0.065,0.104,0.042,6.200000000000003,-0.17663373752034364,-0.5232117644932857,-1.1005899642047228,-1.179916055320016
1628374,Lauri Markkanen,UTA,2023-24,Scorer,Elite,55,1819.746666666667,1278,449,110,50,26,77,0.48,0.399,0.899,0.631,0.578,0.241,0.136,117.6,116.9,0.6,1.43,0.065,0.176,0.09,0.121,8.5,1.377223035585394,-0.3957961971311839,0.9327002377434828,-0.6238668051992017
1630322,Lindy Waters III,OKC,2023-24,Scorer,Average,38,280.2083333333333,137,40,24,5,7,7,0.471,0.435,1.0,0.653,0.649,0.167,0.1,103.7,111.4,-7.7,3.43,0.024,0.113,0.132,0.069,14.0,0.13846222820451234,-0.4763082107857513,-0.8149936268189908,-0.9592092407093524
1629022,Lonnie Walker IV,BKN,2023-24,Scorer,Average,58,1011.14,565,127,74,32,20,51,0.423,0.384,0.763,0.545,0.528,0.235,0.09,111.3,111.8,-0.6,1.45,0.013,0.11,0.113,0.061,13.600000000000009,0.32741284147162536,-0.39905905803226527,-0.6860669244775541,-0.571427279354788
1629652,Luguentz Dort,OKC,2023-24,Scorer,Average,79,2245.971666666667,860,284,113,71,47,74,0.438,0.394,0.826,0.593,0.557,0.152,0.06,119.9,112.1,7.8,1.53,0.035,0.089,0.061,0.063,13.300000000000011,0.20699350270836261,-0.5476690698767688,-0.24400717823274498,0.08821100080748501
1630568,Luka Garza,MIN,2023-24,Scorer,Very Good,25,121.84,99,31,4,4,1,6,0.48,0.281,0.72,0.576,0.54,0.278,0.098,107.9,108.5,-0.6,0.67,0.129,0.105,0.05,0.119,16.900000000000006,0.4833817903430173,-1.0105496106957295,-0.20189131883796368,-0.8598868300225418
1627736,Malik Beasley,MIL,2023-24,Scorer,Average,79,2337.3716666666664,889,290,108,59,9,54,0.443,0.413,0.714,0.603,0.598,0.142,0.065,118.3,112.6,5.8,2.0,0.017,0.098,0.059,0.059,12.800000000000011,0.21187736311019525,-0.5773028331582946,-0.2790455239494745,-0.4499663240937654
1630699,MarJon Beauchamp,MIL,2023-24,Scorer,Average,48,607.6883333333334,211,99,31,13,7,27,0.488,0.4,0.679,0.592,0.578,0.141,0.064,113.5,114.5,-1.0,1.15,0.037,0.123,0.067,0.081,10.900000000000006,-0.3472749928790894,-0.8156978382990032,-0.505568438726576,-1.0584578298563148
202694,Marcus Morris Sr.,CLE,2023-24,Scorer,Average,49,816.9766666666667,316,134,36,15,13,30,0.439,0.403,0.818,0.558,0.53,0.162,0.072,110.7,114.6,-3.9,1.2,0.026,0.139,0.066,0.08,10.800000000000011,-0.31222046258638997,-0.8029170350222292,-0.4254398426029716,-0.9829057874662056
1630346,Matt Ryan,NOP,2023-24,Scorer,Average,28,390.385,152,40,18,6,1,19,0.434,0.451,0.929,0.638,0.615,0.144,0.062,107.9,106.5,1.4,0.95,0.014,0.079,0.064,0.047,18.900000000000006,-0.10485466833829922,-0.8803867854941525,-1.0952660215219574,-0.7216547540469129
1628969,Mikal Bridges,BKN,2023-24,Scorer,Very Good,82,2854.24,1606,372,299,81,30,164,0.436,0.372,0.814,0.56,0.521,0.238,0.105,111.0,114.3,-3.3,1.82,0.022,0.105,0.163,0.063,11.100000000000009,1.1858533686091406,0.7097541562397064,-0.010509862870200615,-0.10943254297053435
1628970,Miles Bridges,CHA,2023-24,Scorer,Very Good,69,2581.116666666667,1449,505,231,65,33,138,0.462,0.349,0.825,0.556,0.527,0.242,0.111,108.0,120.1,-12.1,1.67,0.027,0.176,0.146,0.099,5.300000000000011,1.079044769778364,0.36403503962711126,0.801017043725772,-0.5856390732614224
1630540,Miles McBride,NYK,2023-24,Scorer,Average,68,1327.74,562,100,114,50,7,30,0.452,0.41,0.86,0.59,0.572,0.164,0.08,110.6,110.6,0.0,3.8,0.022,0.053,0.131,0.037,14.800000000000011,0.06278429722433028,-0.15075364511022443,-1.0634598495488436,-0.44594416844571266
1629021,Moritz Wagner,ORL,2023-24,Scorer,Very Good,80,1414.736666666667,868,347,96,39,21,97,0.601,0.33,0.814,0.676,0.636,0.22,0.139,113.9,110.8,3.1,0.99,0.087,0.168,0.109,0.128,14.600000000000009,1.1851109793507029,-0.3405764622804923,0.7512332023423868,-0.4300255997340294
1630541,Moses Moody,GSW,2023-24,Scorer,Average,66,1155.885,533,196,57,42,24,44,0.462,0.36,0.785,0.578,0.548,0.176,0.087,113.3,110.2,3.1,1.3,0.052,0.108,0.07,0.079,15.200000000000003,0.061106328546025344,-0.7031729039134567,-0.2736700247204047,-0.3333363138801748
1626167,Myles Turner,IND,2023-24,Scorer,Elite,77,2076.4366666666665,1313,533,100,39,144,109,0.524,0.358,0.773,0.626,0.587,0.234,0.116,120.6,115.5,5.1,0.92,0.056,0.198,0.065,0.128,9.900000000000006,1.322632192731861,-0.5730344437274973,1.2447616189041284,0.5382754999112288
1629642,Nassir Little,PHX,2023-24,Scorer,Average,45,458.28333333333336,152,75,21,10,10,14,0.46,0.3,0.85,0.572,0.544,0.132,0.073,103.2,112.7,-9.5,1.5,0.03,0.12,0.068,0.077,12.700000000000003,-0.5700578424802748,-0.8468770981874687,-0.6202081419532638,-0.9534311115729285
1631466,Nate Williams,HOU,2023-24,Scorer,Average,22,129.385,63,23,7,4,1,4,0.54,0.4,0.538,0.565,0.56,0.173,0.09,111.1,104.2,6.9,1.75,0.081,0.071,0.07,0.075,21.200000000000003,-0.3741230861822496,-0.8871574700303699,-0.7836631369132189,-0.6072417273096811
1629675,Naz Reid,MIN,2023-24,Scorer,Very Good,81,1963.8283333333331,1090,423,106,63,73,111,0.477,0.414,0.736,0.595,0.576,0.223,0.115,111.1,105.5,5.7,0.95,0.038,0.17,0.085,0.106,19.900000000000006,0.9040470559739053,-0.4386032290951231,0.6726175799979812,0.6561550167075917
1641733,Nick Smith Jr.,CHA,2023-24,Scorer,Average,51,728.71,302,72,59,10,7,39,0.391,0.432,0.867,0.511,0.5,0.202,0.056,102.4,114.9,-12.4,1.51,0.023,0.078,0.134,0.049,10.5,-0.2982214665777361,-0.33628370783407746,-0.9848785982353079,-1.113043788691052
1641730,Noah Clowney,BKN,2023-24,Scorer,Average,23,369.85833333333335,133,81,18,8,16,15,0.538,0.364,0.7,0.626,0.602,0.137,0.097,104.8,111.7,-6.9,1.2,0.066,0.146,0.074,0.105,13.700000000000003,-0.23841030692197443,-0.8242102521449801,-0.24757754992022393,-0.8546943783816147
1626181,Norman Powell,LAC,2023-24,Scorer,Very Good,76,1990.378333333333,1056,195,82,43,22,66,0.486,0.435,0.831,0.626,0.594,0.193,0.087,118.0,113.0,5.1,1.24,0.008,0.085,0.059,0.048,12.400000000000006,0.8371571526455592,-0.6729748075390896,-0.671252686749159,-0.5077229690866149
1628384,OG Anunoby,NYK,2023-24,Scorer,Average,50,1702.035,733,208,107,68,36,81,0.489,0.382,0.753,0.595,0.577,0.173,0.081,118.2,107.2,10.9,1.32,0.028,0.091,0.084,0.061,18.200000000000003,0.2805727841379639,-0.44054119110770207,-0.4711432592006667,0.2337327157013135
1630167,Obi Toppin,IND,2023-24,Scorer,Very Good,82,1730.6016666666667,843,320,128,47,43,69,0.573,0.403,0.77,0.677,0.661,0.16,0.101,120.2,116.6,3.6,1.86,0.049,0.137,0.091,0.093,8.800000000000011,0.7335708684003239,-0.3239440999941779,0.23370407991961384,-0.4653276034470531
1627783,Pascal Siakam,IND,2023-24,Scorer,Elite,80,2657.8883333333333,1737,565,342,63,25,141,0.536,0.346,0.732,0.601,0.569,0.25,0.132,117.6,115.3,2.2,2.43,0.052,0.159,0.189,0.105,10.100000000000009,1.6025886477402322,1.0140398698080997,1.0366576845737703,-0.4052790709250143
1630172,Patrick Williams,CHI,2023-24,Scorer,Average,43,1174.085,429,166,66,40,33,57,0.443,0.399,0.788,0.553,0.525,0.163,0.066,114.3,115.5,-1.2,1.16,0.039,0.105,0.077,0.071,9.900000000000006,-0.2519978322521526,-0.6307321086679917,-0.4551886166678054,-0.5744016414915094
202331,Paul George,LAC,2023-24,Scorer,Elite,74,2501.766666666667,1671,388,262,113,37,153,0.471,0.413,0.907,0.613,0.569,0.264,0.126,121.2,112.1,9.1,1.71,0.016,0.138,0.157,0.08,13.300000000000011,1.726090001579272,0.539899657303687,0.24851831764800886,0.42221360418586107
1629628,RJ Barrett,TOR,2023-24,Scorer,Very Good,58,1838.1333333333332,1170,315,193,31,22,126,0.495,0.36,0.715,0.58,0.547,0.257,0.109,113.6,116.9,-3.3,1.53,0.028,0.14,0.159,0.083,8.5,1.1248723176592696,0.29723626273218107,0.09304064395448457,-0.8612025570394185
1641741,Ricky Council IV,PHI,2023-24,Scorer,Average,32,288.64,173,46,16,8,1,5,0.482,0.375,0.746,0.604,0.536,0.208,0.111,112.5,109.8,2.7,3.2,0.046,0.115,0.08,0.078,15.600000000000009,0.18440408045765241,-0.7978637147801533,-0.6844164665748765,-0.8948224558336473
1629060,Rui Hachimura,LAL,2023-24,Scorer,Very Good,68,1825.493333333333,923,294,81,41,25,46,0.537,0.422,0.739,0.628,0.609,0.182,0.095,116.1,113.5,2.5,1.76,0.034,0.121,0.061,0.081,11.900000000000006,0.6721541144260955,-0.6654191921915933,0.011840385088153133,-0.5274706404787725
1630573,Sam Hauser,BOS,2023-24,Scorer,Average,79,1740.585,712,276,82,40,25,32,0.446,0.424,0.895,0.629,0.623,0.146,0.086,121.3,107.1,14.2,2.56,0.025,0.122,0.062,0.075,18.30000000000001,0.26217187172253364,-0.6561218475343378,-0.1123583552459037,-0.1618020831002677
1630241,Sam Merrill,CLE,2023-24,Scorer,Average,61,1068.9183333333333,485,120,108,19,4,19,0.402,0.404,0.929,0.598,0.584,0.17,0.09,110.8,111.1,-0.3,5.68,0.02,0.091,0.149,0.055,14.300000000000011,0.09691901148959918,-0.07171403301574399,-0.7810785003912928,-0.8268761490673516
1628426,Sasha Vezenkov,SAC,2023-24,Scorer,Average,42,511.0733333333333,225,96,19,20,7,12,0.44,0.375,0.8,0.569,0.558,0.171,0.084,113.9,112.6,1.3,1.58,0.058,0.129,0.051,0.093,12.800000000000011,-0.24906777856426612,-0.9497365875257382,-0.36065272282140826,-0.874294406694076
1631101,Shaedon Sharpe,POR,2023-24,Scorer,Average,32,1059.0183333333334,510,160,94,28,12,72,0.406,0.333,0.824,0.524,0.475,0.22,0.08,105.8,116.0,-10.3,1.31,0.036,0.116,0.138,0.073,9.400000000000006,0.05787415900865881,-0.18502389821256915,-0.4456295795604365,-0.9405820783405269
1628983,Shai Gilgeous-Alexander,OKC,2023-24,Scorer,Elite,75,2552.6866666666665,2254,415,465,150,67,162,0.535,0.353,0.874,0.636,0.567,0.317,0.187,121.0,109.7,11.3,2.87,0.026,0.128,0.287,0.08,15.700000000000003,2.6660087108329833,2.017171929277595,0.32015953940697134,1.250119173114384
1631323,Simone Fontecchio,DET,2023-24,Scorer,Average,66,1643.8933333333334,692,246,101,44,23,68,0.46,0.401,0.818,0.6,0.582,0.159,0.077,113.0,114.5,-1.5,1.49,0.037,0.107,0.084,0.071,10.900000000000006,0.17710661005015496,-0.4626193390417317,-0.24291832997458324,-0.5753761547194843
1630649,Stanley Umude,DET,2023-24,Scorer,Average,24,307.12166666666667,127,51,11,8,7,14,0.44,0.453,0.906,0.647,0.583,0.15,0.072,104.1,113.8,-9.7,0.79,0.027,0.13,0.053,0.081,11.600000000000009,-0.02750267342174702,-0.9679388114346099,-0.6329306107425092,-1.0691363720132225
201939,Stephen Curry,GSW,2023-24,Scorer,Elite,74,2421.5383333333334,1956,330,379,54,28,210,0.45,0.408,0.923,0.616,0.573,0.302,0.14,117.3,114.7,2.7,1.8,0.015,0.116,0.241,0.066,10.700000000000003,2.2269483741680474,1.4423064221503115,-0.08373280047010132,-0.43292614033090304
1629004,Svi Mykhailiuk,BOS,2023-24,Scorer,Average,41,413.16333333333336,162,51,35,11,1,12,0.416,0.389,0.667,0.575,0.569,0.156,0.077,121.9,103.4,18.5,2.92,0.027,0.093,0.104,0.061,22.0,-0.37000217501136995,-0.5931258996177128,-0.8877236968361152,-0.48770844670189556
1627752,Taurean Prince,LAL,2023-24,Scorer,Average,78,2107.6216666666664,697,230,119,58,35,73,0.442,0.396,0.735,0.579,0.566,0.134,0.056,113.9,116.5,-2.6,1.63,0.01,0.095,0.073,0.054,8.900000000000006,-0.12236795715383945,-0.4581790819237324,-0.5019465104927926,-0.42641685564525206
1629611,Terance Mann,LAC,2023-24,Scorer,Average,75,1872.8916666666669,658,254,119,43,15,48,0.515,0.348,0.832,0.615,0.587,0.135,0.071,116.7,114.8,1.9,2.48,0.05,0.088,0.086,0.07,10.600000000000009,0.06265901986664797,-0.38514958856980847,-0.23443095560994115,-0.684303632197227
203501,Tim Hardaway Jr.,DAL,2023-24,Scorer,Very Good,79,2120.3283333333334,1139,254,139,42,6,69,0.402,0.353,0.852,0.542,0.51,0.22,0.083,115.7,115.8,-0.1,2.01,0.01,0.106,0.094,0.058,9.600000000000009,0.6143924886980353,-0.2666145354437052,-0.3873068072661047,-0.8444768462126943
202699,Tobias Harris,PHI,2023-24,Scorer,Very Good,70,2367.78,1204,453,217,70,46,93,0.487,0.353,0.878,0.576,0.535,0.203,0.116,117.0,112.4,4.6,2.33,0.033,0.156,0.136,0.094,13.0,0.7312152050526994,0.2563428277652033,0.5993430858517761,0.050105771351249086
1630570,Trendon Watford,BKN,2023-24,Scorer,Very Good,63,856.52,432,194,81,23,19,63,0.527,0.397,0.794,0.611,0.571,0.203,0.11,109.0,112.8,-3.8,1.29,0.059,0.162,0.148,0.111,12.600000000000009,0.37460199686582013,-0.17668335205379443,0.12869215586203422,-0.7335516848521705
1630530,Trey Murphy III,NOP,2023-24,Scorer,Very Good,57,1690.265,842,280,124,51,28,34,0.443,0.38,0.815,0.612,0.579,0.182,0.11,115.2,108.2,7.0,3.65,0.025,0.139,0.104,0.083,17.200000000000003,0.5222604717167231,-0.265633371929607,0.00017239352619986825,-0.08210484132407213
1629639,Tyler Herro,MIA,2023-24,Scorer,Very Good,42,1407.105,875,222,188,30,3,93,0.441,0.396,0.856,0.558,0.531,0.268,0.119,112.1,111.1,1.0,2.02,0.013,0.14,0.218,0.078,14.300000000000011,0.8668728890571028,0.6102793528806063,-0.21742183584978775,-0.7230186207489928
203897,Zach LaVine,CHI,2023-24,Scorer,Very Good,25,871.8616666666667,487,129,98,21,8,52,0.452,0.349,0.854,0.578,0.531,0.238,0.11,109.9,115.3,-5.4,1.88,0.009,0.134,0.172,0.072,10.100000000000009,0.481803365676534,0.02069508046396959,-0.5406239699587404,-1.0124532023863486
1629627,Zion Williamson,NOP,2023-24,Scorer,Elite,70,2206.923333333333,1601,406,352,76,47,193,0.57,0.333,0.702,0.61,0.573,0.285,0.145,114.5,111.6,2.9,1.82,0.055,0.127,0.256,0.091,13.800000000000011,1.8121870911032394,1.427219556470937,0.4364153295054671,0.169395153023796
1630639,A.J. Lawson,TOR,2024-25,Scorer,Average,26,486.41,236,86,31,13,6,15,0.421,0.327,0.683,0.542,0.508,0.189,0.082,109.7,111.1,-1.4,2.07,0.036,0.128,0.093,0.08,14.300000000000011,-0.2637399406269193,-0.6696388515911553,-0.5528020146189049,-0.8688093986910781
1631260,AJ Green,MIL,2024-25,Scorer,Average,73,1659.1416666666669,541,174,108,37,7,40,0.429,0.427,0.815,0.621,0.612,0.123,0.058,114.0,107.6,6.4,2.7,0.011,0.087,0.086,0.051,17.80000000000001,-0.07525597269956134,-0.4256261931155294,-0.6887546740920891,-0.4043778614952602
203932,Aaron Gordon,DEN,2024-25,Scorer,Very Good,51,1446.7166666666667,748,247,164,23,14,73,0.531,0.436,0.81,0.65,0.607,0.186,0.104,122.5,113.0,9.5,2.25,0.06,0.109,0.143,0.086,12.400000000000006,0.701020776091548,0.10064276102569561,-0.04917013682071354,-0.7958899398774338
1628988,Aaron Holiday,HOU,2024-25,Scorer,Average,62,792.2466666666667,340,78,83,19,11,37,0.437,0.398,0.829,0.594,0.571,0.162,0.082,110.3,103.6,6.7,2.24,0.015,0.073,0.142,0.044,21.80000000000001,-0.08908158493276737,-0.20302988941862132,-1.0326565982567177,-0.31539383817457467
1630174,Aaron Nesmith,IND,2024-25,Scorer,Very Good,45,1121.618333333333,541,178,54,35,17,37,0.507,0.431,0.913,0.653,0.617,0.171,0.087,120.1,111.5,8.5,1.46,0.034,0.118,0.063,0.078,13.900000000000006,0.4590883248710657,-0.753535551224892,-0.33417049353106,-0.5530691800342192
1630598,Aaron Wiggins,OKC,2024-25,Scorer,Very Good,76,1743.9,914,295,134,60,18,69,0.488,0.383,0.831,0.596,0.577,0.2,0.105,120.7,106.6,14.2,1.94,0.046,0.113,0.102,0.081,18.80000000000001,0.614471292716451,-0.24007176537605876,0.014493763671818413,0.003980265169214639
202692,Alec Burks,MIA,2024-25,Scorer,Average,49,863.4966666666667,356,124,55,28,7,29,0.424,0.425,0.776,0.608,0.587,0.16,0.088,113.5,107.6,5.9,1.9,0.018,0.119,0.09,0.07,17.80000000000001,-0.012138659318106685,-0.5981792198597886,-0.5793701714864272,-0.49763012794006767
1629599,Amir Coffey,LAC,2024-25,Scorer,Average,72,1747.54,696,161,77,40,7,45,0.471,0.409,0.891,0.614,0.57,0.15,0.072,109.1,110.6,-1.4,1.71,0.019,0.072,0.065,0.046,14.800000000000011,0.19415237403397537,-0.6576673441412775,-0.7869468672031391,-0.5495577978288321
203952,Andrew Wiggins,MIA,2024-25,Scorer,Very Good,60,1842.2816666666668,1078,269,158,60,50,99,0.448,0.374,0.763,0.566,0.526,0.238,0.105,109.4,111.7,-2.3,1.6,0.045,0.095,0.137,0.069,13.700000000000003,0.8393919498838508,0.044858693082162754,-0.2073699311596423,0.028090270515071847
1630162,Anthony Edwards,MIN,2024-25,Scorer,Elite,79,2871.0583333333334,2177,450,359,91,51,249,0.447,0.395,0.837,0.595,0.547,0.307,0.14,116.2,111.4,4.8,1.44,0.021,0.131,0.209,0.077,14.0,2.3028564381426886,1.188947688986195,0.3748088269212152,0.3770363881206649
1630264,Anthony Gill,WAS,2024-25,Scorer,Average,51,397.575,129,66,16,9,2,10,0.489,0.323,0.66,0.586,0.545,0.124,0.071,101.9,109.7,-7.8,1.6,0.042,0.111,0.059,0.077,15.700000000000003,-0.5651626175881762,-0.9158344348134152,-0.6440885492062512,-0.868468161387313
1641810,Antonio Reeves,NOP,2024-25,Scorer,Average,44,659.5583333333333,305,63,39,21,4,30,0.456,0.395,0.8,0.579,0.558,0.183,0.072,107.3,117.5,-10.2,1.3,0.026,0.07,0.089,0.047,7.900000000000006,-0.04635471722998552,-0.6626719343521181,-1.034238314097656,-1.1821833435075444
1631097,Bennedict Mathurin,IND,2024-25,Scorer,Very Good,72,2149.318333333333,1156,383,136,47,24,135,0.458,0.34,0.831,0.579,0.516,0.222,0.092,113.8,112.2,1.6,1.01,0.041,0.133,0.09,0.088,13.200000000000003,0.8528418241609675,-0.30012422275038897,0.33716865916712474,-0.39903884928762023
1629626,Bol Bol,PHX,2024-25,Scorer,Average,36,448.48333333333335,244,104,22,9,25,20,0.525,0.344,0.769,0.627,0.612,0.204,0.114,112.1,115.9,-3.9,1.1,0.047,0.168,0.071,0.113,9.5,0.3378270590106331,-0.8263444468603789,-0.08463260805848011,-1.000045474623561
1630538,Bones Hyland,MIN,2024-25,Scorer,Very Good,24,238.77,149,25,32,18,4,25,0.398,0.39,0.885,0.576,0.534,0.274,0.108,102.0,108.1,-6.1,1.28,0.02,0.083,0.246,0.051,17.30000000000001,0.4901573086709606,0.19354179997351884,-1.0841080830582155,-0.6609734868571558
203078,Bradley Beal,PHX,2024-25,Scorer,Very Good,53,1702.1916666666666,902,177,195,58,28,99,0.497,0.386,0.803,0.598,0.571,0.219,0.093,110.6,118.6,-8.0,1.97,0.021,0.083,0.177,0.054,6.800000000000011,0.7563417371635582,0.4057134054053677,-0.6425755754270523,-0.6206239212707149
1642382,Branden Carlson,OKC,2024-25,Scorer,Average,32,246.4033333333333,122,54,14,5,21,7,0.443,0.333,0.778,0.581,0.557,0.185,0.101,115.1,105.8,9.4,2.0,0.064,0.131,0.077,0.099,19.60000000000001,-0.15224893519834667,-0.8220760574295816,-0.39565669750726806,-0.4885385643891224
1630527,Brandon Boston,NOP,2024-25,Scorer,Average,42,992.78,448,134,92,53,9,52,0.436,0.35,0.788,0.535,0.5,0.199,0.085,108.6,114.8,-6.2,1.77,0.026,0.107,0.14,0.065,10.600000000000009,-0.07767429987989706,-0.18114797418741121,-0.616534657173176,-0.6413947868325428
1641706,Brandon Miller,CHA,2024-25,Scorer,Very Good,27,923.565,568,131,98,29,20,76,0.403,0.355,0.861,0.54,0.509,0.27,0.1,106.9,113.8,-6.8,1.29,0.024,0.117,0.182,0.068,11.600000000000009,0.5572054795057158,0.07687161381314192,-0.5862758300101308,-0.7200207182687289
1630314,Brandon Williams,DAL,2024-25,Scorer,Very Good,33,487.13,275,58,76,24,5,39,0.521,0.4,0.833,0.634,0.585,0.218,0.119,109.5,108.8,0.7,1.95,0.025,0.091,0.228,0.059,16.60000000000001,0.5026921782122763,0.25433045812789257,-0.8946293553598188,-0.6298161177588636
1641729,Brice Sensabaugh,UTA,2024-25,Scorer,Very Good,71,1431.9216666666666,772,210,110,46,8,107,0.459,0.422,0.89,0.612,0.59,0.208,0.087,109.9,119.5,-9.6,1.03,0.028,0.11,0.117,0.069,5.900000000000006,0.6621125801701061,-0.2441195570884187,-0.36391926759589366,-1.000188764136461
1627741,Buddy Hield,GSW,2024-25,Scorer,Very Good,82,1862.9883333333328,912,264,134,69,23,91,0.417,0.37,0.828,0.56,0.546,0.196,0.085,112.3,110.1,2.2,1.47,0.025,0.111,0.106,0.066,15.300000000000011,0.3779157633030053,-0.21760115203638983,-0.2588557869920096,-0.057821511043874306
203468,CJ McCollum,NOP,2024-25,Scorer,Very Good,56,1831.6783333333333,1183,212,227,46,24,106,0.444,0.373,0.717,0.55,0.53,0.266,0.097,112.3,119.4,-7.1,2.14,0.022,0.091,0.192,0.056,6.0,1.0286055062732595,0.6077283277439508,-0.5242280163894071,-0.8324338725823509
1630560,Cam Thomas,BKN,2024-25,Scorer,Very Good,25,781.1566666666666,599,83,94,15,2,62,0.438,0.349,0.881,0.575,0.513,0.328,0.122,114.9,120.6,-5.7,1.52,0.02,0.089,0.217,0.054,4.800000000000011,1.2042628232103334,0.2587707152458919,-0.8919931622915884,-1.4467259417970189
1641715,Cam Whitmore,HOU,2024-25,Scorer,Average,51,826.585,477,151,49,31,13,46,0.444,0.355,0.75,0.549,0.525,0.231,0.108,113.4,112.3,1.1,1.07,0.039,0.139,0.09,0.086,13.100000000000009,0.257539952034447,-0.6202573677938182,-0.30389448085258014,-0.6819882278393589
1629661,Cameron Johnson,BKN,2024-25,Scorer,Very Good,57,1799.763333333333,1070,247,194,53,25,99,0.475,0.39,0.893,0.632,0.582,0.224,0.124,110.9,116.7,-5.8,1.96,0.03,0.113,0.179,0.07,8.700000000000003,1.1084933988993801,0.41326902075286387,-0.2530046056955981,-0.5911492453774376
1628449,Chris Boucher,TOR,2024-25,Scorer,Very Good,50,862.3,502,224,33,24,25,29,0.492,0.363,0.782,0.615,0.586,0.208,0.126,113.3,113.5,-0.2,1.14,0.077,0.175,0.057,0.125,11.900000000000006,0.4845549772172257,-0.8645149890034991,0.38664867363751665,-0.7036138104300754
1631128,Christian Braun,DEN,2024-25,Scorer,Very Good,79,2675.383333333333,1218,410,205,85,37,81,0.58,0.397,0.827,0.665,0.634,0.155,0.096,122.7,114.5,8.2,2.53,0.039,0.109,0.096,0.077,10.900000000000006,0.8987888730374656,-0.012519601499545091,0.2686736835746041,-0.008915778205679606
1629632,Coby White,CHI,2024-25,Scorer,Elite,74,2450.2566666666667,1509,273,330,69,16,177,0.453,0.37,0.902,0.601,0.55,0.237,0.103,111.5,113.9,-2.5,1.86,0.01,0.095,0.197,0.053,11.5,1.3430004244748786,1.0148248006193785,-0.400590885699866,-0.3519115242534924
1629012,Collin Sexton,UTA,2024-25,Scorer,Very Good,63,1757.76,1159,171,264,47,6,160,0.48,0.406,0.865,0.593,0.543,0.264,0.106,110.4,117.9,-7.5,1.65,0.033,0.06,0.246,0.047,7.5,1.2425110244943414,1.047230186755997,-0.7476734270618061,-0.9160548491250905
1630557,Corey Kispert,WAS,2024-25,Scorer,Average,61,1601.5233333333333,705,181,103,26,14,64,0.451,0.364,0.852,0.584,0.558,0.169,0.074,108.7,117.1,-8.5,1.61,0.021,0.084,0.094,0.053,8.300000000000011,0.16820578756452498,-0.39908342304788286,-0.6447017153970716,-1.0057000187654583
1642261,Dalton Knecht,LAL,2024-25,Scorer,Average,78,1493.795,706,216,66,24,8,37,0.461,0.376,0.762,0.594,0.576,0.181,0.087,112.2,114.9,-2.8,1.78,0.026,0.116,0.067,0.073,10.5,0.31394808329403645,-0.686908642017164,-0.297040378875181,-0.9578672435516123
1627814,Damion Lee,PHX,2024-25,Scorer,Average,25,144.01833333333337,83,20,11,6,0,10,0.365,0.243,0.952,0.499,0.426,0.269,0.089,104.7,98.7,6.0,1.1,0.02,0.104,0.121,0.064,26.700000000000003,-0.034291218741556495,-0.5859383846602383,-0.9317594700156979,-0.2734857526638655
1641727,Dariq Whitehead,BKN,2024-25,Scorer,Average,20,246.07833333333332,114,29,12,6,1,15,0.406,0.446,0.6,0.58,0.578,0.189,0.065,98.7,109.7,-11.1,0.8,0.015,0.105,0.078,0.056,15.700000000000003,-0.13445373459721496,-0.8238177867393408,-1.0097962972001526,-0.9096697142053213
1629631,De'Andre Hunter,CLE,2024-25,Scorer,Very Good,64,1740.015,1088,258,92,50,13,82,0.47,0.405,0.846,0.623,0.573,0.221,0.101,115.9,113.9,2.0,1.12,0.024,0.117,0.077,0.071,11.5,1.0480548076539016,-0.5350601342871968,-0.2110777869705999,-0.5791298120906367
201942,DeMar DeRozan,SAC,2024-25,Scorer,Elite,77,2767.615,1710,298,342,62,32,105,0.477,0.328,0.857,0.569,0.509,0.244,0.112,116.8,115.3,1.5,3.26,0.018,0.09,0.182,0.054,10.100000000000009,1.3562335757157584,0.9747162964636792,-0.3215167668035538,-0.3448181858418186
1630166,Deni Avdija,POR,2024-25,Scorer,Very Good,72,2161.148333333333,1219,522,281,71,35,196,0.476,0.365,0.78,0.605,0.55,0.228,0.126,113.6,114.5,-0.9,1.43,0.048,0.19,0.193,0.117,10.900000000000006,1.0908530405114083,0.8120493124851345,1.075438257132327,-0.17420978734819173
1627884,Derrick Jones Jr.,LAC,2024-25,Scorer,Average,77,1873.388333333333,781,263,60,79,33,66,0.526,0.356,0.703,0.609,0.593,0.16,0.076,115.5,108.7,6.7,0.91,0.051,0.092,0.044,0.072,16.700000000000003,0.30006717285949214,-0.8381928166542898,-0.1850712397475932,0.22922330343927336
1630170,Devin Vassell,SAS,2024-25,Scorer,Very Good,64,1983.185,1041,255,183,84,33,88,0.443,0.368,0.792,0.553,0.532,0.217,0.092,111.9,118.1,-6.2,2.08,0.016,0.107,0.139,0.062,7.300000000000011,0.5846513454261569,0.1480862828104539,-0.3336948114637183,-0.2712638273344905
1628415,Dillon Brooks,HOU,2024-25,Scorer,Average,75,2388.2616666666668,1053,275,128,60,16,76,0.429,0.397,0.818,0.555,0.533,0.176,0.067,113.5,108.8,4.7,1.68,0.028,0.081,0.076,0.054,16.60000000000001,0.304600440373902,-0.4082089000179363,-0.38254447422785515,-0.14551494794583622
1628378,Donovan Mitchell,CLE,2024-25,Scorer,Elite,71,2232.0333333333333,1701,322,354,95,17,149,0.443,0.368,0.823,0.575,0.531,0.298,0.137,119.7,109.1,10.5,2.38,0.025,0.112,0.238,0.069,16.30000000000001,1.7793544840201265,1.3334611790871032,-0.06674086622538261,0.2096238163833034
1627827,Dorian Finney-Smith,LAL,2024-25,Scorer,Average,63,1818.6783333333333,549,247,90,58,23,56,0.448,0.411,0.667,0.604,0.597,0.123,0.06,119.1,110.3,8.8,1.61,0.047,0.089,0.066,0.069,15.100000000000009,-0.16668489668967967,-0.6042137036159627,-0.2657442600002784,-0.18354743837520626
203926,Doug McDermott,SAC,2024-25,Scorer,Average,42,341.65166666666664,147,22,7,4,2,6,0.427,0.436,0.6,0.617,0.615,0.15,0.051,111.5,109.9,1.6,1.17,0.009,0.054,0.028,0.031,15.5,-0.18460578086486215,-1.1230989100968936,-1.346861304902817,-0.9320259110887732
1629130,Duncan Robinson,MIA,2024-25,Scorer,Very Good,74,1785.595,817,167,176,40,6,86,0.437,0.393,0.887,0.595,0.581,0.187,0.078,110.1,109.9,0.2,2.05,0.01,0.084,0.148,0.047,15.5,0.4436360433020008,0.17288732356834097,-0.7582869413964671,-0.5185469892972535
201569,Eric Gordon,PHI,2024-25,Scorer,Average,39,768.4916666666667,266,46,65,26,12,28,0.426,0.409,0.75,0.591,0.564,0.14,0.067,111.0,116.4,-5.4,2.32,0.011,0.052,0.118,0.031,9.0,-0.32064981990217545,-0.40408801325872357,-1.2831802188948505,-0.984806674236952
1630532,Franz Wagner,ORL,2024-25,Scorer,Elite,60,2023.3066666666664,1449,342,284,75,21,138,0.463,0.295,0.871,0.558,0.507,0.306,0.153,111.8,105.8,6.0,2.06,0.027,0.146,0.247,0.085,19.60000000000001,1.5589906943011718,1.1264416665376795,0.19016117432280766,0.23675684129271313
1629726,Garrison Mathews,ATL,2024-25,Scorer,Average,47,829.5083333333333,353,87,60,26,15,31,0.397,0.39,0.821,0.606,0.562,0.153,0.068,107.9,111.4,-3.5,1.94,0.015,0.085,0.102,0.049,14.0,-0.0769805529687424,-0.5123689232290906,-0.9450779194803287,-0.6606809069802217
1627780,Gary Payton II,GSW,2024-25,Scorer,Average,62,927.1766666666666,400,185,83,52,17,39,0.574,0.326,0.711,0.635,0.626,0.156,0.104,113.5,110.1,3.4,2.13,0.056,0.134,0.132,0.096,15.300000000000011,0.14468344288911142,-0.2592064227677935,-0.08628306596115767,-0.29466946501361235
1629018,Gary Trent Jr.,MIL,2024-25,Scorer,Average,74,1893.395,824,168,87,72,4,42,0.431,0.416,0.848,0.591,0.568,0.168,0.07,115.9,114.0,1.9,2.07,0.011,0.074,0.064,0.044,11.400000000000006,0.28672478179121463,-0.626488084252812,-0.7938525257268427,-0.44811247098037676
1627777,Georges Niang,ATL,2024-25,Scorer,Very Good,79,1697.2333333333331,784,272,111,28,14,82,0.461,0.406,0.793,0.607,0.595,0.177,0.071,118.7,114.1,4.7,1.35,0.027,0.126,0.087,0.077,11.300000000000011,0.41524374234321404,-0.4089694658135974,-0.09749256097120418,-0.8087132677403265
203507,Giannis Antetokounmpo,MIL,2024-25,Scorer,Elite,67,2288.63,2036,798,433,58,78,206,0.601,0.222,0.617,0.625,0.607,0.346,0.21,118.9,111.7,7.2,2.1,0.067,0.266,0.339,0.172,13.700000000000003,2.6581993253585834,2.1915397803784664,2.50845173298136,0.29065653672447866
1641711,Gradey Dick,TOR,2024-25,Scorer,Average,54,1587.3733333333332,777,193,98,48,10,83,0.41,0.35,0.858,0.543,0.498,0.209,0.071,110.3,116.1,-5.8,1.18,0.027,0.092,0.087,0.059,9.300000000000011,0.2785288089153369,-0.45680545300399483,-0.5364232465650064,-0.7594652150853832
1628960,Grayson Allen,PHX,2024-25,Scorer,Very Good,64,1543.705,680,194,137,54,19,75,0.448,0.426,0.816,0.631,0.6,0.169,0.084,114.7,118.0,-3.3,1.83,0.023,0.103,0.125,0.064,7.400000000000006,0.4189012657928762,-0.09982666470594767,-0.4700715964579396,-0.717873744021914
203084,Harrison Barnes,SAS,2024-25,Scorer,Very Good,82,2230.063333333333,1011,310,136,39,14,50,0.508,0.433,0.809,0.656,0.622,0.157,0.092,114.5,115.6,-1.2,2.72,0.042,0.091,0.085,0.067,9.800000000000011,0.7126941824798428,-0.3282124894249751,-0.12406071783872655,-0.7828702879931493
1642403,Isaac Jones,SAC,2024-25,Scorer,Average,40,303.86333333333334,134,57,12,5,10,16,0.651,0.375,0.639,0.678,0.669,0.152,0.087,104.6,115.1,-10.5,0.75,0.071,0.12,0.057,0.095,10.300000000000011,0.1694299555086797,-0.9417885067726027,-0.4386551789749935,-1.1462491463832938
1630171,Isaac Okoro,CLE,2024-25,Scorer,Average,55,1053.2033333333334,337,130,68,32,16,23,0.464,0.371,0.717,0.587,0.569,0.124,0.057,122.1,109.7,12.5,2.96,0.047,0.072,0.078,0.06,15.700000000000003,-0.40944610359076633,-0.6177550726883979,-0.6908464430312387,-0.48851231776312304
1630198,Isaiah Joe,OKC,2024-25,Scorer,Average,74,1603.9766666666667,756,196,119,48,9,38,0.44,0.412,0.821,0.617,0.604,0.166,0.089,119.9,104.1,15.8,3.13,0.025,0.089,0.096,0.058,21.30000000000001,0.37170163157346986,-0.3289730552206361,-0.5412027651186908,-0.06452657849442488
1642266,Ja'Kobe Walter,TOR,2024-25,Scorer,Average,52,1103.235,449,160,81,43,10,50,0.405,0.349,0.795,0.523,0.487,0.179,0.068,108.6,111.1,-2.4,1.62,0.049,0.092,0.105,0.07,14.300000000000011,-0.2919732266658531,-0.41824244545523526,-0.4838485424744772,-0.51749865452943
1630702,Jaden Hardy,DAL,2024-25,Scorer,Average,57,907.4383333333334,496,89,81,28,5,82,0.435,0.386,0.698,0.549,0.527,0.244,0.069,108.3,111.6,-3.2,0.99,0.01,0.085,0.138,0.048,13.800000000000011,0.3664080485732592,-0.23285988540296662,-0.9525108166176786,-0.7528837561442229
1631093,Jaden Ivey,DET,2024-25,Scorer,Very Good,30,898.0333333333333,528,124,119,28,11,89,0.46,0.409,0.733,0.569,0.536,0.256,0.099,110.5,114.6,-4.1,1.34,0.043,0.091,0.207,0.067,10.800000000000011,0.591681323211399,0.29458646495517626,-0.617589134400468,-0.8684429972742955
1630224,Jalen Green,HOU,2024-25,Scorer,Elite,82,2697.11,1723,377,282,71,27,203,0.423,0.354,0.813,0.544,0.505,0.267,0.111,113.8,111.1,2.8,1.39,0.015,0.12,0.159,0.065,14.300000000000011,1.3910411942433587,0.624728790420287,0.028236338657486426,-0.055383604204462866
1630591,Jalen Suggs,ORL,2024-25,Scorer,Very Good,35,1002.4533333333334,567,141,129,51,33,102,0.41,0.314,0.882,0.536,0.489,0.268,0.107,105.7,104.8,1.0,1.26,0.023,0.126,0.216,0.072,20.60000000000001,0.518973221635035,0.38194225819281397,-0.5087834269547571,0.16824837385959954
1631114,Jalen Williams,OKC,2024-25,Scorer,Elite,69,2236.673333333333,1490,369,354,111,46,150,0.484,0.365,0.789,0.573,0.537,0.27,0.138,116.7,106.5,10.2,2.36,0.026,0.131,0.233,0.079,18.900000000000006,1.410783489223549,1.3053729124125173,0.18536447025368832,0.8215742346141038
1630592,Jalen Wilson,BKN,2024-25,Scorer,Average,79,2031.3866666666668,749,270,145,40,5,79,0.397,0.337,0.818,0.541,0.495,0.161,0.065,106.9,113.7,-6.7,1.84,0.035,0.102,0.11,0.067,11.700000000000003,-0.10448157266582231,-0.15465393415099996,-0.23019586118533764,-0.7519322184884357
1631288,Jamal Cain,NOP,2024-25,Scorer,Average,37,501.79833333333335,196,85,22,23,9,22,0.43,0.325,0.68,0.544,0.513,0.167,0.067,106.4,119.3,-12.9,1.0,0.05,0.117,0.065,0.082,6.1000000000000085,-0.442201430905453,-0.8600503668698822,-0.5299760845932096,-1.2166317127046624
1642419,Jamison Battle,TOR,2024-25,Scorer,Average,59,1041.6783333333333,419,158,53,17,10,27,0.429,0.405,0.889,0.59,0.581,0.147,0.072,105.0,113.4,-8.4,1.96,0.032,0.117,0.073,0.072,12.0,-0.16478819510337228,-0.7010387091980581,-0.46367599103244733,-0.9220298435393968
1642272,Jared McCain,PHI,2024-25,Scorer,Very Good,23,591.7916666666666,352,56,60,15,0,37,0.46,0.383,0.875,0.589,0.553,0.243,0.106,109.3,111.4,-2.1,1.62,0.022,0.076,0.171,0.048,14.0,0.48394356844624337,-0.1247508431198017,-1.0400723098786326,-0.9264178593477409
1628991,Jaren Jackson Jr.,MEM,2024-25,Scorer,Elite,74,2206.951666666667,1641,417,148,92,113,153,0.488,0.375,0.781,0.591,0.548,0.274,0.124,115.2,108.8,6.4,0.97,0.038,0.134,0.102,0.087,16.60000000000001,1.6518745578148397,-0.18855608686332304,0.41464387670706393,1.1674426743781805
1630643,Jay Huff,MEM,2024-25,Scorer,Very Good,64,748.0316666666666,439,129,38,16,56,34,0.515,0.405,0.786,0.666,0.648,0.194,0.108,111.0,110.1,0.8,1.12,0.039,0.12,0.077,0.081,15.300000000000011,0.6282301919503114,-0.7337634656934632,-0.42596708121661764,-0.2730974346730137
1627759,Jaylen Brown,BOS,2024-25,Scorer,Elite,63,2157.9283333333333,1398,368,286,73,19,162,0.463,0.324,0.764,0.555,0.515,0.282,0.114,121.1,111.7,9.5,1.77,0.037,0.126,0.204,0.082,13.700000000000003,1.3293679206323232,0.8922419557809153,0.22093005458406398,-0.15085339538212125
1642377,Jaylen Wells,MEM,2024-25,Scorer,Average,79,2043.4816666666663,823,268,135,44,8,69,0.425,0.352,0.822,0.56,0.527,0.156,0.065,116.7,111.9,4.7,1.96,0.04,0.083,0.082,0.061,13.5,0.020914225807639908,-0.34874514075206503,-0.31194054418075,-0.5743759596368658
1628369,Jayson Tatum,BOS,2024-25,Scorer,Elite,72,2623.8166666666666,1932,623,431,76,38,209,0.452,0.343,0.814,0.582,0.537,0.301,0.158,119.6,109.8,9.8,2.06,0.017,0.206,0.266,0.112,15.600000000000009,2.007924086855235,1.774091704284832,1.2797312225591186,0.18409639208524775
201145,Jeff Green,HOU,2024-25,Scorer,Average,32,396.44666666666666,172,58,20,6,4,9,0.504,0.367,0.808,0.649,0.624,0.144,0.085,112.2,116.1,-3.9,2.22,0.024,0.108,0.068,0.065,9.300000000000011,-0.027538791475861357,-0.850556789509807,-0.818191429531737,-1.2553472425129195
203924,Jerami Grant,POR,2024-25,Scorer,Average,47,1523.5866666666666,677,163,101,41,46,65,0.373,0.365,0.849,0.523,0.467,0.192,0.07,107.4,113.4,-6.1,1.55,0.015,0.088,0.099,0.05,12.0,-0.03238500340049938,-0.3783545390179732,-0.7306814928170873,-0.30912842890929954
1628381,John Collins,UTA,2024-25,Scorer,Very Good,40,1220.4916666666666,758,327,80,39,40,103,0.527,0.399,0.848,0.628,0.583,0.234,0.129,112.4,113.3,-0.9,0.78,0.073,0.179,0.105,0.128,12.100000000000009,0.9338296080402132,-0.4219221367775735,0.6981656306690812,-0.38468047129940786
1630548,Johnny Juzang,UTA,2024-25,Scorer,Average,64,1269.83,571,184,68,39,8,36,0.429,0.376,0.849,0.573,0.554,0.174,0.071,107.2,120.3,-13.1,1.89,0.031,0.109,0.08,0.07,5.1000000000000085,0.045281342809301885,-0.6065197660185635,-0.42016745646651055,-1.1197220447442466
1630228,Jonathan Kuminga,GSW,2024-25,Scorer,Very Good,47,1144.08,719,217,104,38,21,71,0.454,0.305,0.668,0.535,0.495,0.271,0.11,110.0,108.9,1.0,1.46,0.045,0.134,0.151,0.088,16.5,0.6448317692447787,-0.07519749163526257,-0.10329218572131126,-0.3287530800782869
203903,Jordan Clarkson,UTA,2024-25,Scorer,Very Good,37,962.47,600,118,138,31,9,86,0.408,0.362,0.797,0.54,0.493,0.269,0.102,107.5,117.5,-10.0,1.6,0.025,0.092,0.238,0.058,7.900000000000006,0.5729617632559674,0.5386478534620374,-0.7481662946445824,-1.0279823941090624
1641722,Jordan Hawkins,NOP,2024-25,Scorer,Average,56,1320.5,604,158,66,30,23,58,0.372,0.331,0.816,0.504,0.471,0.204,0.066,106.6,118.1,-11.4,1.14,0.017,0.097,0.076,0.056,7.300000000000011,-0.1058162784918869,-0.6363497620029088,-0.667510459907332,-0.9319520660340603
1629673,Jordan Poole,WAS,2024-25,Scorer,Elite,68,2000.8866666666668,1391,203,303,86,27,204,0.432,0.378,0.883,0.591,0.544,0.281,0.107,104.8,117.9,-13.1,1.49,0.014,0.08,0.254,0.046,7.5,1.5228306993387237,1.2356793750065274,-0.6755049666891975,-0.29949495046640195
1631169,Josh Minott,MIN,2024-25,Scorer,Average,46,276.275,119,47,18,15,12,11,0.489,0.326,0.895,0.605,0.567,0.16,0.095,104.0,107.0,-3.0,1.64,0.044,0.115,0.096,0.081,18.400000000000006,-0.2002035647401378,-0.700621878776801,-0.6435441250771704,-0.546487721093059
1629006,Josh Okogie,CHA,2024-25,Scorer,Average,40,624.9783333333334,283,113,33,48,19,31,0.443,0.348,0.741,0.567,0.519,0.185,0.1,108.8,109.3,-0.5,1.06,0.066,0.108,0.082,0.086,16.10000000000001,-0.11618946402973289,-0.7240736556305682,-0.4047228670318607,-0.26887624872111315
1630577,Julian Champagnie,SAS,2024-25,Scorer,Average,82,1932.128333333333,815,318,111,61,35,74,0.415,0.371,0.904,0.577,0.549,0.164,0.079,112.3,114.5,-2.1,1.5,0.032,0.121,0.078,0.077,10.900000000000006,0.170907006312465,-0.4595283458278524,0.024562853877398566,-0.2778234167313111
1631124,Julian Strawther,DEN,2024-25,Scorer,Average,65,1383.47,588,142,83,39,16,57,0.432,0.349,0.822,0.559,0.529,0.173,0.057,111.9,114.4,-2.5,1.46,0.012,0.083,0.082,0.049,11.0,-0.0298251142520774,-0.540089089513655,-0.7991420973787384,-0.6921297499276017
203944,Julius Randle,MIN,2024-25,Scorer,Very Good,69,2225.526666666666,1288,487,323,47,16,196,0.485,0.344,0.806,0.593,0.542,0.246,0.124,115.0,111.6,3.4,1.65,0.065,0.149,0.228,0.108,13.800000000000011,1.2037705595263162,1.1632142147454447,0.8679131179619195,-0.4447257562824984
1642348,Justin Edwards,PHI,2024-25,Scorer,Average,44,1154.72,445,148,69,45,16,49,0.455,0.363,0.696,0.559,0.546,0.165,0.062,111.6,123.2,-11.6,1.41,0.038,0.094,0.084,0.065,2.200000000000003,-0.19151326800073395,-0.5803694613565562,-0.5793873570018621,-1.1470027127333526
1630539,Kai Jones,DAL,2024-25,Scorer,Very Good,40,468.37,198,125,25,15,23,18,0.798,0.2,0.719,0.804,0.803,0.128,0.131,107.0,109.2,-2.3,1.39,0.089,0.173,0.08,0.133,16.200000000000003,0.7603014791181195,-0.7647464928791089,0.22588142829209668,-0.564455902168167
202695,Kawhi Leonard,LAC,2024-25,Scorer,Very Good,37,1179.9566666666667,796,219,116,59,17,72,0.498,0.411,0.81,0.589,0.56,0.28,0.134,120.3,107.9,12.4,1.61,0.033,0.158,0.147,0.098,17.5,1.0749915305042022,-0.05351180910687231,0.02941111449282237,-0.09287963933652382
1629640,Keldon Johnson,SAS,2024-25,Scorer,Very Good,77,1837.996666666667,979,371,125,49,22,77,0.482,0.318,0.773,0.572,0.538,0.207,0.103,110.1,115.9,-5.8,1.62,0.057,0.136,0.105,0.096,9.5,0.5753684788659186,-0.2563360272723515,0.40724535060058387,-0.6159433491003011
201142,Kevin Durant,PHX,2024-25,Scorer,Elite,62,2264.685,1647,374,263,50,77,190,0.527,0.43,0.839,0.642,0.598,0.283,0.142,116.5,117.4,-1.0,1.38,0.011,0.147,0.188,0.084,8.0,2.0136801363154184,0.7177266020084595,0.26232963469541626,-0.13725347856725426
202691,Klay Thompson,DAL,2024-25,Scorer,Very Good,72,1964.5683333333332,1005,246,145,50,30,88,0.412,0.391,0.905,0.552,0.535,0.214,0.083,112.8,115.2,-2.4,1.65,0.022,0.097,0.104,0.06,10.200000000000003,0.5310110014891535,-0.18835985416050335,-0.38305452732606643,-0.483514001602757
204001,Kristaps Porziņģis,BOS,2024-25,Scorer,Very Good,42,1209.9633333333334,818,284,87,31,63,53,0.483,0.412,0.809,0.618,0.572,0.253,0.132,116.2,110.3,5.8,1.64,0.054,0.163,0.113,0.11,15.100000000000009,1.059012341139255,-0.35122307084186777,0.35475657408722894,-0.05860567758672756
1628398,Kyle Kuzma,MIL,2024-25,Scorer,Very Good,65,1936.415,964,370,152,36,19,146,0.436,0.307,0.634,0.514,0.493,0.233,0.08,105.8,116.1,-10.3,1.04,0.027,0.155,0.123,0.091,9.300000000000011,0.42326667881381025,-0.05586660154070813,0.3408937004935171,-0.7927443943174737
202681,Kyrie Irving,DAL,2024-25,Scorer,Elite,50,1803.7966666666664,1234,240,231,66,23,111,0.473,0.401,0.916,0.594,0.549,0.264,0.129,116.5,113.9,2.6,2.08,0.033,0.093,0.198,0.064,11.5,1.3023147305748612,0.6561530130428073,-0.3480161816093369,-0.31217336504692056
1629013,Landry Shamet,NYK,2024-25,Scorer,Average,50,761.6,286,61,27,23,2,22,0.461,0.397,0.667,0.601,0.596,0.143,0.062,111.6,106.5,5.1,1.23,0.014,0.064,0.049,0.039,18.900000000000006,-0.22709003304929695,-0.9315343636168665,-1.141462305702429,-0.5353941200925374
1626204,Larry Nance Jr.,ATL,2024-25,Scorer,Average,24,463.2266666666667,203,103,38,20,13,16,0.516,0.447,0.692,0.632,0.626,0.155,0.106,107.5,116.5,-9.0,2.38,0.046,0.174,0.125,0.108,8.900000000000006,-0.0218559873290205,-0.46411610561743616,-0.1509842581655469,-1.0427328553687012
1628374,Lauri Markkanen,UTA,2024-25,Scorer,Very Good,47,1475.8433333333332,892,278,70,33,17,66,0.423,0.346,0.876,0.571,0.521,0.231,0.103,111.4,117.5,-6.1,1.06,0.046,0.134,0.074,0.09,7.900000000000006,0.6826025551490496,-0.6328663033833903,0.08404321649163127,-0.9263199562078585
1629022,Lonnie Walker IV,PHI,2024-25,Scorer,Average,20,476.7033333333333,247,63,50,10,5,25,0.42,0.354,0.8,0.548,0.526,0.214,0.091,104.7,118.7,-14.1,2.0,0.012,0.117,0.167,0.063,6.700000000000003,-0.03849003355424676,-0.18401836968285332,-0.8304038452227713,-1.3565464818853066
1630568,Luka Garza,MIN,2024-25,Scorer,Average,39,219.31,138,54,11,6,3,12,0.495,0.278,0.686,0.573,0.543,0.241,0.101,107.9,107.5,0.4,0.92,0.138,0.103,0.082,0.121,17.900000000000006,0.22349615369130393,-0.8050268647220102,-0.11538430280430162,-0.7601745010902704
1631103,Malaki Branham,SAS,2024-25,Scorer,Average,47,426.555,235,51,38,11,2,34,0.458,0.405,0.818,0.575,0.547,0.233,0.087,106.1,109.8,-3.7,1.12,0.016,0.093,0.139,0.057,15.600000000000009,0.24631881595722185,-0.3854689589285949,-0.9386823140548364,-0.853620903015639
1627736,Malik Beasley,DET,2024-25,Scorer,Very Good,82,2282.9466666666667,1336,214,139,73,5,83,0.43,0.416,0.679,0.59,0.579,0.215,0.091,113.3,110.2,3.1,1.67,0.02,0.069,0.089,0.045,15.200000000000003,0.9942981556459868,-0.2947028021182914,-0.6590574565735597,-0.20436587885088275
1641824,Matas Buzelis,CHI,2024-25,Scorer,Average,80,1511.295,688,278,79,29,75,74,0.454,0.361,0.815,0.571,0.541,0.181,0.079,110.4,112.1,-1.7,1.07,0.035,0.133,0.072,0.085,13.300000000000011,0.16946406986411688,-0.6109843881521804,0.020344944968229917,-0.06367725051558559
1631108,Max Christie,DAL,2024-25,Scorer,Average,78,2127.141666666667,749,258,146,64,31,88,0.427,0.366,0.855,0.57,0.525,0.15,0.069,112.6,114.3,-1.7,1.66,0.019,0.102,0.093,0.061,11.100000000000009,-0.019198325498886188,-0.2464743495222546,-0.3384743300174028,-0.2754582489187647
1629008,Michael Porter Jr.,DEN,2024-25,Scorer,Very Good,77,2593.2633333333333,1398,540,165,50,38,104,0.504,0.395,0.768,0.617,0.596,0.197,0.101,119.8,115.4,4.4,1.59,0.055,0.146,0.084,0.103,10.0,1.0616141897231741,-0.22711909441208253,0.9448439113727778,-0.41432522458807747
1628969,Mikal Bridges,NYK,2024-25,Scorer,Very Good,82,3036.076666666667,1444,259,306,75,43,132,0.5,0.354,0.814,0.585,0.57,0.192,0.09,118.4,112.9,5.6,2.32,0.024,0.063,0.141,0.043,12.5,0.8752234717775725,0.6119236221278951,-0.5651347289179829,0.04218285650883994
1628970,Miles Bridges,CHA,2024-25,Scorer,Very Good,64,2028.735,1300,481,248,44,45,136,0.431,0.313,0.87,0.541,0.495,0.273,0.135,108.2,113.6,-5.5,1.82,0.033,0.189,0.203,0.11,11.800000000000011,1.1127654799100533,0.7467960321971439,0.8774721550692886,-0.2999127391073362
1629021,Moritz Wagner,ORL,2024-25,Scorer,Very Good,30,564.1566666666666,386,148,42,24,12,49,0.562,0.36,0.718,0.649,0.616,0.254,0.165,106.1,107.0,-0.9,0.86,0.067,0.201,0.135,0.131,18.400000000000006,0.9320401069864358,-0.39322080697891076,0.2614298271070375,-0.4532354546482516
1630541,Moses Moody,GSW,2024-25,Scorer,Average,74,1649.15,724,189,96,59,31,54,0.433,0.374,0.797,0.578,0.544,0.17,0.076,113.2,108.9,4.3,1.78,0.029,0.084,0.084,0.056,16.5,0.15492288211582947,-0.48101779565342295,-0.5852557238137084,-0.009989818343011048
1630230,Naji Marshall,DAL,2024-25,Scorer,Very Good,69,1919.0833333333333,914,328,208,70,11,112,0.508,0.275,0.813,0.584,0.551,0.197,0.105,111.5,114.7,-3.2,1.86,0.04,0.125,0.161,0.084,10.700000000000003,0.5238994120925421,0.3636669392370896,0.14027421984681349,-0.43914122137014494
1631466,Nate Williams,HOU,2024-25,Scorer,Average,20,146.62,65,13,9,8,4,14,0.435,0.231,0.625,0.496,0.484,0.212,0.038,110.6,116.8,-6.2,0.64,0.033,0.053,0.079,0.043,8.600000000000009,-0.48169198578727673,-0.8292392073714385,-1.217865860499641,-1.2757527891709477
1626181,Norman Powell,LAC,2024-25,Scorer,Elite,60,1957.9883333333328,1306,190,125,73,9,108,0.484,0.418,0.804,0.615,0.578,0.255,0.11,116.2,107.4,8.8,1.16,0.011,0.085,0.096,0.049,18.0,1.408421375332707,-0.3068949072866065,-0.6717799253628052,0.0006170673000143734
1628384,OG Anunoby,NYK,2024-25,Scorer,Very Good,74,2705.776666666666,1332,358,164,110,65,102,0.476,0.372,0.81,0.591,0.559,0.195,0.093,117.7,112.3,5.4,1.61,0.037,0.098,0.084,0.067,13.100000000000009,0.8507214548349692,-0.2307987857344208,0.0033014541772067862,0.6626675724470553
1630167,Obi Toppin,IND,2024-25,Scorer,Very Good,79,1544.815,833,318,128,46,28,68,0.529,0.365,0.781,0.642,0.621,0.191,0.115,113.6,116.1,-2.6,1.88,0.036,0.167,0.116,0.101,9.300000000000011,0.7531805559876492,-0.18350276662124712,0.33031455718972574,-0.5980735889067016
1630534,Ochai Agbaji,TOR,2024-25,Scorer,Average,64,1738.67,667,242,98,58,30,54,0.498,0.399,0.708,0.601,0.593,0.144,0.081,106.4,112.2,-5.7,1.81,0.033,0.098,0.081,0.066,13.200000000000003,0.0549881919950046,-0.4905113730134982,-0.3172301158326457,-0.22435907294775378
1631094,Paolo Banchero,ORL,2024-25,Scorer,Elite,46,1581.53,1191,345,219,36,28,136,0.452,0.32,0.727,0.551,0.5,0.33,0.157,109.1,109.6,-0.6,1.61,0.031,0.192,0.262,0.108,15.800000000000011,1.50860308604714,0.9715265306094507,0.49113335908145017,-0.31978183046805425
1627783,Pascal Siakam,IND,2024-25,Scorer,Elite,78,2547.853333333333,1578,540,263,70,42,109,0.519,0.389,0.734,0.599,0.572,0.237,0.13,114.5,108.9,5.5,2.41,0.053,0.154,0.155,0.104,16.5,1.3813246283574394,0.5323440419561909,0.9575835656774581,0.21527727801221797
1631116,Patrick Baldwin Jr.,LAC,2024-25,Scorer,Average,24,106.74833333333332,53,25,3,3,2,5,0.543,0.565,0.5,0.721,0.729,0.151,0.122,114.6,102.1,12.4,0.6,0.038,0.189,0.042,0.105,23.30000000000001,0.34955046668686157,-1.0591705286974054,-0.39616675060547946,-0.48410080864096444
1630202,Payton Pritchard,BOS,2024-25,Scorer,Very Good,80,2270.875,1144,307,279,70,14,83,0.472,0.407,0.845,0.633,0.62,0.186,0.116,118.4,108.9,9.5,3.36,0.042,0.087,0.184,0.065,16.5,0.889397637603334,0.7541310498262028,-0.15750016219908297,-0.06801171407381267
1629656,Quentin Grimes,PHI,2024-25,Scorer,Very Good,75,2013.09,1092,324,228,74,22,141,0.467,0.385,0.757,0.595,0.565,0.218,0.105,111.9,118.1,-6.2,1.62,0.028,0.126,0.172,0.077,7.300000000000011,0.8688869435156251,0.4990549523679444,0.04048312537939025,-0.48616956075140766
1642366,Quinten Post,GSW,2024-25,Scorer,Average,42,685.7566666666667,340,148,56,16,18,33,0.449,0.408,0.778,0.595,0.582,0.197,0.095,111.5,109.1,2.4,1.7,0.049,0.166,0.131,0.106,16.30000000000001,0.17285282352165177,-0.36417574180584394,-0.05706153050997004,-0.598806391740267
1641842,Ronald Holland II,DET,2024-25,Scorer,Average,81,1266.3216666666667,522,218,82,49,17,72,0.474,0.238,0.754,0.556,0.517,0.177,0.078,109.8,110.9,-1.0,1.14,0.03,0.136,0.095,0.083,14.5,-0.06529162409503912,-0.4707392874820693,-0.16433707866104733,-0.3727572938681509
1629060,Rui Hachimura,LAL,2024-25,Scorer,Average,59,1868.825,775,295,83,45,26,49,0.509,0.413,0.77,0.619,0.597,0.156,0.086,114.8,110.9,3.9,1.69,0.044,0.111,0.063,0.079,14.5,0.32363371303764743,-0.6468245028770824,-0.01098554493754221,-0.3231455695937459
1631157,Ryan Rollins,MIL,2024-25,Scorer,Average,56,819.525,349,108,104,42,17,53,0.487,0.408,0.8,0.6,0.577,0.179,0.088,114.0,108.6,5.4,1.96,0.027,0.098,0.173,0.065,16.80000000000001,0.0761621677617859,0.04839088173291642,-0.6855225003484732,-0.3101510818224778
1630573,Sam Hauser,BOS,2024-25,Scorer,Average,71,1541.1333333333334,605,224,64,41,13,23,0.451,0.416,1.0,0.632,0.627,0.14,0.083,119.8,109.8,10.0,2.78,0.027,0.113,0.057,0.07,15.600000000000009,0.15823865225169112,-0.7504445580110128,-0.31403231311989943,-0.4314879108324831
1630572,Sandro Mamukelashvili,SAS,2024-25,Scorer,Very Good,61,681.2083333333334,385,187,48,22,17,26,0.502,0.373,0.741,0.628,0.609,0.202,0.124,111.6,112.9,-1.4,1.85,0.086,0.176,0.108,0.131,12.5,0.43058563045506837,-0.5228192990876463,0.36491159186998334,-0.7700234433015783
203552,Seth Curry,CHA,2024-25,Scorer,Average,68,1061.9566666666667,444,113,60,27,7,32,0.478,0.456,0.846,0.616,0.599,0.151,0.083,106.2,114.1,-8.0,1.88,0.02,0.081,0.087,0.049,11.300000000000011,0.03117839771356586,-0.596633723252849,-0.8760900763050314,-0.8898968787001462
1631101,Shaedon Sharpe,POR,2024-25,Scorer,Very Good,72,2252.33,1335,324,198,62,16,150,0.452,0.311,0.785,0.551,0.519,0.25,0.102,111.4,114.4,-3.0,1.32,0.029,0.114,0.138,0.07,11.0,1.026809967065722,0.19766399931061068,-0.048694454753371724,-0.4538184023464272
1628983,Shai Gilgeous-Alexander,OKC,2024-25,Scorer,Elite,76,2597.63,2484,379,486,131,77,183,0.519,0.375,0.898,0.637,0.569,0.336,0.199,122.4,105.7,16.7,2.66,0.025,0.112,0.299,0.069,19.700000000000003,2.9766796605503543,2.1618572870657053,0.0845017130435382,1.389446617515193
201939,Stephen Curry,GSW,2024-25,Scorer,Elite,70,2252.45,1718,310,421,80,30,200,0.448,0.397,0.933,0.618,0.572,0.286,0.145,118.4,112.7,5.7,2.11,0.017,0.118,0.284,0.066,12.700000000000003,1.9496222877977682,1.8384125510899594,-0.13680037214340687,-0.025786425829642523
1629659,Talen Horton-Tucker,CHI,2024-25,Scorer,Average,58,723.695,379,100,83,21,11,40,0.457,0.336,0.735,0.567,0.527,0.208,0.09,111.4,109.8,1.7,2.08,0.025,0.097,0.162,0.063,15.600000000000009,0.1214119208938209,-0.09067682272027663,-0.732228837627156,-0.6589500976048669
1627752,Taurean Prince,MIL,2024-25,Scorer,Average,80,2165.86,656,287,155,76,15,82,0.457,0.439,0.813,0.613,0.6,0.123,0.064,114.0,114.5,-0.4,1.89,0.016,0.11,0.093,0.065,10.900000000000006,-0.038064135173973966,-0.2133571276212102,-0.21056773387238853,-0.32475225271808256
1629611,Terance Mann,ATL,2024-25,Scorer,Average,67,1414.25,517,199,121,47,15,47,0.496,0.368,0.691,0.584,0.569,0.145,0.074,112.9,115.2,-2.3,2.57,0.047,0.094,0.118,0.07,10.200000000000003,-0.1430617811403139,-0.19802529920778061,-0.3803667777115314,-0.6663600504637807
1630545,Terrence Shannon Jr.,MIN,2024-25,Scorer,Average,32,338.8283333333333,138,47,32,7,5,15,0.482,0.355,0.81,0.56,0.531,0.166,0.082,107.8,107.0,0.8,2.13,0.029,0.1,0.139,0.065,18.400000000000006,-0.39986797176754457,-0.4075471068626245,-0.8473785939520551,-0.7002008726210622
203501,Tim Hardaway Jr.,DET,2024-25,Scorer,Average,77,2152.795,844,183,123,38,7,48,0.406,0.368,0.855,0.567,0.529,0.151,0.066,113.8,114.2,-0.5,2.56,0.008,0.075,0.074,0.042,11.200000000000003,0.03947869646979311,-0.4378426632994621,-0.7795311555812242,-0.7817973538836657
1641787,Tosan Evbuomwan,BKN,2024-25,Scorer,Average,28,664.93,267,120,55,24,10,39,0.427,0.312,0.753,0.53,0.482,0.183,0.087,103.4,108.4,-5.0,1.41,0.044,0.136,0.132,0.087,17.0,-0.3539176505609592,-0.362237779793265,-0.3734095626415234,-0.5557269277237005
1630530,Trey Murphy III,NOP,2024-25,Scorer,Very Good,53,1854.23,1124,268,188,56,39,103,0.454,0.361,0.887,0.598,0.548,0.229,0.11,109.0,118.7,-9.7,1.83,0.024,0.117,0.157,0.069,6.700000000000003,0.9896416206456612,0.2676024994506553,-0.21002330974330757,-0.5359300106184915
1641774,Tristan Vukcevic,WAS,2024-25,Scorer,Very Good,35,512.51,330,130,39,11,23,42,0.496,0.373,0.776,0.608,0.574,0.252,0.127,102.6,114.3,-11.7,0.93,0.046,0.186,0.136,0.116,11.100000000000009,0.6425958183766732,-0.39864222761100837,0.022574198030858028,-0.9055501966738775
1629660,Ty Jerome,CLE,2024-25,Scorer,Very Good,70,1392.4,878,173,237,78,3,92,0.516,0.439,0.872,0.643,0.606,0.229,0.134,120.3,110.4,9.9,2.58,0.036,0.083,0.241,0.06,15.0,1.0695281125618508,0.9197902543782777,-0.5767511639336317,-0.18454492717536877
1629639,Tyler Herro,MIA,2024-25,Scorer,Elite,77,2725.08,1840,399,424,69,17,198,0.472,0.375,0.878,0.605,0.563,0.271,0.139,113.9,112.6,1.3,2.14,0.013,0.132,0.254,0.073,12.800000000000011,1.8534672558673488,1.6809220250094574,0.18852790193556476,-0.26541298268606583
1641890,Tyler Smith,MIL,2024-25,Scorer,Average,23,121.57333333333334,67,25,4,3,4,8,0.48,0.433,0.75,0.626,0.61,0.205,0.123,103.4,96.3,7.1,0.5,0.05,0.143,0.056,0.098,29.10000000000001,0.21178664396044566,-0.9768436906862261,-0.48534433073824146,-0.12308876534770478
1630178,Tyrese Maxey,PHI,2024-25,Scorer,Elite,52,1960.195,1369,174,317,91,21,124,0.437,0.337,0.879,0.562,0.511,0.293,0.127,113.8,117.4,-3.5,2.56,0.007,0.087,0.276,0.045,8.0,1.429002657738595,1.4107834268874422,-0.7651925999201709,-0.27901558226852624
1642258,Zaccharie Risacher,ATL,2024-25,Scorer,Very Good,75,1843.3866666666668,942,268,92,52,37,92,0.458,0.355,0.711,0.558,0.537,0.203,0.071,112.3,115.0,-2.7,1.0,0.044,0.099,0.068,0.071,10.400000000000006,0.4393585332994035,-0.5856190143014517,-0.18454400113394714,-0.38021809269472473
203897,Zach LaVine,SAC,2024-25,Scorer,Elite,74,2602.48,1724,315,310,58,12,208,0.511,0.446,0.825,0.639,0.609,0.251,0.115,115.4,116.8,-1.4,1.49,0.009,0.107,0.178,0.059,8.600000000000009,1.8178005693902233,0.8344955608091857,-0.2127110593578426,-0.6767449302307705
1629627,Zion Williamson,NOP,2024-25,Scorer,Elite,30,857.2766666666666,737,216,159,37,27,90,0.567,0.231,0.656,0.6,0.57,0.325,0.167,113.7,115.5,-1.8,1.77,0.08,0.152,0.325,0.116,9.900000000000006,1.4247583346570993,1.1046572113689401,0.25076475622607186,-0.6661905143248803
1630639,A.J. Lawson,TOR,2025-26,Scorer,Average,24,226.115,101,43,7,12,4,6,0.436,0.422,0.778,0.588,0.558,0.172,0.091,107.6,110.7,-3.1,1.17,0.039,0.156,0.046,0.096,14.700000000000003,-0.22253657618254974,-1.0219811500683835,-0.4630628248416271,-0.8759038196157346
1631260,AJ Green,MIL,2025-26,Scorer,Average,78,2269.9333333333334,809,213,152,39,8,75,0.424,0.419,0.855,0.627,0.612,0.135,0.058,113.1,116.7,-3.6,2.03,0.013,0.08,0.09,0.046,8.700000000000003,0.24016294298513843,-0.24124916159297666,-0.6489711808525447,-0.9082052145660376
203932,Aaron Gordon,DEN,2025-26,Scorer,Very Good,36,1004.9583333333334,582,209,96,21,10,38,0.497,0.389,0.767,0.62,0.574,0.213,0.117,124.7,112.0,12.7,2.53,0.052,0.148,0.13,0.102,13.400000000000006,0.6074369830882653,-0.22260574224723045,0.053835945874890656,-0.7983278467168452
1628988,Aaron Holiday,HOU,2025-26,Scorer,Average,57,780.7316666666667,312,58,60,27,5,38,0.417,0.394,0.854,0.578,0.55,0.159,0.063,114.6,106.3,8.3,1.58,0.016,0.054,0.105,0.035,19.10000000000001,-0.22271578045474036,-0.4955159632243389,-1.200381058672146,-0.45184534132017146
1630174,Aaron Nesmith,IND,2025-26,Scorer,Average,45,1334.95,621,187,86,26,23,63,0.414,0.379,0.829,0.554,0.517,0.19,0.067,111.1,118.4,-7.3,1.37,0.034,0.102,0.091,0.067,7.0,0.08983331457509951,-0.4784911355323851,-0.4504262836295556,-0.9910239203021595
1642846,Ace Bailey,UTA,2025-26,Scorer,Very Good,72,1987.6433333333332,993,302,131,60,49,107,0.443,0.344,0.75,0.533,0.52,0.21,0.069,109.8,120.4,-10.7,1.22,0.048,0.097,0.098,0.072,5.0,0.38444209820241365,-0.2735814526827425,-0.08158947498464741,-0.49319286641867316
203952,Andrew Wiggins,MIA,2025-26,Scorer,Very Good,68,2062.5983333333334,1045,329,182,76,69,103,0.475,0.414,0.784,0.586,0.559,0.194,0.092,113.7,113.9,-0.1,1.77,0.051,0.098,0.123,0.074,11.5,0.6078435483581538,0.05452413812943989,0.01553105538367569,0.2568436084775349
1629014,Anfernee Simons,CHI,2025-26,Scorer,Very Good,55,1371.9333333333334,785,135,134,27,8,68,0.44,0.385,0.896,0.576,0.552,0.227,0.096,116.9,114.0,3.0,1.97,0.021,0.075,0.151,0.047,11.400000000000006,0.6047453722120326,0.03519324803488545,-0.843195056073756,-0.8739039471921237
1630162,Anthony Edwards,MIN,2025-26,Scorer,Elite,61,2136.593333333333,1757,302,226,83,49,174,0.489,0.399,0.796,0.617,0.572,0.309,0.145,117.8,114.3,3.5,1.3,0.017,0.12,0.174,0.069,11.100000000000009,2.1404006474115094,0.5029308763931023,-0.11980843789868817,0.10352199896446757
1642854,Asa Newell,ATL,2025-26,Scorer,Average,44,499.90833333333336,227,96,26,16,15,23,0.538,0.387,0.552,0.624,0.624,0.16,0.074,110.2,114.0,-3.8,1.13,0.078,0.106,0.072,0.091,11.400000000000006,-0.013686292266981518,-0.8060080282361085,-0.3861320314307689,-0.9170566914920474
1630559,Austin Reaves,LAL,2025-26,Scorer,Elite,51,1761.65,1187,240,280,56,20,151,0.49,0.36,0.871,0.641,0.567,0.258,0.137,117.3,112.3,5.0,1.85,0.02,0.117,0.237,0.071,13.100000000000009,1.4932220399196512,1.0555463678991543,-0.2588386014765749,-0.3521319063600528
1630245,Ayo Dosunmu,MIN,2025-26,Scorer,Very Good,69,1881.0433333333333,1022,237,249,58,18,96,0.517,0.439,0.876,0.63,0.599,0.197,0.114,111.7,113.2,-1.5,2.59,0.024,0.093,0.202,0.059,12.200000000000003,0.8647901620352089,0.7448580701845651,-0.4196745888837342,-0.4045233160341266
1631097,Bennedict Mathurin,LAC,2025-26,Scorer,Very Good,54,1620.015,949,293,129,43,13,118,0.43,0.315,0.869,0.575,0.485,0.246,0.105,111.4,115.3,-3.9,1.09,0.034,0.142,0.123,0.088,10.100000000000009,0.8563854200316622,-0.1404995019544883,0.09836458663724983,-0.7339158977281234
1641731,Bilal Coulibaly,WAS,2025-26,Scorer,Average,56,1467.605,657,243,145,75,54,81,0.425,0.319,0.746,0.531,0.485,0.193,0.082,108.5,121.2,-12.8,1.79,0.03,0.128,0.137,0.077,4.200000000000003,0.006252789650315953,-0.0029772941082347286,-0.17444053989749722,-0.3341888423682334
1642382,Branden Carlson,OKC,2025-26,Scorer,Average,42,488.2033333333333,242,124,29,8,27,16,0.527,0.36,0.577,0.613,0.61,0.185,0.109,112.6,114.6,-2.0,1.81,0.057,0.182,0.086,0.121,10.800000000000011,0.11725009508874888,-0.7163218075802525,0.07035219805226778,-0.9137908319913738
1627742,Brandon Ingram,TOR,2025-26,Scorer,Elite,77,2603.863333333333,1655,430,284,58,55,187,0.477,0.382,0.82,0.573,0.529,0.264,0.121,114.6,113.7,1.0,1.52,0.024,0.144,0.169,0.083,11.700000000000003,1.4858501705689984,0.6882647064141357,0.39817918107599143,-0.059554485445194594
1641706,Brandon Miller,CHA,2025-26,Scorer,Elite,65,1968.3116666666667,1311,319,217,66,44,163,0.435,0.383,0.892,0.574,0.533,0.272,0.113,119.8,111.3,8.5,1.33,0.034,0.122,0.173,0.078,14.100000000000009,1.3020563307794368,0.46419600115714066,0.03995588676574416,0.053055534146309626
1641729,Brice Sensabaugh,UTA,2025-26,Scorer,Very Good,75,1761.8666666666666,1116,231,143,54,12,124,0.46,0.367,0.826,0.59,0.554,0.244,0.09,111.4,120.8,-9.4,1.15,0.03,0.097,0.124,0.063,4.6000000000000085,1.0479393705364943,-0.08336617010683531,-0.3846362431670047,-0.9532090821820286
1631121,Bryce McGowens,NOP,2025-26,Scorer,Average,42,879.9333333333333,340,88,62,27,8,17,0.481,0.409,0.779,0.61,0.561,0.136,0.067,115.3,118.9,-3.6,3.65,0.013,0.082,0.091,0.047,6.5,-0.18793353936437476,-0.5668037272685036,-0.967903849506024,-1.1618018549346867
1627741,Buddy Hield,ATL,2025-26,Scorer,Average,51,819.2716666666666,390,116,71,39,9,48,0.437,0.349,0.811,0.568,0.55,0.192,0.085,110.2,115.0,-4.9,1.48,0.032,0.106,0.129,0.069,10.400000000000006,0.017934382315746105,-0.3202156786406044,-0.6133368544604297,-0.7982048029788106
203468,CJ McCollum,ATL,2025-26,Scorer,Very Good,76,2263.3716666666664,1424,252,293,64,35,135,0.455,0.375,0.772,0.566,0.538,0.247,0.105,113.6,112.0,1.5,2.17,0.025,0.077,0.194,0.051,13.400000000000006,1.1547938188331517,0.8618232616881109,-0.4817911445661974,-0.09985264029261882
1630560,Cam Thomas,MIL,2025-26,Scorer,Very Good,42,880.5266666666666,567,71,108,9,4,74,0.41,0.31,0.811,0.53,0.466,0.295,0.089,111.7,123.8,-12.1,1.46,0.012,0.071,0.208,0.041,1.6000000000000085,0.6823210201567252,0.25972751374437253,-1.0894492112564156,-1.6766741515791537
1641715,Cam Whitmore,WAS,2025-26,Scorer,Average,21,353.9833333333333,193,58,15,15,8,18,0.456,0.286,0.742,0.528,0.503,0.225,0.082,104.4,124.0,-19.6,0.83,0.049,0.102,0.067,0.075,1.4000000000000057,-0.11125749721013416,-0.8745728994564155,-0.6907948864849341,-1.5857870529468927
1629661,Cameron Johnson,DEN,2025-26,Scorer,Average,54,1647.0316666666668,660,206,132,40,21,47,0.48,0.43,0.839,0.629,0.596,0.144,0.075,124.2,114.7,9.5,2.81,0.027,0.095,0.098,0.063,10.700000000000003,0.21003116314514791,-0.26990176136040417,-0.4509707077586366,-0.6488074694887778
1642907,Cedric Coward,MEM,2025-26,Scorer,Very Good,62,1597.9466666666667,843,364,171,40,27,105,0.471,0.338,0.843,0.585,0.542,0.207,0.11,113.8,113.5,0.3,1.63,0.05,0.16,0.154,0.106,11.900000000000006,0.5516201947873788,0.18819478696615305,0.5160682435617299,-0.5175970754109395
1631128,Christian Braun,DEN,2025-26,Scorer,Average,44,1399.138333333333,526,211,120,30,12,43,0.519,0.301,0.782,0.607,0.575,0.142,0.076,124.2,114.1,10.1,2.79,0.046,0.101,0.108,0.075,11.300000000000011,-0.027029554288763007,-0.2578815238792911,-0.2848279631841467,-0.8082254698698478
1629632,Coby White,CHA,2025-26,Scorer,Very Good,50,1249.7883333333334,868,170,200,25,5,128,0.446,0.362,0.817,0.595,0.539,0.283,0.112,117.2,114.0,3.2,1.56,0.013,0.113,0.242,0.064,11.400000000000006,1.1831809169954914,0.7892593287866789,-0.5337526824659062,-0.9249790650779652
1629012,Collin Sexton,CHI,2025-26,Scorer,Very Good,68,1613.2033333333334,1050,155,223,76,10,141,0.485,0.401,0.855,0.615,0.561,0.248,0.113,110.5,113.6,-3.0,1.58,0.024,0.065,0.217,0.045,11.800000000000011,1.1725638743656173,0.7334508958275284,-0.8156067930098112,-0.32246036518889254
1642843,Cooper Flagg,DAL,2025-26,Scorer,Very Good,70,2343.858333333333,1473,466,316,84,64,161,0.468,0.295,0.827,0.548,0.498,0.264,0.128,109.5,114.7,-5.2,1.96,0.035,0.151,0.212,0.093,10.700000000000003,1.2116626599341562,1.0475739221304012,0.6210973531347443,0.24214345192906594
1630557,Corey Kispert,ATL,2025-26,Scorer,Average,58,1079.6066666666666,532,132,92,16,9,45,0.467,0.367,0.794,0.609,0.577,0.179,0.088,108.9,115.9,-7.0,2.04,0.022,0.091,0.121,0.056,9.5,0.259590248087143,-0.28788338755083864,-0.7364983030826292,-1.0893953581045377
1641747,DaRon Holmes II,DEN,2025-26,Scorer,Average,25,209.51,93,35,16,1,6,12,0.508,0.444,0.786,0.692,0.672,0.171,0.095,107.9,110.9,-3.0,1.33,0.04,0.113,0.125,0.08,14.5,0.35899751536720803,-0.5450693147088781,-0.688124322385834,-0.9813948189409216
1631342,Daeqwon Plowden,SAC,2025-26,Scorer,Average,32,844.3683333333333,344,97,41,23,7,26,0.43,0.333,0.857,0.572,0.541,0.157,0.057,111.2,122.1,-10.9,1.58,0.037,0.08,0.065,0.057,3.3000000000000114,-0.24858519598427387,-0.7901362317454551,-0.8166268992062335,-1.4013797308494145
1642261,Dalton Knecht,LAL,2025-26,Scorer,Average,54,552.9283333333333,228,75,21,11,11,23,0.455,0.342,0.727,0.568,0.555,0.171,0.069,105.2,113.7,-8.5,0.91,0.026,0.108,0.059,0.068,11.700000000000003,-0.2526218679717228,-0.8974359782017238,-0.7348650306953863,-0.9917069596810465
1629631,De'Andre Hunter,SAC,2025-26,Scorer,Average,45,1175.486666666667,615,185,90,30,6,75,0.415,0.305,0.867,0.545,0.49,0.218,0.077,114.1,115.0,-0.9,1.2,0.023,0.127,0.11,0.074,10.400000000000006,0.23902209296316937,-0.3570369568796047,-0.36655546066412426,-0.9218094614328356
1629001,De'Anthony Melton,GSW,2025-26,Scorer,Average,49,1125.256666666667,602,158,125,77,20,91,0.407,0.294,0.826,0.518,0.475,0.244,0.09,114.3,110.4,3.9,1.37,0.033,0.108,0.164,0.07,15.0,0.26560621305428045,0.07510551948776507,-0.48915529964180776,-0.022909402061447832
201942,DeMar DeRozan,SAC,2025-26,Scorer,Very Good,77,2405.515,1419,226,316,80,23,96,0.497,0.32,0.868,0.594,0.52,0.222,0.111,110.6,122.3,-11.7,3.29,0.015,0.081,0.196,0.047,3.1000000000000085,1.1282670362382465,0.9576914687717255,-0.6017376049602158,-0.6606535543263744
1627884,Derrick Jones Jr.,LAC,2025-26,Scorer,Average,50,1349.5083333333334,504,173,69,45,50,40,0.499,0.359,0.763,0.6,0.571,0.144,0.072,117.9,113.8,4.0,1.73,0.047,0.082,0.068,0.065,11.600000000000009,-0.06827662007563802,-0.6702519147152319,-0.5130528924102301,-0.2507149911635623
1630217,Desmond Bane,ORL,2025-26,Scorer,Elite,82,2756.045,1647,338,338,86,37,164,0.484,0.391,0.908,0.607,0.553,0.224,0.111,113.6,111.5,2.2,2.06,0.034,0.084,0.19,0.059,13.900000000000006,1.3816579274293457,1.004938757853664,-0.1516833519335412,0.17770960988114
1626164,Devin Booker,PHX,2025-26,Scorer,Elite,64,2146.43,1668,248,386,51,18,201,0.456,0.33,0.873,0.585,0.507,0.307,0.142,115.9,112.0,3.9,1.92,0.021,0.091,0.293,0.055,13.400000000000006,1.8786162698786208,1.7601822348223752,-0.4414460416821373,-0.4065472465429069
1630170,Devin Vassell,SAS,2025-26,Scorer,Average,67,2044.2316666666663,932,269,167,57,25,60,0.437,0.384,0.815,0.574,0.547,0.176,0.087,121.3,109.9,11.4,2.78,0.019,0.102,0.107,0.063,15.5,0.32597460748639745,-0.09055368506430977,-0.28380785698772415,-0.1501720032875726
1628415,Dillon Brooks,PHX,2025-26,Scorer,Very Good,56,1701.5833333333333,1131,203,99,57,9,98,0.435,0.344,0.842,0.54,0.501,0.279,0.088,113.7,114.8,-1.1,1.01,0.024,0.094,0.095,0.058,10.600000000000009,1.0290966666352055,-0.4081845350023187,-0.5226291150330339,-0.5999493350792952
1628378,Donovan Mitchell,CLE,2025-26,Scorer,Elite,70,2342.063333333333,1952,316,398,104,20,198,0.483,0.364,0.865,0.613,0.563,0.311,0.152,119.3,112.1,7.2,2.01,0.021,0.108,0.266,0.065,13.300000000000011,2.272795508412546,1.6526618906476696,-0.13361975494609546,0.1569644496888208
203926,Doug McDermott,SAC,2025-26,Scorer,Average,29,439.1983333333333,164,37,22,6,4,13,0.388,0.39,0.889,0.574,0.561,0.146,0.055,104.2,115.3,-11.1,1.69,0.014,0.068,0.073,0.04,10.100000000000009,-0.4474822339939168,-0.8151091401905444,-1.1924037374057153,-1.2083435024733176
1631166,Drew Timme,LAL,2025-26,Scorer,Average,27,235.08166666666668,92,33,23,6,0,13,0.576,0.44,0.556,0.658,0.659,0.155,0.084,108.1,115.0,-6.9,1.77,0.047,0.093,0.145,0.072,10.400000000000006,0.04675242251855627,-0.40695840875416567,-0.795348313990607,-1.2311869559707571
1629130,Duncan Robinson,DET,2025-26,Scorer,Very Good,77,2113.1583333333333,939,205,159,44,22,54,0.456,0.41,0.755,0.629,0.613,0.152,0.078,120.8,109.5,11.3,2.94,0.014,0.08,0.094,0.047,15.900000000000006,0.4697955716058125,-0.19302070899693985,-0.6574585552171865,-0.291720243475044
1641871,Duop Reath,POR,2025-26,Scorer,Average,32,258.17,94,38,10,5,8,7,0.446,0.418,0.833,0.613,0.601,0.13,0.067,103.0,109.4,-6.4,1.43,0.037,0.095,0.059,0.067,16.0,-0.392106460342343,-0.9379125827474448,-0.845779692595682,-0.8315824266072749
1630604,E.J. Liddell,BKN,2025-26,Scorer,Average,26,349.19,147,69,24,6,10,15,0.486,0.346,0.808,0.6,0.568,0.168,0.087,108.1,114.6,-6.5,1.6,0.039,0.174,0.114,0.102,10.800000000000011,-0.15003521915053644,-0.5774259708142614,-0.3176370558382482,-1.1065104459202306
1630532,Franz Wagner,ORL,2025-26,Scorer,Very Good,34,1019.0033333333332,699,177,113,32,11,58,0.481,0.345,0.823,0.588,0.529,0.256,0.134,114.2,110.6,3.6,1.95,0.041,0.128,0.175,0.084,14.800000000000011,0.8236309783820296,0.09274341030379529,-0.2603859462866434,-0.5919788453230375
1641713,GG Jackson,MEM,2025-26,Scorer,Very Good,55,1177.765,686,235,81,31,44,85,0.496,0.332,0.742,0.591,0.558,0.23,0.108,114.0,117.5,-3.5,0.95,0.04,0.154,0.103,0.097,7.900000000000006,0.6410761172047769,-0.4294777521250697,0.059125517526786506,-0.6738711540015241
1627780,Gary Payton II,GSW,2025-26,Scorer,Very Good,73,1142.28,547,265,123,67,21,62,0.583,0.291,0.65,0.632,0.628,0.177,0.114,111.2,113.5,-2.3,1.98,0.084,0.143,0.164,0.113,11.900000000000006,0.3872698505932679,0.06774613684308854,0.3425613439116295,-0.2985450600949523
1629018,Gary Trent Jr.,MIL,2025-26,Scorer,Average,65,1377.381666666667,529,67,79,34,3,41,0.387,0.36,0.769,0.533,0.517,0.167,0.047,107.9,120.4,-12.4,1.93,0.006,0.044,0.082,0.024,5.0,-0.26495173487569423,-0.554807854803008,-1.3166368487706415,-1.2279916469561196
203507,Giannis Antetokounmpo,MIL,2025-26,Scorer,Elite,36,1039.23,993,352,196,34,24,115,0.624,0.333,0.65,0.658,0.636,0.358,0.213,119.4,114.9,4.4,1.7,0.098,0.233,0.344,0.168,10.5,2.1825654690463065,1.3475412036588832,1.2740862674479252,-0.6923741901193324
1641711,Gradey Dick,TOR,2025-26,Scorer,Average,76,1066.6883333333333,455,147,51,45,7,42,0.419,0.301,0.875,0.538,0.492,0.176,0.07,110.8,106.7,4.1,1.21,0.038,0.095,0.066,0.066,18.700000000000003,-0.22384473623001586,-0.7477216651871552,-0.569301081280847,-0.2686077504442129
1628960,Grayson Allen,PHX,2025-26,Scorer,Very Good,51,1467.2783333333334,841,155,195,69,13,83,0.403,0.349,0.857,0.568,0.522,0.231,0.105,113.9,113.8,0.1,2.35,0.023,0.081,0.206,0.051,11.600000000000009,0.6286713510243233,0.5686253521179674,-0.7391688671817294,-0.3763884487577592
1630611,Gui Santos,GSW,2025-26,Scorer,Average,68,1395.3633333333332,625,266,159,61,22,102,0.5,0.351,0.725,0.609,0.585,0.181,0.097,111.7,110.7,1.0,1.56,0.052,0.138,0.168,0.094,14.700000000000003,0.34129806286447223,0.22268563778693512,0.10316129070636917,-0.18608268358314436
203084,Harrison Barnes,SAS,2025-26,Scorer,Average,77,1986.475,765,213,148,50,12,61,0.456,0.388,0.829,0.608,0.577,0.144,0.075,118.4,110.6,7.8,2.43,0.03,0.071,0.097,0.051,14.800000000000011,0.16568354072020788,-0.21664435353790915,-0.5852729093291432,-0.39535684843035007
1630171,Isaac Okoro,CHI,2025-26,Scorer,Average,63,1694.89,584,173,100,46,29,46,0.46,0.33,0.795,0.574,0.539,0.137,0.05,112.1,120.6,-8.5,2.17,0.04,0.058,0.079,0.049,4.800000000000011,-0.2104840212564677,-0.49438729703865614,-0.7168873612851148,-0.8523521626263907
1630198,Isaiah Joe,OKC,2025-26,Scorer,Very Good,71,1507.445,785,181,94,50,11,45,0.455,0.423,0.894,0.657,0.622,0.178,0.099,116.9,105.2,11.7,2.09,0.022,0.09,0.089,0.057,20.200000000000003,0.7091621834679814,-0.4602889116235135,-0.5937430981783502,-0.0881990671661093
1630191,Isaiah Stewart,DET,2025-26,Scorer,Average,58,1317.135,581,290,66,16,93,67,0.55,0.333,0.756,0.632,0.6,0.164,0.095,112.8,111.0,1.8,0.99,0.07,0.135,0.073,0.103,14.400000000000006,0.3166226474348705,-0.6532027220076606,0.2814992654564584,0.04836952589611717
1642266,Ja'Kobe Walter,TOR,2025-26,Scorer,Average,72,1473.575,541,185,86,73,14,37,0.446,0.409,0.789,0.61,0.582,0.136,0.069,111.6,110.7,0.9,2.32,0.037,0.088,0.079,0.062,14.700000000000003,-0.042982604091480914,-0.5459029755513919,-0.5194313123202877,-0.14268604034798132
1630702,Jaden Hardy,WAS,2025-26,Scorer,Very Good,57,898.0966666666667,523,86,58,16,6,62,0.424,0.397,0.733,0.566,0.545,0.239,0.066,112.0,116.4,-4.4,0.94,0.017,0.078,0.095,0.047,9.0,0.44647477485139264,-0.5590518792181877,-0.9732106066733546,-1.1491250876385066
1631093,Jaden Ivey,CHI,2025-26,Scorer,Average,37,670.255,316,91,68,23,14,41,0.445,0.373,0.809,0.571,0.543,0.192,0.091,110.3,108.2,2.1,1.66,0.034,0.096,0.145,0.065,17.200000000000003,-0.018278030022770064,-0.24137229924894366,-0.7306299362707829,-0.5138674996398217
1630183,Jaden McDaniels,MIN,2025-26,Scorer,Very Good,73,2316.4133333333334,1084,310,199,81,73,131,0.515,0.412,0.835,0.611,0.579,0.182,0.088,115.5,112.4,3.1,1.52,0.033,0.094,0.121,0.065,13.0,0.6910609769869859,0.10584358393935599,-0.14954002644808714,0.43725229175563857
1630224,Jalen Green,PHX,2025-26,Scorer,Very Good,32,828.325,568,116,91,34,8,72,0.422,0.313,0.747,0.516,0.491,0.309,0.106,114.2,113.5,0.7,1.26,0.017,0.122,0.181,0.067,11.900000000000006,0.7054834111531266,0.04549612122185681,-0.6388161630697904,-0.771997069099189
1630592,Jalen Wilson,BKN,2025-26,Scorer,Average,54,859.2216666666667,343,114,50,22,2,38,0.396,0.355,0.719,0.536,0.493,0.177,0.061,104.5,115.4,-10.9,1.32,0.019,0.122,0.098,0.067,10.0,-0.30872800692189156,-0.5716364497921421,-0.6441229202371208,-1.0686720909714225
1631288,Jamal Cain,ORL,2025-26,Scorer,Average,40,485.9683333333333,215,78,29,11,4,19,0.487,0.384,0.848,0.624,0.579,0.159,0.081,118.0,113.5,4.5,1.53,0.055,0.109,0.085,0.08,11.900000000000006,-0.029660561511791157,-0.7219394609151697,-0.574029043288227,-1.0507782726926536
1642419,Jamison Battle,TOR,2025-26,Scorer,Average,61,516.7783333333333,192,89,24,7,3,19,0.51,0.412,0.643,0.635,0.631,0.135,0.079,112.6,105.9,6.7,1.26,0.04,0.124,0.062,0.084,19.5,-0.1590456582568307,-0.8695439442299573,-0.4938832616491878,-0.6558056580727547
1642272,Jared McCain,OKC,2025-26,Scorer,Average,67,1159.6666666666667,558,137,90,35,5,56,0.425,0.385,0.864,0.551,0.528,0.198,0.079,113.5,108.9,4.6,1.61,0.019,0.092,0.111,0.056,16.5,0.0858121797846093,-0.3514193035446874,-0.7232314101643028,-0.5217165929423832
1628991,Jaren Jackson Jr.,UTA,2025-26,Scorer,Very Good,48,1454.6483333333333,931,272,94,53,69,107,0.476,0.357,0.803,0.576,0.534,0.253,0.107,108.7,110.8,-2.0,0.88,0.027,0.14,0.105,0.085,14.600000000000009,0.9003656499138986,-0.37040645826483776,0.00442467346623826,0.20067175354981892
1642859,Jase Richardson,ORL,2025-26,Scorer,Average,54,586.7483333333333,239,63,58,19,2,25,0.473,0.354,0.717,0.574,0.548,0.162,0.074,111.9,112.8,-0.8,2.32,0.034,0.074,0.145,0.053,12.600000000000009,-0.2762683510865565,-0.2781692124723263,-0.9578003882695743,-0.9469940246576511
1629637,Jaxson Hayes,LAL,2025-26,Scorer,Very Good,66,1206.5783333333334,497,271,59,29,52,31,0.756,1.0,0.653,0.758,0.761,0.124,0.109,115.5,113.1,2.4,1.9,0.083,0.139,0.071,0.111,12.300000000000011,0.6836364161224164,-0.6901958679338629,0.3330023068042606,-0.3551335976357562
1627759,Jaylen Brown,BOS,2025-26,Scorer,Elite,71,2442.838333333333,2038,492,364,72,27,259,0.477,0.347,0.795,0.573,0.522,0.351,0.152,119.5,113.0,6.5,1.41,0.032,0.155,0.251,0.095,12.400000000000006,2.398932151009815,1.4432875856644098,0.7155645049194022,-0.15665612386020614
1642377,Jaylen Wells,MEM,2025-26,Scorer,Average,69,1820.6416666666669,865,220,111,61,9,74,0.431,0.353,0.784,0.559,0.524,0.189,0.069,113.4,117.8,-4.4,1.5,0.031,0.086,0.085,0.058,7.6000000000000085,0.2870608528598827,-0.4202047724834318,-0.47752167911072413,-0.734767908474555
1642281,Jaylon Tyson,CLE,2025-26,Scorer,Very Good,66,1777.4833333333331,872,338,147,54,28,99,0.493,0.446,0.738,0.608,0.592,0.189,0.092,117.0,113.4,3.6,1.48,0.064,0.118,0.115,0.091,12.0,0.5722681693079723,-0.11920628483173726,0.2559855858162282,-0.35654506276654985
203924,Jerami Grant,POR,2025-26,Scorer,Very Good,57,1695.1016666666667,1060,198,122,42,36,119,0.453,0.389,0.814,0.608,0.547,0.228,0.094,114.9,115.2,-0.3,1.03,0.03,0.082,0.107,0.055,10.200000000000003,0.9933429689778873,-0.25613979456953184,-0.5741149708654012,-0.5057001210908173
1641724,Jett Howard,ORL,2025-26,Scorer,Average,55,695.32,301,87,45,10,11,15,0.418,0.372,0.949,0.561,0.526,0.166,0.07,112.6,118.1,-5.5,3.0,0.03,0.096,0.095,0.06,7.300000000000011,-0.2766031596969019,-0.6068878664085852,-0.8049417221288455,-1.2605888928371694
202710,Jimmy Butler III,GSW,2025-26,Scorer,Very Good,38,1181.6766666666667,760,211,185,55,8,60,0.519,0.376,0.864,0.646,0.554,0.226,0.155,116.6,109.2,7.3,3.08,0.073,0.101,0.24,0.087,16.200000000000003,0.9796237010352581,0.7228286522817704,-0.13195211152798322,-0.30176334468177746
1642866,Joan Beringer,MIN,2025-26,Scorer,Average,40,314.13166666666666,156,92,12,7,26,11,0.663,0.0,0.703,0.683,0.663,0.156,0.107,117.8,115.5,2.3,1.09,0.141,0.135,0.052,0.138,9.900000000000006,0.24316484127643645,-0.9698767734471889,0.20201820655454406,-0.987148866477311
203954,Joel Embiid,PHI,2025-26,Scorer,Elite,38,1200.638333333333,1021,293,150,21,46,109,0.489,0.333,0.854,0.605,0.527,0.336,0.163,119.1,113.2,5.8,1.38,0.063,0.169,0.209,0.118,12.200000000000003,1.7386776149821814,0.419892202617497,0.48055421577765867,-0.5046047526656375
1628381,John Collins,LAC,2025-26,Scorer,Very Good,69,1871.4783333333328,935,367,70,60,51,95,0.552,0.406,0.766,0.643,0.62,0.188,0.098,113.9,115.1,-1.2,0.74,0.061,0.135,0.058,0.099,10.300000000000011,0.8104938370312142,-0.722748756742066,0.4348507991799637,-0.16155816065016385
1630548,Johnny Juzang,MIN,2025-26,Scorer,Average,21,87.69833333333334,43,17,6,2,1,5,0.421,0.25,0.625,0.518,0.5,0.2,0.085,105.3,109.9,-4.6,1.2,0.054,0.129,0.095,0.092,15.5,-0.4596172506002301,-0.7503958279797776,-0.5830092852356454,-0.9628661009684696
203903,Jordan Clarkson,NYK,2025-26,Scorer,Average,72,1279.4616666666666,622,127,96,30,9,63,0.451,0.327,0.83,0.548,0.517,0.203,0.068,115.4,111.7,3.7,1.52,0.047,0.049,0.11,0.048,13.700000000000003,0.15141551312775817,-0.33495880894557506,-0.851682430438398,-0.6975666417602597
1641757,Jordan Miller,LAC,2025-26,Scorer,Very Good,60,1324.78,598,182,136,45,11,63,0.531,0.345,0.777,0.628,0.579,0.177,0.106,114.3,114.7,-0.4,2.16,0.041,0.097,0.157,0.071,10.700000000000003,0.40117830129997295,0.0762585506890654,-0.412734559329161,-0.6981752948279434
1629673,Jordan Poole,NOP,2025-26,Scorer,Average,39,933.2366666666668,524,77,119,22,15,69,0.372,0.333,0.86,0.53,0.48,0.235,0.073,109.4,117.3,-7.9,1.72,0.009,0.067,0.185,0.037,8.100000000000009,0.21208269223306486,0.17099809158699725,-1.124487556973145,-1.0487789415255342
1631169,Josh Minott,BKN,2025-26,Scorer,Average,49,833.7316666666667,364,158,46,44,24,43,0.5,0.418,0.787,0.653,0.627,0.162,0.104,111.7,111.7,-0.1,1.07,0.055,0.128,0.083,0.091,13.700000000000003,0.26556062538006847,-0.6706200151052537,-0.2216225592435217,-0.4007456005778048
1631124,Julian Strawther,DEN,2025-26,Scorer,Average,57,860.6733333333333,413,114,61,25,6,36,0.467,0.387,0.814,0.59,0.558,0.187,0.082,115.0,113.5,1.5,1.69,0.014,0.112,0.101,0.065,11.900000000000006,0.12370419387992881,-0.5143068852416695,-0.6696022288464815,-0.8854842635501413
203944,Julius Randle,MIN,2025-26,Scorer,Elite,79,2610.2966666666666,1667,532,398,86,18,217,0.481,0.315,0.802,0.585,0.526,0.258,0.128,117.0,113.1,4.0,1.83,0.05,0.146,0.227,0.099,12.300000000000011,1.5191914997943325,1.4335734105858975,0.8726582654847345,-0.1085296862564417
1642348,Justin Edwards,PHI,2025-26,Scorer,Average,64,977.0183333333332,386,94,80,54,11,36,0.447,0.372,0.846,0.572,0.552,0.154,0.068,111.7,115.0,-3.4,2.22,0.025,0.07,0.114,0.047,10.400000000000006,-0.24025838704563965,-0.3713632567633184,-0.9519835780040324,-0.6225494308979865
202695,Kawhi Leonard,LAC,2025-26,Scorer,Elite,65,2084.728333333333,1813,413,234,122,27,133,0.505,0.387,0.892,0.629,0.573,0.326,0.185,120.3,112.8,7.5,1.76,0.036,0.162,0.193,0.102,12.600000000000009,2.3738436171116883,0.6391038203352359,0.5951251769426072,0.37316295806529126
1629640,Keldon Johnson,SAS,2025-26,Scorer,Very Good,82,1911.4666666666667,1081,440,111,46,11,70,0.519,0.363,0.794,0.613,0.582,0.201,0.118,116.0,108.2,7.8,1.59,0.067,0.143,0.085,0.106,17.200000000000003,0.8394217618194472,-0.4202047724834318,0.7177250159202909,-0.30590854406786466
1626162,Kelly Oubre Jr.,PHI,2025-26,Scorer,Average,50,1574.3116666666667,705,252,80,68,24,69,0.467,0.36,0.766,0.58,0.546,0.179,0.083,115.3,117.2,-1.9,1.16,0.031,0.121,0.073,0.077,8.200000000000003,0.21854046339761116,-0.6016870434949249,-0.15056013264450974,-0.47522360283058235
1642352,Keshad Johnson,MIA,2025-26,Scorer,Average,32,279.52166666666665,136,62,8,15,8,13,0.49,0.295,0.724,0.582,0.553,0.171,0.083,122.3,109.3,13.0,0.62,0.08,0.12,0.036,0.1,16.10000000000001,-0.23892206285262685,-1.0744779920952174,-0.3616900145332656,-0.7220933297192048
201142,Kevin Durant,HOU,2025-26,Scorer,Elite,78,2839.8233333333333,2026,426,372,62,71,246,0.52,0.413,0.874,0.641,0.588,0.263,0.15,117.9,112.4,5.5,1.51,0.014,0.131,0.203,0.073,13.0,2.134868403942627,1.2030777561670891,0.26016912369452727,0.22015146792156673
202691,Klay Thompson,DAL,2025-26,Scorer,Average,69,1496.83,810,143,96,33,22,63,0.393,0.383,0.766,0.541,0.532,0.214,0.077,106.3,111.0,-4.7,1.52,0.011,0.074,0.096,0.043,14.400000000000006,0.32749406157817607,-0.41360595563441627,-0.872926644623155,-0.49382724837072917
1642920,Kobe Sanders,LAC,2025-26,Scorer,Average,68,1351.4166666666667,495,153,109,49,10,81,0.466,0.408,0.826,0.597,0.57,0.155,0.062,113.1,112.9,0.2,1.35,0.022,0.088,0.117,0.056,12.5,-0.011394266360992278,-0.24779924841075696,-0.6807773528256584,-0.5610888919886637
1642851,Kon Knueppel,CHA,2025-26,Scorer,Elite,81,2550.7466666666664,1498,432,274,57,19,161,0.475,0.425,0.863,0.633,0.601,0.216,0.115,119.2,113.0,6.2,1.7,0.036,0.128,0.158,0.082,12.400000000000006,1.3642988213573892,0.5896736065066636,0.39074628393864175,-0.39301627995946536
204001,Kristaps Porziņģis,GSW,2025-26,Scorer,Very Good,32,768.8916666666667,533,167,81,18,38,41,0.446,0.338,0.842,0.582,0.515,0.265,0.124,113.8,110.8,3.0,1.98,0.05,0.158,0.162,0.104,14.600000000000009,0.7354993770824425,-0.09803620536495317,-0.0321266460296904,-0.47561733338634715
1628398,Kyle Kuzma,MIL,2025-26,Scorer,Very Good,69,1805.7416666666663,896,313,184,46,28,119,0.492,0.347,0.726,0.581,0.552,0.212,0.096,110.2,116.8,-6.6,1.55,0.032,0.134,0.153,0.084,8.600000000000009,0.603573353679188,0.2304131208216333,0.10047354109183432,-0.6392018614413535
1629013,Landry Shamet,NYK,2025-26,Scorer,Average,51,1171.055,475,92,72,31,9,30,0.437,0.392,0.711,0.598,0.578,0.151,0.07,115.2,107.0,8.1,2.4,0.019,0.058,0.084,0.038,18.400000000000006,-0.04938163704989029,-0.5693303873895414,-1.0719472239134857,-0.4110583060892856
1628374,Lauri Markkanen,UTA,2025-26,Scorer,Elite,42,1442.5966666666666,1123,289,89,42,21,63,0.477,0.355,0.896,0.608,0.548,0.269,0.139,113.6,115.2,-1.5,1.41,0.054,0.134,0.101,0.094,10.200000000000003,1.3389151163132367,-0.41127552821619795,0.16418899813067056,-0.6574620811369052
1631159,Leonard Miller,CHI,2025-26,Scorer,Average,46,718.6616666666666,361,181,40,17,15,36,0.553,0.323,0.736,0.633,0.615,0.176,0.104,111.7,114.1,-2.5,1.11,0.073,0.158,0.077,0.118,11.300000000000011,0.2515332034341991,-0.7264040830487866,0.18337581440714765,-0.9125707960586853
1629029,Luka Dončić,LAL,2025-26,Scorer,Elite,64,2288.6016666666665,2143,495,530,105,34,255,0.476,0.366,0.78,0.616,0.563,0.368,0.188,119.4,115.6,3.8,2.08,0.019,0.194,0.387,0.11,9.800000000000011,2.8449550406433946,2.818117198721305,0.9146194552406024,0.10332894599688906
1630568,Luka Garza,BOS,2025-26,Scorer,Very Good,69,1117.9083333333333,557,281,66,27,28,46,0.577,0.433,0.769,0.682,0.654,0.168,0.103,119.4,113.6,5.8,1.43,0.129,0.11,0.085,0.12,11.800000000000011,0.6144738114600048,-0.5857908819886538,0.47419298138303595,-0.6480527971108719
1628379,Luke Kennard,LAL,2025-26,Scorer,Very Good,78,1680.4766666666667,652,182,174,55,8,60,0.533,0.478,0.913,0.689,0.665,0.131,0.089,114.2,113.7,0.5,2.9,0.019,0.086,0.139,0.053,11.700000000000003,0.45214787700956816,0.1149690609094095,-0.6420483368134062,-0.566159382404539
1631103,Malaki Branham,WAS,2025-26,Scorer,Average,28,275.4783333333333,128,44,23,10,3,15,0.473,0.378,0.824,0.604,0.549,0.177,0.099,102.5,111.3,-8.8,1.53,0.039,0.113,0.131,0.074,14.100000000000009,-0.07498256546360582,-0.48560555544300676,-0.7406818409609283,-0.9419968145251323
1628370,Malik Monk,SAC,2025-26,Scorer,Very Good,62,1363.6433333333334,772,117,185,37,24,91,0.438,0.395,0.879,0.568,0.536,0.234,0.094,110.0,118.3,-8.3,2.03,0.01,0.071,0.208,0.041,7.1000000000000085,0.6008735209296286,0.5430637455644192,-0.9673937964078128,-0.8610559964727048
1641824,Matas Buzelis,CHI,2025-26,Scorer,Very Good,77,2248.248333333333,1252,448,158,55,116,159,0.463,0.349,0.786,0.586,0.553,0.223,0.097,110.6,116.9,-6.3,0.99,0.033,0.152,0.103,0.094,8.5,0.9694153570870974,-0.14614152030502311,0.5860761929334497,0.33851176976888525
1631108,Max Christie,DAL,2025-26,Scorer,Very Good,77,2244.48,945,249,151,47,27,96,0.441,0.404,0.899,0.601,0.566,0.162,0.079,108.3,115.2,-6.9,1.57,0.006,0.097,0.095,0.052,10.200000000000003,0.38723627216734746,-0.2168405862407288,-0.47701162601251296,-0.5449504824269104
1630695,Micah Potter,IND,2025-26,Scorer,Very Good,47,908.3166666666668,458,233,69,22,15,47,0.515,0.423,0.842,0.679,0.637,0.174,0.114,108.4,114.8,-6.4,1.47,0.061,0.193,0.111,0.125,10.600000000000009,0.5698503509994238,-0.42869282131379105,0.41052908089050416,-0.9018922539017776
1629008,Michael Porter Jr.,BKN,2025-26,Scorer,Elite,52,1688.6033333333332,1259,367,158,55,13,122,0.463,0.363,0.859,0.595,0.555,0.292,0.141,113.0,119.6,-6.6,1.3,0.04,0.188,0.165,0.11,5.800000000000011,1.53103448787156,0.20215298645984514,0.5749869965314469,-0.8622246451812409
1628970,Miles Bridges,CHA,2025-26,Scorer,Very Good,77,2387.2316666666666,1314,450,246,46,34,107,0.46,0.333,0.822,0.57,0.531,0.221,0.114,118.3,114.8,3.5,2.3,0.03,0.155,0.154,0.092,10.600000000000009,0.9080050474829974,0.4641716361415231,0.5659036414914196,-0.46098772732391335
1630540,Miles McBride,NYK,2025-26,Scorer,Average,41,1080.035,491,100,106,35,9,33,0.423,0.413,0.787,0.578,0.562,0.174,0.085,119.9,110.4,9.5,3.21,0.02,0.068,0.136,0.044,15.0,0.016177109285699005,-0.1521029090143444,-0.9742822694160816,-0.5693787495043469
1642885,Mohamed Diawara,NYK,2025-26,Scorer,Average,69,634.1516666666666,246,94,53,17,6,30,0.423,0.369,0.75,0.55,0.535,0.169,0.076,112.0,106.7,5.3,1.77,0.024,0.125,0.114,0.075,18.700000000000003,-0.3571978029760325,-0.47071492246645164,-0.5952732574729842,-0.5688433767200196
1630541,Moses Moody,GSW,2025-26,Scorer,Average,60,1539.8983333333333,728,200,98,58,34,57,0.44,0.401,0.77,0.6,0.575,0.174,0.083,111.1,108.9,2.2,1.72,0.031,0.092,0.093,0.061,16.5,0.31287520255664497,-0.42309953299449143,-0.4923702878699889,0.01000121072789458
1630230,Naji Marshall,DAL,2025-26,Scorer,Very Good,74,2183.74,1128,348,241,82,6,119,0.51,0.291,0.76,0.592,0.548,0.2,0.106,109.7,114.3,-4.6,2.03,0.028,0.12,0.162,0.075,11.100000000000009,0.7459270192912241,0.4907144062091697,0.07868490277799628,-0.341890316105963
1641733,Nick Smith Jr.,LAL,2025-26,Scorer,Average,30,374.87666666666667,185,23,31,9,2,21,0.435,0.395,0.733,0.552,0.54,0.212,0.067,110.6,111.7,-1.1,1.48,0.009,0.054,0.127,0.032,13.700000000000003,-0.07497208663839405,-0.47863863820396957,-1.3314682720144715,-0.985977511486318
1629638,Nickeil Alexander-Walker,ATL,2025-26,Scorer,Elite,78,2603.1766666666667,1624,268,286,102,42,162,0.459,0.399,0.902,0.61,0.564,0.23,0.105,116.1,112.0,4.0,1.77,0.019,0.079,0.155,0.049,13.400000000000006,1.4261470029938632,0.6169769423699711,-0.4648163958369135,0.36470139938474233
1641730,Noah Clowney,BKN,2025-26,Scorer,Average,66,1780.0633333333333,809,273,108,50,45,102,0.396,0.329,0.804,0.554,0.498,0.202,0.072,109.7,118.3,-8.7,1.06,0.029,0.128,0.095,0.077,7.1000000000000085,0.31325509850787725,-0.3750673131012743,-0.09483918238753891,-0.5138915342101267
1626181,Norman Powell,MIA,2025-26,Scorer,Elite,58,1716.9366666666667,1261,202,143,64,14,111,0.47,0.38,0.827,0.609,0.558,0.262,0.113,114.7,114.1,0.6,1.29,0.012,0.097,0.123,0.054,11.300000000000011,1.392907830640862,-0.08898382344175254,-0.5762411108354204,-0.4357042019610969
1628384,OG Anunoby,NYK,2025-26,Scorer,Very Good,67,2223.8716666666664,1118,351,145,104,48,123,0.484,0.386,0.828,0.62,0.581,0.194,0.099,119.4,110.2,9.2,1.18,0.039,0.116,0.09,0.078,15.200000000000003,0.8548836512602191,-0.26700700084934453,0.124864001443033,0.5518873243689058
1630167,Obi Toppin,IND,2025-26,Scorer,Very Good,24,423.725,279,106,55,12,1,28,0.503,0.352,0.913,0.636,0.595,0.241,0.143,113.9,117.5,-3.6,1.96,0.03,0.206,0.193,0.12,7.900000000000006,0.6853829338240326,-0.019560926363314024,0.009851729241612428,-1.3057880019615695
1641765,Olivier-Maxence Prosper,MEM,2025-26,Scorer,Very Good,53,983.5916666666668,530,187,51,40,13,47,0.549,0.405,0.754,0.662,0.634,0.183,0.103,110.7,120.4,-9.7,1.09,0.057,0.127,0.077,0.091,5.0,0.5904592972175314,-0.6859274785030657,-0.14467458031722863,-1.0646488292955227
1631094,Paolo Banchero,ORL,2025-26,Scorer,Elite,72,2501.685,1599,604,373,51,40,222,0.459,0.305,0.775,0.566,0.496,0.274,0.138,114.0,114.1,-0.2,1.68,0.034,0.204,0.235,0.119,11.300000000000011,1.4786478976188286,1.3865223542067786,1.3184946096022403,-0.30734785607926646
1627783,Pascal Siakam,IND,2025-26,Scorer,Elite,62,2056.651666666666,1485,411,236,69,25,138,0.484,0.358,0.693,0.562,0.529,0.292,0.13,111.5,117.2,-5.6,1.71,0.041,0.151,0.19,0.095,8.200000000000003,1.5053354517521456,0.6296102429751607,0.5006408396425147,-0.45474477588919787
202331,Paul George,PHI,2025-26,Scorer,Very Good,37,1135.0316666666668,641,196,133,62,16,64,0.439,0.392,0.82,0.57,0.536,0.229,0.117,115.0,111.4,3.6,2.08,0.017,0.147,0.175,0.081,14.0,0.4812356729596074,0.16633723675056064,-0.24819071611104404,-0.2775543771979195
1631250,Pete Nance,MIL,2025-26,Scorer,Average,47,737.0983333333334,254,125,48,14,14,26,0.515,0.42,0.364,0.639,0.644,0.132,0.078,112.2,117.4,-5.2,1.85,0.038,0.135,0.092,0.086,8.0,-0.11342572587377986,-0.6127017524463221,-0.37288232402787735,-1.1476627765400529
1631212,Peyton Watson,DEN,2025-26,Scorer,Very Good,54,1597.7583333333334,789,264,111,50,61,93,0.491,0.411,0.73,0.594,0.56,0.204,0.087,123.7,117.6,6.2,1.19,0.033,0.127,0.096,0.083,7.800000000000011,0.542174532105413,-0.35841058579934226,-0.04228166381244457,-0.31088383762631433
1629656,Quentin Grimes,PHI,2025-26,Scorer,Very Good,75,2205.721666666667,1006,273,244,64,28,133,0.45,0.334,0.84,0.585,0.534,0.183,0.092,112.4,112.4,-0.1,1.83,0.02,0.096,0.159,0.058,13.0,0.49347590111132505,0.4849005201714327,-0.33689261417646443,-0.1941767583339279
1629628,RJ Barrett,TOR,2025-26,Scorer,Very Good,57,1725.76,1098,300,189,42,19,99,0.491,0.339,0.717,0.585,0.55,0.254,0.112,118.4,113.5,4.9,1.91,0.033,0.141,0.157,0.088,11.900000000000006,1.0795758293962991,0.27128219077299354,0.11693823672290676,-0.5778140615588957
1631199,Ron Harper Jr.,BOS,2025-26,Scorer,Average,29,317.52666666666664,123,48,22,10,9,8,0.418,0.35,0.75,0.55,0.545,0.158,0.086,111.6,109.0,2.7,2.75,0.043,0.101,0.1,0.072,16.400000000000006,-0.5264244242835857,-0.6634325001477791,-0.7555476352356278,-0.7461562778928413
1629060,Rui Hachimura,LAL,2025-26,Scorer,Average,68,1926.565,780,226,57,39,21,42,0.514,0.443,0.694,0.62,0.611,0.149,0.073,116.4,114.4,2.0,1.36,0.023,0.094,0.041,0.06,11.0,0.28171361944838264,-0.8660848506260563,-0.436122098999372,-0.6415424299122391
1630180,Saddiq Bey,NOP,2025-26,Scorer,Very Good,72,2245.575,1271,400,182,68,7,68,0.451,0.367,0.841,0.579,0.529,0.213,0.112,113.3,116.8,-3.6,2.68,0.051,0.12,0.12,0.085,8.600000000000009,0.8698896127281048,0.03767117812468819,0.3440571321753938,-0.623718620863014
1630573,Sam Hauser,BOS,2025-26,Scorer,Average,78,1934.15,719,300,114,38,23,35,0.419,0.393,0.85,0.59,0.584,0.141,0.08,119.8,111.0,8.8,3.26,0.028,0.118,0.077,0.073,14.400000000000006,0.007633592022379047,-0.45410692519575485,-0.07415657784729766,-0.4319029696760969
1630241,Sam Merrill,CLE,2025-26,Scorer,Very Good,52,1377.0733333333333,663,133,125,33,7,42,0.461,0.421,0.855,0.644,0.624,0.167,0.081,120.3,112.6,7.7,2.98,0.02,0.072,0.119,0.047,12.800000000000011,0.46632874045866646,-0.1776888805835103,-0.8485018132410866,-0.7395966884960208
1630572,Sandro Mamukelashvili,TOR,2025-26,Scorer,Very Good,80,1750.6916666666666,893,395,151,64,41,67,0.523,0.389,0.747,0.637,0.614,0.181,0.123,114.9,109.7,5.3,2.25,0.06,0.163,0.123,0.111,15.700000000000003,0.694656990233749,-0.0595462928630464,0.662021251178755,0.09598789633967197
1631101,Shaedon Sharpe,POR,2025-26,Scorer,Very Good,50,1471.3016666666667,1042,217,132,70,6,147,0.452,0.337,0.787,0.546,0.511,0.293,0.108,112.4,113.7,-1.3,0.9,0.032,0.104,0.151,0.068,11.700000000000003,1.1017063778295613,0.027833865390208913,-0.358085271814917,-0.430973866336005
1628983,Shai Gilgeous-Alexander,OKC,2025-26,Scorer,Elite,68,2258.9466666666667,2117,292,448,95,52,151,0.553,0.386,0.879,0.665,0.597,0.323,0.207,121.5,105.2,16.3,2.97,0.017,0.1,0.332,0.062,20.200000000000003,2.7769427494499594,2.20741157686912,-0.23551980386810306,0.7928782891839012
1631323,Simone Fontecchio,MIA,2025-26,Scorer,Average,70,1172.47,597,211,101,37,9,49,0.412,0.375,0.843,0.579,0.542,0.184,0.09,113.8,110.5,3.3,2.06,0.042,0.118,0.121,0.08,14.900000000000006,0.17154125289248734,-0.25476616564979426,-0.2211296916607452,-0.554531491132673
201939,Stephen Curry,GSW,2025-26,Scorer,Elite,43,1328.7283333333332,1142,154,203,49,17,121,0.468,0.393,0.923,0.637,0.587,0.308,0.146,117.6,114.8,2.8,1.68,0.013,0.1,0.245,0.057,10.600000000000009,1.803924296399507,0.8171513627584455,-0.6653843199373128,-0.6019005265612104
1629004,Svi Mykhailiuk,UTA,2025-26,Scorer,Average,50,1155.611666666667,469,124,93,26,3,42,0.478,0.408,0.893,0.626,0.613,0.143,0.074,114.9,117.9,-3.0,2.21,0.029,0.074,0.107,0.051,7.5,0.047818626517251626,-0.3628508429173416,-0.8214236032753529,-1.1639958628388587
1627752,Taurean Prince,MIL,2025-26,Scorer,Average,26,611.3033333333333,239,81,46,16,6,31,0.45,0.436,1.0,0.617,0.61,0.157,0.073,113.7,117.5,-3.8,1.48,0.007,0.125,0.102,0.067,7.900000000000006,-0.06701670469754673,-0.5638846017418263,-0.7316844134980751,-1.213755230192959
1630545,Terrence Shannon Jr.,MIN,2025-26,Scorer,Average,43,537.675,241,49,38,14,1,24,0.45,0.408,0.8,0.597,0.541,0.171,0.069,112.0,120.5,-8.5,1.58,0.018,0.074,0.102,0.045,4.900000000000006,-0.07743838198488613,-0.5933221323205324,-1.0968649228783305,-1.4613293012334534
203501,Tim Hardaway Jr.,DEN,2025-26,Scorer,Very Good,80,2127.3,1079,206,108,42,10,43,0.447,0.407,0.811,0.624,0.591,0.177,0.085,119.4,114.9,4.5,2.51,0.008,0.082,0.07,0.047,10.5,0.7251807926402322,-0.515508646474205,-0.6548051766335213,-0.7511277826558524
202699,Tobias Harris,DET,2025-26,Scorer,Average,63,1745.45,836,323,157,58,26,63,0.469,0.368,0.866,0.574,0.531,0.181,0.112,118.6,108.6,10.0,2.49,0.03,0.145,0.12,0.088,16.80000000000001,0.29334672036431936,-0.05432110493376849,0.17796594414720815,-0.05331209878183416
1641739,Toumani Camara,POR,2025-26,Scorer,Average,82,2731.2366666666667,1100,421,201,94,35,144,0.44,0.37,0.708,0.578,0.563,0.16,0.073,114.3,113.0,1.3,1.4,0.043,0.103,0.103,0.072,12.400000000000006,0.35287005979387853,0.012085206555522393,0.2341625764715206,0.15223357280723668
1642848,Tre Johnson,WAS,2025-26,Scorer,Average,60,1442.8166666666666,733,170,122,33,18,93,0.419,0.358,0.874,0.535,0.508,0.22,0.068,108.7,119.9,-11.2,1.31,0.018,0.093,0.122,0.055,5.5,0.28158326900740244,-0.17187499454577337,-0.6484095712080289,-1.0572137123235923
1630530,Trey Murphy III,NOP,2025-26,Scorer,Very Good,66,2340.6383333333333,1420,377,250,99,24,120,0.47,0.379,0.886,0.613,0.572,0.223,0.122,113.6,117.2,-3.6,2.08,0.026,0.131,0.16,0.078,8.200000000000003,1.2449418550832059,0.5125963214403796,0.19385184461833022,-0.1540213517429124
1641774,Tristan Vukcevic,WAS,2025-26,Scorer,Very Good,49,670.98,441,147,55,23,33,62,0.479,0.347,0.784,0.603,0.558,0.259,0.11,103.5,118.5,-15.1,0.89,0.046,0.162,0.133,0.104,6.900000000000006,0.7452990432335292,-0.35662012645834773,-0.08519421770299593,-0.9268088365913201
1641783,Tristan da Silva,ORL,2025-26,Scorer,Average,77,1899.4566666666667,762,284,124,68,25,69,0.45,0.374,0.884,0.576,0.547,0.16,0.085,113.2,111.6,1.6,1.8,0.03,0.115,0.092,0.073,13.800000000000011,0.09768664847212204,-0.3330452119486137,-0.1166106351859421,-0.136079958550295
1629639,Tyler Herro,MIA,2025-26,Scorer,Very Good,33,1032.6533333333334,677,158,136,23,12,64,0.48,0.378,0.917,0.602,0.561,0.248,0.122,114.4,116.4,-2.0,2.13,0.013,0.129,0.199,0.071,9.0,0.8292473522058339,0.312199990755589,-0.47641564533712766,-1.0158907630518879
1630623,Tyson Etienne,BKN,2025-26,Scorer,Average,24,380.01666666666665,189,27,40,11,0,16,0.4,0.398,0.833,0.588,0.548,0.198,0.071,105.6,117.8,-12.2,2.5,0.013,0.06,0.17,0.036,7.6000000000000085,0.031257063480372015,-0.20396232290148425,-1.2698961404610891,-1.3438932314178045
1630249,Vít Krejčí,POR,2025-26,Scorer,Average,65,1392.1,550,148,100,47,18,41,0.448,0.39,0.745,0.609,0.597,0.142,0.068,110.0,111.1,-1.1,2.44,0.02,0.081,0.099,0.05,14.300000000000011,0.0017130924773284633,-0.3820342303403115,-0.7704821715720664,-0.395113490751602
1642954,Will Richard,GSW,2025-26,Scorer,Average,69,1376.805,441,172,93,80,9,53,0.468,0.335,0.852,0.596,0.571,0.123,0.063,110.3,113.6,-3.3,1.75,0.045,0.078,0.094,0.061,11.800000000000011,-0.2903092709345168,-0.43588033627126554,-0.5666648882126166,-0.2911323774387173
1642860,Will Riley,WAS,2025-26,Scorer,Average,74,1632.4716666666666,764,212,146,54,9,94,0.439,0.316,0.8,0.548,0.502,0.196,0.08,107.3,121.4,-14.1,1.55,0.033,0.097,0.131,0.064,4.0,0.20257528697963267,-0.033003522795399864,-0.42231078195196464,-1.0188142792209482
1642258,Zaccharie Risacher,ATL,2025-26,Scorer,Average,67,1503.253333333333,641,257,76,59,36,58,0.455,0.368,0.644,0.557,0.544,0.168,0.07,112.8,112.6,0.2,1.31,0.044,0.121,0.068,0.081,12.800000000000011,-0.03964170359850342,-0.6444940754588641,-0.08633462250746213,-0.17679479601080728
203897,Zach LaVine,SAC,2025-26,Scorer,Very Good,39,1224.263333333333,748,108,89,28,10,74,0.479,0.39,0.88,0.614,0.569,0.234,0.096,109.3,121.9,-12.6,1.2,0.006,0.083,0.111,0.044,3.5,0.8465726118871114,-0.3550989948670257,-0.9530552407467594,-1.3074695891387373
1630533,Ziaire Williams,BKN,2025-26,Scorer,Average,56,1281.2666666666669,573,134,60,76,21,59,0.425,0.343,0.85,0.579,0.524,0.179,0.079,103.1,113.2,-10.1,1.02,0.022,0.084,0.076,0.052,12.200000000000003,0.11763126820985266,-0.6584279099369386,-0.7821501631340199,-0.18766639113529424
1629627,Zion Williamson,NOP,2025-26,Scorer,Elite,62,1841.0633333333333,1302,353,199,60,34,126,0.6,0.25,0.716,0.644,0.6,0.25,0.141,113.0,114.9,-1.9,1.58,0.064,0.116,0.174,0.09,10.5,1.5347429191588506,0.40357921068996905,0.2830466102665271,-0.32180411369249695
